# log(age) Mini Mact logl logt logg Composition Phase
    6.00    0.80000000   0.8000  -0.5908   3.6873   4.6340   0.0000   0.0000
    6.00    0.91000000   0.9100  -0.3270   3.7277   4.5880   0.0000   0.0000
    6.00    1.03500000   1.0350  -0.0605   3.7635   4.5200   0.0000   0.0000
    6.00    1.17700000   1.1770   0.1887   3.7921   4.4410   0.0000   0.0000
    6.00    1.33900000   1.3390   0.4395   3.8200   4.3580   0.0000   0.0000
    6.00    1.52300000   1.5230   0.6945   3.8578   4.3110   0.0000   0.0000
    6.00    1.73200000   1.7320   0.9395   3.9054   4.3460   0.0000   0.0000
    6.00    1.97000000   1.9700   1.1740   3.9552   4.3660   0.0000   0.0000
    6.00    2.24100000   2.2410   1.3974   3.9992   4.3730   0.0000   0.0000
    6.00    2.54900000   2.5490   1.6183   4.0418   4.3770   0.0000   0.0000
    6.00    2.89900000   2.8990   1.8341   4.0809   4.3730   0.0000   0.0000
    6.00    3.29700000   3.2970   2.0448   4.1180   4.3670   0.0000   0.0000
    6.00    3.75100000   3.7510   2.2535   4.1546   4.3600   0.0000   0.0000
    6.00    4.26600000   4.2660   2.4582   4.1904   4.3540   0.0000   0.0000
    6.00    4.85200000   4.8520   2.6589   4.2256   4.3490   0.0000   0.0000
    6.00    5.51900000   5.5190   2.8546   4.2589   4.3420   0.0000   0.0000
    6.00    6.27700000   6.2770   3.0489   4.2916   4.3340   0.0000   0.0000
    6.00    7.14000000   7.1400   3.2419   4.3240   4.3260   0.0000   0.0000
    6.00    8.12100000   8.1210   3.4277   4.3545   4.3170   0.0000   0.0000
    6.00    9.23700000   9.2370   3.6143   4.3843   4.3050   0.0000   0.0000
    6.00   10.50600000  10.5050   3.7961   4.4131   4.2930   0.0000   0.0000
    6.00   11.95000000  11.9480   3.9716   4.4403   4.2810   0.0000   0.0000
    6.00   13.59200000  13.5860   4.1435   4.4659   4.2670   0.0000   0.0000
    6.00   15.45900000  15.4480   4.3093   4.4902   4.2540   0.0000   0.0000
    6.00   17.58400000  17.5660   4.4700   4.5126   4.2390   0.0000   0.0000
    6.00   20.00000000  19.9730   4.6311   4.5349   4.2230   0.0000   0.0000
    6.00   22.74800000  22.6930   4.7801   4.5546   4.2080   0.0000   0.0000
    6.00   25.87400000  25.7750   4.9275   4.5736   4.1920   0.0000   0.0000
    6.00   29.42900000  29.2540   5.0673   4.5906   4.1750   0.0000   0.0000
    6.00   33.47300000  33.1740   5.2007   4.6055   4.1570   0.0000   0.0000
    6.00   38.07300000  37.5840   5.3293   4.6193   4.1370   0.0000   0.0000
    6.00   43.30500000  42.5340   5.4499   4.6313   4.1170   0.0000   0.0000
    6.00   49.25500000  48.0810   5.5652   4.6424   4.0970   0.0000   0.0000
    6.00   56.02400000  54.2910   5.6803   4.6533   4.0770   0.0000   0.0000
    6.00   63.72200000  61.2230   5.7892   4.6631   4.0580   0.0000   0.0000
    6.00   72.47800000  68.9560   5.8910   4.6718   4.0400   0.0000   0.0000
    6.00   82.43700000  77.5630   5.9925   4.6812   4.0250   0.0000   0.0000
    6.00   93.76500000  87.1870   6.0879   4.6911   4.0180   0.0000   0.0000
    6.00  106.64900000  97.8780   6.1807   4.7016   4.0150   0.0000   0.0000
    6.00  121.30400000 109.6960   6.2724   4.7122   4.0130   0.0000   0.0000
    6.00  137.97300000 122.8850   6.3564   4.7189   4.0040   0.0000   0.0000
    6.00  156.93200000 137.5540   6.4378   4.7241   3.9910   0.0000   0.0000
    6.00  178.49600000 153.9240   6.5160   4.7263   3.9690   0.0000   0.0000
    6.00  203.02400000 172.0260   6.5928   4.7278   3.9460   0.0000   0.0000
    6.00  230.92200000 192.1200   6.6639   4.7239   3.9070   0.0000   0.0000
    6.00  262.65300000 214.2210   6.7342   4.7190   3.8640   0.0000   0.0000
    6.00  298.74400000 238.4170   6.8034   4.7127   3.8160   0.0000   0.0000
    6.00  339.79500000 265.3570   6.8664   4.7001   3.7490   0.0000   0.0000
    6.00  386.48700000 294.9850   6.9284   4.6867   3.6790   0.0000   0.0000
    6.00  439.59500000 327.4810   6.9899   4.6720   3.6040   0.0000   0.0000
    6.00  500.00000000 363.0370   7.0508   4.6569   3.5280   0.0000   0.0000
# log(age) Mini Mact logl logt logg Composition Phase
    6.05    0.80000000   0.8000  -0.5908   3.6873   4.6340   0.0000   0.0000
    6.05    0.91000000   0.9100  -0.3270   3.7277   4.5880   0.0000   0.0000
    6.05    1.03500000   1.0350  -0.0605   3.7635   4.5200   0.0000   0.0000
    6.05    1.17700000   1.1770   0.1887   3.7921   4.4410   0.0000   0.0000
    6.05    1.33900000   1.3390   0.4396   3.8200   4.3580   0.0000   0.0000
    6.05    1.52300000   1.5230   0.6946   3.8578   4.3110   0.0000   0.0000
    6.05    1.73200000   1.7320   0.9395   3.9054   4.3460   0.0000   0.0000
    6.05    1.97000000   1.9700   1.1740   3.9552   4.3660   0.0000   0.0000
    6.05    2.24100000   2.2410   1.3974   3.9992   4.3730   0.0000   0.0000
    6.05    2.54900000   2.5490   1.6183   4.0418   4.3770   0.0000   0.0000
    6.05    2.89900000   2.8990   1.8341   4.0809   4.3730   0.0000   0.0000
    6.05    3.29700000   3.2970   2.0448   4.1180   4.3670   0.0000   0.0000
    6.05    3.75100000   3.7510   2.2535   4.1545   4.3600   0.0000   0.0000
    6.05    4.26600000   4.2660   2.4582   4.1904   4.3540   0.0000   0.0000
    6.05    4.85200000   4.8520   2.6589   4.2256   4.3490   0.0000   0.0000
    6.05    5.51900000   5.5190   2.8546   4.2589   4.3420   0.0000   0.0000
    6.05    6.27700000   6.2770   3.0490   4.2916   4.3340   0.0000   0.0000
    6.05    7.14000000   7.1400   3.2419   4.3240   4.3260   0.0000   0.0000
    6.05    8.12100000   8.1210   3.4285   4.3542   4.3150   0.0000   0.0000
    6.05    9.23700000   9.2370   3.6152   4.3841   4.3020   0.0000   0.0000
    6.05   10.50600000  10.5050   3.7973   4.4128   4.2900   0.0000   0.0000
    6.05   11.95000000  11.9480   3.9731   4.4399   4.2780   0.0000   0.0000
    6.05   13.59200000  13.5860   4.1456   4.4654   4.2630   0.0000   0.0000
    6.05   15.45900000  15.4470   4.3121   4.4897   4.2490   0.0000   0.0000
    6.05   17.58400000  17.5640   4.4731   4.5121   4.2340   0.0000   0.0000
    6.05   20.00000000  19.9690   4.6348   4.5344   4.2170   0.0000   0.0000
    6.05   22.74800000  22.6870   4.7843   4.5540   4.2020   0.0000   0.0000
    6.05   25.87400000  25.7620   4.9324   4.5730   4.1850   0.0000   0.0000
    6.05   29.42900000  29.2310   5.0727   4.5897   4.1660   0.0000   0.0000
    6.05   33.47300000  33.1340   5.2065   4.6046   4.1470   0.0000   0.0000
    6.05   38.07300000  37.5190   5.3354   4.6182   4.1250   0.0000   0.0000
    6.05   43.30500000  42.4290   5.4562   4.6301   4.1040   0.0000   0.0000
    6.05   49.25500000  47.9180   5.5718   4.6410   4.0830   0.0000   0.0000
    6.05   56.02400000  54.0460   5.6871   4.6519   4.0620   0.0000   0.0000
    6.05   63.72200000  60.8680   5.7960   4.6620   4.0430   0.0000   0.0000
    6.05   72.47800000  68.4550   5.8978   4.6714   4.0270   0.0000   0.0000
    6.05   82.43700000  76.8660   5.9993   4.6816   4.0140   0.0000   0.0000
    6.05   93.76500000  86.2580   6.0945   4.6922   4.0090   0.0000   0.0000
    6.05  106.64900000  96.6460   6.1875   4.7033   4.0080   0.0000   0.0000
    6.05  121.30400000 108.0760   6.2788   4.7154   4.0120   0.0000   0.0000
    6.05  137.97300000 120.8150   6.3617   4.7217   4.0010   0.0000   0.0000
    6.05  156.93200000 134.9230   6.4424   4.7260   3.9850   0.0000   0.0000
    6.05  178.49600000 150.5830   6.5198   4.7279   3.9620   0.0000   0.0000
    6.05  203.02400000 167.8110   6.5954   4.7287   3.9360   0.0000   0.0000
    6.05  230.92200000 186.8070   6.6653   4.7234   3.8910   0.0000   0.0000
    6.05  262.65300000 207.5320   6.7340   4.7175   3.8440   0.0000   0.0000
    6.05  298.74400000 230.0130   6.8016   4.7108   3.7950   0.0000   0.0000
    6.05  339.79500000 255.0100   6.8630   4.6962   3.7190   0.0000   0.0000
    6.05  386.48700000 282.3140   6.9234   4.6805   3.6400   0.0000   0.0000
    6.05  439.59500000 312.0360   6.9831   4.6641   3.5580   0.0000   0.0000
    6.05  500.00000000 344.2960   7.0419   4.6483   3.4790   0.0000   9.0000
# log(age) Mini Mact logl logt logg Composition Phase
    6.10    0.80000000   0.8000  -0.5908   3.6873   4.6340   0.0000   0.0000
    6.10    0.91000000   0.9100  -0.3269   3.7277   4.5880   0.0000   0.0000
    6.10    1.03500000   1.0350  -0.0604   3.7635   4.5200   0.0000   0.0000
    6.10    1.17700000   1.1770   0.1887   3.7921   4.4410   0.0000   0.0000
    6.10    1.33900000   1.3390   0.4396   3.8200   4.3580   0.0000   0.0000
    6.10    1.52300000   1.5230   0.6946   3.8579   4.3110   0.0000   0.0000
    6.10    1.73200000   1.7320   0.9395   3.9054   4.3460   0.0000   0.0000
    6.10    1.97000000   1.9700   1.1740   3.9552   4.3660   0.0000   0.0000
    6.10    2.24100000   2.2410   1.3974   3.9992   4.3730   0.0000   0.0000
    6.10    2.54900000   2.5490   1.6183   4.0418   4.3770   0.0000   0.0000
    6.10    2.89900000   2.8990   1.8341   4.0809   4.3730   0.0000   0.0000
    6.10    3.29700000   3.2970   2.0448   4.1180   4.3660   0.0000   0.0000
    6.10    3.75100000   3.7510   2.2535   4.1545   4.3590   0.0000   0.0000
    6.10    4.26600000   4.2660   2.4582   4.1904   4.3540   0.0000   0.0000
    6.10    4.85200000   4.8520   2.6589   4.2256   4.3490   0.0000   0.0000
    6.10    5.51900000   5.5190   2.8546   4.2589   4.3420   0.0000   0.0000
    6.10    6.27700000   6.2770   3.0490   4.2916   4.3340   0.0000   0.0000
    6.10    7.14000000   7.1400   3.2421   4.3239   4.3250   0.0000   0.0000
    6.10    8.12100000   8.1210   3.4294   4.3540   4.3120   0.0000   0.0000
    6.10    9.23700000   9.2370   3.6161   4.3838   4.3000   0.0000   0.0000
    6.10   10.50600000  10.5050   3.7989   4.4123   4.2860   0.0000   0.0000
    6.10   11.95000000  11.9470   3.9751   4.4394   4.2740   0.0000   0.0000
    6.10   13.59200000  13.5850   4.1478   4.4649   4.2590   0.0000   0.0000
    6.10   15.45900000  15.4460   4.3151   4.4892   4.2440   0.0000   0.0000
    6.10   17.58400000  17.5620   4.4766   4.5115   4.2280   0.0000   0.0000
    6.10   20.00000000  19.9660   4.6390   4.5338   4.2110   0.0000   0.0000
    6.10   22.74800000  22.6790   4.7891   4.5533   4.1940   0.0000   0.0000
    6.10   25.87400000  25.7480   4.9379   4.5723   4.1760   0.0000   0.0000
    6.10   29.42900000  29.2040   5.0788   4.5889   4.1570   0.0000   0.0000
    6.10   33.47300000  33.0890   5.2131   4.6036   4.1350   0.0000   0.0000
    6.10   38.07300000  37.4420   5.3425   4.6169   4.1120   0.0000   0.0000
    6.10   43.30500000  42.3060   5.4636   4.6286   4.0890   0.0000   0.0000
    6.10   49.25500000  47.7290   5.5793   4.6394   4.0670   0.0000   0.0000
    6.10   56.02400000  53.7610   5.6948   4.6505   4.0460   0.0000   0.0000
    6.10   63.72200000  60.4540   5.8038   4.6611   4.0270   0.0000   0.0000
    6.10   72.47800000  67.8660   5.9056   4.6712   4.0130   0.0000   0.0000
    6.10   82.43700000  76.0510   6.0071   4.6824   4.0040   0.0000   0.0000
    6.10   93.76500000  85.1630   6.1024   4.6939   4.0010   0.0000   0.0000
    6.10  106.64900000  95.2040   6.1952   4.7065   4.0050   0.0000   0.0000
    6.10  121.30400000 106.1880   6.2853   4.7193   4.0120   0.0000   0.0000
    6.10  137.97300000 118.4000   6.3679   4.7245   3.9960   0.0000   0.0000
    6.10  156.93200000 131.8370   6.4480   4.7287   3.9790   0.0000   0.0000
    6.10  178.49600000 146.6740   6.5238   4.7298   3.9530   0.0000   0.0000
    6.10  203.02400000 162.8700   6.5980   4.7293   3.9220   0.0000   0.0000
    6.10  230.92200000 180.5640   6.6663   4.7229   3.8730   0.0000   0.0000
    6.10  262.65300000 199.6490   6.7334   4.7157   3.8210   0.0000   0.0000
    6.10  298.74400000 220.1050   6.7991   4.7076   3.7650   0.0000   0.0000
    6.10  339.79500000 242.8560   6.8584   4.6913   3.6830   0.0000   9.0000
    6.10  386.48700000 267.4930   6.9167   4.6728   3.5930   0.0000   9.0000
    6.10  439.59500000 294.0870   6.9742   4.6530   3.4970   0.0000   9.0000
    6.10  500.00000000 322.7110   7.0307   4.6295   3.3870   0.0000   9.0000
# log(age) Mini Mact logl logt logg Composition Phase
    6.15    0.80000000   0.8000  -0.5908   3.6873   4.6340   0.0000   0.0000
    6.15    0.91000000   0.9100  -0.3269   3.7277   4.5880   0.0000   0.0000
    6.15    1.03500000   1.0350  -0.0604   3.7635   4.5200   0.0000   0.0000
    6.15    1.17700000   1.1770   0.1888   3.7921   4.4410   0.0000   0.0000
    6.15    1.33900000   1.3390   0.4396   3.8200   4.3580   0.0000   0.0000
    6.15    1.52300000   1.5230   0.6946   3.8579   4.3110   0.0000   0.0000
    6.15    1.73200000   1.7320   0.9396   3.9054   4.3460   0.0000   0.0000
    6.15    1.97000000   1.9700   1.1740   3.9552   4.3660   0.0000   0.0000
    6.15    2.24100000   2.2410   1.3974   3.9992   4.3730   0.0000   0.0000
    6.15    2.54900000   2.5490   1.6183   4.0418   4.3770   0.0000   0.0000
    6.15    2.89900000   2.8990   1.8341   4.0808   4.3730   0.0000   0.0000
    6.15    3.29700000   3.2970   2.0448   4.1180   4.3660   0.0000   0.0000
    6.15    3.75100000   3.7510   2.2535   4.1545   4.3590   0.0000   0.0000
    6.15    4.26600000   4.2660   2.4582   4.1904   4.3540   0.0000   0.0000
    6.15    4.85200000   4.8520   2.6589   4.2255   4.3490   0.0000   0.0000
    6.15    5.51900000   5.5190   2.8547   4.2588   4.3420   0.0000   0.0000
    6.15    6.27700000   6.2770   3.0490   4.2916   4.3330   0.0000   0.0000
    6.15    7.14000000   7.1400   3.2430   4.3237   4.3230   0.0000   0.0000
    6.15    8.12100000   8.1210   3.4303   4.3537   4.3100   0.0000   0.0000
    6.15    9.23700000   9.2370   3.6172   4.3834   4.2970   0.0000   0.0000
    6.15   10.50600000  10.5050   3.8004   4.4119   4.2830   0.0000   0.0000
    6.15   11.95000000  11.9470   3.9773   4.4389   4.2690   0.0000   0.0000
    6.15   13.59200000  13.5840   4.1507   4.4644   4.2540   0.0000   0.0000
    6.15   15.45900000  15.4440   4.3186   4.4887   4.2390   0.0000   0.0000
    6.15   17.58400000  17.5590   4.4807   4.5110   4.2220   0.0000   0.0000
    6.15   20.00000000  19.9620   4.6438   4.5332   4.2040   0.0000   0.0000
    6.15   22.74800000  22.6700   4.7947   4.5527   4.1860   0.0000   0.0000
    6.15   25.87400000  25.7310   4.9443   4.5715   4.1670   0.0000   0.0000
    6.15   29.42900000  29.1740   5.0859   4.5877   4.1440   0.0000   0.0000
    6.15   33.47300000  33.0350   5.2207   4.6024   4.1220   0.0000   0.0000
    6.15   38.07300000  37.3530   5.3505   4.6153   4.0970   0.0000   0.0000
    6.15   43.30500000  42.1620   5.4721   4.6269   4.0720   0.0000   0.0000
    6.15   49.25500000  47.5060   5.5880   4.6379   4.0500   0.0000   0.0000
    6.15   56.02400000  53.4270   5.7037   4.6490   4.0270   0.0000   0.0000
    6.15   63.72200000  59.9640   5.8128   4.6602   4.0100   0.0000   0.0000
    6.15   72.47800000  67.1780   5.9147   4.6714   3.9990   0.0000   0.0000
    6.15   82.43700000  75.0930   6.0163   4.6841   3.9940   0.0000   0.0000
    6.15   93.76500000  83.8780   6.1117   4.6969   3.9960   0.0000   0.0000
    6.15  106.64900000  93.5090   6.2037   4.7105   4.0030   0.0000   0.0000
    6.15  121.30400000 103.9770   6.2931   4.7221   4.0050   0.0000   0.0000
    6.15  137.97300000 115.5560   6.3749   4.7277   3.9910   0.0000   0.0000
    6.15  156.93200000 128.2040   6.4536   4.7312   3.9710   0.0000   0.0000
    6.15  178.49600000 142.0590   6.5279   4.7309   3.9400   0.0000   0.0000
    6.15  203.02400000 157.0140   6.6004   4.7287   3.9010   0.0000   0.0000
    6.15  230.92200000 173.1300   6.6669   4.7209   3.8460   0.0000   9.0000
    6.15  262.65300000 190.2520   6.7319   4.7137   3.7930   0.0000   9.0000
    6.15  298.74400000 208.3030   6.7951   4.7032   3.7270   0.0000   9.0000
    6.15  339.79500000 228.5080   6.8523   4.6857   3.6400   0.0000   9.0000
    6.15  386.48700000 250.1950   6.9081   4.6616   3.5280   0.0000   9.0000
    6.15  439.59500000 273.3500   6.9630   4.6385   3.4190   0.0000   9.0000
    6.15  500.00000000 298.0430   7.0168   4.3420   3.2800   0.0000   0.0000
# log(age) Mini Mact logl logt logg Composition Phase
    6.20    0.80000000   0.8000  -0.5908   3.6873   4.6340   0.0000   0.0000
    6.20    0.91000000   0.9100  -0.3269   3.7277   4.5880   0.0000   0.0000
    6.20    1.03500000   1.0350  -0.0604   3.7635   4.5200   0.0000   0.0000
    6.20    1.17700000   1.1770   0.1888   3.7921   4.4410   0.0000   0.0000
    6.20    1.33900000   1.3390   0.4396   3.8200   4.3580   0.0000   0.0000
    6.20    1.52300000   1.5230   0.6946   3.8579   4.3110   0.0000   0.0000
    6.20    1.73200000   1.7320   0.9396   3.9055   4.3460   0.0000   0.0000
    6.20    1.97000000   1.9700   1.1740   3.9552   4.3660   0.0000   0.0000
    6.20    2.24100000   2.2410   1.3974   3.9992   4.3730   0.0000   0.0000
    6.20    2.54900000   2.5490   1.6183   4.0418   4.3770   0.0000   0.0000
    6.20    2.89900000   2.8990   1.8341   4.0808   4.3730   0.0000   0.0000
    6.20    3.29700000   3.2970   2.0448   4.1180   4.3660   0.0000   0.0000
    6.20    3.75100000   3.7510   2.2535   4.1545   4.3590   0.0000   0.0000
    6.20    4.26600000   4.2660   2.4582   4.1904   4.3540   0.0000   0.0000
    6.20    4.85200000   4.8520   2.6589   4.2255   4.3490   0.0000   0.0000
    6.20    5.51900000   5.5190   2.8547   4.2588   4.3410   0.0000   0.0000
    6.20    6.27700000   6.2770   3.0490   4.2916   4.3330   0.0000   0.0000
    6.20    7.14000000   7.1400   3.2438   4.3234   4.3200   0.0000   0.0000
    6.20    8.12100000   8.1210   3.4311   4.3534   4.3080   0.0000   0.0000
    6.20    9.23700000   9.2370   3.6187   4.3830   4.2940   0.0000   0.0000
    6.20   10.50600000  10.5050   3.8022   4.4114   4.2790   0.0000   0.0000
    6.20   11.95000000  11.9470   3.9798   4.4383   4.2650   0.0000   0.0000
    6.20   13.59200000  13.5830   4.1537   4.4639   4.2490   0.0000   0.0000
    6.20   15.45900000  15.4420   4.3225   4.4881   4.2320   0.0000   0.0000
    6.20   17.58400000  17.5560   4.4853   4.5104   4.2150   0.0000   0.0000
    6.20   20.00000000  19.9570   4.6493   4.5326   4.1960   0.0000   0.0000
    6.20   22.74800000  22.6600   4.8011   4.5520   4.1770   0.0000   0.0000
    6.20   25.87400000  25.7120   4.9516   4.5705   4.1550   0.0000   0.0000
    6.20   29.42900000  29.1380   5.0939   4.5865   4.1310   0.0000   0.0000
    6.20   33.47300000  32.9730   5.2293   4.6008   4.1060   0.0000   0.0000
    6.20   38.07300000  37.2480   5.3598   4.6136   4.0790   0.0000   0.0000
    6.20   43.30500000  41.9930   5.4817   4.6250   4.0530   0.0000   0.0000
    6.20   49.25500000  47.2410   5.5980   4.6360   4.0290   0.0000   0.0000
    6.20   56.02400000  53.0290   5.7140   4.6477   4.0070   0.0000   0.0000
    6.20   63.72200000  59.3880   5.8239   4.6600   3.9920   0.0000   0.0000
    6.20   72.47800000  66.3610   5.9260   4.6727   3.9860   0.0000   0.0000
    6.20   82.43700000  73.9520   6.0273   4.6870   3.9860   0.0000   0.0000
    6.20   93.76500000  82.3540   6.1223   4.7014   3.9940   0.0000   0.0000
    6.20  106.64900000  91.5010   6.2135   4.7143   3.9980   0.0000   0.0000
    6.20  121.30400000 101.3490   6.3022   4.7264   4.0020   0.0000   0.0000
    6.20  137.97300000 112.1810   6.3825   4.7312   3.9840   0.0000   0.0000
    6.20  156.93200000 123.8830   6.4596   4.7333   3.9580   0.0000   0.0000
    6.20  178.49600000 136.5370   6.5322   4.7308   3.9180   0.0000   9.0000
    6.20  203.02400000 149.9530   6.6027   4.7265   3.8700   0.0000   9.0000
    6.20  230.92200000 164.1670   6.6668   4.7193   3.8170   0.0000   9.0000
    6.20  262.65300000 178.9710   6.7289   4.7098   3.7540   0.0000   9.0000
    6.20  298.74400000 194.1710   6.7886   4.4205   3.6870   0.0000   9.0000
    6.20  339.79500000 211.5200   6.8428   4.3919   3.5600   0.0000   0.0000
    6.20  386.48700000 230.0520   6.8963   4.3664   3.4240   0.0000   0.0000
    6.20  439.59500000 249.8270   6.9490   4.3400   3.2720   0.0000   0.0000
    6.20  500.00000000 271.0330   7.0017   4.3136   3.1050   0.0000   0.0000
# log(age) Mini Mact logl logt logg Composition Phase
    6.25    0.80000000   0.8000  -0.5908   3.6873   4.6340   0.0000   0.0000
    6.25    0.91000000   0.9100  -0.3269   3.7277   4.5880   0.0000   0.0000
    6.25    1.03500000   1.0350  -0.0604   3.7635   4.5200   0.0000   0.0000
    6.25    1.17700000   1.1770   0.1888   3.7921   4.4410   0.0000   0.0000
    6.25    1.33900000   1.3390   0.4397   3.8200   4.3580   0.0000   0.0000
    6.25    1.52300000   1.5230   0.6947   3.8579   4.3110   0.0000   0.0000
    6.25    1.73200000   1.7320   0.9396   3.9055   4.3460   0.0000   0.0000
    6.25    1.97000000   1.9700   1.1740   3.9552   4.3660   0.0000   0.0000
    6.25    2.24100000   2.2410   1.3974   3.9992   4.3730   0.0000   0.0000
    6.25    2.54900000   2.5490   1.6183   4.0418   4.3770   0.0000   0.0000
    6.25    2.89900000   2.8990   1.8341   4.0808   4.3730   0.0000   0.0000
    6.25    3.29700000   3.2970   2.0448   4.1180   4.3660   0.0000   0.0000
    6.25    3.75100000   3.7510   2.2535   4.1545   4.3590   0.0000   0.0000
    6.25    4.26600000   4.2660   2.4582   4.1904   4.3530   0.0000   0.0000
    6.25    4.85200000   4.8520   2.6589   4.2255   4.3490   0.0000   0.0000
    6.25    5.51900000   5.5190   2.8547   4.2588   4.3410   0.0000   0.0000
    6.25    6.27700000   6.2770   3.0497   4.2913   4.3310   0.0000   0.0000
    6.25    7.14000000   7.1400   3.2447   4.3231   4.3180   0.0000   0.0000
    6.25    8.12100000   8.1210   3.4320   4.3531   4.3050   0.0000   0.0000
    6.25    9.23700000   9.2370   3.6203   4.3826   4.2900   0.0000   0.0000
    6.25   10.50600000  10.5050   3.8044   4.4109   4.2750   0.0000   0.0000
    6.25   11.95000000  11.9460   3.9826   4.4378   4.2600   0.0000   0.0000
    6.25   13.59200000  13.5820   4.1571   4.4633   4.2430   0.0000   0.0000
    6.25   15.45900000  15.4400   4.3269   4.4875   4.2260   0.0000   0.0000
    6.25   17.58400000  17.5520   4.4906   4.5097   4.2070   0.0000   0.0000
    6.25   20.00000000  19.9510   4.6556   4.5319   4.1870   0.0000   0.0000
    6.25   22.74800000  22.6480   4.8084   4.5512   4.1660   0.0000   0.0000
    6.25   25.87400000  25.6890   4.9600   4.5694   4.1420   0.0000   0.0000
    6.25   29.42900000  29.0960   5.1030   4.5852   4.1160   0.0000   0.0000
    6.25   33.47300000  32.9000   5.2393   4.5992   4.0890   0.0000   0.0000
    6.25   38.07300000  37.1250   5.3704   4.6115   4.0580   0.0000   0.0000
    6.25   43.30500000  41.7920   5.4929   4.6228   4.0300   0.0000   0.0000
    6.25   49.25500000  46.9280   5.6097   4.6342   4.0060   0.0000   0.0000
    6.25   56.02400000  52.5520   5.7268   4.6472   3.9870   0.0000   0.0000
    6.25   63.72200000  58.6920   5.8365   4.6608   3.9750   0.0000   0.0000
    6.25   72.47800000  65.3770   5.9385   4.6753   3.9750   0.0000   0.0000
    6.25   82.43700000  72.5860   6.0399   4.6920   3.9840   0.0000   0.0000
    6.25   93.76500000  80.5270   6.1340   4.7064   3.9910   0.0000   0.0000
    6.25  106.64900000  89.0940   6.2248   4.7195   3.9950   0.0000   0.0000
    6.25  121.30400000  98.2010   6.3121   4.7309   3.9950   0.0000   0.0000
    6.25  137.97300000 108.1290   6.3906   4.7341   3.9710   0.0000   0.0000
    6.25  156.93200000 118.6660   6.4657   4.7340   3.9360   0.0000   9.0000
    6.25  178.49600000 129.8040   6.5362   4.7296   3.8870   0.0000   9.0000
    6.25  203.02400000 141.3170   6.6039   4.7135   3.8330   0.0000   9.0000
    6.25  230.92200000 153.2130   6.6644   4.4473   3.7640   0.0000   9.0000
    6.25  262.65300000 165.1550   6.7221   4.4265   3.6930   0.0000   9.0000
    6.25  298.74400000 176.9090   6.7771   4.4053   3.6140   0.0000   9.0000
    6.25  339.79500000 191.4320   6.8295   4.3762   3.4460   0.0000   0.0000
    6.25  386.48700000 206.8160   6.8811   4.3362   3.2470   0.0000   0.0000
    6.25  439.59500000 222.2770   6.9305   4.2900   3.0230   0.0000   0.0000
    6.25  500.00000000 237.0840   6.9757   4.2447   2.8150   0.0000   0.0000
# log(age) Mini Mact logl logt logg Composition Phase
    6.30    0.80000000   0.8000  -0.5908   3.6873   4.6340   0.0000   0.0000
    6.30    0.91000000   0.9100  -0.3269   3.7277   4.5880   0.0000   0.0000
    6.30    1.03500000   1.0350  -0.0603   3.7635   4.5200   0.0000   0.0000
    6.30    1.17700000   1.1770   0.1888   3.7921   4.4410   0.0000   0.0000
    6.30    1.33900000   1.3390   0.4397   3.8200   4.3580   0.0000   0.0000
    6.30    1.52300000   1.5230   0.6947   3.8579   4.3110   0.0000   0.0000
    6.30    1.73200000   1.7320   0.9396   3.9055   4.3460   0.0000   0.0000
    6.30    1.97000000   1.9700   1.1741   3.9552   4.3650   0.0000   0.0000
    6.30    2.24100000   2.2410   1.3974   3.9992   4.3730   0.0000   0.0000
    6.30    2.54900000   2.5490   1.6183   4.0418   4.3770   0.0000   0.0000
    6.30    2.89900000   2.8990   1.8341   4.0808   4.3720   0.0000   0.0000
    6.30    3.29700000   3.2970   2.0448   4.1180   4.3660   0.0000   0.0000
    6.30    3.75100000   3.7510   2.2535   4.1545   4.3590   0.0000   0.0000
    6.30    4.26600000   4.2660   2.4582   4.1903   4.3530   0.0000   0.0000
    6.30    4.85200000   4.8520   2.6589   4.2255   4.3490   0.0000   0.0000
    6.30    5.51900000   5.5190   2.8547   4.2588   4.3410   0.0000   0.0000
    6.30    6.27700000   6.2770   3.0505   4.2911   4.3290   0.0000   0.0000
    6.30    7.14000000   7.1400   3.2455   4.3229   4.3160   0.0000   0.0000
    6.30    8.12100000   8.1210   3.4336   4.3527   4.3020   0.0000   0.0000
    6.30    9.23700000   9.2370   3.6219   4.3821   4.2870   0.0000   0.0000
    6.30   10.50600000  10.5050   3.8067   4.4103   4.2700   0.0000   0.0000
    6.30   11.95000000  11.9460   3.9859   4.4373   4.2540   0.0000   0.0000
    6.30   13.59200000  13.5810   4.1611   4.4628   4.2370   0.0000   0.0000
    6.30   15.45900000  15.4370   4.3319   4.4869   4.2180   0.0000   0.0000
    6.30   17.58400000  17.5480   4.4967   4.5091   4.1980   0.0000   0.0000
    6.30   20.00000000  19.9440   4.6629   4.5312   4.1770   0.0000   0.0000
    6.30   22.74800000  22.6340   4.8168   4.5502   4.1540   0.0000   0.0000
    6.30   25.87400000  25.6630   4.9696   4.5682   4.1270   0.0000   0.0000
    6.30   29.42900000  29.0470   5.1135   4.5836   4.0980   0.0000   0.0000
    6.30   33.47300000  32.8130   5.2508   4.5972   4.0680   0.0000   0.0000
    6.30   38.07300000  36.9770   5.3828   4.6090   4.0340   0.0000   0.0000
    6.30   43.30500000  41.5500   5.5060   4.6205   4.0040   0.0000   0.0000
    6.30   49.25500000  46.5450   5.6237   4.6330   3.9820   0.0000   0.0000
    6.30   56.02400000  51.9760   5.7406   4.6470   3.9650   0.0000   0.0000
    6.30   63.72200000  57.8490   5.8512   4.6627   3.9600   0.0000   0.0000
    6.30   72.47800000  64.1900   5.9529   4.6795   3.9680   0.0000   0.0000
    6.30   82.43700000  70.9360   6.0536   4.6975   3.9810   0.0000   0.0000
    6.30   93.76500000  78.3140   6.1479   4.7123   3.9880   0.0000   0.0000
    6.30  106.64900000  86.1710   6.2382   4.7255   3.9910   0.0000   0.0000
    6.30  121.30400000  94.3830   6.3231   4.7351   3.9830   0.0000   9.0000
    6.30  137.97300000 103.1640   6.3996   4.7350   3.9450   0.0000   9.0000
    6.30  156.93200000 112.1820   6.4724   4.7092   3.8950   0.0000   9.0000
    6.30  178.49600000 121.4040   6.5392   4.4764   3.8380   0.0000   9.0000
    6.30  203.02400000 130.5460   6.6040   4.4643   3.8020   0.0000   9.0000
    6.30  230.92200000 139.6100   6.6597   4.4413   3.7190   0.0000   9.0000
    6.30  262.65300000 148.0540   6.7110   4.4140   3.6130   0.0000   9.0000
    6.30  298.74400000 155.5230   6.7572   4.3875   3.5070   0.0000   0.0000
    6.30  339.79500000 165.1680   6.8016   4.3443   3.2880   0.0000   0.0000
    6.30  386.48700000 173.5210   6.8410   4.3058   3.0910   0.0000   0.0000
    6.30  439.59500000 179.9950   6.8755   4.2689   2.9020   0.0000   0.0000
    6.30  500.00000000 183.6310   6.9033   4.2345   2.7260   0.0000   0.0000
# log(age) Mini Mact logl logt logg Composition Phase
    6.35    0.80000000   0.8000  -0.5908   3.6873   4.6340   0.0000   0.0000
    6.35    0.91000000   0.9100  -0.3269   3.7277   4.5880   0.0000   0.0000
    6.35    1.03500000   1.0350  -0.0603   3.7635   4.5200   0.0000   0.0000
    6.35    1.17700000   1.1770   0.1889   3.7921   4.4410   0.0000   0.0000
    6.35    1.33900000   1.3390   0.4397   3.8200   4.3580   0.0000   0.0000
    6.35    1.52300000   1.5230   0.6947   3.8579   4.3110   0.0000   0.0000
    6.35    1.73200000   1.7320   0.9396   3.9055   4.3460   0.0000   0.0000
    6.35    1.97000000   1.9700   1.1741   3.9552   4.3650   0.0000   0.0000
    6.35    2.24100000   2.2410   1.3974   3.9992   4.3730   0.0000   0.0000
    6.35    2.54900000   2.5490   1.6183   4.0418   4.3770   0.0000   0.0000
    6.35    2.89900000   2.8990   1.8341   4.0808   4.3720   0.0000   0.0000
    6.35    3.29700000   3.2970   2.0448   4.1180   4.3660   0.0000   0.0000
    6.35    3.75100000   3.7510   2.2535   4.1545   4.3590   0.0000   0.0000
    6.35    4.26600000   4.2660   2.4582   4.1903   4.3530   0.0000   0.0000
    6.35    4.85200000   4.8520   2.6589   4.2255   4.3490   0.0000   0.0000
    6.35    5.51900000   5.5190   2.8550   4.2587   4.3400   0.0000   0.0000
    6.35    6.27700000   6.2770   3.0513   4.2908   4.3270   0.0000   0.0000
    6.35    7.14000000   7.1400   3.2464   4.3226   4.3140   0.0000   0.0000
    6.35    8.12100000   8.1210   3.4351   4.3523   4.2990   0.0000   0.0000
    6.35    9.23700000   9.2370   3.6241   4.3816   4.2820   0.0000   0.0000
    6.35   10.50600000  10.5050   3.8096   4.4098   4.2650   0.0000   0.0000
    6.35   11.95000000  11.9450   3.9896   4.4367   4.2490   0.0000   0.0000
    6.35   13.59200000  13.5800   4.1656   4.4622   4.2300   0.0000   0.0000
    6.35   15.45900000  15.4350   4.3377   4.4863   4.2100   0.0000   0.0000
    6.35   17.58400000  17.5440   4.5035   4.5084   4.1890   0.0000   0.0000
    6.35   20.00000000  19.9370   4.6711   4.5303   4.1650   0.0000   0.0000
    6.35   22.74800000  22.6180   4.8265   4.5491   4.1390   0.0000   0.0000
    6.35   25.87400000  25.6310   4.9805   4.5666   4.1100   0.0000   0.0000
    6.35   29.42900000  28.9890   5.1256   4.5816   4.0780   0.0000   0.0000
    6.35   33.47300000  32.7090   5.2640   4.5947   4.0430   0.0000   0.0000
    6.35   38.07300000  36.8000   5.3971   4.6061   4.0050   0.0000   0.0000
    6.35   43.30500000  41.2590   5.5212   4.6180   3.9750   0.0000   0.0000
    6.35   49.25500000  46.0860   5.6394   4.6318   3.9560   0.0000   0.0000
    6.35   56.02400000  51.2730   5.7574   4.6481   3.9450   0.0000   0.0000
    6.35   63.72200000  56.8190   5.8676   4.6664   3.9480   0.0000   0.0000
    6.35   72.47800000  62.7380   5.9697   4.6848   3.9610   0.0000   0.0000
    6.35   82.43700000  68.9070   6.0712   4.7043   3.9770   0.0000   0.0000
    6.35   93.76500000  75.5850   6.1652   4.7204   3.9860   0.0000   0.0000
    6.35  106.64900000  82.5600   6.2535   4.7323   3.9840   0.0000   9.0000
    6.35  121.30400000  89.6310   6.3351   4.7370   3.9560   0.0000   9.0000
    6.35  137.97300000  96.8870   6.4093   4.5052   3.9070   0.0000   9.0000
    6.35  156.93200000 103.9500   6.4787   4.4880   3.8550   0.0000   9.0000
    6.35  178.49600000 110.7830   6.5415   4.4705   3.7990   0.0000   9.0000
    6.35  203.02400000 116.9880   6.5990   4.4508   3.7310   0.0000   9.0000
    6.35  230.92200000 122.4050   6.6456   4.4224   3.6130   0.0000   9.0000
    6.35  262.65300000 126.5270   6.6886   4.3920   3.4780   0.0000   0.0000
    6.35  298.74400000 128.9640   6.7282   4.1836   3.3500   0.0000   0.0000
    6.35  339.79500000  77.9490   6.4678   4.1869   3.8180   0.0000   0.0000
    6.35  386.48700000  54.4540   6.2802   4.2685   4.0410   0.0000   0.0000
    6.35  411.96500000  47.2410   6.2008   4.3141   4.2570   0.0000   0.0000
    6.35  412.18600000  47.1880   6.2002   4.3149   4.2620   0.0000   0.0000
    6.35  412.40800000  47.1360   6.1996   4.3157   4.2680   0.0000   0.0000
    6.35  412.62900000  47.0840   6.1990   4.3166   4.2730   0.0000   0.0000
    6.35  412.85000000  47.0320   6.1984   4.3174   4.2790   0.0000   0.0000
    6.35  413.07200000  46.9800   6.1978   4.3182   4.2840   0.0000   0.0000
    6.35  413.29300000  46.9280   6.1972   4.3190   4.2900   0.0000   0.0000
    6.35  413.51500000  46.8760   6.1966   4.3198   4.2950   0.0000   0.0000
    6.35  413.73700000  46.8240   6.1960   4.3206   4.3010   0.0000   0.0000
    6.35  413.95900000  46.7720   6.1954   4.3214   4.3060   0.0000   0.0000
    6.35  414.18100000  46.7200   6.1948   4.3223   4.3120   0.0000   0.0000
    6.35  414.40400000  46.6680   6.1942   4.3231   4.3170   0.0000   0.0000
    6.35  414.62600000  46.6160   6.1944   4.3251   4.3350   0.0000   0.0000
    6.35  414.84800000  46.5650   6.1950   4.3279   4.3600   0.0000   0.0000
    6.35  415.07100000  46.5140   6.1956   4.3307   4.3850   0.0000   0.0000
    6.35  415.29400000  46.4630   6.1963   4.3335   4.4100   0.0000   0.0000
    6.35  415.51700000  46.4110   6.1969   4.3363   4.4350   0.0000   0.0000
    6.35  415.74000000  46.3600   6.1976   4.3391   4.4600   0.0000   0.0000
    6.35  415.96300000  46.3090   6.1984   4.3421   4.4870   0.0000   0.0000
    6.35  416.18600000  46.2560   6.2017   4.3480   4.5470   0.0000   0.0000
    6.35  416.40900000  46.2030   6.2055   4.3544   4.6120   0.0000   0.0000
    6.35  416.63300000  46.1490   6.2090   4.3606   4.6760   0.0000   0.0000
    6.35  416.85600000  46.0940   6.2120   4.3663   4.7360   0.0000   0.0000
    6.35  417.08000000  46.0380   6.2145   4.3715   4.7910   0.0000   0.0000
    6.35  417.30400000  45.9820   6.2167   4.3758   4.8390   0.0000   0.0000
    6.35  417.52800000  45.9250   6.2186   4.3793   4.8770   0.0000   0.0000
    6.35  417.75200000  45.8680   6.2202   4.3818   4.9050   0.0000   0.0000
    6.35  417.97600000  45.8110   6.2217   4.3833   4.9260   0.0000   0.0000
    6.35  418.20000000  45.7530   6.2230   4.3846   4.9410   0.0000   0.0000
    6.35  418.42500000  45.6950   6.2241   4.3853   4.9500   0.0000   0.0000
    6.35  418.64900000  45.6370   6.2245   4.3861   4.9570   0.0000   0.0000
    6.35  418.87400000  45.5780   6.2238   4.3867   4.9640   0.0000   0.0000
    6.35  419.09900000  45.5200   6.2223   4.3871   4.9630   0.0000   0.0000
    6.35  419.32400000  45.4630   6.2203   4.3889   4.9740   0.0000   0.0000
    6.35  419.54900000  45.4060   6.2181   4.3906   4.9850   0.0000   0.0000
    6.35  419.77400000  45.3490   6.2160   4.3921   4.9940   0.0000   0.0000
    6.35  419.99900000  45.2930   6.2141   4.3931   5.0000   0.0000   0.0000
    6.35  420.22400000  45.2370   6.2125   4.3940   5.0040   0.0000   0.0000
    6.35  420.45000000  45.1820   6.2111   4.3953   5.0120   0.0000   0.0000
    6.35  420.67600000  45.1260   6.2100   4.3971   5.0290   0.0000   0.0000
    6.35  420.90100000  45.0710   6.2090   4.3958   5.0120   0.0000   0.0000
    6.35  421.12700000  45.0180   6.2085   4.3961   5.0130   0.0000   0.0000
    6.35  421.35300000  44.9640   6.2079   4.3964   5.0140   0.0000   0.0000
    6.35  421.57900000  44.9100   6.2073   4.3967   5.0150   0.0000   0.0000
    6.35  421.80500000  44.8560   6.2067   4.3970   5.0160   0.0000   0.0000
    6.35  422.03200000  44.8020   6.2061   4.3973   5.0170   0.0000   0.0000
    6.35  422.25800000  44.7490   6.2055   4.3976   5.0180   0.0000   0.0000
    6.35  422.48500000  44.6950   6.2049   4.3979   5.0190   0.0000   0.0000
    6.35  422.71200000  44.6420   6.2043   4.3982   5.0210   0.0000   0.0000
    6.35  422.93800000  44.5880   6.2037   4.3985   5.0220   0.0000   0.0000
    6.35  423.16500000  44.5350   6.2031   4.3988   5.0230   0.0000   0.0000
    6.35  423.39200000  44.4810   6.2026   4.3991   5.0240   0.0000   0.0000
    6.35  423.62000000  44.4280   6.2020   4.3994   5.0250   0.0000   0.0000
    6.35  423.84700000  44.3750   6.2014   4.3998   5.0260   0.0000   0.0000
    6.35  424.07400000  44.3220   6.2008   4.4001   5.0270   0.0000   9.0000
    6.35  424.30200000  44.2690   6.2002   4.4004   5.0280   0.0000   9.0000
    6.35  424.53000000  44.2160   6.1996   4.4007   5.0290   0.0000   9.0000
    6.35  424.75700000  44.1630   6.1990   4.4010   5.0300   0.0000   9.0000
    6.35  424.98500000  44.1100   6.1984   4.4013   5.0310   0.0000   9.0000
    6.35  425.67000000  43.9510   6.1966   4.4022   5.0350   0.0000   9.0000
    6.35  439.59500000  41.0180   6.1589   4.4164   5.0490   0.0000   9.0000
    6.35  453.97500000  38.5160   6.1220   4.4237   4.9360   0.0000   9.0000
    6.35  468.82500000  37.6180   6.1154   4.6544   4.7900   0.0000   9.0000
    6.35  484.16200000  37.5570   6.1186   4.6409   4.7040   0.0000   9.0000
    6.35  500.00000000  37.4780   6.1214   4.6264   4.6500   0.0000   9.0000
# log(age) Mini Mact logl logt logg Composition Phase
    6.40    0.80000000   0.8000  -0.5908   3.6873   4.6340   0.0000   0.0000
    6.40    0.91000000   0.9100  -0.3269   3.7277   4.5880   0.0000   0.0000
    6.40    1.03500000   1.0350  -0.0603   3.7635   4.5200   0.0000   0.0000
    6.40    1.17700000   1.1770   0.1889   3.7921   4.4410   0.0000   0.0000
    6.40    1.33900000   1.3390   0.4397   3.8200   4.3580   0.0000   0.0000
    6.40    1.52300000   1.5230   0.6947   3.8580   4.3110   0.0000   0.0000
    6.40    1.73200000   1.7320   0.9396   3.9055   4.3460   0.0000   0.0000
    6.40    1.97000000   1.9700   1.1741   3.9552   4.3650   0.0000   0.0000
    6.40    2.24100000   2.2410   1.3974   3.9992   4.3730   0.0000   0.0000
    6.40    2.54900000   2.5490   1.6183   4.0418   4.3770   0.0000   0.0000
    6.40    2.89900000   2.8990   1.8341   4.0808   4.3720   0.0000   0.0000
    6.40    3.29700000   3.2970   2.0448   4.1180   4.3660   0.0000   0.0000
    6.40    3.75100000   3.7510   2.2535   4.1545   4.3590   0.0000   0.0000
    6.40    4.26600000   4.2660   2.4582   4.1903   4.3530   0.0000   0.0000
    6.40    4.85200000   4.8520   2.6589   4.2255   4.3480   0.0000   0.0000
    6.40    5.51900000   5.5190   2.8558   4.2584   4.3380   0.0000   0.0000
    6.40    6.27700000   6.2770   3.0521   4.2906   4.3250   0.0000   0.0000
    6.40    7.14000000   7.1400   3.2477   4.3223   4.3100   0.0000   0.0000
    6.40    8.12100000   8.1210   3.4366   4.3519   4.2950   0.0000   0.0000
    6.40    9.23700000   9.2360   3.6262   4.3810   4.2780   0.0000   0.0000
    6.40   10.50600000  10.5050   3.8127   4.4093   4.2600   0.0000   0.0000
    6.40   11.95000000  11.9450   3.9938   4.4362   4.2420   0.0000   0.0000
    6.40   13.59200000  13.5780   4.1708   4.4616   4.2230   0.0000   0.0000
    6.40   15.45900000  15.4310   4.3444   4.4856   4.2010   0.0000   0.0000
    6.40   17.58400000  17.5380   4.5115   4.5076   4.1780   0.0000   0.0000
    6.40   20.00000000  19.9280   4.6808   4.5293   4.1510   0.0000   0.0000
    6.40   22.74800000  22.5990   4.8375   4.5476   4.1230   0.0000   0.0000
    6.40   25.87400000  25.5950   4.9933   4.5647   4.0890   0.0000   0.0000
    6.40   29.42900000  28.9200   5.1397   4.5792   4.0530   0.0000   0.0000
    6.40   33.47300000  32.5840   5.2794   4.5917   4.0140   0.0000   0.0000
    6.40   38.07300000  36.5850   5.4138   4.6030   3.9720   0.0000   0.0000
    6.40   43.30500000  40.9030   5.5390   4.6155   3.9420   0.0000   0.0000
    6.40   49.25500000  45.5210   5.6579   4.6313   3.9270   0.0000   0.0000
    6.40   56.02400000  50.4020   5.7767   4.6508   3.9260   0.0000   0.0000
    6.40   63.72200000  55.5350   5.8876   4.6721   3.9400   0.0000   0.0000
    6.40   72.47800000  60.9190   5.9899   4.6923   3.9570   0.0000   0.0000
    6.40   82.43700000  66.3630   6.0919   4.7144   3.9790   0.0000   0.0000
    6.40   93.76500000  72.1570   6.1853   4.7304   3.9860   0.0000   9.0000
    6.40  106.64900000  78.0030   6.2700   4.6723   3.9630   0.0000   9.0000
    6.40  121.30400000  83.5050   6.3480   4.5140   3.9150   0.0000   9.0000
    6.40  137.97300000  88.6980   6.4177   4.4926   3.8460   0.0000   9.0000
    6.40  156.93200000  93.1810   6.4830   4.4870   3.8300   0.0000   9.0000
    6.40  178.49600000  96.9040   6.5379   4.4589   3.7300   0.0000   9.0000
    6.40  203.02400000  90.1430   6.5333   4.1591   3.7350   0.0000   0.0000
    6.40  230.92200000  49.8240   6.2243   4.2880   4.0670   0.0000   0.0000
    6.40  241.69500000  42.7640   6.1392   4.3298   4.2440   0.0000   0.0000
    6.40  241.82500000  42.6940   6.1383   4.3310   4.2520   0.0000   0.0000
    6.40  241.95500000  42.6240   6.1375   4.3322   4.2600   0.0000   0.0000
    6.40  242.08500000  42.5540   6.1366   4.3335   4.2690   0.0000   0.0000
    6.40  242.21500000  42.4840   6.1358   4.3347   4.2770   0.0000   0.0000
    6.40  242.34500000  42.4140   6.1349   4.3360   4.2850   0.0000   0.0000
    6.40  242.47500000  42.3440   6.1341   4.3372   4.2940   0.0000   0.0000
    6.40  242.60500000  42.2740   6.1332   4.3384   4.3020   0.0000   0.0000
    6.40  242.73500000  42.2050   6.1324   4.3397   4.3100   0.0000   0.0000
    6.40  242.86500000  42.1350   6.1315   4.3409   4.3190   0.0000   0.0000
    6.40  242.99600000  42.0660   6.1307   4.3421   4.3270   0.0000   0.0000
    6.40  243.12600000  41.9970   6.1298   4.3434   4.3350   0.0000   0.0000
    6.40  243.25600000  41.9280   6.1290   4.3446   4.3440   0.0000   0.0000
    6.40  243.38700000  41.8590   6.1281   4.3458   4.3520   0.0000   0.0000
    6.40  243.51800000  41.7890   6.1303   4.3515   4.4030   0.0000   0.0000
    6.40  243.64800000  41.7200   6.1325   4.3571   4.4540   0.0000   0.0000
    6.40  243.77900000  41.6500   6.1346   4.3627   4.5050   0.0000   0.0000
    6.40  243.91000000  41.5810   6.1368   4.3683   4.5560   0.0000   0.0000
    6.40  244.04100000  41.5120   6.1390   4.3739   4.6070   0.0000   0.0000
    6.40  244.17200000  41.4410   6.1434   4.3823   4.6900   0.0000   0.0000
    6.40  244.30300000  41.3670   6.1485   4.3915   4.7830   0.0000   0.0000
    6.40  244.43400000  41.2930   6.1528   4.3993   4.8650   0.0000   0.0000
    6.40  244.56500000  41.2170   6.1561   4.4053   4.9290   0.0000   9.0000
    6.40  244.69600000  41.1400   6.1587   4.4096   4.9760   0.0000   9.0000
    6.40  244.82800000  41.0620   6.1607   4.4117   5.0020   0.0000   9.0000
    6.40  244.95900000  40.9840   6.1612   4.4129   5.0130   0.0000   9.0000
    6.40  245.09000000  40.9060   6.1594   4.4147   5.0270   0.0000   9.0000
    6.40  245.22200000  40.8290   6.1559   4.4172   5.0440   0.0000   9.0000
    6.40  245.35400000  40.7530   6.1523   4.4201   5.0620   0.0000   9.0000
    6.40  245.48500000  40.6780   6.1492   4.4217   5.0710   0.0000   9.0000
    6.40  245.61700000  40.6040   6.1469   4.4228   5.0740   0.0000   9.0000
    6.40  245.74900000  40.5300   6.1453   4.4234   5.0750   0.0000   9.0000
    6.40  245.88100000  40.4570   6.1444   4.4239   5.0770   0.0000   9.0000
    6.40  246.01300000  40.3850   6.1435   4.4243   5.0780   0.0000   9.0000
    6.40  246.14500000  40.3130   6.1426   4.4248   5.0800   0.0000   9.0000
    6.40  246.27700000  40.2410   6.1417   4.4252   5.0810   0.0000   9.0000
    6.40  246.40900000  40.1690   6.1408   4.4257   5.0830   0.0000   9.0000
    6.40  246.54100000  40.0970   6.1399   4.4261   5.0840   0.0000   9.0000
    6.40  246.67300000  40.0260   6.1390   4.4266   5.0860   0.0000   9.0000
    6.40  246.80600000  39.9540   6.1381   4.4270   5.0870   0.0000   9.0000
    6.40  246.93800000  39.8830   6.1372   4.4275   5.0890   0.0000   9.0000
    6.40  247.07100000  39.8120   6.1363   4.4279   5.0900   0.0000   9.0000
    6.40  247.20300000  39.7410   6.1354   4.4284   5.0920   0.0000   9.0000
    6.40  247.33600000  39.6700   6.1345   4.4288   5.0930   0.0000   9.0000
    6.40  247.46900000  39.5990   6.1336   4.4292   5.0950   0.0000   9.0000
    6.40  247.60100000  39.5280   6.1327   4.4297   5.0960   0.0000   9.0000
    6.40  247.73400000  39.4570   6.1318   4.4301   5.0980   0.0000   9.0000
    6.40  247.86700000  39.3870   6.1309   4.4306   5.0990   0.0000   9.0000
    6.40  248.00000000  39.3170   6.1300   4.4310   5.1010   0.0000   9.0000
    6.40  248.13300000  39.2470   6.1291   4.4315   5.1020   0.0000   9.0000
    6.40  254.33300000  36.3180   6.0853   4.4487   5.1290   0.0000   9.0000
    6.40  262.65300000  33.5770   6.0438   4.6296   4.8920   0.0000   9.0000
    6.40  271.24500000  33.2740   6.0460   4.6471   4.7900   0.0000   9.0000
    6.40  280.11800000  32.9430   6.0468   4.6106   4.6600   0.0000   9.0000
    6.40  289.28100000  32.5170   6.0460   4.5634   4.4480   0.0000   9.0000
    6.40  298.74400000  31.9940   6.0412   4.6866   5.4600   0.0000   9.0000
    6.40  308.51700000  31.5870   6.0350   4.6553   5.3320   0.0000   9.0000
    6.40  318.60900000  31.1660   6.0303   4.6721   5.4790   0.0000   9.0000
    6.40  329.03200000  30.7070   6.0253   4.6607   5.4870   0.0000   9.0000
    6.40  339.79500000  30.1440   6.0185   4.6469   5.4980   0.0000   9.0000
    6.40  350.91100000  29.5130   6.0110   4.6369   5.5150   0.0000   9.0000
    6.40  362.39000000  28.7850   6.0010   4.6515   5.5410   0.0000   9.0000
    6.40  374.24400000  28.1860   5.9928   4.6694   5.5550   0.0000   9.0000
    6.40  386.48700000  27.6540   5.9860   4.6860   5.5640   0.0000   9.0000
    6.40  399.13000000  27.2050   5.9810   4.7060   5.5740   0.0000   9.0000
    6.40  412.18600000  26.8310   5.9777   4.7235   5.5840   0.0000   9.0000
    6.40  425.67000000  26.5130   5.9759   4.7383   5.5970   0.0000   9.0000
    6.40  439.59500000  26.2380   5.9757   4.7537   5.6150   0.0000   9.0000
    6.40  453.97500000  26.0000   5.9777   4.7698   5.6420   0.0000   9.0000
    6.40  468.82500000  25.7940   5.9848   4.7903   5.6950   0.0000   9.0000
# log(age) Mini Mact logl logt logg Composition Phase
    6.45    0.80000000   0.8000  -0.5908   3.6873   4.6340   0.0000   0.0000
    6.45    0.91000000   0.9100  -0.3268   3.7277   4.5880   0.0000   0.0000
    6.45    1.03500000   1.0350  -0.0602   3.7635   4.5200   0.0000   0.0000
    6.45    1.17700000   1.1770   0.1889   3.7921   4.4410   0.0000   0.0000
    6.45    1.33900000   1.3390   0.4397   3.8200   4.3580   0.0000   0.0000
    6.45    1.52300000   1.5230   0.6948   3.8580   4.3110   0.0000   0.0000
    6.45    1.73200000   1.7320   0.9397   3.9055   4.3460   0.0000   0.0000
    6.45    1.97000000   1.9700   1.1741   3.9552   4.3650   0.0000   0.0000
    6.45    2.24100000   2.2410   1.3974   3.9992   4.3730   0.0000   0.0000
    6.45    2.54900000   2.5490   1.6183   4.0418   4.3770   0.0000   0.0000
    6.45    2.89900000   2.8990   1.8341   4.0808   4.3720   0.0000   0.0000
    6.45    3.29700000   3.2970   2.0448   4.1180   4.3660   0.0000   0.0000
    6.45    3.75100000   3.7510   2.2535   4.1545   4.3590   0.0000   0.0000
    6.45    4.26600000   4.2660   2.4582   4.1903   4.3530   0.0000   0.0000
    6.45    4.85200000   4.8520   2.6589   4.2255   4.3480   0.0000   0.0000
    6.45    5.51900000   5.5190   2.8566   4.2582   4.3360   0.0000   0.0000
    6.45    6.27700000   6.2770   3.0529   4.2903   4.3220   0.0000   0.0000
    6.45    7.14000000   7.1400   3.2492   4.3219   4.3070   0.0000   0.0000
    6.45    8.12100000   8.1210   3.4386   4.3513   4.2910   0.0000   0.0000
    6.45    9.23700000   9.2360   3.6291   4.3805   4.2730   0.0000   0.0000
    6.45   10.50600000  10.5040   3.8161   4.4087   4.2540   0.0000   0.0000
    6.45   11.95000000  11.9440   3.9986   4.4356   4.2350   0.0000   0.0000
    6.45   13.59200000  13.5770   4.1767   4.4610   4.2140   0.0000   0.0000
    6.45   15.45900000  15.4280   4.3519   4.4849   4.1900   0.0000   0.0000
    6.45   17.58400000  17.5320   4.5205   4.5066   4.1650   0.0000   0.0000
    6.45   20.00000000  19.9180   4.6918   4.5280   4.1350   0.0000   0.0000
    6.45   22.74800000  22.5760   4.8505   4.5459   4.1030   0.0000   0.0000
    6.45   25.87400000  25.5500   5.0083   4.5624   4.0650   0.0000   0.0000
    6.45   29.42900000  28.8360   5.1560   4.5762   4.0240   0.0000   0.0000
    6.45   33.47300000  32.4320   5.2974   4.5883   3.9800   0.0000   0.0000
    6.45   38.07300000  36.3210   5.4334   4.5992   3.9330   0.0000   0.0000
    6.45   43.30500000  40.4630   5.5598   4.6131   3.9040   0.0000   0.0000
    6.45   49.25500000  44.8150   5.6798   4.6319   3.8990   0.0000   0.0000
    6.45   56.02400000  49.3030   5.7991   4.6556   3.9110   0.0000   0.0000
    6.45   63.72200000  53.8970   5.9104   4.6798   3.9330   0.0000   0.0000
    6.45   72.47800000  58.5940   6.0138   4.7021   3.9540   0.0000   0.0000
    6.45   82.43700000  63.1160   6.1166   4.7272   3.9830   0.0000   9.0000
    6.45   93.76500000  67.7560   6.2067   4.5379   3.9670   0.0000   9.0000
    6.45  106.64900000  71.9910   6.2876   4.5213   3.9170   0.0000   9.0000
    6.45  121.30400000  75.2640   6.3591   4.4997   3.8460   0.0000   9.0000
    6.45  137.97300000  77.8150   6.4298   4.4982   3.8400   0.0000   9.0000
    6.45  156.93200000  46.9350   6.1828   4.3006   4.0740   0.0000   0.0000
    6.45  163.81400000  39.4440   6.0881   4.3425   4.2330   0.0000   0.0000
    6.45  163.90200000  39.3650   6.0870   4.3436   4.2400   0.0000   0.0000
    6.45  163.99000000  39.2880   6.0859   4.3451   4.2500   0.0000   0.0000
    6.45  164.07800000  39.2110   6.0849   4.3466   4.2600   0.0000   0.0000
    6.45  164.16600000  39.1330   6.0839   4.3480   4.2700   0.0000   0.0000
    6.45  164.25400000  39.0560   6.0828   4.3495   4.2800   0.0000   0.0000
    6.45  164.34200000  38.9790   6.0818   4.3510   4.2900   0.0000   0.0000
    6.45  164.43000000  38.9030   6.0807   4.3524   4.3000   0.0000   0.0000
    6.45  164.51800000  38.8260   6.0797   4.3539   4.3100   0.0000   0.0000
    6.45  164.60700000  38.7500   6.0787   4.3554   4.3200   0.0000   0.0000
    6.45  164.69500000  38.6730   6.0776   4.3569   4.3300   0.0000   0.0000
    6.45  164.78300000  38.5970   6.0766   4.3583   4.3400   0.0000   0.0000
    6.45  164.87200000  38.5210   6.0755   4.3598   4.3500   0.0000   0.0000
    6.45  164.96000000  38.4450   6.0745   4.3613   4.3600   0.0000   0.0000
    6.45  165.04900000  38.3690   6.0734   4.3627   4.3690   0.0000   0.0000
    6.45  165.13700000  38.2940   6.0737   4.3661   4.3970   0.0000   0.0000
    6.45  165.22600000  38.2170   6.0764   4.3732   4.4600   0.0000   0.0000
    6.45  165.31500000  38.1410   6.0791   4.3802   4.5220   0.0000   0.0000
    6.45  165.40300000  38.0650   6.0818   4.3873   4.5840   0.0000   0.0000
    6.45  165.49200000  37.9880   6.0878   4.3974   4.6810   0.0000   0.0000
    6.45  165.58100000  37.9070   6.0959   4.4101   4.8080   0.0000   9.0000
    6.45  165.67000000  37.8230   6.1018   4.4203   4.9110   0.0000   9.0000
    6.45  165.75900000  37.7380   6.1059   4.4281   4.9930   0.0000   9.0000
    6.45  165.84800000  37.6520   6.1088   4.4327   5.0430   0.0000   9.0000
    6.45  165.93700000  37.5650   6.1091   4.4353   5.0670   0.0000   9.0000
    6.45  166.02600000  37.4780   6.1052   4.4381   5.0840   0.0000   9.0000
    6.45  166.11500000  37.3940   6.1001   4.4407   5.0980   0.0000   9.0000
    6.45  166.20400000  37.3100   6.0959   4.4443   5.1210   0.0000   9.0000
    6.45  166.29300000  37.2280   6.0932   4.4452   5.1230   0.0000   9.0000
    6.45  166.38200000  37.1480   6.0920   4.4457   5.1250   0.0000   9.0000
    6.45  166.47200000  37.0670   6.0909   4.4463   5.1280   0.0000   9.0000
    6.45  166.56100000  36.9870   6.0899   4.4470   5.1300   0.0000   9.0000
    6.45  166.65000000  36.9070   6.0888   4.4476   5.1330   0.0000   9.0000
    6.45  166.74000000  36.8270   6.0877   4.4483   5.1360   0.0000   9.0000
    6.45  166.82900000  36.7480   6.0866   4.4489   5.1390   0.0000   9.0000
    6.45  166.91900000  36.6680   6.0855   4.4495   5.1420   0.0000   9.0000
    6.45  167.00800000  36.5890   6.0844   4.4502   5.1440   0.0000   9.0000
    6.45  167.09800000  36.5100   6.0833   4.4508   5.1470   0.0000   9.0000
    6.45  167.18800000  36.4310   6.0822   4.4514   5.1500   0.0000   9.0000
    6.45  167.27700000  36.3520   6.0811   4.4521   5.1530   0.0000   9.0000
    6.45  167.36700000  36.2730   6.0800   4.4527   5.1550   0.0000   9.0000
    6.45  167.45700000  36.1950   6.0789   4.4534   5.1580   0.0000   9.0000
    6.45  167.54700000  36.1170   6.0778   4.4540   5.1610   0.0000   9.0000
    6.45  167.63700000  36.0380   6.0767   4.4546   5.1640   0.0000   9.0000
    6.45  167.72700000  35.9600   6.0757   4.4553   5.1670   0.0000   9.0000
    6.45  167.81700000  35.8830   6.0746   4.4559   5.1690   0.0000   9.0000
    6.45  167.90700000  35.8060   6.0734   4.4563   5.1690   0.0000   9.0000
    6.45  172.84200000  32.1730   6.0119   4.4766   5.1650   0.0000   9.0000
    6.45  178.49600000  30.5820   5.9915   4.6646   4.8710   0.0000   9.0000
    6.45  184.33500000  30.1830   5.9930   4.6125   4.6960   0.0000   9.0000
    6.45  190.36500000  29.6000   5.9915   4.5656   4.5220   0.0000   9.0000
    6.45  196.59300000  28.8460   5.9788   4.6770   5.4770   0.0000   9.0000
    6.45  203.02400000  28.0380   5.9684   4.6612   5.4870   0.0000   9.0000
    6.45  209.66500000  27.2000   5.9573   4.6504   5.5030   0.0000   9.0000
    6.45  216.52400000  26.1520   5.9422   4.6590   5.5460   0.0000   9.0000
    6.45  223.60700000  25.2850   5.9292   4.6817   5.5640   0.0000   9.0000
    6.45  230.92200000  24.5800   5.9200   4.7069   5.5800   0.0000   9.0000
    6.45  238.47600000  24.0220   5.9147   4.7332   5.6000   0.0000   9.0000
    6.45  246.27700000  23.5860   5.9141   4.7610   5.6330   0.0000   9.0000
    6.45  254.33300000  23.2470   5.9256   4.7965   5.7240   0.0000   9.0000
# log(age) Mini Mact logl logt logg Composition Phase
    6.50    0.80000000   0.8000  -0.5907   3.6873   4.6340   0.0000   0.0000
    6.50    0.91000000   0.9100  -0.3268   3.7277   4.5880   0.0000   0.0000
    6.50    1.03500000   1.0350  -0.0602   3.7635   4.5200   0.0000   0.0000
    6.50    1.17700000   1.1770   0.1890   3.7921   4.4410   0.0000   0.0000
    6.50    1.33900000   1.3390   0.4398   3.8201   4.3580   0.0000   0.0000
    6.50    1.52300000   1.5230   0.6948   3.8580   4.3110   0.0000   0.0000
    6.50    1.73200000   1.7320   0.9397   3.9055   4.3450   0.0000   0.0000
    6.50    1.97000000   1.9700   1.1741   3.9552   4.3650   0.0000   0.0000
    6.50    2.24100000   2.2410   1.3974   3.9992   4.3720   0.0000   0.0000
    6.50    2.54900000   2.5490   1.6183   4.0418   4.3760   0.0000   0.0000
    6.50    2.89900000   2.8990   1.8341   4.0808   4.3720   0.0000   0.0000
    6.50    3.29700000   3.2970   2.0448   4.1179   4.3660   0.0000   0.0000
    6.50    3.75100000   3.7510   2.2535   4.1545   4.3590   0.0000   0.0000
    6.50    4.26600000   4.2660   2.4583   4.1903   4.3530   0.0000   0.0000
    6.50    4.85200000   4.8520   2.6596   4.2252   4.3460   0.0000   0.0000
    6.50    5.51900000   5.5190   2.8573   4.2579   4.3340   0.0000   0.0000
    6.50    6.27700000   6.2770   3.0539   4.2900   4.3200   0.0000   0.0000
    6.50    7.14000000   7.1400   3.2507   4.3214   4.3040   0.0000   0.0000
    6.50    8.12100000   8.1210   3.4407   4.3508   4.2870   0.0000   0.0000
    6.50    9.23700000   9.2360   3.6321   4.3799   4.2680   0.0000   0.0000
    6.50   10.50600000  10.5040   3.8203   4.4081   4.2480   0.0000   0.0000
    6.50   11.95000000  11.9440   4.0041   4.4349   4.2270   0.0000   0.0000
    6.50   13.59200000  13.5750   4.1835   4.4603   4.2050   0.0000   0.0000
    6.50   15.45900000  15.4230   4.3606   4.4840   4.1780   0.0000   0.0000
    6.50   17.58400000  17.5250   4.5311   4.5055   4.1500   0.0000   0.0000
    6.50   20.00000000  19.9050   4.7047   4.5264   4.1160   0.0000   0.0000
    6.50   22.74800000  22.5490   4.8656   4.5437   4.0790   0.0000   0.0000
    6.50   25.87400000  25.4960   5.0257   4.5593   4.0340   0.0000   0.0000
    6.50   29.42900000  28.7340   5.1751   4.5726   3.9890   0.0000   0.0000
    6.50   33.47300000  32.2450   5.3186   4.5840   3.9390   0.0000   0.0000
    6.50   38.07300000  35.9910   5.4565   4.5952   3.8880   0.0000   0.0000
    6.50   43.30500000  39.9090   5.5845   4.6112   3.8630   0.0000   0.0000
    6.50   49.25500000  43.9210   5.7055   4.6337   3.8690   0.0000   0.0000
    6.50   56.02400000  47.8900   5.8253   4.6613   3.8930   0.0000   0.0000
    6.50   63.72200000  51.7640   5.9376   4.6886   3.9230   0.0000   0.0000
    6.50   72.47800000  55.5610   6.0412   4.6099   3.9440   0.0000   9.0000
    6.50   82.43700000  58.8500   6.1429   4.5558   3.9580   0.0000   9.0000
    6.50   93.76500000  61.7930   6.2295   4.5289   3.9200   0.0000   9.0000
    6.50  106.64900000  63.5690   6.3060   4.5054   3.8410   0.0000   9.0000
    6.50  120.33200000  36.3610   6.0357   4.3575   4.2130   0.0000   0.0000
    6.50  120.39700000  36.2750   6.0345   4.3583   4.2170   0.0000   0.0000
    6.50  120.46100000  36.1880   6.0332   4.3590   4.2210   0.0000   0.0000
    6.50  120.52600000  36.1010   6.0320   4.3598   4.2250   0.0000   0.0000
    6.50  120.59100000  36.0160   6.0308   4.3609   4.2310   0.0000   0.0000
    6.50  120.65500000  35.9320   6.0298   4.3627   4.2430   0.0000   0.0000
    6.50  120.72000000  35.8480   6.0288   4.3644   4.2550   0.0000   0.0000
    6.50  120.78500000  35.7640   6.0278   4.3662   4.2670   0.0000   0.0000
    6.50  120.85000000  35.6800   6.0268   4.3679   4.2790   0.0000   0.0000
    6.50  120.91500000  35.5970   6.0257   4.3697   4.2900   0.0000   0.0000
    6.50  120.97900000  35.5140   6.0247   4.3715   4.3020   0.0000   0.0000
    6.50  121.04400000  35.4310   6.0237   4.3732   4.3140   0.0000   0.0000
    6.50  121.10900000  35.3480   6.0227   4.3750   4.3260   0.0000   0.0000
    6.50  121.17400000  35.2650   6.0216   4.3767   4.3380   0.0000   0.0000
    6.50  121.23900000  35.1830   6.0206   4.3785   4.3490   0.0000   0.0000
    6.50  121.30400000  35.1010   6.0196   4.3802   4.3610   0.0000   0.0000
    6.50  121.36900000  35.0190   6.0186   4.3820   4.3730   0.0000   0.0000
    6.50  121.43500000  34.9360   6.0210   4.3891   4.4320   0.0000   0.0000
    6.50  121.50000000  34.8540   6.0240   4.3971   4.5010   0.0000   0.0000
    6.50  121.56500000  34.7700   6.0327   4.4108   4.6250   0.0000   9.0000
    6.50  121.63000000  34.6810   6.0447   4.4303   4.8110   0.0000   9.0000
    6.50  121.69500000  34.5890   6.0521   4.4454   4.9590   0.0000   9.0000
    6.50  121.76100000  34.4940   6.0573   4.4553   5.0610   0.0000   9.0000
    6.50  121.82600000  34.3970   6.0604   4.4594   5.1070   0.0000   9.0000
    6.50  121.89100000  34.3010   6.0576   4.4614   5.1180   0.0000   9.0000
    6.50  121.95700000  34.2050   6.0524   4.4640   5.1300   0.0000   9.0000
    6.50  122.02200000  34.1120   6.0483   4.4664   5.1450   0.0000   9.0000
    6.50  122.08800000  34.0210   6.0461   4.4675   5.1510   0.0000   9.0000
    6.50  122.15300000  33.9310   6.0442   4.4685   5.1550   0.0000   9.0000
    6.50  122.21900000  33.8420   6.0422   4.4694   5.1600   0.0000   9.0000
    6.50  122.28400000  33.7520   6.0403   4.4704   5.1640   0.0000   9.0000
    6.50  122.35000000  33.6630   6.0383   4.4714   5.1690   0.0000   9.0000
    6.50  122.41600000  33.5740   6.0364   4.4723   5.1730   0.0000   9.0000
    6.50  122.48100000  33.4850   6.0345   4.4733   5.1780   0.0000   9.0000
    6.50  122.54700000  33.3970   6.0326   4.4742   5.1820   0.0000   9.0000
    6.50  122.61300000  33.3080   6.0306   4.4752   5.1860   0.0000   9.0000
    6.50  122.67900000  33.2200   6.0287   4.4762   5.1910   0.0000   9.0000
    6.50  122.74500000  33.1320   6.0268   4.4771   5.1950   0.0000   9.0000
    6.50  122.81000000  33.0450   6.0249   4.4781   5.2000   0.0000   9.0000
    6.50  122.87600000  32.9570   6.0230   4.4790   5.2040   0.0000   9.0000
    6.50  122.94200000  32.8730   6.0213   4.4800   5.2100   0.0000   9.0000
    6.50  123.00800000  32.7900   6.0197   4.4809   5.2150   0.0000   9.0000
    6.50  123.07400000  32.7080   6.0181   4.4818   5.2210   0.0000   9.0000
    6.50  123.14000000  32.6250   6.0165   4.4828   5.2260   0.0000   9.0000
    6.50  123.20600000  32.5430   6.0149   4.4837   5.2320   0.0000   9.0000
    6.50  125.27300000  30.1810   5.9708   4.4967   5.2420   0.0000   9.0000
    6.50  129.37000000  27.9270   5.9352   4.6718   4.9230   0.0000   9.0000
    6.50  133.60300000  27.3200   5.9350   4.6050   4.7160   0.0000   9.0000
    6.50  137.97300000  26.4160   5.9243   4.6654   5.3520   0.0000   9.0000
    6.50  142.48600000  25.2540   5.9063   4.6504   5.4280   0.0000   9.0000
    6.50  147.14700000  23.8270   5.8832   4.6348   5.5320   0.0000   9.0000
    6.50  151.96100000  22.5940   5.8621   4.6914   5.5740   0.0000   9.0000
    6.50  156.93200000  21.8060   5.8517   4.7254   5.5980   0.0000   9.0000
    6.50  162.06600000  21.2270   5.8496   4.7611   5.6430   0.0000   9.0000
# log(age) Mini Mact logl logt logg Composition Phase
    6.55    0.80000000   0.8000  -0.5907   3.6873   4.6340   0.0000   0.0000
    6.55    0.91000000   0.9100  -0.3268   3.7277   4.5880   0.0000   0.0000
    6.55    1.03500000   1.0350  -0.0602   3.7636   4.5200   0.0000   0.0000
    6.55    1.17700000   1.1770   0.1890   3.7921   4.4410   0.0000   0.0000
    6.55    1.33900000   1.3390   0.4398   3.8201   4.3580   0.0000   0.0000
    6.55    1.52300000   1.5230   0.6948   3.8580   4.3110   0.0000   0.0000
    6.55    1.73200000   1.7320   0.9397   3.9055   4.3450   0.0000   0.0000
    6.55    1.97000000   1.9700   1.1741   3.9552   4.3650   0.0000   0.0000
    6.55    2.24100000   2.2410   1.3974   3.9992   4.3720   0.0000   0.0000
    6.55    2.54900000   2.5490   1.6183   4.0417   4.3760   0.0000   0.0000
    6.55    2.89900000   2.8990   1.8341   4.0808   4.3720   0.0000   0.0000
    6.55    3.29700000   3.2970   2.0448   4.1179   4.3660   0.0000   0.0000
    6.55    3.75100000   3.7510   2.2535   4.1544   4.3590   0.0000   0.0000
    6.55    4.26600000   4.2660   2.4583   4.1903   4.3530   0.0000   0.0000
    6.55    4.85200000   4.8520   2.6603   4.2250   4.3440   0.0000   0.0000
    6.55    5.51900000   5.5190   2.8581   4.2576   4.3310   0.0000   0.0000
    6.55    6.27700000   6.2770   3.0554   4.2896   4.3170   0.0000   0.0000
    6.55    7.14000000   7.1400   3.2525   4.3210   4.3000   0.0000   0.0000
    6.55    8.12100000   8.1210   3.4433   4.3502   4.2820   0.0000   0.0000
    6.55    9.23700000   9.2360   3.6355   4.3793   4.2620   0.0000   0.0000
    6.55   10.50600000  10.5040   3.8250   4.4075   4.2410   0.0000   0.0000
    6.55   11.95000000  11.9430   4.0104   4.4342   4.2180   0.0000   0.0000
    6.55   13.59200000  13.5720   4.1912   4.4595   4.1940   0.0000   0.0000
    6.55   15.45900000  15.4180   4.3705   4.4830   4.1640   0.0000   0.0000
    6.55   17.58400000  17.5160   4.5432   4.5042   4.1330   0.0000   0.0000
    6.55   20.00000000  19.8910   4.7196   4.5245   4.0940   0.0000   0.0000
    6.55   22.74800000  22.5160   4.8832   4.5409   4.0500   0.0000   0.0000
    6.55   25.87400000  25.4310   5.0463   4.5552   3.9970   0.0000   0.0000
    6.55   29.42900000  28.6080   5.1977   4.5680   3.9460   0.0000   0.0000
    6.55   33.47300000  32.0100   5.3438   4.5789   3.8880   0.0000   0.0000
    6.55   38.07300000  35.5720   5.4840   4.5909   3.8350   0.0000   0.0000
    6.55   43.30500000  39.1980   5.6138   4.6101   3.8180   0.0000   0.0000
    6.55   49.25500000  42.7560   5.7359   4.6365   3.8350   0.0000   0.0000
    6.55   56.02400000  46.0070   5.8568   4.6674   3.8670   0.0000   0.0000
    6.55   63.72200000  48.8760   5.9688   4.6608   3.8880   0.0000   9.0000
    6.55   72.47800000  51.3890   6.0753   4.5822   3.9100   0.0000   9.0000
    6.55   82.43700000  52.8350   6.1730   4.5302   3.8990   0.0000   9.0000
    6.55   93.16300000  46.5950   6.1793   4.4958   4.0160   0.0000   9.0000
    6.55   93.21300000  46.4730   6.1781   4.4973   4.0220   0.0000   9.0000
    6.55   93.26300000  46.3510   6.1769   4.4989   4.0280   0.0000   9.0000
    6.55   93.31300000  46.2290   6.1756   4.5004   4.0330   0.0000   9.0000
    6.55   93.36400000  46.1070   6.1744   4.5019   4.0390   0.0000   9.0000
    6.55   93.41400000  45.9840   6.1731   4.5034   4.0450   0.0000   9.0000
    6.55   93.46400000  45.8620   6.1719   4.5049   4.0510   0.0000   9.0000
    6.55   93.51400000  45.7400   6.1706   4.5065   4.0570   0.0000   9.0000
    6.55   93.56400000  45.6260   6.1696   4.5091   4.0670   0.0000   9.0000
    6.55   93.61400000  45.5120   6.1685   4.5117   4.0770   0.0000   9.0000
    6.55   93.66500000  45.3970   6.1674   4.5143   4.0870   0.0000   9.0000
    6.55   93.71500000  45.2830   6.1664   4.5168   4.0970   0.0000   9.0000
    6.55   93.76500000  45.1690   6.1654   4.5201   4.1100   0.0000   9.0000
    6.55   93.81500000  45.0660   6.1656   4.5297   4.1410   0.0000   9.0000
    6.55   93.86600000  44.9630   6.1659   4.5393   4.1730   0.0000   9.0000
    6.55   93.91600000  44.8600   6.1660   4.5487   4.2040   0.0000   9.0000
    6.55   93.96700000  44.7570   6.1662   4.5581   4.2350   0.0000   9.0000
    6.55   94.01700000  44.6530   6.1664   4.5675   4.2660   0.0000   9.0000
    6.55   94.06700000  44.5110   6.1678   4.3460   4.3440   0.0000   0.0000
    6.55   94.11800000  44.3000   6.1835   4.3677   4.5890   0.0000   0.0000
    6.55   94.16800000  44.0800   6.1928   4.3874   4.7870   0.0000   0.0000
    6.55   94.21900000  43.8540   6.1994   4.3945   4.8680   0.0000   0.0000
    6.55   94.26900000  43.6220   6.2091   4.3832   4.7800   0.0000   0.0000
    6.55   94.32000000  43.3810   6.2156   4.3728   4.6960   0.0000   0.0000
    6.55   94.37100000  43.1390   6.2143   4.3714   4.6810   0.0000   0.0000
    6.55   94.42100000  42.9040   6.2087   4.3766   4.7190   0.0000   0.0000
    6.55   94.47200000  42.6710   6.2030   4.3818   4.7560   0.0000   0.0000
    6.55   94.52300000  42.4390   6.1974   4.3869   4.7940   0.0000   0.0000
    6.55   94.57300000  42.2090   6.1918   4.3920   4.8310   0.0000   0.0000
    6.55   94.62400000  41.9810   6.1862   4.3971   4.8680   0.0000   0.0000
    6.55   94.67500000  41.7540   6.1806   4.4022   4.9050   0.0000   9.0000
    6.55   94.72600000  41.5280   6.1750   4.4073   4.9410   0.0000   9.0000
    6.55   94.77700000  41.3050   6.1694   4.4123   4.9780   0.0000   9.0000
    6.55   94.82700000  41.0830   6.1639   4.4174   5.0140   0.0000   9.0000
    6.55   94.87800000  40.8700   6.1593   4.4211   5.0390   0.0000   9.0000
    6.55   94.92900000  40.6680   6.1557   4.4232   5.0510   0.0000   9.0000
    6.55   94.98000000  40.4670   6.1522   4.4253   5.0620   0.0000   9.0000
    6.55   95.03100000  40.2680   6.1486   4.4275   5.0730   0.0000   9.0000
    6.55   95.08200000  40.0700   6.1451   4.4296   5.0850   0.0000   9.0000
    6.55   95.13300000  39.8730   6.1416   4.4317   5.0960   0.0000   9.0000
    6.55   95.18400000  39.6780   6.1381   4.4338   5.1070   0.0000   9.0000
    6.55   95.23500000  39.4840   6.1347   4.4355   5.1160   0.0000   9.0000
    6.55   95.28600000  39.2920   6.1317   4.4358   5.1160   0.0000   9.0000
    6.55   96.83200000  34.9760   6.0670   4.5962   4.9370   0.0000   9.0000
    6.55  100.00000000  32.2920   6.0337   4.5994   4.6020   0.0000   9.0000
    6.55  103.27100000  29.3690   5.9926   4.6215   5.0220   0.0000   9.0000
    6.55  106.64900000  26.5030   5.9428   4.6204   5.3060   0.0000   9.0000
    6.55  110.13800000  23.5260   5.8824   4.6592   5.5350   0.0000   9.0000
    6.55  113.74100000  21.3440   5.8374   4.7308   5.5670   0.0000   9.0000
    6.55  117.46200000  19.7710   5.8111   4.7807   5.6320   0.0000   9.0000
# log(age) Mini Mact logl logt logg Composition Phase
    6.60    0.80000000   0.8000  -0.5907   3.6873   4.6340   0.0000   0.0000
    6.60    0.91000000   0.9100  -0.3268   3.7277   4.5880   0.0000   0.0000
    6.60    1.03500000   1.0350  -0.0602   3.7636   4.5200   0.0000   0.0000
    6.60    1.17700000   1.1770   0.1890   3.7921   4.4410   0.0000   0.0000
    6.60    1.33900000   1.3390   0.4398   3.8201   4.3580   0.0000   0.0000
    6.60    1.52300000   1.5230   0.6949   3.8580   4.3110   0.0000   0.0000
    6.60    1.73200000   1.7320   0.9397   3.9055   4.3450   0.0000   0.0000
    6.60    1.97000000   1.9700   1.1742   3.9552   4.3650   0.0000   0.0000
    6.60    2.24100000   2.2410   1.3974   3.9992   4.3720   0.0000   0.0000
    6.60    2.54900000   2.5490   1.6183   4.0417   4.3760   0.0000   0.0000
    6.60    2.89900000   2.8990   1.8341   4.0808   4.3720   0.0000   0.0000
    6.60    3.29700000   3.2970   2.0448   4.1179   4.3660   0.0000   0.0000
    6.60    3.75100000   3.7510   2.2535   4.1544   4.3590   0.0000   0.0000
    6.60    4.26600000   4.2660   2.4585   4.1902   4.3520   0.0000   0.0000
    6.60    4.85200000   4.8520   2.6611   4.2247   4.3420   0.0000   0.0000
    6.60    5.51900000   5.5190   2.8589   4.2574   4.3290   0.0000   0.0000
    6.60    6.27700000   6.2770   3.0568   4.2892   4.3130   0.0000   0.0000
    6.60    7.14000000   7.1400   3.2546   4.3204   4.2950   0.0000   0.0000
    6.60    8.12100000   8.1210   3.4462   4.3496   4.2760   0.0000   0.0000
    6.60    9.23700000   9.2360   3.6395   4.3787   4.2550   0.0000   0.0000
    6.60   10.50600000  10.5040   3.8303   4.4069   4.2330   0.0000   0.0000
    6.60   11.95000000  11.9420   4.0177   4.4335   4.2080   0.0000   0.0000
    6.60   13.59200000  13.5700   4.2002   4.4587   4.1820   0.0000   0.0000
    6.60   15.45900000  15.4120   4.3820   4.4818   4.1480   0.0000   0.0000
    6.60   17.58400000  17.5060   4.5573   4.5025   4.1120   0.0000   0.0000
    6.60   20.00000000  19.8730   4.7370   4.5219   4.0670   0.0000   0.0000
    6.60   22.74800000  22.4750   4.9041   4.5371   4.0140   0.0000   0.0000
    6.60   25.87400000  25.3500   5.0699   4.5504   3.9530   0.0000   0.0000
    6.60   29.42900000  28.4500   5.2244   4.5620   3.8920   0.0000   0.0000
    6.60   33.47300000  31.7100   5.3738   4.5726   3.8270   0.0000   0.0000
    6.60   38.07300000  35.0240   5.5168   4.5869   3.7760   0.0000   0.0000
    6.60   43.30500000  38.2540   5.6490   4.6101   3.7690   0.0000   0.0000
    6.60   49.25500000  41.1700   5.7727   4.6388   3.7890   0.0000   0.0000
    6.60   56.02400000  43.3620   5.8929   4.6666   3.8020   0.0000   9.0000
    6.60   63.72200000  44.6720   6.0107   4.5280   3.8590   0.0000   9.0000
    6.60   72.47800000  45.1090   6.1138   4.5178   3.8310   0.0000   9.0000
    6.60   73.81200000  45.0210   6.1300   4.5277   3.8700   0.0000   9.0000
    6.60   73.85200000  45.0180   6.1305   4.5286   3.8730   0.0000   9.0000
    6.60   73.89100000  45.0150   6.1311   4.5297   3.8770   0.0000   9.0000
    6.60   73.93100000  45.0130   6.1316   4.5308   3.8820   0.0000   9.0000
    6.60   73.97100000  45.0100   6.1321   4.5321   3.8860   0.0000   9.0000
    6.60   74.01000000  45.0080   6.1327   4.5335   3.8910   0.0000   9.0000
    6.60   74.05000000  45.0050   6.1332   4.5349   3.8960   0.0000   9.0000
    6.60   74.09000000  45.0030   6.1338   4.5366   3.9020   0.0000   9.0000
    6.60   74.13000000  45.0010   6.1344   4.5385   3.9090   0.0000   9.0000
    6.60   74.16900000  44.9990   6.1350   4.5406   3.9160   0.0000   9.0000
    6.60   74.20900000  44.9970   6.1357   4.5435   3.9260   0.0000   9.0000
    6.60   74.24900000  44.9960   6.1364   4.5472   3.9380   0.0000   9.0000
    6.60   74.28900000  44.9940   6.1371   4.5509   3.9500   0.0000   9.0000
    6.60   74.32900000  44.9930   6.1380   4.5557   3.9660   0.0000   9.0000
    6.60   74.36900000  44.9930   6.1390   4.5614   3.9840   0.0000   9.0000
    6.60   74.40800000  44.9930   6.1407   4.5717   4.0140   0.0000   9.0000
    6.60   74.44800000  44.9940   6.1435   4.5887   4.0610   0.0000   9.0000
    6.60   74.48800000  44.9950   6.1463   4.6058   4.1080   0.0000   9.0000
    6.60   74.52800000  44.9900   6.1507   4.5194   4.1770   0.0000   9.0000
    6.60   74.56800000  44.9450   6.1604   4.4480   4.3130   0.0000   9.0000
    6.60   74.60800000  44.7630   6.1757   4.3696   4.5230   0.0000   0.0000
    6.60   74.64800000  44.6060   6.1983   4.4060   4.3560   0.0000   9.0000
    6.60   74.68800000  44.4090   6.2180   4.2653   3.7600   0.0000   0.0000
    6.60   74.72900000  43.8000   6.2309   4.1547   3.2970   0.0000   0.0000
    6.60   74.76900000  43.2760   6.2311   4.1601   3.3100   0.0000   0.0000
    6.60   74.80900000  42.8670   6.2250   4.1827   3.4260   0.0000   0.0000
    6.60   74.84900000  42.4630   6.2189   4.2051   3.5420   0.0000   0.0000
    6.60   74.88900000  42.0640   6.2128   4.2274   3.6570   0.0000   0.0000
    6.60   74.92900000  41.6700   6.2067   4.2496   3.7720   0.0000   0.0000
    6.60   74.96900000  41.2810   6.2005   4.2716   3.8870   0.0000   0.0000
    6.60   75.01000000  40.8960   6.1944   4.2936   4.0010   0.0000   0.0000
    6.60   75.05000000  40.5300   6.1884   4.3153   4.1120   0.0000   0.0000
    6.60   75.09000000  40.3480   6.1843   4.3359   4.1910   0.0000   0.0000
    6.60   75.13100000  40.1660   6.1803   4.3563   4.2700   0.0000   0.0000
    6.60   75.17100000  39.9840   6.1763   4.3766   4.3480   0.0000   0.0000
    6.60   75.21100000  39.8030   6.1722   4.3967   4.4250   0.0000   0.0000
    6.60   75.25200000  39.6230   6.1682   4.4166   4.5020   0.0000   9.0000
    6.60   75.29200000  39.4720   6.1649   4.4302   4.5520   0.0000   9.0000
    6.60   75.33200000  39.3310   6.1619   4.4416   4.5940   0.0000   9.0000
    6.60   75.37300000  39.1890   6.1589   4.4530   4.6350   0.0000   9.0000
    6.60   75.41300000  39.0480   6.1559   4.4642   4.6760   0.0000   9.0000
    6.60   75.45400000  38.9060   6.1528   4.4754   4.7170   0.0000   9.0000
    6.60   75.49400000  38.7640   6.1498   4.4865   4.7570   0.0000   9.0000
    6.60   77.29700000  35.0550   6.0780   4.5820   4.6900   0.0000   9.0000
    6.60   79.82600000  33.0150   6.0655   4.5987   4.9500   0.0000   9.0000
    6.60   82.43700000  30.0160   6.0269   4.6401   5.5130   0.0000   9.0000
    6.60   85.13400000  27.9740   6.0068   4.7289   5.5470   0.0000   9.0000
    6.60   87.91900000  25.7700   5.9857   4.7867   5.6530   0.0000   9.0000
# log(age) Mini Mact logl logt logg Composition Phase
    6.65    0.80000000   0.8000  -0.5907   3.6873   4.6340   0.0000   0.0000
    6.65    0.91000000   0.9100  -0.3268   3.7277   4.5880   0.0000   0.0000
    6.65    1.03500000   1.0350  -0.0601   3.7636   4.5200   0.0000   0.0000
    6.65    1.17700000   1.1770   0.1890   3.7921   4.4410   0.0000   0.0000
    6.65    1.33900000   1.3390   0.4398   3.8201   4.3580   0.0000   0.0000
    6.65    1.52300000   1.5230   0.6949   3.8581   4.3110   0.0000   0.0000
    6.65    1.73200000   1.7320   0.9397   3.9055   4.3450   0.0000   0.0000
    6.65    1.97000000   1.9700   1.1742   3.9552   4.3650   0.0000   0.0000
    6.65    2.24100000   2.2410   1.3974   3.9992   4.3720   0.0000   0.0000
    6.65    2.54900000   2.5490   1.6183   4.0417   4.3760   0.0000   0.0000
    6.65    2.89900000   2.8990   1.8341   4.0807   4.3720   0.0000   0.0000
    6.65    3.29700000   3.2970   2.0448   4.1179   4.3660   0.0000   0.0000
    6.65    3.75100000   3.7510   2.2535   4.1544   4.3590   0.0000   0.0000
    6.65    4.26600000   4.2660   2.4592   4.1899   4.3500   0.0000   0.0000
    6.65    4.85200000   4.8520   2.6618   4.2244   4.3400   0.0000   0.0000
    6.65    5.51900000   5.5190   2.8602   4.2570   4.3260   0.0000   0.0000
    6.65    6.27700000   6.2770   3.0583   4.2888   4.3100   0.0000   0.0000
    6.65    7.14000000   7.1400   3.2570   4.3198   4.2910   0.0000   0.0000
    6.65    8.12100000   8.1210   3.4496   4.3490   4.2710   0.0000   0.0000
    6.65    9.23700000   9.2360   3.6440   4.3781   4.2490   0.0000   0.0000
    6.65   10.50600000  10.5030   3.8363   4.4062   4.2250   0.0000   0.0000
    6.65   11.95000000  11.9410   4.0259   4.4327   4.1970   0.0000   0.0000
    6.65   13.59200000  13.5670   4.2105   4.4578   4.1680   0.0000   0.0000
    6.65   15.45900000  15.4050   4.3954   4.4803   4.1290   0.0000   0.0000
    6.65   17.58400000  17.4930   4.5737   4.5003   4.0870   0.0000   0.0000
    6.65   20.00000000  19.8510   4.7576   4.5188   4.0340   0.0000   0.0000
    6.65   22.74800000  22.4250   4.9282   4.5324   3.9700   0.0000   0.0000
    6.65   25.87400000  25.2490   5.0979   4.5441   3.8980   0.0000   0.0000
    6.65   29.42900000  28.2480   5.2565   4.5542   3.8240   0.0000   0.0000
    6.65   33.47300000  31.3180   5.4099   4.5653   3.7520   0.0000   0.0000
    6.65   38.07300000  34.2840   5.5566   4.5836   3.7090   0.0000   0.0000
    6.65   43.30500000  36.9350   5.6914   4.6077   3.6990   0.0000   0.0000
    6.65   49.25500000  38.8410   5.8197   4.6031   3.7030   0.0000   9.0000
    6.65   56.02400000  39.3170   5.9433   4.5190   3.7190   0.0000   9.0000
    6.65   59.39700000  38.6810   5.9999   4.5168   3.7940   0.0000   9.0000
    6.65   59.42900000  38.6720   6.0005   4.5175   3.7970   0.0000   9.0000
    6.65   59.46100000  38.6630   6.0011   4.5183   3.8010   0.0000   9.0000
    6.65   59.49300000  38.6530   6.0017   4.5192   3.8060   0.0000   9.0000
    6.65   59.52500000  38.6440   6.0024   4.5201   3.8110   0.0000   9.0000
    6.65   59.55700000  38.6350   6.0030   4.5212   3.8160   0.0000   9.0000
    6.65   59.58900000  38.6260   6.0036   4.5224   3.8220   0.0000   9.0000
    6.65   59.62100000  38.6180   6.0043   4.5237   3.8280   0.0000   9.0000
    6.65   59.65300000  38.6090   6.0051   4.5253   3.8360   0.0000   9.0000
    6.65   59.68500000  38.6000   6.0058   4.5270   3.8430   0.0000   9.0000
    6.65   59.71700000  38.5910   6.0067   4.5293   3.8530   0.0000   9.0000
    6.65   59.74900000  38.5820   6.0076   4.5320   3.8650   0.0000   9.0000
    6.65   59.78100000  38.5740   6.0085   4.5352   3.8790   0.0000   9.0000
    6.65   59.81300000  38.5650   6.0097   4.5396   3.8960   0.0000   9.0000
    6.65   59.84500000  38.5570   6.0110   4.5450   3.9170   0.0000   9.0000
    6.65   59.87700000  38.5500   6.0140   4.5564   3.9570   0.0000   9.0000
    6.65   59.90900000  38.5430   6.0204   4.5796   4.0320   0.0000   9.0000
    6.65   59.94100000  38.5370   6.0267   4.6027   4.1080   0.0000   9.0000
    6.65   59.97400000  38.5320   6.0364   4.6384   4.2160   0.0000   9.0000
    6.65   60.00600000  38.4500   6.0515   4.3979   4.3680   0.0000   0.0000
    6.65   60.03800000  38.4210   6.0910   4.5141   3.8360   0.0000   9.0000
    6.65   60.07000000  38.3900   6.1207   4.1941   2.7460   0.0000   0.0000
    6.65   60.10200000  37.6610   6.1293   3.8520   1.3150   0.0000   0.0000
    6.65   60.13500000  36.8200   6.1381   3.8545   1.2340   0.0000   0.0000
    6.65   60.16700000  36.2150   6.1362   3.8962   1.4160   0.0000   0.0000
    6.65   60.19900000  35.6580   6.1336   3.9456   1.6280   0.0000   0.0000
    6.65   60.23200000  35.1110   6.1309   3.9948   1.8390   0.0000   0.0000
    6.65   60.26400000  34.5730   6.1283   4.0438   2.0490   0.0000   0.0000
    6.65   60.29600000  34.0450   6.1257   4.0928   2.2590   0.0000   0.0000
    6.65   60.32900000  33.5260   6.1230   4.1416   2.4680   0.0000   0.0000
    6.65   60.36100000  33.1290   6.1202   4.1925   2.6770   0.0000   0.0000
    6.65   60.39300000  33.0630   6.1172   4.2501   2.8850   0.0000   0.0000
    6.65   60.42600000  32.9960   6.1142   4.3074   3.0910   0.0000   0.0000
    6.65   60.45800000  32.9290   6.1112   4.3645   3.2980   0.0000   0.0000
    6.65   60.49100000  32.8610   6.1082   4.4215   3.5030   0.0000   9.0000
    6.65   60.52300000  32.8250   6.1057   4.4618   3.6440   0.0000   9.0000
    6.65   60.55600000  32.8120   6.1035   4.4895   3.7370   0.0000   9.0000
    6.65   60.58800000  32.7990   6.1014   4.5172   3.8290   0.0000   9.0000
    6.65   60.62100000  32.7860   6.0992   4.5448   3.9220   0.0000   9.0000
    6.65   60.65300000  32.7720   6.0971   4.5723   4.0140   0.0000   9.0000
    6.65   60.68600000  32.7570   6.0950   4.5998   4.1050   0.0000   9.0000
    6.65   60.71800000  32.7420   6.0928   4.6272   4.1970   0.0000   9.0000
    6.65   61.70300000  29.1860   5.9579   4.5130   5.1660   0.0000   9.0000
    6.65   63.72200000  26.8930   5.9333   4.6182   5.1620   0.0000   9.0000
    6.65   65.80600000  24.1120   5.8869   4.6333   5.5000   0.0000   9.0000
    6.65   67.95900000  22.0980   5.8573   4.7260   5.5600   0.0000   9.0000
# log(age) Mini Mact logl logt logg Composition Phase
    6.70    0.80000000   0.8000  -0.5907   3.6873   4.6340   0.0000   0.0000
    6.70    0.91000000   0.9100  -0.3268   3.7277   4.5880   0.0000   0.0000
    6.70    1.03500000   1.0350  -0.0601   3.7636   4.5200   0.0000   0.0000
    6.70    1.17700000   1.1770   0.1891   3.7921   4.4410   0.0000   0.0000
    6.70    1.33900000   1.3390   0.4399   3.8201   4.3580   0.0000   0.0000
    6.70    1.52300000   1.5230   0.6949   3.8581   4.3120   0.0000   0.0000
    6.70    1.73200000   1.7320   0.9397   3.9055   4.3450   0.0000   0.0000
    6.70    1.97000000   1.9700   1.1742   3.9552   4.3650   0.0000   0.0000
    6.70    2.24100000   2.2410   1.3974   3.9992   4.3720   0.0000   0.0000
    6.70    2.54900000   2.5490   1.6183   4.0417   4.3760   0.0000   0.0000
    6.70    2.89900000   2.8990   1.8341   4.0807   4.3720   0.0000   0.0000
    6.70    3.29700000   3.2970   2.0448   4.1179   4.3660   0.0000   0.0000
    6.70    3.75100000   3.7510   2.2535   4.1544   4.3590   0.0000   0.0000
    6.70    4.26600000   4.2660   2.4599   4.1897   4.3480   0.0000   0.0000
    6.70    4.85200000   4.8520   2.6626   4.2242   4.3370   0.0000   0.0000
    6.70    5.51900000   5.5190   2.8616   4.2566   4.3230   0.0000   0.0000
    6.70    6.27700000   6.2770   3.0604   4.2883   4.3050   0.0000   0.0000
    6.70    7.14000000   7.1400   3.2598   4.3192   4.2850   0.0000   0.0000
    6.70    8.12100000   8.1210   3.4534   4.3484   4.2640   0.0000   0.0000
    6.70    9.23700000   9.2360   3.6492   4.3774   4.2410   0.0000   0.0000
    6.70   10.50600000  10.5030   3.8432   4.4054   4.2150   0.0000   0.0000
    6.70   11.95000000  11.9400   4.0354   4.4318   4.1840   0.0000   0.0000
    6.70   13.59200000  13.5630   4.2225   4.4566   4.1520   0.0000   0.0000
    6.70   15.45900000  15.3970   4.4109   4.4785   4.1070   0.0000   0.0000
    6.70   17.58400000  17.4780   4.5930   4.4976   4.0580   0.0000   0.0000
    6.70   20.00000000  19.8250   4.7820   4.5144   3.9920   0.0000   0.0000
    6.70   22.74800000  22.3630   4.9569   4.5262   3.9160   0.0000   0.0000
    6.70   25.87400000  25.1200   5.1316   4.5355   3.8270   0.0000   0.0000
    6.70   29.42900000  27.9860   5.2955   4.5442   3.7380   0.0000   0.0000
    6.70   33.47300000  30.7920   5.4540   4.5564   3.6600   0.0000   0.0000
    6.70   38.07300000  33.2420   5.6051   4.5740   3.6060   0.0000   0.0000
    6.70   43.30500000  34.9920   5.7446   4.5507   3.5280   0.0000   0.0000
    6.70   49.04400000  35.3740   5.8743   4.5099   3.4890   0.0000   9.0000
    6.70   49.07100000  35.3690   5.8750   4.5103   3.4910   0.0000   9.0000
    6.70   49.09700000  35.3650   5.8757   4.5109   3.4940   0.0000   9.0000
    6.70   49.12300000  35.3610   5.8764   4.5115   3.4980   0.0000   9.0000
    6.70   49.15000000  35.3570   5.8771   4.5123   3.5010   0.0000   9.0000
    6.70   49.17600000  35.3520   5.8778   4.5134   3.5060   0.0000   9.0000
    6.70   49.20300000  35.3470   5.8786   4.5144   3.5110   0.0000   9.0000
    6.70   49.22900000  35.3430   5.8793   4.5156   3.5170   0.0000   9.0000
    6.70   49.25500000  35.3380   5.8801   4.5169   3.5230   0.0000   9.0000
    6.70   49.28200000  35.3340   5.8810   4.5185   3.5300   0.0000   9.0000
    6.70   49.30800000  35.3290   5.8819   4.5204   3.5380   0.0000   9.0000
    6.70   49.33500000  35.3250   5.8829   4.5227   3.5470   0.0000   9.0000
    6.70   49.36100000  35.3200   5.8840   4.5254   3.5590   0.0000   9.0000
    6.70   49.38800000  35.3150   5.8853   4.5290   3.5730   0.0000   9.0000
    6.70   49.41400000  35.3110   5.8869   4.5337   3.5920   0.0000   9.0000
    6.70   49.44100000  35.3070   5.8887   4.5394   3.6130   0.0000   9.0000
    6.70   49.46700000  35.3030   5.8954   4.5557   3.6680   0.0000   9.0000
    6.70   49.49400000  35.3000   5.9036   4.5754   3.7320   0.0000   9.0000
    6.70   49.52000000  35.2960   5.9119   4.5951   3.7970   0.0000   9.0000
    6.70   49.54700000  35.2710   5.9288   4.4465   3.7760   0.0000   9.0000
    6.70   49.57300000  35.2310   5.9621   4.4330   3.1720   0.0000   9.0000
    6.70   49.60000000  35.0390   5.9874   4.1248   2.0230   0.0000   0.0000
    6.70   49.62700000  34.4950   6.0010   3.8554   0.8860   0.0000   0.0000
    6.70   49.65300000  33.6820   6.0070   3.8355   0.7850   0.0000   0.0000
    6.70   49.68000000  32.9650   6.0070   3.8711   0.9290   0.0000   0.0000
    6.70   49.70700000  32.2650   6.0070   3.9068   1.0730   0.0000   0.0000
    6.70   49.73300000  31.5790   6.0070   3.9427   1.2190   0.0000   0.0000
    6.70   49.76000000  30.9090   6.0069   3.9786   1.3640   0.0000   0.0000
    6.70   49.78700000  30.2540   6.0069   4.0147   1.5100   0.0000   0.0000
    6.70   49.81300000  29.8070   6.0057   4.0527   1.6580   0.0000   0.0000
    6.70   49.84000000  29.6400   6.0029   4.0933   1.8050   0.0000   0.0000
    6.70   49.86700000  29.4760   6.0002   4.1341   1.9540   0.0000   0.0000
    6.70   49.89400000  29.3130   5.9974   4.1750   2.1030   0.0000   0.0000
    6.70   49.92000000  29.1390   5.9945   4.2128   2.2460   0.0000   0.0000
    6.70   49.94700000  28.8790   5.9903   4.2267   2.3430   0.0000   0.0000
    6.70   49.97400000  28.6230   5.9862   4.2408   2.4400   0.0000   0.0000
    6.70   50.00100000  28.3710   5.9820   4.2550   2.5380   0.0000   0.0000
    6.70   50.02800000  28.1230   5.9779   4.2693   2.6350   0.0000   0.0000
    6.70   50.05400000  27.8780   5.9738   4.2837   2.7330   0.0000   0.0000
    6.70   50.08100000  27.4600   5.9679   4.2645   2.8810   0.0000   0.0000
    6.70   50.10800000  26.7970   5.9594   4.1957   3.1050   0.0000   0.0000
    6.70   50.13500000  26.3600   5.9511   4.1825   3.3110   0.0000   0.0000
    6.70   50.86700000  23.9770   5.8434   4.4992   4.5810   0.0000   9.0000
    6.70   52.53100000  22.3870   5.8257   4.6226   4.9540   0.0000   9.0000
    6.70   54.24900000  18.8140   5.7370   4.6772   5.5520   0.0000   9.0000
    6.70   56.02400000  17.1930   5.7196   4.7747   5.6410   0.0000   9.0000
# log(age) Mini Mact logl logt logg Composition Phase
    6.75    0.80000000   0.8000  -0.5907   3.6873   4.6340   0.0000   0.0000
    6.75    0.91000000   0.9100  -0.3267   3.7277   4.5880   0.0000   0.0000
    6.75    1.03500000   1.0350  -0.0601   3.7636   4.5200   0.0000   0.0000
    6.75    1.17700000   1.1770   0.1891   3.7921   4.4410   0.0000   0.0000
    6.75    1.33900000   1.3390   0.4399   3.8201   4.3580   0.0000   0.0000
    6.75    1.52300000   1.5230   0.6949   3.8581   4.3120   0.0000   0.0000
    6.75    1.73200000   1.7320   0.9398   3.9055   4.3450   0.0000   0.0000
    6.75    1.97000000   1.9700   1.1742   3.9552   4.3650   0.0000   0.0000
    6.75    2.24100000   2.2410   1.3974   3.9992   4.3720   0.0000   0.0000
    6.75    2.54900000   2.5490   1.6183   4.0417   4.3760   0.0000   0.0000
    6.75    2.89900000   2.8990   1.8341   4.0807   4.3720   0.0000   0.0000
    6.75    3.29700000   3.2970   2.0448   4.1179   4.3660   0.0000   0.0000
    6.75    3.75100000   3.7510   2.2540   4.1543   4.3570   0.0000   0.0000
    6.75    4.26600000   4.2660   2.4606   4.1894   4.3460   0.0000   0.0000
    6.75    4.85200000   4.8520   2.6634   4.2239   4.3350   0.0000   0.0000
    6.75    5.51900000   5.5190   2.8630   4.2562   4.3190   0.0000   0.0000
    6.75    6.27700000   6.2770   3.0625   4.2877   4.3010   0.0000   0.0000
    6.75    7.14000000   7.1400   3.2630   4.3186   4.2800   0.0000   0.0000
    6.75    8.12100000   8.1210   3.4577   4.3477   4.2580   0.0000   0.0000
    6.75    9.23700000   9.2360   3.6552   4.3768   4.2320   0.0000   0.0000
    6.75   10.50600000  10.5030   3.8512   4.4046   4.2040   0.0000   0.0000
    6.75   11.95000000  11.9380   4.0464   4.4307   4.1690   0.0000   0.0000
    6.75   13.59200000  13.5580   4.2365   4.4552   4.1320   0.0000   0.0000
    6.75   15.45900000  15.3870   4.4290   4.4762   4.0800   0.0000   0.0000
    6.75   17.58400000  17.4600   4.6158   4.4940   4.0210   0.0000   0.0000
    6.75   20.00000000  19.7910   4.8112   4.5084   3.9390   0.0000   0.0000
    6.75   22.74800000  22.2830   4.9915   4.5174   3.8460   0.0000   0.0000
    6.75   25.87400000  24.9540   5.1728   4.5232   3.7330   0.0000   0.0000
    6.75   29.42900000  27.6380   5.3434   4.5297   3.6220   0.0000   0.0000
    6.75   33.47300000  30.0670   5.5084   4.5398   3.5240   0.0000   0.0000
    6.75   38.07300000  31.7840   5.6673   4.5243   3.3230   0.0000   0.0000
    6.75   40.49600000  32.3080   5.7481   4.5024   3.1850   0.0000   0.0000
    6.75   40.51800000  32.3110   5.7489   4.5032   3.1890   0.0000   0.0000
    6.75   40.53900000  32.3130   5.7497   4.5038   3.1910   0.0000   0.0000
    6.75   40.56100000  32.3150   5.7504   4.5042   3.1930   0.0000   0.0000
    6.75   40.58300000  32.3170   5.7512   4.5049   3.1960   0.0000   0.0000
    6.75   40.60500000  32.3190   5.7520   4.5053   3.1980   0.0000   0.0000
    6.75   40.62700000  32.3210   5.7528   4.5061   3.2010   0.0000   0.0000
    6.75   40.64800000  32.3230   5.7536   4.5069   3.2050   0.0000   0.0000
    6.75   40.67000000  32.3250   5.7545   4.5084   3.2110   0.0000   0.0000
    6.75   40.69200000  32.3260   5.7555   4.5097   3.2170   0.0000   0.0000
    6.75   40.71400000  32.3280   5.7565   4.5113   3.2230   0.0000   0.0000
    6.75   40.73600000  32.3290   5.7576   4.5133   3.2310   0.0000   0.0000
    6.75   40.75800000  32.3300   5.7588   4.5158   3.2410   0.0000   0.0000
    6.75   40.77900000  32.3310   5.7603   4.5188   3.2530   0.0000   0.0000
    6.75   40.80100000  32.3320   5.7620   4.5227   3.2680   0.0000   0.0000
    6.75   40.82300000  32.3330   5.7643   4.5280   3.2880   0.0000   0.0000
    6.75   40.84500000  32.3330   5.7684   4.5358   3.3160   0.0000   0.0000
    6.75   40.86700000  32.3320   5.7790   4.5511   3.3660   0.0000   0.0000
    6.75   40.88900000  32.3320   5.7896   4.5664   3.4170   0.0000   0.0000
    6.75   40.91100000  32.3300   5.7986   4.5248   3.3030   0.0000   0.0000
    6.75   40.93300000  32.3180   5.8302   4.3827   2.6480   0.0000   0.0000
    6.75   40.95500000  32.0620   5.8472   4.1181   1.5760   0.0000   0.0000
    6.75   40.97700000  31.8040   5.8662   3.8673   0.5630   0.0000   0.0000
    6.75   40.99900000  31.1920   5.8753   3.8066   0.2960   0.0000   0.0000
    6.75   41.02100000  30.4190   5.8782   3.8215   0.3450   0.0000   0.0000
    6.75   41.04300000  29.6650   5.8810   3.8365   0.3940   0.0000   0.0000
    6.75   41.06500000  28.9310   5.8838   3.8517   0.4430   0.0000   0.0000
    6.75   41.08700000  28.2150   5.8865   3.8669   0.4930   0.0000   0.0000
    6.75   41.10900000  27.5180   5.8893   3.8823   0.5440   0.0000   0.0000
    6.75   41.13100000  26.9450   5.8908   3.8978   0.5970   0.0000   0.0000
    6.75   41.15300000  26.7160   5.8885   3.9136   0.6580   0.0000   0.0000
    6.75   41.17500000  26.4900   5.8862   3.9295   0.7200   0.0000   0.0000
    6.75   41.19700000  26.2650   5.8839   3.9456   0.7820   0.0000   0.0000
    6.75   41.21900000  26.0440   5.8816   3.9617   0.8440   0.0000   0.0000
    6.75   41.24100000  25.6230   5.8763   3.9594   0.9220   0.0000   0.0000
    6.75   41.26400000  25.1440   5.8698   3.9508   1.0050   0.0000   0.0000
    6.75   41.28600000  24.6760   5.8634   3.9423   1.0880   0.0000   0.0000
    6.75   41.30800000  24.2170   5.8571   3.9340   1.1710   0.0000   0.0000
    6.75   41.33000000  23.7680   5.8507   3.9258   1.2550   0.0000   0.0000
    6.75   41.35200000  23.2760   5.8436   3.9226   1.3910   0.0000   0.0000
    6.75   41.37400000  22.7130   5.8353   3.9270   1.6120   0.0000   0.0000
    6.75   41.39700000  22.1630   5.8270   3.9311   1.8320   0.0000   0.0000
    6.75   41.93300000  20.1800   5.7466   4.4791   3.7980   0.0000   9.0000
    6.75   43.30500000  19.5670   5.7427   4.6230   4.3930   0.0000   9.0000
    6.75   44.72100000  15.8730   5.6214   4.6737   5.5620   0.0000   9.0000
    6.75   46.18400000  14.3100   5.6002   4.7783   5.6770   0.0000   9.0000
# log(age) Mini Mact logl logt logg Composition Phase
    6.80    0.80000000   0.8000  -0.5907   3.6873   4.6340   0.0000   0.0000
    6.80    0.91000000   0.9100  -0.3267   3.7277   4.5870   0.0000   0.0000
    6.80    1.03500000   1.0350  -0.0601   3.7636   4.5200   0.0000   0.0000
    6.80    1.17700000   1.1770   0.1891   3.7921   4.4410   0.0000   0.0000
    6.80    1.33900000   1.3390   0.4399   3.8201   4.3580   0.0000   0.0000
    6.80    1.52300000   1.5230   0.6950   3.8581   4.3120   0.0000   0.0000
    6.80    1.73200000   1.7320   0.9398   3.9055   4.3450   0.0000   0.0000
    6.80    1.97000000   1.9700   1.1742   3.9552   4.3650   0.0000   0.0000
    6.80    2.24100000   2.2410   1.3974   3.9992   4.3720   0.0000   0.0000
    6.80    2.54900000   2.5490   1.6183   4.0417   4.3760   0.0000   0.0000
    6.80    2.89900000   2.8990   1.8341   4.0807   4.3720   0.0000   0.0000
    6.80    3.29700000   3.2970   2.0448   4.1179   4.3660   0.0000   0.0000
    6.80    3.75100000   3.7510   2.2547   4.1540   4.3550   0.0000   0.0000
    6.80    4.26600000   4.2660   2.4614   4.1892   4.3440   0.0000   0.0000
    6.80    4.85200000   4.8520   2.6648   4.2235   4.3320   0.0000   0.0000
    6.80    5.51900000   5.5190   2.8647   4.2558   4.3160   0.0000   0.0000
    6.80    6.27700000   6.2770   3.0651   4.2871   4.2960   0.0000   0.0000
    6.80    7.14000000   7.1400   3.2665   4.3179   4.2740   0.0000   0.0000
    6.80    8.12100000   8.1210   3.4626   4.3470   4.2500   0.0000   0.0000
    6.80    9.23700000   9.2360   3.6620   4.3760   4.2230   0.0000   0.0000
    6.80   10.50600000  10.5020   3.8603   4.4037   4.1910   0.0000   0.0000
    6.80   11.95000000  11.9360   4.0590   4.4294   4.1510   0.0000   0.0000
    6.80   13.59200000  13.5530   4.2528   4.4534   4.1090   0.0000   0.0000
    6.80   15.45900000  15.3740   4.4503   4.4732   4.0470   0.0000   0.0000
    6.80   17.58400000  17.4370   4.6430   4.4892   3.9740   0.0000   0.0000
    6.80   20.00000000  19.7490   4.8466   4.4999   3.8710   0.0000   0.0000
    6.80   22.74800000  22.1790   5.0339   4.5045   3.7500   0.0000   0.0000
    6.80   25.87400000  24.7380   5.2236   4.5047   3.6020   0.0000   0.0000
    6.80   29.42900000  27.1760   5.4031   4.5050   3.4500   0.0000   0.0000
    6.80   33.47300000  29.1100   5.5801   4.4833   3.2090   0.0000   0.0000
    6.80   34.14500000  29.3260   5.6088   4.4830   3.1820   0.0000   0.0000
    6.80   34.16300000  29.3310   5.6097   4.4834   3.1830   0.0000   0.0000
    6.80   34.18100000  29.3370   5.6105   4.4841   3.1850   0.0000   0.0000
    6.80   34.20000000  29.3420   5.6114   4.4846   3.1860   0.0000   0.0000
    6.80   34.21800000  29.3480   5.6124   4.4853   3.1880   0.0000   0.0000
    6.80   34.23600000  29.3530   5.6133   4.4860   3.1900   0.0000   0.0000
    6.80   34.25500000  29.3590   5.6143   4.4868   3.1920   0.0000   0.0000
    6.80   34.27300000  29.3640   5.6153   4.4878   3.1950   0.0000   0.0000
    6.80   34.29100000  29.3690   5.6163   4.4889   3.1990   0.0000   0.0000
    6.80   34.31000000  29.3740   5.6174   4.4904   3.2040   0.0000   0.0000
    6.80   34.32800000  29.3790   5.6185   4.4919   3.2090   0.0000   0.0000
    6.80   34.34700000  29.3840   5.6198   4.4938   3.2150   0.0000   0.0000
    6.80   34.36500000  29.3890   5.6212   4.4963   3.2240   0.0000   0.0000
    6.80   34.38300000  29.3940   5.6228   4.4994   3.2340   0.0000   0.0000
    6.80   34.40200000  29.3990   5.6248   4.5033   3.2480   0.0000   0.0000
    6.80   34.42000000  29.4030   5.6275   4.5086   3.2670   0.0000   0.0000
    6.80   34.43900000  29.4070   5.6325   4.5170   3.2950   0.0000   0.0000
    6.80   34.45700000  29.4100   5.6453   4.5337   3.3490   0.0000   0.0000
    6.80   34.47600000  29.4130   5.6560   4.5479   3.3950   0.0000   0.0000
    6.80   34.49400000  29.4160   5.6768   4.4547   3.0020   0.0000   0.0000
    6.80   34.51300000  29.3670   5.7049   4.2567   2.1810   0.0000   0.0000
    6.80   34.53100000  29.1320   5.7205   3.9828   1.0660   0.0000   0.0000
    6.80   34.55000000  28.8780   5.7335   3.8051   0.3380   0.0000   0.0000
    6.80   34.56800000  28.2130   5.7374   3.7991   0.3000   0.0000   0.0000
    6.80   34.58700000  27.5620   5.7403   3.8007   0.2940   0.0000   0.0000
    6.80   34.60600000  26.9250   5.7431   3.8023   0.2870   0.0000   0.0000
    6.80   34.62400000  26.3020   5.7459   3.8041   0.2810   0.0000   0.0000
    6.80   34.64300000  25.6910   5.7487   3.8059   0.2760   0.0000   0.0000
    6.80   34.66100000  25.1810   5.7491   3.8118   0.2900   0.0000   0.0000
    6.80   34.68000000  24.7420   5.7478   3.8206   0.3190   0.0000   0.0000
    6.80   34.69900000  24.3120   5.7464   3.8294   0.3480   0.0000   0.0000
    6.80   34.71700000  23.8900   5.7450   3.8383   0.3770   0.0000   0.0000
    6.80   34.73600000  23.5050   5.7426   3.8435   0.4310   0.0000   0.0000
    6.80   34.75400000  23.1420   5.7395   3.8462   0.5010   0.0000   0.0000
    6.80   34.77300000  22.7830   5.7363   3.8488   0.5700   0.0000   0.0000
    6.80   34.79200000  22.4290   5.7332   3.8512   0.6400   0.0000   0.0000
    6.80   34.81000000  22.1000   5.7298   3.8556   0.7260   0.0000   0.0000
    6.80   34.82900000  21.8020   5.7262   3.8628   0.8340   0.0000   0.0000
    6.80   34.84800000  21.5060   5.7225   3.8701   0.9440   0.0000   0.0000
    6.80   34.86600000  21.2110   5.7188   3.8773   1.0540   0.0000   0.0000
    6.80   34.88500000  21.0190   5.7159   3.9036   1.1520   0.0000   0.0000
    6.80   35.69900000  16.5320   5.6233   4.4869   3.6040   0.0000   9.0000
    6.80   36.86700000  15.1360   5.5709   4.5361   4.5260   0.0000   9.0000
    6.80   38.07300000  12.3420   5.4794   4.7498   5.6270   0.0000   9.0000
# log(age) Mini Mact logl logt logg Composition Phase
    6.85    0.80000000   0.8000  -0.5907   3.6873   4.6340   0.0000   0.0000
    6.85    0.91000000   0.9100  -0.3267   3.7277   4.5870   0.0000   0.0000
    6.85    1.03500000   1.0350  -0.0600   3.7636   4.5200   0.0000   0.0000
    6.85    1.17700000   1.1770   0.1892   3.7921   4.4410   0.0000   0.0000
    6.85    1.33900000   1.3390   0.4399   3.8201   4.3580   0.0000   0.0000
    6.85    1.52300000   1.5230   0.6950   3.8581   4.3120   0.0000   0.0000
    6.85    1.73200000   1.7320   0.9398   3.9055   4.3450   0.0000   0.0000
    6.85    1.97000000   1.9700   1.1742   3.9552   4.3650   0.0000   0.0000
    6.85    2.24100000   2.2410   1.3974   3.9992   4.3720   0.0000   0.0000
    6.85    2.54900000   2.5490   1.6182   4.0417   4.3760   0.0000   0.0000
    6.85    2.89900000   2.8990   1.8341   4.0807   4.3720   0.0000   0.0000
    6.85    3.29700000   3.2970   2.0448   4.1179   4.3660   0.0000   0.0000
    6.85    3.75100000   3.7510   2.2554   4.1538   4.3530   0.0000   0.0000
    6.85    4.26600000   4.2660   2.4621   4.1889   4.3410   0.0000   0.0000
    6.85    4.85200000   4.8520   2.6662   4.2231   4.3280   0.0000   0.0000
    6.85    5.51900000   5.5190   2.8668   4.2552   4.3110   0.0000   0.0000
    6.85    6.27700000   6.2770   3.0679   4.2864   4.2900   0.0000   0.0000
    6.85    7.14000000   7.1400   3.2705   4.3172   4.2670   0.0000   0.0000
    6.85    8.12100000   8.1210   3.4683   4.3463   4.2420   0.0000   0.0000
    6.85    9.23700000   9.2360   3.6697   4.3751   4.2120   0.0000   0.0000
    6.85   10.50600000  10.5010   3.8709   4.4027   4.1770   0.0000   0.0000
    6.85   11.95000000  11.9340   4.0738   4.4278   4.1310   0.0000   0.0000
    6.85   13.59200000  13.5470   4.2719   4.4510   4.0810   0.0000   0.0000
    6.85   15.45900000  15.3590   4.4756   4.4693   4.0060   0.0000   0.0000
    6.85   17.58400000  17.4080   4.6758   4.4823   3.9150   0.0000   0.0000
    6.85   20.00000000  19.6960   4.8901   4.4868   3.7750   0.0000   0.0000
    6.85   22.74800000  22.0460   5.0867   4.4845   3.6140   0.0000   0.0000
    6.85   25.87400000  24.4650   5.2877   4.4723   3.3980   0.0000   0.0000
    6.85   28.91300000  26.3580   5.4576   4.4612   3.2040   0.0000   0.0000
    6.85   28.92900000  26.3660   5.4585   4.4617   3.2050   0.0000   0.0000
    6.85   28.94400000  26.3740   5.4595   4.4623   3.2060   0.0000   0.0000
    6.85   28.96000000  26.3820   5.4605   4.4630   3.2080   0.0000   0.0000
    6.85   28.97500000  26.3900   5.4615   4.4637   3.2100   0.0000   0.0000
    6.85   28.99100000  26.3970   5.4625   4.4644   3.2120   0.0000   0.0000
    6.85   29.00600000  26.4050   5.4636   4.4653   3.2150   0.0000   0.0000
    6.85   29.02200000  26.4130   5.4647   4.4662   3.2170   0.0000   0.0000
    6.85   29.03700000  26.4210   5.4658   4.4674   3.2210   0.0000   0.0000
    6.85   29.05300000  26.4280   5.4670   4.4686   3.2250   0.0000   0.0000
    6.85   29.06900000  26.4360   5.4682   4.4703   3.2300   0.0000   0.0000
    6.85   29.08400000  26.4440   5.4696   4.4725   3.2370   0.0000   0.0000
    6.85   29.10000000  26.4510   5.4712   4.4752   3.2450   0.0000   0.0000
    6.85   29.11500000  26.4590   5.4729   4.4783   3.2560   0.0000   0.0000
    6.85   29.13100000  26.4660   5.4750   4.4821   3.2690   0.0000   0.0000
    6.85   29.14700000  26.4730   5.4776   4.4870   3.2850   0.0000   0.0000
    6.85   29.16200000  26.4800   5.4816   4.4936   3.3080   0.0000   0.0000
    6.85   29.17800000  26.4870   5.4936   4.5085   3.3550   0.0000   0.0000
    6.85   29.19400000  26.4930   5.5056   4.5234   3.4030   0.0000   0.0000
    6.85   29.20900000  26.5000   5.5136   4.4805   3.2230   0.0000   0.0000
    6.85   29.22500000  26.5010   5.5468   4.3465   2.6540   0.0000   0.0000
    6.85   29.24100000  26.4320   5.5635   4.1513   1.8550   0.0000   0.0000
    6.85   29.25600000  26.3040   5.5795   3.8780   0.7430   0.0000   0.0000
    6.85   29.27200000  25.9930   5.5804   3.7360   0.1700   0.0000   0.0000
    6.85   29.28800000  25.6010   5.5825   3.7193   0.0940   0.0000   0.0000
    6.85   29.30300000  25.2120   5.5846   3.7028   0.0190   0.0000   0.0000
    6.85   29.31900000  24.8280   5.5867   3.6864  -0.0550   0.0000   0.0000
    6.85   29.33500000  24.4490   5.5888   3.6701  -0.1290   0.0000   0.0000
    6.85   29.35100000  24.0720   5.5909   3.6546  -0.2000   0.0000   0.0000
    6.85   29.36600000  23.6750   5.5905   3.6576  -0.1950   0.0000   0.0000
    6.85   29.38200000  23.2830   5.5902   3.6605  -0.1900   0.0000   0.0000
    6.85   29.39800000  22.8960   5.5899   3.6636  -0.1850   0.0000   0.0000
    6.85   29.41400000  22.5150   5.5895   3.6667  -0.1790   0.0000   0.0000
    6.85   29.42900000  22.2230   5.5893   3.6735  -0.1570   0.0000   0.0000
    6.85   29.44500000  21.9370   5.5890   3.6805  -0.1350   0.0000   0.0000
    6.85   29.46100000  21.6550   5.5888   3.6875  -0.1120   0.0000   0.0000
    6.85   29.47700000  21.3770   5.5886   3.6947  -0.0890   0.0000   0.0000
    6.85   29.49300000  21.1420   5.5883   3.7009  -0.0690   0.0000   0.0000
    6.85   29.50900000  20.9110   5.5880   3.7071  -0.0480   0.0000   0.0000
    6.85   29.52400000  20.6840   5.5877   3.7133  -0.0280   0.0000   0.0000
    6.85   29.54000000  20.4610   5.5872   3.7208  -0.0020   0.0000   0.0000
    6.85   30.39200000  13.6440   5.4976   4.4688   3.2580   0.0000   9.0000
    6.85   31.38600000  13.2450   5.4740   4.4423   3.6840   0.0000   9.0000
    6.85   32.41300000  10.5970   5.3743   4.7570   5.6530   0.0000   9.0000
# log(age) Mini Mact logl logt logg Composition Phase
    6.90    0.80000000   0.8000  -0.5907   3.6873   4.6340   0.0000   0.0000
    6.90    0.91000000   0.9100  -0.3267   3.7277   4.5870   0.0000   0.0000
    6.90    1.03500000   1.0350  -0.0600   3.7636   4.5200   0.0000   0.0000
    6.90    1.17700000   1.1770   0.1892   3.7921   4.4410   0.0000   0.0000
    6.90    1.33900000   1.3390   0.4399   3.8201   4.3580   0.0000   0.0000
    6.90    1.52300000   1.5230   0.6950   3.8582   4.3120   0.0000   0.0000
    6.90    1.73200000   1.7320   0.9398   3.9055   4.3450   0.0000   0.0000
    6.90    1.97000000   1.9700   1.1742   3.9552   4.3650   0.0000   0.0000
    6.90    2.24100000   2.2410   1.3974   3.9992   4.3720   0.0000   0.0000
    6.90    2.54900000   2.5490   1.6182   4.0417   4.3760   0.0000   0.0000
    6.90    2.89900000   2.8990   1.8341   4.0807   4.3720   0.0000   0.0000
    6.90    3.29700000   3.2970   2.0453   4.1177   4.3640   0.0000   0.0000
    6.90    3.75100000   3.7510   2.2560   4.1535   4.3510   0.0000   0.0000
    6.90    4.26600000   4.2660   2.4631   4.1886   4.3390   0.0000   0.0000
    6.90    4.85200000   4.8520   2.6676   4.2227   4.3250   0.0000   0.0000
    6.90    5.51900000   5.5190   2.8690   4.2547   4.3060   0.0000   0.0000
    6.90    6.27700000   6.2770   3.0713   4.2857   4.2840   0.0000   0.0000
    6.90    7.14000000   7.1400   3.2753   4.3165   4.2590   0.0000   0.0000
    6.90    8.12100000   8.1210   3.4748   4.3455   4.2320   0.0000   0.0000
    6.90    9.23700000   9.2360   3.6786   4.3742   4.1990   0.0000   0.0000
    6.90   10.50600000  10.5010   3.8832   4.4014   4.1600   0.0000   0.0000
    6.90   11.95000000  11.9310   4.0910   4.4258   4.1060   0.0000   0.0000
    6.90   13.59200000  13.5390   4.2947   4.4478   4.0460   0.0000   0.0000
    6.90   15.45900000  15.3400   4.5060   4.4638   3.9540   0.0000   0.0000
    6.90   17.58400000  17.3710   4.7159   4.4722   3.8350   0.0000   0.0000
    6.90   20.00000000  19.6280   4.9447   4.4658   3.6380   0.0000   0.0000
    6.90   22.74800000  21.8830   5.1532   4.4491   3.4010   0.0000   0.0000
    6.90   24.60200000  23.3020   5.2901   4.4365   3.2330   0.0000   0.0000
    6.90   24.61500000  23.3120   5.2912   4.4369   3.2340   0.0000   0.0000
    6.90   24.62800000  23.3220   5.2923   4.4374   3.2350   0.0000   0.0000
    6.90   24.64100000  23.3320   5.2934   4.4380   3.2360   0.0000   0.0000
    6.90   24.65400000  23.3410   5.2946   4.4387   3.2380   0.0000   0.0000
    6.90   24.66800000  23.3510   5.2957   4.4394   3.2400   0.0000   0.0000
    6.90   24.68100000  23.3610   5.2969   4.4401   3.2420   0.0000   0.0000
    6.90   24.69400000  23.3710   5.2981   4.4410   3.2440   0.0000   0.0000
    6.90   24.70700000  23.3800   5.2993   4.4421   3.2470   0.0000   0.0000
    6.90   24.72100000  23.3900   5.3006   4.4432   3.2510   0.0000   0.0000
    6.90   24.73400000  23.4000   5.3019   4.4445   3.2550   0.0000   0.0000
    6.90   24.74700000  23.4090   5.3033   4.4461   3.2600   0.0000   0.0000
    6.90   24.76100000  23.4190   5.3048   4.4480   3.2660   0.0000   0.0000
    6.90   24.77400000  23.4280   5.3067   4.4512   3.2740   0.0000   0.0000
    6.90   24.78700000  23.4380   5.3088   4.4549   3.2850   0.0000   0.0000
    6.90   24.80000000  23.4470   5.3114   4.4596   3.2990   0.0000   0.0000
    6.90   24.81400000  23.4570   5.3149   4.4655   3.3180   0.0000   0.0000
    6.90   24.82700000  23.4660   5.3231   4.4758   3.3500   0.0000   0.0000
    6.90   24.84000000  23.4750   5.3383   4.4918   3.3980   0.0000   0.0000
    6.90   24.85400000  23.4840   5.3429   4.4777   3.3360   0.0000   0.0000
    6.90   24.86700000  23.4910   5.3731   4.3722   2.8850   0.0000   0.0000
    6.90   24.88000000  23.4900   5.3959   4.2154   2.2300   0.0000   0.0000
    6.90   24.89400000  23.4010   5.4118   4.0122   1.3970   0.0000   0.0000
    6.90   24.90700000  23.2590   5.4105   3.7706   0.4290   0.0000   0.0000
    6.90   24.92000000  23.0760   5.4016   3.6009  -0.2440   0.0000   0.0000
    6.90   24.93400000  22.8330   5.4058   3.5964  -0.2710   0.0000   0.0000
    6.90   24.94700000  22.5920   5.4100   3.5919  -0.2970   0.0000   0.0000
    6.90   24.96100000  22.3520   5.4143   3.5874  -0.3240   0.0000   0.0000
    6.90   24.97400000  22.1010   5.4158   3.5854  -0.3390   0.0000   0.0000
    6.90   24.98700000  21.8460   5.4159   3.5848  -0.3460   0.0000   0.0000
    6.90   25.00100000  21.5960   5.4160   3.5843  -0.3540   0.0000   0.0000
    6.90   25.01400000  21.3810   5.4162   3.5844  -0.3570   0.0000   0.0000
    6.90   25.02800000  21.1680   5.4163   3.5846  -0.3610   0.0000   0.0000
    6.90   25.04100000  20.9560   5.4165   3.5848  -0.3650   0.0000   0.0000
    6.90   25.05500000  20.7460   5.4167   3.5850  -0.3690   0.0000   0.0000
    6.90   25.06800000  20.5370   5.4168   3.5852  -0.3730   0.0000   0.0000
    6.90   25.08100000  20.3240   5.4170   3.5856  -0.3760   0.0000   0.0000
    6.90   25.09500000  20.1050   5.4172   3.5863  -0.3780   0.0000   0.0000
    6.90   25.10800000  19.8870   5.4174   3.5871  -0.3790   0.0000   0.0000
    6.90   25.12200000  19.6710   5.4175   3.5879  -0.3810   0.0000   0.0000
    6.90   25.13500000  19.4530   5.4177   3.5891  -0.3810   0.0000   0.0000
    6.90   25.87400000  11.9850   5.3817   4.2310   2.0120   0.0000   0.0000
    6.90   26.72100000  11.2760   5.3744   4.5860   3.4130   0.0000   9.0000
    6.90   27.59500000  10.9160   5.4149   4.5394   4.4460   0.0000   9.0000
# log(age) Mini Mact logl logt logg Composition Phase
    6.95    0.80000000   0.8000  -0.5907   3.6873   4.6340   0.0000   0.0000
    6.95    0.91000000   0.9100  -0.3267   3.7277   4.5870   0.0000   0.0000
    6.95    1.03500000   1.0350  -0.0600   3.7636   4.5200   0.0000   0.0000
    6.95    1.17700000   1.1770   0.1892   3.7922   4.4410   0.0000   0.0000
    6.95    1.33900000   1.3390   0.4400   3.8201   4.3580   0.0000   0.0000
    6.95    1.52300000   1.5230   0.6950   3.8582   4.3120   0.0000   0.0000
    6.95    1.73200000   1.7320   0.9398   3.9055   4.3450   0.0000   0.0000
    6.95    1.97000000   1.9700   1.1743   3.9552   4.3650   0.0000   0.0000
    6.95    2.24100000   2.2410   1.3975   3.9992   4.3720   0.0000   0.0000
    6.95    2.54900000   2.5490   1.6182   4.0417   4.3760   0.0000   0.0000
    6.95    2.89900000   2.8990   1.8341   4.0807   4.3720   0.0000   0.0000
    6.95    3.29700000   3.2970   2.0460   4.1175   4.3620   0.0000   0.0000
    6.95    3.75100000   3.7510   2.2567   4.1533   4.3490   0.0000   0.0000
    6.95    4.26600000   4.2660   2.4645   4.1882   4.3350   0.0000   0.0000
    6.95    4.85200000   4.8520   2.6696   4.2222   4.3210   0.0000   0.0000
    6.95    5.51900000   5.5190   2.8717   4.2540   4.3010   0.0000   0.0000
    6.95    6.27700000   6.2770   3.0750   4.2850   4.2780   0.0000   0.0000
    6.95    7.14000000   7.1400   3.2807   4.3158   4.2510   0.0000   0.0000
    6.95    8.12100000   8.1200   3.4822   4.3446   4.2210   0.0000   0.0000
    6.95    9.23700000   9.2350   3.6890   4.3731   4.1850   0.0000   0.0000
    6.95   10.50600000  10.5000   3.8974   4.3999   4.1400   0.0000   0.0000
    6.95   11.95000000  11.9280   4.1113   4.4232   4.0760   0.0000   0.0000
    6.95   13.59200000  13.5290   4.3219   4.4435   4.0020   0.0000   0.0000
    6.95   15.45900000  15.3150   4.5431   4.4559   3.8860   0.0000   0.0000
    6.95   17.58400000  17.3220   4.7659   4.4562   3.7210   0.0000   0.0000
    6.95   20.00000000  19.5470   5.0129   4.4289   3.4240   0.0000   0.0000
    6.95   21.41000000  20.6800   5.1330   4.4215   3.2930   0.0000   0.0000
    6.95   21.42200000  20.6890   5.1341   4.4220   3.2940   0.0000   0.0000
    6.95   21.43300000  20.6980   5.1352   4.4225   3.2960   0.0000   0.0000
    6.95   21.44500000  20.7070   5.1364   4.4232   3.2970   0.0000   0.0000
    6.95   21.45600000  20.7160   5.1375   4.4239   3.2990   0.0000   0.0000
    6.95   21.46800000  20.7250   5.1387   4.4246   3.3010   0.0000   0.0000
    6.95   21.47900000  20.7340   5.1398   4.4253   3.3030   0.0000   0.0000
    6.95   21.49100000  20.7430   5.1410   4.4261   3.3050   0.0000   0.0000
    6.95   21.50200000  20.7520   5.1423   4.4270   3.3080   0.0000   0.0000
    6.95   21.51400000  20.7610   5.1436   4.4281   3.3110   0.0000   0.0000
    6.95   21.52500000  20.7700   5.1450   4.4293   3.3140   0.0000   0.0000
    6.95   21.53700000  20.7790   5.1464   4.4308   3.3190   0.0000   0.0000
    6.95   21.54800000  20.7880   5.1481   4.4331   3.3250   0.0000   0.0000
    6.95   21.56000000  20.7970   5.1502   4.4360   3.3330   0.0000   0.0000
    6.95   21.57200000  20.8060   5.1526   4.4398   3.3430   0.0000   0.0000
    6.95   21.58300000  20.8150   5.1554   4.4444   3.3570   0.0000   0.0000
    6.95   21.59500000  20.8230   5.1596   4.4507   3.3760   0.0000   0.0000
    6.95   21.60600000  20.8320   5.1699   4.4615   3.4080   0.0000   0.0000
    6.95   21.61800000  20.8410   5.1835   4.4748   3.4470   0.0000   0.0000
    6.95   21.63000000  20.8490   5.1873   4.4538   3.3560   0.0000   0.0000
    6.95   21.64100000  20.8570   5.2158   4.3682   2.9830   0.0000   0.0000
    6.95   21.65300000  20.8590   5.2380   4.2539   2.4960   0.0000   0.0000
    6.95   21.66400000  20.8350   5.2512   4.1098   1.9000   0.0000   0.0000
    6.95   21.67600000  20.7800   5.2622   3.9950   1.4280   0.0000   0.0000
    6.95   21.68800000  20.7250   5.2633   3.9429   1.2170   0.0000   0.0000
    6.95   21.69900000  20.6700   5.2643   3.8904   1.0040   0.0000   0.0000
    6.95   21.71100000  20.6140   5.2653   3.8375   0.7900   0.0000   0.0000
    6.95   21.72300000  20.5530   5.2664   3.7950   0.6170   0.0000   0.0000
    6.95   21.73400000  20.4700   5.2683   3.7897   0.5930   0.0000   0.0000
    6.95   21.74600000  20.3860   5.2702   3.7845   0.5680   0.0000   0.0000
    6.95   21.75800000  20.3020   5.2722   3.7793   0.5440   0.0000   0.0000
    6.95   21.76900000  20.2110   5.2738   3.7747   0.5210   0.0000   0.0000
    6.95   21.78100000  20.0880   5.2743   3.7729   0.5110   0.0000   0.0000
    6.95   21.79300000  19.9650   5.2747   3.7711   0.5010   0.0000   0.0000
    6.95   21.80400000  19.8410   5.2751   3.7694   0.4910   0.0000   0.0000
    6.95   21.81600000  19.7160   5.2755   3.7677   0.4810   0.0000   0.0000
    6.95   21.82800000  19.5920   5.2759   3.7659   0.4710   0.0000   0.0000
    6.95   21.83900000  19.4850   5.2764   3.7642   0.4610   0.0000   0.0000
    6.95   21.85100000  19.3900   5.2770   3.7625   0.4510   0.0000   0.0000
    6.95   21.86300000  19.2930   5.2775   3.7607   0.4420   0.0000   0.0000
    6.95   21.87500000  19.1960   5.2781   3.7590   0.4320   0.0000   0.0000
    6.95   21.88600000  19.0960   5.2786   3.7575   0.4230   0.0000   0.0000
    6.95   22.02800000  17.7810   5.2827   3.7334   0.2920   0.0000   0.0000
    6.95   22.74800000  11.1220   5.2544   4.0627   1.4330   0.0000   0.0000
    6.95   23.49200000   9.5530   5.2863   4.4937   3.0600   0.0000   9.0000
# log(age) Mini Mact logl logt logg Composition Phase
    7.00    0.80000000   0.8000  -0.5907   3.6873   4.6340   0.0000   0.0000
    7.00    0.91000000   0.9100  -0.3267   3.7277   4.5870   0.0000   0.0000
    7.00    1.03500000   1.0350  -0.0600   3.7636   4.5200   0.0000   0.0000
    7.00    1.17700000   1.1770   0.1892   3.7922   4.4410   0.0000   0.0000
    7.00    1.33900000   1.3390   0.4400   3.8201   4.3580   0.0000   0.0000
    7.00    1.52300000   1.5230   0.6951   3.8582   4.3120   0.0000   0.0000
    7.00    1.73200000   1.7320   0.9398   3.9055   4.3450   0.0000   0.0000
    7.00    1.97000000   1.9700   1.1743   3.9552   4.3650   0.0000   0.0000
    7.00    2.24100000   2.2410   1.3975   3.9992   4.3720   0.0000   0.0000
    7.00    2.54900000   2.5490   1.6182   4.0417   4.3760   0.0000   0.0000
    7.00    2.89900000   2.8990   1.8341   4.0807   4.3720   0.0000   0.0000
    7.00    3.29700000   3.2970   2.0466   4.1172   4.3600   0.0000   0.0000
    7.00    3.75100000   3.7510   2.2574   4.1530   4.3470   0.0000   0.0000
    7.00    4.26600000   4.2660   2.4658   4.1878   4.3320   0.0000   0.0000
    7.00    4.85200000   4.8520   2.6716   4.2217   4.3160   0.0000   0.0000
    7.00    5.51900000   5.5190   2.8747   4.2533   4.2950   0.0000   0.0000
    7.00    6.27700000   6.2770   3.0793   4.2843   4.2710   0.0000   0.0000
    7.00    7.14000000   7.1400   3.2869   4.3149   4.2420   0.0000   0.0000
    7.00    8.12100000   8.1200   3.4908   4.3437   4.2090   0.0000   0.0000
    7.00    9.23700000   9.2350   3.7010   4.3719   4.1680   0.0000   0.0000
    7.00   10.50600000  10.4990   3.9142   4.3980   4.1160   0.0000   0.0000
    7.00   11.95000000  11.9240   4.1354   4.4198   4.0390   0.0000   0.0000
    7.00   13.59200000  13.5160   4.3547   4.4376   3.9470   0.0000   0.0000
    7.00   15.45900000  15.2810   4.5890   4.4437   3.7920   0.0000   0.0000
    7.00   17.58400000  17.2580   4.8292   4.4285   3.5480   0.0000   0.0000
    7.00   18.99600000  18.5470   4.9899   4.4074   3.3400   0.0000   0.0000
    7.00   19.00600000  18.5560   4.9912   4.4078   3.3410   0.0000   0.0000
    7.00   19.01600000  18.5650   4.9924   4.4082   3.3410   0.0000   0.0000
    7.00   19.02700000  18.5740   4.9937   4.4084   3.3410   0.0000   0.0000
    7.00   19.03700000  18.5840   4.9951   4.4090   3.3420   0.0000   0.0000
    7.00   19.04700000  18.5930   4.9965   4.4096   3.3440   0.0000   0.0000
    7.00   19.05700000  18.6020   4.9979   4.4103   3.3460   0.0000   0.0000
    7.00   19.06800000  18.6110   4.9993   4.4112   3.3480   0.0000   0.0000
    7.00   19.07800000  18.6210   5.0008   4.4122   3.3510   0.0000   0.0000
    7.00   19.08800000  18.6300   5.0022   4.4131   3.3540   0.0000   0.0000
    7.00   19.09800000  18.6390   5.0038   4.4141   3.3570   0.0000   0.0000
    7.00   19.10800000  18.6480   5.0055   4.4154   3.3610   0.0000   0.0000
    7.00   19.11900000  18.6580   5.0073   4.4170   3.3660   0.0000   0.0000
    7.00   19.12900000  18.6670   5.0094   4.4192   3.3720   0.0000   0.0000
    7.00   19.13900000  18.6760   5.0120   4.4228   3.3820   0.0000   0.0000
    7.00   19.15000000  18.6850   5.0155   4.4282   3.3970   0.0000   0.0000
    7.00   19.16000000  18.6940   5.0208   4.4359   3.4200   0.0000   0.0000
    7.00   19.17000000  18.7030   5.0342   4.4494   3.4590   0.0000   0.0000
    7.00   19.18000000  18.7120   5.0427   4.4577   3.4810   0.0000   0.0000
    7.00   19.19100000  18.7210   5.0757   4.3688   3.0850   0.0000   0.0000
    7.00   19.20100000  18.7240   5.1043   4.2351   2.5130   0.0000   0.0000
    7.00   19.21100000  18.7010   5.1235   4.0875   1.8940   0.0000   0.0000
    7.00   19.22200000  18.6560   5.1276   4.0468   1.7250   0.0000   0.0000
    7.00   19.23200000  18.6110   5.1316   4.0061   1.5550   0.0000   0.0000
    7.00   19.24200000  18.5660   5.1357   3.9652   1.3860   0.0000   0.0000
    7.00   19.25300000  18.5200   5.1398   3.9243   1.2170   0.0000   0.0000
    7.00   19.26300000  18.4960   5.1411   3.9141   1.1740   0.0000   0.0000
    7.00   19.27300000  18.4740   5.1421   3.9067   1.1430   0.0000   0.0000
    7.00   19.28400000  18.4510   5.1432   3.8994   1.1120   0.0000   0.0000
    7.00   19.29400000  18.4380   5.1442   3.8948   1.0920   0.0000   0.0000
    7.00   19.30400000  18.4280   5.1452   3.8911   1.0760   0.0000   0.0000
    7.00   19.31500000  18.4180   5.1463   3.8873   1.0600   0.0000   0.0000
    7.00   19.32500000  18.4070   5.1473   3.8839   1.0450   0.0000   0.0000
    7.00   19.33500000  18.3960   5.1483   3.8806   1.0300   0.0000   0.0000
    7.00   19.34600000  18.3840   5.1493   3.8774   1.0160   0.0000   0.0000
    7.00   19.35600000  18.3720   5.1503   3.8741   1.0010   0.0000   0.0000
    7.00   19.36600000  18.3600   5.1513   3.8708   0.9870   0.0000   0.0000
    7.00   19.37700000  18.3470   5.1523   3.8675   0.9720   0.0000   0.0000
    7.00   19.38700000  18.3330   5.1533   3.8628   0.9520   0.0000   0.0000
    7.00   19.39800000  18.3190   5.1542   3.8578   0.9310   0.0000   0.0000
    7.00   20.00000000  10.6960   5.1420   3.5870  -0.3740   0.0000   0.0000
    7.00   20.65400000   8.2090   5.1497   4.4291   2.8720   0.0000   9.0000
# log(age) Mini Mact logl logt logg Composition Phase
    7.05    0.80000000   0.8000  -0.5907   3.6873   4.6340   0.0000   0.0000
    7.05    0.91000000   0.9100  -0.3266   3.7277   4.5870   0.0000   0.0000
    7.05    1.03500000   1.0350  -0.0599   3.7636   4.5200   0.0000   0.0000
    7.05    1.17700000   1.1770   0.1893   3.7922   4.4410   0.0000   0.0000
    7.05    1.33900000   1.3390   0.4400   3.8201   4.3580   0.0000   0.0000
    7.05    1.52300000   1.5230   0.6951   3.8582   4.3120   0.0000   0.0000
    7.05    1.73200000   1.7320   0.9399   3.9055   4.3450   0.0000   0.0000
    7.05    1.97000000   1.9700   1.1743   3.9552   4.3650   0.0000   0.0000
    7.05    2.24100000   2.2410   1.3975   3.9991   4.3720   0.0000   0.0000
    7.05    2.54900000   2.5490   1.6182   4.0417   4.3760   0.0000   0.0000
    7.05    2.89900000   2.8990   1.8348   4.0805   4.3700   0.0000   0.0000
    7.05    3.29700000   3.2970   2.0473   4.1170   4.3580   0.0000   0.0000
    7.05    3.75100000   3.7510   2.2586   4.1526   4.3440   0.0000   0.0000
    7.05    4.26600000   4.2660   2.4672   4.1873   4.3280   0.0000   0.0000
    7.05    4.85200000   4.8520   2.6740   4.2210   4.3110   0.0000   0.0000
    7.05    5.51900000   5.5190   2.8781   4.2525   4.2890   0.0000   0.0000
    7.05    6.27700000   6.2770   3.0843   4.2835   4.2630   0.0000   0.0000
    7.05    7.14000000   7.1400   3.2940   4.3140   4.2310   0.0000   0.0000
    7.05    8.12100000   8.1200   3.5007   4.3426   4.1950   0.0000   0.0000
    7.05    9.23700000   9.2350   3.7149   4.3703   4.1490   0.0000   0.0000
    7.05   10.50600000  10.4970   3.9339   4.3957   4.0880   0.0000   0.0000
    7.05   11.95000000  11.9190   4.1643   4.4150   3.9920   0.0000   0.0000
    7.05   13.59200000  13.4990   4.3949   4.4289   3.8720   0.0000   0.0000
    7.05   15.45900000  15.2350   4.6469   4.4233   3.6530   0.0000   0.0000
    7.05   17.26600000  16.8880   4.8738   4.3987   3.3780   0.0000   0.0000
    7.05   17.27500000  16.8960   4.8751   4.3992   3.3780   0.0000   0.0000
    7.05   17.28400000  16.9050   4.8764   4.3995   3.3790   0.0000   0.0000
    7.05   17.29400000  16.9130   4.8778   4.3998   3.3790   0.0000   0.0000
    7.05   17.30300000  16.9210   4.8792   4.4005   3.3810   0.0000   0.0000
    7.05   17.31200000  16.9300   4.8806   4.4011   3.3820   0.0000   0.0000
    7.05   17.32200000  16.9380   4.8820   4.4019   3.3840   0.0000   0.0000
    7.05   17.33100000  16.9460   4.8835   4.4028   3.3860   0.0000   0.0000
    7.05   17.34000000  16.9550   4.8849   4.4036   3.3890   0.0000   0.0000
    7.05   17.35000000  16.9630   4.8865   4.4047   3.3920   0.0000   0.0000
    7.05   17.35900000  16.9720   4.8882   4.4059   3.3950   0.0000   0.0000
    7.05   17.36800000  16.9800   4.8899   4.4073   3.4000   0.0000   0.0000
    7.05   17.37700000  16.9880   4.8918   4.4088   3.4040   0.0000   0.0000
    7.05   17.38700000  16.9970   4.8940   4.4108   3.4100   0.0000   0.0000
    7.05   17.39600000  17.0050   4.8968   4.4142   3.4190   0.0000   0.0000
    7.05   17.40500000  17.0130   4.9005   4.4194   3.4330   0.0000   0.0000
    7.05   17.41500000  17.0220   4.9060   4.4268   3.4550   0.0000   0.0000
    7.05   17.42400000  17.0300   4.9197   4.4398   3.4920   0.0000   0.0000
    7.05   17.43300000  17.0380   4.9262   4.4459   3.5080   0.0000   0.0000
    7.05   17.44300000  17.0460   4.9611   4.3652   3.1430   0.0000   0.0000
    7.05   17.45200000  17.0510   4.9901   4.2525   2.6550   0.0000   0.0000
    7.05   17.46200000  17.0470   5.0053   4.1127   2.0720   0.0000   0.0000
    7.05   17.47100000  17.0260   5.0125   4.0665   1.8800   0.0000   0.0000
    7.05   17.48000000  17.0040   5.0168   4.0314   1.7340   0.0000   0.0000
    7.05   17.49000000  16.9820   5.0211   3.9962   1.5870   0.0000   0.0000
    7.05   17.49900000  16.9610   5.0253   3.9610   1.4410   0.0000   0.0000
    7.05   17.50800000  16.9430   5.0283   3.9369   1.3410   0.0000   0.0000
    7.05   17.51800000  16.9330   5.0295   3.9289   1.3070   0.0000   0.0000
    7.05   17.52700000  16.9220   5.0307   3.9208   1.2730   0.0000   0.0000
    7.05   17.53700000  16.9110   5.0319   3.9128   1.2400   0.0000   0.0000
    7.05   17.54600000  16.9060   5.0330   3.9081   1.2200   0.0000   0.0000
    7.05   17.55600000  16.9020   5.0342   3.9034   1.2000   0.0000   0.0000
    7.05   17.56500000  16.8970   5.0354   3.8987   1.1800   0.0000   0.0000
    7.05   17.57400000  16.8910   5.0365   3.8943   1.1610   0.0000   0.0000
    7.05   17.58400000  16.8850   5.0376   3.8900   1.1430   0.0000   0.0000
    7.05   17.59300000  16.8790   5.0387   3.8858   1.1240   0.0000   0.0000
    7.05   17.60300000  16.8730   5.0398   3.8814   1.1050   0.0000   0.0000
    7.05   17.61200000  16.8660   5.0409   3.8767   1.0850   0.0000   0.0000
    7.05   17.62200000  16.8590   5.0420   3.8721   1.0650   0.0000   0.0000
    7.05   17.63100000  16.8520   5.0431   3.8669   1.0430   0.0000   0.0000
    7.05   18.15900000  12.1890   5.0469   3.5783  -0.2570   0.0000   0.0000
    7.05   18.75300000   8.4810   5.0836   4.2191   2.1120   0.0000   0.0000
# log(age) Mini Mact logl logt logg Composition Phase
    7.10    0.80000000   0.8000  -0.5907   3.6873   4.6340   0.0000   0.0000
    7.10    0.91000000   0.9100  -0.3266   3.7277   4.5870   0.0000   0.0000
    7.10    1.03500000   1.0350  -0.0599   3.7636   4.5200   0.0000   0.0000
    7.10    1.17700000   1.1770   0.1893   3.7922   4.4410   0.0000   0.0000
    7.10    1.33900000   1.3390   0.4400   3.8201   4.3580   0.0000   0.0000
    7.10    1.52300000   1.5230   0.6951   3.8582   4.3120   0.0000   0.0000
    7.10    1.73200000   1.7320   0.9399   3.9055   4.3450   0.0000   0.0000
    7.10    1.97000000   1.9700   1.1743   3.9552   4.3650   0.0000   0.0000
    7.10    2.24100000   2.2410   1.3975   3.9991   4.3720   0.0000   0.0000
    7.10    2.54900000   2.5490   1.6182   4.0417   4.3760   0.0000   0.0000
    7.10    2.89900000   2.8990   1.8355   4.0803   4.3680   0.0000   0.0000
    7.10    3.29700000   3.2970   2.0480   4.1167   4.3560   0.0000   0.0000
    7.10    3.75100000   3.7510   2.2599   4.1522   4.3400   0.0000   0.0000
    7.10    4.26600000   4.2660   2.4692   4.1868   4.3240   0.0000   0.0000
    7.10    4.85200000   4.8520   2.6766   4.2203   4.3060   0.0000   0.0000
    7.10    5.51900000   5.5190   2.8819   4.2518   4.2820   0.0000   0.0000
    7.10    6.27700000   6.2770   3.0900   4.2827   4.2540   0.0000   0.0000
    7.10    7.14000000   7.1400   3.3022   4.3130   4.2190   0.0000   0.0000
    7.10    8.12100000   8.1200   3.5121   4.3413   4.1790   0.0000   0.0000
    7.10    9.23700000   9.2340   3.7313   4.3685   4.1260   0.0000   0.0000
    7.10   10.50600000  10.4960   3.9576   4.3926   4.0530   0.0000   0.0000
    7.10   11.95000000  11.9120   4.1995   4.4083   3.9310   0.0000   0.0000
    7.10   13.59200000  13.4760   4.4452   4.4150   3.7680   0.0000   0.0000
    7.10   15.45900000  15.1660   4.7233   4.3892   3.4390   0.0000   0.0000
    7.10   15.68500000  15.3700   4.7565   4.3897   3.4150   0.0000   0.0000
    7.10   15.69300000  15.3770   4.7578   4.3901   3.4150   0.0000   0.0000
    7.10   15.70200000  15.3850   4.7591   4.3906   3.4160   0.0000   0.0000
    7.10   15.71000000  15.3930   4.7604   4.3909   3.4160   0.0000   0.0000
    7.10   15.71900000  15.4000   4.7619   4.3913   3.4170   0.0000   0.0000
    7.10   15.72700000  15.4080   4.7634   4.3920   3.4190   0.0000   0.0000
    7.10   15.73600000  15.4150   4.7647   4.3926   3.4200   0.0000   0.0000
    7.10   15.74400000  15.4230   4.7662   4.3934   3.4220   0.0000   0.0000
    7.10   15.75200000  15.4300   4.7677   4.3943   3.4240   0.0000   0.0000
    7.10   15.76100000  15.4380   4.7691   4.3951   3.4260   0.0000   0.0000
    7.10   15.76900000  15.4460   4.7709   4.3963   3.4300   0.0000   0.0000
    7.10   15.77800000  15.4530   4.7725   4.3976   3.4340   0.0000   0.0000
    7.10   15.78600000  15.4610   4.7743   4.3991   3.4390   0.0000   0.0000
    7.10   15.79500000  15.4680   4.7764   4.4004   3.4420   0.0000   0.0000
    7.10   15.80300000  15.4760   4.7787   4.4024   3.4480   0.0000   0.0000
    7.10   15.81200000  15.4830   4.7815   4.4056   3.4570   0.0000   0.0000
    7.10   15.82000000  15.4910   4.7854   4.4105   3.4700   0.0000   0.0000
    7.10   15.82900000  15.4990   4.7913   4.4176   3.4910   0.0000   0.0000
    7.10   15.83700000  15.5060   4.8052   4.4300   3.5260   0.0000   0.0000
    7.10   15.84600000  15.5140   4.8098   4.4341   3.5360   0.0000   0.0000
    7.10   15.85400000  15.5210   4.8466   4.3600   3.1950   0.0000   0.0000
    7.10   15.86300000  15.5270   4.8761   4.2629   2.7710   0.0000   0.0000
    7.10   15.87100000  15.5320   4.8863   4.1440   2.2790   0.0000   0.0000
    7.10   15.88000000  15.5290   4.8974   4.0833   2.0240   0.0000   0.0000
    7.10   15.88800000  15.5250   4.9018   4.0531   1.8980   0.0000   0.0000
    7.10   15.89700000  15.5210   4.9063   4.0229   1.7720   0.0000   0.0000
    7.10   15.90500000  15.5170   4.9107   3.9927   1.6460   0.0000   0.0000
    7.10   15.91400000  15.5120   4.9151   3.9624   1.5200   0.0000   0.0000
    7.10   15.92200000  15.5100   4.9167   3.9519   1.4760   0.0000   0.0000
    7.10   15.93100000  15.5080   4.9180   3.9432   1.4390   0.0000   0.0000
    7.10   15.94000000  15.5060   4.9193   3.9345   1.4030   0.0000   0.0000
    7.10   15.94800000  15.5040   4.9206   3.9267   1.3700   0.0000   0.0000
    7.10   15.95700000  15.5030   4.9219   3.9211   1.3470   0.0000   0.0000
    7.10   15.96500000  15.5030   4.9233   3.9155   1.3250   0.0000   0.0000
    7.10   15.97400000  15.5020   4.9246   3.9100   1.3030   0.0000   0.0000
    7.10   15.98200000  15.5000   4.9258   3.9047   1.2800   0.0000   0.0000
    7.10   15.99100000  15.4980   4.9270   3.8996   1.2580   0.0000   0.0000
    7.10   15.99900000  15.4970   4.9282   3.8945   1.2350   0.0000   0.0000
    7.10   16.00800000  15.4940   4.9293   3.8892   1.2120   0.0000   0.0000
    7.10   16.01700000  15.4920   4.9305   3.8834   1.1870   0.0000   0.0000
    7.10   16.02500000  15.4890   4.9317   3.8776   1.1620   0.0000   0.0000
    7.10   16.48700000  13.2000   4.9450   3.5727  -0.1430   0.0000   0.0000
    7.10   17.02700000   9.9010   5.0021   3.9344   1.1220   0.0000   0.0000
# log(age) Mini Mact logl logt logg Composition Phase
    7.15    0.80000000   0.8000  -0.5907   3.6872   4.6340   0.0000   0.0000
    7.15    0.91000000   0.9100  -0.3266   3.7277   4.5870   0.0000   0.0000
    7.15    1.03500000   1.0350  -0.0599   3.7636   4.5200   0.0000   0.0000
    7.15    1.17700000   1.1770   0.1893   3.7922   4.4410   0.0000   0.0000
    7.15    1.33900000   1.3390   0.4401   3.8201   4.3580   0.0000   0.0000
    7.15    1.52300000   1.5230   0.6951   3.8583   4.3120   0.0000   0.0000
    7.15    1.73200000   1.7320   0.9399   3.9055   4.3450   0.0000   0.0000
    7.15    1.97000000   1.9700   1.1743   3.9552   4.3650   0.0000   0.0000
    7.15    2.24100000   2.2410   1.3975   3.9991   4.3720   0.0000   0.0000
    7.15    2.54900000   2.5490   1.6183   4.0416   4.3760   0.0000   0.0000
    7.15    2.89900000   2.8990   1.8362   4.0801   4.3660   0.0000   0.0000
    7.15    3.29700000   3.2970   2.0487   4.1165   4.3540   0.0000   0.0000
    7.15    3.75100000   3.7510   2.2611   4.1518   4.3370   0.0000   0.0000
    7.15    4.26600000   4.2660   2.4711   4.1863   4.3200   0.0000   0.0000
    7.15    4.85200000   4.8520   2.6797   4.2195   4.2990   0.0000   0.0000
    7.15    5.51900000   5.5190   2.8865   4.2509   4.2740   0.0000   0.0000
    7.15    6.27700000   6.2770   3.0965   4.2817   4.2440   0.0000   0.0000
    7.15    7.14000000   7.1400   3.3115   4.3119   4.2060   0.0000   0.0000
    7.15    8.12100000   8.1200   3.5254   4.3398   4.1600   0.0000   0.0000
    7.15    9.23700000   9.2340   3.7504   4.3661   4.0980   0.0000   0.0000
    7.15   10.50600000  10.4930   3.9864   4.3881   4.0070   0.0000   0.0000
    7.15   11.95000000  11.9020   4.2430   4.3981   3.8490   0.0000   0.0000
    7.15   13.59200000  13.4420   4.5100   4.3905   3.6060   0.0000   0.0000
    7.15   14.37200000  14.1330   4.6443   4.3786   3.4460   0.0000   0.0000
    7.15   14.37900000  14.1400   4.6458   4.3789   3.4460   0.0000   0.0000
    7.15   14.38700000  14.1460   4.6473   4.3793   3.4460   0.0000   0.0000
    7.15   14.39500000  14.1530   4.6488   4.3797   3.4470   0.0000   0.0000
    7.15   14.40300000  14.1590   4.6504   4.3801   3.4470   0.0000   0.0000
    7.15   14.41000000  14.1660   4.6520   4.3805   3.4480   0.0000   0.0000
    7.15   14.41800000  14.1730   4.6536   4.3812   3.4490   0.0000   0.0000
    7.15   14.42600000  14.1790   4.6553   4.3819   3.4500   0.0000   0.0000
    7.15   14.43400000  14.1860   4.6570   4.3828   3.4520   0.0000   0.0000
    7.15   14.44100000  14.1920   4.6587   4.3837   3.4550   0.0000   0.0000
    7.15   14.44900000  14.1990   4.6604   4.3848   3.4580   0.0000   0.0000
    7.15   14.45700000  14.2050   4.6623   4.3861   3.4610   0.0000   0.0000
    7.15   14.46500000  14.2120   4.6644   4.3877   3.4660   0.0000   0.0000
    7.15   14.47200000  14.2190   4.6666   4.3894   3.4710   0.0000   0.0000
    7.15   14.48000000  14.2250   4.6689   4.3913   3.4770   0.0000   0.0000
    7.15   14.48800000  14.2320   4.6718   4.3940   3.4850   0.0000   0.0000
    7.15   14.49600000  14.2380   4.6761   4.3989   3.4980   0.0000   0.0000
    7.15   14.50300000  14.2450   4.6831   4.4069   3.5200   0.0000   0.0000
    7.15   14.51100000  14.2510   4.7006   4.4217   3.5610   0.0000   0.0000
    7.15   14.51900000  14.2580   4.7106   4.3969   3.4460   0.0000   0.0000
    7.15   14.52700000  14.2640   4.7601   4.2968   2.9870   0.0000   0.0000
    7.15   14.53500000  14.2700   4.7753   4.1771   2.4860   0.0000   0.0000
    7.15   14.54200000  14.2750   4.7863   4.0807   2.0880   0.0000   0.0000
    7.15   14.55000000  14.2780   4.7918   4.0422   1.9280   0.0000   0.0000
    7.15   14.55800000  14.2810   4.7973   4.0038   1.7690   0.0000   0.0000
    7.15   14.56600000  14.2840   4.8028   3.9656   1.6110   0.0000   0.0000
    7.15   14.57400000  14.2860   4.8065   3.9390   1.5000   0.0000   0.0000
    7.15   14.58100000  14.2870   4.8080   3.9275   1.4520   0.0000   0.0000
    7.15   14.58900000  14.2880   4.8095   3.9161   1.4040   0.0000   0.0000
    7.15   14.59700000  14.2890   4.8110   3.9058   1.3610   0.0000   0.0000
    7.15   14.60500000  14.2880   4.8125   3.8984   1.3310   0.0000   0.0000
    7.15   14.61300000  14.2880   4.8141   3.8910   1.3010   0.0000   0.0000
    7.15   14.62100000  14.2880   4.8156   3.8836   1.2710   0.0000   0.0000
    7.15   14.62800000  14.2870   4.8170   3.8761   1.2380   0.0000   0.0000
    7.15   14.63600000  14.2850   4.8184   3.8687   1.2070   0.0000   0.0000
    7.15   14.64400000  14.2840   4.8197   3.8607   1.1720   0.0000   0.0000
    7.15   14.65200000  14.2820   4.8210   3.8515   1.1340   0.0000   0.0000
    7.15   14.66000000  14.2800   4.8222   3.8424   1.0950   0.0000   0.0000
    7.15   14.66800000  14.2770   4.8232   3.8312   1.0490   0.0000   0.0000
    7.15   14.67600000  14.2740   4.8240   3.8184   0.9970   0.0000   0.0000
    7.15   14.68300000  14.2700   4.8249   3.8059   0.9450   0.0000   0.0000
    7.15   14.97000000  13.6940   4.8367   3.5691  -0.0330   0.0000   0.0000
    7.15   15.45900000  11.5640   4.9233   3.6520   0.1390   0.0000   0.0000
# log(age) Mini Mact logl logt logg Composition Phase
    7.20    0.80000000   0.8000  -0.5907   3.6872   4.6340   0.0000   0.0000
    7.20    0.91000000   0.9100  -0.3266   3.7277   4.5870   0.0000   0.0000
    7.20    1.03500000   1.0350  -0.0598   3.7636   4.5200   0.0000   0.0000
    7.20    1.17700000   1.1770   0.1894   3.7922   4.4410   0.0000   0.0000
    7.20    1.33900000   1.3390   0.4401   3.8201   4.3580   0.0000   0.0000
    7.20    1.52300000   1.5230   0.6952   3.8583   4.3120   0.0000   0.0000
    7.20    1.73200000   1.7320   0.9399   3.9056   4.3450   0.0000   0.0000
    7.20    1.97000000   1.9700   1.1743   3.9552   4.3650   0.0000   0.0000
    7.20    2.24100000   2.2410   1.3975   3.9991   4.3720   0.0000   0.0000
    7.20    2.54900000   2.5490   1.6191   4.0415   4.3740   0.0000   0.0000
    7.20    2.89900000   2.8990   1.8369   4.0798   4.3640   0.0000   0.0000
    7.20    3.29700000   3.2970   2.0498   4.1161   4.3500   0.0000   0.0000
    7.20    3.75100000   3.7510   2.2626   4.1513   4.3330   0.0000   0.0000
    7.20    4.26600000   4.2660   2.4736   4.1855   4.3140   0.0000   0.0000
    7.20    4.85200000   4.8520   2.6832   4.2187   4.2930   0.0000   0.0000
    7.20    5.51900000   5.5190   2.8916   4.2501   4.2660   0.0000   0.0000
    7.20    6.27700000   6.2770   3.1040   4.2807   4.2320   0.0000   0.0000
    7.20    7.14000000   7.1400   3.3225   4.3106   4.1900   0.0000   0.0000
    7.20    8.12100000   8.1200   3.5409   4.3379   4.1380   0.0000   0.0000
    7.20    9.23700000   9.2330   3.7731   4.3631   4.0630   0.0000   0.0000
    7.20   10.50600000  10.4900   4.0215   4.3816   3.9470   0.0000   0.0000
    7.20   11.95000000  11.8890   4.2978   4.3813   3.7290   0.0000   0.0000
    7.20   13.25300000  13.0890   4.5364   4.3664   3.4740   0.0000   0.0000
    7.20   13.26000000  13.0950   4.5380   4.3667   3.4750   0.0000   0.0000
    7.20   13.26800000  13.1020   4.5396   4.3671   3.4750   0.0000   0.0000
    7.20   13.27500000  13.1080   4.5411   4.3677   3.4760   0.0000   0.0000
    7.20   13.28200000  13.1140   4.5427   4.3683   3.4770   0.0000   0.0000
    7.20   13.28900000  13.1210   4.5444   4.3689   3.4780   0.0000   0.0000
    7.20   13.29600000  13.1270   4.5460   4.3697   3.4800   0.0000   0.0000
    7.20   13.30300000  13.1330   4.5477   4.3705   3.4820   0.0000   0.0000
    7.20   13.31000000  13.1400   4.5494   4.3715   3.4850   0.0000   0.0000
    7.20   13.31800000  13.1460   4.5512   4.3725   3.4870   0.0000   0.0000
    7.20   13.32500000  13.1520   4.5532   4.3738   3.4910   0.0000   0.0000
    7.20   13.33200000  13.1590   4.5552   4.3753   3.4950   0.0000   0.0000
    7.20   13.33900000  13.1650   4.5573   4.3770   3.5010   0.0000   0.0000
    7.20   13.34600000  13.1710   4.5594   4.3787   3.5060   0.0000   0.0000
    7.20   13.35300000  13.1780   4.5622   4.3811   3.5130   0.0000   0.0000
    7.20   13.36000000  13.1840   4.5661   4.3848   3.5230   0.0000   0.0000
    7.20   13.36800000  13.1900   4.5720   4.3910   3.5400   0.0000   0.0000
    7.20   13.37500000  13.1960   4.5839   4.4013   3.5680   0.0000   0.0000
    7.20   13.38200000  13.2030   4.5982   4.4134   3.6020   0.0000   0.0000
    7.20   13.38900000  13.2090   4.6197   4.3498   3.3140   0.0000   0.0000
    7.20   13.39600000  13.2150   4.6547   4.2647   2.9310   0.0000   0.0000
    7.20   13.40400000  13.2210   4.6596   4.1590   2.4960   0.0000   0.0000
    7.20   13.41100000  13.2260   4.6544   4.0240   1.9600   0.0000   0.0000
    7.20   13.41800000  13.2290   4.6558   3.9681   1.7350   0.0000   0.0000
    7.20   13.42500000  13.2320   4.6573   3.9127   1.5110   0.0000   0.0000
    7.20   13.43200000  13.2350   4.6589   3.8578   1.2900   0.0000   0.0000
    7.20   13.44000000  13.2370   4.6560   3.8330   1.1930   0.0000   0.0000
    7.20   13.44700000  13.2380   4.6522   3.8150   1.1230   0.0000   0.0000
    7.20   13.45400000  13.2390   4.6486   3.7978   1.0570   0.0000   0.0000
    7.20   13.46100000  13.2400   4.6446   3.7890   1.0260   0.0000   0.0000
    7.20   13.46800000  13.2400   4.6407   3.7803   0.9950   0.0000   0.0000
    7.20   13.47600000  13.2400   4.6415   3.7722   0.9610   0.0000   0.0000
    7.20   13.48300000  13.2390   4.6537   3.7656   0.9220   0.0000   0.0000
    7.20   13.49000000  13.2380   4.6656   3.7589   0.8840   0.0000   0.0000
    7.20   13.49700000  13.2380   4.6773   3.7522   0.8450   0.0000   0.0000
    7.20   13.50500000  13.2370   4.6822   3.7449   0.8110   0.0000   0.0000
    7.20   13.51200000  13.2350   4.6838   3.7372   0.7780   0.0000   0.0000
    7.20   13.51900000  13.2330   4.6855   3.7295   0.7460   0.0000   0.0000
    7.20   13.52600000  13.2320   4.6871   3.7210   0.7100   0.0000   0.0000
    7.20   13.53400000  13.2290   4.6882   3.7101   0.6650   0.0000   0.0000
    7.20   13.54100000  13.2270   4.6893   3.6990   0.6200   0.0000   0.0000
    7.20   13.59200000  13.1810   4.6456   3.5746   0.1640   0.0000   0.0000
    7.20   14.03600000  12.4520   4.7738   3.5663  -0.0230   0.0000   0.0000
# log(age) Mini Mact logl logt logg Composition Phase
    7.25    0.80000000   0.8000  -0.5907   3.6872   4.6340   0.0000   0.0000
    7.25    0.91000000   0.9100  -0.3266   3.7277   4.5870   0.0000   0.0000
    7.25    1.03500000   1.0350  -0.0598   3.7636   4.5200   0.0000   0.0000
    7.25    1.17700000   1.1770   0.1894   3.7922   4.4410   0.0000   0.0000
    7.25    1.33900000   1.3390   0.4401   3.8201   4.3580   0.0000   0.0000
    7.25    1.52300000   1.5230   0.6952   3.8583   4.3120   0.0000   0.0000
    7.25    1.73200000   1.7320   0.9399   3.9056   4.3450   0.0000   0.0000
    7.25    1.97000000   1.9700   1.1743   3.9552   4.3650   0.0000   0.0000
    7.25    2.24100000   2.2410   1.3975   3.9991   4.3720   0.0000   0.0000
    7.25    2.54900000   2.5490   1.6200   4.0413   4.3720   0.0000   0.0000
    7.25    2.89900000   2.8990   1.8376   4.0796   4.3620   0.0000   0.0000
    7.25    3.29700000   3.2970   2.0510   4.1157   4.3470   0.0000   0.0000
    7.25    3.75100000   3.7510   2.2645   4.1508   4.3290   0.0000   0.0000
    7.25    4.26600000   4.2660   2.4762   4.1848   4.3080   0.0000   0.0000
    7.25    4.85200000   4.8520   2.6873   4.2179   4.2850   0.0000   0.0000
    7.25    5.51900000   5.5190   2.8977   4.2492   4.2560   0.0000   0.0000
    7.25    6.27700000   6.2770   3.1127   4.2796   4.2200   0.0000   0.0000
    7.25    7.14000000   7.1400   3.3351   4.3090   4.1710   0.0000   0.0000
    7.25    8.12100000   8.1200   3.5590   4.3356   4.1110   0.0000   0.0000
    7.25    9.23700000   9.2320   3.8004   4.3588   4.0200   0.0000   0.0000
    7.25   10.50600000  10.4860   4.0651   4.3717   3.8660   0.0000   0.0000
    7.25   11.95000000  11.8690   4.3701   4.3520   3.5420   0.0000   0.0000
    7.25   12.17000000  12.0710   4.4181   4.3522   3.5040   0.0000   0.0000
    7.25   12.17600000  12.0770   4.4196   4.3526   3.5040   0.0000   0.0000
    7.25   12.18300000  12.0830   4.4212   4.3530   3.5040   0.0000   0.0000
    7.25   12.18900000  12.0890   4.4228   4.3535   3.5050   0.0000   0.0000
    7.25   12.19600000  12.0950   4.4243   4.3540   3.5060   0.0000   0.0000
    7.25   12.20200000  12.1000   4.4260   4.3547   3.5070   0.0000   0.0000
    7.25   12.20900000  12.1060   4.4277   4.3554   3.5090   0.0000   0.0000
    7.25   12.21600000  12.1120   4.4294   4.3562   3.5110   0.0000   0.0000
    7.25   12.22200000  12.1180   4.4311   4.3571   3.5130   0.0000   0.0000
    7.25   12.22900000  12.1240   4.4329   4.3582   3.5160   0.0000   0.0000
    7.25   12.23500000  12.1300   4.4349   4.3594   3.5190   0.0000   0.0000
    7.25   12.24200000  12.1360   4.4368   4.3609   3.5230   0.0000   0.0000
    7.25   12.24800000  12.1420   4.4389   4.3625   3.5280   0.0000   0.0000
    7.25   12.25500000  12.1480   4.4411   4.3643   3.5340   0.0000   0.0000
    7.25   12.26100000  12.1540   4.4437   4.3663   3.5400   0.0000   0.0000
    7.25   12.26800000  12.1600   4.4468   4.3692   3.5490   0.0000   0.0000
    7.25   12.27500000  12.1660   4.4517   4.3735   3.5600   0.0000   0.0000
    7.25   12.28100000  12.1720   4.4594   4.3807   3.5810   0.0000   0.0000
    7.25   12.28800000  12.1780   4.4767   4.3933   3.6140   0.0000   0.0000
    7.25   12.29400000  12.1840   4.4727   4.3735   3.5330   0.0000   0.0000
    7.25   12.30100000  12.1890   4.5188   4.3024   3.1930   0.0000   0.0000
    7.25   12.30800000  12.1950   4.5383   4.2231   2.8490   0.0000   0.0000
    7.25   12.31400000  12.2010   4.5270   4.1044   2.3770   0.0000   0.0000
    7.25   12.32100000  12.2060   4.4924   3.8900   1.5520   0.0000   0.0000
    7.25   12.32700000  12.2090   4.4638   3.7222   0.9080   0.0000   0.0000
    7.25   12.33400000  12.2090   4.4049   3.6515   0.6800   0.0000   0.0000
    7.25   12.34100000  12.2090   4.3838   3.6352   0.6350   0.0000   0.0000
    7.25   12.34700000  12.2090   4.4153   3.6310   0.5870   0.0000   0.0000
    7.25   12.35400000  12.2080   4.4466   3.6267   0.5380   0.0000   0.0000
    7.25   12.36100000  12.2080   4.4777   3.6225   0.4900   0.0000   0.0000
    7.25   12.36700000  12.2070   4.5013   3.6190   0.4530   0.0000   0.0000
    7.25   12.37400000  12.2060   4.5040   3.6179   0.4460   0.0000   0.0000
    7.25   12.38000000  12.2050   4.5066   3.6168   0.4380   0.0000   0.0000
    7.25   12.38700000  12.2030   4.5093   3.6155   0.4310   0.0000   0.0000
    7.25   12.39400000  12.2020   4.5119   3.6142   0.4230   0.0000   0.0000
    7.25   12.40000000  12.2010   4.5144   3.6128   0.4140   0.0000   0.0000
    7.25   12.40700000  12.1990   4.5169   3.6114   0.4060   0.0000   0.0000
    7.25   12.41400000  12.1970   4.5194   3.6098   0.3970   0.0000   0.0000
    7.25   12.42000000  12.1960   4.5219   3.6082   0.3880   0.0000   0.0000
    7.25   12.42700000  12.1940   4.5244   3.6066   0.3790   0.0000   0.0000
    7.25   12.43400000  12.1930   4.5268   3.6048   0.3700   0.0000   0.0000
    7.25   12.44000000  12.1900   4.5276   3.6010   0.3540   0.0000   0.0000
    7.25   12.74400000  11.9540   4.6066   3.5687   0.1370   0.0000   0.0000
    7.25   13.16100000  11.1840   4.7290   3.5630  -0.0370   0.0000   0.0000
# log(age) Mini Mact logl logt logg Composition Phase
    7.30    0.80000000   0.8000  -0.5907   3.6872   4.6340   0.0000   0.0000
    7.30    0.91000000   0.9100  -0.3266   3.7277   4.5870   0.0000   0.0000
    7.30    1.03500000   1.0350  -0.0598   3.7636   4.5200   0.0000   0.0000
    7.30    1.17700000   1.1770   0.1894   3.7922   4.4410   0.0000   0.0000
    7.30    1.33900000   1.3390   0.4401   3.8201   4.3580   0.0000   0.0000
    7.30    1.52300000   1.5230   0.6952   3.8583   4.3120   0.0000   0.0000
    7.30    1.73200000   1.7320   0.9399   3.9056   4.3450   0.0000   0.0000
    7.30    1.97000000   1.9700   1.1744   3.9552   4.3650   0.0000   0.0000
    7.30    2.24100000   2.2410   1.3975   3.9991   4.3720   0.0000   0.0000
    7.30    2.54900000   2.5490   1.6208   4.0412   4.3700   0.0000   0.0000
    7.30    2.89900000   2.8990   1.8383   4.0794   4.3600   0.0000   0.0000
    7.30    3.29700000   3.2970   2.0522   4.1153   4.3440   0.0000   0.0000
    7.30    3.75100000   3.7510   2.2664   4.1503   4.3250   0.0000   0.0000
    7.30    4.26600000   4.2660   2.4791   4.1839   4.3020   0.0000   0.0000
    7.30    4.85200000   4.8520   2.6920   4.2170   4.2770   0.0000   0.0000
    7.30    5.51900000   5.5190   2.9045   4.2482   4.2460   0.0000   0.0000
    7.30    6.27700000   6.2770   3.1226   4.2784   4.2050   0.0000   0.0000
    7.30    7.14000000   7.1400   3.3497   4.3072   4.1500   0.0000   0.0000
    7.30    8.12100000   8.1200   3.5805   4.3325   4.0780   0.0000   0.0000
    7.30    9.23700000   9.2310   3.8336   4.3527   3.9640   0.0000   0.0000
    7.30   10.50600000  10.4800   4.1204   4.3552   3.7480   0.0000   0.0000
    7.30   11.34400000  11.2800   4.3166   4.3388   3.5230   0.0000   0.0000
    7.30   11.35000000  11.2860   4.3183   4.3390   3.5220   0.0000   0.0000
    7.30   11.35600000  11.2920   4.3200   4.3393   3.5220   0.0000   0.0000
    7.30   11.36200000  11.2970   4.3217   4.3396   3.5220   0.0000   0.0000
    7.30   11.36800000  11.3030   4.3234   4.3400   3.5220   0.0000   0.0000
    7.30   11.37400000  11.3090   4.3252   4.3404   3.5220   0.0000   0.0000
    7.30   11.38000000  11.3140   4.3271   4.3409   3.5230   0.0000   0.0000
    7.30   11.38700000  11.3200   4.3289   4.3416   3.5240   0.0000   0.0000
    7.30   11.39300000  11.3260   4.3309   4.3424   3.5250   0.0000   0.0000
    7.30   11.39900000  11.3320   4.3329   4.3433   3.5280   0.0000   0.0000
    7.30   11.40500000  11.3370   4.3349   4.3444   3.5300   0.0000   0.0000
    7.30   11.41100000  11.3430   4.3371   4.3457   3.5340   0.0000   0.0000
    7.30   11.41700000  11.3490   4.3395   4.3473   3.5390   0.0000   0.0000
    7.30   11.42300000  11.3540   4.3420   4.3493   3.5450   0.0000   0.0000
    7.30   11.42900000  11.3600   4.3447   4.3517   3.5520   0.0000   0.0000
    7.30   11.43500000  11.3660   4.3481   4.3545   3.5610   0.0000   0.0000
    7.30   11.44200000  11.3710   4.3525   4.3587   3.5740   0.0000   0.0000
    7.30   11.44800000  11.3770   4.3610   4.3663   3.5950   0.0000   0.0000
    7.30   11.45400000  11.3830   4.3816   4.3811   3.6340   0.0000   0.0000
    7.30   11.46000000  11.3880   4.3931   4.3331   3.4200   0.0000   0.0000
    7.30   11.46600000  11.3940   4.4356   4.2443   3.0110   0.0000   0.0000
    7.30   11.47200000  11.3990   4.4278   4.1151   2.4910   0.0000   0.0000
    7.30   11.47900000  11.4030   4.3366   3.7977   1.3060   0.0000   0.0000
    7.30   11.48500000  11.4030   4.3517   3.7178   0.9700   0.0000   0.0000
    7.30   11.49100000  11.4020   4.3662   3.6358   0.6270   0.0000   0.0000
    7.30   11.49700000  11.4010   4.3515   3.6127   0.5480   0.0000   0.0000
    7.30   11.50300000  11.3990   4.3344   3.5944   0.4920   0.0000   0.0000
    7.30   11.50900000  11.3980   4.3141   3.5878   0.4850   0.0000   0.0000
    7.30   11.51600000  11.3960   4.3266   3.5832   0.4540   0.0000   0.0000
    7.30   11.52200000  11.3940   4.3558   3.5796   0.4110   0.0000   0.0000
    7.30   11.52800000  11.3920   4.3856   3.5760   0.3660   0.0000   0.0000
    7.30   11.53400000  11.3890   4.3927   3.5753   0.3560   0.0000   0.0000
    7.30   11.54000000  11.3860   4.3954   3.5752   0.3530   0.0000   0.0000
    7.30   11.54600000  11.3840   4.3981   3.5751   0.3500   0.0000   0.0000
    7.30   11.55300000  11.3810   4.4009   3.5750   0.3470   0.0000   0.0000
    7.30   11.55900000  11.3770   4.4036   3.5749   0.3430   0.0000   0.0000
    7.30   11.56500000  11.3740   4.4064   3.5748   0.3400   0.0000   0.0000
    7.30   11.57100000  11.3710   4.4092   3.5747   0.3360   0.0000   0.0000
    7.30   11.57700000  11.3670   4.4117   3.5746   0.3330   0.0000   0.0000
    7.30   11.58400000  11.3640   4.4141   3.5745   0.3310   0.0000   0.0000
    7.30   11.59000000  11.3610   4.4165   3.5744   0.3280   0.0000   0.0000
    7.30   11.95000000  10.9550   4.5445   3.5676   0.1570   0.0000   0.0000
# log(age) Mini Mact logl logt logg Composition Phase
    7.35    0.80000000   0.8000  -0.5907   3.6872   4.6340   0.0000   0.0000
    7.35    0.91000000   0.9100  -0.3266   3.7277   4.5870   0.0000   0.0000
    7.35    1.03500000   1.0350  -0.0598   3.7636   4.5200   0.0000   0.0000
    7.35    1.17700000   1.1770   0.1894   3.7922   4.4410   0.0000   0.0000
    7.35    1.33900000   1.3390   0.4401   3.8201   4.3580   0.0000   0.0000
    7.35    1.52300000   1.5230   0.6952   3.8583   4.3120   0.0000   0.0000
    7.35    1.73200000   1.7320   0.9399   3.9056   4.3450   0.0000   0.0000
    7.35    1.97000000   1.9700   1.1744   3.9552   4.3650   0.0000   0.0000
    7.35    2.24100000   2.2410   1.3982   3.9990   4.3700   0.0000   0.0000
    7.35    2.54900000   2.5490   1.6217   4.0410   4.3680   0.0000   0.0000
    7.35    2.89900000   2.8990   1.8393   4.0790   4.3570   0.0000   0.0000
    7.35    3.29700000   3.2970   2.0538   4.1148   4.3400   0.0000   0.0000
    7.35    3.75100000   3.7510   2.2689   4.1496   4.3190   0.0000   0.0000
    7.35    4.26600000   4.2660   2.4828   4.1831   4.2950   0.0000   0.0000
    7.35    4.85200000   4.8520   2.6974   4.2161   4.2680   0.0000   0.0000
    7.35    5.51900000   5.5190   2.9124   4.2471   4.2340   0.0000   0.0000
    7.35    6.27700000   6.2770   3.1342   4.2769   4.1880   0.0000   0.0000
    7.35    7.14000000   7.1400   3.3670   4.3048   4.1240   0.0000   0.0000
    7.35    8.12100000   8.1190   3.6061   4.3284   4.0370   0.0000   0.0000
    7.35    9.23700000   9.2300   3.8744   4.3437   3.8890   0.0000   0.0000
    7.35   10.50600000  10.4700   4.1938   4.3266   3.5640   0.0000   0.0000
    7.35   10.61900000  10.5790   4.2248   4.3265   3.5380   0.0000   0.0000
    7.35   10.62500000  10.5840   4.2265   4.3268   3.5380   0.0000   0.0000
    7.35   10.63100000  10.5900   4.2282   4.3271   3.5380   0.0000   0.0000
    7.35   10.63700000  10.5950   4.2300   4.3275   3.5380   0.0000   0.0000
    7.35   10.64200000  10.6000   4.2318   4.3279   3.5380   0.0000   0.0000
    7.35   10.64800000  10.6060   4.2336   4.3285   3.5390   0.0000   0.0000
    7.35   10.65400000  10.6110   4.2354   4.3291   3.5400   0.0000   0.0000
    7.35   10.65900000  10.6170   4.2374   4.3298   3.5410   0.0000   0.0000
    7.35   10.66500000  10.6220   4.2393   4.3307   3.5430   0.0000   0.0000
    7.35   10.67100000  10.6280   4.2413   4.3317   3.5460   0.0000   0.0000
    7.35   10.67700000  10.6330   4.2435   4.3329   3.5490   0.0000   0.0000
    7.35   10.68200000  10.6380   4.2458   4.3343   3.5530   0.0000   0.0000
    7.35   10.68800000  10.6440   4.2482   4.3361   3.5580   0.0000   0.0000
    7.35   10.69400000  10.6490   4.2509   4.3382   3.5650   0.0000   0.0000
    7.35   10.70000000  10.6550   4.2539   4.3409   3.5730   0.0000   0.0000
    7.35   10.70500000  10.6600   4.2578   4.3442   3.5840   0.0000   0.0000
    7.35   10.71100000  10.6660   4.2631   4.3490   3.5980   0.0000   0.0000
    7.35   10.71700000  10.6710   4.2747   4.3584   3.6240   0.0000   0.0000
    7.35   10.72200000  10.6770   4.2869   4.3686   3.6530   0.0000   0.0000
    7.35   10.72800000  10.6820   4.3187   4.2984   3.3260   0.0000   0.0000
    7.35   10.73400000  10.6870   4.3456   4.2218   2.9810   0.0000   0.0000
    7.35   10.74000000  10.6930   4.3318   4.1022   2.5070   0.0000   0.0000
    7.35   10.74600000  10.6980   4.1443   3.7141   1.1340   0.0000   0.0000
    7.35   10.75100000  10.6980   4.1657   3.6615   0.9010   0.0000   0.0000
    7.35   10.75700000  10.6970   4.2049   3.6369   0.7640   0.0000   0.0000
    7.35   10.76300000  10.6970   4.2435   3.6120   0.6250   0.0000   0.0000
    7.35   10.76900000  10.6970   4.2815   3.5868   0.4860   0.0000   0.0000
    7.35   10.77400000  10.6960   4.2966   3.5769   0.4320   0.0000   0.0000
    7.35   10.78000000  10.6960   4.2975   3.5770   0.4310   0.0000   0.0000
    7.35   10.78600000  10.6950   4.2985   3.5770   0.4300   0.0000   0.0000
    7.35   10.79200000  10.6950   4.2995   3.5770   0.4290   0.0000   0.0000
    7.35   10.79800000  10.6940   4.3009   3.5770   0.4270   0.0000   0.0000
    7.35   10.80300000  10.6940   4.3024   3.5770   0.4260   0.0000   0.0000
    7.35   10.80900000  10.6930   4.3040   3.5770   0.4240   0.0000   0.0000
    7.35   10.81500000  10.6920   4.3055   3.5769   0.4220   0.0000   0.0000
    7.35   10.82100000  10.6910   4.3071   3.5769   0.4210   0.0000   0.0000
    7.35   10.82700000  10.6910   4.3087   3.5768   0.4190   0.0000   0.0000
    7.35   10.83200000  10.6900   4.3103   3.5768   0.4170   0.0000   0.0000
    7.35   10.83800000  10.6890   4.3120   3.5767   0.4150   0.0000   0.0000
    7.35   10.84400000  10.6880   4.3136   3.5767   0.4130   0.0000   0.0000
    7.35   10.85000000  10.6870   4.3152   3.5766   0.4110   0.0000   0.0000
    7.35   11.20500000  10.4790   4.4113   3.5729   0.2920   0.0000   0.0000
# log(age) Mini Mact logl logt logg Composition Phase
    7.40    0.80000000   0.8000  -0.5907   3.6872   4.6340   0.0000   0.0000
    7.40    0.91000000   0.9100  -0.3265   3.7277   4.5870   0.0000   0.0000
    7.40    1.03500000   1.0350  -0.0597   3.7636   4.5200   0.0000   0.0000
    7.40    1.17700000   1.1770   0.1895   3.7922   4.4410   0.0000   0.0000
    7.40    1.33900000   1.3390   0.4402   3.8201   4.3580   0.0000   0.0000
    7.40    1.52300000   1.5230   0.6953   3.8584   4.3120   0.0000   0.0000
    7.40    1.73200000   1.7320   0.9400   3.9056   4.3450   0.0000   0.0000
    7.40    1.97000000   1.9700   1.1744   3.9552   4.3650   0.0000   0.0000
    7.40    2.24100000   2.2410   1.3989   3.9989   4.3690   0.0000   0.0000
    7.40    2.54900000   2.5490   1.6225   4.0409   4.3670   0.0000   0.0000
    7.40    2.89900000   2.8990   1.8403   4.0785   4.3530   0.0000   0.0000
    7.40    3.29700000   3.2970   2.0556   4.1143   4.3360   0.0000   0.0000
    7.40    3.75100000   3.7510   2.2715   4.1488   4.3130   0.0000   0.0000
    7.40    4.26600000   4.2660   2.4869   4.1822   4.2870   0.0000   0.0000
    7.40    4.85200000   4.8520   2.7036   4.2151   4.2580   0.0000   0.0000
    7.40    5.51900000   5.5190   2.9215   4.2459   4.2200   0.0000   0.0000
    7.40    6.27700000   6.2770   3.1476   4.2750   4.1670   0.0000   0.0000
    7.40    7.14000000   7.1400   3.3872   4.3018   4.0920   0.0000   0.0000
    7.40    8.12100000   8.1190   3.6370   4.3228   3.9850   0.0000   0.0000
    7.40    9.23700000   9.2280   3.9259   4.3292   3.7820   0.0000   0.0000
    7.40    9.90900000   9.8860   4.1203   4.3128   3.5580   0.0000   0.0000
    7.40    9.91500000   9.8910   4.1221   4.3128   3.5570   0.0000   0.0000
    7.40    9.92000000   9.8960   4.1240   4.3130   3.5560   0.0000   0.0000
    7.40    9.92500000   9.9010   4.1259   4.3132   3.5560   0.0000   0.0000
    7.40    9.93100000   9.9060   4.1278   4.3135   3.5550   0.0000   0.0000
    7.40    9.93600000   9.9110   4.1298   4.3139   3.5550   0.0000   0.0000
    7.40    9.94100000   9.9160   4.1318   4.3144   3.5550   0.0000   0.0000
    7.40    9.94700000   9.9220   4.1339   4.3149   3.5560   0.0000   0.0000
    7.40    9.95200000   9.9270   4.1360   4.3156   3.5570   0.0000   0.0000
    7.40    9.95700000   9.9320   4.1382   4.3165   3.5590   0.0000   0.0000
    7.40    9.96300000   9.9370   4.1405   4.3175   3.5610   0.0000   0.0000
    7.40    9.96800000   9.9420   4.1430   4.3188   3.5640   0.0000   0.0000
    7.40    9.97300000   9.9470   4.1456   4.3204   3.5690   0.0000   0.0000
    7.40    9.97900000   9.9530   4.1485   4.3225   3.5750   0.0000   0.0000
    7.40    9.98400000   9.9580   4.1518   4.3251   3.5830   0.0000   0.0000
    7.40    9.98900000   9.9630   4.1556   4.3284   3.5930   0.0000   0.0000
    7.40    9.99500000   9.9680   4.1613   4.3334   3.6090   0.0000   0.0000
    7.40   10.00000000   9.9730   4.1721   4.3424   3.6350   0.0000   0.0000
    7.40   10.00600000   9.9780   4.1932   4.3559   3.6690   0.0000   0.0000
    7.40   10.01100000   9.9840   4.2044   4.3038   3.4380   0.0000   0.0000
    7.40   10.01600000   9.9890   4.2400   4.2386   3.1290   0.0000   0.0000
    7.40   10.02200000   9.9940   4.2405   4.1517   2.7730   0.0000   0.0000
    7.40   10.02700000   9.9990   4.1723   3.9544   2.0440   0.0000   0.0000
    7.40   10.03200000  10.0020   4.1904   3.5886   0.5550   0.0000   0.0000
    7.40   10.03800000  10.0020   4.1919   3.5867   0.5460   0.0000   0.0000
    7.40   10.04300000  10.0020   4.1962   3.5844   0.5330   0.0000   0.0000
    7.40   10.04900000  10.0030   4.2032   3.5818   0.5150   0.0000   0.0000
    7.40   10.05400000  10.0030   4.2131   3.5788   0.4930   0.0000   0.0000
    7.40   10.05900000  10.0030   4.2172   3.5774   0.4840   0.0000   0.0000
    7.40   10.06500000  10.0040   4.2146   3.5776   0.4870   0.0000   0.0000
    7.40   10.07000000  10.0040   4.2122   3.5777   0.4900   0.0000   0.0000
    7.40   10.07600000  10.0050   4.2099   3.5779   0.4930   0.0000   0.0000
    7.40   10.08100000  10.0050   4.2082   3.5781   0.4950   0.0000   0.0000
    7.40   10.08600000  10.0060   4.2071   3.5782   0.4970   0.0000   0.0000
    7.40   10.09200000  10.0060   4.2061   3.5784   0.4990   0.0000   0.0000
    7.40   10.09700000  10.0070   4.2053   3.5785   0.5000   0.0000   0.0000
    7.40   10.10300000  10.0080   4.2047   3.5786   0.5010   0.0000   0.0000
    7.40   10.10800000  10.0080   4.2043   3.5787   0.5020   0.0000   0.0000
    7.40   10.11300000  10.0090   4.2041   3.5788   0.5020   0.0000   0.0000
    7.40   10.11900000  10.0090   4.2039   3.5789   0.5030   0.0000   0.0000
    7.40   10.12400000  10.0100   4.2038   3.5789   0.5040   0.0000   0.0000
    7.40   10.13000000  10.0110   4.2037   3.5790   0.5040   0.0000   0.0000
    7.40   10.17300000  10.0150   4.2071   3.5792   0.5020   0.0000   0.0000
    7.40   10.50600000   9.9590   4.2767   3.5780   0.4250   0.0000   0.0000
# log(age) Mini Mact logl logt logg Composition Phase
    7.45    0.80000000   0.8000  -0.5907   3.6872   4.6340   0.0000   0.0000
    7.45    0.91000000   0.9100  -0.3265   3.7277   4.5870   0.0000   0.0000
    7.45    1.03500000   1.0350  -0.0597   3.7636   4.5200   0.0000   0.0000
    7.45    1.17700000   1.1770   0.1895   3.7922   4.4410   0.0000   0.0000
    7.45    1.33900000   1.3390   0.4402   3.8201   4.3580   0.0000   0.0000
    7.45    1.52300000   1.5230   0.6953   3.8584   4.3120   0.0000   0.0000
    7.45    1.73200000   1.7320   0.9400   3.9056   4.3450   0.0000   0.0000
    7.45    1.97000000   1.9700   1.1745   3.9552   4.3650   0.0000   0.0000
    7.45    2.24100000   2.2410   1.3996   3.9988   4.3670   0.0000   0.0000
    7.45    2.54900000   2.5490   1.6233   4.0407   4.3650   0.0000   0.0000
    7.45    2.89900000   2.8990   1.8414   4.0781   4.3500   0.0000   0.0000
    7.45    3.29700000   3.2970   2.0576   4.1138   4.3320   0.0000   0.0000
    7.45    3.75100000   3.7510   2.2744   4.1479   4.3070   0.0000   0.0000
    7.45    4.26600000   4.2660   2.4916   4.1813   4.2790   0.0000   0.0000
    7.45    4.85200000   4.8520   2.7108   4.2140   4.2470   0.0000   0.0000
    7.45    5.51900000   5.5190   2.9320   4.2444   4.2040   0.0000   0.0000
    7.45    6.27700000   6.2770   3.1632   4.2729   4.1440   0.0000   0.0000
    7.45    7.14000000   7.1390   3.4113   4.2979   4.0540   0.0000   0.0000
    7.45    8.12100000   8.1180   3.6749   4.3145   3.9160   0.0000   0.0000
    7.45    9.23700000   9.2240   3.9932   4.3043   3.6190   0.0000   0.0000
    7.45    9.36700000   9.3510   4.0360   4.3012   3.5720   0.0000   0.0000
    7.45    9.37200000   9.3560   4.0377   4.3012   3.5710   0.0000   0.0000
    7.45    9.37700000   9.3600   4.0396   4.3014   3.5700   0.0000   0.0000
    7.45    9.38200000   9.3650   4.0414   4.3015   3.5690   0.0000   0.0000
    7.45    9.38700000   9.3700   4.0433   4.3018   3.5680   0.0000   0.0000
    7.45    9.39200000   9.3750   4.0453   4.3021   3.5680   0.0000   0.0000
    7.45    9.39700000   9.3800   4.0473   4.3025   3.5680   0.0000   0.0000
    7.45    9.40200000   9.3850   4.0493   4.3030   3.5680   0.0000   0.0000
    7.45    9.40700000   9.3900   4.0514   4.3036   3.5690   0.0000   0.0000
    7.45    9.41200000   9.3950   4.0535   4.3043   3.5700   0.0000   0.0000
    7.45    9.41700000   9.4000   4.0558   4.3053   3.5720   0.0000   0.0000
    7.45    9.42200000   9.4050   4.0582   4.3064   3.5750   0.0000   0.0000
    7.45    9.42700000   9.4100   4.0608   4.3079   3.5790   0.0000   0.0000
    7.45    9.43200000   9.4140   4.0636   4.3097   3.5840   0.0000   0.0000
    7.45    9.43700000   9.4190   4.0668   4.3120   3.5910   0.0000   0.0000
    7.45    9.44200000   9.4240   4.0706   4.3151   3.6000   0.0000   0.0000
    7.45    9.44700000   9.4290   4.0756   4.3193   3.6130   0.0000   0.0000
    7.45    9.45200000   9.4340   4.0839   4.3264   3.6340   0.0000   0.0000
    7.45    9.45700000   9.4390   4.1062   4.3412   3.6730   0.0000   0.0000
    7.45    9.46300000   9.4440   4.1254   4.2924   3.4470   0.0000   0.0000
    7.45    9.46800000   9.4490   4.1609   4.2214   3.1150   0.0000   0.0000
    7.45    9.47300000   9.4540   4.1522   4.1133   2.6820   0.0000   0.0000
    7.45    9.47800000   9.4580   3.9608   3.7387   1.3630   0.0000   0.0000
    7.45    9.48300000   9.4590   4.1554   3.5837   0.5460   0.0000   0.0000
    7.45    9.48800000   9.4590   4.1531   3.5820   0.5420   0.0000   0.0000
    7.45    9.49300000   9.4580   4.1508   3.5803   0.5370   0.0000   0.0000
    7.45    9.49800000   9.4580   4.1485   3.5787   0.5330   0.0000   0.0000
    7.45    9.50300000   9.4580   4.1452   3.5787   0.5370   0.0000   0.0000
    7.45    9.50800000   9.4570   4.1417   3.5790   0.5410   0.0000   0.0000
    7.45    9.51300000   9.4570   4.1383   3.5793   0.5460   0.0000   0.0000
    7.45    9.51900000   9.4570   4.1352   3.5796   0.5500   0.0000   0.0000
    7.45    9.52400000   9.4570   4.1325   3.5799   0.5540   0.0000   0.0000
    7.45    9.52900000   9.4570   4.1298   3.5801   0.5580   0.0000   0.0000
    7.45    9.53400000   9.4580   4.1270   3.5805   0.5620   0.0000   0.0000
    7.45    9.53900000   9.4580   4.1241   3.5809   0.5660   0.0000   0.0000
    7.45    9.54400000   9.4580   4.1213   3.5813   0.5710   0.0000   0.0000
    7.45    9.54900000   9.4580   4.1186   3.5816   0.5750   0.0000   0.0000
    7.45    9.55400000   9.4580   4.1160   3.5818   0.5780   0.0000   0.0000
    7.45    9.56000000   9.4590   4.1132   3.5821   0.5820   0.0000   0.0000
    7.45    9.56500000   9.4590   4.1103   3.5823   0.5860   0.0000   0.0000
    7.45    9.57000000   9.4590   4.1075   3.5825   0.5890   0.0000   0.0000
    7.45    9.85100000   9.5220   4.3145   4.0183   2.1780   0.0000   0.0000
# log(age) Mini Mact logl logt logg Composition Phase
    7.50    0.80000000   0.8000  -0.5907   3.6872   4.6340   0.0000   0.0000
    7.50    0.91000000   0.9100  -0.3265   3.7277   4.5870   0.0000   0.0000
    7.50    1.03500000   1.0350  -0.0597   3.7636   4.5200   0.0000   0.0000
    7.50    1.17700000   1.1770   0.1895   3.7922   4.4410   0.0000   0.0000
    7.50    1.33900000   1.3390   0.4402   3.8201   4.3580   0.0000   0.0000
    7.50    1.52300000   1.5230   0.6953   3.8584   4.3120   0.0000   0.0000
    7.50    1.73200000   1.7320   0.9400   3.9056   4.3450   0.0000   0.0000
    7.50    1.97000000   1.9700   1.1749   3.9551   4.3630   0.0000   0.0000
    7.50    2.24100000   2.2410   1.4002   3.9986   4.3650   0.0000   0.0000
    7.50    2.54900000   2.5490   1.6239   4.0402   4.3620   0.0000   0.0000
    7.50    2.89900000   2.8990   1.8430   4.0777   4.3470   0.0000   0.0000
    7.50    3.29700000   3.2970   2.0599   4.1131   4.3260   0.0000   0.0000
    7.50    3.75100000   3.7510   2.2780   4.1470   4.3000   0.0000   0.0000
    7.50    4.26600000   4.2660   2.4971   4.1802   4.2700   0.0000   0.0000
    7.50    4.85200000   4.8520   2.7190   4.2128   4.2340   0.0000   0.0000
    7.50    5.51900000   5.5190   2.9442   4.2427   4.1850   0.0000   0.0000
    7.50    6.27700000   6.2770   3.1817   4.2701   4.1150   0.0000   0.0000
    7.50    7.14000000   7.1390   3.4403   4.2926   4.0040   0.0000   0.0000
    7.50    8.12100000   8.1170   3.7222   4.3017   3.8190   0.0000   0.0000
    7.50    8.85400000   8.8430   3.9525   4.2891   3.5830   0.0000   0.0000
    7.50    8.85800000   8.8480   3.9542   4.2892   3.5820   0.0000   0.0000
    7.50    8.86300000   8.8530   3.9561   4.2894   3.5810   0.0000   0.0000
    7.50    8.86800000   8.8570   3.9579   4.2896   3.5800   0.0000   0.0000
    7.50    8.87300000   8.8620   3.9598   4.2899   3.5800   0.0000   0.0000
    7.50    8.87700000   8.8670   3.9617   4.2903   3.5800   0.0000   0.0000
    7.50    8.88200000   8.8720   3.9637   4.2907   3.5800   0.0000   0.0000
    7.50    8.88700000   8.8760   3.9657   4.2913   3.5810   0.0000   0.0000
    7.50    8.89200000   8.8810   3.9679   4.2919   3.5820   0.0000   0.0000
    7.50    8.89600000   8.8860   3.9700   4.2928   3.5830   0.0000   0.0000
    7.50    8.90100000   8.8900   3.9724   4.2938   3.5850   0.0000   0.0000
    7.50    8.90600000   8.8950   3.9748   4.2950   3.5880   0.0000   0.0000
    7.50    8.91100000   8.9000   3.9775   4.2965   3.5920   0.0000   0.0000
    7.50    8.91600000   8.9050   3.9804   4.2984   3.5980   0.0000   0.0000
    7.50    8.92000000   8.9090   3.9837   4.3009   3.6050   0.0000   0.0000
    7.50    8.92500000   8.9140   3.9878   4.3042   3.6150   0.0000   0.0000
    7.50    8.93000000   8.9190   3.9934   4.3088   3.6300   0.0000   0.0000
    7.50    8.93500000   8.9230   4.0046   4.3176   3.6540   0.0000   0.0000
    7.50    8.93900000   8.9280   4.0307   4.3337   3.6940   0.0000   0.0000
    7.50    8.94400000   8.9330   4.0552   4.2710   3.4050   0.0000   0.0000
    7.50    8.94900000   8.9370   4.0798   4.2130   3.1390   0.0000   0.0000
    7.50    8.95400000   8.9420   4.0740   4.1253   2.7860   0.0000   0.0000
    7.50    8.95900000   8.9470   3.9769   3.8980   1.9650   0.0000   0.0000
    7.50    8.96300000   8.9490   4.0818   3.5853   0.6020   0.0000   0.0000
    7.50    8.96800000   8.9500   4.0796   3.5838   0.5990   0.0000   0.0000
    7.50    8.97300000   8.9500   4.0774   3.5824   0.5950   0.0000   0.0000
    7.50    8.97800000   8.9510   4.0752   3.5810   0.5920   0.0000   0.0000
    7.50    8.98300000   8.9510   4.0726   3.5802   0.5910   0.0000   0.0000
    7.50    8.98800000   8.9520   4.0696   3.5805   0.5960   0.0000   0.0000
    7.50    8.99200000   8.9530   4.0665   3.5809   0.6000   0.0000   0.0000
    7.50    8.99700000   8.9530   4.0634   3.5813   0.6050   0.0000   0.0000
    7.50    9.00200000   8.9540   4.0604   3.5816   0.6090   0.0000   0.0000
    7.50    9.00700000   8.9550   4.0572   3.5819   0.6140   0.0000   0.0000
    7.50    9.01200000   8.9550   4.0540   3.5822   0.6180   0.0000   0.0000
    7.50    9.01700000   8.9560   4.0505   3.5827   0.6240   0.0000   0.0000
    7.50    9.02100000   8.9570   4.0467   3.5833   0.6300   0.0000   0.0000
    7.50    9.02600000   8.9570   4.0430   3.5840   0.6360   0.0000   0.0000
    7.50    9.03100000   8.9580   4.0394   3.5844   0.6410   0.0000   0.0000
    7.50    9.03600000   8.9590   4.0358   3.5847   0.6460   0.0000   0.0000
    7.50    9.04100000   8.9600   4.0321   3.5850   0.6510   0.0000   0.0000
    7.50    9.04600000   8.9610   4.0282   3.5852   0.6560   0.0000   0.0000
    7.50    9.05000000   8.9620   4.0246   3.5855   0.6610   0.0000   0.0000
    7.50    9.23700000   9.0110   4.1520   3.7146   1.1170   0.0000   0.0000
# log(age) Mini Mact logl logt logg Composition Phase
    7.55    0.80000000   0.8000  -0.5907   3.6872   4.6340   0.0000   0.0000
    7.55    0.91000000   0.9100  -0.3265   3.7277   4.5870   0.0000   0.0000
    7.55    1.03500000   1.0350  -0.0597   3.7636   4.5200   0.0000   0.0000
    7.55    1.17700000   1.1770   0.1896   3.7922   4.4410   0.0000   0.0000
    7.55    1.33900000   1.3390   0.4402   3.8201   4.3580   0.0000   0.0000
    7.55    1.52300000   1.5230   0.6953   3.8584   4.3120   0.0000   0.0000
    7.55    1.73200000   1.7320   0.9400   3.9056   4.3450   0.0000   0.0000
    7.55    1.97000000   1.9700   1.1754   3.9551   4.3620   0.0000   0.0000
    7.55    2.24100000   2.2410   1.4009   3.9985   4.3640   0.0000   0.0000
    7.55    2.54900000   2.5490   1.6245   4.0397   4.3580   0.0000   0.0000
    7.55    2.89900000   2.8990   1.8449   4.0772   4.3430   0.0000   0.0000
    7.55    3.29700000   3.2970   2.0625   4.1123   4.3200   0.0000   0.0000
    7.55    3.75100000   3.7510   2.2821   4.1460   4.2920   0.0000   0.0000
    7.55    4.26600000   4.2660   2.5033   4.1791   4.2590   0.0000   0.0000
    7.55    4.85200000   4.8520   2.7284   4.2114   4.2200   0.0000   0.0000
    7.55    5.51900000   5.5190   2.9584   4.2407   4.1630   0.0000   0.0000
    7.55    6.27700000   6.2770   3.2035   4.2666   4.0800   0.0000   0.0000
    7.55    7.14000000   7.1390   3.4757   4.2848   3.9400   0.0000   0.0000
    7.55    8.12100000   8.1160   3.7830   4.2803   3.6760   0.0000   0.0000
    7.55    8.34600000   8.3390   3.8624   4.2754   3.5920   0.0000   0.0000
    7.55    8.35100000   8.3430   3.8642   4.2755   3.5910   0.0000   0.0000
    7.55    8.35500000   8.3480   3.8660   4.2757   3.5900   0.0000   0.0000
    7.55    8.36000000   8.3520   3.8678   4.2759   3.5900   0.0000   0.0000
    7.55    8.36400000   8.3560   3.8698   4.2762   3.5890   0.0000   0.0000
    7.55    8.36900000   8.3610   3.8717   4.2766   3.5890   0.0000   0.0000
    7.55    8.37300000   8.3650   3.8737   4.2770   3.5890   0.0000   0.0000
    7.55    8.37800000   8.3700   3.8756   4.2775   3.5900   0.0000   0.0000
    7.55    8.38200000   8.3740   3.8778   4.2782   3.5910   0.0000   0.0000
    7.55    8.38700000   8.3790   3.8799   4.2789   3.5920   0.0000   0.0000
    7.55    8.39100000   8.3830   3.8823   4.2799   3.5940   0.0000   0.0000
    7.55    8.39600000   8.3880   3.8847   4.2811   3.5970   0.0000   0.0000
    7.55    8.40000000   8.3920   3.8874   4.2825   3.6000   0.0000   0.0000
    7.55    8.40500000   8.3960   3.8902   4.2843   3.6060   0.0000   0.0000
    7.55    8.40900000   8.4010   3.8936   4.2867   3.6120   0.0000   0.0000
    7.55    8.41400000   8.4050   3.8977   4.2899   3.6220   0.0000   0.0000
    7.55    8.41800000   8.4100   3.9033   4.2944   3.6360   0.0000   0.0000
    7.55    8.42300000   8.4140   3.9136   4.3024   3.6580   0.0000   0.0000
    7.55    8.42700000   8.4190   3.9378   4.3175   3.6960   0.0000   0.0000
    7.55    8.43200000   8.4230   3.9574   4.2704   3.4780   0.0000   0.0000
    7.55    8.43600000   8.4280   3.9879   4.2238   3.2520   0.0000   0.0000
    7.55    8.44100000   8.4320   3.9930   4.1663   3.0100   0.0000   0.0000
    7.55    8.44500000   8.4370   3.9685   4.0604   2.6030   0.0000   0.0000
    7.55    8.45000000   8.4410   3.7439   3.6966   1.3620   0.0000   0.0000
    7.55    8.45400000   8.4430   3.9900   3.5882   0.6800   0.0000   0.0000
    7.55    8.45900000   8.4440   3.9877   3.5872   0.6790   0.0000   0.0000
    7.55    8.46300000   8.4450   3.9853   3.5861   0.6770   0.0000   0.0000
    7.55    8.46800000   8.4460   3.9830   3.5851   0.6750   0.0000   0.0000
    7.55    8.47300000   8.4470   3.9805   3.5844   0.6750   0.0000   0.0000
    7.55    8.47700000   8.4490   3.9775   3.5847   0.6790   0.0000   0.0000
    7.55    8.48200000   8.4500   3.9746   3.5850   0.6840   0.0000   0.0000
    7.55    8.48600000   8.4510   3.9716   3.5854   0.6880   0.0000   0.0000
    7.55    8.49100000   8.4530   3.9688   3.5857   0.6920   0.0000   0.0000
    7.55    8.49500000   8.4540   3.9661   3.5859   0.6960   0.0000   0.0000
    7.55    8.50000000   8.4560   3.9635   3.5862   0.6990   0.0000   0.0000
    7.55    8.50400000   8.4570   3.9608   3.5864   0.7030   0.0000   0.0000
    7.55    8.50900000   8.4590   3.9579   3.5869   0.7080   0.0000   0.0000
    7.55    8.51400000   8.4600   3.9549   3.5873   0.7130   0.0000   0.0000
    7.55    8.51800000   8.4620   3.9519   3.5878   0.7180   0.0000   0.0000
    7.55    8.52300000   8.4630   3.9489   3.5882   0.7220   0.0000   0.0000
    7.55    8.52700000   8.4650   3.9460   3.5885   0.7270   0.0000   0.0000
    7.55    8.53200000   8.4660   3.9429   3.5887   0.7310   0.0000   0.0000
    7.55    8.53600000   8.4680   3.9397   3.5890   0.7350   0.0000   0.0000
    7.55    8.66100000   8.5210   3.8822   3.6014   0.8450   0.0000   0.0000
    7.55    8.94400000   8.5620   4.2808   3.5725   0.3330   0.0000   0.0000
# log(age) Mini Mact logl logt logg Composition Phase
    7.60    0.80000000   0.8000  -0.5907   3.6872   4.6340   0.0000   0.0000
    7.60    0.91000000   0.9100  -0.3265   3.7277   4.5870   0.0000   0.0000
    7.60    1.03500000   1.0350  -0.0596   3.7636   4.5200   0.0000   0.0000
    7.60    1.17700000   1.1770   0.1896   3.7922   4.4410   0.0000   0.0000
    7.60    1.33900000   1.3390   0.4402   3.8201   4.3580   0.0000   0.0000
    7.60    1.52300000   1.5230   0.6954   3.8584   4.3120   0.0000   0.0000
    7.60    1.73200000   1.7320   0.9403   3.9056   4.3450   0.0000   0.0000
    7.60    1.97000000   1.9700   1.1759   3.9550   4.3610   0.0000   0.0000
    7.60    2.24100000   2.2410   1.4016   3.9984   4.3620   0.0000   0.0000
    7.60    2.54900000   2.5490   1.6251   4.0392   4.3550   0.0000   0.0000
    7.60    2.89900000   2.8990   1.8468   4.0767   4.3380   0.0000   0.0000
    7.60    3.29700000   3.2970   2.0654   4.1113   4.3140   0.0000   0.0000
    7.60    3.75100000   3.7510   2.2868   4.1450   4.2830   0.0000   0.0000
    7.60    4.26600000   4.2660   2.5106   4.1779   4.2470   0.0000   0.0000
    7.60    4.85200000   4.8520   2.7394   4.2098   4.2020   0.0000   0.0000
    7.60    5.51900000   5.5190   2.9750   4.2381   4.1370   0.0000   0.0000
    7.60    6.27700000   6.2770   3.2294   4.2617   4.0350   0.0000   0.0000
    7.60    7.14000000   7.1390   3.5196   4.2733   3.8510   0.0000   0.0000
    7.60    7.86800000   7.8630   3.7724   4.2616   3.6010   0.0000   0.0000
    7.60    7.87200000   7.8670   3.7741   4.2618   3.6000   0.0000   0.0000
    7.60    7.87600000   7.8710   3.7760   4.2620   3.6000   0.0000   0.0000
    7.60    7.88100000   7.8750   3.7778   4.2622   3.5990   0.0000   0.0000
    7.60    7.88500000   7.8800   3.7797   4.2625   3.5990   0.0000   0.0000
    7.60    7.88900000   7.8840   3.7816   4.2628   3.5980   0.0000   0.0000
    7.60    7.89300000   7.8880   3.7836   4.2633   3.5990   0.0000   0.0000
    7.60    7.89800000   7.8920   3.7856   4.2638   3.5990   0.0000   0.0000
    7.60    7.90200000   7.8960   3.7877   4.2644   3.6000   0.0000   0.0000
    7.60    7.90600000   7.9010   3.7898   4.2651   3.6010   0.0000   0.0000
    7.60    7.91000000   7.9050   3.7922   4.2660   3.6030   0.0000   0.0000
    7.60    7.91400000   7.9090   3.7945   4.2671   3.6050   0.0000   0.0000
    7.60    7.91900000   7.9130   3.7972   4.2685   3.6090   0.0000   0.0000
    7.60    7.92300000   7.9170   3.8000   4.2702   3.6130   0.0000   0.0000
    7.60    7.92700000   7.9220   3.8035   4.2725   3.6200   0.0000   0.0000
    7.60    7.93100000   7.9260   3.8075   4.2755   3.6290   0.0000   0.0000
    7.60    7.93600000   7.9300   3.8131   4.2799   3.6420   0.0000   0.0000
    7.60    7.94000000   7.9340   3.8225   4.2872   3.6630   0.0000   0.0000
    7.60    7.94400000   7.9380   3.8450   4.3013   3.6980   0.0000   0.0000
    7.60    7.94900000   7.9430   3.8605   4.2660   3.5340   0.0000   0.0000
    7.60    7.95300000   7.9470   3.8956   4.2267   3.3340   0.0000   0.0000
    7.60    7.95700000   7.9510   3.9051   4.1848   3.1510   0.0000   0.0000
    7.60    7.96100000   7.9550   3.8995   4.1195   2.8890   0.0000   0.0000
    7.60    7.96600000   7.9590   3.8490   3.9848   2.3930   0.0000   0.0000
    7.60    7.97000000   7.9630   3.7423   3.6136   1.0040   0.0000   0.0000
    7.60    7.97400000   7.9650   3.8982   3.5913   0.7590   0.0000   0.0000
    7.60    7.97800000   7.9670   3.8958   3.5906   0.7590   0.0000   0.0000
    7.60    7.98300000   7.9690   3.8933   3.5899   0.7590   0.0000   0.0000
    7.60    7.98700000   7.9700   3.8909   3.5892   0.7580   0.0000   0.0000
    7.60    7.99100000   7.9720   3.8883   3.5887   0.7590   0.0000   0.0000
    7.60    7.99600000   7.9740   3.8855   3.5890   0.7630   0.0000   0.0000
    7.60    8.00000000   7.9750   3.8826   3.5892   0.7670   0.0000   0.0000
    7.60    8.00400000   7.9770   3.8798   3.5895   0.7710   0.0000   0.0000
    7.60    8.00800000   7.9790   3.8769   3.5898   0.7750   0.0000   0.0000
    7.60    8.01300000   7.9810   3.8745   3.5900   0.7790   0.0000   0.0000
    7.60    8.01700000   7.9830   3.8720   3.5903   0.7820   0.0000   0.0000
    7.60    8.02100000   7.9850   3.8695   3.5905   0.7860   0.0000   0.0000
    7.60    8.02600000   7.9870   3.8670   3.5908   0.7890   0.0000   0.0000
    7.60    8.03000000   7.9880   3.8645   3.5911   0.7940   0.0000   0.0000
    7.60    8.03400000   7.9900   3.8620   3.5915   0.7980   0.0000   0.0000
    7.60    8.03900000   7.9920   3.8594   3.5918   0.8020   0.0000   0.0000
    7.60    8.04300000   7.9940   3.8569   3.5921   0.8060   0.0000   0.0000
    7.60    8.04700000   7.9960   3.8544   3.5924   0.8090   0.0000   0.0000
    7.60    8.05200000   7.9980   3.8518   3.5927   0.8130   0.0000   0.0000
    7.60    8.12100000   8.0320   3.8113   3.5987   0.8790   0.0000   0.0000
    7.60    8.38700000   8.1930   4.0740   3.6601   0.8740   0.0000   0.0000
# log(age) Mini Mact logl logt logg Composition Phase
    7.65    0.80000000   0.8000  -0.5907   3.6872   4.6340   0.0000   0.0000
    7.65    0.91000000   0.9100  -0.3265   3.7277   4.5870   0.0000   0.0000
    7.65    1.03500000   1.0350  -0.0596   3.7636   4.5200   0.0000   0.0000
    7.65    1.17700000   1.1770   0.1896   3.7922   4.4410   0.0000   0.0000
    7.65    1.33900000   1.3390   0.4403   3.8201   4.3580   0.0000   0.0000
    7.65    1.52300000   1.5230   0.6958   3.8585   4.3120   0.0000   0.0000
    7.65    1.73200000   1.7320   0.9407   3.9056   4.3440   0.0000   0.0000
    7.65    1.97000000   1.9700   1.1764   3.9549   4.3600   0.0000   0.0000
    7.65    2.24100000   2.2410   1.4025   3.9981   4.3600   0.0000   0.0000
    7.65    2.54900000   2.5490   1.6268   4.0388   4.3520   0.0000   0.0000
    7.65    2.89900000   2.8990   1.8491   4.0761   4.3330   0.0000   0.0000
    7.65    3.29700000   3.2970   2.0688   4.1103   4.3060   0.0000   0.0000
    7.65    3.75100000   3.7510   2.2923   4.1438   4.2730   0.0000   0.0000
    7.65    4.26600000   4.2660   2.5189   4.1766   4.2340   0.0000   0.0000
    7.65    4.85200000   4.8520   2.7520   4.2079   4.1830   0.0000   0.0000
    7.65    5.51900000   5.5190   2.9946   4.2349   4.1050   0.0000   0.0000
    7.65    6.27700000   6.2770   3.2608   4.2550   3.9780   0.0000   0.0000
    7.65    7.14000000   7.1390   3.5755   4.2542   3.7220   0.0000   0.0000
    7.65    7.41700000   7.4140   3.6823   4.2479   3.6100   0.0000   0.0000
    7.65    7.42100000   7.4180   3.6841   4.2481   3.6100   0.0000   0.0000
    7.65    7.42500000   7.4220   3.6859   4.2483   3.6090   0.0000   0.0000
    7.65    7.42900000   7.4260   3.6877   4.2485   3.6080   0.0000   0.0000
    7.65    7.43300000   7.4300   3.6896   4.2488   3.6080   0.0000   0.0000
    7.65    7.43700000   7.4340   3.6915   4.2491   3.6080   0.0000   0.0000
    7.65    7.44100000   7.4380   3.6935   4.2495   3.6080   0.0000   0.0000
    7.65    7.44500000   7.4420   3.6955   4.2500   3.6080   0.0000   0.0000
    7.65    7.44900000   7.4460   3.6975   4.2506   3.6090   0.0000   0.0000
    7.65    7.45300000   7.4500   3.6997   4.2513   3.6100   0.0000   0.0000
    7.65    7.45700000   7.4540   3.7020   4.2521   3.6110   0.0000   0.0000
    7.65    7.46100000   7.4580   3.7044   4.2532   3.6140   0.0000   0.0000
    7.65    7.46500000   7.4620   3.7071   4.2545   3.6170   0.0000   0.0000
    7.65    7.46900000   7.4660   3.7099   4.2561   3.6210   0.0000   0.0000
    7.65    7.47300000   7.4700   3.7134   4.2583   3.6270   0.0000   0.0000
    7.65    7.47700000   7.4740   3.7174   4.2612   3.6360   0.0000   0.0000
    7.65    7.48100000   7.4780   3.7228   4.2654   3.6480   0.0000   0.0000
    7.65    7.48500000   7.4820   3.7315   4.2721   3.6670   0.0000   0.0000
    7.65    7.48900000   7.4860   3.7524   4.2853   3.7010   0.0000   0.0000
    7.65    7.49300000   7.4900   3.7645   4.2595   3.5810   0.0000   0.0000
    7.65    7.49700000   7.4940   3.8039   4.2241   3.3920   0.0000   0.0000
    7.65    7.50100000   7.4980   3.8152   4.1922   3.2480   0.0000   0.0000
    7.65    7.50500000   7.5010   3.8169   4.1484   3.0660   0.0000   0.0000
    7.65    7.50900000   7.5050   3.8001   4.0727   2.7730   0.0000   0.0000
    7.65    7.51300000   7.5090   3.7085   3.8938   2.1410   0.0000   0.0000
    7.65    7.51700000   7.5130   3.7771   3.6037   0.9050   0.0000   0.0000
    7.65    7.52100000   7.5150   3.8064   3.5944   0.8380   0.0000   0.0000
    7.65    7.52500000   7.5170   3.8038   3.5941   0.8400   0.0000   0.0000
    7.65    7.52900000   7.5190   3.8013   3.5937   0.8410   0.0000   0.0000
    7.65    7.53300000   7.5210   3.7987   3.5933   0.8420   0.0000   0.0000
    7.65    7.53700000   7.5230   3.7962   3.5930   0.8430   0.0000   0.0000
    7.65    7.54100000   7.5250   3.7934   3.5932   0.8470   0.0000   0.0000
    7.65    7.54500000   7.5270   3.7906   3.5934   0.8510   0.0000   0.0000
    7.65    7.55000000   7.5290   3.7879   3.5936   0.8550   0.0000   0.0000
    7.65    7.55400000   7.5310   3.7851   3.5939   0.8580   0.0000   0.0000
    7.65    7.55800000   7.5340   3.7826   3.5941   0.8620   0.0000   0.0000
    7.65    7.56200000   7.5360   3.7803   3.5943   0.8650   0.0000   0.0000
    7.65    7.56600000   7.5380   3.7780   3.5946   0.8690   0.0000   0.0000
    7.65    7.57000000   7.5400   3.7757   3.5948   0.8720   0.0000   0.0000
    7.65    7.57400000   7.5430   3.7734   3.5951   0.8750   0.0000   0.0000
    7.65    7.57800000   7.5450   3.7713   3.5953   0.8790   0.0000   0.0000
    7.65    7.58200000   7.5470   3.7692   3.5956   0.8820   0.0000   0.0000
    7.65    7.58600000   7.5490   3.7671   3.5959   0.8850   0.0000   0.0000
    7.65    7.59000000   7.5510   3.7649   3.5961   0.8890   0.0000   0.0000
    7.65    7.61500000   7.5650   3.7517   3.5977   0.9090   0.0000   0.0000
    7.65    7.86400000   7.7270   3.9899   3.9184   2.0140   0.0000   0.0000
# log(age) Mini Mact logl logt logg Composition Phase
    7.70    0.80000000   0.8000  -0.5907   3.6872   4.6340   0.0000   0.0000
    7.70    0.91000000   0.9100  -0.3264   3.7277   4.5870   0.0000   0.0000
    7.70    1.03500000   1.0350  -0.0596   3.7636   4.5200   0.0000   0.0000
    7.70    1.17700000   1.1770   0.1896   3.7922   4.4410   0.0000   0.0000
    7.70    1.33900000   1.3390   0.4403   3.8201   4.3580   0.0000   0.0000
    7.70    1.52300000   1.5230   0.6964   3.8585   4.3120   0.0000   0.0000
    7.70    1.73200000   1.7320   0.9412   3.9056   4.3430   0.0000   0.0000
    7.70    1.97000000   1.9700   1.1768   3.9548   4.3580   0.0000   0.0000
    7.70    2.24100000   2.2410   1.4034   3.9979   4.3570   0.0000   0.0000
    7.70    2.54900000   2.5490   1.6288   4.0385   4.3480   0.0000   0.0000
    7.70    2.89900000   2.8990   1.8516   4.0753   4.3270   0.0000   0.0000
    7.70    3.29700000   3.2970   2.0730   4.1093   4.2980   0.0000   0.0000
    7.70    3.75100000   3.7510   2.2986   4.1426   4.2620   0.0000   0.0000
    7.70    4.26600000   4.2660   2.5284   4.1750   4.2180   0.0000   0.0000
    7.70    4.85200000   4.8520   2.7669   4.2056   4.1590   0.0000   0.0000
    7.70    5.51900000   5.5190   3.0178   4.2306   4.0660   0.0000   0.0000
    7.70    6.27700000   6.2770   3.2993   4.2452   3.9020   0.0000   0.0000
    7.70    6.99200000   6.9910   3.5919   4.2342   3.6200   0.0000   0.0000
    7.70    6.99600000   6.9950   3.5938   4.2343   3.6190   0.0000   0.0000
    7.70    7.00000000   6.9990   3.5958   4.2346   3.6180   0.0000   0.0000
    7.70    7.00300000   7.0020   3.5976   4.2348   3.6180   0.0000   0.0000
    7.70    7.00700000   7.0060   3.5996   4.2351   3.6170   0.0000   0.0000
    7.70    7.01100000   7.0100   3.6014   4.2354   3.6170   0.0000   0.0000
    7.70    7.01500000   7.0130   3.6034   4.2358   3.6170   0.0000   0.0000
    7.70    7.01800000   7.0170   3.6054   4.2363   3.6170   0.0000   0.0000
    7.70    7.02200000   7.0210   3.6074   4.2368   3.6180   0.0000   0.0000
    7.70    7.02600000   7.0250   3.6097   4.2375   3.6190   0.0000   0.0000
    7.70    7.03000000   7.0280   3.6119   4.2383   3.6200   0.0000   0.0000
    7.70    7.03300000   7.0320   3.6143   4.2393   3.6220   0.0000   0.0000
    7.70    7.03700000   7.0360   3.6169   4.2405   3.6250   0.0000   0.0000
    7.70    7.04100000   7.0400   3.6198   4.2421   3.6290   0.0000   0.0000
    7.70    7.04500000   7.0430   3.6232   4.2441   3.6340   0.0000   0.0000
    7.70    7.04900000   7.0470   3.6272   4.2469   3.6430   0.0000   0.0000
    7.70    7.05200000   7.0510   3.6325   4.2510   3.6540   0.0000   0.0000
    7.70    7.05600000   7.0550   3.6411   4.2574   3.6730   0.0000   0.0000
    7.70    7.06000000   7.0590   3.6598   4.2695   3.7050   0.0000   0.0000
    7.70    7.06400000   7.0620   3.6664   4.2515   3.6230   0.0000   0.0000
    7.70    7.06700000   7.0660   3.7130   4.2182   3.4350   0.0000   0.0000
    7.70    7.07100000   7.0700   3.7252   4.1934   3.3200   0.0000   0.0000
    7.70    7.07500000   7.0740   3.7296   4.1615   3.1840   0.0000   0.0000
    7.70    7.07900000   7.0770   3.7247   4.1123   2.9870   0.0000   0.0000
    7.70    7.08300000   7.0810   3.6930   4.0198   2.6410   0.0000   0.0000
    7.70    7.08600000   7.0850   3.5270   3.7675   1.7880   0.0000   0.0000
    7.70    7.09000000   7.0880   3.7096   3.6000   0.9320   0.0000   0.0000
    7.70    7.09400000   7.0900   3.7145   3.5977   0.9180   0.0000   0.0000
    7.70    7.09800000   7.0920   3.7119   3.5976   0.9200   0.0000   0.0000
    7.70    7.10200000   7.0950   3.7092   3.5974   0.9230   0.0000   0.0000
    7.70    7.10500000   7.0970   3.7066   3.5973   0.9250   0.0000   0.0000
    7.70    7.10900000   7.0990   3.7040   3.5972   0.9270   0.0000   0.0000
    7.70    7.11300000   7.1020   3.7013   3.5974   0.9310   0.0000   0.0000
    7.70    7.11700000   7.1040   3.6986   3.5976   0.9350   0.0000   0.0000
    7.70    7.12100000   7.1060   3.6959   3.5978   0.9380   0.0000   0.0000
    7.70    7.12500000   7.1090   3.6932   3.5980   0.9420   0.0000   0.0000
    7.70    7.12800000   7.1110   3.6906   3.5982   0.9450   0.0000   0.0000
    7.70    7.13200000   7.1140   3.6885   3.5984   0.9490   0.0000   0.0000
    7.70    7.13600000   7.1160   3.6863   3.5987   0.9520   0.0000   0.0000
    7.70    7.14000000   7.1180   3.6841   3.5989   0.9550   0.0000   0.0000
    7.70    7.14400000   7.1210   3.6820   3.5991   0.9580   0.0000   0.0000
    7.70    7.14800000   7.1230   3.6801   3.5993   0.9610   0.0000   0.0000
    7.70    7.15100000   7.1260   3.6783   3.5995   0.9640   0.0000   0.0000
    7.70    7.15500000   7.1280   3.6765   3.5997   0.9660   0.0000   0.0000
    7.70    7.15900000   7.1310   3.6748   3.5998   0.9690   0.0000   0.0000
    7.70    7.37300000   7.2760   3.8041   3.8088   1.7140   0.0000   0.0000
# log(age) Mini Mact logl logt logg Composition Phase
    7.75    0.80000000   0.8000  -0.5907   3.6872   4.6340   0.0000   0.0000
    7.75    0.91000000   0.9100  -0.3264   3.7277   4.5870   0.0000   0.0000
    7.75    1.03500000   1.0350  -0.0596   3.7636   4.5200   0.0000   0.0000
    7.75    1.17700000   1.1770   0.1897   3.7922   4.4410   0.0000   0.0000
    7.75    1.33900000   1.3390   0.4408   3.8202   4.3580   0.0000   0.0000
    7.75    1.52300000   1.5230   0.6969   3.8586   4.3110   0.0000   0.0000
    7.75    1.73200000   1.7320   0.9417   3.9057   4.3420   0.0000   0.0000
    7.75    1.97000000   1.9700   1.1773   3.9547   4.3570   0.0000   0.0000
    7.75    2.24100000   2.2410   1.4044   3.9976   4.3550   0.0000   0.0000
    7.75    2.54900000   2.5490   1.6309   4.0381   4.3440   0.0000   0.0000
    7.75    2.89900000   2.8990   1.8545   4.0743   4.3200   0.0000   0.0000
    7.75    3.29700000   3.2970   2.0777   4.1082   4.2890   0.0000   0.0000
    7.75    3.75100000   3.7510   2.3058   4.1413   4.2500   0.0000   0.0000
    7.75    4.26600000   4.2660   2.5392   4.1732   4.2010   0.0000   0.0000
    7.75    4.85200000   4.8520   2.7844   4.2026   4.1300   0.0000   0.0000
    7.75    5.51900000   5.5190   3.0456   4.2248   4.0160   0.0000   0.0000
    7.75    6.27700000   6.2770   3.3473   4.2298   3.7950   0.0000   0.0000
    7.75    6.63700000   6.6370   3.5076   4.2198   3.6240   0.0000   0.0000
    7.75    6.64100000   6.6400   3.5095   4.2199   3.6230   0.0000   0.0000
    7.75    6.64500000   6.6440   3.5114   4.2200   3.6220   0.0000   0.0000
    7.75    6.64800000   6.6470   3.5133   4.2202   3.6210   0.0000   0.0000
    7.75    6.65200000   6.6510   3.5153   4.2204   3.6200   0.0000   0.0000
    7.75    6.65500000   6.6540   3.5173   4.2207   3.6190   0.0000   0.0000
    7.75    6.65900000   6.6580   3.5195   4.2210   3.6190   0.0000   0.0000
    7.75    6.66200000   6.6620   3.5215   4.2214   3.6190   0.0000   0.0000
    7.75    6.66600000   6.6650   3.5238   4.2219   3.6190   0.0000   0.0000
    7.75    6.67000000   6.6690   3.5260   4.2225   3.6200   0.0000   0.0000
    7.75    6.67300000   6.6720   3.5285   4.2233   3.6210   0.0000   0.0000
    7.75    6.67700000   6.6760   3.5310   4.2242   3.6220   0.0000   0.0000
    7.75    6.68000000   6.6790   3.5337   4.2254   3.6250   0.0000   0.0000
    7.75    6.68400000   6.6830   3.5368   4.2268   3.6280   0.0000   0.0000
    7.75    6.68800000   6.6870   3.5402   4.2289   3.6330   0.0000   0.0000
    7.75    6.69100000   6.6900   3.5443   4.2316   3.6410   0.0000   0.0000
    7.75    6.69500000   6.6940   3.5498   4.2356   3.6530   0.0000   0.0000
    7.75    6.69800000   6.6970   3.5587   4.2423   3.6720   0.0000   0.0000
    7.75    6.70200000   6.7010   3.5791   4.2555   3.7070   0.0000   0.0000
    7.75    6.70500000   6.7050   3.5975   4.2328   3.5930   0.0000   0.0000
    7.75    6.70900000   6.7080   3.6353   4.2029   3.4290   0.0000   0.0000
    7.75    6.71300000   6.7120   3.6456   4.1782   3.3160   0.0000   0.0000
    7.75    6.71600000   6.7150   3.6491   4.1445   3.1730   0.0000   0.0000
    7.75    6.72000000   6.7190   3.6406   4.0881   2.9510   0.0000   0.0000
    7.75    6.72300000   6.7230   3.5910   3.9709   2.5240   0.0000   0.0000
    7.75    6.72700000   6.7260   3.2637   3.6436   1.5300   0.0000   0.0000
    7.75    6.73100000   6.7280   3.6386   3.6003   0.9820   0.0000   0.0000
    7.75    6.73400000   6.7310   3.6347   3.6004   0.9860   0.0000   0.0000
    7.75    6.73800000   6.7330   3.6309   3.6004   0.9900   0.0000   0.0000
    7.75    6.74200000   6.7350   3.6270   3.6005   0.9940   0.0000   0.0000
    7.75    6.74500000   6.7370   3.6232   3.6006   0.9990   0.0000   0.0000
    7.75    6.74900000   6.7390   3.6199   3.6008   1.0030   0.0000   0.0000
    7.75    6.75200000   6.7420   3.6167   3.6010   1.0070   0.0000   0.0000
    7.75    6.75600000   6.7440   3.6135   3.6013   1.0120   0.0000   0.0000
    7.75    6.76000000   6.7460   3.6102   3.6015   1.0160   0.0000   0.0000
    7.75    6.76300000   6.7480   3.6075   3.6018   1.0200   0.0000   0.0000
    7.75    6.76700000   6.7510   3.6050   3.6021   1.0240   0.0000   0.0000
    7.75    6.77100000   6.7530   3.6025   3.6023   1.0270   0.0000   0.0000
    7.75    6.77400000   6.7550   3.6000   3.6026   1.0310   0.0000   0.0000
    7.75    6.77800000   6.7580   3.5978   3.6028   1.0340   0.0000   0.0000
    7.75    6.78100000   6.7600   3.5957   3.6030   1.0370   0.0000   0.0000
    7.75    6.78500000   6.7630   3.5937   3.6032   1.0400   0.0000   0.0000
    7.75    6.78900000   6.7650   3.5917   3.6034   1.0430   0.0000   0.0000
    7.75    6.79200000   6.7670   3.5895   3.6036   1.0470   0.0000   0.0000
    7.75    6.79600000   6.7700   3.5874   3.6039   1.0500   0.0000   0.0000
    7.75    6.91400000   6.8520   3.5304   3.6190   1.1730   0.0000   0.0000
    7.75    7.14000000   6.9930   4.2074   3.5576   0.2590   0.0000   0.0000
# log(age) Mini Mact logl logt logg Composition Phase
    7.80    0.80000000   0.8000  -0.5907   3.6872   4.6340   0.0000   0.0000
    7.80    0.91000000   0.9100  -0.3264   3.7277   4.5870   0.0000   0.0000
    7.80    1.03500000   1.0350  -0.0595   3.7636   4.5200   0.0000   0.0000
    7.80    1.17700000   1.1770   0.1897   3.7922   4.4410   0.0000   0.0000
    7.80    1.33900000   1.3390   0.4414   3.8202   4.3570   0.0000   0.0000
    7.80    1.52300000   1.5230   0.6975   3.8586   4.3110   0.0000   0.0000
    7.80    1.73200000   1.7320   0.9422   3.9057   4.3420   0.0000   0.0000
    7.80    1.97000000   1.9700   1.1786   3.9547   4.3550   0.0000   0.0000
    7.80    2.24100000   2.2410   1.4059   3.9974   4.3520   0.0000   0.0000
    7.80    2.54900000   2.5490   1.6332   4.0376   4.3390   0.0000   0.0000
    7.80    2.89900000   2.8990   1.8578   4.0732   4.3130   0.0000   0.0000
    7.80    3.29700000   3.2970   2.0831   4.1070   4.2790   0.0000   0.0000
    7.80    3.75100000   3.7510   2.3141   4.1398   4.2360   0.0000   0.0000
    7.80    4.26600000   4.2660   2.5516   4.1713   4.1810   0.0000   0.0000
    7.80    4.85200000   4.8520   2.8050   4.1988   4.0950   0.0000   0.0000
    7.80    5.51900000   5.5190   3.0793   4.2164   3.9500   0.0000   0.0000
    7.80    6.27700000   6.2770   3.4111   4.2058   3.6390   0.0000   0.0000
    7.80    6.30800000   6.3070   3.4271   4.2057   3.6260   0.0000   0.0000
    7.80    6.31100000   6.3100   3.4290   4.2058   3.6240   0.0000   0.0000
    7.80    6.31400000   6.3140   3.4309   4.2059   3.6230   0.0000   0.0000
    7.80    6.31800000   6.3170   3.4329   4.2061   3.6220   0.0000   0.0000
    7.80    6.32100000   6.3210   3.4349   4.2063   3.6210   0.0000   0.0000
    7.80    6.32500000   6.3240   3.4369   4.2065   3.6210   0.0000   0.0000
    7.80    6.32800000   6.3270   3.4390   4.2069   3.6200   0.0000   0.0000
    7.80    6.33100000   6.3310   3.4411   4.2073   3.6200   0.0000   0.0000
    7.80    6.33500000   6.3340   3.4434   4.2078   3.6210   0.0000   0.0000
    7.80    6.33800000   6.3380   3.4456   4.2084   3.6210   0.0000   0.0000
    7.80    6.34200000   6.3410   3.4481   4.2091   3.6220   0.0000   0.0000
    7.80    6.34500000   6.3440   3.4506   4.2100   3.6240   0.0000   0.0000
    7.80    6.34800000   6.3480   3.4533   4.2112   3.6260   0.0000   0.0000
    7.80    6.35200000   6.3510   3.4564   4.2126   3.6290   0.0000   0.0000
    7.80    6.35500000   6.3550   3.4598   4.2146   3.6340   0.0000   0.0000
    7.80    6.35900000   6.3580   3.4639   4.2172   3.6410   0.0000   0.0000
    7.80    6.36200000   6.3610   3.4691   4.2209   3.6520   0.0000   0.0000
    7.80    6.36500000   6.3650   3.4771   4.2269   3.6690   0.0000   0.0000
    7.80    6.36900000   6.3680   3.4941   4.2383   3.7000   0.0000   0.0000
    7.80    6.37200000   6.3720   3.5029   4.2284   3.6500   0.0000   0.0000
    7.80    6.37600000   6.3750   3.5503   4.1977   3.4730   0.0000   0.0000
    7.80    6.37900000   6.3780   3.5633   4.1774   3.3750   0.0000   0.0000
    7.80    6.38300000   6.3820   3.5691   4.1529   3.2680   0.0000   0.0000
    7.80    6.38600000   6.3850   3.5695   4.1179   3.1240   0.0000   0.0000
    7.80    6.38900000   6.3890   3.5549   4.0558   2.8840   0.0000   0.0000
    7.80    6.39300000   6.3920   3.4882   3.9252   2.4210   0.0000   0.0000
    7.80    6.39600000   6.3950   3.3477   3.6274   1.3590   0.0000   0.0000
    7.80    6.40000000   6.3980   3.5650   3.6027   1.0430   0.0000   0.0000
    7.80    6.40300000   6.4000   3.5603   3.6029   1.0490   0.0000   0.0000
    7.80    6.40700000   6.4020   3.5557   3.6031   1.0540   0.0000   0.0000
    7.80    6.41000000   6.4040   3.5511   3.6033   1.0600   0.0000   0.0000
    7.80    6.41300000   6.4060   3.5465   3.6036   1.0650   0.0000   0.0000
    7.80    6.41700000   6.4090   3.5432   3.6038   1.0700   0.0000   0.0000
    7.80    6.42000000   6.4110   3.5400   3.6041   1.0740   0.0000   0.0000
    7.80    6.42400000   6.4130   3.5368   3.6044   1.0790   0.0000   0.0000
    7.80    6.42700000   6.4150   3.5336   3.6046   1.0830   0.0000   0.0000
    7.80    6.43100000   6.4180   3.5308   3.6049   1.0870   0.0000   0.0000
    7.80    6.43400000   6.4200   3.5285   3.6051   1.0910   0.0000   0.0000
    7.80    6.43800000   6.4220   3.5263   3.6054   1.0940   0.0000   0.0000
    7.80    6.44100000   6.4250   3.5240   3.6056   1.0980   0.0000   0.0000
    7.80    6.44400000   6.4270   3.5217   3.6059   1.1010   0.0000   0.0000
    7.80    6.44800000   6.4290   3.5198   3.6061   1.1040   0.0000   0.0000
    7.80    6.45100000   6.4320   3.5178   3.6063   1.1070   0.0000   0.0000
    7.80    6.45500000   6.4340   3.5159   3.6064   1.1100   0.0000   0.0000
    7.80    6.45800000   6.4360   3.5138   3.6067   1.1130   0.0000   0.0000
    7.80    6.46200000   6.4390   3.5116   3.6070   1.1160   0.0000   0.0000
    7.80    6.48300000   6.4530   3.4975   3.6090   1.1390   0.0000   0.0000
    7.80    6.69500000   6.6130   3.7489   3.9149   2.1520   0.0000   0.0000
# log(age) Mini Mact logl logt logg Composition Phase
    7.85    0.80000000   0.8000  -0.5907   3.6872   4.6330   0.0000   0.0000
    7.85    0.91000000   0.9100  -0.3264   3.7277   4.5870   0.0000   0.0000
    7.85    1.03500000   1.0350  -0.0595   3.7636   4.5200   0.0000   0.0000
    7.85    1.17700000   1.1770   0.1898   3.7922   4.4410   0.0000   0.0000
    7.85    1.33900000   1.3390   0.4419   3.8202   4.3570   0.0000   0.0000
    7.85    1.52300000   1.5230   0.6981   3.8586   4.3100   0.0000   0.0000
    7.85    1.73200000   1.7320   0.9427   3.9057   4.3410   0.0000   0.0000
    7.85    1.97000000   1.9700   1.1800   3.9547   4.3540   0.0000   0.0000
    7.85    2.24100000   2.2410   1.4079   3.9971   4.3490   0.0000   0.0000
    7.85    2.54900000   2.5490   1.6356   4.0368   4.3340   0.0000   0.0000
    7.85    2.89900000   2.8990   1.8618   4.0721   4.3040   0.0000   0.0000
    7.85    3.29700000   3.2970   2.0893   4.1057   4.2670   0.0000   0.0000
    7.85    3.75100000   3.7510   2.3236   4.1381   4.2200   0.0000   0.0000
    7.85    4.26600000   4.2660   2.5667   4.1686   4.1560   0.0000   0.0000
    7.85    4.85200000   4.8520   2.8295   4.1938   4.0520   0.0000   0.0000
    7.85    5.51900000   5.5190   3.1207   4.2039   3.8610   0.0000   0.0000
    7.85    5.99700000   5.9970   3.3486   4.1916   3.6260   0.0000   0.0000
    7.85    6.00100000   6.0000   3.3504   4.1917   3.6250   0.0000   0.0000
    7.85    6.00400000   6.0030   3.3524   4.1919   3.6240   0.0000   0.0000
    7.85    6.00700000   6.0070   3.3544   4.1921   3.6230   0.0000   0.0000
    7.85    6.01000000   6.0100   3.3564   4.1924   3.6220   0.0000   0.0000
    7.85    6.01400000   6.0130   3.3585   4.1927   3.6220   0.0000   0.0000
    7.85    6.01700000   6.0160   3.3606   4.1931   3.6220   0.0000   0.0000
    7.85    6.02000000   6.0200   3.3629   4.1936   3.6220   0.0000   0.0000
    7.85    6.02300000   6.0230   3.3652   4.1942   3.6230   0.0000   0.0000
    7.85    6.02600000   6.0260   3.3677   4.1950   3.6230   0.0000   0.0000
    7.85    6.03000000   6.0290   3.3701   4.1959   3.6250   0.0000   0.0000
    7.85    6.03300000   6.0320   3.3729   4.1970   3.6270   0.0000   0.0000
    7.85    6.03600000   6.0360   3.3759   4.1984   3.6300   0.0000   0.0000
    7.85    6.03900000   6.0390   3.3793   4.2003   3.6350   0.0000   0.0000
    7.85    6.04300000   6.0420   3.3834   4.2028   3.6420   0.0000   0.0000
    7.85    6.04600000   6.0450   3.3884   4.2062   3.6520   0.0000   0.0000
    7.85    6.04900000   6.0490   3.3957   4.2116   3.6670   0.0000   0.0000
    7.85    6.05200000   6.0520   3.4107   4.2218   3.6950   0.0000   0.0000
    7.85    6.05600000   6.0550   3.4172   4.2239   3.6970   0.0000   0.0000
    7.85    6.05900000   6.0580   3.4657   4.1908   3.5090   0.0000   0.0000
    7.85    6.06200000   6.0620   3.4807   4.1731   3.4210   0.0000   0.0000
    7.85    6.06500000   6.0650   3.4877   4.1545   3.3360   0.0000   0.0000
    7.85    6.06900000   6.0680   3.4913   4.1297   3.2300   0.0000   0.0000
    7.85    6.07200000   6.0710   3.4887   4.0921   3.0780   0.0000   0.0000
    7.85    6.07500000   6.0750   3.4678   4.0243   2.8220   0.0000   0.0000
    7.85    6.07800000   6.0780   3.3795   3.8770   2.3130   0.0000   0.0000
    7.85    6.08200000   6.0810   3.3505   3.6233   1.3180   0.0000   0.0000
    7.85    6.08500000   6.0830   3.4913   3.6051   1.1040   0.0000   0.0000
    7.85    6.08800000   6.0850   3.4859   3.6054   1.1110   0.0000   0.0000
    7.85    6.09100000   6.0880   3.4806   3.6058   1.1180   0.0000   0.0000
    7.85    6.09500000   6.0900   3.4753   3.6062   1.1250   0.0000   0.0000
    7.85    6.09800000   6.0920   3.4700   3.6065   1.1320   0.0000   0.0000
    7.85    6.10100000   6.0940   3.4664   3.6068   1.1370   0.0000   0.0000
    7.85    6.10500000   6.0960   3.4633   3.6071   1.1410   0.0000   0.0000
    7.85    6.10800000   6.0990   3.4601   3.6074   1.1460   0.0000   0.0000
    7.85    6.11100000   6.1010   3.4570   3.6077   1.1500   0.0000   0.0000
    7.85    6.11400000   6.1030   3.4541   3.6080   1.1550   0.0000   0.0000
    7.85    6.11800000   6.1050   3.4520   3.6082   1.1580   0.0000   0.0000
    7.85    6.12100000   6.1080   3.4499   3.6085   1.1610   0.0000   0.0000
    7.85    6.12400000   6.1100   3.4478   3.6087   1.1640   0.0000   0.0000
    7.85    6.12800000   6.1120   3.4457   3.6089   1.1670   0.0000   0.0000
    7.85    6.13100000   6.1150   3.4438   3.6091   1.1700   0.0000   0.0000
    7.85    6.13400000   6.1170   3.4419   3.6093   1.1730   0.0000   0.0000
    7.85    6.13700000   6.1190   3.4400   3.6095   1.1760   0.0000   0.0000
    7.85    6.14100000   6.1220   3.4381   3.6097   1.1790   0.0000   0.0000
    7.85    6.14400000   6.1240   3.4358   3.6101   1.1830   0.0000   0.0000
    7.85    6.27700000   6.2240   3.3768   3.6309   1.3320   0.0000   0.0000
# log(age) Mini Mact logl logt logg Composition Phase
    7.90    0.80000000   0.8000  -0.5907   3.6872   4.6330   0.0000   0.0000
    7.90    0.91000000   0.9100  -0.3264   3.7277   4.5870   0.0000   0.0000
    7.90    1.03500000   1.0350  -0.0595   3.7636   4.5200   0.0000   0.0000
    7.90    1.17700000   1.1770   0.1903   3.7923   4.4410   0.0000   0.0000
    7.90    1.33900000   1.3390   0.4424   3.8203   4.3560   0.0000   0.0000
    7.90    1.52300000   1.5230   0.6987   3.8587   4.3100   0.0000   0.0000
    7.90    1.73200000   1.7320   0.9431   3.9057   4.3400   0.0000   0.0000
    7.90    1.97000000   1.9700   1.1814   3.9547   4.3520   0.0000   0.0000
    7.90    2.24100000   2.2410   1.4098   3.9969   4.3450   0.0000   0.0000
    7.90    2.54900000   2.5490   1.6382   4.0359   4.3270   0.0000   0.0000
    7.90    2.89900000   2.8990   1.8664   4.0709   4.2950   0.0000   0.0000
    7.90    3.29700000   3.2970   2.0965   4.1042   4.2550   0.0000   0.0000
    7.90    3.75100000   3.7510   2.3343   4.1361   4.2010   0.0000   0.0000
    7.90    4.26600000   4.2660   2.5846   4.1654   4.1260   0.0000   0.0000
    7.90    4.85200000   4.8520   2.8589   4.1868   3.9960   0.0000   0.0000
    7.90    5.51900000   5.5190   3.1728   4.1839   3.7310   0.0000   0.0000
    7.90    5.69900000   5.6990   3.2681   4.1775   3.6270   0.0000   0.0000
    7.90    5.70300000   5.7020   3.2700   4.1776   3.6260   0.0000   0.0000
    7.90    5.70600000   5.7050   3.2720   4.1778   3.6250   0.0000   0.0000
    7.90    5.70900000   5.7080   3.2739   4.1780   3.6250   0.0000   0.0000
    7.90    5.71200000   5.7110   3.2760   4.1782   3.6240   0.0000   0.0000
    7.90    5.71500000   5.7140   3.2781   4.1786   3.6240   0.0000   0.0000
    7.90    5.71800000   5.7180   3.2802   4.1790   3.6230   0.0000   0.0000
    7.90    5.72100000   5.7210   3.2825   4.1795   3.6240   0.0000   0.0000
    7.90    5.72400000   5.7240   3.2847   4.1801   3.6240   0.0000   0.0000
    7.90    5.72700000   5.7270   3.2872   4.1808   3.6250   0.0000   0.0000
    7.90    5.73000000   5.7300   3.2897   4.1817   3.6260   0.0000   0.0000
    7.90    5.73300000   5.7330   3.2925   4.1828   3.6290   0.0000   0.0000
    7.90    5.73600000   5.7360   3.2955   4.1842   3.6320   0.0000   0.0000
    7.90    5.73900000   5.7390   3.2989   4.1860   3.6360   0.0000   0.0000
    7.90    5.74200000   5.7420   3.3029   4.1884   3.6430   0.0000   0.0000
    7.90    5.74600000   5.7450   3.3076   4.1915   3.6510   0.0000   0.0000
    7.90    5.74900000   5.7480   3.3148   4.1967   3.6660   0.0000   0.0000
    7.90    5.75200000   5.7510   3.3279   4.2055   3.6900   0.0000   0.0000
    7.90    5.75500000   5.7540   3.3487   4.2184   3.7230   0.0000   0.0000
    7.90    5.75800000   5.7570   3.3811   4.1831   3.5420   0.0000   0.0000
    7.90    5.76100000   5.7610   3.3979   4.1671   3.4580   0.0000   0.0000
    7.90    5.76400000   5.7640   3.4058   4.1521   3.3880   0.0000   0.0000
    7.90    5.76700000   5.7670   3.4109   4.1330   3.3040   0.0000   0.0000
    7.90    5.77000000   5.7700   3.4126   4.1076   3.1980   0.0000   0.0000
    7.90    5.77300000   5.7730   3.4067   4.0671   3.0370   0.0000   0.0000
    7.90    5.77600000   5.7760   3.3794   3.9951   2.7710   0.0000   0.0000
    7.90    5.78000000   5.7790   3.2647   3.8271   2.2040   0.0000   0.0000
    7.90    5.78300000   5.7820   3.2921   3.6221   1.3500   0.0000   0.0000
    7.90    5.78600000   5.7840   3.4177   3.6075   1.1660   0.0000   0.0000
    7.90    5.78900000   5.7860   3.4116   3.6080   1.1740   0.0000   0.0000
    7.90    5.79200000   5.7890   3.4056   3.6085   1.1820   0.0000   0.0000
    7.90    5.79500000   5.7910   3.3995   3.6090   1.1900   0.0000   0.0000
    7.90    5.79800000   5.7930   3.3935   3.6095   1.1980   0.0000   0.0000
    7.90    5.80100000   5.7950   3.3897   3.6098   1.2040   0.0000   0.0000
    7.90    5.80400000   5.7970   3.3866   3.6102   1.2080   0.0000   0.0000
    7.90    5.80700000   5.7990   3.3834   3.6105   1.2130   0.0000   0.0000
    7.90    5.81100000   5.8020   3.3803   3.6108   1.2180   0.0000   0.0000
    7.90    5.81400000   5.8040   3.3773   3.6111   1.2220   0.0000   0.0000
    7.90    5.81700000   5.8060   3.3754   3.6113   1.2250   0.0000   0.0000
    7.90    5.82000000   5.8080   3.3734   3.6115   1.2280   0.0000   0.0000
    7.90    5.82300000   5.8110   3.3715   3.6118   1.2310   0.0000   0.0000
    7.90    5.82600000   5.8130   3.3696   3.6120   1.2340   0.0000   0.0000
    7.90    5.82900000   5.8150   3.3677   3.6122   1.2370   0.0000   0.0000
    7.90    5.83200000   5.8170   3.3659   3.6124   1.2400   0.0000   0.0000
    7.90    5.83600000   5.8200   3.3641   3.6126   1.2420   0.0000   0.0000
    7.90    5.83900000   5.8220   3.3622   3.6128   1.2450   0.0000   0.0000
    7.90    5.84200000   5.8240   3.3601   3.6131   1.2490   0.0000   0.0000
    7.90    5.88600000   5.8570   3.3223   3.6191   1.3130   0.0000   0.0000
    7.90    6.07800000   6.0100   3.5829   3.8416   1.9680   0.0000   0.0000
# log(age) Mini Mact logl logt logg Composition Phase
    7.95    0.80000000   0.8000  -0.5907   3.6872   4.6330   0.0000   0.0000
    7.95    0.91000000   0.9100  -0.3264   3.7277   4.5870   0.0000   0.0000
    7.95    1.03500000   1.0350  -0.0594   3.7636   4.5200   0.0000   0.0000
    7.95    1.17700000   1.1770   0.1908   3.7923   4.4400   0.0000   0.0000
    7.95    1.33900000   1.3390   0.4430   3.8203   4.3560   0.0000   0.0000
    7.95    1.52300000   1.5230   0.6996   3.8587   4.3090   0.0000   0.0000
    7.95    1.73200000   1.7320   0.9448   3.9059   4.3390   0.0000   0.0000
    7.95    1.97000000   1.9700   1.1829   3.9547   4.3500   0.0000   0.0000
    7.95    2.24100000   2.2410   1.4119   3.9965   4.3410   0.0000   0.0000
    7.95    2.54900000   2.5490   1.6412   4.0348   4.3200   0.0000   0.0000
    7.95    2.89900000   2.8990   1.8717   4.0696   4.2850   0.0000   0.0000
    7.95    3.29700000   3.2970   2.1047   4.1026   4.2400   0.0000   0.0000
    7.95    3.75100000   3.7510   2.3468   4.1340   4.1810   0.0000   0.0000
    7.95    4.26600000   4.2660   2.6057   4.1611   4.0890   0.0000   0.0000
    7.95    4.85200000   4.8520   2.8946   4.1765   3.9210   0.0000   0.0000
    7.95    5.41600000   5.4160   3.1876   4.1633   3.6290   0.0000   0.0000
    7.95    5.41900000   5.4190   3.1895   4.1634   3.6280   0.0000   0.0000
    7.95    5.42200000   5.4220   3.1915   4.1636   3.6270   0.0000   0.0000
    7.95    5.42500000   5.4250   3.1934   4.1638   3.6260   0.0000   0.0000
    7.95    5.42800000   5.4280   3.1955   4.1641   3.6260   0.0000   0.0000
    7.95    5.43100000   5.4310   3.1976   4.1644   3.6250   0.0000   0.0000
    7.95    5.43400000   5.4340   3.1997   4.1648   3.6250   0.0000   0.0000
    7.95    5.43700000   5.4360   3.2020   4.1653   3.6250   0.0000   0.0000
    7.95    5.44000000   5.4390   3.2043   4.1659   3.6260   0.0000   0.0000
    7.95    5.44200000   5.4420   3.2068   4.1666   3.6260   0.0000   0.0000
    7.95    5.44500000   5.4450   3.2093   4.1675   3.6280   0.0000   0.0000
    7.95    5.44800000   5.4480   3.2121   4.1686   3.6300   0.0000   0.0000
    7.95    5.45100000   5.4510   3.2151   4.1699   3.6330   0.0000   0.0000
    7.95    5.45400000   5.4540   3.2185   4.1717   3.6370   0.0000   0.0000
    7.95    5.45700000   5.4570   3.2224   4.1740   3.6430   0.0000   0.0000
    7.95    5.46000000   5.4600   3.2271   4.1770   3.6510   0.0000   0.0000
    7.95    5.46300000   5.4630   3.2338   4.1817   3.6650   0.0000   0.0000
    7.95    5.46600000   5.4660   3.2450   4.1893   3.6850   0.0000   0.0000
    7.95    5.46900000   5.4690   3.2725   4.2049   3.7230   0.0000   0.0000
    7.95    5.47200000   5.4720   3.2962   4.1736   3.5680   0.0000   0.0000
    7.95    5.47500000   5.4740   3.3158   4.1589   3.4870   0.0000   0.0000
    7.95    5.47800000   5.4770   3.3240   4.1460   3.4250   0.0000   0.0000
    7.95    5.48100000   5.4800   3.3296   4.1320   3.3610   0.0000   0.0000
    7.95    5.48400000   5.4830   3.3333   4.1126   3.2780   0.0000   0.0000
    7.95    5.48600000   5.4860   3.3333   4.0859   3.1680   0.0000   0.0000
    7.95    5.48900000   5.4890   3.3240   4.0433   3.0020   0.0000   0.0000
    7.95    5.49200000   5.4920   3.2891   3.9650   2.7180   0.0000   0.0000
    7.95    5.49500000   5.4950   3.1418   3.7728   2.0870   0.0000   0.0000
    7.95    5.49800000   5.4980   3.2240   3.6223   1.3960   0.0000   0.0000
    7.95    5.50100000   5.5000   3.3441   3.6099   1.2270   0.0000   0.0000
    7.95    5.50400000   5.5020   3.3373   3.6105   1.2360   0.0000   0.0000
    7.95    5.50700000   5.5040   3.3306   3.6111   1.2460   0.0000   0.0000
    7.95    5.51000000   5.5060   3.3238   3.6118   1.2550   0.0000   0.0000
    7.95    5.51300000   5.5080   3.3171   3.6124   1.2650   0.0000   0.0000
    7.95    5.51600000   5.5110   3.3129   3.6129   1.2710   0.0000   0.0000
    7.95    5.51900000   5.5130   3.3098   3.6132   1.2750   0.0000   0.0000
    7.95    5.52200000   5.5150   3.3067   3.6135   1.2800   0.0000   0.0000
    7.95    5.52500000   5.5170   3.3036   3.6139   1.2850   0.0000   0.0000
    7.95    5.52800000   5.5190   3.3005   3.6142   1.2890   0.0000   0.0000
    7.95    5.53100000   5.5220   3.2986   3.6144   1.2920   0.0000   0.0000
    7.95    5.53400000   5.5240   3.2969   3.6146   1.2950   0.0000   0.0000
    7.95    5.53700000   5.5260   3.2952   3.6148   1.2980   0.0000   0.0000
    7.95    5.54000000   5.5280   3.2934   3.6150   1.3000   0.0000   0.0000
    7.95    5.54300000   5.5300   3.2916   3.6152   1.3030   0.0000   0.0000
    7.95    5.54600000   5.5330   3.2899   3.6155   1.3060   0.0000   0.0000
    7.95    5.54900000   5.5350   3.2881   3.6157   1.3090   0.0000   0.0000
    7.95    5.55200000   5.5370   3.2863   3.6159   1.3120   0.0000   0.0000
    7.95    5.55500000   5.5390   3.2844   3.6161   1.3150   0.0000   0.0000
    7.95    5.69900000   5.6540   3.3072   3.7094   1.6840   0.0000   0.0000
# log(age) Mini Mact logl logt logg Composition Phase
    8.00    0.80000000   0.8000  -0.5907   3.6872   4.6330   0.0000   0.0000
    8.00    0.91000000   0.9100  -0.3264   3.7277   4.5870   0.0000   0.0000
    8.00    1.03500000   1.0350  -0.0594   3.7636   4.5200   0.0000   0.0000
    8.00    1.17700000   1.1770   0.1913   3.7923   4.4400   0.0000   0.0000
    8.00    1.33900000   1.3390   0.4435   3.8203   4.3550   0.0000   0.0000
    8.00    1.52300000   1.5230   0.7006   3.8587   4.3080   0.0000   0.0000
    8.00    1.73200000   1.7320   0.9466   3.9060   4.3370   0.0000   0.0000
    8.00    1.97000000   1.9700   1.1847   3.9545   4.3470   0.0000   0.0000
    8.00    2.24100000   2.2410   1.4141   3.9960   4.3370   0.0000   0.0000
    8.00    2.54900000   2.5490   1.6450   4.0337   4.3110   0.0000   0.0000
    8.00    2.89900000   2.8990   1.8778   4.0683   4.2730   0.0000   0.0000
    8.00    3.29700000   3.2970   2.1143   4.1007   4.2230   0.0000   0.0000
    8.00    3.75100000   3.7510   2.3621   4.1310   4.1550   0.0000   0.0000
    8.00    4.26600000   4.2660   2.6306   4.1554   4.0420   0.0000   0.0000
    8.00    4.85200000   4.8520   2.9384   4.1608   3.8160   0.0000   0.0000
    8.00    5.14700000   5.1470   3.1071   4.1492   3.6310   0.0000   0.0000
    8.00    5.15000000   5.1500   3.1091   4.1493   3.6290   0.0000   0.0000
    8.00    5.15300000   5.1530   3.1110   4.1495   3.6290   0.0000   0.0000
    8.00    5.15500000   5.1550   3.1130   4.1497   3.6280   0.0000   0.0000
    8.00    5.15800000   5.1580   3.1151   4.1500   3.6270   0.0000   0.0000
    8.00    5.16100000   5.1610   3.1171   4.1503   3.6270   0.0000   0.0000
    8.00    5.16400000   5.1640   3.1193   4.1507   3.6270   0.0000   0.0000
    8.00    5.16600000   5.1660   3.1216   4.1512   3.6270   0.0000   0.0000
    8.00    5.16900000   5.1690   3.1239   4.1517   3.6270   0.0000   0.0000
    8.00    5.17200000   5.1720   3.1264   4.1524   3.6280   0.0000   0.0000
    8.00    5.17500000   5.1750   3.1288   4.1533   3.6290   0.0000   0.0000
    8.00    5.17800000   5.1780   3.1317   4.1544   3.6310   0.0000   0.0000
    8.00    5.18000000   5.1800   3.1346   4.1557   3.6340   0.0000   0.0000
    8.00    5.18300000   5.1830   3.1381   4.1575   3.6380   0.0000   0.0000
    8.00    5.18600000   5.1860   3.1419   4.1597   3.6440   0.0000   0.0000
    8.00    5.18900000   5.1890   3.1466   4.1626   3.6520   0.0000   0.0000
    8.00    5.19200000   5.1910   3.1528   4.1668   3.6630   0.0000   0.0000
    8.00    5.19400000   5.1940   3.1628   4.1735   3.6820   0.0000   0.0000
    8.00    5.19700000   5.1970   3.1873   4.1878   3.7170   0.0000   0.0000
    8.00    5.20000000   5.2000   3.2104   4.1652   3.5990   0.0000   0.0000
    8.00    5.20300000   5.2030   3.2339   4.1490   3.5080   0.0000   0.0000
    8.00    5.20500000   5.2050   3.2423   4.1390   3.4580   0.0000   0.0000
    8.00    5.20800000   5.2080   3.2482   4.1283   3.4070   0.0000   0.0000
    8.00    5.21100000   5.2110   3.2527   4.1130   3.3400   0.0000   0.0000
    8.00    5.21400000   5.2140   3.2551   4.0944   3.2600   0.0000   0.0000
    8.00    5.21700000   5.2170   3.2534   4.0659   3.1450   0.0000   0.0000
    8.00    5.21900000   5.2190   3.2407   4.0200   2.9700   0.0000   0.0000
    8.00    5.22200000   5.2220   3.1960   3.9351   2.6680   0.0000   0.0000
    8.00    5.22500000   5.2250   3.0070   3.7187   1.9810   0.0000   0.0000
    8.00    5.22800000   5.2280   3.1537   3.6235   1.4500   0.0000   0.0000
    8.00    5.23100000   5.2300   3.2704   3.6122   1.2880   0.0000   0.0000
    8.00    5.23300000   5.2320   3.2630   3.6130   1.2990   0.0000   0.0000
    8.00    5.23600000   5.2340   3.2556   3.6138   1.3100   0.0000   0.0000
    8.00    5.23900000   5.2360   3.2482   3.6146   1.3200   0.0000   0.0000
    8.00    5.24200000   5.2380   3.2408   3.6153   1.3310   0.0000   0.0000
    8.00    5.24500000   5.2400   3.2361   3.6159   1.3380   0.0000   0.0000
    8.00    5.24800000   5.2420   3.2331   3.6162   1.3420   0.0000   0.0000
    8.00    5.25000000   5.2440   3.2300   3.6166   1.3470   0.0000   0.0000
    8.00    5.25300000   5.2470   3.2269   3.6169   1.3520   0.0000   0.0000
    8.00    5.25600000   5.2490   3.2239   3.6173   1.3570   0.0000   0.0000
    8.00    5.25900000   5.2510   3.2219   3.6175   1.3600   0.0000   0.0000
    8.00    5.26200000   5.2530   3.2203   3.6177   1.3620   0.0000   0.0000
    8.00    5.26400000   5.2550   3.2187   3.6179   1.3650   0.0000   0.0000
    8.00    5.26700000   5.2570   3.2171   3.6181   1.3670   0.0000   0.0000
    8.00    5.27000000   5.2600   3.2155   3.6183   1.3700   0.0000   0.0000
    8.00    5.27300000   5.2620   3.2138   3.6185   1.3730   0.0000   0.0000
    8.00    5.27600000   5.2640   3.2120   3.6187   1.3750   0.0000   0.0000
    8.00    5.27900000   5.2660   3.2103   3.6190   1.3780   0.0000   0.0000
    8.00    5.28100000   5.2680   3.2086   3.6192   1.3810   0.0000   0.0000
    8.00    5.34400000   5.3180   3.1423   3.6311   1.4990   0.0000   0.0000
    8.00    5.51900000   5.4620   3.4191   3.7749   1.8140   0.0000   0.0000
# log(age) Mini Mact logl logt logg Composition Phase
    8.05    0.80000000   0.8000  -0.5907   3.6872   4.6330   0.0000   0.0000
    8.05    0.91000000   0.9100  -0.3263   3.7277   4.5870   0.0000   0.0000
    8.05    1.03500000   1.0350  -0.0589   3.7637   4.5190   0.0000   0.0000
    8.05    1.17700000   1.1770   0.1918   3.7923   4.4390   0.0000   0.0000
    8.05    1.33900000   1.3390   0.4444   3.8204   4.3550   0.0000   0.0000
    8.05    1.52300000   1.5230   0.7017   3.8587   4.3070   0.0000   0.0000
    8.05    1.73200000   1.7320   0.9485   3.9062   4.3350   0.0000   0.0000
    8.05    1.97000000   1.9700   1.1866   3.9544   4.3440   0.0000   0.0000
    8.05    2.24100000   2.2410   1.4165   3.9952   4.3310   0.0000   0.0000
    8.05    2.54900000   2.5490   1.6494   4.0324   4.3020   0.0000   0.0000
    8.05    2.89900000   2.8990   1.8849   4.0667   4.2600   0.0000   0.0000
    8.05    3.29700000   3.2970   2.1252   4.0986   4.2040   0.0000   0.0000
    8.05    3.75100000   3.7510   2.3800   4.1275   4.1230   0.0000   0.0000
    8.05    4.26600000   4.2660   2.6606   4.1475   3.9820   0.0000   0.0000
    8.05    4.85200000   4.8520   2.9947   4.1359   3.6630   0.0000   0.0000
    8.05    4.89700000   4.8970   3.0252   4.1347   3.6330   0.0000   0.0000
    8.05    4.89900000   4.8990   3.0272   4.1348   3.6310   0.0000   0.0000
    8.05    4.90200000   4.9020   3.0292   4.1349   3.6300   0.0000   0.0000
    8.05    4.90500000   4.9050   3.0313   4.1351   3.6290   0.0000   0.0000
    8.05    4.90700000   4.9070   3.0334   4.1353   3.6280   0.0000   0.0000
    8.05    4.91000000   4.9100   3.0356   4.1356   3.6270   0.0000   0.0000
    8.05    4.91200000   4.9120   3.0379   4.1359   3.6270   0.0000   0.0000
    8.05    4.91500000   4.9150   3.0401   4.1364   3.6270   0.0000   0.0000
    8.05    4.91800000   4.9180   3.0426   4.1369   3.6270   0.0000   0.0000
    8.05    4.92000000   4.9200   3.0451   4.1376   3.6280   0.0000   0.0000
    8.05    4.92300000   4.9230   3.0479   4.1384   3.6290   0.0000   0.0000
    8.05    4.92600000   4.9260   3.0507   4.1394   3.6300   0.0000   0.0000
    8.05    4.92800000   4.9280   3.0539   4.1407   3.6330   0.0000   0.0000
    8.05    4.93100000   4.9310   3.0573   4.1423   3.6370   0.0000   0.0000
    8.05    4.93400000   4.9340   3.0613   4.1446   3.6420   0.0000   0.0000
    8.05    4.93600000   4.9360   3.0662   4.1475   3.6500   0.0000   0.0000
    8.05    4.93900000   4.9390   3.0723   4.1515   3.6610   0.0000   0.0000
    8.05    4.94100000   4.9410   3.0824   4.1584   3.6800   0.0000   0.0000
    8.05    4.94400000   4.9440   3.1068   4.1726   3.7150   0.0000   0.0000
    8.05    4.94700000   4.9470   3.1344   4.1512   3.5970   0.0000   0.0000
    8.05    4.94900000   4.9490   3.1561   4.1359   3.5120   0.0000   0.0000
    8.05    4.95200000   4.9520   3.1638   4.1266   3.4660   0.0000   0.0000
    8.05    4.95500000   4.9550   3.1697   4.1164   3.4170   0.0000   0.0000
    8.05    4.95700000   4.9570   3.1744   4.1016   3.3520   0.0000   0.0000
    8.05    4.96000000   4.9600   3.1769   4.0831   3.2730   0.0000   0.0000
    8.05    4.96300000   4.9630   3.1750   4.0542   3.1560   0.0000   0.0000
    8.05    4.96500000   4.9650   3.1605   4.0066   2.9750   0.0000   0.0000
    8.05    4.96800000   4.9680   3.1066   3.9124   2.6450   0.0000   0.0000
    8.05    4.97100000   4.9710   2.8513   3.6915   2.0040   0.0000   0.0000
    8.05    4.97300000   4.9730   3.1039   3.6236   1.4780   0.0000   0.0000
    8.05    4.97600000   4.9750   3.1962   3.6148   1.3510   0.0000   0.0000
    8.05    4.97900000   4.9770   3.1873   3.6158   1.3640   0.0000   0.0000
    8.05    4.98100000   4.9790   3.1784   3.6168   1.3770   0.0000   0.0000
    8.05    4.98400000   4.9810   3.1695   3.6177   1.3900   0.0000   0.0000
    8.05    4.98700000   4.9830   3.1613   3.6187   1.4020   0.0000   0.0000
    8.05    4.98900000   4.9850   3.1578   3.6191   1.4070   0.0000   0.0000
    8.05    4.99200000   4.9870   3.1544   3.6195   1.4130   0.0000   0.0000
    8.05    4.99500000   4.9890   3.1510   3.6199   1.4180   0.0000   0.0000
    8.05    4.99700000   4.9910   3.1476   3.6203   1.4230   0.0000   0.0000
    8.05    5.00000000   4.9930   3.1450   3.6206   1.4270   0.0000   0.0000
    8.05    5.00300000   4.9960   3.1436   3.6208   1.4290   0.0000   0.0000
    8.05    5.00600000   4.9980   3.1422   3.6210   1.4320   0.0000   0.0000
    8.05    5.00800000   5.0000   3.1407   3.6212   1.4340   0.0000   0.0000
    8.05    5.01100000   5.0020   3.1393   3.6214   1.4360   0.0000   0.0000
    8.05    5.01400000   5.0040   3.1377   3.6216   1.4390   0.0000   0.0000
    8.05    5.01600000   5.0060   3.1360   3.6218   1.4420   0.0000   0.0000
    8.05    5.01900000   5.0080   3.1343   3.6220   1.4450   0.0000   0.0000
    8.05    5.02200000   5.0100   3.1326   3.6222   1.4470   0.0000   0.0000
    8.05    5.02400000   5.0130   3.1308   3.6225   1.4500   0.0000   0.0000
    8.05    5.17500000   5.1380   3.2165   3.7200   1.7770   0.0000   0.0000
# log(age) Mini Mact logl logt logg Composition Phase
    8.10    0.80000000   0.8000  -0.5907   3.6872   4.6330   0.0000   0.0000
    8.10    0.91000000   0.9100  -0.3263   3.7277   4.5870   0.0000   0.0000
    8.10    1.03500000   1.0350  -0.0585   3.7637   4.5190   0.0000   0.0000
    8.10    1.17700000   1.1770   0.1923   3.7923   4.4390   0.0000   0.0000
    8.10    1.33900000   1.3390   0.4452   3.8204   4.3540   0.0000   0.0000
    8.10    1.52300000   1.5230   0.7027   3.8587   4.3060   0.0000   0.0000
    8.10    1.73200000   1.7320   0.9502   3.9063   4.3340   0.0000   0.0000
    8.10    1.97000000   1.9700   1.1885   3.9542   4.3410   0.0000   0.0000
    8.10    2.24100000   2.2410   1.4193   3.9942   4.3240   0.0000   0.0000
    8.10    2.54900000   2.5490   1.6543   4.0311   4.2920   0.0000   0.0000
    8.10    2.89900000   2.8990   1.8930   4.0650   4.2450   0.0000   0.0000
    8.10    3.29700000   3.2970   2.1379   4.0960   4.1820   0.0000   0.0000
    8.10    3.75100000   3.7510   2.4011   4.1227   4.0840   0.0000   0.0000
    8.10    4.26600000   4.2660   2.6968   4.1357   3.9000   0.0000   0.0000
    8.10    4.67300000   4.6730   2.9480   4.1200   3.6310   0.0000   0.0000
    8.10    4.67600000   4.6760   2.9500   4.1201   3.6300   0.0000   0.0000
    8.10    4.67800000   4.6780   2.9520   4.1202   3.6280   0.0000   0.0000
    8.10    4.68100000   4.6810   2.9541   4.1204   3.6270   0.0000   0.0000
    8.10    4.68300000   4.6830   2.9562   4.1206   3.6260   0.0000   0.0000
    8.10    4.68600000   4.6860   2.9584   4.1209   3.6260   0.0000   0.0000
    8.10    4.68800000   4.6880   2.9606   4.1213   3.6250   0.0000   0.0000
    8.10    4.69100000   4.6910   2.9629   4.1217   3.6250   0.0000   0.0000
    8.10    4.69300000   4.6930   2.9654   4.1223   3.6250   0.0000   0.0000
    8.10    4.69600000   4.6960   2.9680   4.1229   3.6260   0.0000   0.0000
    8.10    4.69800000   4.6980   2.9707   4.1237   3.6270   0.0000   0.0000
    8.10    4.70100000   4.7010   2.9736   4.1248   3.6290   0.0000   0.0000
    8.10    4.70400000   4.7040   2.9768   4.1261   3.6310   0.0000   0.0000
    8.10    4.70600000   4.7060   2.9804   4.1278   3.6350   0.0000   0.0000
    8.10    4.70900000   4.7090   2.9845   4.1301   3.6410   0.0000   0.0000
    8.10    4.71100000   4.7110   2.9895   4.1330   3.6480   0.0000   0.0000
    8.10    4.71400000   4.7140   2.9958   4.1371   3.6590   0.0000   0.0000
    8.10    4.71600000   4.7160   3.0061   4.1440   3.6780   0.0000   0.0000
    8.10    4.71900000   4.7190   3.0305   4.1582   3.7130   0.0000   0.0000
    8.10    4.72100000   4.7210   3.0564   4.1385   3.6040   0.0000   0.0000
    8.10    4.72400000   4.7240   3.0784   4.1241   3.5220   0.0000   0.0000
    8.10    4.72600000   4.7260   3.0862   4.1157   3.4800   0.0000   0.0000
    8.10    4.72900000   4.7290   3.0920   4.1059   3.4330   0.0000   0.0000
    8.10    4.73100000   4.7310   3.0968   4.0939   3.3790   0.0000   0.0000
    8.10    4.73400000   4.7340   3.1001   4.0785   3.3120   0.0000   0.0000
    8.10    4.73600000   4.7360   3.1003   4.0552   3.2160   0.0000   0.0000
    8.10    4.73900000   4.7390   3.0931   4.0202   3.0790   0.0000   0.0000
    8.10    4.74200000   4.7420   3.0649   3.9572   2.8490   0.0000   0.0000
    8.10    4.74400000   4.7440   2.9602   3.8192   2.3930   0.0000   0.0000
    8.10    4.74700000   4.7470   2.8429   3.6443   1.8020   0.0000   0.0000
    8.10    4.74900000   4.7490   3.0935   3.6222   1.4630   0.0000   0.0000
    8.10    4.75200000   4.7510   3.1291   3.6175   1.4090   0.0000   0.0000
    8.10    4.75400000   4.7530   3.1192   3.6185   1.4230   0.0000   0.0000
    8.10    4.75700000   4.7540   3.1093   3.6195   1.4370   0.0000   0.0000
    8.10    4.75900000   4.7560   3.0994   3.6205   1.4510   0.0000   0.0000
    8.10    4.76200000   4.7580   3.0929   3.6212   1.4610   0.0000   0.0000
    8.10    4.76400000   4.7600   3.0890   3.6217   1.4670   0.0000   0.0000
    8.10    4.76700000   4.7620   3.0851   3.6222   1.4730   0.0000   0.0000
    8.10    4.77000000   4.7640   3.0812   3.6226   1.4790   0.0000   0.0000
    8.10    4.77200000   4.7660   3.0776   3.6231   1.4840   0.0000   0.0000
    8.10    4.77500000   4.7680   3.0754   3.6234   1.4880   0.0000   0.0000
    8.10    4.77700000   4.7700   3.0732   3.6236   1.4910   0.0000   0.0000
    8.10    4.78000000   4.7720   3.0711   3.6239   1.4940   0.0000   0.0000
    8.10    4.78200000   4.7740   3.0689   3.6242   1.4980   0.0000   0.0000
    8.10    4.78500000   4.7760   3.0664   3.6245   1.5020   0.0000   0.0000
    8.10    4.78800000   4.7780   3.0638   3.6248   1.5060   0.0000   0.0000
    8.10    4.79000000   4.7800   3.0611   3.6252   1.5100   0.0000   0.0000
    8.10    4.79300000   4.7820   3.0585   3.6255   1.5150   0.0000   0.0000
    8.10    4.79500000   4.7840   3.0552   3.6260   1.5200   0.0000   0.0000
    8.10    4.79800000   4.7870   3.0515   3.6264   1.5250   0.0000   0.0000
    8.10    4.85200000   4.8320   2.9685   3.6406   1.6690   0.0000   0.0000
    8.10    5.01100000   4.9630   3.2299   3.6817   1.5860   0.0000   0.0000
# log(age) Mini Mact logl logt logg Composition Phase
    8.15    0.80000000   0.8000  -0.5907   3.6872   4.6330   0.0000   0.0000
    8.15    0.91000000   0.9100  -0.3263   3.7277   4.5870   0.0000   0.0000
    8.15    1.03500000   1.0350  -0.0580   3.7637   4.5190   0.0000   0.0000
    8.15    1.17700000   1.1770   0.1930   3.7924   4.4380   0.0000   0.0000
    8.15    1.33900000   1.3390   0.4461   3.8204   4.3530   0.0000   0.0000
    8.15    1.52300000   1.5230   0.7041   3.8588   4.3050   0.0000   0.0000
    8.15    1.73200000   1.7320   0.9517   3.9064   4.3320   0.0000   0.0000
    8.15    1.97000000   1.9700   1.1905   3.9539   4.3370   0.0000   0.0000
    8.15    2.24100000   2.2410   1.4229   3.9932   4.3160   0.0000   0.0000
    8.15    2.54900000   2.5490   1.6601   4.0297   4.2800   0.0000   0.0000
    8.15    2.89900000   2.8990   1.9025   4.0630   4.2280   0.0000   0.0000
    8.15    3.29700000   3.2970   2.1530   4.0928   4.1550   0.0000   0.0000
    8.15    3.75100000   3.7510   2.4260   4.1164   4.0350   0.0000   0.0000
    8.15    4.26600000   4.2660   2.7409   4.1170   3.7830   0.0000   0.0000
    8.15    4.46000000   4.4600   2.8708   4.1054   3.6290   0.0000   0.0000
    8.15    4.46300000   4.4630   2.8727   4.1054   3.6280   0.0000   0.0000
    8.15    4.46500000   4.4650   2.8747   4.1055   3.6270   0.0000   0.0000
    8.15    4.46700000   4.4670   2.8769   4.1057   3.6260   0.0000   0.0000
    8.15    4.47000000   4.4700   2.8790   4.1059   3.6250   0.0000   0.0000
    8.15    4.47200000   4.4720   2.8812   4.1062   3.6240   0.0000   0.0000
    8.15    4.47500000   4.4750   2.8834   4.1066   3.6240   0.0000   0.0000
    8.15    4.47700000   4.4770   2.8858   4.1070   3.6230   0.0000   0.0000
    8.15    4.47900000   4.4790   2.8882   4.1076   3.6240   0.0000   0.0000
    8.15    4.48200000   4.4820   2.8908   4.1082   3.6240   0.0000   0.0000
    8.15    4.48400000   4.4840   2.8936   4.1091   3.6250   0.0000   0.0000
    8.15    4.48700000   4.4870   2.8965   4.1102   3.6270   0.0000   0.0000
    8.15    4.48900000   4.4890   2.8998   4.1115   3.6300   0.0000   0.0000
    8.15    4.49100000   4.4910   2.9034   4.1132   3.6340   0.0000   0.0000
    8.15    4.49400000   4.4940   2.9076   4.1155   3.6390   0.0000   0.0000
    8.15    4.49600000   4.4960   2.9127   4.1185   3.6470   0.0000   0.0000
    8.15    4.49900000   4.4990   2.9193   4.1227   3.6580   0.0000   0.0000
    8.15    4.50100000   4.5010   2.9299   4.1296   3.6770   0.0000   0.0000
    8.15    4.50400000   4.5040   2.9543   4.1438   3.7120   0.0000   0.0000
    8.15    4.50600000   4.5060   2.9788   4.1255   3.6100   0.0000   0.0000
    8.15    4.50800000   4.5080   3.0008   4.1122   3.5320   0.0000   0.0000
    8.15    4.51100000   4.5110   3.0086   4.1045   3.4930   0.0000   0.0000
    8.15    4.51300000   4.5130   3.0143   4.0953   3.4490   0.0000   0.0000
    8.15    4.51600000   4.5160   3.0192   4.0854   3.4030   0.0000   0.0000
    8.15    4.51800000   4.5180   3.0229   4.0715   3.3420   0.0000   0.0000
    8.15    4.52000000   4.5200   3.0245   4.0528   3.2630   0.0000   0.0000
    8.15    4.52300000   4.5230   3.0212   4.0253   3.1540   0.0000   0.0000
    8.15    4.52500000   4.5250   3.0060   3.9809   2.9860   0.0000   0.0000
    8.15    4.52800000   4.5280   2.9550   3.8964   2.6920   0.0000   0.0000
    8.15    4.53000000   4.5300   2.7488   3.7076   2.1320   0.0000   0.0000
    8.15    4.53300000   4.5320   2.8883   3.6345   1.6970   0.0000   0.0000
    8.15    4.53500000   4.5340   3.0690   3.6201   1.4590   0.0000   0.0000
    8.15    4.53700000   4.5360   3.0614   3.6202   1.4670   0.0000   0.0000
    8.15    4.54000000   4.5380   3.0504   3.6212   1.4830   0.0000   0.0000
    8.15    4.54200000   4.5400   3.0394   3.6223   1.4980   0.0000   0.0000
    8.15    4.54500000   4.5420   3.0286   3.6233   1.5130   0.0000   0.0000
    8.15    4.54700000   4.5440   3.0241   3.6239   1.5200   0.0000   0.0000
    8.15    4.55000000   4.5460   3.0197   3.6244   1.5270   0.0000   0.0000
    8.15    4.55200000   4.5480   3.0153   3.6249   1.5330   0.0000   0.0000
    8.15    4.55500000   4.5490   3.0109   3.6254   1.5400   0.0000   0.0000
    8.15    4.55700000   4.5510   3.0077   3.6258   1.5450   0.0000   0.0000
    8.15    4.55900000   4.5530   3.0050   3.6262   1.5490   0.0000   0.0000
    8.15    4.56200000   4.5550   3.0023   3.6265   1.5540   0.0000   0.0000
    8.15    4.56400000   4.5570   2.9996   3.6269   1.5580   0.0000   0.0000
    8.15    4.56700000   4.5590   2.9965   3.6273   1.5630   0.0000   0.0000
    8.15    4.56900000   4.5610   2.9930   3.6277   1.5680   0.0000   0.0000
    8.15    4.57200000   4.5630   2.9896   3.6282   1.5740   0.0000   0.0000
    8.15    4.57400000   4.5650   2.9861   3.6287   1.5790   0.0000   0.0000
    8.15    4.57700000   4.5670   2.9821   3.6291   1.5850   0.0000   0.0000
    8.15    4.57900000   4.5690   2.9775   3.6296   1.5920   0.0000   0.0000
    8.15    4.69800000   4.6710   3.0143   3.6946   1.8310   0.0000   0.0000
# log(age) Mini Mact logl logt logg Composition Phase
    8.20    0.80000000   0.8000  -0.5907   3.6872   4.6330   0.0000   0.0000
    8.20    0.91000000   0.9100  -0.3262   3.7277   4.5870   0.0000   0.0000
    8.20    1.03500000   1.0350  -0.0576   3.7637   4.5180   0.0000   0.0000
    8.20    1.17700000   1.1770   0.1937   3.7924   4.4380   0.0000   0.0000
    8.20    1.33900000   1.3390   0.4471   3.8204   4.3520   0.0000   0.0000
    8.20    1.52300000   1.5230   0.7055   3.8588   4.3040   0.0000   0.0000
    8.20    1.73200000   1.7320   0.9532   3.9065   4.3300   0.0000   0.0000
    8.20    1.97000000   1.9700   1.1929   3.9533   4.3320   0.0000   0.0000
    8.20    2.24100000   2.2410   1.4270   3.9919   4.3070   0.0000   0.0000
    8.20    2.54900000   2.5490   1.6671   4.0281   4.2670   0.0000   0.0000
    8.20    2.89900000   2.8990   1.9135   4.0607   4.2080   0.0000   0.0000
    8.20    3.29700000   3.2970   2.1706   4.0889   4.1220   0.0000   0.0000
    8.20    3.75100000   3.7510   2.4559   4.1076   3.9710   0.0000   0.0000
    8.20    4.25700000   4.2570   2.7936   4.0907   3.6280   0.0000   0.0000
    8.20    4.25900000   4.2590   2.7955   4.0908   3.6260   0.0000   0.0000
    8.20    4.26100000   4.2610   2.7975   4.0909   3.6250   0.0000   0.0000
    8.20    4.26400000   4.2640   2.7996   4.0910   3.6240   0.0000   0.0000
    8.20    4.26600000   4.2660   2.8018   4.0913   3.6230   0.0000   0.0000
    8.20    4.26800000   4.2680   2.8039   4.0915   3.6220   0.0000   0.0000
    8.20    4.27100000   4.2710   2.8062   4.0919   3.6220   0.0000   0.0000
    8.20    4.27300000   4.2730   2.8086   4.0924   3.6220   0.0000   0.0000
    8.20    4.27500000   4.2750   2.8110   4.0929   3.6220   0.0000   0.0000
    8.20    4.27700000   4.2770   2.8136   4.0936   3.6220   0.0000   0.0000
    8.20    4.28000000   4.2800   2.8164   4.0944   3.6230   0.0000   0.0000
    8.20    4.28200000   4.2820   2.8194   4.0955   3.6250   0.0000   0.0000
    8.20    4.28400000   4.2840   2.8227   4.0969   3.6280   0.0000   0.0000
    8.20    4.28700000   4.2870   2.8264   4.0987   3.6320   0.0000   0.0000
    8.20    4.28900000   4.2890   2.8308   4.1009   3.6370   0.0000   0.0000
    8.20    4.29100000   4.2910   2.8359   4.1040   3.6450   0.0000   0.0000
    8.20    4.29400000   4.2940   2.8427   4.1083   3.6570   0.0000   0.0000
    8.20    4.29600000   4.2960   2.8536   4.1153   3.6750   0.0000   0.0000
    8.20    4.29800000   4.2980   2.8780   4.1294   3.7100   0.0000   0.0000
    8.20    4.30000000   4.3000   2.9022   4.1124   3.6150   0.0000   0.0000
    8.20    4.30300000   4.3030   2.9236   4.1000   3.5410   0.0000   0.0000
    8.20    4.30500000   4.3050   2.9311   4.0931   3.5050   0.0000   0.0000
    8.20    4.30700000   4.3070   2.9367   4.0846   3.4640   0.0000   0.0000
    8.20    4.31000000   4.3100   2.9416   4.0760   3.4230   0.0000   0.0000
    8.20    4.31200000   4.3120   2.9456   4.0644   3.3720   0.0000   0.0000
    8.20    4.31400000   4.3140   2.9480   4.0487   3.3040   0.0000   0.0000
    8.20    4.31700000   4.3170   2.9471   4.0266   3.2140   0.0000   0.0000
    8.20    4.31900000   4.3190   2.9388   3.9932   3.0850   0.0000   0.0000
    8.20    4.32100000   4.3210   2.9108   3.9349   2.8740   0.0000   0.0000
    8.20    4.32400000   4.3240   2.8182   3.8162   2.4840   0.0000   0.0000
    8.20    4.32600000   4.3260   2.5901   3.6654   2.0990   0.0000   0.0000
    8.20    4.32800000   4.3280   2.8794   3.6335   1.6820   0.0000   0.0000
    8.20    4.33100000   4.3300   3.0052   3.6218   1.5100   0.0000   0.0000
    8.20    4.33300000   4.3320   2.9930   3.6229   1.5270   0.0000   0.0000
    8.20    4.33500000   4.3330   2.9808   3.6240   1.5430   0.0000   0.0000
    8.20    4.33800000   4.3350   2.9687   3.6251   1.5600   0.0000   0.0000
    8.20    4.34000000   4.3370   2.9598   3.6260   1.5730   0.0000   0.0000
    8.20    4.34200000   4.3390   2.9548   3.6266   1.5800   0.0000   0.0000
    8.20    4.34500000   4.3410   2.9498   3.6271   1.5880   0.0000   0.0000
    8.20    4.34700000   4.3420   2.9448   3.6277   1.5950   0.0000   0.0000
    8.20    4.34900000   4.3440   2.9405   3.6282   1.6020   0.0000   0.0000
    8.20    4.35200000   4.3460   2.9371   3.6287   1.6070   0.0000   0.0000
    8.20    4.35400000   4.3480   2.9338   3.6291   1.6120   0.0000   0.0000
    8.20    4.35600000   4.3500   2.9305   3.6295   1.6170   0.0000   0.0000
    8.20    4.35900000   4.3520   2.9268   3.6300   1.6230   0.0000   0.0000
    8.20    4.36100000   4.3540   2.9225   3.6306   1.6300   0.0000   0.0000
    8.20    4.36300000   4.3560   2.9183   3.6312   1.6370   0.0000   0.0000
    8.20    4.36600000   4.3570   2.9140   3.6317   1.6430   0.0000   0.0000
    8.20    4.36800000   4.3590   2.9094   3.6323   1.6500   0.0000   0.0000
    8.20    4.37000000   4.3610   2.9040   3.6328   1.6580   0.0000   0.0000
    8.20    4.37300000   4.3630   2.8987   3.6333   1.6660   0.0000   0.0000
    8.20    4.40600000   4.3910   2.8173   3.6436   1.7910   0.0000   0.0000
    8.20    4.55000000   4.5150   3.0491   3.7221   1.8870   0.0000   0.0000
# log(age) Mini Mact logl logt logg Composition Phase
    8.25    0.80000000   0.8000  -0.5907   3.6872   4.6330   0.0000   0.0000
    8.25    0.91000000   0.9100  -0.3259   3.7277   4.5870   0.0000   0.0000
    8.25    1.03500000   1.0350  -0.0572   3.7637   4.5180   0.0000   0.0000
    8.25    1.17700000   1.1770   0.1945   3.7924   4.4370   0.0000   0.0000
    8.25    1.33900000   1.3390   0.4483   3.8205   4.3510   0.0000   0.0000
    8.25    1.52300000   1.5230   0.7071   3.8588   4.3020   0.0000   0.0000
    8.25    1.73200000   1.7320   0.9556   3.9065   4.3280   0.0000   0.0000
    8.25    1.97000000   1.9700   1.1956   3.9525   4.3260   0.0000   0.0000
    8.25    2.24100000   2.2410   1.4313   3.9905   4.2970   0.0000   0.0000
    8.25    2.54900000   2.5490   1.6749   4.0263   4.2530   0.0000   0.0000
    8.25    2.89900000   2.8990   1.9261   4.0578   4.1850   0.0000   0.0000
    8.25    3.29700000   3.2970   2.1913   4.0837   4.0820   0.0000   0.0000
    8.25    3.75100000   3.7510   2.4916   4.0944   3.8840   0.0000   0.0000
    8.25    4.06300000   4.0630   2.7164   4.0760   3.6260   0.0000   0.0000
    8.25    4.06500000   4.0650   2.7183   4.0761   3.6240   0.0000   0.0000
    8.25    4.06700000   4.0670   2.7203   4.0762   3.6230   0.0000   0.0000
    8.25    4.06900000   4.0690   2.7224   4.0764   3.6220   0.0000   0.0000
    8.25    4.07100000   4.0710   2.7245   4.0766   3.6210   0.0000   0.0000
    8.25    4.07400000   4.0740   2.7267   4.0769   3.6210   0.0000   0.0000
    8.25    4.07600000   4.0760   2.7290   4.0772   3.6200   0.0000   0.0000
    8.25    4.07800000   4.0780   2.7314   4.0777   3.6200   0.0000   0.0000
    8.25    4.08000000   4.0800   2.7338   4.0782   3.6200   0.0000   0.0000
    8.25    4.08200000   4.0820   2.7365   4.0789   3.6210   0.0000   0.0000
    8.25    4.08500000   4.0850   2.7392   4.0798   3.6220   0.0000   0.0000
    8.25    4.08700000   4.0870   2.7424   4.0809   3.6240   0.0000   0.0000
    8.25    4.08900000   4.0890   2.7456   4.0822   3.6260   0.0000   0.0000
    8.25    4.09100000   4.0910   2.7495   4.0841   3.6300   0.0000   0.0000
    8.25    4.09300000   4.0930   2.7539   4.0864   3.6360   0.0000   0.0000
    8.25    4.09600000   4.0960   2.7592   4.0895   3.6440   0.0000   0.0000
    8.25    4.09800000   4.0980   2.7661   4.0939   3.6550   0.0000   0.0000
    8.25    4.10000000   4.1000   2.7773   4.1009   3.6740   0.0000   0.0000
    8.25    4.10200000   4.1020   2.8017   4.1150   3.7090   0.0000   0.0000
    8.25    4.10400000   4.1040   2.8264   4.0993   3.6180   0.0000   0.0000
    8.25    4.10700000   4.1070   2.8465   4.0876   3.5480   0.0000   0.0000
    8.25    4.10900000   4.1090   2.8536   4.0815   3.5160   0.0000   0.0000
    8.25    4.11100000   4.1110   2.8591   4.0738   3.4790   0.0000   0.0000
    8.25    4.11300000   4.1130   2.8640   4.0661   3.4420   0.0000   0.0000
    8.25    4.11500000   4.1150   2.8682   4.0555   3.3940   0.0000   0.0000
    8.25    4.11800000   4.1180   2.8712   4.0430   3.3390   0.0000   0.0000
    8.25    4.12000000   4.1200   2.8719   4.0254   3.2660   0.0000   0.0000
    8.25    4.12200000   4.1220   2.8676   3.9978   3.1570   0.0000   0.0000
    8.25    4.12400000   4.1240   2.8515   3.9559   3.0010   0.0000   0.0000
    8.25    4.12600000   4.1260   2.8031   3.8797   2.7380   0.0000   0.0000
    8.25    4.12900000   4.1290   2.6275   3.7221   2.2730   0.0000   0.0000
    8.25    4.13100000   4.1310   2.6710   3.6469   1.9240   0.0000   0.0000
    8.25    4.13300000   4.1330   2.8675   3.6320   1.6680   0.0000   0.0000
    8.25    4.13500000   4.1340   2.9374   3.6245   1.5680   0.0000   0.0000
    8.25    4.13800000   4.1360   2.9238   3.6257   1.5870   0.0000   0.0000
    8.25    4.14000000   4.1380   2.9104   3.6268   1.6050   0.0000   0.0000
    8.25    4.14200000   4.1400   2.8969   3.6280   1.6230   0.0000   0.0000
    8.25    4.14400000   4.1410   2.8905   3.6287   1.6330   0.0000   0.0000
    8.25    4.14600000   4.1430   2.8848   3.6293   1.6410   0.0000   0.0000
    8.25    4.14900000   4.1450   2.8792   3.6300   1.6490   0.0000   0.0000
    8.25    4.15100000   4.1470   2.8737   3.6306   1.6580   0.0000   0.0000
    8.25    4.15300000   4.1480   2.8697   3.6311   1.6640   0.0000   0.0000
    8.25    4.15500000   4.1500   2.8656   3.6317   1.6700   0.0000   0.0000
    8.25    4.15800000   4.1520   2.8616   3.6322   1.6770   0.0000   0.0000
    8.25    4.16000000   4.1540   2.8575   3.6327   1.6830   0.0000   0.0000
    8.25    4.16200000   4.1560   2.8523   3.6334   1.6910   0.0000   0.0000
    8.25    4.16400000   4.1580   2.8472   3.6341   1.6990   0.0000   0.0000
    8.25    4.16600000   4.1590   2.8421   3.6348   1.7070   0.0000   0.0000
    8.25    4.16900000   4.1610   2.8370   3.6354   1.7150   0.0000   0.0000
    8.25    4.17100000   4.1630   2.8310   3.6360   1.7240   0.0000   0.0000
    8.25    4.17300000   4.1650   2.8250   3.6365   1.7320   0.0000   0.0000
    8.25    4.17500000   4.1670   2.8190   3.6371   1.7400   0.0000   0.0000
    8.25    4.26600000   4.2470   2.7559   3.6747   1.9640   0.0000   0.0000
# log(age) Mini Mact logl logt logg Composition Phase
    8.30    0.80000000   0.8000  -0.5907   3.6872   4.6330   0.0000   0.0000
    8.30    0.91000000   0.9100  -0.3255   3.7277   4.5860   0.0000   0.0000
    8.30    1.03500000   1.0350  -0.0566   3.7637   4.5180   0.0000   0.0000
    8.30    1.17700000   1.1770   0.1953   3.7924   4.4360   0.0000   0.0000
    8.30    1.33900000   1.3390   0.4495   3.8205   4.3500   0.0000   0.0000
    8.30    1.52300000   1.5230   0.7088   3.8588   4.3000   0.0000   0.0000
    8.30    1.73200000   1.7320   0.9579   3.9065   4.3250   0.0000   0.0000
    8.30    1.97000000   1.9700   1.1990   3.9518   4.3190   0.0000   0.0000
    8.30    2.24100000   2.2410   1.4364   3.9890   4.2860   0.0000   0.0000
    8.30    2.54900000   2.5490   1.6839   4.0243   4.2360   0.0000   0.0000
    8.30    2.89900000   2.8990   1.9409   4.0544   4.1570   0.0000   0.0000
    8.30    3.29700000   3.2970   2.2156   4.0768   4.0310   0.0000   0.0000
    8.30    3.75100000   3.7510   2.5343   4.0731   3.7590   0.0000   0.0000
    8.30    3.88400000   3.8840   2.6390   4.0614   3.6250   0.0000   0.0000
    8.30    3.88600000   3.8860   2.6410   4.0614   3.6230   0.0000   0.0000
    8.30    3.88800000   3.8880   2.6431   4.0615   3.6220   0.0000   0.0000
    8.30    3.89000000   3.8900   2.6451   4.0616   3.6200   0.0000   0.0000
    8.30    3.89200000   3.8920   2.6474   4.0618   3.6190   0.0000   0.0000
    8.30    3.89400000   3.8940   2.6497   4.0620   3.6180   0.0000   0.0000
    8.30    3.89600000   3.8960   2.6520   4.0624   3.6180   0.0000   0.0000
    8.30    3.89800000   3.8980   2.6546   4.0628   3.6170   0.0000   0.0000
    8.30    3.90000000   3.9000   2.6571   4.0633   3.6170   0.0000   0.0000
    8.30    3.90200000   3.9020   2.6599   4.0640   3.6180   0.0000   0.0000
    8.30    3.90500000   3.9050   2.6628   4.0649   3.6190   0.0000   0.0000
    8.30    3.90700000   3.9070   2.6661   4.0660   3.6200   0.0000   0.0000
    8.30    3.90900000   3.9090   2.6695   4.0674   3.6230   0.0000   0.0000
    8.30    3.91100000   3.9110   2.6737   4.0694   3.6280   0.0000   0.0000
    8.30    3.91300000   3.9130   2.6786   4.0719   3.6340   0.0000   0.0000
    8.30    3.91500000   3.9150   2.6845   4.0755   3.6430   0.0000   0.0000
    8.30    3.91700000   3.9170   2.6928   4.0805   3.6560   0.0000   0.0000
    8.30    3.91900000   3.9190   2.7069   4.0893   3.6790   0.0000   0.0000
    8.30    3.92100000   3.9210   2.7405   4.1077   3.7220   0.0000   0.0000
    8.30    3.92300000   3.9230   2.7636   4.0792   3.5800   0.0000   0.0000
    8.30    3.92600000   3.9260   2.7744   4.0715   3.5360   0.0000   0.0000
    8.30    3.92800000   3.9280   2.7805   4.0653   3.5040   0.0000   0.0000
    8.30    3.93000000   3.9300   2.7860   4.0584   3.4700   0.0000   0.0000
    8.30    3.93200000   3.9320   2.7906   4.0488   3.4260   0.0000   0.0000
    8.30    3.93400000   3.9340   2.7944   4.0381   3.3780   0.0000   0.0000
    8.30    3.93600000   3.9360   2.7965   4.0220   3.3090   0.0000   0.0000
    8.30    3.93800000   3.9380   2.7949   3.9999   3.2200   0.0000   0.0000
    8.30    3.94000000   3.9400   2.7850   3.9658   3.0890   0.0000   0.0000
    8.30    3.94200000   3.9420   2.7532   3.9061   2.8770   0.0000   0.0000
    8.30    3.94500000   3.9450   2.6445   3.7807   2.4750   0.0000   0.0000
    8.30    3.94700000   3.9470   2.4684   3.6668   2.1870   0.0000   0.0000
    8.30    3.94900000   3.9490   2.7256   3.6409   1.8260   0.0000   0.0000
    8.30    3.95100000   3.9500   2.8843   3.6259   1.6070   0.0000   0.0000
    8.30    3.95300000   3.9520   2.8654   3.6276   1.6330   0.0000   0.0000
    8.30    3.95500000   3.9540   2.8490   3.6289   1.6550   0.0000   0.0000
    8.30    3.95700000   3.9550   2.8326   3.6302   1.6770   0.0000   0.0000
    8.30    3.95900000   3.9570   2.8251   3.6310   1.6880   0.0000   0.0000
    8.30    3.96200000   3.9580   2.8182   3.6318   1.6980   0.0000   0.0000
    8.30    3.96400000   3.9600   2.8113   3.6326   1.7080   0.0000   0.0000
    8.30    3.96600000   3.9620   2.8053   3.6333   1.7170   0.0000   0.0000
    8.30    3.96800000   3.9640   2.8000   3.6340   1.7250   0.0000   0.0000
    8.30    3.97000000   3.9650   2.7947   3.6347   1.7330   0.0000   0.0000
    8.30    3.97200000   3.9670   2.7893   3.6354   1.7420   0.0000   0.0000
    8.30    3.97400000   3.9690   2.7829   3.6362   1.7520   0.0000   0.0000
    8.30    3.97600000   3.9710   2.7764   3.6371   1.7620   0.0000   0.0000
    8.30    3.97900000   3.9720   2.7699   3.6379   1.7720   0.0000   0.0000
    8.30    3.98100000   3.9740   2.7633   3.6387   1.7820   0.0000   0.0000
    8.30    3.98300000   3.9760   2.7562   3.6393   1.7920   0.0000   0.0000
    8.30    3.98500000   3.9780   2.7491   3.6399   1.8010   0.0000   0.0000
    8.30    3.98700000   3.9790   2.7420   3.6405   1.8110   0.0000   0.0000
    8.30    3.98900000   3.9810   2.7344   3.6412   1.8220   0.0000   0.0000
    8.30    4.00000000   3.9900   2.6906   3.6457   1.8850   0.0000   0.0000
    8.30    4.13100000   4.1070   2.8323   3.7042   1.9930   0.0000   0.0000
# log(age) Mini Mact logl logt logg Composition Phase
    8.35    0.80000000   0.8000  -0.5906   3.6871   4.6330   0.0000   0.0000
    8.35    0.91000000   0.9100  -0.3252   3.7277   4.5860   0.0000   0.0000
    8.35    1.03500000   1.0350  -0.0560   3.7638   4.5170   0.0000   0.0000
    8.35    1.17700000   1.1770   0.1963   3.7925   4.4350   0.0000   0.0000
    8.35    1.33900000   1.3390   0.4510   3.8205   4.3490   0.0000   0.0000
    8.35    1.52300000   1.5230   0.7109   3.8588   4.2980   0.0000   0.0000
    8.35    1.73200000   1.7320   0.9614   3.9065   4.3210   0.0000   0.0000
    8.35    1.97000000   1.9700   1.2030   3.9507   4.3110   0.0000   0.0000
    8.35    2.24100000   2.2410   1.4433   3.9877   4.2740   0.0000   0.0000
    8.35    2.54900000   2.5490   1.6944   4.0219   4.2170   0.0000   0.0000
    8.35    2.89900000   2.8990   1.9580   4.0502   4.1240   0.0000   0.0000
    8.35    3.29700000   3.2970   2.2447   4.0673   3.9650   0.0000   0.0000
    8.35    3.71900000   3.7190   2.5646   4.0468   3.6220   0.0000   0.0000
    8.35    3.72100000   3.7210   2.5666   4.0469   3.6200   0.0000   0.0000
    8.35    3.72300000   3.7230   2.5686   4.0469   3.6190   0.0000   0.0000
    8.35    3.72500000   3.7250   2.5707   4.0470   3.6170   0.0000   0.0000
    8.35    3.72700000   3.7270   2.5730   4.0472   3.6160   0.0000   0.0000
    8.35    3.72900000   3.7290   2.5752   4.0474   3.6150   0.0000   0.0000
    8.35    3.73100000   3.7310   2.5776   4.0478   3.6150   0.0000   0.0000
    8.35    3.73300000   3.7330   2.5801   4.0482   3.6140   0.0000   0.0000
    8.35    3.73500000   3.7350   2.5827   4.0487   3.6140   0.0000   0.0000
    8.35    3.73700000   3.7370   2.5856   4.0494   3.6150   0.0000   0.0000
    8.35    3.73900000   3.7390   2.5885   4.0503   3.6160   0.0000   0.0000
    8.35    3.74100000   3.7410   2.5919   4.0515   3.6170   0.0000   0.0000
    8.35    3.74300000   3.7430   2.5955   4.0530   3.6200   0.0000   0.0000
    8.35    3.74500000   3.7450   2.5999   4.0551   3.6250   0.0000   0.0000
    8.35    3.74700000   3.7470   2.6051   4.0577   3.6310   0.0000   0.0000
    8.35    3.74900000   3.7490   2.6116   4.0616   3.6410   0.0000   0.0000
    8.35    3.75100000   3.7510   2.6210   4.0672   3.6560   0.0000   0.0000
    8.35    3.75300000   3.7530   2.6380   4.0775   3.6820   0.0000   0.0000
    8.35    3.75500000   3.7550   2.6557   4.0879   3.7080   0.0000   0.0000
    8.35    3.75700000   3.7570   2.6924   4.0642   3.5710   0.0000   0.0000
    8.35    3.75900000   3.7590   2.7013   4.0574   3.5340   0.0000   0.0000
    8.35    3.76100000   3.7610   2.7070   4.0513   3.5030   0.0000   0.0000
    8.35    3.76300000   3.7630   2.7122   4.0448   3.4700   0.0000   0.0000
    8.35    3.76500000   3.7650   2.7167   4.0355   3.4280   0.0000   0.0000
    8.35    3.76700000   3.7670   2.7203   4.0256   3.3830   0.0000   0.0000
    8.35    3.76900000   3.7690   2.7223   4.0108   3.3200   0.0000   0.0000
    8.35    3.77100000   3.7710   2.7211   3.9906   3.2380   0.0000   0.0000
    8.35    3.77300000   3.7730   2.7130   3.9604   3.1210   0.0000   0.0000
    8.35    3.77500000   3.7750   2.6873   3.9088   2.9360   0.0000   0.0000
    8.35    3.77700000   3.7770   2.6072   3.8100   2.6130   0.0000   0.0000
    8.35    3.77900000   3.7790   2.3631   3.6886   2.3610   0.0000   0.0000
    8.35    3.78100000   3.7810   2.5833   3.6484   1.9790   0.0000   0.0000
    8.35    3.78300000   3.7830   2.7717   3.6339   1.7330   0.0000   0.0000
    8.35    3.78500000   3.7840   2.8205   3.6286   1.6630   0.0000   0.0000
    8.35    3.78700000   3.7860   2.8011   3.6301   1.6890   0.0000   0.0000
    8.35    3.78900000   3.7870   2.7817   3.6316   1.7140   0.0000   0.0000
    8.35    3.79100000   3.7890   2.7701   3.6327   1.7300   0.0000   0.0000
    8.35    3.79300000   3.7900   2.7622   3.6335   1.7420   0.0000   0.0000
    8.35    3.79500000   3.7920   2.7543   3.6343   1.7530   0.0000   0.0000
    8.35    3.79700000   3.7940   2.7473   3.6351   1.7630   0.0000   0.0000
    8.35    3.79900000   3.7950   2.7407   3.6359   1.7740   0.0000   0.0000
    8.35    3.80100000   3.7970   2.7341   3.6367   1.7830   0.0000   0.0000
    8.35    3.80300000   3.7990   2.7271   3.6376   1.7940   0.0000   0.0000
    8.35    3.80500000   3.8000   2.7196   3.6385   1.8050   0.0000   0.0000
    8.35    3.80700000   3.8020   2.7121   3.6394   1.8170   0.0000   0.0000
    8.35    3.80900000   3.8040   2.7046   3.6403   1.8280   0.0000   0.0000
    8.35    3.81100000   3.8050   2.6965   3.6410   1.8390   0.0000   0.0000
    8.35    3.81400000   3.8070   2.6884   3.6417   1.8500   0.0000   0.0000
    8.35    3.81600000   3.8090   2.6804   3.6425   1.8620   0.0000   0.0000
    8.35    3.81800000   3.8100   2.6703   3.6434   1.8760   0.0000   0.0000
    8.35    3.82000000   3.8120   2.6589   3.6445   1.8920   0.0000   0.0000
    8.35    3.82200000   3.8140   2.6469   3.6456   1.9080   0.0000   0.0000
    8.35    3.87300000   3.8610   2.5214   3.6716   2.1430   0.0000   0.0000
    8.35    4.00000000   3.9700   2.7370   3.6649   1.9130   0.0000   0.0000
# log(age) Mini Mact logl logt logg Composition Phase
    8.40    0.80000000   0.8000  -0.5905   3.6871   4.6330   0.0000   0.0000
    8.40    0.91000000   0.9100  -0.3249   3.7277   4.5860   0.0000   0.0000
    8.40    1.03500000   1.0350  -0.0553   3.7638   4.5160   0.0000   0.0000
    8.40    1.17700000   1.1770   0.1974   3.7925   4.4340   0.0000   0.0000
    8.40    1.33900000   1.3390   0.4526   3.8205   4.3470   0.0000   0.0000
    8.40    1.52300000   1.5230   0.7131   3.8588   4.2960   0.0000   0.0000
    8.40    1.73200000   1.7320   0.9646   3.9063   4.3170   0.0000   0.0000
    8.40    1.97000000   1.9700   1.2067   3.9491   4.3010   0.0000   0.0000
    8.40    2.24100000   2.2410   1.4506   3.9859   4.2600   0.0000   0.0000
    8.40    2.54900000   2.5490   1.7067   4.0191   4.1940   0.0000   0.0000
    8.40    2.89900000   2.8990   1.9782   4.0446   4.0820   0.0000   0.0000
    8.40    3.29700000   3.2970   2.2790   4.0531   3.8760   0.0000   0.0000
    8.40    3.55900000   3.5590   2.4882   4.0323   3.6210   0.0000   0.0000
    8.40    3.56000000   3.5600   2.4901   4.0323   3.6190   0.0000   0.0000
    8.40    3.56200000   3.5620   2.4921   4.0323   3.6170   0.0000   0.0000
    8.40    3.56400000   3.5640   2.4942   4.0324   3.6160   0.0000   0.0000
    8.40    3.56600000   3.5660   2.4963   4.0324   3.6140   0.0000   0.0000
    8.40    3.56800000   3.5680   2.4985   4.0326   3.6130   0.0000   0.0000
    8.40    3.57000000   3.5700   2.5008   4.0328   3.6120   0.0000   0.0000
    8.40    3.57200000   3.5720   2.5032   4.0332   3.6120   0.0000   0.0000
    8.40    3.57400000   3.5740   2.5057   4.0336   3.6110   0.0000   0.0000
    8.40    3.57600000   3.5760   2.5083   4.0341   3.6110   0.0000   0.0000
    8.40    3.57800000   3.5780   2.5112   4.0348   3.6110   0.0000   0.0000
    8.40    3.58000000   3.5800   2.5143   4.0358   3.6130   0.0000   0.0000
    8.40    3.58100000   3.5810   2.5177   4.0369   3.6140   0.0000   0.0000
    8.40    3.58300000   3.5830   2.5215   4.0385   3.6170   0.0000   0.0000
    8.40    3.58500000   3.5850   2.5261   4.0407   3.6220   0.0000   0.0000
    8.40    3.58700000   3.5870   2.5316   4.0436   3.6290   0.0000   0.0000
    8.40    3.58900000   3.5890   2.5387   4.0478   3.6400   0.0000   0.0000
    8.40    3.59100000   3.5910   2.5494   4.0541   3.6560   0.0000   0.0000
    8.40    3.59300000   3.5930   2.5702   4.0661   3.6860   0.0000   0.0000
    8.40    3.59500000   3.5950   2.5862   4.0669   3.6730   0.0000   0.0000
    8.40    3.59700000   3.5970   2.6206   4.0494   3.5640   0.0000   0.0000
    8.40    3.59900000   3.5990   2.6282   4.0435   3.5320   0.0000   0.0000
    8.40    3.60100000   3.6010   2.6335   4.0373   3.5010   0.0000   0.0000
    8.40    3.60300000   3.6030   2.6385   4.0311   3.4700   0.0000   0.0000
    8.40    3.60500000   3.6050   2.6427   4.0223   3.4300   0.0000   0.0000
    8.40    3.60700000   3.6070   2.6462   4.0130   3.3880   0.0000   0.0000
    8.40    3.60800000   3.6080   2.6482   3.9994   3.3300   0.0000   0.0000
    8.40    3.61000000   3.6100   2.6473   3.9810   3.2550   0.0000   0.0000
    8.40    3.61200000   3.6120   2.6406   3.9533   3.1470   0.0000   0.0000
    8.40    3.61400000   3.6140   2.6197   3.9089   2.9860   0.0000   0.0000
    8.40    3.61600000   3.6160   2.5589   3.8275   2.7140   0.0000   0.0000
    8.40    3.61800000   3.6180   2.3566   3.7078   2.4280   0.0000   0.0000
    8.40    3.62000000   3.6200   2.4395   3.6572   2.1390   0.0000   0.0000
    8.40    3.62200000   3.6220   2.6266   3.6419   1.8910   0.0000   0.0000
    8.40    3.62400000   3.6230   2.7865   3.6284   1.6770   0.0000   0.0000
    8.40    3.62600000   3.6250   2.7558   3.6312   1.7190   0.0000   0.0000
    8.40    3.62800000   3.6260   2.7328   3.6329   1.7490   0.0000   0.0000
    8.40    3.63000000   3.6280   2.7155   3.6343   1.7720   0.0000   0.0000
    8.40    3.63200000   3.6290   2.7064   3.6352   1.7850   0.0000   0.0000
    8.40    3.63400000   3.6310   2.6973   3.6361   1.7980   0.0000   0.0000
    8.40    3.63600000   3.6320   2.6888   3.6370   1.8110   0.0000   0.0000
    8.40    3.63800000   3.6340   2.6806   3.6379   1.8230   0.0000   0.0000
    8.40    3.64000000   3.6360   2.6724   3.6389   1.8350   0.0000   0.0000
    8.40    3.64200000   3.6370   2.6637   3.6399   1.8480   0.0000   0.0000
    8.40    3.64400000   3.6390   2.6550   3.6409   1.8610   0.0000   0.0000
    8.40    3.64500000   3.6400   2.6463   3.6419   1.8740   0.0000   0.0000
    8.40    3.64700000   3.6420   2.6369   3.6427   1.8870   0.0000   0.0000
    8.40    3.64900000   3.6440   2.6275   3.6436   1.9000   0.0000   0.0000
    8.40    3.65100000   3.6450   2.6182   3.6444   1.9130   0.0000   0.0000
    8.40    3.65300000   3.6470   2.6047   3.6458   1.9320   0.0000   0.0000
    8.40    3.65500000   3.6490   2.5901   3.6472   1.9520   0.0000   0.0000
    8.40    3.65700000   3.6500   2.5745   3.6485   1.9730   0.0000   0.0000
    8.40    3.65900000   3.6520   2.5594   3.6499   1.9940   0.0000   0.0000
    8.40    3.75100000   3.7350   2.5861   3.6941   2.1570   0.0000   0.0000
# log(age) Mini Mact logl logt logg Composition Phase
    8.45    0.80000000   0.8000  -0.5903   3.6870   4.6330   0.0000   0.0000
    8.45    0.91000000   0.9100  -0.3246   3.7277   4.5850   0.0000   0.0000
    8.45    1.03500000   1.0350  -0.0546   3.7638   4.5160   0.0000   0.0000
    8.45    1.17700000   1.1770   0.1986   3.7925   4.4330   0.0000   0.0000
    8.45    1.33900000   1.3390   0.4545   3.8206   4.3460   0.0000   0.0000
    8.45    1.52300000   1.5230   0.7156   3.8587   4.2930   0.0000   0.0000
    8.45    1.73200000   1.7320   0.9681   3.9061   4.3120   0.0000   0.0000
    8.45    1.97000000   1.9700   1.2112   3.9477   4.2910   0.0000   0.0000
    8.45    2.24100000   2.2410   1.4591   3.9840   4.2440   0.0000   0.0000
    8.45    2.54900000   2.5490   1.7206   4.0156   4.1660   0.0000   0.0000
    8.45    2.89900000   2.8990   2.0018   4.0372   4.0300   0.0000   0.0000
    8.45    3.29700000   3.2970   2.3192   4.0304   3.7470   0.0000   0.0000
    8.45    3.40700000   3.4070   2.4138   4.0177   3.6180   0.0000   0.0000
    8.45    3.40900000   3.4090   2.4157   4.0177   3.6160   0.0000   0.0000
    8.45    3.41100000   3.4110   2.4177   4.0177   3.6140   0.0000   0.0000
    8.45    3.41300000   3.4130   2.4198   4.0178   3.6130   0.0000   0.0000
    8.45    3.41500000   3.4150   2.4219   4.0179   3.6110   0.0000   0.0000
    8.45    3.41600000   3.4160   2.4240   4.0180   3.6100   0.0000   0.0000
    8.45    3.41800000   3.4180   2.4263   4.0182   3.6090   0.0000   0.0000
    8.45    3.42000000   3.4200   2.4287   4.0186   3.6080   0.0000   0.0000
    8.45    3.42200000   3.4220   2.4313   4.0190   3.6080   0.0000   0.0000
    8.45    3.42400000   3.4240   2.4340   4.0195   3.6080   0.0000   0.0000
    8.45    3.42600000   3.4260   2.4368   4.0202   3.6080   0.0000   0.0000
    8.45    3.42700000   3.4270   2.4400   4.0212   3.6090   0.0000   0.0000
    8.45    3.42900000   3.4290   2.4435   4.0224   3.6110   0.0000   0.0000
    8.45    3.43100000   3.4310   2.4475   4.0240   3.6140   0.0000   0.0000
    8.45    3.43300000   3.4330   2.4522   4.0263   3.6190   0.0000   0.0000
    8.45    3.43500000   3.4350   2.4581   4.0295   3.6270   0.0000   0.0000
    8.45    3.43700000   3.4370   2.4659   4.0340   3.6380   0.0000   0.0000
    8.45    3.43800000   3.4380   2.4779   4.0410   3.6560   0.0000   0.0000
    8.45    3.44000000   3.4400   2.5030   4.0550   3.6900   0.0000   0.0000
    8.45    3.44200000   3.4420   2.5240   4.0467   3.6340   0.0000   0.0000
    8.45    3.44400000   3.4440   2.5483   4.0347   3.5580   0.0000   0.0000
    8.45    3.44600000   3.4460   2.5550   4.0295   3.5300   0.0000   0.0000
    8.45    3.44800000   3.4480   2.5600   4.0234   3.5000   0.0000   0.0000
    8.45    3.44900000   3.4490   2.5647   4.0174   3.4700   0.0000   0.0000
    8.45    3.45100000   3.4510   2.5688   4.0090   3.4320   0.0000   0.0000
    8.45    3.45300000   3.4530   2.5721   4.0003   3.3920   0.0000   0.0000
    8.45    3.45500000   3.4550   2.5740   3.9876   3.3380   0.0000   0.0000
    8.45    3.45700000   3.4570   2.5734   3.9707   3.2690   0.0000   0.0000
    8.45    3.45900000   3.4590   2.5678   3.9455   3.1710   0.0000   0.0000
    8.45    3.46100000   3.4610   2.5503   3.9067   3.0290   0.0000   0.0000
    8.45    3.46200000   3.4620   2.5033   3.8388   2.7980   0.0000   0.0000
    8.45    3.46400000   3.4640   2.3522   3.7270   2.4920   0.0000   0.0000
    8.45    3.46600000   3.4660   2.2904   3.6700   2.3210   0.0000   0.0000
    8.45    3.46800000   3.4680   2.4900   3.6508   2.0450   0.0000   0.0000
    8.45    3.47000000   3.4690   2.6658   3.6361   1.8100   0.0000   0.0000
    8.45    3.47200000   3.4710   2.7144   3.6320   1.7450   0.0000   0.0000
    8.45    3.47400000   3.4720   2.6866   3.6340   1.7810   0.0000   0.0000
    8.45    3.47500000   3.4740   2.6615   3.6359   1.8140   0.0000   0.0000
    8.45    3.47700000   3.4750   2.6508   3.6368   1.8290   0.0000   0.0000
    8.45    3.47900000   3.4770   2.6402   3.6378   1.8430   0.0000   0.0000
    8.45    3.48100000   3.4780   2.6298   3.6389   1.8580   0.0000   0.0000
    8.45    3.48300000   3.4800   2.6195   3.6401   1.8740   0.0000   0.0000
    8.45    3.48500000   3.4810   2.6091   3.6412   1.8890   0.0000   0.0000
    8.45    3.48700000   3.4830   2.5987   3.6423   1.9040   0.0000   0.0000
    8.45    3.48900000   3.4840   2.5884   3.6434   1.9180   0.0000   0.0000
    8.45    3.49000000   3.4860   2.5774   3.6444   1.9340   0.0000   0.0000
    8.45    3.49200000   3.4870   2.5664   3.6455   1.9490   0.0000   0.0000
    8.45    3.49400000   3.4890   2.5548   3.6466   1.9660   0.0000   0.0000
    8.45    3.49600000   3.4910   2.5373   3.6483   1.9900   0.0000   0.0000
    8.45    3.49800000   3.4920   2.5188   3.6500   2.0160   0.0000   0.0000
    8.45    3.50000000   3.4940   2.4995   3.6516   2.0420   0.0000   0.0000
    8.45    3.50200000   3.4960   2.4814   3.6533   2.0660   0.0000   0.0000
    8.45    3.50400000   3.4970   2.4640   3.6549   2.0910   0.0000   0.0000
    8.45    3.50500000   3.4990   2.4475   3.6566   2.1140   0.0000   0.0000
    8.45    3.51700000   3.5090   2.3710   3.6656   2.2280   0.0000   0.0000
    8.45    3.63200000   3.6110   2.4960   3.6699   2.1330   0.0000   0.0000
# log(age) Mini Mact logl logt logg Composition Phase
    8.50    0.80000000   0.8000  -0.5902   3.6870   4.6320   0.0000   0.0000
    8.50    0.91000000   0.9100  -0.3241   3.7277   4.5850   0.0000   0.0000
    8.50    1.03500000   1.0350  -0.0537   3.7639   4.5150   0.0000   0.0000
    8.50    1.17700000   1.1770   0.2000   3.7926   4.4320   0.0000   0.0000
    8.50    1.33900000   1.3390   0.4565   3.8206   4.3440   0.0000   0.0000
    8.50    1.52300000   1.5230   0.7185   3.8587   4.2900   0.0000   0.0000
    8.50    1.73200000   1.7320   0.9724   3.9057   4.3060   0.0000   0.0000
    8.50    1.97000000   1.9700   1.2178   3.9466   4.2800   0.0000   0.0000
    8.50    2.24100000   2.2410   1.4688   3.9816   4.2250   0.0000   0.0000
    8.50    2.54900000   2.5490   1.7370   4.0111   4.1330   0.0000   0.0000
    8.50    2.89900000   2.8990   2.0298   4.0272   3.9640   0.0000   0.0000
    8.50    3.26200000   3.2620   2.3394   4.0032   3.6150   0.0000   0.0000
    8.50    3.26400000   3.2640   2.3413   4.0032   3.6130   0.0000   0.0000
    8.50    3.26600000   3.2660   2.3432   4.0031   3.6110   0.0000   0.0000
    8.50    3.26800000   3.2680   2.3453   4.0032   3.6100   0.0000   0.0000
    8.50    3.26900000   3.2690   2.3474   4.0033   3.6080   0.0000   0.0000
    8.50    3.27100000   3.2710   2.3495   4.0034   3.6070   0.0000   0.0000
    8.50    3.27300000   3.2730   2.3519   4.0036   3.6060   0.0000   0.0000
    8.50    3.27500000   3.2750   2.3543   4.0039   3.6050   0.0000   0.0000
    8.50    3.27600000   3.2760   2.3568   4.0044   3.6050   0.0000   0.0000
    8.50    3.27800000   3.2780   2.3595   4.0049   3.6050   0.0000   0.0000
    8.50    3.28000000   3.2800   2.3624   4.0056   3.6050   0.0000   0.0000
    8.50    3.28200000   3.2820   2.3657   4.0066   3.6060   0.0000   0.0000
    8.50    3.28300000   3.2830   2.3693   4.0078   3.6080   0.0000   0.0000
    8.50    3.28500000   3.2850   2.3735   4.0095   3.6110   0.0000   0.0000
    8.50    3.28700000   3.2870   2.3784   4.0119   3.6170   0.0000   0.0000
    8.50    3.28900000   3.2890   2.3847   4.0153   3.6250   0.0000   0.0000
    8.50    3.29000000   3.2900   2.3930   4.0201   3.6370   0.0000   0.0000
    8.50    3.29200000   3.2920   2.4066   4.0280   3.6570   0.0000   0.0000
    8.50    3.29400000   3.2940   2.4367   4.0442   3.6940   0.0000   0.0000
    8.50    3.29600000   3.2960   2.4600   4.0300   3.6110   0.0000   0.0000
    8.50    3.29700000   3.2970   2.4758   4.0200   3.5530   0.0000   0.0000
    8.50    3.29900000   3.2990   2.4817   4.0154   3.5280   0.0000   0.0000
    8.50    3.30100000   3.3010   2.4865   4.0095   3.4990   0.0000   0.0000
    8.50    3.30300000   3.3030   2.4910   4.0037   3.4700   0.0000   0.0000
    8.50    3.30500000   3.3050   2.4948   3.9957   3.4340   0.0000   0.0000
    8.50    3.30600000   3.3060   2.4980   3.9875   3.3960   0.0000   0.0000
    8.50    3.30800000   3.3080   2.4999   3.9756   3.3450   0.0000   0.0000
    8.50    3.31000000   3.3100   2.4995   3.9602   3.2820   0.0000   0.0000
    8.50    3.31200000   3.3120   2.4948   3.9377   3.1940   0.0000   0.0000
    8.50    3.31300000   3.3130   2.4804   3.9034   3.0670   0.0000   0.0000
    8.50    3.31500000   3.3150   2.4421   3.8452   2.8670   0.0000   0.0000
    8.50    3.31700000   3.3170   2.3298   3.7485   2.5840   0.0000   0.0000
    8.50    3.31900000   3.3190   2.1573   3.6839   2.4910   0.0000   0.0000
    8.50    3.32100000   3.3200   2.3551   3.6585   2.1920   0.0000   0.0000
    8.50    3.32200000   3.3220   2.5257   3.6439   1.9620   0.0000   0.0000
    8.50    3.32400000   3.3230   2.6853   3.6312   1.7520   0.0000   0.0000
    8.50    3.32600000   3.3250   2.6445   3.6349   1.8080   0.0000   0.0000
    8.50    3.32800000   3.3260   2.6108   3.6372   1.8510   0.0000   0.0000
    8.50    3.32900000   3.3280   2.5956   3.6385   1.8720   0.0000   0.0000
    8.50    3.33100000   3.3290   2.5830   3.6396   1.8890   0.0000   0.0000
    8.50    3.33300000   3.3300   2.5698   3.6409   1.9080   0.0000   0.0000
    8.50    3.33500000   3.3320   2.5567   3.6423   1.9270   0.0000   0.0000
    8.50    3.33700000   3.3330   2.5439   3.6436   1.9450   0.0000   0.0000
    8.50    3.33800000   3.3350   2.5313   3.6448   1.9620   0.0000   0.0000
    8.50    3.34000000   3.3360   2.5181   3.6461   1.9810   0.0000   0.0000
    8.50    3.34200000   3.3380   2.5048   3.6474   2.0000   0.0000   0.0000
    8.50    3.34400000   3.3390   2.4888   3.6490   2.0220   0.0000   0.0000
    8.50    3.34600000   3.3410   2.4679   3.6511   2.0520   0.0000   0.0000
    8.50    3.34700000   3.3420   2.4449   3.6530   2.0830   0.0000   0.0000
    8.50    3.34900000   3.3440   2.4223   3.6549   2.1130   0.0000   0.0000
    8.50    3.35100000   3.3460   2.4009   3.6568   2.1420   0.0000   0.0000
    8.50    3.35300000   3.3470   2.3810   3.6588   2.1700   0.0000   0.0000
    8.50    3.35500000   3.3490   2.3623   3.6607   2.1970   0.0000   0.0000
    8.50    3.35600000   3.3510   2.3447   3.6625   2.2220   0.0000   0.0000
    8.50    3.40500000   3.3960   2.3230   3.6920   2.3690   0.0000   0.0000
    8.50    3.51700000   3.4960   2.4676   3.6683   2.1410   0.0000   0.0000
# log(age) Mini Mact logl logt logg Composition Phase
    8.55    0.80000000   0.8000  -0.5901   3.6869   4.6320   0.0000   0.0000
    8.55    0.91000000   0.9100  -0.3236   3.7277   4.5840   0.0000   0.0000
    8.55    1.03500000   1.0350  -0.0527   3.7639   4.5140   0.0000   0.0000
    8.55    1.17700000   1.1770   0.2016   3.7926   4.4310   0.0000   0.0000
    8.55    1.33900000   1.3390   0.4588   3.8206   4.3410   0.0000   0.0000
    8.55    1.52300000   1.5230   0.7217   3.8586   4.2870   0.0000   0.0000
    8.55    1.73200000   1.7320   0.9768   3.9050   4.2990   0.0000   0.0000
    8.55    1.97000000   1.9700   1.2246   3.9449   4.2670   0.0000   0.0000
    8.55    2.24100000   2.2410   1.4801   3.9790   4.2040   0.0000   0.0000
    8.55    2.54900000   2.5490   1.7561   4.0055   4.0920   0.0000   0.0000
    8.55    2.89900000   2.8990   2.0624   4.0123   3.8730   0.0000   0.0000
    8.55    3.12400000   3.1240   2.2650   3.9887   3.6120   0.0000   0.0000
    8.55    3.12500000   3.1250   2.2669   3.9886   3.6100   0.0000   0.0000
    8.55    3.12700000   3.1270   2.2688   3.9886   3.6080   0.0000   0.0000
    8.55    3.12900000   3.1290   2.2708   3.9886   3.6070   0.0000   0.0000
    8.55    3.13000000   3.1300   2.2730   3.9887   3.6060   0.0000   0.0000
    8.55    3.13200000   3.1320   2.2751   3.9888   3.6040   0.0000   0.0000
    8.55    3.13400000   3.1340   2.2774   3.9890   3.6030   0.0000   0.0000
    8.55    3.13500000   3.1350   2.2798   3.9893   3.6020   0.0000   0.0000
    8.55    3.13700000   3.1370   2.2823   3.9897   3.6020   0.0000   0.0000
    8.55    3.13900000   3.1390   2.2851   3.9903   3.6010   0.0000   0.0000
    8.55    3.14000000   3.1400   2.2880   3.9910   3.6020   0.0000   0.0000
    8.55    3.14200000   3.1420   2.2914   3.9920   3.6030   0.0000   0.0000
    8.55    3.14400000   3.1440   2.2950   3.9933   3.6050   0.0000   0.0000
    8.55    3.14500000   3.1450   2.2994   3.9950   3.6080   0.0000   0.0000
    8.55    3.14700000   3.1470   2.3046   3.9976   3.6140   0.0000   0.0000
    8.55    3.14900000   3.1490   2.3113   4.0012   3.6230   0.0000   0.0000
    8.55    3.15000000   3.1500   2.3201   4.0063   3.6350   0.0000   0.0000
    8.55    3.15200000   3.1520   2.3356   4.0152   3.6570   0.0000   0.0000
    8.55    3.15400000   3.1540   2.3714   4.0338   3.6990   0.0000   0.0000
    8.55    3.15600000   3.1560   2.3919   4.0137   3.5940   0.0000   0.0000
    8.55    3.15700000   3.1570   2.4030   4.0056   3.5490   0.0000   0.0000
    8.55    3.15900000   3.1590   2.4084   4.0013   3.5260   0.0000   0.0000
    8.55    3.16100000   3.1610   2.4129   3.9955   3.4980   0.0000   0.0000
    8.55    3.16200000   3.1620   2.4172   3.9900   3.4700   0.0000   0.0000
    8.55    3.16400000   3.1640   2.4209   3.9824   3.4360   0.0000   0.0000
    8.55    3.16600000   3.1660   2.4239   3.9747   3.4000   0.0000   0.0000
    8.55    3.16700000   3.1670   2.4258   3.9634   3.3520   0.0000   0.0000
    8.55    3.16900000   3.1690   2.4256   3.9494   3.2940   0.0000   0.0000
    8.55    3.17100000   3.1710   2.4215   3.9293   3.2150   0.0000   0.0000
    8.55    3.17300000   3.1730   2.4093   3.8981   3.0990   0.0000   0.0000
    8.55    3.17400000   3.1740   2.3781   3.8482   2.9260   0.0000   0.0000
    8.55    3.17600000   3.1760   2.2921   3.7637   2.6660   0.0000   0.0000
    8.55    3.17800000   3.1780   2.0871   3.6993   2.6050   0.0000   0.0000
    8.55    3.17900000   3.1790   2.2204   3.6664   2.3390   0.0000   0.0000
    8.55    3.18100000   3.1810   2.3923   3.6528   2.1130   0.0000   0.0000
    8.55    3.18300000   3.1820   2.5593   3.6386   1.8890   0.0000   0.0000
    8.55    3.18400000   3.1840   2.6086   3.6354   1.8270   0.0000   0.0000
    8.55    3.18600000   3.1850   2.5666   3.6382   1.8810   0.0000   0.0000
    8.55    3.18800000   3.1860   2.5410   3.6401   1.9140   0.0000   0.0000
    8.55    3.19000000   3.1880   2.5255   3.6414   1.9350   0.0000   0.0000
    8.55    3.19100000   3.1890   2.5084   3.6431   1.9590   0.0000   0.0000
    8.55    3.19300000   3.1900   2.4915   3.6448   1.9830   0.0000   0.0000
    8.55    3.19500000   3.1920   2.4755   3.6462   2.0050   0.0000   0.0000
    8.55    3.19600000   3.1930   2.4592   3.6478   2.0270   0.0000   0.0000
    8.55    3.19800000   3.1950   2.4425   3.6494   2.0510   0.0000   0.0000
    8.55    3.20000000   3.1960   2.4209   3.6516   2.0810   0.0000   0.0000
    8.55    3.20200000   3.1980   2.3957   3.6541   2.1170   0.0000   0.0000
    8.55    3.20300000   3.1990   2.3682   3.6563   2.1530   0.0000   0.0000
    8.55    3.20500000   3.2010   2.3424   3.6584   2.1880   0.0000   0.0000
    8.55    3.20700000   3.2020   2.3179   3.6606   2.2210   0.0000   0.0000
    8.55    3.20800000   3.2040   2.2956   3.6628   2.2530   0.0000   0.0000
    8.55    3.21000000   3.2050   2.2747   3.6650   2.2820   0.0000   0.0000
    8.55    3.21200000   3.2070   2.2548   3.6670   2.3110   0.0000   0.0000
    8.55    3.21400000   3.2090   2.2365   3.6689   2.3370   0.0000   0.0000
    8.55    3.21500000   3.2100   2.2207   3.6707   2.3600   0.0000   0.0000
    8.55    3.29700000   3.2850   2.2695   3.6806   2.3610   0.0000   0.0000
    8.55    3.40500000   3.3840   2.4487   3.6636   2.1270   0.0000   0.0000
# log(age) Mini Mact logl logt logg Composition Phase
    8.60    0.80000000   0.8000  -0.5899   3.6869   4.6320   0.0000   0.0000
    8.60    0.91000000   0.9100  -0.3231   3.7277   4.5840   0.0000   0.0000
    8.60    1.03500000   1.0350  -0.0517   3.7639   4.5130   0.0000   0.0000
    8.60    1.17700000   1.1770   0.2033   3.7927   4.4290   0.0000   0.0000
    8.60    1.33900000   1.3390   0.4615   3.8207   4.3390   0.0000   0.0000
    8.60    1.52300000   1.5230   0.7252   3.8585   4.2830   0.0000   0.0000
    8.60    1.73200000   1.7320   0.9813   3.9039   4.2900   0.0000   0.0000
    8.60    1.97000000   1.9700   1.2326   3.9431   4.2520   0.0000   0.0000
    8.60    2.24100000   2.2410   1.4935   3.9757   4.1780   0.0000   0.0000
    8.60    2.54900000   2.5490   1.7785   3.9980   4.0410   0.0000   0.0000
    8.60    2.89900000   2.8990   2.0997   3.9885   3.7420   0.0000   0.0000
    8.60    2.99100000   2.9910   2.1901   3.9742   3.6100   0.0000   0.0000
    8.60    2.99200000   2.9920   2.1920   3.9741   3.6080   0.0000   0.0000
    8.60    2.99400000   2.9940   2.1941   3.9741   3.6060   0.0000   0.0000
    8.60    2.99600000   2.9960   2.1961   3.9740   3.6040   0.0000   0.0000
    8.60    2.99700000   2.9970   2.1983   3.9741   3.6030   0.0000   0.0000
    8.60    2.99900000   2.9990   2.2006   3.9742   3.6010   0.0000   0.0000
    8.60    3.00000000   3.0000   2.2029   3.9744   3.6000   0.0000   0.0000
    8.60    3.00200000   3.0020   2.2053   3.9747   3.5990   0.0000   0.0000
    8.60    3.00400000   3.0040   2.2079   3.9751   3.5980   0.0000   0.0000
    8.60    3.00500000   3.0050   2.2106   3.9756   3.5980   0.0000   0.0000
    8.60    3.00700000   3.0070   2.2136   3.9764   3.5990   0.0000   0.0000
    8.60    3.00800000   3.0080   2.2171   3.9774   3.6000   0.0000   0.0000
    8.60    3.01000000   3.0100   2.2208   3.9787   3.6020   0.0000   0.0000
    8.60    3.01200000   3.0120   2.2253   3.9805   3.6050   0.0000   0.0000
    8.60    3.01300000   3.0130   2.2308   3.9832   3.6110   0.0000   0.0000
    8.60    3.01500000   3.0150   2.2378   3.9871   3.6210   0.0000   0.0000
    8.60    3.01700000   3.0170   2.2472   3.9925   3.6340   0.0000   0.0000
    8.60    3.01800000   3.0180   2.2647   4.0024   3.6580   0.0000   0.0000
    8.60    3.02000000   3.0200   2.3046   4.0226   3.7020   0.0000   0.0000
    8.60    3.02100000   3.0210   2.3218   3.9977   3.5810   0.0000   0.0000
    8.60    3.02300000   3.0230   2.3300   3.9912   3.5450   0.0000   0.0000
    8.60    3.02500000   3.0250   2.3350   3.9872   3.5230   0.0000   0.0000
    8.60    3.02600000   3.0260   2.3393   3.9816   3.4960   0.0000   0.0000
    8.60    3.02800000   3.0280   2.3434   3.9764   3.4700   0.0000   0.0000
    8.60    3.03000000   3.0300   2.3469   3.9691   3.4370   0.0000   0.0000
    8.60    3.03100000   3.0310   2.3498   3.9619   3.4040   0.0000   0.0000
    8.60    3.03300000   3.0330   2.3516   3.9513   3.3590   0.0000   0.0000
    8.60    3.03400000   3.0340   2.3516   3.9383   3.3050   0.0000   0.0000
    8.60    3.03600000   3.0360   2.3482   3.9204   3.2340   0.0000   0.0000
    8.60    3.03800000   3.0380   2.3377   3.8919   3.1280   0.0000   0.0000
    8.60    3.03900000   3.0390   2.3117   3.8485   2.9750   0.0000   0.0000
    8.60    3.04100000   3.0410   2.2446   3.7736   2.7360   0.0000   0.0000
    8.60    3.04300000   3.0430   2.0629   3.7127   2.6650   0.0000   0.0000
    8.60    3.04400000   3.0440   2.0883   3.6762   2.4910   0.0000   0.0000
    8.60    3.04600000   3.0460   2.2593   3.6611   2.2600   0.0000   0.0000
    8.60    3.04700000   3.0470   2.4229   3.6461   2.0370   0.0000   0.0000
    8.60    3.04900000   3.0480   2.5826   3.6342   1.8290   0.0000   0.0000
    8.60    3.05100000   3.0500   2.5291   3.6389   1.9020   0.0000   0.0000
    8.60    3.05200000   3.0510   2.4874   3.6417   1.9550   0.0000   0.0000
    8.60    3.05400000   3.0520   2.4676   3.6432   1.9810   0.0000   0.0000
    8.60    3.05600000   3.0530   2.4444   3.6455   2.0130   0.0000   0.0000
    8.60    3.05700000   3.0550   2.4224   3.6474   2.0440   0.0000   0.0000
    8.60    3.05900000   3.0560   2.4008   3.6493   2.0730   0.0000   0.0000
    8.60    3.06100000   3.0580   2.3787   3.6516   2.1040   0.0000   0.0000
    8.60    3.06200000   3.0590   2.3507   3.6545   2.1440   0.0000   0.0000
    8.60    3.06400000   3.0600   2.3202   3.6572   2.1860   0.0000   0.0000
    8.60    3.06500000   3.0620   2.2886   3.6598   2.2280   0.0000   0.0000
    8.60    3.06700000   3.0630   2.2596   3.6621   2.2660   0.0000   0.0000
    8.60    3.06900000   3.0650   2.2328   3.6646   2.3030   0.0000   0.0000
    8.60    3.07000000   3.0660   2.2078   3.6672   2.3390   0.0000   0.0000
    8.60    3.07200000   3.0680   2.1841   3.6695   2.3720   0.0000   0.0000
    8.60    3.07400000   3.0690   2.1626   3.6717   2.4030   0.0000   0.0000
    8.60    3.07500000   3.0710   2.1431   3.6737   2.4310   0.0000   0.0000
    8.60    3.07700000   3.0730   2.1270   3.6757   2.4550   0.0000   0.0000
    8.60    3.07900000   3.0740   2.1141   3.6773   2.4740   0.0000   0.0000
    8.60    3.09200000   3.0870   2.0754   3.6868   2.5530   0.0000   0.0000
    8.60    3.19300000   3.1800   2.2388   3.6823   2.3850   0.0000   0.0000
# log(age) Mini Mact logl logt logg Composition Phase
    8.65    0.80000000   0.8000  -0.5898   3.6868   4.6310   0.0000   0.0000
    8.65    0.91000000   0.9100  -0.3225   3.7277   4.5830   0.0000   0.0000
    8.65    1.03500000   1.0350  -0.0505   3.7640   4.5120   0.0000   0.0000
    8.65    1.17700000   1.1770   0.2052   3.7928   4.4280   0.0000   0.0000
    8.65    1.33900000   1.3390   0.4644   3.8208   4.3360   0.0000   0.0000
    8.65    1.52300000   1.5230   0.7291   3.8583   4.2780   0.0000   0.0000
    8.65    1.73200000   1.7320   0.9867   3.9027   4.2800   0.0000   0.0000
    8.65    1.97000000   1.9700   1.2413   3.9407   4.2340   0.0000   0.0000
    8.65    2.24100000   2.2410   1.5087   3.9715   4.1470   0.0000   0.0000
    8.65    2.54900000   2.5490   1.8048   3.9878   3.9750   0.0000   0.0000
    8.65    2.86800000   2.8680   2.1146   3.9602   3.6110   0.0000   0.0000
    8.65    2.87000000   2.8700   2.1164   3.9601   3.6090   0.0000   0.0000
    8.65    2.87100000   2.8710   2.1184   3.9600   3.6070   0.0000   0.0000
    8.65    2.87300000   2.8730   2.1204   3.9600   3.6050   0.0000   0.0000
    8.65    2.87400000   2.8740   2.1224   3.9600   3.6030   0.0000   0.0000
    8.65    2.87600000   2.8760   2.1247   3.9601   3.6020   0.0000   0.0000
    8.65    2.87700000   2.8770   2.1269   3.9602   3.6010   0.0000   0.0000
    8.65    2.87900000   2.8790   2.1293   3.9604   3.5990   0.0000   0.0000
    8.65    2.88100000   2.8810   2.1318   3.9607   3.5980   0.0000   0.0000
    8.65    2.88200000   2.8820   2.1346   3.9611   3.5980   0.0000   0.0000
    8.65    2.88400000   2.8840   2.1375   3.9617   3.5980   0.0000   0.0000
    8.65    2.88500000   2.8850   2.1408   3.9626   3.5980   0.0000   0.0000
    8.65    2.88700000   2.8870   2.1445   3.9638   3.6000   0.0000   0.0000
    8.65    2.88800000   2.8880   2.1488   3.9654   3.6030   0.0000   0.0000
    8.65    2.89000000   2.8900   2.1540   3.9677   3.6070   0.0000   0.0000
    8.65    2.89100000   2.8910   2.1606   3.9710   3.6150   0.0000   0.0000
    8.65    2.89300000   2.8930   2.1695   3.9761   3.6270   0.0000   0.0000
    8.65    2.89400000   2.8940   2.1842   3.9844   3.6480   0.0000   0.0000
    8.65    2.89600000   2.8960   2.2205   4.0033   3.6900   0.0000   0.0000
    8.65    2.89800000   2.8980   2.2450   3.9867   3.5960   0.0000   0.0000
    8.65    2.89900000   2.8990   2.2556   3.9787   3.5520   0.0000   0.0000
    8.65    2.90100000   2.9010   2.2609   3.9745   3.5290   0.0000   0.0000
    8.65    2.90200000   2.9020   2.2653   3.9691   3.5020   0.0000   0.0000
    8.65    2.90400000   2.9040   2.2694   3.9638   3.4760   0.0000   0.0000
    8.65    2.90500000   2.9050   2.2730   3.9567   3.4430   0.0000   0.0000
    8.65    2.90700000   2.9070   2.2759   3.9495   3.4100   0.0000   0.0000
    8.65    2.90800000   2.9080   2.2777   3.9388   3.3640   0.0000   0.0000
    8.65    2.91000000   2.9100   2.2776   3.9258   3.3110   0.0000   0.0000
    8.65    2.91200000   2.9120   2.2740   3.9078   3.2400   0.0000   0.0000
    8.65    2.91300000   2.9130   2.2630   3.8792   3.1330   0.0000   0.0000
    8.65    2.91500000   2.9150   2.2359   3.8357   2.9820   0.0000   0.0000
    8.65    2.91600000   2.9160   2.1650   3.7642   2.7590   0.0000   0.0000
    8.65    2.91800000   2.9180   1.9814   3.7114   2.7230   0.0000   0.0000
    8.65    2.91900000   2.9190   2.0176   3.6788   2.5540   0.0000   0.0000
    8.65    2.92100000   2.9210   2.1855   3.6640   2.3270   0.0000   0.0000
    8.65    2.92300000   2.9220   2.3469   3.6493   2.1070   0.0000   0.0000
    8.65    2.92400000   2.9230   2.5107   3.6376   1.8970   0.0000   0.0000
    8.65    2.92600000   2.9250   2.4886   3.6394   1.9260   0.0000   0.0000
    8.65    2.92700000   2.9260   2.4285   3.6436   2.0030   0.0000   0.0000
    8.65    2.92900000   2.9270   2.3992   3.6460   2.0430   0.0000   0.0000
    8.65    2.93000000   2.9280   2.3684   3.6489   2.0850   0.0000   0.0000
    8.65    2.93200000   2.9300   2.3377   3.6514   2.1260   0.0000   0.0000
    8.65    2.93400000   2.9310   2.3074   3.6544   2.1690   0.0000   0.0000
    8.65    2.93500000   2.9320   2.2720   3.6580   2.2190   0.0000   0.0000
    8.65    2.93700000   2.9340   2.2340   3.6611   2.2690   0.0000   0.0000
    8.65    2.93800000   2.9350   2.1981   3.6640   2.3170   0.0000   0.0000
    8.65    2.94000000   2.9360   2.1649   3.6669   2.3620   0.0000   0.0000
    8.65    2.94100000   2.9380   2.1346   3.6699   2.4050   0.0000   0.0000
    8.65    2.94300000   2.9390   2.1061   3.6728   2.4450   0.0000   0.0000
    8.65    2.94500000   2.9410   2.0812   3.6752   2.4790   0.0000   0.0000
    8.65    2.94600000   2.9420   2.0600   3.6775   2.5100   0.0000   0.0000
    8.65    2.94800000   2.9440   2.0425   3.6795   2.5360   0.0000   0.0000
    8.65    2.94900000   2.9450   2.0278   3.6813   2.5580   0.0000   0.0000
    8.65    2.95100000   2.9470   2.0169   3.6832   2.5770   0.0000   0.0000
    8.65    2.95200000   2.9480   2.0082   3.6848   2.5920   0.0000   0.0000
    8.65    2.95400000   2.9500   2.0018   3.6862   2.6040   0.0000   0.0000
    8.65    2.99400000   2.9880   2.0443   3.6919   2.5910   0.0000   0.0000
    8.65    3.09200000   3.0790   2.2081   3.6840   2.4080   0.0000   0.0000
# log(age) Mini Mact logl logt logg Composition Phase
    8.70    0.80000000   0.8000  -0.5894   3.6868   4.6310   0.0000   0.0000
    8.70    0.91000000   0.9100  -0.3217   3.7277   4.5830   0.0000   0.0000
    8.70    1.03500000   1.0350  -0.0491   3.7640   4.5110   0.0000   0.0000
    8.70    1.17700000   1.1770   0.2075   3.7929   4.4260   0.0000   0.0000
    8.70    1.33900000   1.3390   0.4677   3.8208   4.3330   0.0000   0.0000
    8.70    1.52300000   1.5230   0.7334   3.8580   4.2730   0.0000   0.0000
    8.70    1.73200000   1.7320   0.9934   3.9016   4.2690   0.0000   0.0000
    8.70    1.97000000   1.9700   1.2518   3.9383   4.2140   0.0000   0.0000
    8.70    2.24100000   2.2410   1.5264   3.9661   4.1090   0.0000   0.0000
    8.70    2.54900000   2.5490   1.8350   3.9727   3.8860   0.0000   0.0000
    8.70    2.75200000   2.7520   2.0409   3.9461   3.6100   0.0000   0.0000
    8.70    2.75400000   2.7540   2.0428   3.9460   3.6080   0.0000   0.0000
    8.70    2.75500000   2.7550   2.0448   3.9460   3.6060   0.0000   0.0000
    8.70    2.75700000   2.7570   2.0468   3.9459   3.6050   0.0000   0.0000
    8.70    2.75800000   2.7580   2.0488   3.9459   3.6030   0.0000   0.0000
    8.70    2.76000000   2.7600   2.0511   3.9460   3.6010   0.0000   0.0000
    8.70    2.76100000   2.7610   2.0533   3.9461   3.6000   0.0000   0.0000
    8.70    2.76200000   2.7620   2.0557   3.9463   3.5990   0.0000   0.0000
    8.70    2.76400000   2.7640   2.0582   3.9467   3.5980   0.0000   0.0000
    8.70    2.76500000   2.7650   2.0610   3.9471   3.5970   0.0000   0.0000
    8.70    2.76700000   2.7670   2.0640   3.9478   3.5970   0.0000   0.0000
    8.70    2.76800000   2.7680   2.0673   3.9487   3.5980   0.0000   0.0000
    8.70    2.77000000   2.7700   2.0711   3.9499   3.6000   0.0000   0.0000
    8.70    2.77100000   2.7710   2.0755   3.9516   3.6030   0.0000   0.0000
    8.70    2.77300000   2.7730   2.0809   3.9540   3.6080   0.0000   0.0000
    8.70    2.77400000   2.7740   2.0879   3.9576   3.6160   0.0000   0.0000
    8.70    2.77600000   2.7760   2.0976   3.9630   3.6290   0.0000   0.0000
    8.70    2.77700000   2.7770   2.1142   3.9722   3.6510   0.0000   0.0000
    8.70    2.77900000   2.7790   2.1580   3.9941   3.6980   0.0000   0.0000
    8.70    2.78000000   2.7800   2.1746   3.9713   3.5860   0.0000   0.0000
    8.70    2.78200000   2.7820   2.1831   3.9647   3.5500   0.0000   0.0000
    8.70    2.78300000   2.7830   2.1879   3.9604   3.5270   0.0000   0.0000
    8.70    2.78500000   2.7850   2.1923   3.9555   3.5030   0.0000   0.0000
    8.70    2.78600000   2.7860   2.1961   3.9502   3.4770   0.0000   0.0000
    8.70    2.78800000   2.7880   2.1995   3.9435   3.4460   0.0000   0.0000
    8.70    2.78900000   2.7890   2.2022   3.9365   3.4140   0.0000   0.0000
    8.70    2.79100000   2.7910   2.2038   3.9262   3.3700   0.0000   0.0000
    8.70    2.79200000   2.7920   2.2037   3.9139   3.3190   0.0000   0.0000
    8.70    2.79400000   2.7940   2.2003   3.8964   3.2500   0.0000   0.0000
    8.70    2.79500000   2.7950   2.1905   3.8707   3.1550   0.0000   0.0000
    8.70    2.79700000   2.7970   2.1672   3.8325   3.0210   0.0000   0.0000
    8.70    2.79800000   2.7980   2.1105   3.7751   2.8410   0.0000   0.0000
    8.70    2.80000000   2.8000   1.9595   3.7208   2.7660   0.0000   0.0000
    8.70    2.80100000   2.8010   1.8984   3.6884   2.6950   0.0000   0.0000
    8.70    2.80300000   2.8030   2.0473   3.6712   2.4760   0.0000   0.0000
    8.70    2.80400000   2.8040   2.2007   3.6591   2.2750   0.0000   0.0000
    8.70    2.80600000   2.8050   2.3514   3.6463   2.0730   0.0000   0.0000
    8.70    2.80700000   2.8060   2.5013   3.6356   1.8810   0.0000   0.0000
    8.70    2.80900000   2.8070   2.4261   3.6414   1.9790   0.0000   0.0000
    8.70    2.81000000   2.8090   2.3607   3.6463   2.0640   0.0000   0.0000
    8.70    2.81200000   2.8100   2.3239   3.6495   2.1140   0.0000   0.0000
    8.70    2.81300000   2.8110   2.2858   3.6528   2.1660   0.0000   0.0000
    8.70    2.81500000   2.8120   2.2485   3.6560   2.2160   0.0000   0.0000
    8.70    2.81600000   2.8140   2.2096   3.6597   2.2700   0.0000   0.0000
    8.70    2.81800000   2.8150   2.1679   3.6633   2.3260   0.0000   0.0000
    8.70    2.81900000   2.8160   2.1277   3.6666   2.3800   0.0000   0.0000
    8.70    2.82100000   2.8180   2.0910   3.6699   2.4300   0.0000   0.0000
    8.70    2.82200000   2.8190   2.0578   3.6730   2.4760   0.0000   0.0000
    8.70    2.82400000   2.8210   2.0281   3.6759   2.5170   0.0000   0.0000
    8.70    2.82500000   2.8220   2.0023   3.6783   2.5530   0.0000   0.0000
    8.70    2.82700000   2.8230   1.9814   3.6806   2.5830   0.0000   0.0000
    8.70    2.82800000   2.8250   1.9645   3.6824   2.6080   0.0000   0.0000
    8.70    2.83000000   2.8260   1.9518   3.6845   2.6290   0.0000   0.0000
    8.70    2.83100000   2.8280   1.9417   3.6861   2.6460   0.0000   0.0000
    8.70    2.83300000   2.8290   1.9343   3.6874   2.6590   0.0000   0.0000
    8.70    2.83500000   2.8310   1.9291   3.6888   2.6700   0.0000   0.0000
    8.70    2.83600000   2.8320   1.9262   3.6897   2.6760   0.0000   0.0000
    8.70    2.89900000   2.8920   2.0197   3.6912   2.5980   0.0000   0.0000
    8.70    2.99400000   2.9800   2.1734   3.6826   2.4230   0.0000   0.0000
# log(age) Mini Mact logl logt logg Composition Phase
    8.75    0.80000000   0.8000  -0.5891   3.6868   4.6300   0.0000   0.0000
    8.75    0.91000000   0.9100  -0.3209   3.7277   4.5820   0.0000   0.0000
    8.75    1.03500000   1.0350  -0.0476   3.7641   4.5100   0.0000   0.0000
    8.75    1.17700000   1.1770   0.2100   3.7929   4.4240   0.0000   0.0000
    8.75    1.33900000   1.3390   0.4715   3.8208   4.3290   0.0000   0.0000
    8.75    1.52300000   1.5230   0.7384   3.8577   4.2660   0.0000   0.0000
    8.75    1.73200000   1.7320   1.0004   3.9000   4.2560   0.0000   0.0000
    8.75    1.97000000   1.9700   1.2647   3.9354   4.1910   0.0000   0.0000
    8.75    2.24100000   2.2410   1.5473   3.9592   4.0610   0.0000   0.0000
    8.75    2.54900000   2.5490   1.8689   3.9491   3.7590   0.0000   0.0000
    8.75    2.64100000   2.6410   1.9673   3.9320   3.6100   0.0000   0.0000
    8.75    2.64200000   2.6420   1.9692   3.9319   3.6080   0.0000   0.0000
    8.75    2.64400000   2.6440   1.9711   3.9319   3.6060   0.0000   0.0000
    8.75    2.64500000   2.6450   1.9731   3.9318   3.6040   0.0000   0.0000
    8.75    2.64600000   2.6460   1.9752   3.9319   3.6020   0.0000   0.0000
    8.75    2.64800000   2.6480   1.9774   3.9320   3.6010   0.0000   0.0000
    8.75    2.64900000   2.6490   1.9796   3.9321   3.5990   0.0000   0.0000
    8.75    2.65100000   2.6510   1.9821   3.9323   3.5980   0.0000   0.0000
    8.75    2.65200000   2.6520   1.9846   3.9326   3.5970   0.0000   0.0000
    8.75    2.65400000   2.6540   1.9874   3.9331   3.5970   0.0000   0.0000
    8.75    2.65500000   2.6550   1.9905   3.9338   3.5970   0.0000   0.0000
    8.75    2.65600000   2.6560   1.9938   3.9348   3.5980   0.0000   0.0000
    8.75    2.65800000   2.6580   1.9977   3.9361   3.6000   0.0000   0.0000
    8.75    2.65900000   2.6590   2.0022   3.9378   3.6030   0.0000   0.0000
    8.75    2.66100000   2.6610   2.0079   3.9404   3.6080   0.0000   0.0000
    8.75    2.66200000   2.6620   2.0154   3.9442   3.6170   0.0000   0.0000
    8.75    2.66400000   2.6640   2.0257   3.9500   3.6310   0.0000   0.0000
    8.75    2.66500000   2.6650   2.0454   3.9607   3.6560   0.0000   0.0000
    8.75    2.66600000   2.6660   2.0840   3.9789   3.6940   0.0000   0.0000
    8.75    2.66800000   2.6680   2.1038   3.9562   3.5780   0.0000   0.0000
    8.75    2.66900000   2.6690   2.1105   3.9507   3.5490   0.0000   0.0000
    8.75    2.67100000   2.6710   2.1150   3.9464   3.5260   0.0000   0.0000
    8.75    2.67200000   2.6720   2.1192   3.9419   3.5030   0.0000   0.0000
    8.75    2.67400000   2.6740   2.1228   3.9366   3.4780   0.0000   0.0000
    8.75    2.67500000   2.6750   2.1261   3.9304   3.4490   0.0000   0.0000
    8.75    2.67600000   2.6760   2.1285   3.9232   3.4170   0.0000   0.0000
    8.75    2.67800000   2.6780   2.1300   3.9135   3.3750   0.0000   0.0000
    8.75    2.67900000   2.6790   2.1298   3.9019   3.3270   0.0000   0.0000
    8.75    2.68100000   2.6810   2.1268   3.8850   3.2600   0.0000   0.0000
    8.75    2.68200000   2.6820   2.1180   3.8619   3.1740   0.0000   0.0000
    8.75    2.68400000   2.6840   2.0976   3.8277   3.0540   0.0000   0.0000
    8.75    2.68500000   2.6850   2.0506   3.7793   2.9000   0.0000   0.0000
    8.75    2.68600000   2.6860   1.9302   3.7301   2.8160   0.0000   0.0000
    8.75    2.68800000   2.6880   1.8126   3.6979   2.8010   0.0000   0.0000
    8.75    2.68900000   2.6890   1.9203   3.6787   2.6160   0.0000   0.0000
    8.75    2.69100000   2.6910   2.0649   3.6666   2.4230   0.0000   0.0000
    8.75    2.69200000   2.6920   2.2081   3.6558   2.2360   0.0000   0.0000
    8.75    2.69400000   2.6930   2.3504   3.6438   2.0460   0.0000   0.0000
    8.75    2.69500000   2.6940   2.4897   3.6340   1.8680   0.0000   0.0000
    8.75    2.69700000   2.6950   2.3484   3.6446   2.0520   0.0000   0.0000
    8.75    2.69800000   2.6960   2.2863   3.6496   2.1340   0.0000   0.0000
    8.75    2.69900000   2.6970   2.2449   3.6532   2.1900   0.0000   0.0000
    8.75    2.70100000   2.6990   2.1946   3.6574   2.2570   0.0000   0.0000
    8.75    2.70200000   2.7000   2.1500   3.6612   2.3170   0.0000   0.0000
    8.75    2.70400000   2.7010   2.1029   3.6654   2.3820   0.0000   0.0000
    8.75    2.70500000   2.7020   2.0568   3.6693   2.4430   0.0000   0.0000
    8.75    2.70700000   2.7040   2.0153   3.6729   2.5000   0.0000   0.0000
    8.75    2.70800000   2.7050   1.9789   3.6763   2.5500   0.0000   0.0000
    8.75    2.71000000   2.7060   1.9475   3.6789   2.5920   0.0000   0.0000
    8.75    2.71100000   2.7080   1.9221   3.6815   2.6280   0.0000   0.0000
    8.75    2.71300000   2.7090   1.9019   3.6835   2.6570   0.0000   0.0000
    8.75    2.71400000   2.7110   1.8867   3.6859   2.6810   0.0000   0.0000
    8.75    2.71500000   2.7120   1.8745   3.6873   2.7000   0.0000   0.0000
    8.75    2.71700000   2.7130   1.8659   3.6888   2.7150   0.0000   0.0000
    8.75    2.71800000   2.7150   1.8602   3.6902   2.7260   0.0000   0.0000
    8.75    2.72000000   2.7160   1.8573   3.6908   2.7320   0.0000   0.0000
    8.75    2.72100000   2.7180   1.8570   3.6914   2.7340   0.0000   0.0000
    8.75    2.80700000   2.7990   1.9956   3.6905   2.6050   0.0000   0.0000
    8.75    2.89900000   2.8840   2.2667   3.6633   2.2380   0.0000   0.0000
# log(age) Mini Mact logl logt logg Composition Phase
    8.80    0.80000000   0.8000  -0.5888   3.6867   4.6300   0.0000   0.0000
    8.80    0.91000000   0.9100  -0.3200   3.7278   4.5810   0.0000   0.0000
    8.80    1.03500000   1.0350  -0.0458   3.7642   4.5080   0.0000   0.0000
    8.80    1.17700000   1.1770   0.2128   3.7930   4.4210   0.0000   0.0000
    8.80    1.33900000   1.3390   0.4757   3.8207   4.3250   0.0000   0.0000
    8.80    1.52300000   1.5230   0.7440   3.8572   4.2590   0.0000   0.0000
    8.80    1.73200000   1.7320   1.0091   3.8983   4.2410   0.0000   0.0000
    8.80    1.97000000   1.9700   1.2785   3.9315   4.1620   0.0000   0.0000
    8.80    2.24100000   2.2410   1.5714   3.9496   4.0000   0.0000   0.0000
    8.80    2.53400000   2.5340   1.8936   3.9179   3.6090   0.0000   0.0000
    8.80    2.53500000   2.5350   1.8955   3.9179   3.6070   0.0000   0.0000
    8.80    2.53700000   2.5370   1.8975   3.9178   3.6050   0.0000   0.0000
    8.80    2.53800000   2.5380   1.8994   3.9177   3.6030   0.0000   0.0000
    8.80    2.53900000   2.5390   1.9016   3.9178   3.6010   0.0000   0.0000
    8.80    2.54100000   2.5410   1.9038   3.9179   3.6000   0.0000   0.0000
    8.80    2.54200000   2.5420   1.9060   3.9180   3.5990   0.0000   0.0000
    8.80    2.54300000   2.5430   1.9085   3.9183   3.5970   0.0000   0.0000
    8.80    2.54500000   2.5450   1.9110   3.9186   3.5970   0.0000   0.0000
    8.80    2.54600000   2.5460   1.9138   3.9191   3.5960   0.0000   0.0000
    8.80    2.54800000   2.5480   1.9169   3.9199   3.5970   0.0000   0.0000
    8.80    2.54900000   2.5490   1.9203   3.9208   3.5980   0.0000   0.0000
    8.80    2.55000000   2.5500   1.9244   3.9222   3.6000   0.0000   0.0000
    8.80    2.55200000   2.5520   1.9290   3.9241   3.6030   0.0000   0.0000
    8.80    2.55300000   2.5530   1.9348   3.9267   3.6090   0.0000   0.0000
    8.80    2.55400000   2.5540   1.9430   3.9308   3.6180   0.0000   0.0000
    8.80    2.55600000   2.5560   1.9544   3.9371   3.6330   0.0000   0.0000
    8.80    2.55700000   2.5570   1.9770   3.9492   3.6610   0.0000   0.0000
    8.80    2.55800000   2.5580   2.0027   3.9587   3.6750   0.0000   0.0000
    8.80    2.56000000   2.5600   2.0321   3.9416   3.5730   0.0000   0.0000
    8.80    2.56100000   2.5610   2.0378   3.9369   3.5480   0.0000   0.0000
    8.80    2.56300000   2.5630   2.0421   3.9326   3.5260   0.0000   0.0000
    8.80    2.56400000   2.5640   2.0461   3.9283   3.5040   0.0000   0.0000
    8.80    2.56500000   2.5650   2.0495   3.9229   3.4780   0.0000   0.0000
    8.80    2.56700000   2.5670   2.0526   3.9172   3.4510   0.0000   0.0000
    8.80    2.56800000   2.5680   2.0549   3.9100   3.4190   0.0000   0.0000
    8.80    2.56900000   2.5690   2.0563   3.9008   3.3800   0.0000   0.0000
    8.80    2.57100000   2.5710   2.0560   3.8897   3.3340   0.0000   0.0000
    8.80    2.57200000   2.5720   2.0531   3.8737   3.2710   0.0000   0.0000
    8.80    2.57400000   2.5740   2.0451   3.8526   3.1920   0.0000   0.0000
    8.80    2.57500000   2.5750   2.0272   3.8217   3.0830   0.0000   0.0000
    8.80    2.57600000   2.5760   1.9877   3.7787   2.9440   0.0000   0.0000
    8.80    2.57800000   2.5780   1.8910   3.7375   2.8680   0.0000   0.0000
    8.80    2.57900000   2.5790   1.7435   3.7066   2.8870   0.0000   0.0000
    8.80    2.58100000   2.5810   1.8053   3.6859   2.7420   0.0000   0.0000
    8.80    2.58200000   2.5820   1.9369   3.6734   2.5600   0.0000   0.0000
    8.80    2.58300000   2.5830   2.0754   3.6630   2.3800   0.0000   0.0000
    8.80    2.58500000   2.5840   2.2095   3.6524   2.2040   0.0000   0.0000
    8.80    2.58600000   2.5850   2.3460   3.6417   2.0240   0.0000   0.0000
    8.80    2.58700000   2.5860   2.4730   3.6325   1.8610   0.0000   0.0000
    8.80    2.58900000   2.5870   2.2679   3.6482   2.1290   0.0000   0.0000
    8.80    2.59000000   2.5880   2.2083   3.6533   2.2090   0.0000   0.0000
    8.80    2.59200000   2.5890   2.1529   3.6579   2.2830   0.0000   0.0000
    8.80    2.59300000   2.5910   2.0948   3.6625   2.3600   0.0000   0.0000
    8.80    2.59400000   2.5920   2.0394   3.6673   2.4350   0.0000   0.0000
    8.80    2.59600000   2.5930   1.9849   3.6720   2.5080   0.0000   0.0000
    8.80    2.59700000   2.5940   1.9370   3.6760   2.5730   0.0000   0.0000
    8.80    2.59900000   2.5960   1.8976   3.6796   2.6270   0.0000   0.0000
    8.80    2.60000000   2.5970   1.8653   3.6822   2.6700   0.0000   0.0000
    8.80    2.60100000   2.5980   1.8400   3.6846   2.7050   0.0000   0.0000
    8.80    2.60300000   2.6000   1.8213   3.6873   2.7340   0.0000   0.0000
    8.80    2.60400000   2.6010   1.8066   3.6885   2.7540   0.0000   0.0000
    8.80    2.60600000   2.6020   1.7970   3.6903   2.7710   0.0000   0.0000
    8.80    2.60700000   2.6040   1.7909   3.6914   2.7820   0.0000   0.0000
    8.80    2.60800000   2.6050   1.7885   3.6919   2.7870   0.0000   0.0000
    8.80    2.61000000   2.6060   1.7887   3.6923   2.7880   0.0000   0.0000
    8.80    2.61100000   2.6080   1.7900   3.6926   2.7880   0.0000   0.0000
    8.80    2.61300000   2.6090   1.7915   3.6928   2.7880   0.0000   0.0000
    8.80    2.63200000   2.6280   1.8236   3.6928   2.7590   0.0000   0.0000
    8.80    2.71800000   2.7100   1.9707   3.6897   2.6130   0.0000   0.0000
# log(age) Mini Mact logl logt logg Composition Phase
    8.85    0.80000000   0.8000  -0.5883   3.6867   4.6290   0.0000   0.0000
    8.85    0.91000000   0.9100  -0.3190   3.7278   4.5800   0.0000   0.0000
    8.85    1.03500000   1.0350  -0.0438   3.7643   4.5070   0.0000   0.0000
    8.85    1.17700000   1.1770   0.2161   3.7931   4.4180   0.0000   0.0000
    8.85    1.33900000   1.3390   0.4805   3.8208   4.3200   0.0000   0.0000
    8.85    1.52300000   1.5230   0.7502   3.8566   4.2500   0.0000   0.0000
    8.85    1.73200000   1.7320   1.0182   3.8958   4.2220   0.0000   0.0000
    8.85    1.97000000   1.9700   1.2948   3.9265   4.1260   0.0000   0.0000
    8.85    2.24100000   2.2410   1.5990   3.9357   3.9180   0.0000   0.0000
    8.85    2.43300000   2.4330   1.8183   3.9048   3.6140   0.0000   0.0000
    8.85    2.43400000   2.4340   1.8202   3.9046   3.6120   0.0000   0.0000
    8.85    2.43500000   2.4350   1.8221   3.9045   3.6100   0.0000   0.0000
    8.85    2.43700000   2.4370   1.8241   3.9045   3.6080   0.0000   0.0000
    8.85    2.43800000   2.4380   1.8261   3.9044   3.6050   0.0000   0.0000
    8.85    2.43900000   2.4390   1.8284   3.9044   3.6040   0.0000   0.0000
    8.85    2.44000000   2.4400   1.8306   3.9045   3.6020   0.0000   0.0000
    8.85    2.44200000   2.4420   1.8330   3.9046   3.6010   0.0000   0.0000
    8.85    2.44300000   2.4430   1.8356   3.9049   3.6000   0.0000   0.0000
    8.85    2.44400000   2.4440   1.8382   3.9053   3.5990   0.0000   0.0000
    8.85    2.44600000   2.4460   1.8412   3.9059   3.5980   0.0000   0.0000
    8.85    2.44700000   2.4470   1.8445   3.9067   3.5990   0.0000   0.0000
    8.85    2.44800000   2.4480   1.8484   3.9078   3.6000   0.0000   0.0000
    8.85    2.45000000   2.4500   1.8527   3.9094   3.6030   0.0000   0.0000
    8.85    2.45100000   2.4510   1.8582   3.9116   3.6070   0.0000   0.0000
    8.85    2.45200000   2.4520   1.8650   3.9148   3.6140   0.0000   0.0000
    8.85    2.45400000   2.4540   1.8747   3.9200   3.6260   0.0000   0.0000
    8.85    2.45500000   2.4550   1.8917   3.9290   3.6470   0.0000   0.0000
    8.85    2.45600000   2.4560   1.9371   3.9512   3.6940   0.0000   0.0000
    8.85    2.45800000   2.4580   1.9556   3.9312   3.5910   0.0000   0.0000
    8.85    2.45900000   2.4590   1.9635   3.9253   3.5580   0.0000   0.0000
    8.85    2.46000000   2.4600   1.9680   3.9210   3.5360   0.0000   0.0000
    8.85    2.46200000   2.4620   1.9721   3.9169   3.5150   0.0000   0.0000
    8.85    2.46300000   2.4630   1.9757   3.9117   3.4900   0.0000   0.0000
    8.85    2.46400000   2.4640   1.9789   3.9064   3.4640   0.0000   0.0000
    8.85    2.46500000   2.4650   1.9814   3.8988   3.4310   0.0000   0.0000
    8.85    2.46700000   2.4670   1.9830   3.8907   3.3950   0.0000   0.0000
    8.85    2.46800000   2.4680   1.9830   3.8794   3.3490   0.0000   0.0000
    8.85    2.46900000   2.4690   1.9807   3.8651   3.2920   0.0000   0.0000
    8.85    2.47100000   2.4710   1.9736   3.8461   3.2200   0.0000   0.0000
    8.85    2.47200000   2.4720   1.9577   3.8173   3.1180   0.0000   0.0000
    8.85    2.47300000   2.4730   1.9226   3.7773   2.9870   0.0000   0.0000
    8.85    2.47500000   2.4750   1.8384   3.7412   2.9190   0.0000   0.0000
    8.85    2.47600000   2.4760   1.6890   3.7124   2.9470   0.0000   0.0000
    8.85    2.47700000   2.4770   1.7143   3.6902   2.8320   0.0000   0.0000
    8.85    2.47900000   2.4790   1.8351   3.6787   2.6660   0.0000   0.0000
    8.85    2.48000000   2.4800   1.9644   3.6678   2.4930   0.0000   0.0000
    8.85    2.48100000   2.4810   2.0988   3.6587   2.3220   0.0000   0.0000
    8.85    2.48300000   2.4820   2.2185   3.6488   2.1630   0.0000   0.0000
    8.85    2.48400000   2.4830   2.3532   3.6388   1.9880   0.0000   0.0000
    8.85    2.48500000   2.4830   2.4556   3.6310   1.8540   0.0000   0.0000
    8.85    2.48700000   2.4840   2.2113   3.6502   2.1760   0.0000   0.0000
    8.85    2.48800000   2.4850   2.1427   3.6559   2.2680   0.0000   0.0000
    8.85    2.48900000   2.4860   2.0553   3.6627   2.3820   0.0000   0.0000
    8.85    2.49100000   2.4870   1.9789   3.6693   2.4850   0.0000   0.0000
    8.85    2.49200000   2.4890   1.9077   3.6752   2.5800   0.0000   0.0000
    8.85    2.49300000   2.4900   1.8506   3.6801   2.6570   0.0000   0.0000
    8.85    2.49500000   2.4910   1.8063   3.6836   2.7160   0.0000   0.0000
    8.85    2.49600000   2.4930   1.7737   3.6868   2.7620   0.0000   0.0000
    8.85    2.49700000   2.4940   1.7487   3.6889   2.7950   0.0000   0.0000
    8.85    2.49900000   2.4960   1.7322   3.6915   2.8230   0.0000   0.0000
    8.85    2.50000000   2.4970   1.7214   3.6924   2.8370   0.0000   0.0000
    8.85    2.50100000   2.4980   1.7199   3.6929   2.8410   0.0000   0.0000
    8.85    2.50300000   2.5000   1.7204   3.6931   2.8420   0.0000   0.0000
    8.85    2.50400000   2.5010   1.7217   3.6932   2.8410   0.0000   0.0000
    8.85    2.50500000   2.5020   1.7231   3.6933   2.8400   0.0000   0.0000
    8.85    2.50700000   2.5040   1.7249   3.6933   2.8390   0.0000   0.0000
    8.85    2.50800000   2.5050   1.7269   3.6933   2.8370   0.0000   0.0000
    8.85    2.51000000   2.5060   1.7290   3.6933   2.8350   0.0000   0.0000
    8.85    2.54900000   2.5440   1.7952   3.6933   2.7750   0.0000   0.0000
    8.85    2.63200000   2.6230   1.9470   3.6891   2.6200   0.0000   0.0000
# log(age) Mini Mact logl logt logg Composition Phase
    8.90    0.80000000   0.8000  -0.5878   3.6867   4.6290   0.0000   0.0000
    8.90    0.91000000   0.9100  -0.3178   3.7278   4.5790   0.0000   0.0000
    8.90    1.03500000   1.0350  -0.0416   3.7644   4.5050   0.0000   0.0000
    8.90    1.17700000   1.1770   0.2198   3.7932   4.4150   0.0000   0.0000
    8.90    1.33900000   1.3390   0.4859   3.8208   4.3150   0.0000   0.0000
    8.90    1.52300000   1.5230   0.7572   3.8558   4.2400   0.0000   0.0000
    8.90    1.73200000   1.7320   1.0293   3.8932   4.2010   0.0000   0.0000
    8.90    1.97000000   1.9700   1.3141   3.9201   4.0830   0.0000   0.0000
    8.90    2.24100000   2.2410   1.6295   3.9139   3.8030   0.0000   0.0000
    8.90    2.33800000   2.3380   1.7450   3.8919   3.6190   0.0000   0.0000
    8.90    2.33900000   2.3390   1.7469   3.8917   3.6160   0.0000   0.0000
    8.90    2.34000000   2.3400   1.7488   3.8916   3.6140   0.0000   0.0000
    8.90    2.34200000   2.3420   1.7508   3.8915   3.6120   0.0000   0.0000
    8.90    2.34300000   2.3430   1.7528   3.8915   3.6100   0.0000   0.0000
    8.90    2.34400000   2.3440   1.7550   3.8915   3.6080   0.0000   0.0000
    8.90    2.34500000   2.3450   1.7572   3.8916   3.6070   0.0000   0.0000
    8.90    2.34700000   2.3470   1.7595   3.8917   3.6050   0.0000   0.0000
    8.90    2.34800000   2.3480   1.7620   3.8919   3.6040   0.0000   0.0000
    8.90    2.34900000   2.3490   1.7647   3.8923   3.6030   0.0000   0.0000
    8.90    2.35100000   2.3510   1.7676   3.8928   3.6030   0.0000   0.0000
    8.90    2.35200000   2.3520   1.7708   3.8936   3.6030   0.0000   0.0000
    8.90    2.35300000   2.3530   1.7745   3.8946   3.6040   0.0000   0.0000
    8.90    2.35400000   2.3540   1.7787   3.8961   3.6060   0.0000   0.0000
    8.90    2.35600000   2.3560   1.7838   3.8980   3.6090   0.0000   0.0000
    8.90    2.35700000   2.3570   1.7901   3.9009   3.6150   0.0000   0.0000
    8.90    2.35800000   2.3580   1.7991   3.9054   3.6260   0.0000   0.0000
    8.90    2.35900000   2.3590   1.8127   3.9125   3.6420   0.0000   0.0000
    8.90    2.36100000   2.3610   1.8455   3.9291   3.6790   0.0000   0.0000
    8.90    2.36200000   2.3620   1.8763   3.9232   3.6230   0.0000   0.0000
    8.90    2.36300000   2.3630   1.8896   3.9141   3.5710   0.0000   0.0000
    8.90    2.36400000   2.3640   1.8943   3.9103   3.5500   0.0000   0.0000
    8.90    2.36600000   2.3660   1.8985   3.9066   3.5300   0.0000   0.0000
    8.90    2.36700000   2.3670   1.9022   3.9019   3.5070   0.0000   0.0000
    8.90    2.36800000   2.3680   1.9054   3.8966   3.4820   0.0000   0.0000
    8.90    2.37000000   2.3700   1.9082   3.8910   3.4560   0.0000   0.0000
    8.90    2.37100000   2.3710   1.9103   3.8839   3.4250   0.0000   0.0000
    8.90    2.37200000   2.3720   1.9113   3.8747   3.3860   0.0000   0.0000
    8.90    2.37300000   2.3730   1.9106   3.8640   3.3420   0.0000   0.0000
    8.90    2.37500000   2.3750   1.9072   3.8490   3.2830   0.0000   0.0000
    8.90    2.37600000   2.3760   1.8987   3.8307   3.2150   0.0000   0.0000
    8.90    2.37700000   2.3770   1.8805   3.8045   3.1250   0.0000   0.0000
    8.90    2.37800000   2.3780   1.8416   3.7694   3.0170   0.0000   0.0000
    8.90    2.38000000   2.3800   1.7556   3.7383   2.9720   0.0000   0.0000
    8.90    2.38100000   2.3810   1.6230   3.7124   2.9960   0.0000   0.0000
    8.90    2.38200000   2.3820   1.6415   3.6925   2.8970   0.0000   0.0000
    8.90    2.38400000   2.3830   1.7379   3.6829   2.7620   0.0000   0.0000
    8.90    2.38500000   2.3850   1.8417   3.6749   2.6270   0.0000   0.0000
    8.90    2.38600000   2.3860   1.9445   3.6667   2.4910   0.0000   0.0000
    8.90    2.38700000   2.3870   2.0603   3.6587   2.3440   0.0000   0.0000
    8.90    2.38900000   2.3880   2.1420   3.6527   2.2380   0.0000   0.0000
    8.90    2.39000000   2.3880   2.2022   3.6478   2.1580   0.0000   0.0000
    8.90    2.39100000   2.3890   2.3129   3.6394   2.0140   0.0000   0.0000
    8.90    2.39300000   2.3890   2.4342   3.6308   1.8590   0.0000   0.0000
    8.90    2.39400000   2.3840   2.5335   3.6222   1.7240   0.0000   0.0000
    8.90    2.39500000   2.3830   2.3596   3.6357   1.9520   0.0000   0.0000
    8.90    2.39600000   2.3850   2.2846   3.6420   2.0520   0.0000   0.0000
    8.90    2.39800000   2.3860   2.2060   3.6481   2.1550   0.0000   0.0000
    8.90    2.39900000   2.3870   2.1316   3.6545   2.2560   0.0000   0.0000
    8.90    2.40000000   2.3880   2.0733   3.6594   2.3340   0.0000   0.0000
    8.90    2.40200000   2.3900   2.0304   3.6628   2.3900   0.0000   0.0000
    8.90    2.40300000   2.3910   2.0006   3.6660   2.4340   0.0000   0.0000
    8.90    2.40400000   2.3920   1.9795   3.6681   2.4630   0.0000   0.0000
    8.90    2.40500000   2.3940   1.9675   3.6696   2.4810   0.0000   0.0000
    8.90    2.40700000   2.3950   1.9611   3.6703   2.4910   0.0000   0.0000
    8.90    2.40800000   2.3970   1.9577   3.6709   2.4970   0.0000   0.0000
    8.90    2.40900000   2.3980   1.9548   3.6713   2.5020   0.0000   0.0000
    8.90    2.41100000   2.3990   1.9523   3.6716   2.5060   0.0000   0.0000
    8.90    2.41200000   2.4010   1.9501   3.6719   2.5090   0.0000   0.0000
    8.90    2.41300000   2.4020   1.9480   3.6722   2.5130   0.0000   0.0000
    8.90    2.41400000   2.4030   1.9466   3.6730   2.5180   0.0000   0.0000
    8.90    2.41600000   2.4050   1.9447   3.6732   2.5210   0.0000   0.0000
    8.90    2.41700000   2.4060   1.9427   3.6734   2.5240   0.0000   0.0000
    8.90    2.46800000   2.4600   1.8677   3.6843   2.6520   0.0000   0.0000
    8.90    2.54900000   2.5380   1.9274   3.6868   2.6160   0.0000   0.0000
# log(age) Mini Mact logl logt logg Composition Phase
    8.95    0.80000000   0.8000  -0.5872   3.6867   4.6280   0.0000   0.0000
    8.95    0.91000000   0.9100  -0.3164   3.7279   4.5780   0.0000   0.0000
    8.95    1.03500000   1.0350  -0.0390   3.7645   4.5030   0.0000   0.0000
    8.95    1.17700000   1.1770   0.2240   3.7933   4.4110   0.0000   0.0000
    8.95    1.33900000   1.3390   0.4920   3.8209   4.3090   0.0000   0.0000
    8.95    1.52300000   1.5230   0.7651   3.8546   4.2270   0.0000   0.0000
    8.95    1.73200000   1.7320   1.0427   3.8900   4.1760   0.0000   0.0000
    8.95    1.97000000   1.9700   1.3363   3.9115   4.0270   0.0000   0.0000
    8.95    2.24100000   2.2410   1.6631   3.8802   3.6350   0.0000   0.0000
    8.95    2.24800000   2.2480   1.6736   3.8788   3.6210   0.0000   0.0000
    8.95    2.24900000   2.2490   1.6755   3.8787   3.6190   0.0000   0.0000
    8.95    2.25100000   2.2510   1.6774   3.8786   3.6170   0.0000   0.0000
    8.95    2.25200000   2.2520   1.6794   3.8785   3.6150   0.0000   0.0000
    8.95    2.25300000   2.2530   1.6816   3.8786   3.6130   0.0000   0.0000
    8.95    2.25400000   2.2540   1.6838   3.8786   3.6110   0.0000   0.0000
    8.95    2.25500000   2.2550   1.6860   3.8787   3.6100   0.0000   0.0000
    8.95    2.25700000   2.2570   1.6885   3.8790   3.6090   0.0000   0.0000
    8.95    2.25800000   2.2580   1.6912   3.8793   3.6080   0.0000   0.0000
    8.95    2.25900000   2.2590   1.6940   3.8798   3.6070   0.0000   0.0000
    8.95    2.26000000   2.2600   1.6972   3.8804   3.6070   0.0000   0.0000
    8.95    2.26100000   2.2610   1.7007   3.8814   3.6080   0.0000   0.0000
    8.95    2.26300000   2.2630   1.7048   3.8827   3.6100   0.0000   0.0000
    8.95    2.26400000   2.2640   1.7095   3.8845   3.6130   0.0000   0.0000
    8.95    2.26500000   2.2650   1.7155   3.8870   3.6180   0.0000   0.0000
    8.95    2.26600000   2.2660   1.7237   3.8910   3.6260   0.0000   0.0000
    8.95    2.26800000   2.2680   1.7353   3.8970   3.6400   0.0000   0.0000
    8.95    2.26900000   2.2690   1.7591   3.9091   3.6670   0.0000   0.0000
    8.95    2.27000000   2.2700   1.7914   3.9190   3.6760   0.0000   0.0000
    8.95    2.27100000   2.2710   1.8157   3.9036   3.5860   0.0000   0.0000
    8.95    2.27200000   2.2720   1.8207   3.8994   3.5640   0.0000   0.0000
    8.95    2.27400000   2.2740   1.8249   3.8956   3.5440   0.0000   0.0000
    8.95    2.27500000   2.2750   1.8287   3.8916   3.5230   0.0000   0.0000
    8.95    2.27600000   2.2760   1.8320   3.8871   3.5010   0.0000   0.0000
    8.95    2.27700000   2.2770   1.8349   3.8820   3.4770   0.0000   0.0000
    8.95    2.27900000   2.2790   1.8373   3.8757   3.4490   0.0000   0.0000
    8.95    2.28000000   2.2800   1.8389   3.8688   3.4180   0.0000   0.0000
    8.95    2.28100000   2.2810   1.8394   3.8592   3.3780   0.0000   0.0000
    8.95    2.28200000   2.2820   1.8380   3.8479   3.3330   0.0000   0.0000
    8.95    2.28300000   2.2830   1.8335   3.8335   3.2770   0.0000   0.0000
    8.95    2.28500000   2.2850   1.8233   3.8160   3.2140   0.0000   0.0000
    8.95    2.28600000   2.2860   1.8029   3.7925   3.1360   0.0000   0.0000
    8.95    2.28700000   2.2870   1.7605   3.7623   3.0510   0.0000   0.0000
    8.95    2.28800000   2.2880   1.6732   3.7355   3.0250   0.0000   0.0000
    8.95    2.29000000   2.2900   1.5563   3.7123   3.0460   0.0000   0.0000
    8.95    2.29100000   2.2910   1.5715   3.6944   2.9580   0.0000   0.0000
    8.95    2.29200000   2.2920   1.6549   3.6859   2.8400   0.0000   0.0000
    8.95    2.29300000   2.2930   1.7471   3.6790   2.7210   0.0000   0.0000
    8.95    2.29400000   2.2940   1.8373   3.6721   2.6030   0.0000   0.0000
    8.95    2.29600000   2.2950   1.9255   3.6655   2.4890   0.0000   0.0000
    8.95    2.29700000   2.2960   2.0315   3.6579   2.3520   0.0000   0.0000
    8.95    2.29800000   2.2970   2.1280   3.6511   2.2290   0.0000   0.0000
    8.95    2.29900000   2.2980   2.1402   3.6502   2.2130   0.0000   0.0000
    8.95    2.30100000   2.2980   2.1829   3.6470   2.1580   0.0000   0.0000
    8.95    2.30200000   2.2990   2.2810   3.6394   2.0290   0.0000   0.0000
    8.95    2.30300000   2.2990   2.3899   3.6317   1.8900   0.0000   0.0000
    8.95    2.30400000   2.2980   2.5170   3.6228   1.7270   0.0000   0.0000
    8.95    2.30600000   2.2890   2.6440   3.6107   1.5500   0.0000   0.0000
    8.95    2.30700000   2.2870   2.5112   3.6209   1.7230   0.0000   0.0000
    8.95    2.30800000   2.2880   2.4327   3.6272   1.8270   0.0000   0.0000
    8.95    2.30900000   2.2900   2.3566   3.6336   1.9290   0.0000   0.0000
    8.95    2.31100000   2.2910   2.2960   3.6387   2.0100   0.0000   0.0000
    8.95    2.31200000   2.2920   2.2547   3.6419   2.0650   0.0000   0.0000
    8.95    2.31300000   2.2930   2.2288   3.6446   2.1010   0.0000   0.0000
    8.95    2.31400000   2.2950   2.2142   3.6467   2.1250   0.0000   0.0000
    8.95    2.31500000   2.2960   2.2072   3.6474   2.1350   0.0000   0.0000
    8.95    2.31700000   2.2970   2.2039   3.6479   2.1400   0.0000   0.0000
    8.95    2.31800000   2.2990   2.2012   3.6483   2.1450   0.0000   0.0000
    8.95    2.31900000   2.3000   2.1989   3.6486   2.1490   0.0000   0.0000
    8.95    2.32000000   2.3010   2.1968   3.6489   2.1520   0.0000   0.0000
    8.95    2.32200000   2.3030   2.1953   3.6496   2.1570   0.0000   0.0000
    8.95    2.32300000   2.3040   2.1933   3.6497   2.1600   0.0000   0.0000
    8.95    2.32400000   2.3050   2.1914   3.6499   2.1620   0.0000   0.0000
    8.95    2.32500000   2.3070   2.1894   3.6501   2.1650   0.0000   0.0000
    8.95    2.32700000   2.3080   2.1874   3.6503   2.1680   0.0000   0.0000
    8.95    2.32800000   2.3090   2.1854   3.6505   2.1720   0.0000   0.0000
    8.95    2.39000000   2.3740   2.0970   3.6647   2.3290   0.0000   0.0000
    8.95    2.46800000   2.4530   2.0388   3.6724   2.4320   0.0000   0.0000
# log(age) Mini Mact logl logt logg Composition Phase
    9.00    0.80000000   0.8000  -0.5864   3.6867   4.6270   0.0000   0.0000
    9.00    0.91000000   0.9100  -0.3149   3.7280   4.5770   0.0000   0.0000
    9.00    1.03500000   1.0350  -0.0361   3.7646   4.5010   0.0000   0.0000
    9.00    1.17700000   1.1770   0.2288   3.7935   4.4070   0.0000   0.0000
    9.00    1.33900000   1.3390   0.4988   3.8210   4.3030   0.0000   0.0000
    9.00    1.52300000   1.5230   0.7738   3.8531   4.2130   0.0000   0.0000
    9.00    1.73200000   1.7320   1.0566   3.8855   4.1450   0.0000   0.0000
    9.00    1.97000000   1.9700   1.3615   3.8988   3.9530   0.0000   0.0000
    9.00    2.16100000   2.1610   1.6003   3.8659   3.6250   0.0000   0.0000
    9.00    2.16200000   2.1620   1.6021   3.8658   3.6230   0.0000   0.0000
    9.00    2.16300000   2.1630   1.6041   3.8657   3.6210   0.0000   0.0000
    9.00    2.16400000   2.1640   1.6061   3.8656   3.6190   0.0000   0.0000
    9.00    2.16500000   2.1650   1.6082   3.8656   3.6180   0.0000   0.0000
    9.00    2.16600000   2.1660   1.6104   3.8657   3.6160   0.0000   0.0000
    9.00    2.16800000   2.1680   1.6126   3.8658   3.6140   0.0000   0.0000
    9.00    2.16900000   2.1690   1.6150   3.8660   3.6130   0.0000   0.0000
    9.00    2.17000000   2.1700   1.6176   3.8663   3.6120   0.0000   0.0000
    9.00    2.17100000   2.1710   1.6204   3.8667   3.6120   0.0000   0.0000
    9.00    2.17200000   2.1720   1.6235   3.8673   3.6110   0.0000   0.0000
    9.00    2.17300000   2.1730   1.6269   3.8682   3.6120   0.0000   0.0000
    9.00    2.17500000   2.1750   1.6309   3.8694   3.6130   0.0000   0.0000
    9.00    2.17600000   2.1760   1.6354   3.8710   3.6160   0.0000   0.0000
    9.00    2.17700000   2.1770   1.6410   3.8733   3.6200   0.0000   0.0000
    9.00    2.17800000   2.1780   1.6484   3.8766   3.6270   0.0000   0.0000
    9.00    2.17900000   2.1790   1.6585   3.8818   3.6390   0.0000   0.0000
    9.00    2.18000000   2.1800   1.6771   3.8911   3.6590   0.0000   0.0000
    9.00    2.18200000   2.1820   1.7296   3.9150   3.7070   0.0000   0.0000
    9.00    2.18300000   2.1830   1.7410   3.8932   3.6030   0.0000   0.0000
    9.00    2.18400000   2.1840   1.7471   3.8882   3.5760   0.0000   0.0000
    9.00    2.18500000   2.1850   1.7514   3.8848   3.5580   0.0000   0.0000
    9.00    2.18600000   2.1860   1.7551   3.8811   3.5380   0.0000   0.0000
    9.00    2.18700000   2.1870   1.7585   3.8768   3.5170   0.0000   0.0000
    9.00    2.18900000   2.1890   1.7616   3.8722   3.4950   0.0000   0.0000
    9.00    2.19000000   2.1900   1.7642   3.8673   3.4720   0.0000   0.0000
    9.00    2.19100000   2.1910   1.7662   3.8604   3.4410   0.0000   0.0000
    9.00    2.19200000   2.1920   1.7674   3.8531   3.4100   0.0000   0.0000
    9.00    2.19300000   2.1930   1.7673   3.8438   3.3710   0.0000   0.0000
    9.00    2.19500000   2.1950   1.7651   3.8322   3.3250   0.0000   0.0000
    9.00    2.19600000   2.1960   1.7594   3.8186   3.2730   0.0000   0.0000
    9.00    2.19700000   2.1970   1.7478   3.8021   3.2150   0.0000   0.0000
    9.00    2.19800000   2.1980   1.7247   3.7813   3.1500   0.0000   0.0000
    9.00    2.19900000   2.1990   1.6791   3.7560   3.0890   0.0000   0.0000
    9.00    2.20000000   2.2000   1.5910   3.7328   3.0790   0.0000   0.0000
    9.00    2.20200000   2.2020   1.4890   3.7120   3.0950   0.0000   0.0000
    9.00    2.20300000   2.2030   1.5026   3.6962   3.0170   0.0000   0.0000
    9.00    2.20400000   2.2040   1.5774   3.6884   2.9110   0.0000   0.0000
    9.00    2.20500000   2.2050   1.6624   3.6818   2.8000   0.0000   0.0000
    9.00    2.20600000   2.2060   1.7480   3.6762   2.6920   0.0000   0.0000
    9.00    2.20800000   2.2070   1.8260   3.6701   2.5900   0.0000   0.0000
    9.00    2.20900000   2.2080   1.9067   3.6643   2.4860   0.0000   0.0000
    9.00    2.21000000   2.2090   2.0065   3.6570   2.3570   0.0000   0.0000
    9.00    2.21100000   2.2100   2.1001   3.6504   2.2370   0.0000   0.0000
    9.00    2.21200000   2.2100   2.1499   3.6469   2.1730   0.0000   0.0000
    9.00    2.21300000   2.2110   2.1183   3.6493   2.2150   0.0000   0.0000
    9.00    2.21500000   2.2120   2.1624   3.6463   2.1590   0.0000   0.0000
    9.00    2.21600000   2.2120   2.2526   3.6390   2.0400   0.0000   0.0000
    9.00    2.21700000   2.2120   2.3524   3.6321   1.9120   0.0000   0.0000
    9.00    2.21800000   2.2120   2.4649   3.6240   1.7670   0.0000   0.0000
    9.00    2.21900000   2.2090   2.6047   3.6137   1.5850   0.0000   0.0000
    9.00    2.22100000   2.1970   2.7605   3.5987   1.3670   0.0000   0.0000
    9.00    2.22200000   2.1950   2.6643   3.6060   1.4920   0.0000   0.0000
    9.00    2.22300000   2.1960   2.5832   3.6126   1.6000   0.0000   0.0000
    9.00    2.22400000   2.1970   2.5188   3.6180   1.6860   0.0000   0.0000
    9.00    2.22500000   2.1990   2.4808   3.6214   1.7380   0.0000   0.0000
    9.00    2.22700000   2.2000   2.4609   3.6237   1.7680   0.0000   0.0000
    9.00    2.22800000   2.2010   2.4532   3.6245   1.7790   0.0000   0.0000
    9.00    2.22900000   2.2020   2.4501   3.6249   1.7840   0.0000   0.0000
    9.00    2.23000000   2.2040   2.4477   3.6253   1.7880   0.0000   0.0000
    9.00    2.23100000   2.2050   2.4462   3.6259   1.7920   0.0000   0.0000
    9.00    2.23300000   2.2060   2.4440   3.6261   1.7950   0.0000   0.0000
    9.00    2.23400000   2.2070   2.4420   3.6263   1.7980   0.0000   0.0000
    9.00    2.23500000   2.2090   2.4401   3.6265   1.8010   0.0000   0.0000
    9.00    2.23600000   2.2100   2.4381   3.6266   1.8040   0.0000   0.0000
    9.00    2.23700000   2.2110   2.4360   3.6269   1.8080   0.0000   0.0000
    9.00    2.23900000   2.2120   2.4339   3.6272   1.8110   0.0000   0.0000
    9.00    2.24000000   2.2140   2.4318   3.6274   1.8140   0.0000   0.0000
    9.00    2.24100000   2.2150   2.4298   3.6277   1.8180   0.0000   0.0000
    9.00    2.24200000   2.2160   2.4277   3.6280   1.8210   0.0000   0.0000
    9.00    2.31400000   2.2900   2.3335   3.6430   1.9900   0.0000   0.0000
# log(age) Mini Mact logl logt logg Composition Phase
    9.05    0.80000000   0.8000  -0.5856   3.6867   4.6260   0.0000   0.0000
    9.05    0.91000000   0.9100  -0.3131   3.7281   4.5750   0.0000   0.0000
    9.05    1.03500000   1.0350  -0.0327   3.7648   4.4980   0.0000   0.0000
    9.05    1.17700000   1.1770   0.2342   3.7936   4.4020   0.0000   0.0000
    9.05    1.33900000   1.3390   0.5065   3.8209   4.2950   0.0000   0.0000
    9.05    1.52300000   1.5230   0.7838   3.8511   4.1950   0.0000   0.0000
    9.05    1.73200000   1.7320   1.0749   3.8804   4.1070   0.0000   0.0000
    9.05    1.97000000   1.9700   1.3891   3.8796   3.8500   0.0000   0.0000
    9.05    2.07700000   2.0770   1.5270   3.8530   3.6300   0.0000   0.0000
    9.05    2.07800000   2.0780   1.5288   3.8528   3.6280   0.0000   0.0000
    9.05    2.07900000   2.0790   1.5308   3.8528   3.6260   0.0000   0.0000
    9.05    2.08000000   2.0800   1.5327   3.8527   3.6240   0.0000   0.0000
    9.05    2.08100000   2.0810   1.5348   3.8527   3.6220   0.0000   0.0000
    9.05    2.08200000   2.0820   1.5369   3.8528   3.6210   0.0000   0.0000
    9.05    2.08300000   2.0830   1.5391   3.8528   3.6190   0.0000   0.0000
    9.05    2.08400000   2.0840   1.5416   3.8530   3.6180   0.0000   0.0000
    9.05    2.08500000   2.0850   1.5441   3.8533   3.6170   0.0000   0.0000
    9.05    2.08700000   2.0870   1.5468   3.8537   3.6160   0.0000   0.0000
    9.05    2.08800000   2.0880   1.5498   3.8543   3.6160   0.0000   0.0000
    9.05    2.08900000   2.0890   1.5531   3.8551   3.6160   0.0000   0.0000
    9.05    2.09000000   2.0900   1.5570   3.8562   3.6170   0.0000   0.0000
    9.05    2.09100000   2.0910   1.5614   3.8577   3.6190   0.0000   0.0000
    9.05    2.09200000   2.0920   1.5667   3.8596   3.6230   0.0000   0.0000
    9.05    2.09300000   2.0930   1.5734   3.8626   3.6280   0.0000   0.0000
    9.05    2.09400000   2.0940   1.5824   3.8670   3.6380   0.0000   0.0000
    9.05    2.09600000   2.0960   1.5976   3.8745   3.6550   0.0000   0.0000
    9.05    2.09700000   2.0970   1.6343   3.8921   3.6910   0.0000   0.0000
    9.05    2.09800000   2.0980   1.6643   3.8837   3.6260   0.0000   0.0000
    9.05    2.09900000   2.0990   1.6737   3.8772   3.5890   0.0000   0.0000
    9.05    2.10000000   2.1000   1.6778   3.8736   3.5700   0.0000   0.0000
    9.05    2.10100000   2.1010   1.6817   3.8702   3.5520   0.0000   0.0000
    9.05    2.10200000   2.1020   1.6851   3.8663   3.5320   0.0000   0.0000
    9.05    2.10300000   2.1030   1.6882   3.8624   3.5130   0.0000   0.0000
    9.05    2.10500000   2.1050   1.6910   3.8575   3.4900   0.0000   0.0000
    9.05    2.10600000   2.1060   1.6933   3.8523   3.4650   0.0000   0.0000
    9.05    2.10700000   2.1070   1.6950   3.8458   3.4370   0.0000   0.0000
    9.05    2.10800000   2.1080   1.6957   3.8376   3.4020   0.0000   0.0000
    9.05    2.10900000   2.1090   1.6949   3.8286   3.3650   0.0000   0.0000
    9.05    2.11000000   2.1100   1.6919   3.8171   3.3200   0.0000   0.0000
    9.05    2.11100000   2.1110   1.6851   3.8041   3.2710   0.0000   0.0000
    9.05    2.11300000   2.1130   1.6718   3.7887   3.2190   0.0000   0.0000
    9.05    2.11400000   2.1140   1.6465   3.7711   3.1690   0.0000   0.0000
    9.05    2.11500000   2.1150   1.5969   3.7504   3.1300   0.0000   0.0000
    9.05    2.11600000   2.1160   1.5093   3.7302   3.1330   0.0000   0.0000
    9.05    2.11700000   2.1170   1.4212   3.7117   3.1440   0.0000   0.0000
    9.05    2.11800000   2.1180   1.4342   3.6979   3.0750   0.0000   0.0000
    9.05    2.11900000   2.1190   1.5023   3.6905   2.9780   0.0000   0.0000
    9.05    2.12000000   2.1200   1.5827   3.6842   2.8720   0.0000   0.0000
    9.05    2.12200000   2.1210   1.6638   3.6789   2.7700   0.0000   0.0000
    9.05    2.12300000   2.1220   1.7424   3.6736   2.6700   0.0000   0.0000
    9.05    2.12400000   2.1230   1.8119   3.6684   2.5800   0.0000   0.0000
    9.05    2.12500000   2.1240   1.8882   3.6631   2.4830   0.0000   0.0000
    9.05    2.12600000   2.1250   1.9825   3.6561   2.3610   0.0000   0.0000
    9.05    2.12700000   2.1260   2.0746   3.6494   2.2420   0.0000   0.0000
    9.05    2.12800000   2.1270   2.1558   3.6436   2.1380   0.0000   0.0000
    9.05    2.13000000   2.1270   2.1403   3.6451   2.1590   0.0000   0.0000
    9.05    2.13100000   2.1280   2.0865   3.6492   2.2290   0.0000   0.0000
    9.05    2.13200000   2.1280   2.1416   3.6456   2.1600   0.0000   0.0000
    9.05    2.13300000   2.1290   2.2261   3.6386   2.0470   0.0000   0.0000
    9.05    2.13400000   2.1290   2.3191   3.6323   1.9300   0.0000   0.0000
    9.05    2.13500000   2.1280   2.4237   3.6247   1.7940   0.0000   0.0000
    9.05    2.13600000   2.1270   2.5471   3.6160   1.6360   0.0000   0.0000
    9.05    2.13800000   2.1220   2.6978   3.6037   1.4350   0.0000   0.0000
    9.05    2.13900000   2.1090   2.8793   3.5866   1.1820   0.0000   0.0000
    9.05    2.14000000   2.1060   2.8101   3.5916   1.2710   0.0000   0.0000
    9.05    2.14100000   2.1080   2.7415   3.5974   1.3630   0.0000   0.0000
    9.05    2.14200000   2.1090   2.7088   3.6003   1.4070   0.0000   0.0000
    9.05    2.14300000   2.1100   2.6993   3.6015   1.4220   0.0000   0.0000
    9.05    2.14400000   2.1110   2.6965   3.6019   1.4270   0.0000   0.0000
    9.05    2.14600000   2.1120   2.6946   3.6024   1.4310   0.0000   0.0000
    9.05    2.14700000   2.1140   2.6927   3.6026   1.4340   0.0000   0.0000
    9.05    2.14800000   2.1150   2.6907   3.6028   1.4370   0.0000   0.0000
    9.05    2.14900000   2.1160   2.6886   3.6030   1.4400   0.0000   0.0000
    9.05    2.15000000   2.1170   2.6865   3.6033   1.4440   0.0000   0.0000
    9.05    2.15100000   2.1180   2.6845   3.6036   1.4470   0.0000   0.0000
    9.05    2.15300000   2.1200   2.6825   3.6039   1.4500   0.0000   0.0000
    9.05    2.15400000   2.1210   2.6806   3.6042   1.4540   0.0000   0.0000
    9.05    2.15500000   2.1220   2.6789   3.6048   1.4580   0.0000   0.0000
    9.05    2.15600000   2.1230   2.6770   3.6051   1.4620   0.0000   0.0000
    9.05    2.15700000   2.1240   2.6749   3.6052   1.4640   0.0000   0.0000
    9.05    2.15800000   2.1260   2.6729   3.6053   1.4670   0.0000   0.0000
    9.05    2.16000000   2.1270   2.6710   3.6056   1.4700   0.0000   0.0000
    9.05    2.17000000   2.1380   2.6551   3.6082   1.4990   0.0000   0.0000
# log(age) Mini Mact logl logt logg Composition Phase
    9.10    0.80000000   0.8000  -0.5846   3.6867   4.6250   0.0000   0.0000
    9.10    0.91000000   0.9100  -0.3110   3.7282   4.5740   0.0000   0.0000
    9.10    1.03500000   1.0350  -0.0289   3.7650   4.4950   0.0000   0.0000
    9.10    1.17700000   1.1770   0.2404   3.7938   4.3970   0.0000   0.0000
    9.10    1.33900000   1.3390   0.5150   3.8207   4.2860   0.0000   0.0000
    9.10    1.52300000   1.5230   0.7949   3.8483   4.1720   0.0000   0.0000
    9.10    1.73200000   1.7320   1.0947   3.8728   4.0580   0.0000   0.0000
    9.10    1.97000000   1.9700   1.4166   3.8487   3.7000   0.0000   0.0000
    9.10    1.99600000   1.9960   1.4535   3.8403   3.6360   0.0000   0.0000
    9.10    1.99700000   1.9970   1.4554   3.8401   3.6330   0.0000   0.0000
    9.10    1.99800000   1.9980   1.4573   3.8400   3.6310   0.0000   0.0000
    9.10    1.99900000   1.9990   1.4593   3.8398   3.6290   0.0000   0.0000
    9.10    2.00000000   2.0000   1.4614   3.8398   3.6270   0.0000   0.0000
    9.10    2.00100000   2.0010   1.4635   3.8398   3.6250   0.0000   0.0000
    9.10    2.00200000   2.0020   1.4657   3.8399   3.6240   0.0000   0.0000
    9.10    2.00300000   2.0030   1.4681   3.8401   3.6220   0.0000   0.0000
    9.10    2.00400000   2.0040   1.4705   3.8403   3.6210   0.0000   0.0000
    9.10    2.00500000   2.0050   1.4733   3.8407   3.6200   0.0000   0.0000
    9.10    2.00600000   2.0060   1.4761   3.8412   3.6200   0.0000   0.0000
    9.10    2.00800000   2.0080   1.4794   3.8419   3.6200   0.0000   0.0000
    9.10    2.00900000   2.0090   1.4831   3.8429   3.6210   0.0000   0.0000
    9.10    2.01000000   2.0100   1.4875   3.8443   3.6230   0.0000   0.0000
    9.10    2.01100000   2.0110   1.4924   3.8461   3.6250   0.0000   0.0000
    9.10    2.01200000   2.0120   1.4987   3.8487   3.6300   0.0000   0.0000
    9.10    2.01300000   2.0130   1.5071   3.8527   3.6390   0.0000   0.0000
    9.10    2.01400000   2.0140   1.5193   3.8586   3.6520   0.0000   0.0000
    9.10    2.01500000   2.0150   1.5468   3.8718   3.6800   0.0000   0.0000
    9.10    2.01600000   2.0160   1.5786   3.8769   3.6690   0.0000   0.0000
    9.10    2.01700000   2.0170   1.6004   3.8658   3.6000   0.0000   0.0000
    9.10    2.01800000   2.0180   1.6043   3.8625   3.5820   0.0000   0.0000
    9.10    2.01900000   2.0190   1.6083   3.8595   3.5650   0.0000   0.0000
    9.10    2.02100000   2.0210   1.6118   3.8557   3.5460   0.0000   0.0000
    9.10    2.02200000   2.0220   1.6149   3.8518   3.5270   0.0000   0.0000
    9.10    2.02300000   2.0230   1.6178   3.8477   3.5070   0.0000   0.0000
    9.10    2.02400000   2.0240   1.6203   3.8431   3.4850   0.0000   0.0000
    9.10    2.02500000   2.0250   1.6222   3.8372   3.4590   0.0000   0.0000
    9.10    2.02600000   2.0260   1.6235   3.8308   3.4310   0.0000   0.0000
    9.10    2.02700000   2.0270   1.6238   3.8224   3.3960   0.0000   0.0000
    9.10    2.02800000   2.0280   1.6223   3.8131   3.3580   0.0000   0.0000
    9.10    2.02900000   2.0290   1.6185   3.8021   3.3150   0.0000   0.0000
    9.10    2.03000000   2.0300   1.6105   3.7906   3.2730   0.0000   0.0000
    9.10    2.03100000   2.0310   1.5956   3.7762   3.2260   0.0000   0.0000
    9.10    2.03200000   2.0320   1.5675   3.7620   3.1920   0.0000   0.0000
    9.10    2.03400000   2.0340   1.5147   3.7454   3.1740   0.0000   0.0000
    9.10    2.03500000   2.0350   1.4279   3.7278   3.1870   0.0000   0.0000
    9.10    2.03600000   2.0360   1.3529   3.7113   3.1940   0.0000   0.0000
    9.10    2.03700000   2.0370   1.3661   3.6996   3.1330   0.0000   0.0000
    9.10    2.03800000   2.0380   1.4284   3.6924   3.0420   0.0000   0.0000
    9.10    2.03900000   2.0390   1.5057   3.6861   2.9400   0.0000   0.0000
    9.10    2.04000000   2.0400   1.5840   3.6812   2.8420   0.0000   0.0000
    9.10    2.04100000   2.0410   1.6613   3.6763   2.7450   0.0000   0.0000
    9.10    2.04200000   2.0420   1.7337   3.6713   2.6530   0.0000   0.0000
    9.10    2.04300000   2.0430   1.7961   3.6669   2.5730   0.0000   0.0000
    9.10    2.04500000   2.0440   1.8697   3.6619   2.4800   0.0000   0.0000
    9.10    2.04600000   2.0450   1.9597   3.6552   2.3630   0.0000   0.0000
    9.10    2.04700000   2.0450   2.0509   3.6483   2.2440   0.0000   0.0000
    9.10    2.04800000   2.0460   2.1323   3.6426   2.1400   0.0000   0.0000
    9.10    2.04900000   2.0460   2.1735   3.6398   2.0880   0.0000   0.0000
    9.10    2.05000000   2.0470   2.1179   3.6442   2.1610   0.0000   0.0000
    9.10    2.05100000   2.0470   2.0629   3.6486   2.2340   0.0000   0.0000
    9.10    2.05200000   2.0480   2.1208   3.6449   2.1610   0.0000   0.0000
    9.10    2.05300000   2.0480   2.2008   3.6380   2.0540   0.0000   0.0000
    9.10    2.05400000   2.0490   2.2883   3.6323   1.9440   0.0000   0.0000
    9.10    2.05600000   2.0480   2.3854   3.6252   1.8180   0.0000   0.0000
    9.10    2.05700000   2.0470   2.4969   3.6172   1.6740   0.0000   0.0000
    9.10    2.05800000   2.0450   2.6305   3.6079   1.5030   0.0000   0.0000
    9.10    2.05900000   2.0390   2.7928   3.5936   1.2820   0.0000   0.0000
    9.10    2.06000000   2.0240   2.9991   3.5743   0.9950   0.0000   0.0000
    9.10    2.06100000   2.0220   2.9642   3.5767   1.0390   0.0000   0.0000
    9.10    2.06200000   2.0230   2.9455   3.5786   1.0660   0.0000   0.0000
    9.10    2.06300000   2.0240   2.9433   3.5789   1.0700   0.0000   0.0000
    9.10    2.06400000   2.0250   2.9413   3.5791   1.0730   0.0000   0.0000
    9.10    2.06500000   2.0260   2.9392   3.5794   1.0760   0.0000   0.0000
    9.10    2.06700000   2.0270   2.9373   3.5798   1.0800   0.0000   0.0000
    9.10    2.06800000   2.0280   2.9354   3.5801   1.0830   0.0000   0.0000
    9.10    2.06900000   2.0300   2.9335   3.5803   1.0860   0.0000   0.0000
    9.10    2.07000000   2.0310   2.9316   3.5806   1.0890   0.0000   0.0000
    9.10    2.07100000   2.0320   2.9300   3.5809   1.0930   0.0000   0.0000
    9.10    2.07200000   2.0330   2.9281   3.5812   1.0960   0.0000   0.0000
    9.10    2.07300000   2.0340   2.9264   3.5814   1.0990   0.0000   0.0000
    9.10    2.07400000   2.0350   2.9248   3.5817   1.1020   0.0000   0.0000
    9.10    2.07500000   2.0360   2.9233   3.5820   1.1050   0.0000   0.0000
    9.10    2.07700000   2.0380   2.9217   3.5824   1.1080   0.0000   0.0000
    9.10    2.07800000   2.0390   2.9201   3.5826   1.1110   0.0000   0.0000
    9.10    2.07900000   2.0400   2.9186   3.5829   1.1140   0.0000   0.0000
    9.10    2.08000000   2.0410   2.9171   3.5832   1.1160   0.0000   0.0000
# log(age) Mini Mact logl logt logg Composition Phase
    9.15    0.80000000   0.8000  -0.5834   3.6867   4.6240   0.0000   0.0000
    9.15    0.91000000   0.9100  -0.3086   3.7284   4.5720   0.0000   0.0000
    9.15    1.03500000   1.0350  -0.0245   3.7652   4.4910   0.0000   0.0000
    9.15    1.17700000   1.1770   0.2475   3.7940   4.3900   0.0000   0.0000
    9.15    1.33900000   1.3390   0.5246   3.8203   4.2740   0.0000   0.0000
    9.15    1.52300000   1.5230   0.8074   3.8447   4.1450   0.0000   0.0000
    9.15    1.73200000   1.7320   1.1176   3.8623   3.9950   0.0000   0.0000
    9.15    1.92000000   1.9200   1.3808   3.8314   3.6550   0.0000   0.0000
    9.15    1.92100000   1.9210   1.3826   3.8312   3.6520   0.0000   0.0000
    9.15    1.92200000   1.9220   1.3845   3.8311   3.6500   0.0000   0.0000
    9.15    1.92300000   1.9230   1.3865   3.8309   3.6480   0.0000   0.0000
    9.15    1.92400000   1.9240   1.3884   3.8308   3.6460   0.0000   0.0000
    9.15    1.92500000   1.9250   1.3906   3.8308   3.6440   0.0000   0.0000
    9.15    1.92600000   1.9260   1.3929   3.8308   3.6420   0.0000   0.0000
    9.15    1.92700000   1.9270   1.3952   3.8309   3.6400   0.0000   0.0000
    9.15    1.92800000   1.9280   1.3976   3.8311   3.6390   0.0000   0.0000
    9.15    1.92900000   1.9290   1.4005   3.8314   3.6380   0.0000   0.0000
    9.15    1.93000000   1.9300   1.4034   3.8317   3.6370   0.0000   0.0000
    9.15    1.93100000   1.9310   1.4066   3.8323   3.6360   0.0000   0.0000
    9.15    1.93300000   1.9330   1.4104   3.8332   3.6370   0.0000   0.0000
    9.15    1.93400000   1.9340   1.4147   3.8344   3.6380   0.0000   0.0000
    9.15    1.93500000   1.9350   1.4198   3.8360   3.6400   0.0000   0.0000
    9.15    1.93600000   1.9360   1.4263   3.8383   3.6430   0.0000   0.0000
    9.15    1.93700000   1.9370   1.4348   3.8419   3.6510   0.0000   0.0000
    9.15    1.93800000   1.9380   1.4475   3.8474   3.6620   0.0000   0.0000
    9.15    1.93900000   1.9390   1.4756   3.8601   3.6870   0.0000   0.0000
    9.15    1.94000000   1.9400   1.5101   3.8645   3.6710   0.0000   0.0000
    9.15    1.94100000   1.9410   1.5292   3.8546   3.6090   0.0000   0.0000
    9.15    1.94200000   1.9420   1.5332   3.8515   3.5920   0.0000   0.0000
    9.15    1.94300000   1.9430   1.5370   3.8486   3.5760   0.0000   0.0000
    9.15    1.94400000   1.9440   1.5405   3.8452   3.5590   0.0000   0.0000
    9.15    1.94500000   1.9450   1.5436   3.8416   3.5400   0.0000   0.0000
    9.15    1.94600000   1.9460   1.5465   3.8382   3.5230   0.0000   0.0000
    9.15    1.94700000   1.9470   1.5490   3.8335   3.5010   0.0000   0.0000
    9.15    1.94800000   1.9480   1.5511   3.8293   3.4810   0.0000   0.0000
    9.15    1.94900000   1.9490   1.5527   3.8237   3.4560   0.0000   0.0000
    9.15    1.95000000   1.9500   1.5534   3.8172   3.4270   0.0000   0.0000
    9.15    1.95100000   1.9510   1.5528   3.8100   3.3970   0.0000   0.0000
    9.15    1.95200000   1.9520   1.5504   3.7999   3.3580   0.0000   0.0000
    9.15    1.95300000   1.9530   1.5454   3.7904   3.3220   0.0000   0.0000
    9.15    1.95400000   1.9540   1.5359   3.7799   3.2860   0.0000   0.0000
    9.15    1.95500000   1.9550   1.5182   3.7671   3.2480   0.0000   0.0000
    9.15    1.95700000   1.9560   1.4858   3.7548   3.2270   0.0000   0.0000
    9.15    1.95800000   1.9580   1.4265   3.7400   3.2230   0.0000   0.0000
    9.15    1.95900000   1.9590   1.3410   3.7236   3.2390   0.0000   0.0000
    9.15    1.96000000   1.9600   1.2866   3.7093   3.2350   0.0000   0.0000
    9.15    1.96100000   1.9610   1.3125   3.6996   3.1700   0.0000   0.0000
    9.15    1.96200000   1.9620   1.3734   3.6926   3.0820   0.0000   0.0000
    9.15    1.96300000   1.9630   1.4488   3.6866   2.9820   0.0000   0.0000
    9.15    1.96400000   1.9640   1.5243   3.6821   2.8890   0.0000   0.0000
    9.15    1.96500000   1.9650   1.6005   3.6775   2.7940   0.0000   0.0000
    9.15    1.96600000   1.9660   1.6713   3.6727   2.7040   0.0000   0.0000
    9.15    1.96700000   1.9670   1.7340   3.6685   2.6250   0.0000   0.0000
    9.15    1.96800000   1.9670   1.8023   3.6639   2.5390   0.0000   0.0000
    9.15    1.96900000   1.9680   1.8885   3.6579   2.4280   0.0000   0.0000
    9.15    1.97000000   1.9690   1.9826   3.6505   2.3050   0.0000   0.0000
    9.15    1.97100000   1.9700   2.0674   3.6446   2.1970   0.0000   0.0000
    9.15    1.97200000   1.9700   2.1436   3.6392   2.0990   0.0000   0.0000
    9.15    1.97300000   1.9700   2.1266   3.6408   2.1220   0.0000   0.0000
    9.15    1.97400000   1.9710   2.0665   3.6456   2.2020   0.0000   0.0000
    9.15    1.97600000   1.9710   2.0481   3.6475   2.2280   0.0000   0.0000
    9.15    1.97700000   1.9720   2.1036   3.6436   2.1570   0.0000   0.0000
    9.15    1.97800000   1.9720   2.1833   3.6371   2.0510   0.0000   0.0000
    9.15    1.97900000   1.9720   2.2717   3.6313   1.9400   0.0000   0.0000
    9.15    1.98000000   1.9720   2.3708   3.6240   1.8110   0.0000   0.0000
    9.15    1.98100000   1.9710   2.4851   3.6157   1.6640   0.0000   0.0000
    9.15    1.98200000   1.9690   2.6215   3.6063   1.4890   0.0000   0.0000
    9.15    1.98300000   1.9630   2.7874   3.5924   1.2660   0.0000   0.0000
    9.15    1.98400000   1.9500   3.0020   3.5726   0.9700   0.0000   0.0000
# log(age) Mini Mact logl logt logg Composition Phase
    9.20    0.80000000   0.8000  -0.5821   3.6868   4.6230   0.0000   0.0000
    9.20    0.91000000   0.9100  -0.3059   3.7285   4.5700   0.0000   0.0000
    9.20    1.03500000   1.0350  -0.0195   3.7654   4.4870   0.0000   0.0000
    9.20    1.17700000   1.1770   0.2556   3.7942   4.3830   0.0000   0.0000
    9.20    1.33900000   1.3390   0.5351   3.8196   4.2610   0.0000   0.0000
    9.20    1.52300000   1.5230   0.8216   3.8398   4.1120   0.0000   0.0000
    9.20    1.73200000   1.7320   1.1431   3.8469   3.9090   0.0000   0.0000
    9.20    1.84800000   1.8480   1.3099   3.8223   3.6710   0.0000   0.0000
    9.20    1.84900000   1.8490   1.3117   3.8222   3.6690   0.0000   0.0000
    9.20    1.85000000   1.8500   1.3137   3.8220   3.6670   0.0000   0.0000
    9.20    1.85100000   1.8510   1.3156   3.8219   3.6650   0.0000   0.0000
    9.20    1.85200000   1.8520   1.3177   3.8219   3.6630   0.0000   0.0000
    9.20    1.85300000   1.8530   1.3199   3.8219   3.6610   0.0000   0.0000
    9.20    1.85400000   1.8540   1.3221   3.8219   3.6590   0.0000   0.0000
    9.20    1.85500000   1.8550   1.3246   3.8221   3.6580   0.0000   0.0000
    9.20    1.85600000   1.8560   1.3273   3.8223   3.6560   0.0000   0.0000
    9.20    1.85700000   1.8570   1.3301   3.8226   3.6550   0.0000   0.0000
    9.20    1.85800000   1.8580   1.3333   3.8231   3.6540   0.0000   0.0000
    9.20    1.85900000   1.8590   1.3368   3.8237   3.6540   0.0000   0.0000
    9.20    1.86000000   1.8600   1.3409   3.8246   3.6540   0.0000   0.0000
    9.20    1.86100000   1.8610   1.3457   3.8259   3.6550   0.0000   0.0000
    9.20    1.86200000   1.8620   1.3517   3.8277   3.6580   0.0000   0.0000
    9.20    1.86300000   1.8630   1.3594   3.8303   3.6620   0.0000   0.0000
    9.20    1.86400000   1.8640   1.3700   3.8346   3.6700   0.0000   0.0000
    9.20    1.86500000   1.8650   1.3898   3.8424   3.6840   0.0000   0.0000
    9.20    1.86600000   1.8660   1.4462   3.8652   3.7240   0.0000   0.0000
    9.20    1.86700000   1.8670   1.4550   3.8460   3.6330   0.0000   0.0000
    9.20    1.86800000   1.8680   1.4605   3.8423   3.6110   0.0000   0.0000
    9.20    1.86900000   1.8690   1.4641   3.8393   3.5960   0.0000   0.0000
    9.20    1.87000000   1.8700   1.4678   3.8370   3.5820   0.0000   0.0000
    9.20    1.87100000   1.8710   1.4709   3.8338   3.5650   0.0000   0.0000
    9.20    1.87200000   1.8720   1.4738   3.8307   3.5490   0.0000   0.0000
    9.20    1.87300000   1.8730   1.4765   3.8278   3.5340   0.0000   0.0000
    9.20    1.87400000   1.8740   1.4789   3.8236   3.5140   0.0000   0.0000
    9.20    1.87500000   1.8750   1.4809   3.8204   3.4980   0.0000   0.0000
    9.20    1.87600000   1.8760   1.4826   3.8161   3.4770   0.0000   0.0000
    9.20    1.87700000   1.8770   1.4836   3.8115   3.4560   0.0000   0.0000
    9.20    1.87800000   1.8780   1.4836   3.8059   3.4320   0.0000   0.0000
    9.20    1.87900000   1.8790   1.4823   3.7995   3.4060   0.0000   0.0000
    9.20    1.88000000   1.8800   1.4795   3.7917   3.3750   0.0000   0.0000
    9.20    1.88100000   1.8810   1.4738   3.7835   3.3450   0.0000   0.0000
    9.20    1.88200000   1.8820   1.4646   3.7750   3.3180   0.0000   0.0000
    9.20    1.88300000   1.8830   1.4477   3.7645   3.2900   0.0000   0.0000
    9.20    1.88400000   1.8840   1.4193   3.7539   3.2730   0.0000   0.0000
    9.20    1.88500000   1.8850   1.3701   3.7412   3.2680   0.0000   0.0000
    9.20    1.88600000   1.8860   1.2983   3.7273   3.2810   0.0000   0.0000
    9.20    1.88700000   1.8870   1.2388   3.7143   3.2870   0.0000   0.0000
    9.20    1.88800000   1.8880   1.2351   3.7038   3.2480   0.0000   0.0000
    9.20    1.88900000   1.8890   1.2758   3.6966   3.1790   0.0000   0.0000
    9.20    1.89000000   1.8900   1.3403   3.6908   3.0910   0.0000   0.0000
    9.20    1.89100000   1.8910   1.4068   3.6862   3.0060   0.0000   0.0000
    9.20    1.89300000   1.8920   1.4740   3.6823   2.9240   0.0000   0.0000
    9.20    1.89400000   1.8930   1.5429   3.6784   2.8400   0.0000   0.0000
    9.20    1.89500000   1.8940   1.6031   3.6742   2.7630   0.0000   0.0000
    9.20    1.89600000   1.8950   1.6598   3.6708   2.6920   0.0000   0.0000
    9.20    1.89700000   1.8960   1.7269   3.6665   2.6080   0.0000   0.0000
    9.20    1.89800000   1.8970   1.8071   3.6607   2.5050   0.0000   0.0000
    9.20    1.89900000   1.8970   1.8911   3.6543   2.3950   0.0000   0.0000
    9.20    1.90000000   1.8980   1.9684   3.6492   2.2980   0.0000   0.0000
    9.20    1.90100000   1.8980   2.0411   3.6442   2.2050   0.0000   0.0000
    9.20    1.90200000   1.8990   2.0604   3.6430   2.1810   0.0000   0.0000
    9.20    1.90300000   1.8990   2.0340   3.6452   2.2170   0.0000   0.0000
    9.20    1.90400000   1.9000   1.9976   3.6483   2.2660   0.0000   0.0000
    9.20    1.90500000   1.9000   2.0147   3.6476   2.2460   0.0000   0.0000
    9.20    1.90600000   1.9010   2.0791   3.6423   2.1600   0.0000   0.0000
    9.20    1.90700000   1.9010   2.1587   3.6368   2.0590   0.0000   0.0000
    9.20    1.90800000   1.9010   2.2486   3.6306   1.9440   0.0000   0.0000
    9.20    1.90900000   1.9010   2.3493   3.6233   1.8140   0.0000   0.0000
    9.20    1.91000000   1.8990   2.4655   3.6149   1.6640   0.0000   0.0000
    9.20    1.91100000   1.8970   2.6088   3.6051   1.4810   0.0000   0.0000
    9.20    1.91200000   1.8900   2.7939   3.5892   1.2310   0.0000   0.0000
    9.20    1.91300000   1.8660   3.0553   3.5652   0.8680   0.0000   0.0000
# log(age) Mini Mact logl logt logg Composition Phase
    9.25    0.80000000   0.8000  -0.5805   3.6869   4.6220   0.0000   0.0000
    9.25    0.91000000   0.9100  -0.3028   3.7287   4.5680   0.0000   0.0000
    9.25    1.03500000   1.0350  -0.0137   3.7657   4.4820   0.0000   0.0000
    9.25    1.17700000   1.1770   0.2649   3.7944   4.3750   0.0000   0.0000
    9.25    1.33900000   1.3390   0.5467   3.8184   4.2450   0.0000   0.0000
    9.25    1.52300000   1.5230   0.8373   3.8329   4.0680   0.0000   0.0000
    9.25    1.73200000   1.7320   1.1685   3.8240   3.7920   0.0000   0.0000
    9.25    1.77800000   1.7780   1.2372   3.8134   3.6900   0.0000   0.0000
    9.25    1.77900000   1.7790   1.2389   3.8132   3.6880   0.0000   0.0000
    9.25    1.78000000   1.7800   1.2408   3.8131   3.6860   0.0000   0.0000
    9.25    1.78100000   1.7810   1.2428   3.8131   3.6840   0.0000   0.0000
    9.25    1.78200000   1.7820   1.2447   3.8130   3.6820   0.0000   0.0000
    9.25    1.78300000   1.7830   1.2470   3.8130   3.6800   0.0000   0.0000
    9.25    1.78400000   1.7840   1.2492   3.8130   3.6780   0.0000   0.0000
    9.25    1.78500000   1.7850   1.2515   3.8131   3.6770   0.0000   0.0000
    9.25    1.78600000   1.7860   1.2541   3.8132   3.6750   0.0000   0.0000
    9.25    1.78700000   1.7870   1.2569   3.8135   3.6740   0.0000   0.0000
    9.25    1.78800000   1.7880   1.2600   3.8138   3.6730   0.0000   0.0000
    9.25    1.78900000   1.7890   1.2633   3.8144   3.6720   0.0000   0.0000
    9.25    1.79000000   1.7900   1.2673   3.8151   3.6710   0.0000   0.0000
    9.25    1.79100000   1.7910   1.2719   3.8161   3.6720   0.0000   0.0000
    9.25    1.79200000   1.7920   1.2772   3.8175   3.6730   0.0000   0.0000
    9.25    1.79300000   1.7930   1.2843   3.8195   3.6750   0.0000   0.0000
    9.25    1.79400000   1.7940   1.2937   3.8227   3.6800   0.0000   0.0000
    9.25    1.79500000   1.7950   1.3089   3.8277   3.6880   0.0000   0.0000
    9.25    1.79600000   1.7960   1.3444   3.8418   3.7130   0.0000   0.0000
    9.25    1.79700000   1.7970   1.3765   3.8384   3.6660   0.0000   0.0000
    9.25    1.79800000   1.7980   1.3878   3.8324   3.6280   0.0000   0.0000
    9.25    1.79800000   1.7980   1.3915   3.8301   3.6150   0.0000   0.0000
    9.25    1.79900000   1.7990   1.3949   3.8275   3.6000   0.0000   0.0000
    9.25    1.80000000   1.8000   1.3984   3.8253   3.5870   0.0000   0.0000
    9.25    1.80100000   1.8010   1.4013   3.8227   3.5730   0.0000   0.0000
    9.25    1.80200000   1.8020   1.4041   3.8199   3.5580   0.0000   0.0000
    9.25    1.80300000   1.8030   1.4066   3.8173   3.5450   0.0000   0.0000
    9.25    1.80400000   1.8040   1.4089   3.8136   3.5270   0.0000   0.0000
    9.25    1.80500000   1.8050   1.4107   3.8113   3.5140   0.0000   0.0000
    9.25    1.80600000   1.8060   1.4124   3.8079   3.4960   0.0000   0.0000
    9.25    1.80700000   1.8070   1.4136   3.8047   3.4810   0.0000   0.0000
    9.25    1.80800000   1.8080   1.4140   3.8003   3.4610   0.0000   0.0000
    9.25    1.80900000   1.8090   1.4134   3.7960   3.4420   0.0000   0.0000
    9.25    1.81000000   1.8100   1.4117   3.7903   3.4190   0.0000   0.0000
    9.25    1.81100000   1.8110   1.4085   3.7846   3.3980   0.0000   0.0000
    9.25    1.81200000   1.8120   1.4025   3.7775   3.3730   0.0000   0.0000
    9.25    1.81300000   1.8130   1.3934   3.7704   3.3520   0.0000   0.0000
    9.25    1.81400000   1.8140   1.3776   3.7620   3.3320   0.0000   0.0000
    9.25    1.81500000   1.8150   1.3522   3.7528   3.3180   0.0000   0.0000
    9.25    1.81600000   1.8160   1.3104   3.7420   3.3140   0.0000   0.0000
    9.25    1.81700000   1.8170   1.2516   3.7302   3.3240   0.0000   0.0000
    9.25    1.81800000   1.8180   1.1944   3.7184   3.3320   0.0000   0.0000
    9.25    1.81900000   1.8190   1.1692   3.7082   3.3160   0.0000   0.0000
    9.25    1.82000000   1.8190   1.1966   3.7008   3.2590   0.0000   0.0000
    9.25    1.82100000   1.8200   1.2402   3.6947   3.1910   0.0000   0.0000
    9.25    1.82200000   1.8210   1.2983   3.6897   3.1130   0.0000   0.0000
    9.25    1.82300000   1.8220   1.3574   3.6863   3.0400   0.0000   0.0000
    9.25    1.82400000   1.8230   1.4185   3.6831   2.9660   0.0000   0.0000
    9.25    1.82500000   1.8240   1.4776   3.6798   2.8940   0.0000   0.0000
    9.25    1.82600000   1.8250   1.5319   3.6760   2.8250   0.0000   0.0000
    9.25    1.82700000   1.8260   1.5845   3.6733   2.7620   0.0000   0.0000
    9.25    1.82800000   1.8270   1.6504   3.6691   2.6790   0.0000   0.0000
    9.25    1.82900000   1.8280   1.7246   3.6637   2.5840   0.0000   0.0000
    9.25    1.83000000   1.8280   1.7998   3.6581   2.4860   0.0000   0.0000
    9.25    1.83100000   1.8290   1.8703   3.6537   2.3980   0.0000   0.0000
    9.25    1.83200000   1.8300   1.9395   3.6491   2.3110   0.0000   0.0000
    9.25    1.83300000   1.8300   1.9829   3.6461   2.2550   0.0000   0.0000
    9.25    1.83400000   1.8300   1.9902   3.6458   2.2470   0.0000   0.0000
    9.25    1.83500000   1.8310   1.9664   3.6478   2.2790   0.0000   0.0000
    9.25    1.83600000   1.8310   1.9556   3.6490   2.2940   0.0000   0.0000
    9.25    1.83700000   1.8320   1.9845   3.6469   2.2570   0.0000   0.0000
    9.25    1.83700000   1.8320   2.0496   3.6420   2.1730   0.0000   0.0000
    9.25    1.83800000   1.8330   2.1306   3.6367   2.0700   0.0000   0.0000
    9.25    1.83900000   1.8320   2.2225   3.6302   1.9530   0.0000   0.0000
    9.25    1.84000000   1.8320   2.3279   3.6226   1.8160   0.0000   0.0000
    9.25    1.84100000   1.8300   2.4525   3.6137   1.6560   0.0000   0.0000
    9.25    1.84200000   1.8270   2.6039   3.6030   1.4610   0.0000   0.0000
    9.25    1.84300000   1.8200   2.8045   3.5859   1.1900   0.0000   0.0000
    9.25    1.84400000   1.7840   3.1202   3.5567   0.7490   0.0000   0.0000
# log(age) Mini Mact logl logt logg Composition Phase
    9.30    0.80000000   0.8000  -0.5787   3.6870   4.6210   0.0000   0.0000
    9.30    0.91000000   0.9100  -0.2992   3.7290   4.5650   0.0000   0.0000
    9.30    1.03500000   1.0350  -0.0071   3.7660   4.4770   0.0000   0.0000
    9.30    1.17700000   1.1770   0.2755   3.7947   4.3650   0.0000   0.0000
    9.30    1.33900000   1.3390   0.5594   3.8164   4.2240   0.0000   0.0000
    9.30    1.52300000   1.5230   0.8543   3.8243   4.0170   0.0000   0.0000
    9.30    1.71200000   1.7120   1.1662   3.8043   3.7070   0.0000   0.0000
    9.30    1.71300000   1.7130   1.1681   3.8042   3.7050   0.0000   0.0000
    9.30    1.71400000   1.7140   1.1700   3.8041   3.7030   0.0000   0.0000
    9.30    1.71500000   1.7150   1.1719   3.8041   3.7010   0.0000   0.0000
    9.30    1.71600000   1.7160   1.1740   3.8041   3.6990   0.0000   0.0000
    9.30    1.71600000   1.7160   1.1763   3.8041   3.6970   0.0000   0.0000
    9.30    1.71700000   1.7170   1.1785   3.8041   3.6960   0.0000   0.0000
    9.30    1.71800000   1.7180   1.1810   3.8042   3.6940   0.0000   0.0000
    9.30    1.71900000   1.7190   1.1837   3.8044   3.6920   0.0000   0.0000
    9.30    1.72000000   1.7200   1.1866   3.8047   3.6910   0.0000   0.0000
    9.30    1.72100000   1.7210   1.1900   3.8051   3.6900   0.0000   0.0000
    9.30    1.72200000   1.7220   1.1936   3.8056   3.6890   0.0000   0.0000
    9.30    1.72300000   1.7230   1.1979   3.8064   3.6890   0.0000   0.0000
    9.30    1.72400000   1.7240   1.2031   3.8075   3.6890   0.0000   0.0000
    9.30    1.72500000   1.7250   1.2094   3.8091   3.6900   0.0000   0.0000
    9.30    1.72600000   1.7260   1.2179   3.8114   3.6920   0.0000   0.0000
    9.30    1.72700000   1.7270   1.2301   3.8149   3.6970   0.0000   0.0000
    9.30    1.72800000   1.7280   1.2542   3.8229   3.7090   0.0000   0.0000
    9.30    1.72800000   1.7280   1.3067   3.8374   3.7170   0.0000   0.0000
    9.30    1.72900000   1.7290   1.3148   3.8228   3.6470   0.0000   0.0000
    9.30    1.73000000   1.7300   1.3190   3.8203   3.6310   0.0000   0.0000
    9.30    1.73100000   1.7310   1.3224   3.8181   3.6190   0.0000   0.0000
    9.30    1.73200000   1.7320   1.3257   3.8163   3.6070   0.0000   0.0000
    9.30    1.73300000   1.7330   1.3288   3.8139   3.5940   0.0000   0.0000
    9.30    1.73400000   1.7340   1.3315   3.8118   3.5820   0.0000   0.0000
    9.30    1.73500000   1.7350   1.3343   3.8091   3.5680   0.0000   0.0000
    9.30    1.73600000   1.7360   1.3366   3.8069   3.5550   0.0000   0.0000
    9.30    1.73700000   1.7370   1.3388   3.8036   3.5390   0.0000   0.0000
    9.30    1.73800000   1.7380   1.3405   3.8017   3.5280   0.0000   0.0000
    9.30    1.73900000   1.7390   1.3421   3.7992   3.5140   0.0000   0.0000
    9.30    1.74000000   1.7400   1.3436   3.7968   3.5010   0.0000   0.0000
    9.30    1.74100000   1.7400   1.3443   3.7939   3.4870   0.0000   0.0000
    9.30    1.74200000   1.7410   1.3441   3.7905   3.4720   0.0000   0.0000
    9.30    1.74200000   1.7420   1.3429   3.7867   3.4550   0.0000   0.0000
    9.30    1.74300000   1.7430   1.3410   3.7823   3.4380   0.0000   0.0000
    9.30    1.74400000   1.7440   1.3373   3.7778   3.4220   0.0000   0.0000
    9.30    1.74500000   1.7450   1.3315   3.7724   3.4050   0.0000   0.0000
    9.30    1.74600000   1.7460   1.3225   3.7663   3.3880   0.0000   0.0000
    9.30    1.74700000   1.7470   1.3076   3.7596   3.3750   0.0000   0.0000
    9.30    1.74800000   1.7480   1.2849   3.7516   3.3640   0.0000   0.0000
    9.30    1.74900000   1.7490   1.2489   3.7423   3.3610   0.0000   0.0000
    9.30    1.75000000   1.7500   1.1990   3.7322   3.3680   0.0000   0.0000
    9.30    1.75100000   1.7500   1.1477   3.7213   3.3740   0.0000   0.0000
    9.30    1.75200000   1.7510   1.1172   3.7129   3.3700   0.0000   0.0000
    9.30    1.75300000   1.7520   1.1248   3.7049   3.3310   0.0000   0.0000
    9.30    1.75400000   1.7530   1.1480   3.6981   3.2800   0.0000   0.0000
    9.30    1.75500000   1.7540   1.1977   3.6934   3.2120   0.0000   0.0000
    9.30    1.75600000   1.7550   1.2495   3.6898   3.1460   0.0000   0.0000
    9.30    1.75700000   1.7560   1.3028   3.6869   3.0810   0.0000   0.0000
    9.30    1.75700000   1.7570   1.3580   3.6844   3.0160   0.0000   0.0000
    9.30    1.75800000   1.7580   1.4090   3.6813   2.9530   0.0000   0.0000
    9.30    1.75900000   1.7590   1.4586   3.6782   2.8910   0.0000   0.0000
    9.30    1.76000000   1.7590   1.5083   3.6759   2.8320   0.0000   0.0000
    9.30    1.76100000   1.7600   1.5729   3.6717   2.7510   0.0000   0.0000
    9.30    1.76200000   1.7610   1.6411   3.6668   2.6630   0.0000   0.0000
    9.30    1.76300000   1.7620   1.7086   3.6618   2.5760   0.0000   0.0000
    9.30    1.76400000   1.7620   1.7731   3.6582   2.4970   0.0000   0.0000
    9.30    1.76500000   1.7630   1.8386   3.6539   2.4150   0.0000   0.0000
    9.30    1.76600000   1.7640   1.8960   3.6500   2.3420   0.0000   0.0000
    9.30    1.76700000   1.7640   1.9332   3.6473   2.2940   0.0000   0.0000
    9.30    1.76800000   1.7650   1.9321   3.6476   2.2960   0.0000   0.0000
    9.30    1.76900000   1.7650   1.9134   3.6493   2.3220   0.0000   0.0000
    9.30    1.77000000   1.7650   1.8965   3.6507   2.3450   0.0000   0.0000
    9.30    1.77100000   1.7660   1.9488   3.6468   2.2770   0.0000   0.0000
    9.30    1.77200000   1.7660   2.0214   3.6419   2.1840   0.0000   0.0000
    9.30    1.77300000   1.7660   2.1044   3.6363   2.0790   0.0000   0.0000
    9.30    1.77400000   1.7660   2.1956   3.6300   1.9630   0.0000   0.0000
    9.30    1.77500000   1.7650   2.3051   3.6218   1.8200   0.0000   0.0000
    9.30    1.77500000   1.7630   2.4398   3.6126   1.6480   0.0000   0.0000
    9.30    1.77600000   1.7590   2.6091   3.5999   1.4270   0.0000   0.0000
    9.30    1.77700000   1.7500   2.8259   3.5817   1.1350   0.0000   0.0000
    9.30    1.77800000   1.7030   3.1946   3.5473   0.6170   0.0000   0.0000
# log(age) Mini Mact logl logt logg Composition Phase
    9.35    0.80000000   0.8000  -0.5766   3.6871   4.6190   0.0000   0.0000
    9.35    0.91000000   0.9100  -0.2951   3.7293   4.5620   0.0000   0.0000
    9.35    1.03500000   1.0350   0.0005   3.7664   4.4710   0.0000   0.0000
    9.35    1.17700000   1.1770   0.2876   3.7949   4.3540   0.0000   0.0000
    9.35    1.33900000   1.3390   0.5731   3.8135   4.1990   0.0000   0.0000
    9.35    1.52300000   1.5230   0.8706   3.8107   3.9460   0.0000   0.0000
    9.35    1.62800000   1.6280   1.0558   3.7984   3.7530   0.0000   0.0000
    9.35    1.62900000   1.6290   1.0581   3.7984   3.7510   0.0000   0.0000
    9.35    1.62900000   1.6290   1.0605   3.7985   3.7500   0.0000   0.0000
    9.35    1.63000000   1.6300   1.0630   3.7987   3.7480   0.0000   0.0000
    9.35    1.63100000   1.6310   1.0657   3.7988   3.7460   0.0000   0.0000
    9.35    1.63200000   1.6320   1.0685   3.7990   3.7450   0.0000   0.0000
    9.35    1.63300000   1.6330   1.0713   3.7993   3.7440   0.0000   0.0000
    9.35    1.63400000   1.6340   1.0745   3.7996   3.7420   0.0000   0.0000
    9.35    1.63500000   1.6350   1.0779   3.7999   3.7410   0.0000   0.0000
    9.35    1.63600000   1.6360   1.0816   3.8004   3.7390   0.0000   0.0000
    9.35    1.63600000   1.6360   1.0857   3.8010   3.7380   0.0000   0.0000
    9.35    1.63700000   1.6370   1.0902   3.8018   3.7380   0.0000   0.0000
    9.35    1.63800000   1.6380   1.0953   3.8028   3.7380   0.0000   0.0000
    9.35    1.63900000   1.6390   1.1016   3.8041   3.7370   0.0000   0.0000
    9.35    1.64000000   1.6400   1.1091   3.8057   3.7370   0.0000   0.0000
    9.35    1.64100000   1.6410   1.1190   3.8079   3.7370   0.0000   0.0000
    9.35    1.64200000   1.6420   1.1333   3.8116   3.7390   0.0000   0.0000
    9.35    1.64300000   1.6430   1.1571   3.8190   3.7470   0.0000   0.0000
    9.35    1.64300000   1.6430   1.1929   3.8282   3.7490   0.0000   0.0000
    9.35    1.64400000   1.6440   1.1962   3.8170   3.7000   0.0000   0.0000
    9.35    1.64500000   1.6450   1.2026   3.8141   3.6820   0.0000   0.0000
    9.35    1.64600000   1.6460   1.2057   3.8127   3.6730   0.0000   0.0000
    9.35    1.64700000   1.6470   1.2086   3.8119   3.6670   0.0000   0.0000
    9.35    1.64800000   1.6480   1.2113   3.8108   3.6600   0.0000   0.0000
    9.35    1.64900000   1.6490   1.2141   3.8094   3.6520   0.0000   0.0000
    9.35    1.65000000   1.6500   1.2168   3.8086   3.6460   0.0000   0.0000
    9.35    1.65100000   1.6510   1.2194   3.8076   3.6400   0.0000   0.0000
    9.35    1.65100000   1.6510   1.2220   3.8064   3.6330   0.0000   0.0000
    9.35    1.65200000   1.6520   1.2244   3.8051   3.6250   0.0000   0.0000
    9.35    1.65300000   1.6530   1.2267   3.8043   3.6200   0.0000   0.0000
    9.35    1.65400000   1.6540   1.2291   3.8029   3.6120   0.0000   0.0000
    9.35    1.65500000   1.6550   1.2314   3.8013   3.6040   0.0000   0.0000
    9.35    1.65600000   1.6560   1.2336   3.8003   3.5970   0.0000   0.0000
    9.35    1.65700000   1.6570   1.2358   3.7988   3.5890   0.0000   0.0000
    9.35    1.65800000   1.6580   1.2378   3.7971   3.5800   0.0000   0.0000
    9.35    1.65900000   1.6590   1.2397   3.7958   3.5730   0.0000   0.0000
    9.35    1.65900000   1.6590   1.2414   3.7949   3.5680   0.0000   0.0000
    9.35    1.66000000   1.6600   1.2431   3.7936   3.5600   0.0000   0.0000
    9.35    1.66100000   1.6610   1.2449   3.7923   3.5530   0.0000   0.0000
    9.35    1.66200000   1.6620   1.2465   3.7910   3.5450   0.0000   0.0000
    9.35    1.66300000   1.6630   1.2477   3.7896   3.5380   0.0000   0.0000
    9.35    1.66400000   1.6640   1.2489   3.7880   3.5310   0.0000   0.0000
    9.35    1.66500000   1.6650   1.2496   3.7863   3.5220   0.0000   0.0000
    9.35    1.66600000   1.6660   1.2500   3.7845   3.5140   0.0000   0.0000
    9.35    1.66700000   1.6660   1.2500   3.7825   3.5050   0.0000   0.0000
    9.35    1.66700000   1.6670   1.2498   3.7804   3.4970   0.0000   0.0000
    9.35    1.66800000   1.6680   1.2494   3.7785   3.4890   0.0000   0.0000
    9.35    1.66900000   1.6690   1.2481   3.7760   3.4800   0.0000   0.0000
    9.35    1.67000000   1.6700   1.2461   3.7735   3.4710   0.0000   0.0000
    9.35    1.67100000   1.6710   1.2434   3.7707   3.4630   0.0000   0.0000
    9.35    1.67200000   1.6720   1.2397   3.7675   3.4530   0.0000   0.0000
    9.35    1.67300000   1.6730   1.2345   3.7640   3.4440   0.0000   0.0000
    9.35    1.67400000   1.6730   1.2273   3.7605   3.4370   0.0000   0.0000
    9.35    1.67500000   1.6740   1.2180   3.7569   3.4320   0.0000   0.0000
    9.35    1.67600000   1.6750   1.2053   3.7518   3.4240   0.0000   0.0000
    9.35    1.67600000   1.6760   1.1887   3.7472   3.4210   0.0000   0.0000
    9.35    1.67700000   1.6770   1.1663   3.7415   3.4200   0.0000   0.0000
    9.35    1.67800000   1.6780   1.1401   3.7357   3.4230   0.0000   0.0000
    9.35    1.67900000   1.6790   1.1113   3.7299   3.4270   0.0000   0.0000
    9.35    1.68000000   1.6800   1.0835   3.7232   3.4280   0.0000   0.0000
    9.35    1.68100000   1.6800   1.0606   3.7182   3.4310   0.0000   0.0000
    9.35    1.68200000   1.6810   1.0478   3.7131   3.4230   0.0000   0.0000
    9.35    1.68300000   1.6820   1.0477   3.7080   3.4020   0.0000   0.0000
    9.35    1.68400000   1.6830   1.0595   3.7036   3.3730   0.0000   0.0000
    9.35    1.68500000   1.6840   1.0714   3.6992   3.3440   0.0000   0.0000
    9.35    1.68500000   1.6850   1.0988   3.6963   3.3050   0.0000   0.0000
    9.35    1.68600000   1.6860   1.1277   3.6934   3.2650   0.0000   0.0000
    9.35    1.68700000   1.6870   1.1601   3.6915   3.2250   0.0000   0.0000
    9.35    1.68800000   1.6880   1.1930   3.6897   3.1850   0.0000   0.0000
    9.35    1.68900000   1.6880   1.2262   3.6882   3.1460   0.0000   0.0000
    9.35    1.69000000   1.6890   1.2597   3.6870   3.1070   0.0000   0.0000
    9.35    1.69100000   1.6900   1.2924   3.6854   3.0690   0.0000   0.0000
    9.35    1.69200000   1.6910   1.3239   3.6833   3.0290   0.0000   0.0000
    9.35    1.69300000   1.6920   1.3555   3.6813   2.9900   0.0000   0.0000
    9.35    1.69400000   1.6930   1.3882   3.6801   2.9520   0.0000   0.0000
    9.35    1.69500000   1.6940   1.4210   3.6788   2.9140   0.0000   0.0000
    9.35    1.69500000   1.6940   1.4635   3.6761   2.8610   0.0000   0.0000
    9.35    1.69600000   1.6950   1.5085   3.6730   2.8040   0.0000   0.0000
    9.35    1.69700000   1.6960   1.5512   3.6701   2.7500   0.0000   0.0000
    9.35    1.69800000   1.6970   1.5937   3.6671   2.6960   0.0000   0.0000
    9.35    1.69900000   1.6980   1.6356   3.6646   2.6440   0.0000   0.0000
    9.35    1.70000000   1.6980   1.6772   3.6625   2.5940   0.0000   0.0000
    9.35    1.70100000   1.6990   1.7383   3.6587   2.5180   0.0000   0.0000
    9.35    1.70200000   1.7000   1.8011   3.6545   2.4380   0.0000   0.0000
    9.35    1.70300000   1.7000   1.8609   3.6500   2.3610   0.0000   0.0000
    9.35    1.70400000   1.7010   1.8879   3.6482   2.3270   0.0000   0.0000
    9.35    1.70500000   1.7010   1.8854   3.6486   2.3310   0.0000   0.0000
    9.35    1.70500000   1.7010   1.8351   3.6525   2.3970   0.0000   0.0000
    9.35    1.70600000   1.7020   1.8596   3.6508   2.3660   0.0000   0.0000
    9.35    1.70700000   1.7020   1.9151   3.6470   2.2950   0.0000   0.0000
    9.35    1.70800000   1.7030   1.9904   3.6420   2.2000   0.0000   0.0000
    9.35    1.70900000   1.7030   2.0763   3.6362   2.0910   0.0000   0.0000
    9.35    1.71000000   1.7020   2.1732   3.6293   1.9660   0.0000   0.0000
    9.35    1.71100000   1.7010   2.2828   3.6211   1.8240   0.0000   0.0000
    9.35    1.71200000   1.6990   2.4273   3.6115   1.6400   0.0000   0.0000
    9.35    1.71300000   1.6930   2.6182   3.5967   1.3880   0.0000   0.0000
    9.35    1.71400000   1.6760   2.8766   3.5746   1.0370   0.0000   0.0000
    9.35    1.71500000   1.6240   3.2772   3.5370   0.4730   0.0000   0.0000
# log(age) Mini Mact logl logt logg Composition Phase
    9.40    0.80000000   0.8000  -0.5741   3.6873   4.6170   0.0000   0.0000
    9.40    0.91000000   0.9100  -0.2903   3.7296   4.5590   0.0000   0.0000
    9.40    1.03500000   1.0350   0.0093   3.7668   4.4640   0.0000   0.0000
    9.40    1.17700000   1.1770   0.3013   3.7949   4.3400   0.0000   0.0000
    9.40    1.33900000   1.3390   0.5877   3.8099   4.1690   0.0000   0.0000
    9.40    1.52300000   1.5230   0.8880   3.7939   3.8620   0.0000   0.0000
    9.40    1.53400000   1.5340   0.9132   3.7938   3.8400   0.0000   0.0000
    9.40    1.53400000   1.5340   0.9155   3.7939   3.8380   0.0000   0.0000
    9.40    1.53500000   1.5350   0.9180   3.7940   3.8360   0.0000   0.0000
    9.40    1.53600000   1.5360   0.9206   3.7942   3.8340   0.0000   0.0000
    9.40    1.53700000   1.5370   0.9234   3.7944   3.8330   0.0000   0.0000
    9.40    1.53800000   1.5380   0.9262   3.7946   3.8310   0.0000   0.0000
    9.40    1.53900000   1.5390   0.9293   3.7949   3.8290   0.0000   0.0000
    9.40    1.53900000   1.5390   0.9325   3.7951   3.8280   0.0000   0.0000
    9.40    1.54000000   1.5400   0.9361   3.7955   3.8260   0.0000   0.0000
    9.40    1.54100000   1.5410   0.9401   3.7959   3.8240   0.0000   0.0000
    9.40    1.54200000   1.5420   0.9444   3.7965   3.8220   0.0000   0.0000
    9.40    1.54300000   1.5430   0.9491   3.7972   3.8200   0.0000   0.0000
    9.40    1.54300000   1.5430   0.9546   3.7981   3.8190   0.0000   0.0000
    9.40    1.54400000   1.5440   0.9610   3.7992   3.8170   0.0000   0.0000
    9.40    1.54500000   1.5450   0.9692   3.8007   3.8150   0.0000   0.0000
    9.40    1.54600000   1.5460   0.9796   3.8027   3.8130   0.0000   0.0000
    9.40    1.54700000   1.5470   0.9939   3.8059   3.8120   0.0000   0.0000
    9.40    1.54800000   1.5480   1.0144   3.8109   3.8120   0.0000   0.0000
    9.40    1.54800000   1.5480   1.0451   3.8178   3.8090   0.0000   0.0000
    9.40    1.54900000   1.5490   1.0486   3.8107   3.7780   0.0000   0.0000
    9.40    1.55000000   1.5500   1.0542   3.8086   3.7640   0.0000   0.0000
    9.40    1.55100000   1.5510   1.0576   3.8075   3.7560   0.0000   0.0000
    9.40    1.55200000   1.5520   1.0603   3.8068   3.7510   0.0000   0.0000
    9.40    1.55300000   1.5530   1.0630   3.8061   3.7460   0.0000   0.0000
    9.40    1.55300000   1.5530   1.0655   3.8054   3.7410   0.0000   0.0000
    9.40    1.55400000   1.5540   1.0682   3.8046   3.7350   0.0000   0.0000
    9.40    1.55500000   1.5550   1.0707   3.8039   3.7300   0.0000   0.0000
    9.40    1.55600000   1.5560   1.0732   3.8034   3.7260   0.0000   0.0000
    9.40    1.55700000   1.5570   1.0757   3.8027   3.7210   0.0000   0.0000
    9.40    1.55800000   1.5580   1.0781   3.8020   3.7160   0.0000   0.0000
    9.40    1.55800000   1.5580   1.0804   3.8012   3.7110   0.0000   0.0000
    9.40    1.55900000   1.5590   1.0828   3.8005   3.7060   0.0000   0.0000
    9.40    1.56000000   1.5600   1.0851   3.7999   3.7020   0.0000   0.0000
    9.40    1.56100000   1.5610   1.0874   3.7990   3.6960   0.0000   0.0000
    9.40    1.56200000   1.5620   1.0896   3.7981   3.6900   0.0000   0.0000
    9.40    1.56300000   1.5630   1.0918   3.7974   3.6860   0.0000   0.0000
    9.40    1.56300000   1.5630   1.0940   3.7965   3.6800   0.0000   0.0000
    9.40    1.56400000   1.5640   1.0961   3.7956   3.6750   0.0000   0.0000
    9.40    1.56500000   1.5650   1.0981   3.7945   3.6690   0.0000   0.0000
    9.40    1.56600000   1.5660   1.1000   3.7938   3.6640   0.0000   0.0000
    9.40    1.56700000   1.5670   1.1018   3.7930   3.6590   0.0000   0.0000
    9.40    1.56800000   1.5680   1.1036   3.7920   3.6540   0.0000   0.0000
    9.40    1.56900000   1.5690   1.1053   3.7909   3.6480   0.0000   0.0000
    9.40    1.56900000   1.5690   1.1070   3.7898   3.6420   0.0000   0.0000
    9.40    1.57000000   1.5700   1.1085   3.7887   3.6360   0.0000   0.0000
    9.40    1.57100000   1.5710   1.1098   3.7875   3.6300   0.0000   0.0000
    9.40    1.57200000   1.5720   1.1111   3.7863   3.6240   0.0000   0.0000
    9.40    1.57300000   1.5730   1.1120   3.7849   3.6180   0.0000   0.0000
    9.40    1.57400000   1.5740   1.1128   3.7834   3.6110   0.0000   0.0000
    9.40    1.57400000   1.5740   1.1133   3.7819   3.6050   0.0000   0.0000
    9.40    1.57500000   1.5750   1.1135   3.7803   3.5980   0.0000   0.0000
    9.40    1.57600000   1.5760   1.1135   3.7786   3.5920   0.0000   0.0000
    9.40    1.57700000   1.5770   1.1133   3.7770   3.5860   0.0000   0.0000
    9.40    1.57800000   1.5780   1.1123   3.7750   3.5790   0.0000   0.0000
    9.40    1.57900000   1.5790   1.1109   3.7730   3.5720   0.0000   0.0000
    9.40    1.58000000   1.5790   1.1089   3.7708   3.5660   0.0000   0.0000
    9.40    1.58000000   1.5800   1.1062   3.7681   3.5580   0.0000   0.0000
    9.40    1.58100000   1.5810   1.1026   3.7653   3.5510   0.0000   0.0000
    9.40    1.58200000   1.5820   1.0977   3.7623   3.5430   0.0000   0.0000
    9.40    1.58300000   1.5830   1.0914   3.7590   3.5370   0.0000   0.0000
    9.40    1.58400000   1.5840   1.0837   3.7559   3.5320   0.0000   0.0000
    9.40    1.58500000   1.5840   1.0737   3.7523   3.5280   0.0000   0.0000
    9.40    1.58500000   1.5850   1.0618   3.7486   3.5250   0.0000   0.0000
    9.40    1.58600000   1.5860   1.0474   3.7444   3.5230   0.0000   0.0000
    9.40    1.58700000   1.5870   1.0288   3.7393   3.5210   0.0000   0.0000
    9.40    1.58800000   1.5880   1.0090   3.7344   3.5210   0.0000   0.0000
    9.40    1.58900000   1.5890   0.9872   3.7294   3.5230   0.0000   0.0000
    9.40    1.59000000   1.5890   0.9675   3.7242   3.5220   0.0000   0.0000
    9.40    1.59100000   1.5900   0.9481   3.7187   3.5200   0.0000   0.0000
    9.40    1.59100000   1.5910   0.9352   3.7147   3.5170   0.0000   0.0000
    9.40    1.59200000   1.5920   0.9272   3.7104   3.5080   0.0000   0.0000
    9.40    1.59300000   1.5930   0.9265   3.7063   3.4920   0.0000   0.0000
    9.40    1.59400000   1.5940   0.9349   3.7027   3.4700   0.0000   0.0000
    9.40    1.59500000   1.5950   0.9434   3.6991   3.4470   0.0000   0.0000
    9.40    1.59600000   1.5950   0.9619   3.6965   3.4180   0.0000   0.0000
    9.40    1.59700000   1.5960   0.9829   3.6942   3.3880   0.0000   0.0000
    9.40    1.59700000   1.5970   1.0072   3.6926   3.3580   0.0000   0.0000
    9.40    1.59800000   1.5980   1.0319   3.6910   3.3270   0.0000   0.0000
    9.40    1.59900000   1.5990   1.0566   3.6896   3.2970   0.0000   0.0000
    9.40    1.60000000   1.6000   1.0814   3.6884   3.2670   0.0000   0.0000
    9.40    1.60100000   1.6000   1.1057   3.6869   3.2370   0.0000   0.0000
    9.40    1.60200000   1.6010   1.1300   3.6853   3.2070   0.0000   0.0000
    9.40    1.60300000   1.6020   1.1547   3.6838   3.1760   0.0000   0.0000
    9.40    1.60300000   1.6030   1.1802   3.6826   3.1460   0.0000   0.0000
    9.40    1.60400000   1.6040   1.2074   3.6813   3.1140   0.0000   0.0000
    9.40    1.60500000   1.6050   1.2401   3.6794   3.0740   0.0000   0.0000
    9.40    1.60600000   1.6050   1.2730   3.6775   3.0340   0.0000   0.0000
    9.40    1.60700000   1.6060   1.3057   3.6755   2.9930   0.0000   0.0000
    9.40    1.60800000   1.6070   1.3382   3.6735   2.9530   0.0000   0.0000
    9.40    1.60900000   1.6080   1.3693   3.6719   2.9160   0.0000   0.0000
    9.40    1.60900000   1.6080   1.4008   3.6703   2.8780   0.0000   0.0000
    9.40    1.61000000   1.6090   1.4365   3.6683   2.8340   0.0000   0.0000
    9.40    1.61100000   1.6100   1.4720   3.6663   2.7910   0.0000   0.0000
    9.40    1.61200000   1.6110   1.5052   3.6642   2.7500   0.0000   0.0000
    9.40    1.61300000   1.6110   1.5386   3.6621   2.7080   0.0000   0.0000
    9.40    1.61400000   1.6120   1.5542   3.6613   2.6890   0.0000   0.0000
    9.40    1.61500000   1.6130   1.5690   3.6606   2.6720   0.0000   0.0000
    9.40    1.61500000   1.6130   1.5604   3.6616   2.6850   0.0000   0.0000
    9.40    1.61600000   1.6140   1.5484   3.6628   2.7020   0.0000   0.0000
    9.40    1.61700000   1.6150   1.5680   3.6618   2.6780   0.0000   0.0000
    9.40    1.61800000   1.6150   1.5959   3.6601   2.6440   0.0000   0.0000
    9.40    1.61900000   1.6160   1.6349   3.6579   2.5960   0.0000   0.0000
    9.40    1.62000000   1.6160   1.6781   3.6554   2.5430   0.0000   0.0000
    9.40    1.62100000   1.6170   1.7229   3.6526   2.4870   0.0000   0.0000
    9.40    1.62200000   1.6170   1.7688   3.6495   2.4290   0.0000   0.0000
    9.40    1.62200000   1.6180   1.8241   3.6458   2.3590   0.0000   0.0000
    9.40    1.62300000   1.6180   1.8872   3.6416   2.2790   0.0000   0.0000
    9.40    1.62400000   1.6180   1.9516   3.6373   2.1970   0.0000   0.0000
    9.40    1.62500000   1.6170   2.0179   3.6329   2.1130   0.0000   0.0000
    9.40    1.62600000   1.6160   2.0994   3.6271   2.0080   0.0000   0.0000
    9.40    1.62700000   1.6130   2.2069   3.6188   1.8670   0.0000   0.0000
    9.40    1.62800000   1.6040   2.3425   3.6076   1.6840   0.0000   0.0000
    9.40    1.62900000   1.5810   2.5496   3.5888   1.3960   0.0000   0.0000
# log(age) Mini Mact logl logt logg Composition Phase
    9.45    0.80000000   0.8000  -0.5713   3.6875   4.6150   0.0000   0.0000
    9.45    0.91000000   0.9100  -0.2848   3.7300   4.5550   0.0000   0.0000
    9.45    1.03500000   1.0350   0.0194   3.7672   4.4550   0.0000   0.0000
    9.45    1.17700000   1.1770   0.3164   3.7947   4.3240   0.0000   0.0000
    9.45    1.33900000   1.3390   0.6029   3.8048   4.1340   0.0000   0.0000
    9.45    1.45700000   1.4570   0.7982   3.7901   3.9170   0.0000   0.0000
    9.45    1.45800000   1.4580   0.8001   3.7900   3.9150   0.0000   0.0000
    9.45    1.45900000   1.4590   0.8020   3.7900   3.9130   0.0000   0.0000
    9.45    1.46000000   1.4600   0.8040   3.7900   3.9110   0.0000   0.0000
    9.45    1.46100000   1.4610   0.8061   3.7900   3.9090   0.0000   0.0000
    9.45    1.46100000   1.4610   0.8084   3.7901   3.9080   0.0000   0.0000
    9.45    1.46200000   1.4620   0.8108   3.7902   3.9060   0.0000   0.0000
    9.45    1.46300000   1.4630   0.8134   3.7903   3.9040   0.0000   0.0000
    9.45    1.46400000   1.4640   0.8162   3.7905   3.9020   0.0000   0.0000
    9.45    1.46400000   1.4640   0.8194   3.7907   3.9000   0.0000   0.0000
    9.45    1.46500000   1.4650   0.8230   3.7910   3.8980   0.0000   0.0000
    9.45    1.46600000   1.4660   0.8268   3.7914   3.8960   0.0000   0.0000
    9.45    1.46700000   1.4670   0.8314   3.7919   3.8930   0.0000   0.0000
    9.45    1.46800000   1.4680   0.8368   3.7926   3.8910   0.0000   0.0000
    9.45    1.46800000   1.4680   0.8432   3.7935   3.8890   0.0000   0.0000
    9.45    1.46900000   1.4690   0.8512   3.7949   3.8860   0.0000   0.0000
    9.45    1.47000000   1.4700   0.8627   3.7969   3.8830   0.0000   0.0000
    9.45    1.47100000   1.4710   0.8798   3.8003   3.8800   0.0000   0.0000
    9.45    1.47200000   1.4720   0.9065   3.8057   3.8750   0.0000   0.0000
    9.45    1.47200000   1.4720   0.9320   3.8073   3.8560   0.0000   0.0000
    9.45    1.47300000   1.4730   0.9374   3.8039   3.8380   0.0000   0.0000
    9.45    1.47400000   1.4740   0.9414   3.8027   3.8290   0.0000   0.0000
    9.45    1.47500000   1.4750   0.9443   3.8020   3.8230   0.0000   0.0000
    9.45    1.47500000   1.4750   0.9471   3.8012   3.8180   0.0000   0.0000
    9.45    1.47600000   1.4760   0.9497   3.8005   3.8120   0.0000   0.0000
    9.45    1.47700000   1.4770   0.9523   3.7998   3.8070   0.0000   0.0000
    9.45    1.47800000   1.4780   0.9549   3.7991   3.8020   0.0000   0.0000
    9.45    1.47900000   1.4790   0.9575   3.7984   3.7970   0.0000   0.0000
    9.45    1.47900000   1.4790   0.9600   3.7977   3.7920   0.0000   0.0000
    9.45    1.48000000   1.4800   0.9625   3.7971   3.7870   0.0000   0.0000
    9.45    1.48100000   1.4810   0.9649   3.7963   3.7820   0.0000   0.0000
    9.45    1.48200000   1.4820   0.9672   3.7956   3.7770   0.0000   0.0000
    9.45    1.48300000   1.4830   0.9695   3.7948   3.7720   0.0000   0.0000
    9.45    1.48300000   1.4830   0.9717   3.7940   3.7660   0.0000   0.0000
    9.45    1.48400000   1.4840   0.9739   3.7931   3.7610   0.0000   0.0000
    9.45    1.48500000   1.4850   0.9759   3.7922   3.7560   0.0000   0.0000
    9.45    1.48600000   1.4860   0.9779   3.7913   3.7500   0.0000   0.0000
    9.45    1.48700000   1.4870   0.9797   3.7903   3.7440   0.0000   0.0000
    9.45    1.48700000   1.4870   0.9813   3.7890   3.7380   0.0000   0.0000
    9.45    1.48800000   1.4880   0.9828   3.7877   3.7310   0.0000   0.0000
    9.45    1.48900000   1.4890   0.9841   3.7862   3.7250   0.0000   0.0000
    9.45    1.49000000   1.4900   0.9852   3.7847   3.7180   0.0000   0.0000
    9.45    1.49100000   1.4910   0.9859   3.7831   3.7110   0.0000   0.0000
    9.45    1.49100000   1.4910   0.9863   3.7813   3.7030   0.0000   0.0000
    9.45    1.49200000   1.4920   0.9863   3.7794   3.6960   0.0000   0.0000
    9.45    1.49300000   1.4930   0.9858   3.7774   3.6890   0.0000   0.0000
    9.45    1.49400000   1.4940   0.9846   3.7752   3.6810   0.0000   0.0000
    9.45    1.49500000   1.4950   0.9825   3.7728   3.6740   0.0000   0.0000
    9.45    1.49500000   1.4950   0.9795   3.7702   3.6670   0.0000   0.0000
    9.45    1.49600000   1.4960   0.9750   3.7666   3.6570   0.0000   0.0000
    9.45    1.49700000   1.4970   0.9689   3.7629   3.6490   0.0000   0.0000
    9.45    1.49800000   1.4980   0.9606   3.7587   3.6410   0.0000   0.0000
    9.45    1.49900000   1.4990   0.9496   3.7543   3.6340   0.0000   0.0000
    9.45    1.49900000   1.4990   0.9354   3.7499   3.6310   0.0000   0.0000
    9.45    1.50000000   1.5000   0.9198   3.7457   3.6300   0.0000   0.0000
    9.45    1.50100000   1.5010   0.9066   3.7417   3.6270   0.0000   0.0000
    9.45    1.50200000   1.5020   0.8919   3.7372   3.6240   0.0000   0.0000
    9.45    1.50300000   1.5030   0.8761   3.7327   3.6230   0.0000   0.0000
    9.45    1.50300000   1.5030   0.8605   3.7286   3.6220   0.0000   0.0000
    9.45    1.50400000   1.5040   0.8452   3.7242   3.6200   0.0000   0.0000
    9.45    1.50500000   1.5050   0.8307   3.7193   3.6150   0.0000   0.0000
    9.45    1.50600000   1.5060   0.8193   3.7150   3.6100   0.0000   0.0000
    9.45    1.50700000   1.5070   0.8121   3.7116   3.6030   0.0000   0.0000
    9.45    1.50700000   1.5070   0.8070   3.7079   3.5940   0.0000   0.0000
    9.45    1.50800000   1.5080   0.8061   3.7043   3.5810   0.0000   0.0000
    9.45    1.50900000   1.5090   0.8110   3.7016   3.5650   0.0000   0.0000
    9.45    1.51000000   1.5100   0.8161   3.6989   3.5490   0.0000   0.0000
    9.45    1.51100000   1.5110   0.8256   3.6968   3.5320   0.0000   0.0000
    9.45    1.51200000   1.5110   0.8370   3.6949   3.5130   0.0000   0.0000
    9.45    1.51200000   1.5120   0.8516   3.6936   3.4940   0.0000   0.0000
    9.45    1.51300000   1.5130   0.8665   3.6923   3.4740   0.0000   0.0000
    9.45    1.51400000   1.5140   0.8820   3.6911   3.4530   0.0000   0.0000
    9.45    1.51500000   1.5150   0.8978   3.6898   3.4330   0.0000   0.0000
    9.45    1.51600000   1.5150   0.9148   3.6886   3.4110   0.0000   0.0000
    9.45    1.51600000   1.5160   0.9318   3.6875   3.3900   0.0000   0.0000
    9.45    1.51700000   1.5170   0.9491   3.6863   3.3680   0.0000   0.0000
    9.45    1.51800000   1.5180   0.9667   3.6852   3.3460   0.0000   0.0000
    9.45    1.51900000   1.5190   0.9860   3.6844   3.3240   0.0000   0.0000
    9.45    1.52000000   1.5190   1.0066   3.6837   3.3010   0.0000   0.0000
    9.45    1.52000000   1.5200   1.0276   3.6829   3.2770   0.0000   0.0000
    9.45    1.52100000   1.5210   1.0489   3.6820   3.2520   0.0000   0.0000
    9.45    1.52200000   1.5220   1.0697   3.6810   3.2280   0.0000   0.0000
    9.45    1.52300000   1.5230   1.0905   3.6799   3.2030   0.0000   0.0000
    9.45    1.52400000   1.5230   1.1132   3.6790   3.1770   0.0000   0.0000
    9.45    1.52500000   1.5240   1.1372   3.6782   3.1490   0.0000   0.0000
    9.45    1.52500000   1.5250   1.1600   3.6772   3.1230   0.0000   0.0000
    9.45    1.52600000   1.5260   1.1830   3.6761   3.0960   0.0000   0.0000
    9.45    1.52700000   1.5260   1.2024   3.6753   3.0730   0.0000   0.0000
    9.45    1.52800000   1.5270   1.2211   3.6744   3.0510   0.0000   0.0000
    9.45    1.52900000   1.5280   1.2338   3.6740   3.0370   0.0000   0.0000
    9.45    1.52900000   1.5290   1.2454   3.6736   3.0240   0.0000   0.0000
    9.45    1.53000000   1.5290   1.2670   3.6727   2.9990   0.0000   0.0000
    9.45    1.53100000   1.5300   1.2897   3.6717   2.9730   0.0000   0.0000
    9.45    1.53200000   1.5310   1.3215   3.6705   2.9360   0.0000   0.0000
    9.45    1.53300000   1.5310   1.3536   3.6691   2.8990   0.0000   0.0000
    9.45    1.53400000   1.5320   1.3812   3.6672   2.8640   0.0000   0.0000
    9.45    1.53400000   1.5330   1.4091   3.6653   2.8280   0.0000   0.0000
    9.45    1.53500000   1.5330   1.4568   3.6628   2.7710   0.0000   0.0000
    9.45    1.53600000   1.5340   1.5039   3.6604   2.7140   0.0000   0.0000
    9.45    1.53700000   1.5340   1.5270   3.6589   2.6850   0.0000   0.0000
    9.45    1.53800000   1.5340   1.5511   3.6572   2.6550   0.0000   0.0000
    9.45    1.53900000   1.5340   1.6006   3.6541   2.5930   0.0000   0.0000
    9.45    1.53900000   1.5330   1.6530   3.6508   2.5270   0.0000   0.0000
    9.45    1.54000000   1.5260   1.7636   3.6417   2.3780   0.0000   0.0000
# log(age) Mini Mact logl logt logg Composition Phase
    9.50    0.80000000   0.8000  -0.5680   3.6877   4.6130   0.0000   0.0000
    9.50    0.91000000   0.9100  -0.2785   3.7305   4.5500   0.0000   0.0000
    9.50    1.03500000   1.0350   0.0311   3.7677   4.4460   0.0000   0.0000
    9.50    1.17700000   1.1770   0.3326   3.7938   4.3040   0.0000   0.0000
    9.50    1.33900000   1.3390   0.6171   3.7969   4.0880   0.0000   0.0000
    9.50    1.40000000   1.4000   0.7217   3.7869   3.9630   0.0000   0.0000
    9.50    1.40100000   1.4010   0.7236   3.7869   3.9610   0.0000   0.0000
    9.50    1.40100000   1.4010   0.7256   3.7869   3.9600   0.0000   0.0000
    9.50    1.40200000   1.4020   0.7276   3.7869   3.9580   0.0000   0.0000
    9.50    1.40300000   1.4030   0.7299   3.7870   3.9560   0.0000   0.0000
    9.50    1.40400000   1.4040   0.7322   3.7871   3.9540   0.0000   0.0000
    9.50    1.40400000   1.4040   0.7346   3.7871   3.9520   0.0000   0.0000
    9.50    1.40500000   1.4050   0.7373   3.7873   3.9500   0.0000   0.0000
    9.50    1.40600000   1.4060   0.7404   3.7875   3.9490   0.0000   0.0000
    9.50    1.40700000   1.4070   0.7437   3.7878   3.9470   0.0000   0.0000
    9.50    1.40700000   1.4070   0.7473   3.7881   3.9440   0.0000   0.0000
    9.50    1.40800000   1.4080   0.7515   3.7885   3.9420   0.0000   0.0000
    9.50    1.40900000   1.4090   0.7565   3.7891   3.9400   0.0000   0.0000
    9.50    1.41000000   1.4100   0.7622   3.7899   3.9380   0.0000   0.0000
    9.50    1.41000000   1.4100   0.7692   3.7910   3.9350   0.0000   0.0000
    9.50    1.41100000   1.4110   0.7788   3.7926   3.9320   0.0000   0.0000
    9.50    1.41200000   1.4120   0.7919   3.7949   3.9280   0.0000   0.0000
    9.50    1.41300000   1.4130   0.8124   3.7989   3.9240   0.0000   0.0000
    9.50    1.41300000   1.4130   0.8451   3.8042   3.9130   0.0000   0.0000
    9.50    1.41400000   1.4140   0.8565   3.8020   3.8930   0.0000   0.0000
    9.50    1.41500000   1.4150   0.8612   3.8003   3.8820   0.0000   0.0000
    9.50    1.41600000   1.4160   0.8645   3.7995   3.8750   0.0000   0.0000
    9.50    1.41700000   1.4170   0.8672   3.7989   3.8710   0.0000   0.0000
    9.50    1.41700000   1.4170   0.8699   3.7983   3.8660   0.0000   0.0000
    9.50    1.41800000   1.4180   0.8724   3.7977   3.8610   0.0000   0.0000
    9.50    1.41900000   1.4190   0.8749   3.7972   3.8570   0.0000   0.0000
    9.50    1.42000000   1.4200   0.8774   3.7967   3.8520   0.0000   0.0000
    9.50    1.42000000   1.4200   0.8799   3.7961   3.8480   0.0000   0.0000
    9.50    1.42100000   1.4210   0.8823   3.7956   3.8440   0.0000   0.0000
    9.50    1.42200000   1.4220   0.8847   3.7950   3.8390   0.0000   0.0000
    9.50    1.42300000   1.4230   0.8871   3.7945   3.8350   0.0000   0.0000
    9.50    1.42300000   1.4230   0.8894   3.7939   3.8310   0.0000   0.0000
    9.50    1.42400000   1.4240   0.8917   3.7933   3.8260   0.0000   0.0000
    9.50    1.42500000   1.4250   0.8940   3.7927   3.8220   0.0000   0.0000
    9.50    1.42600000   1.4260   0.8962   3.7921   3.8170   0.0000   0.0000
    9.50    1.42600000   1.4260   0.8984   3.7914   3.8130   0.0000   0.0000
    9.50    1.42700000   1.4270   0.9005   3.7907   3.8080   0.0000   0.0000
    9.50    1.42800000   1.4280   0.9026   3.7900   3.8030   0.0000   0.0000
    9.50    1.42900000   1.4290   0.9045   3.7893   3.7990   0.0000   0.0000
    9.50    1.43000000   1.4300   0.9065   3.7885   3.7940   0.0000   0.0000
    9.50    1.43000000   1.4300   0.9083   3.7877   3.7890   0.0000   0.0000
    9.50    1.43100000   1.4310   0.9100   3.7868   3.7840   0.0000   0.0000
    9.50    1.43200000   1.4320   0.9116   3.7857   3.7780   0.0000   0.0000
    9.50    1.43300000   1.4330   0.9131   3.7846   3.7720   0.0000   0.0000
    9.50    1.43300000   1.4330   0.9145   3.7835   3.7670   0.0000   0.0000
    9.50    1.43400000   1.4340   0.9157   3.7823   3.7610   0.0000   0.0000
    9.50    1.43500000   1.4350   0.9166   3.7810   3.7550   0.0000   0.0000
    9.50    1.43600000   1.4360   0.9174   3.7797   3.7490   0.0000   0.0000
    9.50    1.43600000   1.4360   0.9179   3.7782   3.7430   0.0000   0.0000
    9.50    1.43700000   1.4370   0.9181   3.7766   3.7370   0.0000   0.0000
    9.50    1.43800000   1.4380   0.9179   3.7749   3.7300   0.0000   0.0000
    9.50    1.43900000   1.4390   0.9172   3.7730   3.7240   0.0000   0.0000
    9.50    1.44000000   1.4400   0.9158   3.7709   3.7170   0.0000   0.0000
    9.50    1.44000000   1.4400   0.9138   3.7687   3.7110   0.0000   0.0000
    9.50    1.44100000   1.4410   0.9109   3.7661   3.7030   0.0000   0.0000
    9.50    1.44200000   1.4420   0.9069   3.7630   3.6950   0.0000   0.0000
    9.50    1.44300000   1.4430   0.9018   3.7600   3.6890   0.0000   0.0000
    9.50    1.44300000   1.4430   0.8951   3.7566   3.6820   0.0000   0.0000
    9.50    1.44400000   1.4440   0.8864   3.7531   3.6770   0.0000   0.0000
    9.50    1.44500000   1.4450   0.8753   3.7491   3.6720   0.0000   0.0000
    9.50    1.44600000   1.4460   0.8619   3.7451   3.6690   0.0000   0.0000
    9.50    1.44600000   1.4460   0.8460   3.7404   3.6670   0.0000   0.0000
    9.50    1.44700000   1.4470   0.8274   3.7349   3.6640   0.0000   0.0000
    9.50    1.44800000   1.4480   0.8087   3.7295   3.6610   0.0000   0.0000
    9.50    1.44900000   1.4490   0.7900   3.7243   3.6590   0.0000   0.0000
    9.50    1.45000000   1.4500   0.7723   3.7183   3.6530   0.0000   0.0000
    9.50    1.45000000   1.4500   0.7586   3.7129   3.6450   0.0000   0.0000
    9.50    1.45100000   1.4510   0.7508   3.7085   3.6360   0.0000   0.0000
    9.50    1.45200000   1.4520   0.7473   3.7039   3.6210   0.0000   0.0000
    9.50    1.45300000   1.4530   0.7514   3.7003   3.6030   0.0000   0.0000
    9.50    1.45300000   1.4530   0.7573   3.6971   3.5840   0.0000   0.0000
    9.50    1.45400000   1.4540   0.7684   3.6948   3.5640   0.0000   0.0000
    9.50    1.45500000   1.4550   0.7830   3.6932   3.5440   0.0000   0.0000
    9.50    1.45600000   1.4560   0.7986   3.6917   3.5220   0.0000   0.0000
    9.50    1.45700000   1.4570   0.8148   3.6900   3.4990   0.0000   0.0000
    9.50    1.45700000   1.4570   0.8341   3.6888   3.4750   0.0000   0.0000
    9.50    1.45800000   1.4580   0.8534   3.6875   3.4510   0.0000   0.0000
    9.50    1.45900000   1.4590   0.8717   3.6859   3.4270   0.0000   0.0000
    9.50    1.46000000   1.4600   0.8923   3.6851   3.4030   0.0000   0.0000
    9.50    1.46100000   1.4600   0.9137   3.6844   3.3790   0.0000   0.0000
    9.50    1.46100000   1.4610   0.9355   3.6836   3.3550   0.0000   0.0000
    9.50    1.46200000   1.4620   0.9575   3.6826   3.3290   0.0000   0.0000
    9.50    1.46300000   1.4630   0.9803   3.6818   3.3030   0.0000   0.0000
    9.50    1.46400000   1.4630   1.0042   3.6812   3.2770   0.0000   0.0000
    9.50    1.46400000   1.4640   1.0286   3.6805   3.2500   0.0000   0.0000
    9.50    1.46500000   1.4650   1.0535   3.6795   3.2210   0.0000   0.0000
    9.50    1.46600000   1.4660   1.0793   3.6784   3.1910   0.0000   0.0000
    9.50    1.46700000   1.4660   1.1060   3.6774   3.1610   0.0000   0.0000
    9.50    1.46800000   1.4670   1.1331   3.6765   3.1300   0.0000   0.0000
    9.50    1.46800000   1.4680   1.1698   3.6753   3.0890   0.0000   0.0000
    9.50    1.46900000   1.4680   1.2012   3.6739   3.0520   0.0000   0.0000
    9.50    1.47000000   1.4690   1.2329   3.6721   3.0130   0.0000   0.0000
    9.50    1.47100000   1.4700   1.2853   3.6701   2.9530   0.0000   0.0000
    9.50    1.47200000   1.4710   1.2954   3.6696   2.9410   0.0000   0.0000
    9.50    1.47200000   1.4710   1.3147   3.6690   2.9200   0.0000   0.0000
    9.50    1.47300000   1.4720   1.3622   3.6668   2.8640   0.0000   0.0000
# log(age) Mini Mact logl logt logg Composition Phase
    9.55    0.80000000   0.8000  -0.5641   3.6881   4.6100   0.0000   0.0000
    9.55    0.91000000   0.9100  -0.2711   3.7310   4.5450   0.0000   0.0000
    9.55    1.03500000   1.0350   0.0447   3.7682   4.4340   0.0000   0.0000
    9.55    1.17700000   1.1770   0.3500   3.7917   4.2790   0.0000   0.0000
    9.55    1.33900000   1.3390   0.6320   3.7845   4.0240   0.0000   0.0000
    9.55    1.34500000   1.3450   0.6452   3.7839   4.0100   0.0000   0.0000
    9.55    1.34500000   1.3450   0.6471   3.7839   4.0080   0.0000   0.0000
    9.55    1.34600000   1.3460   0.6490   3.7839   4.0070   0.0000   0.0000
    9.55    1.34700000   1.3470   0.6512   3.7839   4.0050   0.0000   0.0000
    9.55    1.34800000   1.3480   0.6535   3.7840   4.0030   0.0000   0.0000
    9.55    1.34800000   1.3480   0.6558   3.7840   4.0010   0.0000   0.0000
    9.55    1.34900000   1.3490   0.6584   3.7841   3.9990   0.0000   0.0000
    9.55    1.35000000   1.3500   0.6613   3.7843   3.9970   0.0000   0.0000
    9.55    1.35000000   1.3500   0.6645   3.7845   3.9950   0.0000   0.0000
    9.55    1.35100000   1.3510   0.6679   3.7848   3.9930   0.0000   0.0000
    9.55    1.35200000   1.3520   0.6718   3.7851   3.9910   0.0000   0.0000
    9.55    1.35300000   1.3530   0.6762   3.7857   3.9890   0.0000   0.0000
    9.55    1.35300000   1.3530   0.6815   3.7864   3.9860   0.0000   0.0000
    9.55    1.35400000   1.3540   0.6878   3.7872   3.9840   0.0000   0.0000
    9.55    1.35500000   1.3550   0.6957   3.7884   3.9810   0.0000   0.0000
    9.55    1.35600000   1.3560   0.7064   3.7902   3.9770   0.0000   0.0000
    9.55    1.35600000   1.3560   0.7222   3.7930   3.9730   0.0000   0.0000
    9.55    1.35700000   1.3570   0.7465   3.7972   3.9660   0.0000   0.0000
    9.55    1.35800000   1.3580   0.7748   3.7998   3.9480   0.0000   0.0000
    9.55    1.35800000   1.3580   0.7814   3.7974   3.9320   0.0000   0.0000
    9.55    1.35900000   1.3590   0.7848   3.7968   3.9270   0.0000   0.0000
    9.55    1.36000000   1.3600   0.7876   3.7962   3.9220   0.0000   0.0000
    9.55    1.36100000   1.3610   0.7902   3.7958   3.9180   0.0000   0.0000
    9.55    1.36100000   1.3610   0.7927   3.7954   3.9140   0.0000   0.0000
    9.55    1.36200000   1.3620   0.7952   3.7949   3.9090   0.0000   0.0000
    9.55    1.36300000   1.3630   0.7976   3.7944   3.9050   0.0000   0.0000
    9.55    1.36400000   1.3640   0.8001   3.7940   3.9020   0.0000   0.0000
    9.55    1.36400000   1.3640   0.8025   3.7936   3.8980   0.0000   0.0000
    9.55    1.36500000   1.3650   0.8049   3.7931   3.8930   0.0000   0.0000
    9.55    1.36600000   1.3660   0.8072   3.7927   3.8900   0.0000   0.0000
    9.55    1.36700000   1.3670   0.8095   3.7923   3.8860   0.0000   0.0000
    9.55    1.36700000   1.3670   0.8118   3.7918   3.8820   0.0000   0.0000
    9.55    1.36800000   1.3680   0.8141   3.7914   3.8780   0.0000   0.0000
    9.55    1.36900000   1.3690   0.8164   3.7909   3.8740   0.0000   0.0000
    9.55    1.36900000   1.3690   0.8186   3.7904   3.8700   0.0000   0.0000
    9.55    1.37000000   1.3700   0.8208   3.7899   3.8660   0.0000   0.0000
    9.55    1.37100000   1.3710   0.8229   3.7893   3.8620   0.0000   0.0000
    9.55    1.37200000   1.3720   0.8251   3.7888   3.8580   0.0000   0.0000
    9.55    1.37200000   1.3720   0.8272   3.7882   3.8540   0.0000   0.0000
    9.55    1.37300000   1.3730   0.8292   3.7876   3.8500   0.0000   0.0000
    9.55    1.37400000   1.3740   0.8312   3.7870   3.8460   0.0000   0.0000
    9.55    1.37500000   1.3750   0.8331   3.7864   3.8420   0.0000   0.0000
    9.55    1.37500000   1.3750   0.8351   3.7857   3.8370   0.0000   0.0000
    9.55    1.37600000   1.3760   0.8369   3.7850   3.8330   0.0000   0.0000
    9.55    1.37700000   1.3770   0.8387   3.7843   3.8280   0.0000   0.0000
    9.55    1.37800000   1.3780   0.8403   3.7835   3.8240   0.0000   0.0000
    9.55    1.37800000   1.3780   0.8420   3.7826   3.8190   0.0000   0.0000
    9.55    1.37900000   1.3790   0.8435   3.7817   3.8140   0.0000   0.0000
    9.55    1.38000000   1.3800   0.8449   3.7808   3.8090   0.0000   0.0000
    9.55    1.38100000   1.3810   0.8462   3.7799   3.8040   0.0000   0.0000
    9.55    1.38100000   1.3810   0.8473   3.7789   3.7990   0.0000   0.0000
    9.55    1.38200000   1.3820   0.8483   3.7778   3.7940   0.0000   0.0000
    9.55    1.38300000   1.3830   0.8491   3.7767   3.7890   0.0000   0.0000
    9.55    1.38300000   1.3830   0.8497   3.7754   3.7840   0.0000   0.0000
    9.55    1.38400000   1.3840   0.8500   3.7740   3.7780   0.0000   0.0000
    9.55    1.38500000   1.3850   0.8501   3.7725   3.7720   0.0000   0.0000
    9.55    1.38600000   1.3860   0.8497   3.7708   3.7660   0.0000   0.0000
    9.55    1.38600000   1.3860   0.8489   3.7690   3.7600   0.0000   0.0000
    9.55    1.38700000   1.3870   0.8476   3.7671   3.7540   0.0000   0.0000
    9.55    1.38800000   1.3880   0.8457   3.7650   3.7470   0.0000   0.0000
    9.55    1.38900000   1.3890   0.8431   3.7625   3.7410   0.0000   0.0000
    9.55    1.38900000   1.3890   0.8396   3.7600   3.7340   0.0000   0.0000
    9.55    1.39000000   1.3900   0.8353   3.7575   3.7290   0.0000   0.0000
    9.55    1.39100000   1.3910   0.8298   3.7547   3.7230   0.0000   0.0000
    9.55    1.39200000   1.3920   0.8229   3.7519   3.7190   0.0000   0.0000
    9.55    1.39200000   1.3920   0.8140   3.7482   3.7140   0.0000   0.0000
    9.55    1.39300000   1.3930   0.8035   3.7445   3.7090   0.0000   0.0000
    9.55    1.39400000   1.3940   0.7914   3.7407   3.7070   0.0000   0.0000
    9.55    1.39500000   1.3950   0.7776   3.7365   3.7040   0.0000   0.0000
    9.55    1.39500000   1.3950   0.7622   3.7317   3.7000   0.0000   0.0000
    9.55    1.39600000   1.3960   0.7478   3.7273   3.6970   0.0000   0.0000
    9.55    1.39700000   1.3970   0.7330   3.7227   3.6940   0.0000   0.0000
    9.55    1.39800000   1.3980   0.7191   3.7177   3.6880   0.0000   0.0000
    9.55    1.39800000   1.3980   0.7080   3.7130   3.6810   0.0000   0.0000
    9.55    1.39900000   1.3990   0.7008   3.7092   3.6730   0.0000   0.0000
    9.55    1.40000000   1.4000   0.6961   3.7051   3.6610   0.0000   0.0000
    9.55    1.40100000   1.4010   0.6961   3.7016   3.6480   0.0000   0.0000
    9.55    1.40100000   1.4010   0.7002   3.6987   3.6320   0.0000   0.0000
    9.55    1.40200000   1.4020   0.7057   3.6960   3.6160   0.0000   0.0000
    9.55    1.40300000   1.4030   0.7146   3.6941   3.6000   0.0000   0.0000
    9.55    1.40400000   1.4040   0.7262   3.6928   3.5830   0.0000   0.0000
    9.55    1.40400000   1.4040   0.7390   3.6919   3.5670   0.0000   0.0000
    9.55    1.40500000   1.4050   0.7519   3.6904   3.5480   0.0000   0.0000
    9.55    1.40600000   1.4060   0.7661   3.6891   3.5290   0.0000   0.0000
    9.55    1.40700000   1.4070   0.7831   3.6885   3.5100   0.0000   0.0000
    9.55    1.40700000   1.4070   0.7988   3.6873   3.4900   0.0000   0.0000
    9.55    1.40800000   1.4080   0.8137   3.6857   3.4690   0.0000   0.0000
    9.55    1.40900000   1.4090   0.8310   3.6850   3.4490   0.0000   0.0000
    9.55    1.41000000   1.4100   0.8490   3.6844   3.4290   0.0000   0.0000
    9.55    1.41000000   1.4100   0.8673   3.6836   3.4070   0.0000   0.0000
    9.55    1.41100000   1.4110   0.8863   3.6828   3.3860   0.0000   0.0000
    9.55    1.41200000   1.4120   0.9057   3.6821   3.3640   0.0000   0.0000
    9.55    1.41300000   1.4120   0.9259   3.6816   3.3410   0.0000   0.0000
    9.55    1.41300000   1.4130   0.9468   3.6810   3.3180   0.0000   0.0000
    9.55    1.41400000   1.4140   0.9682   3.6804   3.2950   0.0000   0.0000
    9.55    1.41500000   1.4150   0.9904   3.6797   3.2700   0.0000   0.0000
    9.55    1.41600000   1.4150   1.0135   3.6789   3.2440   0.0000   0.0000
    9.55    1.41700000   1.4160   1.0373   3.6781   3.2170   0.0000   0.0000
    9.55    1.41700000   1.4170   1.0624   3.6772   3.1890   0.0000   0.0000
    9.55    1.41800000   1.4170   1.0920   3.6761   3.1550   0.0000   0.0000
    9.55    1.41900000   1.4180   1.1268   3.6748   3.1150   0.0000   0.0000
    9.55    1.42000000   1.4190   1.1522   3.6736   3.0850   0.0000   0.0000
    9.55    1.42000000   1.4200   1.1827   3.6724   3.0500   0.0000   0.0000
    9.55    1.42100000   1.4200   1.2223   3.6710   3.0050   0.0000   0.0000
    9.55    1.42200000   1.4210   1.2427   3.6699   2.9800   0.0000   0.0000
    9.55    1.42300000   1.4220   1.2654   3.6691   2.9550   0.0000   0.0000
    9.55    1.42300000   1.4220   1.2930   3.6683   2.9240   0.0000   0.0000
    9.55    1.42400000   1.4230   1.3770   3.6634   2.8210   0.0000   0.0000
# log(age) Mini Mact logl logt logg Composition Phase
    9.60    0.80000000   0.8000  -0.5597   3.6884   4.6070   0.0000   0.0000
    9.60    0.91000000   0.9100  -0.2626   3.7316   4.5390   0.0000   0.0000
    9.60    1.03500000   1.0350   0.0605   3.7688   4.4200   0.0000   0.0000
    9.60    1.17700000   1.1770   0.3684   3.7884   4.2470   0.0000   0.0000
    9.60    1.29300000   1.2930   0.5724   3.7821   4.0590   0.0000   0.0000
    9.60    1.29400000   1.2940   0.5742   3.7821   4.0570   0.0000   0.0000
    9.60    1.29400000   1.2940   0.5761   3.7820   4.0550   0.0000   0.0000
    9.60    1.29500000   1.2950   0.5783   3.7821   4.0530   0.0000   0.0000
    9.60    1.29600000   1.2960   0.5805   3.7821   4.0520   0.0000   0.0000
    9.60    1.29700000   1.2970   0.5828   3.7822   4.0500   0.0000   0.0000
    9.60    1.29700000   1.2970   0.5853   3.7823   4.0480   0.0000   0.0000
    9.60    1.29800000   1.2980   0.5880   3.7824   4.0460   0.0000   0.0000
    9.60    1.29900000   1.2990   0.5910   3.7827   4.0440   0.0000   0.0000
    9.60    1.29900000   1.2990   0.5944   3.7829   4.0420   0.0000   0.0000
    9.60    1.30000000   1.3000   0.5982   3.7833   4.0400   0.0000   0.0000
    9.60    1.30100000   1.3010   0.6024   3.7838   4.0380   0.0000   0.0000
    9.60    1.30100000   1.3010   0.6073   3.7841   4.0340   0.0000   0.0000
    9.60    1.30200000   1.3020   0.6133   3.7848   4.0320   0.0000   0.0000
    9.60    1.30300000   1.3030   0.6206   3.7859   4.0290   0.0000   0.0000
    9.60    1.30300000   1.3030   0.6304   3.7874   4.0250   0.0000   0.0000
    9.60    1.30400000   1.3040   0.6444   3.7898   4.0210   0.0000   0.0000
    9.60    1.30500000   1.3050   0.6658   3.7931   4.0130   0.0000   0.0000
    9.60    1.30600000   1.3060   0.6945   3.7964   3.9980   0.0000   0.0000
    9.60    1.30600000   1.3060   0.7031   3.7952   3.9850   0.0000   0.0000
    9.60    1.30700000   1.3070   0.7078   3.7941   3.9760   0.0000   0.0000
    9.60    1.30800000   1.3080   0.7108   3.7936   3.9710   0.0000   0.0000
    9.60    1.30800000   1.3080   0.7133   3.7933   3.9680   0.0000   0.0000
    9.60    1.30900000   1.3090   0.7157   3.7930   3.9640   0.0000   0.0000
    9.60    1.31000000   1.3100   0.7182   3.7926   3.9610   0.0000   0.0000
    9.60    1.31100000   1.3110   0.7206   3.7922   3.9570   0.0000   0.0000
    9.60    1.31100000   1.3110   0.7229   3.7919   3.9530   0.0000   0.0000
    9.60    1.31200000   1.3120   0.7252   3.7916   3.9500   0.0000   0.0000
    9.60    1.31300000   1.3130   0.7275   3.7912   3.9460   0.0000   0.0000
    9.60    1.31300000   1.3130   0.7298   3.7909   3.9430   0.0000   0.0000
    9.60    1.31400000   1.3140   0.7321   3.7905   3.9390   0.0000   0.0000
    9.60    1.31500000   1.3150   0.7344   3.7902   3.9360   0.0000   0.0000
    9.60    1.31500000   1.3150   0.7367   3.7898   3.9330   0.0000   0.0000
    9.60    1.31600000   1.3160   0.7389   3.7895   3.9290   0.0000   0.0000
    9.60    1.31700000   1.3170   0.7412   3.7891   3.9260   0.0000   0.0000
    9.60    1.31800000   1.3180   0.7434   3.7888   3.9220   0.0000   0.0000
    9.60    1.31800000   1.3180   0.7456   3.7883   3.9190   0.0000   0.0000
    9.60    1.31900000   1.3190   0.7478   3.7879   3.9150   0.0000   0.0000
    9.60    1.32000000   1.3200   0.7500   3.7875   3.9120   0.0000   0.0000
    9.60    1.32000000   1.3200   0.7521   3.7871   3.9080   0.0000   0.0000
    9.60    1.32100000   1.3210   0.7543   3.7866   3.9040   0.0000   0.0000
    9.60    1.32200000   1.3220   0.7564   3.7861   3.9000   0.0000   0.0000
    9.60    1.32300000   1.3230   0.7585   3.7856   3.8960   0.0000   0.0000
    9.60    1.32300000   1.3230   0.7606   3.7851   3.8930   0.0000   0.0000
    9.60    1.32400000   1.3240   0.7626   3.7846   3.8890   0.0000   0.0000
    9.60    1.32500000   1.3250   0.7646   3.7841   3.8850   0.0000   0.0000
    9.60    1.32500000   1.3250   0.7666   3.7835   3.8810   0.0000   0.0000
    9.60    1.32600000   1.3260   0.7685   3.7829   3.8770   0.0000   0.0000
    9.60    1.32700000   1.3270   0.7704   3.7823   3.8720   0.0000   0.0000
    9.60    1.32700000   1.3270   0.7723   3.7816   3.8680   0.0000   0.0000
    9.60    1.32800000   1.3280   0.7740   3.7809   3.8640   0.0000   0.0000
    9.60    1.32900000   1.3290   0.7757   3.7802   3.8590   0.0000   0.0000
    9.60    1.33000000   1.3300   0.7774   3.7794   3.8550   0.0000   0.0000
    9.60    1.33000000   1.3300   0.7789   3.7786   3.8500   0.0000   0.0000
    9.60    1.33100000   1.3310   0.7803   3.7777   3.8460   0.0000   0.0000
    9.60    1.33200000   1.3320   0.7817   3.7768   3.8410   0.0000   0.0000
    9.60    1.33200000   1.3320   0.7828   3.7758   3.8360   0.0000   0.0000
    9.60    1.33300000   1.3330   0.7839   3.7748   3.8310   0.0000   0.0000
    9.60    1.33400000   1.3340   0.7847   3.7736   3.8260   0.0000   0.0000
    9.60    1.33500000   1.3350   0.7853   3.7723   3.8200   0.0000   0.0000
    9.60    1.33500000   1.3350   0.7856   3.7709   3.8140   0.0000   0.0000
    9.60    1.33600000   1.3360   0.7856   3.7693   3.8080   0.0000   0.0000
    9.60    1.33700000   1.3370   0.7853   3.7676   3.8020   0.0000   0.0000
    9.60    1.33800000   1.3380   0.7846   3.7658   3.7960   0.0000   0.0000
    9.60    1.33800000   1.3380   0.7833   3.7639   3.7900   0.0000   0.0000
    9.60    1.33900000   1.3390   0.7814   3.7617   3.7830   0.0000   0.0000
    9.60    1.34000000   1.3400   0.7787   3.7594   3.7770   0.0000   0.0000
    9.60    1.34000000   1.3400   0.7751   3.7571   3.7710   0.0000   0.0000
    9.60    1.34100000   1.3410   0.7706   3.7545   3.7660   0.0000   0.0000
    9.60    1.34200000   1.3420   0.7648   3.7519   3.7620   0.0000   0.0000
    9.60    1.34300000   1.3430   0.7575   3.7487   3.7560   0.0000   0.0000
    9.60    1.34300000   1.3430   0.7486   3.7449   3.7500   0.0000   0.0000
    9.60    1.34400000   1.3440   0.7380   3.7411   3.7460   0.0000   0.0000
    9.60    1.34500000   1.3450   0.7261   3.7373   3.7430   0.0000   0.0000
    9.60    1.34500000   1.3450   0.7127   3.7330   3.7390   0.0000   0.0000
    9.60    1.34600000   1.3460   0.6982   3.7282   3.7350   0.0000   0.0000
    9.60    1.34700000   1.3470   0.6844   3.7238   3.7310   0.0000   0.0000
    9.60    1.34800000   1.3480   0.6710   3.7189   3.7250   0.0000   0.0000
    9.60    1.34800000   1.3480   0.6596   3.7143   3.7190   0.0000   0.0000
    9.60    1.34900000   1.3490   0.6504   3.7096   3.7090   0.0000   0.0000
    9.60    1.35000000   1.3500   0.6461   3.7063   3.7000   0.0000   0.0000
    9.60    1.35000000   1.3500   0.6437   3.7025   3.6880   0.0000   0.0000
    9.60    1.35100000   1.3510   0.6452   3.6997   3.6750   0.0000   0.0000
    9.60    1.35200000   1.3520   0.6486   3.6972   3.6620   0.0000   0.0000
    9.60    1.35300000   1.3530   0.6537   3.6951   3.6490   0.0000   0.0000
    9.60    1.35300000   1.3530   0.6609   3.6933   3.6350   0.0000   0.0000
    9.60    1.35400000   1.3540   0.6704   3.6923   3.6210   0.0000   0.0000
    9.60    1.35500000   1.3550   0.6813   3.6917   3.6080   0.0000   0.0000
    9.60    1.35600000   1.3560   0.6918   3.6906   3.5940   0.0000   0.0000
    9.60    1.35600000   1.3560   0.7019   3.6892   3.5780   0.0000   0.0000
    9.60    1.35700000   1.3570   0.7155   3.6888   3.5630   0.0000   0.0000
    9.60    1.35800000   1.3580   0.7301   3.6885   3.5480   0.0000   0.0000
    9.60    1.35800000   1.3580   0.7425   3.6870   3.5300   0.0000   0.0000
    9.60    1.35900000   1.3590   0.7550   3.6855   3.5110   0.0000   0.0000
    9.60    1.36000000   1.3600   0.7697   3.6849   3.4940   0.0000   0.0000
    9.60    1.36100000   1.3600   0.7848   3.6843   3.4770   0.0000   0.0000
    9.60    1.36100000   1.3610   0.8005   3.6835   3.4580   0.0000   0.0000
    9.60    1.36200000   1.3620   0.8169   3.6829   3.4400   0.0000   0.0000
    9.60    1.36300000   1.3630   0.8340   3.6824   3.4210   0.0000   0.0000
    9.60    1.36400000   1.3630   0.8515   3.6819   3.4020   0.0000   0.0000
    9.60    1.36400000   1.3640   0.8694   3.6813   3.3820   0.0000   0.0000
    9.60    1.36500000   1.3650   0.8881   3.6808   3.3610   0.0000   0.0000
    9.60    1.36600000   1.3650   0.9072   3.6803   3.3400   0.0000   0.0000
    9.60    1.36700000   1.3660   0.9273   3.6798   3.3180   0.0000   0.0000
    9.60    1.36700000   1.3670   0.9481   3.6792   3.2960   0.0000   0.0000
    9.60    1.36800000   1.3680   0.9698   3.6787   3.2720   0.0000   0.0000
    9.60    1.36900000   1.3680   0.9929   3.6779   3.2460   0.0000   0.0000
    9.60    1.36900000   1.3690   1.0168   3.6770   3.2180   0.0000   0.0000
    9.60    1.37000000   1.3700   1.0492   3.6756   3.1810   0.0000   0.0000
    9.60    1.37100000   1.3700   1.0788   3.6745   3.1470   0.0000   0.0000
    9.60    1.37200000   1.3710   1.1025   3.6737   3.1200   0.0000   0.0000
    9.60    1.37200000   1.3720   1.1293   3.6728   3.0900   0.0000   0.0000
    9.60    1.37300000   1.3720   1.1586   3.6718   3.0570   0.0000   0.0000
    9.60    1.37400000   1.3730   1.1881   3.6704   3.0220   0.0000   0.0000
    9.60    1.37500000   1.3730   1.2163   3.6692   2.9890   0.0000   0.0000
    9.60    1.37500000   1.3740   1.2417   3.6684   2.9610   0.0000   0.0000
    9.60    1.37600000   1.3750   1.3070   3.6651   2.8820   0.0000   0.0000
# log(age) Mini Mact logl logt logg Composition Phase
    9.65    0.80000000   0.8000  -0.5545   3.6889   4.6040   0.0000   0.0000
    9.65    0.91000000   0.9100  -0.2527   3.7323   4.5320   0.0000   0.0000
    9.65    1.03500000   1.0350   0.0790   3.7694   4.4050   0.0000   0.0000
    9.65    1.17700000   1.1770   0.3872   3.7831   4.2070   0.0000   0.0000
    9.65    1.24400000   1.2440   0.5079   3.7806   4.1000   0.0000   0.0000
    9.65    1.24500000   1.2450   0.5095   3.7807   4.0990   0.0000   0.0000
    9.65    1.24500000   1.2450   0.5112   3.7807   4.0980   0.0000   0.0000
    9.65    1.24600000   1.2460   0.5128   3.7808   4.0970   0.0000   0.0000
    9.65    1.24700000   1.2470   0.5146   3.7809   4.0960   0.0000   0.0000
    9.65    1.24700000   1.2470   0.5164   3.7810   4.0940   0.0000   0.0000
    9.65    1.24800000   1.2480   0.5182   3.7810   4.0930   0.0000   0.0000
    9.65    1.24900000   1.2490   0.5201   3.7811   4.0920   0.0000   0.0000
    9.65    1.24900000   1.2490   0.5221   3.7813   4.0910   0.0000   0.0000
    9.65    1.25000000   1.2500   0.5243   3.7814   4.0890   0.0000   0.0000
    9.65    1.25100000   1.2510   0.5282   3.7818   4.0870   0.0000   0.0000
    9.65    1.25100000   1.2510   0.5325   3.7818   4.0830   0.0000   0.0000
    9.65    1.25200000   1.2520   0.5377   3.7823   4.0800   0.0000   0.0000
    9.65    1.25300000   1.2530   0.5440   3.7832   4.0770   0.0000   0.0000
    9.65    1.25300000   1.2530   0.5519   3.7843   4.0740   0.0000   0.0000
    9.65    1.25400000   1.2540   0.5622   3.7859   4.0710   0.0000   0.0000
    9.65    1.25500000   1.2550   0.5770   3.7879   4.0640   0.0000   0.0000
    9.65    1.25500000   1.2550   0.5998   3.7909   4.0540   0.0000   0.0000
    9.65    1.25600000   1.2560   0.6222   3.7929   4.0390   0.0000   0.0000
    9.65    1.25700000   1.2570   0.6285   3.7919   4.0290   0.0000   0.0000
    9.65    1.25700000   1.2570   0.6329   3.7912   4.0220   0.0000   0.0000
    9.65    1.25800000   1.2580   0.6355   3.7909   4.0190   0.0000   0.0000
    9.65    1.25900000   1.2590   0.6379   3.7906   4.0150   0.0000   0.0000
    9.65    1.26000000   1.2600   0.6402   3.7903   4.0120   0.0000   0.0000
    9.65    1.26000000   1.2600   0.6425   3.7901   4.0090   0.0000   0.0000
    9.65    1.26100000   1.2610   0.6447   3.7899   4.0060   0.0000   0.0000
    9.65    1.26200000   1.2620   0.6470   3.7896   4.0030   0.0000   0.0000
    9.65    1.26200000   1.2620   0.6492   3.7894   4.0000   0.0000   0.0000
    9.65    1.26300000   1.2630   0.6514   3.7891   3.9970   0.0000   0.0000
    9.65    1.26400000   1.2640   0.6535   3.7889   3.9950   0.0000   0.0000
    9.65    1.26400000   1.2640   0.6557   3.7886   3.9920   0.0000   0.0000
    9.65    1.26500000   1.2650   0.6578   3.7883   3.9890   0.0000   0.0000
    9.65    1.26600000   1.2660   0.6600   3.7881   3.9860   0.0000   0.0000
    9.65    1.26600000   1.2660   0.6621   3.7878   3.9830   0.0000   0.0000
    9.65    1.26700000   1.2670   0.6643   3.7876   3.9800   0.0000   0.0000
    9.65    1.26800000   1.2680   0.6664   3.7873   3.9770   0.0000   0.0000
    9.65    1.26800000   1.2680   0.6685   3.7871   3.9740   0.0000   0.0000
    9.65    1.26900000   1.2690   0.6706   3.7868   3.9710   0.0000   0.0000
    9.65    1.27000000   1.2700   0.6727   3.7865   3.9680   0.0000   0.0000
    9.65    1.27000000   1.2700   0.6748   3.7863   3.9650   0.0000   0.0000
    9.65    1.27100000   1.2710   0.6769   3.7860   3.9620   0.0000   0.0000
    9.65    1.27200000   1.2720   0.6790   3.7857   3.9590   0.0000   0.0000
    9.65    1.27200000   1.2720   0.6810   3.7854   3.9560   0.0000   0.0000
    9.65    1.27300000   1.2730   0.6831   3.7850   3.9530   0.0000   0.0000
    9.65    1.27400000   1.2740   0.6852   3.7847   3.9500   0.0000   0.0000
    9.65    1.27400000   1.2740   0.6872   3.7844   3.9460   0.0000   0.0000
    9.65    1.27500000   1.2750   0.6893   3.7840   3.9430   0.0000   0.0000
    9.65    1.27600000   1.2760   0.6913   3.7837   3.9400   0.0000   0.0000
    9.65    1.27700000   1.2770   0.6933   3.7833   3.9370   0.0000   0.0000
    9.65    1.27700000   1.2770   0.6954   3.7829   3.9340   0.0000   0.0000
    9.65    1.27800000   1.2780   0.6974   3.7825   3.9300   0.0000   0.0000
    9.65    1.27900000   1.2790   0.6993   3.7821   3.9270   0.0000   0.0000
    9.65    1.27900000   1.2790   0.7013   3.7817   3.9230   0.0000   0.0000
    9.65    1.28000000   1.2800   0.7033   3.7813   3.9200   0.0000   0.0000
    9.65    1.28100000   1.2810   0.7052   3.7808   3.9160   0.0000   0.0000
    9.65    1.28100000   1.2810   0.7071   3.7803   3.9130   0.0000   0.0000
    9.65    1.28200000   1.2820   0.7090   3.7798   3.9090   0.0000   0.0000
    9.65    1.28300000   1.2830   0.7109   3.7793   3.9050   0.0000   0.0000
    9.65    1.28300000   1.2830   0.7127   3.7788   3.9020   0.0000   0.0000
    9.65    1.28400000   1.2840   0.7145   3.7782   3.8980   0.0000   0.0000
    9.65    1.28500000   1.2850   0.7162   3.7775   3.8940   0.0000   0.0000
    9.65    1.28500000   1.2850   0.7179   3.7768   3.8890   0.0000   0.0000
    9.65    1.28600000   1.2860   0.7195   3.7761   3.8850   0.0000   0.0000
    9.65    1.28700000   1.2870   0.7211   3.7754   3.8810   0.0000   0.0000
    9.65    1.28800000   1.2880   0.7226   3.7746   3.8760   0.0000   0.0000
    9.65    1.28800000   1.2880   0.7240   3.7737   3.8720   0.0000   0.0000
    9.65    1.28900000   1.2890   0.7253   3.7728   3.8670   0.0000   0.0000
    9.65    1.29000000   1.2900   0.7265   3.7719   3.8620   0.0000   0.0000
    9.65    1.29000000   1.2900   0.7275   3.7708   3.8570   0.0000   0.0000
    9.65    1.29100000   1.2910   0.7285   3.7698   3.8530   0.0000   0.0000
    9.65    1.29200000   1.2920   0.7292   3.7686   3.8470   0.0000   0.0000
    9.65    1.29200000   1.2920   0.7297   3.7673   3.8420   0.0000   0.0000
    9.65    1.29300000   1.2930   0.7300   3.7660   3.8370   0.0000   0.0000
    9.65    1.29400000   1.2940   0.7300   3.7647   3.8310   0.0000   0.0000
    9.65    1.29400000   1.2940   0.7297   3.7632   3.8260   0.0000   0.0000
    9.65    1.29500000   1.2950   0.7291   3.7616   3.8210   0.0000   0.0000
    9.65    1.29600000   1.2960   0.7280   3.7599   3.8150   0.0000   0.0000
    9.65    1.29700000   1.2970   0.7264   3.7582   3.8100   0.0000   0.0000
    9.65    1.29700000   1.2970   0.7244   3.7566   3.8060   0.0000   0.0000
    9.65    1.29800000   1.2980   0.7214   3.7545   3.8010   0.0000   0.0000
    9.65    1.29900000   1.2990   0.7177   3.7522   3.7960   0.0000   0.0000
    9.65    1.29900000   1.2990   0.7129   3.7495   3.7900   0.0000   0.0000
    9.65    1.30000000   1.3000   0.7071   3.7466   3.7840   0.0000   0.0000
    9.65    1.30100000   1.3010   0.7002   3.7435   3.7790   0.0000   0.0000
    9.65    1.30100000   1.3010   0.6921   3.7402   3.7740   0.0000   0.0000
    9.65    1.30200000   1.3020   0.6832   3.7369   3.7700   0.0000   0.0000
    9.65    1.30300000   1.3030   0.6733   3.7333   3.7660   0.0000   0.0000
    9.65    1.30300000   1.3030   0.6625   3.7295   3.7620   0.0000   0.0000
    9.65    1.30400000   1.3040   0.6517   3.7257   3.7580   0.0000   0.0000
    9.65    1.30500000   1.3050   0.6407   3.7216   3.7520   0.0000   0.0000
    9.65    1.30600000   1.3060   0.6304   3.7174   3.7460   0.0000   0.0000
    9.65    1.30600000   1.3060   0.6213   3.7131   3.7380   0.0000   0.0000
    9.65    1.30700000   1.3070   0.6142   3.7091   3.7290   0.0000   0.0000
    9.65    1.30800000   1.3080   0.6101   3.7058   3.7200   0.0000   0.0000
    9.65    1.30800000   1.3080   0.6080   3.7023   3.7090   0.0000   0.0000
    9.65    1.30900000   1.3090   0.6094   3.6995   3.6970   0.0000   0.0000
    9.65    1.31000000   1.3100   0.6130   3.6970   3.6830   0.0000   0.0000
    9.65    1.31100000   1.3100   0.6187   3.6950   3.6700   0.0000   0.0000
    9.65    1.31100000   1.3110   0.6259   3.6931   3.6550   0.0000   0.0000
    9.65    1.31200000   1.3120   0.6362   3.6922   3.6410   0.0000   0.0000
    9.65    1.31300000   1.3130   0.6467   3.6912   3.6270   0.0000   0.0000
    9.65    1.31300000   1.3130   0.6570   3.6897   3.6110   0.0000   0.0000
    9.65    1.31400000   1.3140   0.6693   3.6887   3.5950   0.0000   0.0000
    9.65    1.31500000   1.3150   0.6833   3.6882   3.5790   0.0000   0.0000
    9.65    1.31500000   1.3150   0.6964   3.6869   3.5610   0.0000   0.0000
    9.65    1.31600000   1.3160   0.7096   3.6855   3.5430   0.0000   0.0000
    9.65    1.31700000   1.3170   0.7246   3.6848   3.5250   0.0000   0.0000
    9.65    1.31800000   1.3170   0.7401   3.6840   3.5070   0.0000   0.0000
    9.65    1.31800000   1.3180   0.7562   3.6831   3.4870   0.0000   0.0000
    9.65    1.31900000   1.3190   0.7738   3.6827   3.4680   0.0000   0.0000
    9.65    1.32000000   1.3190   0.7917   3.6823   3.4490   0.0000   0.0000
    9.65    1.32000000   1.3200   0.8102   3.6816   3.4280   0.0000   0.0000
    9.65    1.32100000   1.3210   0.8293   3.6810   3.4060   0.0000   0.0000
    9.65    1.32200000   1.3210   0.8489   3.6805   3.3850   0.0000   0.0000
    9.65    1.32300000   1.3220   0.8697   3.6798   3.3620   0.0000   0.0000
    9.65    1.32300000   1.3230   0.8912   3.6792   3.3380   0.0000   0.0000
    9.65    1.32400000   1.3230   0.9146   3.6789   3.3140   0.0000   0.0000
    9.65    1.32500000   1.3240   0.9390   3.6781   3.2860   0.0000   0.0000
    9.65    1.32500000   1.3250   0.9639   3.6771   3.2570   0.0000   0.0000
    9.65    1.32600000   1.3250   0.9968   3.6758   3.2200   0.0000   0.0000
    9.65    1.32700000   1.3260   1.0278   3.6746   3.1840   0.0000   0.0000
    9.65    1.32700000   1.3270   1.0557   3.6737   3.1530   0.0000   0.0000
    9.65    1.32800000   1.3270   1.0837   3.6728   3.1210   0.0000   0.0000
    9.65    1.32900000   1.3280   1.1131   3.6718   3.0880   0.0000   0.0000
    9.65    1.33000000   1.3290   1.1484   3.6702   3.0470   0.0000   0.0000
    9.65    1.33000000   1.3290   1.1820   3.6689   3.0080   0.0000   0.0000
    9.65    1.33100000   1.3300   1.2134   3.6678   2.9720   0.0000   0.0000
    9.65    1.33200000   1.3300   1.2903   3.6638   2.8800   0.0000   0.0000
# log(age) Mini Mact logl logt logg Composition Phase
    9.70    0.80000000   0.8000  -0.5484   3.6894   4.6000   0.0000   0.0000
    9.70    0.91000000   0.9100  -0.2412   3.7331   4.5240   0.0000   0.0000
    9.70    1.03500000   1.0350   0.1007   3.7699   4.3850   0.0000   0.0000
    9.70    1.16500000   1.1650   0.4182   3.7836   4.1730   0.0000   0.0000
    9.70    1.16500000   1.1650   0.4201   3.7837   4.1720   0.0000   0.0000
    9.70    1.16600000   1.1660   0.4228   3.7839   4.1700   0.0000   0.0000
    9.70    1.16600000   1.1660   0.4255   3.7841   4.1690   0.0000   0.0000
    9.70    1.16700000   1.1670   0.4283   3.7843   4.1670   0.0000   0.0000
    9.70    1.16800000   1.1680   0.4311   3.7845   4.1650   0.0000   0.0000
    9.70    1.16800000   1.1680   0.4336   3.7847   4.1640   0.0000   0.0000
    9.70    1.16900000   1.1690   0.4361   3.7848   4.1620   0.0000   0.0000
    9.70    1.17000000   1.1700   0.4386   3.7850   4.1600   0.0000   0.0000
    9.70    1.17000000   1.1700   0.4411   3.7852   4.1590   0.0000   0.0000
    9.70    1.17100000   1.1710   0.4436   3.7853   4.1570   0.0000   0.0000
    9.70    1.17200000   1.1720   0.4462   3.7855   4.1550   0.0000   0.0000
    9.70    1.17200000   1.1720   0.4488   3.7857   4.1540   0.0000   0.0000
    9.70    1.17300000   1.1730   0.4514   3.7858   4.1520   0.0000   0.0000
    9.70    1.17300000   1.1730   0.4541   3.7860   4.1500   0.0000   0.0000
    9.70    1.17400000   1.1740   0.4568   3.7861   4.1480   0.0000   0.0000
    9.70    1.17500000   1.1750   0.4596   3.7863   4.1460   0.0000   0.0000
    9.70    1.17500000   1.1750   0.4624   3.7864   4.1440   0.0000   0.0000
    9.70    1.17600000   1.1760   0.4653   3.7866   4.1420   0.0000   0.0000
    9.70    1.17700000   1.1770   0.4678   3.7866   4.1400   0.0000   0.0000
    9.70    1.17700000   1.1770   0.4701   3.7865   4.1380   0.0000   0.0000
    9.70    1.17800000   1.1780   0.4724   3.7864   4.1350   0.0000   0.0000
    9.70    1.17800000   1.1780   0.4747   3.7862   4.1320   0.0000   0.0000
    9.70    1.17900000   1.1790   0.4771   3.7861   4.1300   0.0000   0.0000
    9.70    1.18000000   1.1800   0.4794   3.7860   4.1270   0.0000   0.0000
    9.70    1.18000000   1.1800   0.4815   3.7859   4.1250   0.0000   0.0000
    9.70    1.18100000   1.1810   0.4833   3.7859   4.1240   0.0000   0.0000
    9.70    1.18200000   1.1820   0.4851   3.7859   4.1220   0.0000   0.0000
    9.70    1.18200000   1.1820   0.4869   3.7859   4.1200   0.0000   0.0000
    9.70    1.18300000   1.1830   0.4887   3.7858   4.1190   0.0000   0.0000
    9.70    1.18400000   1.1840   0.4905   3.7858   4.1170   0.0000   0.0000
    9.70    1.18400000   1.1840   0.4924   3.7858   4.1150   0.0000   0.0000
    9.70    1.18500000   1.1850   0.4942   3.7857   4.1130   0.0000   0.0000
    9.70    1.18500000   1.1850   0.4960   3.7857   4.1120   0.0000   0.0000
    9.70    1.18600000   1.1860   0.4978   3.7857   4.1100   0.0000   0.0000
    9.70    1.18700000   1.1870   0.4996   3.7856   4.1080   0.0000   0.0000
    9.70    1.18700000   1.1870   0.5014   3.7856   4.1070   0.0000   0.0000
    9.70    1.18800000   1.1880   0.5032   3.7856   4.1050   0.0000   0.0000
    9.70    1.18900000   1.1890   0.5050   3.7856   4.1030   0.0000   0.0000
    9.70    1.18900000   1.1890   0.5068   3.7856   4.1020   0.0000   0.0000
    9.70    1.19000000   1.1900   0.5086   3.7855   4.1000   0.0000   0.0000
    9.70    1.19100000   1.1910   0.5104   3.7855   4.0980   0.0000   0.0000
    9.70    1.19100000   1.1910   0.5122   3.7855   4.0970   0.0000   0.0000
    9.70    1.19200000   1.1920   0.5140   3.7855   4.0950   0.0000   0.0000
    9.70    1.19200000   1.1920   0.5158   3.7854   4.0930   0.0000   0.0000
    9.70    1.19300000   1.1930   0.5176   3.7854   4.0920   0.0000   0.0000
    9.70    1.19400000   1.1940   0.5194   3.7853   4.0900   0.0000   0.0000
    9.70    1.19400000   1.1940   0.5212   3.7853   4.0880   0.0000   0.0000
    9.70    1.19500000   1.1950   0.5231   3.7853   4.0860   0.0000   0.0000
    9.70    1.19600000   1.1960   0.5249   3.7852   4.0850   0.0000   0.0000
    9.70    1.19600000   1.1960   0.5267   3.7852   4.0830   0.0000   0.0000
    9.70    1.19700000   1.1970   0.5285   3.7851   4.0810   0.0000   0.0000
    9.70    1.19800000   1.1980   0.5303   3.7851   4.0790   0.0000   0.0000
    9.70    1.19800000   1.1980   0.5322   3.7851   4.0780   0.0000   0.0000
    9.70    1.19900000   1.1990   0.5340   3.7850   4.0760   0.0000   0.0000
    9.70    1.19900000   1.1990   0.5359   3.7849   4.0740   0.0000   0.0000
    9.70    1.20000000   1.2000   0.5377   3.7849   4.0720   0.0000   0.0000
    9.70    1.20100000   1.2010   0.5395   3.7848   4.0700   0.0000   0.0000
    9.70    1.20100000   1.2010   0.5414   3.7848   4.0680   0.0000   0.0000
    9.70    1.20200000   1.2020   0.5432   3.7847   4.0670   0.0000   0.0000
    9.70    1.20300000   1.2030   0.5451   3.7847   4.0650   0.0000   0.0000
    9.70    1.20300000   1.2030   0.5469   3.7847   4.0630   0.0000   0.0000
    9.70    1.20400000   1.2040   0.5487   3.7846   4.0610   0.0000   0.0000
    9.70    1.20500000   1.2050   0.5506   3.7845   4.0590   0.0000   0.0000
    9.70    1.20500000   1.2050   0.5524   3.7845   4.0580   0.0000   0.0000
    9.70    1.20600000   1.2060   0.5543   3.7844   4.0560   0.0000   0.0000
    9.70    1.20700000   1.2070   0.5561   3.7843   4.0540   0.0000   0.0000
    9.70    1.20700000   1.2070   0.5580   3.7842   4.0520   0.0000   0.0000
    9.70    1.20800000   1.2080   0.5599   3.7842   4.0500   0.0000   0.0000
    9.70    1.20900000   1.2090   0.5617   3.7841   4.0480   0.0000   0.0000
    9.70    1.20900000   1.2090   0.5636   3.7840   4.0460   0.0000   0.0000
    9.70    1.21000000   1.2100   0.5654   3.7840   4.0440   0.0000   0.0000
    9.70    1.21000000   1.2100   0.5673   3.7839   4.0420   0.0000   0.0000
    9.70    1.21100000   1.2110   0.5692   3.7838   4.0400   0.0000   0.0000
    9.70    1.21200000   1.2120   0.5711   3.7837   4.0380   0.0000   0.0000
    9.70    1.21200000   1.2120   0.5729   3.7836   4.0360   0.0000   0.0000
    9.70    1.21300000   1.2130   0.5748   3.7835   4.0340   0.0000   0.0000
    9.70    1.21400000   1.2140   0.5767   3.7835   4.0320   0.0000   0.0000
    9.70    1.21400000   1.2140   0.5785   3.7834   4.0300   0.0000   0.0000
    9.70    1.21500000   1.2150   0.5804   3.7833   4.0280   0.0000   0.0000
    9.70    1.21600000   1.2160   0.5823   3.7832   4.0260   0.0000   0.0000
    9.70    1.21600000   1.2160   0.5842   3.7831   4.0240   0.0000   0.0000
    9.70    1.21700000   1.2170   0.5861   3.7829   4.0220   0.0000   0.0000
    9.70    1.21800000   1.2180   0.5880   3.7828   4.0200   0.0000   0.0000
    9.70    1.21800000   1.2180   0.5899   3.7827   4.0180   0.0000   0.0000
    9.70    1.21900000   1.2190   0.5918   3.7826   4.0150   0.0000   0.0000
    9.70    1.22000000   1.2200   0.5937   3.7824   4.0130   0.0000   0.0000
    9.70    1.22000000   1.2200   0.5955   3.7823   4.0110   0.0000   0.0000
    9.70    1.22100000   1.2210   0.5974   3.7822   4.0090   0.0000   0.0000
    9.70    1.22200000   1.2220   0.5993   3.7821   4.0070   0.0000   0.0000
    9.70    1.22200000   1.2220   0.6013   3.7819   4.0040   0.0000   0.0000
    9.70    1.22300000   1.2230   0.6032   3.7818   4.0020   0.0000   0.0000
    9.70    1.22400000   1.2240   0.6051   3.7816   4.0000   0.0000   0.0000
    9.70    1.22400000   1.2240   0.6070   3.7814   3.9980   0.0000   0.0000
    9.70    1.22500000   1.2250   0.6089   3.7813   3.9950   0.0000   0.0000
    9.70    1.22600000   1.2260   0.6108   3.7811   3.9930   0.0000   0.0000
    9.70    1.22600000   1.2260   0.6127   3.7809   3.9910   0.0000   0.0000
    9.70    1.22700000   1.2270   0.6146   3.7808   3.9880   0.0000   0.0000
    9.70    1.22700000   1.2270   0.6165   3.7806   3.9860   0.0000   0.0000
    9.70    1.22800000   1.2280   0.6184   3.7804   3.9830   0.0000   0.0000
    9.70    1.22900000   1.2290   0.6203   3.7802   3.9810   0.0000   0.0000
    9.70    1.22900000   1.2290   0.6222   3.7800   3.9780   0.0000   0.0000
    9.70    1.23000000   1.2300   0.6241   3.7798   3.9760   0.0000   0.0000
    9.70    1.23100000   1.2310   0.6260   3.7796   3.9730   0.0000   0.0000
    9.70    1.23100000   1.2310   0.6279   3.7793   3.9710   0.0000   0.0000
    9.70    1.23200000   1.2320   0.6298   3.7791   3.9680   0.0000   0.0000
    9.70    1.23300000   1.2330   0.6317   3.7789   3.9660   0.0000   0.0000
    9.70    1.23300000   1.2330   0.6336   3.7786   3.9630   0.0000   0.0000
    9.70    1.23400000   1.2340   0.6355   3.7784   3.9600   0.0000   0.0000
    9.70    1.23500000   1.2350   0.6374   3.7781   3.9580   0.0000   0.0000
    9.70    1.23500000   1.2350   0.6392   3.7778   3.9550   0.0000   0.0000
    9.70    1.23600000   1.2360   0.6411   3.7776   3.9520   0.0000   0.0000
    9.70    1.23700000   1.2370   0.6430   3.7773   3.9490   0.0000   0.0000
    9.70    1.23700000   1.2370   0.6448   3.7769   3.9460   0.0000   0.0000
    9.70    1.23800000   1.2380   0.6466   3.7765   3.9430   0.0000   0.0000
    9.70    1.23900000   1.2390   0.6485   3.7761   3.9400   0.0000   0.0000
    9.70    1.23900000   1.2390   0.6503   3.7757   3.9370   0.0000   0.0000
    9.70    1.24000000   1.2400   0.6521   3.7752   3.9330   0.0000   0.0000
    9.70    1.24100000   1.2410   0.6538   3.7748   3.9300   0.0000   0.0000
    9.70    1.24100000   1.2410   0.6556   3.7743   3.9260   0.0000   0.0000
    9.70    1.24200000   1.2420   0.6573   3.7738   3.9230   0.0000   0.0000
    9.70    1.24300000   1.2430   0.6590   3.7733   3.9200   0.0000   0.0000
    9.70    1.24300000   1.2430   0.6607   3.7728   3.9160   0.0000   0.0000
    9.70    1.24400000   1.2440   0.6623   3.7722   3.9120   0.0000   0.0000
    9.70    1.24500000   1.2450   0.6639   3.7716   3.9090   0.0000   0.0000
    9.70    1.24500000   1.2450   0.6655   3.7710   3.9050   0.0000   0.0000
    9.70    1.24600000   1.2460   0.6670   3.7704   3.9010   0.0000   0.0000
    9.70    1.24700000   1.2470   0.6685   3.7698   3.8970   0.0000   0.0000
    9.70    1.24700000   1.2470   0.6699   3.7691   3.8930   0.0000   0.0000
    9.70    1.24800000   1.2480   0.6713   3.7684   3.8890   0.0000   0.0000
    9.70    1.24900000   1.2490   0.6726   3.7676   3.8850   0.0000   0.0000
    9.70    1.24900000   1.2490   0.6738   3.7668   3.8810   0.0000   0.0000
    9.70    1.25000000   1.2500   0.6748   3.7660   3.8770   0.0000   0.0000
    9.70    1.25100000   1.2510   0.6757   3.7650   3.8720   0.0000   0.0000
    9.70    1.25100000   1.2510   0.6764   3.7639   3.8680   0.0000   0.0000
    9.70    1.25200000   1.2520   0.6769   3.7628   3.8630   0.0000   0.0000
    9.70    1.25300000   1.2530   0.6771   3.7616   3.8580   0.0000   0.0000
    9.70    1.25300000   1.2530   0.6772   3.7603   3.8530   0.0000   0.0000
    9.70    1.25400000   1.2540   0.6769   3.7590   3.8490   0.0000   0.0000
    9.70    1.25500000   1.2550   0.6763   3.7579   3.8450   0.0000   0.0000
    9.70    1.25500000   1.2550   0.6752   3.7565   3.8410   0.0000   0.0000
    9.70    1.25600000   1.2560   0.6736   3.7547   3.8350   0.0000   0.0000
    9.70    1.25700000   1.2570   0.6715   3.7526   3.8290   0.0000   0.0000
    9.70    1.25700000   1.2570   0.6686   3.7504   3.8230   0.0000   0.0000
    9.70    1.25800000   1.2580   0.6650   3.7481   3.8180   0.0000   0.0000
    9.70    1.25900000   1.2590   0.6607   3.7456   3.8120   0.0000   0.0000
    9.70    1.26000000   1.2600   0.6554   3.7428   3.8070   0.0000   0.0000
    9.70    1.26000000   1.2600   0.6495   3.7399   3.8020   0.0000   0.0000
    9.70    1.26100000   1.2610   0.6430   3.7371   3.7970   0.0000   0.0000
    9.70    1.26200000   1.2620   0.6354   3.7341   3.7930   0.0000   0.0000
    9.70    1.26200000   1.2620   0.6271   3.7309   3.7890   0.0000   0.0000
    9.70    1.26300000   1.2630   0.6183   3.7276   3.7840   0.0000   0.0000
    9.70    1.26400000   1.2640   0.6092   3.7240   3.7790   0.0000   0.0000
    9.70    1.26400000   1.2640   0.6002   3.7202   3.7730   0.0000   0.0000
    9.70    1.26500000   1.2650   0.5916   3.7162   3.7660   0.0000   0.0000
    9.70    1.26600000   1.2660   0.5838   3.7122   3.7580   0.0000   0.0000
    9.70    1.26600000   1.2660   0.5779   3.7085   3.7500   0.0000   0.0000
    9.70    1.26700000   1.2670   0.5742   3.7052   3.7410   0.0000   0.0000
    9.70    1.26800000   1.2680   0.5724   3.7023   3.7310   0.0000   0.0000
    9.70    1.26800000   1.2680   0.5732   3.6997   3.7200   0.0000   0.0000
    9.70    1.26900000   1.2690   0.5768   3.6977   3.7080   0.0000   0.0000
    9.70    1.27000000   1.2700   0.5815   3.6958   3.6960   0.0000   0.0000
    9.70    1.27000000   1.2700   0.5879   3.6941   3.6830   0.0000   0.0000
    9.70    1.27100000   1.2710   0.5960   3.6927   3.6700   0.0000   0.0000
    9.70    1.27200000   1.2720   0.6048   3.6915   3.6570   0.0000   0.0000
    9.70    1.27200000   1.2720   0.6145   3.6902   3.6420   0.0000   0.0000
    9.70    1.27300000   1.2730   0.6248   3.6889   3.6270   0.0000   0.0000
    9.70    1.27400000   1.2740   0.6368   3.6881   3.6110   0.0000   0.0000
    9.70    1.27400000   1.2740   0.6491   3.6871   3.5950   0.0000   0.0000
    9.70    1.27500000   1.2750   0.6615   3.6858   3.5780   0.0000   0.0000
    9.70    1.27600000   1.2760   0.6753   3.6850   3.5610   0.0000   0.0000
    9.70    1.27700000   1.2760   0.6895   3.6843   3.5440   0.0000   0.0000
    9.70    1.27700000   1.2770   0.7049   3.6835   3.5260   0.0000   0.0000
    9.70    1.27800000   1.2780   0.7211   3.6829   3.5080   0.0000   0.0000
    9.70    1.27900000   1.2780   0.7383   3.6826   3.4900   0.0000   0.0000
    9.70    1.27900000   1.2790   0.7559   3.6820   3.4700   0.0000   0.0000
    9.70    1.28000000   1.2800   0.7737   3.6812   3.4490   0.0000   0.0000
    9.70    1.28100000   1.2800   0.7931   3.6807   3.4280   0.0000   0.0000
    9.70    1.28100000   1.2810   0.8127   3.6801   3.4060   0.0000   0.0000
    9.70    1.28200000   1.2820   0.8328   3.6791   3.3820   0.0000   0.0000
    9.70    1.28300000   1.2820   0.8557   3.6788   3.3580   0.0000   0.0000
    9.70    1.28300000   1.2830   0.8798   3.6785   3.3340   0.0000   0.0000
    9.70    1.28400000   1.2830   0.9041   3.6775   3.3050   0.0000   0.0000
    9.70    1.28500000   1.2840   0.9308   3.6766   3.2750   0.0000   0.0000
    9.70    1.28500000   1.2850   0.9609   3.6756   3.2410   0.0000   0.0000
    9.70    1.28600000   1.2850   0.9928   3.6744   3.2050   0.0000   0.0000
    9.70    1.28700000   1.2860   1.0246   3.6731   3.1680   0.0000   0.0000
    9.70    1.28800000   1.2870   1.0545   3.6721   3.1340   0.0000   0.0000
    9.70    1.28800000   1.2870   1.0864   3.6709   3.0980   0.0000   0.0000
    9.70    1.28900000   1.2880   1.1200   3.6697   3.0600   0.0000   0.0000
    9.70    1.29000000   1.2880   1.1595   3.6681   3.0140   0.0000   0.0000
    9.70    1.29000000   1.2890   1.2049   3.6661   2.9610   0.0000   0.0000
    9.70    1.29100000   1.2890   1.2610   3.6631   2.8930   0.0000   0.0000
# log(age) Mini Mact logl logt logg Composition Phase
    9.75    0.80000000   0.8000  -0.5414   3.6901   4.5960   0.0000   0.0000
    9.75    0.91000000   0.9100  -0.2276   3.7341   4.5140   0.0000   0.0000
    9.75    1.03500000   1.0350   0.1262   3.7702   4.3600   0.0000   0.0000
    9.75    1.08800000   1.0880   0.2740   3.7786   4.2680   0.0000   0.0000
    9.75    1.08900000   1.0890   0.2757   3.7787   4.2670   0.0000   0.0000
    9.75    1.09000000   1.0900   0.2774   3.7788   4.2660   0.0000   0.0000
    9.75    1.09000000   1.0900   0.2791   3.7788   4.2650   0.0000   0.0000
    9.75    1.09100000   1.0910   0.2808   3.7789   4.2640   0.0000   0.0000
    9.75    1.09100000   1.0910   0.2825   3.7790   4.2620   0.0000   0.0000
    9.75    1.09200000   1.0920   0.2842   3.7790   4.2610   0.0000   0.0000
    9.75    1.09300000   1.0930   0.2859   3.7791   4.2600   0.0000   0.0000
    9.75    1.09300000   1.0930   0.2876   3.7792   4.2590   0.0000   0.0000
    9.75    1.09400000   1.0940   0.2893   3.7793   4.2580   0.0000   0.0000
    9.75    1.09400000   1.0940   0.2911   3.7793   4.2560   0.0000   0.0000
    9.75    1.09500000   1.0950   0.2929   3.7794   4.2550   0.0000   0.0000
    9.75    1.09600000   1.0960   0.2947   3.7795   4.2540   0.0000   0.0000
    9.75    1.09600000   1.0960   0.2965   3.7795   4.2520   0.0000   0.0000
    9.75    1.09700000   1.0970   0.2983   3.7796   4.2510   0.0000   0.0000
    9.75    1.09700000   1.0970   0.3000   3.7796   4.2500   0.0000   0.0000
    9.75    1.09800000   1.0980   0.3018   3.7797   4.2490   0.0000   0.0000
    9.75    1.09800000   1.0980   0.3035   3.7798   4.2470   0.0000   0.0000
    9.75    1.09900000   1.0990   0.3052   3.7798   4.2460   0.0000   0.0000
    9.75    1.10000000   1.1000   0.3070   3.7799   4.2450   0.0000   0.0000
    9.75    1.10000000   1.1000   0.3087   3.7799   4.2440   0.0000   0.0000
    9.75    1.10100000   1.1010   0.3103   3.7800   4.2420   0.0000   0.0000
    9.75    1.10100000   1.1010   0.3120   3.7800   4.2410   0.0000   0.0000
    9.75    1.10200000   1.1020   0.3136   3.7800   4.2400   0.0000   0.0000
    9.75    1.10300000   1.1030   0.3153   3.7801   4.2380   0.0000   0.0000
    9.75    1.10300000   1.1030   0.3169   3.7801   4.2370   0.0000   0.0000
    9.75    1.10400000   1.1040   0.3186   3.7801   4.2360   0.0000   0.0000
    9.75    1.10400000   1.1040   0.3203   3.7802   4.2340   0.0000   0.0000
    9.75    1.10500000   1.1050   0.3220   3.7802   4.2330   0.0000   0.0000
    9.75    1.10600000   1.1060   0.3236   3.7802   4.2320   0.0000   0.0000
    9.75    1.10600000   1.1060   0.3253   3.7803   4.2310   0.0000   0.0000
    9.75    1.10700000   1.1070   0.3270   3.7803   4.2290   0.0000   0.0000
    9.75    1.10700000   1.1070   0.3287   3.7803   4.2280   0.0000   0.0000
    9.75    1.10800000   1.1080   0.3303   3.7804   4.2270   0.0000   0.0000
    9.75    1.10900000   1.1090   0.3320   3.7804   4.2250   0.0000   0.0000
    9.75    1.10900000   1.1090   0.3337   3.7804   4.2240   0.0000   0.0000
    9.75    1.11000000   1.1100   0.3354   3.7804   4.2230   0.0000   0.0000
    9.75    1.11000000   1.1100   0.3371   3.7805   4.2210   0.0000   0.0000
    9.75    1.11100000   1.1110   0.3387   3.7805   4.2200   0.0000   0.0000
    9.75    1.11200000   1.1120   0.3404   3.7805   4.2190   0.0000   0.0000
    9.75    1.11200000   1.1120   0.3421   3.7805   4.2170   0.0000   0.0000
    9.75    1.11300000   1.1130   0.3438   3.7806   4.2160   0.0000   0.0000
    9.75    1.11300000   1.1130   0.3455   3.7806   4.2140   0.0000   0.0000
    9.75    1.11400000   1.1140   0.3472   3.7806   4.2130   0.0000   0.0000
    9.75    1.11400000   1.1140   0.3488   3.7806   4.2120   0.0000   0.0000
    9.75    1.11500000   1.1150   0.3505   3.7806   4.2100   0.0000   0.0000
    9.75    1.11600000   1.1160   0.3522   3.7807   4.2090   0.0000   0.0000
    9.75    1.11600000   1.1160   0.3539   3.7807   4.2080   0.0000   0.0000
    9.75    1.11700000   1.1170   0.3556   3.7807   4.2060   0.0000   0.0000
    9.75    1.11700000   1.1170   0.3573   3.7807   4.2050   0.0000   0.0000
    9.75    1.11800000   1.1180   0.3590   3.7807   4.2030   0.0000   0.0000
    9.75    1.11900000   1.1190   0.3607   3.7807   4.2020   0.0000   0.0000
    9.75    1.11900000   1.1190   0.3624   3.7808   4.2010   0.0000   0.0000
    9.75    1.12000000   1.1200   0.3641   3.7808   4.1990   0.0000   0.0000
    9.75    1.12000000   1.1200   0.3658   3.7808   4.1980   0.0000   0.0000
    9.75    1.12100000   1.1210   0.3675   3.7808   4.1960   0.0000   0.0000
    9.75    1.12200000   1.1220   0.3692   3.7808   4.1950   0.0000   0.0000
    9.75    1.12200000   1.1220   0.3710   3.7808   4.1930   0.0000   0.0000
    9.75    1.12300000   1.1230   0.3727   3.7808   4.1920   0.0000   0.0000
    9.75    1.12300000   1.1230   0.3744   3.7808   4.1900   0.0000   0.0000
    9.75    1.12400000   1.1240   0.3761   3.7808   4.1890   0.0000   0.0000
    9.75    1.12500000   1.1250   0.3779   3.7809   4.1880   0.0000   0.0000
    9.75    1.12500000   1.1250   0.3796   3.7809   4.1860   0.0000   0.0000
    9.75    1.12600000   1.1260   0.3813   3.7809   4.1850   0.0000   0.0000
    9.75    1.12700000   1.1270   0.3830   3.7809   4.1830   0.0000   0.0000
    9.75    1.12700000   1.1270   0.3847   3.7809   4.1820   0.0000   0.0000
    9.75    1.12800000   1.1280   0.3865   3.7809   4.1800   0.0000   0.0000
    9.75    1.12800000   1.1280   0.3882   3.7809   4.1790   0.0000   0.0000
    9.75    1.12900000   1.1290   0.3900   3.7809   4.1770   0.0000   0.0000
    9.75    1.13000000   1.1300   0.3917   3.7809   4.1760   0.0000   0.0000
    9.75    1.13000000   1.1300   0.3935   3.7809   4.1740   0.0000   0.0000
    9.75    1.13100000   1.1310   0.3952   3.7809   4.1730   0.0000   0.0000
    9.75    1.13100000   1.1310   0.3970   3.7809   4.1710   0.0000   0.0000
    9.75    1.13200000   1.1320   0.3987   3.7810   4.1700   0.0000   0.0000
    9.75    1.13300000   1.1330   0.4005   3.7810   4.1680   0.0000   0.0000
    9.75    1.13300000   1.1330   0.4023   3.7810   4.1670   0.0000   0.0000
    9.75    1.13400000   1.1340   0.4040   3.7810   4.1650   0.0000   0.0000
    9.75    1.13400000   1.1340   0.4058   3.7810   4.1640   0.0000   0.0000
    9.75    1.13500000   1.1350   0.4075   3.7810   4.1620   0.0000   0.0000
    9.75    1.13600000   1.1360   0.4093   3.7810   4.1610   0.0000   0.0000
    9.75    1.13600000   1.1360   0.4111   3.7810   4.1590   0.0000   0.0000
    9.75    1.13700000   1.1370   0.4128   3.7810   4.1580   0.0000   0.0000
    9.75    1.13700000   1.1370   0.4146   3.7810   4.1560   0.0000   0.0000
    9.75    1.13800000   1.1380   0.4163   3.7810   4.1550   0.0000   0.0000
    9.75    1.13900000   1.1390   0.4181   3.7810   4.1530   0.0000   0.0000
    9.75    1.13900000   1.1390   0.4199   3.7810   4.1520   0.0000   0.0000
    9.75    1.14000000   1.1400   0.4217   3.7810   4.1500   0.0000   0.0000
    9.75    1.14100000   1.1410   0.4235   3.7810   4.1480   0.0000   0.0000
    9.75    1.14100000   1.1410   0.4253   3.7810   4.1470   0.0000   0.0000
    9.75    1.14200000   1.1420   0.4270   3.7809   4.1450   0.0000   0.0000
    9.75    1.14200000   1.1420   0.4288   3.7809   4.1440   0.0000   0.0000
    9.75    1.14300000   1.1430   0.4306   3.7809   4.1420   0.0000   0.0000
    9.75    1.14400000   1.1440   0.4324   3.7809   4.1400   0.0000   0.0000
    9.75    1.14400000   1.1440   0.4342   3.7809   4.1390   0.0000   0.0000
    9.75    1.14500000   1.1450   0.4359   3.7809   4.1370   0.0000   0.0000
    9.75    1.14500000   1.1450   0.4377   3.7808   4.1360   0.0000   0.0000
    9.75    1.14600000   1.1460   0.4395   3.7808   4.1340   0.0000   0.0000
    9.75    1.14700000   1.1470   0.4413   3.7808   4.1320   0.0000   0.0000
    9.75    1.14700000   1.1470   0.4431   3.7808   4.1310   0.0000   0.0000
    9.75    1.14800000   1.1480   0.4450   3.7807   4.1290   0.0000   0.0000
    9.75    1.14800000   1.1480   0.4468   3.7807   4.1270   0.0000   0.0000
    9.75    1.14900000   1.1490   0.4486   3.7807   4.1260   0.0000   0.0000
    9.75    1.15000000   1.1500   0.4504   3.7807   4.1240   0.0000   0.0000
    9.75    1.15000000   1.1500   0.4522   3.7807   4.1220   0.0000   0.0000
    9.75    1.15100000   1.1510   0.4540   3.7806   4.1210   0.0000   0.0000
    9.75    1.15200000   1.1520   0.4558   3.7806   4.1190   0.0000   0.0000
    9.75    1.15200000   1.1520   0.4576   3.7806   4.1170   0.0000   0.0000
    9.75    1.15300000   1.1530   0.4594   3.7806   4.1160   0.0000   0.0000
    9.75    1.15300000   1.1530   0.4612   3.7805   4.1140   0.0000   0.0000
    9.75    1.15400000   1.1540   0.4631   3.7805   4.1120   0.0000   0.0000
    9.75    1.15500000   1.1550   0.4649   3.7804   4.1100   0.0000   0.0000
    9.75    1.15500000   1.1550   0.4667   3.7804   4.1080   0.0000   0.0000
    9.75    1.15600000   1.1560   0.4686   3.7803   4.1070   0.0000   0.0000
    9.75    1.15700000   1.1570   0.4704   3.7803   4.1050   0.0000   0.0000
    9.75    1.15700000   1.1570   0.4723   3.7802   4.1030   0.0000   0.0000
    9.75    1.15800000   1.1580   0.4741   3.7802   4.1010   0.0000   0.0000
    9.75    1.15800000   1.1580   0.4759   3.7801   4.0990   0.0000   0.0000
    9.75    1.15900000   1.1590   0.4778   3.7801   4.0980   0.0000   0.0000
    9.75    1.16000000   1.1600   0.4796   3.7800   4.0960   0.0000   0.0000
    9.75    1.16000000   1.1600   0.4815   3.7800   4.0940   0.0000   0.0000
    9.75    1.16100000   1.1610   0.4833   3.7799   4.0920   0.0000   0.0000
    9.75    1.16100000   1.1610   0.4852   3.7799   4.0900   0.0000   0.0000
    9.75    1.16200000   1.1620   0.4871   3.7798   4.0880   0.0000   0.0000
    9.75    1.16300000   1.1630   0.4889   3.7797   4.0860   0.0000   0.0000
    9.75    1.16300000   1.1630   0.4908   3.7797   4.0850   0.0000   0.0000
    9.75    1.16400000   1.1640   0.4927   3.7796   4.0830   0.0000   0.0000
    9.75    1.16500000   1.1650   0.4946   3.7795   4.0810   0.0000   0.0000
    9.75    1.16500000   1.1650   0.4964   3.7795   4.0790   0.0000   0.0000
    9.75    1.16600000   1.1660   0.4983   3.7794   4.0770   0.0000   0.0000
    9.75    1.16600000   1.1660   0.5002   3.7793   4.0750   0.0000   0.0000
    9.75    1.16700000   1.1670   0.5021   3.7792   4.0730   0.0000   0.0000
    9.75    1.16800000   1.1680   0.5040   3.7791   4.0710   0.0000   0.0000
    9.75    1.16800000   1.1680   0.5058   3.7790   4.0690   0.0000   0.0000
    9.75    1.16900000   1.1690   0.5077   3.7790   4.0670   0.0000   0.0000
    9.75    1.17000000   1.1700   0.5096   3.7789   4.0650   0.0000   0.0000
    9.75    1.17000000   1.1700   0.5115   3.7788   4.0630   0.0000   0.0000
    9.75    1.17100000   1.1710   0.5134   3.7787   4.0610   0.0000   0.0000
    9.75    1.17200000   1.1720   0.5153   3.7786   4.0590   0.0000   0.0000
    9.75    1.17200000   1.1720   0.5172   3.7785   4.0570   0.0000   0.0000
    9.75    1.17300000   1.1730   0.5191   3.7784   4.0550   0.0000   0.0000
    9.75    1.17300000   1.1730   0.5210   3.7783   4.0530   0.0000   0.0000
    9.75    1.17400000   1.1740   0.5229   3.7782   4.0500   0.0000   0.0000
    9.75    1.17500000   1.1750   0.5248   3.7780   4.0480   0.0000   0.0000
    9.75    1.17500000   1.1750   0.5267   3.7779   4.0460   0.0000   0.0000
    9.75    1.17600000   1.1760   0.5286   3.7778   4.0440   0.0000   0.0000
    9.75    1.17700000   1.1770   0.5305   3.7777   4.0420   0.0000   0.0000
    9.75    1.17700000   1.1770   0.5324   3.7775   4.0400   0.0000   0.0000
    9.75    1.17800000   1.1780   0.5344   3.7774   4.0370   0.0000   0.0000
    9.75    1.17800000   1.1780   0.5363   3.7772   4.0350   0.0000   0.0000
    9.75    1.17900000   1.1790   0.5382   3.7771   4.0330   0.0000   0.0000
    9.75    1.18000000   1.1800   0.5401   3.7770   4.0300   0.0000   0.0000
    9.75    1.18000000   1.1800   0.5420   3.7768   4.0280   0.0000   0.0000
    9.75    1.18100000   1.1810   0.5439   3.7767   4.0260   0.0000   0.0000
    9.75    1.18200000   1.1820   0.5458   3.7765   4.0240   0.0000   0.0000
    9.75    1.18200000   1.1820   0.5478   3.7763   4.0210   0.0000   0.0000
    9.75    1.18300000   1.1830   0.5497   3.7762   4.0190   0.0000   0.0000
    9.75    1.18400000   1.1840   0.5516   3.7759   4.0160   0.0000   0.0000
    9.75    1.18400000   1.1840   0.5535   3.7757   4.0140   0.0000   0.0000
    9.75    1.18500000   1.1850   0.5554   3.7754   4.0110   0.0000   0.0000
    9.75    1.18500000   1.1850   0.5573   3.7752   4.0080   0.0000   0.0000
    9.75    1.18600000   1.1860   0.5592   3.7750   4.0060   0.0000   0.0000
    9.75    1.18700000   1.1870   0.5611   3.7747   4.0030   0.0000   0.0000
    9.75    1.18700000   1.1870   0.5630   3.7744   4.0000   0.0000   0.0000
    9.75    1.18800000   1.1880   0.5649   3.7742   3.9980   0.0000   0.0000
    9.75    1.18900000   1.1890   0.5668   3.7739   3.9950   0.0000   0.0000
    9.75    1.18900000   1.1890   0.5687   3.7736   3.9920   0.0000   0.0000
    9.75    1.19000000   1.1900   0.5706   3.7734   3.9890   0.0000   0.0000
    9.75    1.19100000   1.1910   0.5724   3.7731   3.9870   0.0000   0.0000
    9.75    1.19100000   1.1910   0.5743   3.7728   3.9840   0.0000   0.0000
    9.75    1.19200000   1.1920   0.5762   3.7725   3.9810   0.0000   0.0000
    9.75    1.19200000   1.1920   0.5780   3.7721   3.9780   0.0000   0.0000
    9.75    1.19300000   1.1930   0.5798   3.7718   3.9750   0.0000   0.0000
    9.75    1.19400000   1.1940   0.5817   3.7714   3.9720   0.0000   0.0000
    9.75    1.19400000   1.1940   0.5835   3.7711   3.9690   0.0000   0.0000
    9.75    1.19500000   1.1950   0.5853   3.7708   3.9660   0.0000   0.0000
    9.75    1.19600000   1.1960   0.5871   3.7704   3.9630   0.0000   0.0000
    9.75    1.19600000   1.1960   0.5889   3.7700   3.9600   0.0000   0.0000
    9.75    1.19700000   1.1970   0.5906   3.7696   3.9570   0.0000   0.0000
    9.75    1.19800000   1.1980   0.5923   3.7692   3.9540   0.0000   0.0000
    9.75    1.19800000   1.1980   0.5940   3.7687   3.9500   0.0000   0.0000
    9.75    1.19900000   1.1990   0.5957   3.7683   3.9470   0.0000   0.0000
    9.75    1.19900000   1.1990   0.5974   3.7678   3.9440   0.0000   0.0000
    9.75    1.20000000   1.2000   0.5990   3.7673   3.9400   0.0000   0.0000
    9.75    1.20100000   1.2010   0.6005   3.7668   3.9370   0.0000   0.0000
    9.75    1.20100000   1.2010   0.6020   3.7662   3.9340   0.0000   0.0000
    9.75    1.20200000   1.2020   0.6035   3.7657   3.9300   0.0000   0.0000
    9.75    1.20300000   1.2030   0.6050   3.7652   3.9270   0.0000   0.0000
    9.75    1.20300000   1.2030   0.6064   3.7646   3.9230   0.0000   0.0000
    9.75    1.20400000   1.2040   0.6078   3.7640   3.9200   0.0000   0.0000
    9.75    1.20500000   1.2050   0.6090   3.7633   3.9160   0.0000   0.0000
    9.75    1.20500000   1.2050   0.6100   3.7626   3.9120   0.0000   0.0000
    9.75    1.20600000   1.2060   0.6111   3.7619   3.9090   0.0000   0.0000
    9.75    1.20700000   1.2070   0.6122   3.7612   3.9050   0.0000   0.0000
    9.75    1.20700000   1.2070   0.6130   3.7605   3.9020   0.0000   0.0000
    9.75    1.20800000   1.2080   0.6137   3.7598   3.8990   0.0000   0.0000
    9.75    1.20900000   1.2090   0.6142   3.7589   3.8950   0.0000   0.0000
    9.75    1.20900000   1.2090   0.6147   3.7580   3.8910   0.0000   0.0000
    9.75    1.21000000   1.2100   0.6151   3.7569   3.8860   0.0000   0.0000
    9.75    1.21000000   1.2100   0.6152   3.7558   3.8820   0.0000   0.0000
    9.75    1.21100000   1.2110   0.6151   3.7546   3.8770   0.0000   0.0000
    9.75    1.21200000   1.2120   0.6144   3.7532   3.8730   0.0000   0.0000
    9.75    1.21200000   1.2120   0.6137   3.7518   3.8680   0.0000   0.0000
    9.75    1.21300000   1.2130   0.6129   3.7504   3.8640   0.0000   0.0000
    9.75    1.21400000   1.2140   0.6116   3.7489   3.8590   0.0000   0.0000
    9.75    1.21400000   1.2140   0.6098   3.7472   3.8540   0.0000   0.0000
    9.75    1.21500000   1.2150   0.6079   3.7455   3.8500   0.0000   0.0000
    9.75    1.21600000   1.2160   0.6058   3.7438   3.8450   0.0000   0.0000
    9.75    1.21600000   1.2160   0.6034   3.7421   3.8410   0.0000   0.0000
    9.75    1.21700000   1.2170   0.6010   3.7403   3.8370   0.0000   0.0000
    9.75    1.21800000   1.2180   0.5969   3.7382   3.8330   0.0000   0.0000
    9.75    1.21800000   1.2180   0.5928   3.7361   3.8280   0.0000   0.0000
    9.75    1.21900000   1.2190   0.5888   3.7341   3.8240   0.0000   0.0000
    9.75    1.22000000   1.2200   0.5844   3.7318   3.8200   0.0000   0.0000
    9.75    1.22000000   1.2200   0.5797   3.7294   3.8150   0.0000   0.0000
    9.75    1.22100000   1.2210   0.5743   3.7267   3.8100   0.0000   0.0000
    9.75    1.22200000   1.2220   0.5686   3.7239   3.8050   0.0000   0.0000
    9.75    1.22200000   1.2220   0.5631   3.7208   3.7980   0.0000   0.0000
    9.75    1.22300000   1.2230   0.5577   3.7177   3.7920   0.0000   0.0000
    9.75    1.22400000   1.2240   0.5525   3.7146   3.7840   0.0000   0.0000
    9.75    1.22400000   1.2240   0.5480   3.7115   3.7770   0.0000   0.0000
    9.75    1.22500000   1.2250   0.5441   3.7085   3.7690   0.0000   0.0000
    9.75    1.22600000   1.2260   0.5420   3.7058   3.7610   0.0000   0.0000
    9.75    1.22600000   1.2260   0.5408   3.7032   3.7520   0.0000   0.0000
    9.75    1.22700000   1.2270   0.5408   3.7008   3.7420   0.0000   0.0000
    9.75    1.22700000   1.2270   0.5439   3.6989   3.7320   0.0000   0.0000
    9.75    1.22800000   1.2280   0.5472   3.6971   3.7210   0.0000   0.0000
    9.75    1.22900000   1.2290   0.5525   3.6955   3.7100   0.0000   0.0000
    9.75    1.22900000   1.2290   0.5584   3.6940   3.6980   0.0000   0.0000
    9.75    1.23000000   1.2300   0.5655   3.6927   3.6860   0.0000   0.0000
    9.75    1.23100000   1.2310   0.5731   3.6914   3.6740   0.0000   0.0000
    9.75    1.23100000   1.2310   0.5817   3.6901   3.6600   0.0000   0.0000
    9.75    1.23200000   1.2320   0.5909   3.6890   3.6470   0.0000   0.0000
    9.75    1.23300000   1.2330   0.6009   3.6881   3.6330   0.0000   0.0000
    9.75    1.23300000   1.2330   0.6115   3.6871   3.6190   0.0000   0.0000
    9.75    1.23400000   1.2340   0.6225   3.6861   3.6040   0.0000   0.0000
    9.75    1.23500000   1.2350   0.6345   3.6853   3.5890   0.0000   0.0000
    9.75    1.23500000   1.2350   0.6467   3.6846   3.5740   0.0000   0.0000
    9.75    1.23600000   1.2360   0.6600   3.6839   3.5590   0.0000   0.0000
    9.75    1.23700000   1.2360   0.6734   3.6832   3.5430   0.0000   0.0000
    9.75    1.23700000   1.2370   0.6885   3.6830   3.5270   0.0000   0.0000
    9.75    1.23800000   1.2380   0.7036   3.6826   3.5110   0.0000   0.0000
    9.75    1.23900000   1.2380   0.7190   3.6819   3.4930   0.0000   0.0000
    9.75    1.23900000   1.2390   0.7350   3.6813   3.4740   0.0000   0.0000
    9.75    1.24000000   1.2400   0.7520   3.6808   3.4550   0.0000   0.0000
    9.75    1.24100000   1.2400   0.7692   3.6801   3.4360   0.0000   0.0000
    9.75    1.24100000   1.2410   0.7865   3.6791   3.4150   0.0000   0.0000
    9.75    1.24200000   1.2420   0.8065   3.6787   3.3930   0.0000   0.0000
    9.75    1.24300000   1.2420   0.8283   3.6788   3.3720   0.0000   0.0000
    9.75    1.24300000   1.2430   0.8495   3.6780   3.3480   0.0000   0.0000
    9.75    1.24400000   1.2430   0.8706   3.6771   3.3230   0.0000   0.0000
    9.75    1.24500000   1.2440   0.8945   3.6765   3.2970   0.0000   0.0000
    9.75    1.24500000   1.2450   0.9193   3.6759   3.2700   0.0000   0.0000
    9.75    1.24600000   1.2450   0.9510   3.6744   3.2330   0.0000   0.0000
    9.75    1.24700000   1.2460   0.9820   3.6730   3.1960   0.0000   0.0000
    9.75    1.24700000   1.2460   1.0099   3.6719   3.1650   0.0000   0.0000
    9.75    1.24800000   1.2470   1.0378   3.6710   3.1330   0.0000   0.0000
    9.75    1.24900000   1.2480   1.0658   3.6701   3.1020   0.0000   0.0000
    9.75    1.24900000   1.2480   1.0995   3.6689   3.0640   0.0000   0.0000
    9.75    1.25000000   1.2490   1.1431   3.6671   3.0130   0.0000   0.0000
    9.75    1.25100000   1.2490   1.1824   3.6651   2.9650   0.0000   0.0000
# log(age) Mini Mact logl logt logg Composition Phase
    9.80    0.80000000   0.8000  -0.5332   3.6908   4.5910   0.0000   0.0000
    9.80    0.91000000   0.9100  -0.2117   3.7352   4.5020   0.0000   0.0000
    9.80    1.03500000   1.0350   0.1564   3.7703   4.3310   0.0000   0.0000
    9.80    1.06200000   1.0620   0.2343   3.7740   4.2790   0.0000   0.0000
    9.80    1.06300000   1.0630   0.2361   3.7740   4.2770   0.0000   0.0000
    9.80    1.06300000   1.0630   0.2378   3.7741   4.2760   0.0000   0.0000
    9.80    1.06400000   1.0640   0.2395   3.7742   4.2750   0.0000   0.0000
    9.80    1.06400000   1.0640   0.2413   3.7742   4.2740   0.0000   0.0000
    9.80    1.06500000   1.0650   0.2430   3.7743   4.2720   0.0000   0.0000
    9.80    1.06500000   1.0650   0.2448   3.7744   4.2710   0.0000   0.0000
    9.80    1.06600000   1.0660   0.2465   3.7745   4.2700   0.0000   0.0000
    9.80    1.06700000   1.0670   0.2483   3.7745   4.2690   0.0000   0.0000
    9.80    1.06700000   1.0670   0.2500   3.7746   4.2670   0.0000   0.0000
    9.80    1.06800000   1.0680   0.2518   3.7747   4.2660   0.0000   0.0000
    9.80    1.06800000   1.0680   0.2536   3.7747   4.2650   0.0000   0.0000
    9.80    1.06900000   1.0690   0.2555   3.7748   4.2640   0.0000   0.0000
    9.80    1.06900000   1.0690   0.2573   3.7749   4.2620   0.0000   0.0000
    9.80    1.07000000   1.0700   0.2591   3.7749   4.2610   0.0000   0.0000
    9.80    1.07100000   1.0710   0.2610   3.7750   4.2600   0.0000   0.0000
    9.80    1.07100000   1.0710   0.2628   3.7751   4.2580   0.0000   0.0000
    9.80    1.07200000   1.0720   0.2646   3.7751   4.2570   0.0000   0.0000
    9.80    1.07200000   1.0720   0.2664   3.7752   4.2560   0.0000   0.0000
    9.80    1.07300000   1.0730   0.2682   3.7752   4.2540   0.0000   0.0000
    9.80    1.07300000   1.0730   0.2700   3.7753   4.2530   0.0000   0.0000
    9.80    1.07400000   1.0740   0.2718   3.7754   4.2520   0.0000   0.0000
    9.80    1.07500000   1.0750   0.2737   3.7754   4.2500   0.0000   0.0000
    9.80    1.07500000   1.0750   0.2755   3.7755   4.2490   0.0000   0.0000
    9.80    1.07600000   1.0760   0.2774   3.7756   4.2480   0.0000   0.0000
    9.80    1.07600000   1.0760   0.2793   3.7757   4.2460   0.0000   0.0000
    9.80    1.07700000   1.0770   0.2811   3.7757   4.2450   0.0000   0.0000
    9.80    1.07700000   1.0770   0.2830   3.7758   4.2440   0.0000   0.0000
    9.80    1.07800000   1.0780   0.2848   3.7758   4.2420   0.0000   0.0000
    9.80    1.07900000   1.0790   0.2867   3.7759   4.2410   0.0000   0.0000
    9.80    1.07900000   1.0790   0.2885   3.7760   4.2390   0.0000   0.0000
    9.80    1.08000000   1.0800   0.2904   3.7760   4.2380   0.0000   0.0000
    9.80    1.08000000   1.0800   0.2922   3.7761   4.2370   0.0000   0.0000
    9.80    1.08100000   1.0810   0.2941   3.7761   4.2350   0.0000   0.0000
    9.80    1.08200000   1.0820   0.2960   3.7762   4.2340   0.0000   0.0000
    9.80    1.08200000   1.0820   0.2978   3.7762   4.2320   0.0000   0.0000
    9.80    1.08300000   1.0830   0.2997   3.7763   4.2310   0.0000   0.0000
    9.80    1.08300000   1.0830   0.3016   3.7764   4.2290   0.0000   0.0000
    9.80    1.08400000   1.0840   0.3035   3.7764   4.2280   0.0000   0.0000
    9.80    1.08400000   1.0840   0.3054   3.7765   4.2270   0.0000   0.0000
    9.80    1.08500000   1.0850   0.3073   3.7765   4.2250   0.0000   0.0000
    9.80    1.08600000   1.0860   0.3092   3.7766   4.2240   0.0000   0.0000
    9.80    1.08600000   1.0860   0.3112   3.7767   4.2230   0.0000   0.0000
    9.80    1.08700000   1.0870   0.3131   3.7768   4.2210   0.0000   0.0000
    9.80    1.08700000   1.0870   0.3150   3.7769   4.2200   0.0000   0.0000
    9.80    1.08800000   1.0880   0.3169   3.7769   4.2180   0.0000   0.0000
    9.80    1.08800000   1.0880   0.3189   3.7770   4.2170   0.0000   0.0000
    9.80    1.08900000   1.0890   0.3208   3.7770   4.2150   0.0000   0.0000
    9.80    1.09000000   1.0900   0.3227   3.7771   4.2140   0.0000   0.0000
    9.80    1.09000000   1.0900   0.3247   3.7772   4.2120   0.0000   0.0000
    9.80    1.09100000   1.0910   0.3266   3.7772   4.2110   0.0000   0.0000
    9.80    1.09100000   1.0910   0.3286   3.7773   4.2090   0.0000   0.0000
    9.80    1.09200000   1.0920   0.3305   3.7773   4.2080   0.0000   0.0000
    9.80    1.09300000   1.0930   0.3325   3.7774   4.2060   0.0000   0.0000
    9.80    1.09300000   1.0930   0.3344   3.7774   4.2050   0.0000   0.0000
    9.80    1.09400000   1.0940   0.3364   3.7774   4.2030   0.0000   0.0000
    9.80    1.09400000   1.0940   0.3384   3.7775   4.2020   0.0000   0.0000
    9.80    1.09500000   1.0950   0.3403   3.7775   4.2000   0.0000   0.0000
    9.80    1.09600000   1.0960   0.3423   3.7776   4.1990   0.0000   0.0000
    9.80    1.09600000   1.0960   0.3443   3.7776   4.1970   0.0000   0.0000
    9.80    1.09700000   1.0970   0.3462   3.7777   4.1950   0.0000   0.0000
    9.80    1.09700000   1.0970   0.3482   3.7777   4.1940   0.0000   0.0000
    9.80    1.09800000   1.0980   0.3502   3.7778   4.1920   0.0000   0.0000
    9.80    1.09800000   1.0980   0.3523   3.7778   4.1910   0.0000   0.0000
    9.80    1.09900000   1.0990   0.3543   3.7778   4.1890   0.0000   0.0000
    9.80    1.10000000   1.1000   0.3563   3.7778   4.1870   0.0000   0.0000
    9.80    1.10000000   1.1000   0.3582   3.7779   4.1860   0.0000   0.0000
    9.80    1.10100000   1.1010   0.3601   3.7778   4.1840   0.0000   0.0000
    9.80    1.10100000   1.1010   0.3619   3.7778   4.1820   0.0000   0.0000
    9.80    1.10200000   1.1020   0.3637   3.7778   4.1810   0.0000   0.0000
    9.80    1.10300000   1.1030   0.3655   3.7778   4.1790   0.0000   0.0000
    9.80    1.10300000   1.1030   0.3674   3.7778   4.1770   0.0000   0.0000
    9.80    1.10400000   1.1040   0.3692   3.7778   4.1760   0.0000   0.0000
    9.80    1.10400000   1.1040   0.3710   3.7778   4.1740   0.0000   0.0000
    9.80    1.10500000   1.1050   0.3729   3.7777   4.1720   0.0000   0.0000
    9.80    1.10600000   1.1060   0.3747   3.7777   4.1710   0.0000   0.0000
    9.80    1.10600000   1.1060   0.3766   3.7777   4.1690   0.0000   0.0000
    9.80    1.10700000   1.1070   0.3784   3.7777   4.1670   0.0000   0.0000
    9.80    1.10700000   1.1070   0.3803   3.7776   4.1660   0.0000   0.0000
    9.80    1.10800000   1.1080   0.3821   3.7776   4.1640   0.0000   0.0000
    9.80    1.10900000   1.1090   0.3840   3.7776   4.1620   0.0000   0.0000
    9.80    1.10900000   1.1090   0.3858   3.7776   4.1600   0.0000   0.0000
    9.80    1.11000000   1.1100   0.3877   3.7775   4.1590   0.0000   0.0000
    9.80    1.11000000   1.1100   0.3896   3.7775   4.1570   0.0000   0.0000
    9.80    1.11100000   1.1110   0.3914   3.7775   4.1550   0.0000   0.0000
    9.80    1.11200000   1.1120   0.3933   3.7774   4.1530   0.0000   0.0000
    9.80    1.11200000   1.1120   0.3952   3.7774   4.1520   0.0000   0.0000
    9.80    1.11300000   1.1130   0.3971   3.7774   4.1500   0.0000   0.0000
    9.80    1.11300000   1.1130   0.3990   3.7773   4.1480   0.0000   0.0000
    9.80    1.11400000   1.1140   0.4008   3.7773   4.1460   0.0000   0.0000
    9.80    1.11400000   1.1140   0.4027   3.7773   4.1440   0.0000   0.0000
    9.80    1.11500000   1.1150   0.4046   3.7772   4.1430   0.0000   0.0000
    9.80    1.11600000   1.1160   0.4065   3.7772   4.1410   0.0000   0.0000
    9.80    1.11600000   1.1160   0.4084   3.7771   4.1390   0.0000   0.0000
    9.80    1.11700000   1.1170   0.4103   3.7771   4.1370   0.0000   0.0000
    9.80    1.11700000   1.1170   0.4122   3.7770   4.1350   0.0000   0.0000
    9.80    1.11800000   1.1180   0.4141   3.7770   4.1330   0.0000   0.0000
    9.80    1.11900000   1.1190   0.4160   3.7769   4.1310   0.0000   0.0000
    9.80    1.11900000   1.1190   0.4179   3.7769   4.1290   0.0000   0.0000
    9.80    1.12000000   1.1200   0.4198   3.7768   4.1280   0.0000   0.0000
    9.80    1.12000000   1.1200   0.4217   3.7767   4.1260   0.0000   0.0000
    9.80    1.12100000   1.1210   0.4236   3.7767   4.1240   0.0000   0.0000
    9.80    1.12200000   1.1220   0.4255   3.7766   4.1220   0.0000   0.0000
    9.80    1.12200000   1.1220   0.4274   3.7765   4.1200   0.0000   0.0000
    9.80    1.12300000   1.1230   0.4294   3.7765   4.1180   0.0000   0.0000
    9.80    1.12300000   1.1230   0.4313   3.7764   4.1160   0.0000   0.0000
    9.80    1.12400000   1.1240   0.4332   3.7763   4.1140   0.0000   0.0000
    9.80    1.12500000   1.1250   0.4351   3.7762   4.1120   0.0000   0.0000
    9.80    1.12500000   1.1250   0.4371   3.7762   4.1100   0.0000   0.0000
    9.80    1.12600000   1.1260   0.4390   3.7761   4.1080   0.0000   0.0000
    9.80    1.12700000   1.1270   0.4409   3.7760   4.1060   0.0000   0.0000
    9.80    1.12700000   1.1270   0.4429   3.7759   4.1040   0.0000   0.0000
    9.80    1.12800000   1.1280   0.4448   3.7758   4.1020   0.0000   0.0000
    9.80    1.12800000   1.1280   0.4467   3.7757   4.1000   0.0000   0.0000
    9.80    1.12900000   1.1290   0.4487   3.7756   4.0970   0.0000   0.0000
    9.80    1.13000000   1.1300   0.4506   3.7755   4.0950   0.0000   0.0000
    9.80    1.13000000   1.1300   0.4526   3.7754   4.0930   0.0000   0.0000
    9.80    1.13100000   1.1310   0.4545   3.7753   4.0910   0.0000   0.0000
    9.80    1.13100000   1.1310   0.4565   3.7752   4.0890   0.0000   0.0000
    9.80    1.13200000   1.1320   0.4584   3.7751   4.0870   0.0000   0.0000
    9.80    1.13300000   1.1330   0.4604   3.7749   4.0840   0.0000   0.0000
    9.80    1.13300000   1.1330   0.4624   3.7748   4.0820   0.0000   0.0000
    9.80    1.13400000   1.1340   0.4643   3.7747   4.0800   0.0000   0.0000
    9.80    1.13400000   1.1340   0.4663   3.7746   4.0780   0.0000   0.0000
    9.80    1.13500000   1.1350   0.4683   3.7744   4.0750   0.0000   0.0000
    9.80    1.13600000   1.1360   0.4702   3.7743   4.0730   0.0000   0.0000
    9.80    1.13600000   1.1360   0.4722   3.7741   4.0710   0.0000   0.0000
    9.80    1.13700000   1.1370   0.4741   3.7739   4.0680   0.0000   0.0000
    9.80    1.13700000   1.1370   0.4761   3.7738   4.0660   0.0000   0.0000
    9.80    1.13800000   1.1380   0.4781   3.7736   4.0640   0.0000   0.0000
    9.80    1.13900000   1.1390   0.4801   3.7735   4.0610   0.0000   0.0000
    9.80    1.13900000   1.1390   0.4820   3.7733   4.0590   0.0000   0.0000
    9.80    1.14000000   1.1400   0.4840   3.7732   4.0560   0.0000   0.0000
    9.80    1.14100000   1.1410   0.4860   3.7730   4.0540   0.0000   0.0000
    9.80    1.14100000   1.1410   0.4880   3.7728   4.0520   0.0000   0.0000
    9.80    1.14200000   1.1420   0.4899   3.7727   4.0490   0.0000   0.0000
    9.80    1.14200000   1.1420   0.4919   3.7725   4.0470   0.0000   0.0000
    9.80    1.14300000   1.1430   0.4939   3.7722   4.0440   0.0000   0.0000
    9.80    1.14400000   1.1440   0.4958   3.7720   4.0420   0.0000   0.0000
    9.80    1.14400000   1.1440   0.4978   3.7718   4.0390   0.0000   0.0000
    9.80    1.14500000   1.1450   0.4998   3.7716   4.0360   0.0000   0.0000
    9.80    1.14500000   1.1450   0.5017   3.7714   4.0340   0.0000   0.0000
    9.80    1.14600000   1.1460   0.5037   3.7712   4.0310   0.0000   0.0000
    9.80    1.14700000   1.1470   0.5057   3.7710   4.0290   0.0000   0.0000
    9.80    1.14700000   1.1470   0.5076   3.7708   4.0260   0.0000   0.0000
    9.80    1.14800000   1.1480   0.5096   3.7705   4.0230   0.0000   0.0000
    9.80    1.14800000   1.1480   0.5115   3.7703   4.0210   0.0000   0.0000
    9.80    1.14900000   1.1490   0.5134   3.7700   4.0180   0.0000   0.0000
    9.80    1.15000000   1.1500   0.5154   3.7697   4.0150   0.0000   0.0000
    9.80    1.15000000   1.1500   0.5173   3.7695   4.0120   0.0000   0.0000
    9.80    1.15100000   1.1510   0.5192   3.7692   4.0090   0.0000   0.0000
    9.80    1.15200000   1.1520   0.5212   3.7689   4.0070   0.0000   0.0000
    9.80    1.15200000   1.1520   0.5230   3.7686   4.0040   0.0000   0.0000
    9.80    1.15300000   1.1530   0.5248   3.7682   4.0010   0.0000   0.0000
    9.80    1.15300000   1.1530   0.5267   3.7679   3.9980   0.0000   0.0000
    9.80    1.15400000   1.1540   0.5285   3.7676   3.9950   0.0000   0.0000
    9.80    1.15500000   1.1550   0.5304   3.7672   3.9920   0.0000   0.0000
    9.80    1.15500000   1.1550   0.5322   3.7669   3.9890   0.0000   0.0000
    9.80    1.15600000   1.1560   0.5341   3.7665   3.9860   0.0000   0.0000
    9.80    1.15700000   1.1570   0.5359   3.7662   3.9830   0.0000   0.0000
    9.80    1.15700000   1.1570   0.5377   3.7658   3.9800   0.0000   0.0000
    9.80    1.15800000   1.1580   0.5393   3.7653   3.9770   0.0000   0.0000
    9.80    1.15800000   1.1580   0.5409   3.7648   3.9730   0.0000   0.0000
    9.80    1.15900000   1.1590   0.5426   3.7643   3.9700   0.0000   0.0000
    9.80    1.16000000   1.1600   0.5442   3.7639   3.9660   0.0000   0.0000
    9.80    1.16000000   1.1600   0.5458   3.7634   3.9630   0.0000   0.0000
    9.80    1.16100000   1.1610   0.5474   3.7629   3.9600   0.0000   0.0000
    9.80    1.16100000   1.1610   0.5487   3.7623   3.9570   0.0000   0.0000
    9.80    1.16200000   1.1620   0.5501   3.7618   3.9530   0.0000   0.0000
    9.80    1.16300000   1.1630   0.5515   3.7612   3.9500   0.0000   0.0000
    9.80    1.16300000   1.1630   0.5528   3.7605   3.9460   0.0000   0.0000
    9.80    1.16400000   1.1640   0.5541   3.7598   3.9420   0.0000   0.0000
    9.80    1.16500000   1.1650   0.5553   3.7591   3.9380   0.0000   0.0000
    9.80    1.16500000   1.1650   0.5565   3.7583   3.9340   0.0000   0.0000
    9.80    1.16600000   1.1660   0.5574   3.7575   3.9300   0.0000   0.0000
    9.80    1.16600000   1.1660   0.5580   3.7566   3.9260   0.0000   0.0000
    9.80    1.16700000   1.1670   0.5586   3.7556   3.9220   0.0000   0.0000
    9.80    1.16800000   1.1680   0.5592   3.7547   3.9180   0.0000   0.0000
    9.80    1.16800000   1.1680   0.5599   3.7538   3.9140   0.0000   0.0000
    9.80    1.16900000   1.1690   0.5602   3.7528   3.9100   0.0000   0.0000
    9.80    1.17000000   1.1700   0.5601   3.7516   3.9050   0.0000   0.0000
    9.80    1.17000000   1.1700   0.5601   3.7505   3.9010   0.0000   0.0000
    9.80    1.17100000   1.1710   0.5600   3.7494   3.8970   0.0000   0.0000
    9.80    1.17200000   1.1720   0.5599   3.7482   3.8930   0.0000   0.0000
    9.80    1.17200000   1.1720   0.5595   3.7470   3.8880   0.0000   0.0000
    9.80    1.17300000   1.1730   0.5591   3.7458   3.8840   0.0000   0.0000
    9.80    1.17300000   1.1730   0.5582   3.7445   3.8800   0.0000   0.0000
    9.80    1.17400000   1.1740   0.5565   3.7429   3.8760   0.0000   0.0000
    9.80    1.17500000   1.1750   0.5549   3.7414   3.8720   0.0000   0.0000
    9.80    1.17500000   1.1750   0.5534   3.7399   3.8670   0.0000   0.0000
    9.80    1.17600000   1.1760   0.5519   3.7384   3.8630   0.0000   0.0000
    9.80    1.17700000   1.1770   0.5497   3.7366   3.8580   0.0000   0.0000
    9.80    1.17700000   1.1770   0.5475   3.7348   3.8530   0.0000   0.0000
    9.80    1.17800000   1.1780   0.5447   3.7327   3.8480   0.0000   0.0000
    9.80    1.17800000   1.1780   0.5413   3.7304   3.8430   0.0000   0.0000
    9.80    1.17900000   1.1790   0.5379   3.7281   3.8370   0.0000   0.0000
    9.80    1.18000000   1.1800   0.5344   3.7256   3.8310   0.0000   0.0000
    9.80    1.18000000   1.1800   0.5308   3.7230   3.8240   0.0000   0.0000
    9.80    1.18100000   1.1810   0.5270   3.7204   3.8180   0.0000   0.0000
    9.80    1.18200000   1.1820   0.5233   3.7176   3.8110   0.0000   0.0000
    9.80    1.18200000   1.1820   0.5196   3.7148   3.8030   0.0000   0.0000
    9.80    1.18300000   1.1830   0.5164   3.7119   3.7950   0.0000   0.0000
    9.80    1.18400000   1.1840   0.5139   3.7092   3.7870   0.0000   0.0000
    9.80    1.18400000   1.1840   0.5123   3.7065   3.7780   0.0000   0.0000
    9.80    1.18500000   1.1850   0.5117   3.7038   3.7680   0.0000   0.0000
    9.80    1.18500000   1.1850   0.5132   3.7015   3.7570   0.0000   0.0000
    9.80    1.18600000   1.1860   0.5159   3.6993   3.7460   0.0000   0.0000
    9.80    1.18700000   1.1870   0.5203   3.6974   3.7350   0.0000   0.0000
    9.80    1.18700000   1.1870   0.5255   3.6957   3.7230   0.0000   0.0000
    9.80    1.18800000   1.1880   0.5326   3.6942   3.7100   0.0000   0.0000
    9.80    1.18900000   1.1890   0.5400   3.6926   3.6970   0.0000   0.0000
    9.80    1.18900000   1.1890   0.5489   3.6912   3.6820   0.0000   0.0000
    9.80    1.19000000   1.1900   0.5582   3.6899   3.6680   0.0000   0.0000
    9.80    1.19100000   1.1900   0.5686   3.6890   3.6540   0.0000   0.0000
    9.80    1.19100000   1.1910   0.5798   3.6879   3.6390   0.0000   0.0000
    9.80    1.19200000   1.1920   0.5914   3.6869   3.6230   0.0000   0.0000
    9.80    1.19200000   1.1920   0.6040   3.6861   3.6080   0.0000   0.0000
    9.80    1.19300000   1.1930   0.6170   3.6853   3.5920   0.0000   0.0000
    9.80    1.19400000   1.1930   0.6311   3.6845   3.5750   0.0000   0.0000
    9.80    1.19400000   1.1940   0.6459   3.6839   3.5580   0.0000   0.0000
    9.80    1.19500000   1.1950   0.6615   3.6835   3.5410   0.0000   0.0000
    9.80    1.19600000   1.1950   0.6776   3.6830   3.5230   0.0000   0.0000
    9.80    1.19600000   1.1960   0.6941   3.6823   3.5040   0.0000   0.0000
    9.80    1.19700000   1.1970   0.7118   3.6817   3.4840   0.0000   0.0000
    9.80    1.19800000   1.1970   0.7296   3.6811   3.4640   0.0000   0.0000
    9.80    1.19800000   1.1980   0.7484   3.6802   3.4420   0.0000   0.0000
    9.80    1.19900000   1.1980   0.7686   3.6797   3.4200   0.0000   0.0000
    9.80    1.19900000   1.1990   0.7910   3.6795   3.3970   0.0000   0.0000
    9.80    1.20000000   1.2000   0.8134   3.6789   3.3720   0.0000   0.0000
    9.80    1.20100000   1.2000   0.8359   3.6780   3.3460   0.0000   0.0000
    9.80    1.20100000   1.2010   0.8611   3.6773   3.3190   0.0000   0.0000
    9.80    1.20200000   1.2010   0.8877   3.6766   3.2890   0.0000   0.0000
    9.80    1.20300000   1.2020   0.9197   3.6753   3.2520   0.0000   0.0000
    9.80    1.20300000   1.2030   0.9508   3.6740   3.2160   0.0000   0.0000
    9.80    1.20400000   1.2030   0.9804   3.6730   3.1830   0.0000   0.0000
    9.80    1.20500000   1.2040   1.0107   3.6720   3.1490   0.0000   0.0000
    9.80    1.20500000   1.2040   1.0415   3.6710   3.1140   0.0000   0.0000
    9.80    1.20600000   1.2050   1.0859   3.6692   3.0630   0.0000   0.0000
    9.80    1.20700000   1.2050   1.1305   3.6673   3.0110   0.0000   0.0000
    9.80    1.20700000   1.2060   1.1601   3.6657   2.9750   0.0000   0.0000
# log(age) Mini Mact logl logt logg Composition Phase
    9.85    0.80000000   0.8000  -0.5236   3.6918   4.5850   0.0000   0.0000
    9.85    0.91000000   0.9100  -0.1929   3.7364   4.4890   0.0000   0.0000
    9.85    1.03500000   1.0350   0.1909   3.7692   4.2920   0.0000   0.0000
    9.85    1.03700000   1.0370   0.1962   3.7694   4.2880   0.0000   0.0000
    9.85    1.03700000   1.0370   0.1980   3.7694   4.2870   0.0000   0.0000
    9.85    1.03800000   1.0380   0.1998   3.7695   4.2850   0.0000   0.0000
    9.85    1.03800000   1.0380   0.2016   3.7696   4.2840   0.0000   0.0000
    9.85    1.03900000   1.0390   0.2034   3.7696   4.2830   0.0000   0.0000
    9.85    1.03900000   1.0390   0.2052   3.7697   4.2810   0.0000   0.0000
    9.85    1.04000000   1.0400   0.2070   3.7698   4.2800   0.0000   0.0000
    9.85    1.04100000   1.0410   0.2088   3.7699   4.2790   0.0000   0.0000
    9.85    1.04100000   1.0410   0.2107   3.7699   4.2780   0.0000   0.0000
    9.85    1.04200000   1.0420   0.2125   3.7700   4.2760   0.0000   0.0000
    9.85    1.04200000   1.0420   0.2143   3.7701   4.2750   0.0000   0.0000
    9.85    1.04300000   1.0430   0.2162   3.7701   4.2740   0.0000   0.0000
    9.85    1.04300000   1.0430   0.2181   3.7702   4.2720   0.0000   0.0000
    9.85    1.04400000   1.0440   0.2199   3.7703   4.2710   0.0000   0.0000
    9.85    1.04400000   1.0440   0.2218   3.7703   4.2690   0.0000   0.0000
    9.85    1.04500000   1.0450   0.2237   3.7704   4.2680   0.0000   0.0000
    9.85    1.04600000   1.0460   0.2256   3.7705   4.2670   0.0000   0.0000
    9.85    1.04600000   1.0460   0.2274   3.7705   4.2650   0.0000   0.0000
    9.85    1.04700000   1.0470   0.2293   3.7706   4.2640   0.0000   0.0000
    9.85    1.04700000   1.0470   0.2312   3.7707   4.2620   0.0000   0.0000
    9.85    1.04800000   1.0480   0.2331   3.7707   4.2610   0.0000   0.0000
    9.85    1.04800000   1.0480   0.2350   3.7708   4.2600   0.0000   0.0000
    9.85    1.04900000   1.0490   0.2369   3.7709   4.2580   0.0000   0.0000
    9.85    1.05000000   1.0500   0.2388   3.7709   4.2570   0.0000   0.0000
    9.85    1.05000000   1.0500   0.2407   3.7710   4.2550   0.0000   0.0000
    9.85    1.05100000   1.0510   0.2426   3.7711   4.2540   0.0000   0.0000
    9.85    1.05100000   1.0510   0.2445   3.7711   4.2530   0.0000   0.0000
    9.85    1.05200000   1.0520   0.2464   3.7712   4.2510   0.0000   0.0000
    9.85    1.05200000   1.0520   0.2483   3.7713   4.2500   0.0000   0.0000
    9.85    1.05300000   1.0530   0.2502   3.7713   4.2480   0.0000   0.0000
    9.85    1.05300000   1.0530   0.2522   3.7714   4.2470   0.0000   0.0000
    9.85    1.05400000   1.0540   0.2541   3.7714   4.2450   0.0000   0.0000
    9.85    1.05500000   1.0550   0.2560   3.7715   4.2440   0.0000   0.0000
    9.85    1.05500000   1.0550   0.2580   3.7715   4.2420   0.0000   0.0000
    9.85    1.05600000   1.0560   0.2599   3.7716   4.2410   0.0000   0.0000
    9.85    1.05600000   1.0560   0.2618   3.7717   4.2400   0.0000   0.0000
    9.85    1.05700000   1.0570   0.2638   3.7717   4.2380   0.0000   0.0000
    9.85    1.05700000   1.0570   0.2657   3.7718   4.2370   0.0000   0.0000
    9.85    1.05800000   1.0580   0.2677   3.7718   4.2350   0.0000   0.0000
    9.85    1.05900000   1.0590   0.2697   3.7719   4.2340   0.0000   0.0000
    9.85    1.05900000   1.0590   0.2717   3.7720   4.2320   0.0000   0.0000
    9.85    1.06000000   1.0600   0.2737   3.7721   4.2310   0.0000   0.0000
    9.85    1.06000000   1.0600   0.2756   3.7721   4.2290   0.0000   0.0000
    9.85    1.06100000   1.0610   0.2776   3.7722   4.2280   0.0000   0.0000
    9.85    1.06100000   1.0610   0.2796   3.7722   4.2260   0.0000   0.0000
    9.85    1.06200000   1.0620   0.2816   3.7723   4.2250   0.0000   0.0000
    9.85    1.06300000   1.0630   0.2836   3.7724   4.2230   0.0000   0.0000
    9.85    1.06300000   1.0630   0.2856   3.7724   4.2220   0.0000   0.0000
    9.85    1.06400000   1.0640   0.2876   3.7725   4.2200   0.0000   0.0000
    9.85    1.06400000   1.0640   0.2896   3.7725   4.2190   0.0000   0.0000
    9.85    1.06500000   1.0650   0.2916   3.7726   4.2170   0.0000   0.0000
    9.85    1.06500000   1.0650   0.2936   3.7726   4.2150   0.0000   0.0000
    9.85    1.06600000   1.0660   0.2957   3.7727   4.2140   0.0000   0.0000
    9.85    1.06700000   1.0670   0.2977   3.7727   4.2120   0.0000   0.0000
    9.85    1.06700000   1.0670   0.2998   3.7727   4.2100   0.0000   0.0000
    9.85    1.06800000   1.0680   0.3018   3.7728   4.2090   0.0000   0.0000
    9.85    1.06800000   1.0680   0.3038   3.7728   4.2070   0.0000   0.0000
    9.85    1.06900000   1.0690   0.3058   3.7729   4.2060   0.0000   0.0000
    9.85    1.06900000   1.0690   0.3079   3.7729   4.2040   0.0000   0.0000
    9.85    1.07000000   1.0700   0.3100   3.7730   4.2020   0.0000   0.0000
    9.85    1.07100000   1.0710   0.3121   3.7730   4.2010   0.0000   0.0000
    9.85    1.07100000   1.0710   0.3141   3.7730   4.1990   0.0000   0.0000
    9.85    1.07200000   1.0720   0.3162   3.7731   4.1970   0.0000   0.0000
    9.85    1.07200000   1.0720   0.3183   3.7731   4.1950   0.0000   0.0000
    9.85    1.07300000   1.0730   0.3204   3.7731   4.1940   0.0000   0.0000
    9.85    1.07300000   1.0730   0.3225   3.7732   4.1920   0.0000   0.0000
    9.85    1.07400000   1.0740   0.3246   3.7732   4.1900   0.0000   0.0000
    9.85    1.07500000   1.0750   0.3267   3.7732   4.1880   0.0000   0.0000
    9.85    1.07500000   1.0750   0.3288   3.7732   4.1870   0.0000   0.0000
    9.85    1.07600000   1.0760   0.3309   3.7733   4.1850   0.0000   0.0000
    9.85    1.07600000   1.0760   0.3331   3.7733   4.1830   0.0000   0.0000
    9.85    1.07700000   1.0770   0.3352   3.7733   4.1810   0.0000   0.0000
    9.85    1.07700000   1.0770   0.3374   3.7733   4.1790   0.0000   0.0000
    9.85    1.07800000   1.0780   0.3395   3.7733   4.1770   0.0000   0.0000
    9.85    1.07900000   1.0790   0.3417   3.7733   4.1750   0.0000   0.0000
    9.85    1.07900000   1.0790   0.3439   3.7733   4.1740   0.0000   0.0000
    9.85    1.08000000   1.0800   0.3460   3.7733   4.1720   0.0000   0.0000
    9.85    1.08000000   1.0800   0.3482   3.7733   4.1700   0.0000   0.0000
    9.85    1.08100000   1.0810   0.3504   3.7733   4.1680   0.0000   0.0000
    9.85    1.08200000   1.0820   0.3526   3.7733   4.1660   0.0000   0.0000
    9.85    1.08200000   1.0820   0.3548   3.7733   4.1640   0.0000   0.0000
    9.85    1.08300000   1.0830   0.3570   3.7733   4.1620   0.0000   0.0000
    9.85    1.08300000   1.0830   0.3592   3.7733   4.1600   0.0000   0.0000
    9.85    1.08400000   1.0840   0.3614   3.7733   4.1580   0.0000   0.0000
    9.85    1.08400000   1.0840   0.3636   3.7732   4.1550   0.0000   0.0000
    9.85    1.08500000   1.0850   0.3659   3.7732   4.1530   0.0000   0.0000
    9.85    1.08600000   1.0860   0.3681   3.7732   4.1510   0.0000   0.0000
    9.85    1.08600000   1.0860   0.3704   3.7731   4.1490   0.0000   0.0000
    9.85    1.08700000   1.0870   0.3726   3.7731   4.1470   0.0000   0.0000
    9.85    1.08700000   1.0870   0.3749   3.7730   4.1450   0.0000   0.0000
    9.85    1.08800000   1.0880   0.3771   3.7730   4.1420   0.0000   0.0000
    9.85    1.08800000   1.0880   0.3794   3.7730   4.1400   0.0000   0.0000
    9.85    1.08900000   1.0890   0.3817   3.7729   4.1380   0.0000   0.0000
    9.85    1.09000000   1.0900   0.3840   3.7729   4.1360   0.0000   0.0000
    9.85    1.09000000   1.0900   0.3863   3.7728   4.1330   0.0000   0.0000
    9.85    1.09100000   1.0910   0.3886   3.7727   4.1310   0.0000   0.0000
    9.85    1.09100000   1.0910   0.3909   3.7727   4.1290   0.0000   0.0000
    9.85    1.09200000   1.0920   0.3932   3.7726   4.1260   0.0000   0.0000
    9.85    1.09300000   1.0930   0.3955   3.7725   4.1240   0.0000   0.0000
    9.85    1.09300000   1.0930   0.3979   3.7725   4.1220   0.0000   0.0000
    9.85    1.09400000   1.0940   0.4002   3.7724   4.1190   0.0000   0.0000
    9.85    1.09400000   1.0940   0.4025   3.7723   4.1170   0.0000   0.0000
    9.85    1.09500000   1.0950   0.4049   3.7723   4.1140   0.0000   0.0000
    9.85    1.09600000   1.0960   0.4073   3.7722   4.1120   0.0000   0.0000
    9.85    1.09600000   1.0960   0.4096   3.7721   4.1100   0.0000   0.0000
    9.85    1.09700000   1.0970   0.4120   3.7720   4.1070   0.0000   0.0000
    9.85    1.09700000   1.0970   0.4144   3.7719   4.1050   0.0000   0.0000
    9.85    1.09800000   1.0980   0.4168   3.7718   4.1020   0.0000   0.0000
    9.85    1.09800000   1.0980   0.4192   3.7718   4.1000   0.0000   0.0000
    9.85    1.09900000   1.0990   0.4216   3.7717   4.0970   0.0000   0.0000
    9.85    1.10000000   1.1000   0.4240   3.7716   4.0940   0.0000   0.0000
    9.85    1.10000000   1.1000   0.4263   3.7714   4.0920   0.0000   0.0000
    9.85    1.10100000   1.1010   0.4284   3.7713   4.0900   0.0000   0.0000
    9.85    1.10100000   1.1010   0.4304   3.7712   4.0870   0.0000   0.0000
    9.85    1.10200000   1.1020   0.4325   3.7710   4.0850   0.0000   0.0000
    9.85    1.10300000   1.1030   0.4346   3.7708   4.0820   0.0000   0.0000
    9.85    1.10300000   1.1030   0.4366   3.7707   4.0800   0.0000   0.0000
    9.85    1.10400000   1.1040   0.4387   3.7705   4.0770   0.0000   0.0000
    9.85    1.10400000   1.1040   0.4408   3.7703   4.0750   0.0000   0.0000
    9.85    1.10500000   1.1050   0.4429   3.7702   4.0720   0.0000   0.0000
    9.85    1.10600000   1.1060   0.4449   3.7700   4.0700   0.0000   0.0000
    9.85    1.10600000   1.1060   0.4470   3.7698   4.0670   0.0000   0.0000
    9.85    1.10700000   1.1070   0.4491   3.7696   4.0640   0.0000   0.0000
    9.85    1.10700000   1.1070   0.4511   3.7694   4.0620   0.0000   0.0000
    9.85    1.10800000   1.1080   0.4532   3.7692   4.0590   0.0000   0.0000
    9.85    1.10900000   1.1090   0.4552   3.7690   4.0560   0.0000   0.0000
    9.85    1.10900000   1.1090   0.4573   3.7687   4.0540   0.0000   0.0000
    9.85    1.11000000   1.1100   0.4594   3.7685   4.0510   0.0000   0.0000
    9.85    1.11000000   1.1100   0.4614   3.7683   4.0480   0.0000   0.0000
    9.85    1.11100000   1.1110   0.4635   3.7680   4.0450   0.0000   0.0000
    9.85    1.11200000   1.1120   0.4655   3.7678   4.0430   0.0000   0.0000
    9.85    1.11200000   1.1120   0.4676   3.7676   4.0400   0.0000   0.0000
    9.85    1.11300000   1.1130   0.4696   3.7673   4.0370   0.0000   0.0000
    9.85    1.11300000   1.1130   0.4716   3.7669   4.0340   0.0000   0.0000
    9.85    1.11400000   1.1140   0.4735   3.7666   4.0310   0.0000   0.0000
    9.85    1.11400000   1.1140   0.4755   3.7663   4.0280   0.0000   0.0000
    9.85    1.11500000   1.1150   0.4775   3.7659   4.0240   0.0000   0.0000
    9.85    1.11600000   1.1160   0.4795   3.7655   4.0210   0.0000   0.0000
    9.85    1.11600000   1.1160   0.4815   3.7652   4.0180   0.0000   0.0000
    9.85    1.11700000   1.1170   0.4834   3.7648   4.0150   0.0000   0.0000
    9.85    1.11700000   1.1170   0.4852   3.7644   4.0110   0.0000   0.0000
    9.85    1.11800000   1.1180   0.4871   3.7640   4.0080   0.0000   0.0000
    9.85    1.11900000   1.1190   0.4890   3.7635   4.0050   0.0000   0.0000
    9.85    1.11900000   1.1190   0.4908   3.7631   4.0010   0.0000   0.0000
    9.85    1.12000000   1.1200   0.4927   3.7626   3.9980   0.0000   0.0000
    9.85    1.12000000   1.1200   0.4945   3.7621   3.9940   0.0000   0.0000
    9.85    1.12100000   1.1210   0.4962   3.7616   3.9910   0.0000   0.0000
    9.85    1.12200000   1.1220   0.4980   3.7610   3.9870   0.0000   0.0000
    9.85    1.12200000   1.1220   0.4997   3.7605   3.9830   0.0000   0.0000
    9.85    1.12300000   1.1230   0.5012   3.7599   3.9800   0.0000   0.0000
    9.85    1.12300000   1.1230   0.5027   3.7592   3.9760   0.0000   0.0000
    9.85    1.12400000   1.1240   0.5042   3.7586   3.9720   0.0000   0.0000
    9.85    1.12500000   1.1250   0.5057   3.7580   3.9680   0.0000   0.0000
    9.85    1.12500000   1.1250   0.5072   3.7573   3.9640   0.0000   0.0000
    9.85    1.12600000   1.1260   0.5085   3.7566   3.9600   0.0000   0.0000
    9.85    1.12700000   1.1270   0.5097   3.7558   3.9560   0.0000   0.0000
    9.85    1.12700000   1.1270   0.5109   3.7551   3.9520   0.0000   0.0000
    9.85    1.12800000   1.1280   0.5120   3.7543   3.9480   0.0000   0.0000
    9.85    1.12800000   1.1280   0.5131   3.7535   3.9440   0.0000   0.0000
    9.85    1.12900000   1.1290   0.5141   3.7527   3.9400   0.0000   0.0000
    9.85    1.13000000   1.1300   0.5149   3.7518   3.9360   0.0000   0.0000
    9.85    1.13000000   1.1300   0.5157   3.7509   3.9320   0.0000   0.0000
    9.85    1.13100000   1.1310   0.5165   3.7500   3.9280   0.0000   0.0000
    9.85    1.13100000   1.1310   0.5168   3.7489   3.9230   0.0000   0.0000
    9.85    1.13200000   1.1320   0.5169   3.7478   3.9190   0.0000   0.0000
    9.85    1.13300000   1.1330   0.5169   3.7467   3.9150   0.0000   0.0000
    9.85    1.13300000   1.1330   0.5170   3.7456   3.9110   0.0000   0.0000
    9.85    1.13400000   1.1340   0.5170   3.7445   3.9060   0.0000   0.0000
    9.85    1.13400000   1.1340   0.5167   3.7432   3.9020   0.0000   0.0000
    9.85    1.13500000   1.1350   0.5161   3.7417   3.8970   0.0000   0.0000
    9.85    1.13600000   1.1360   0.5154   3.7402   3.8910   0.0000   0.0000
    9.85    1.13600000   1.1360   0.5143   3.7385   3.8860   0.0000   0.0000
    9.85    1.13700000   1.1370   0.5127   3.7367   3.8810   0.0000   0.0000
    9.85    1.13700000   1.1370   0.5109   3.7348   3.8750   0.0000   0.0000
    9.85    1.13800000   1.1380   0.5088   3.7328   3.8690   0.0000   0.0000
    9.85    1.13900000   1.1390   0.5067   3.7307   3.8630   0.0000   0.0000
    9.85    1.13900000   1.1390   0.5040   3.7284   3.8570   0.0000   0.0000
    9.85    1.14000000   1.1400   0.5011   3.7260   3.8510   0.0000   0.0000
    9.85    1.14100000   1.1410   0.4982   3.7236   3.8440   0.0000   0.0000
    9.85    1.14100000   1.1410   0.4949   3.7209   3.8370   0.0000   0.0000
    9.85    1.14200000   1.1420   0.4915   3.7182   3.8300   0.0000   0.0000
    9.85    1.14200000   1.1420   0.4886   3.7154   3.8220   0.0000   0.0000
    9.85    1.14300000   1.1430   0.4859   3.7126   3.8130   0.0000   0.0000
    9.85    1.14400000   1.1440   0.4840   3.7098   3.8040   0.0000   0.0000
    9.85    1.14400000   1.1440   0.4831   3.7070   3.7940   0.0000   0.0000
    9.85    1.14500000   1.1450   0.4828   3.7042   3.7840   0.0000   0.0000
    9.85    1.14500000   1.1450   0.4852   3.7018   3.7720   0.0000   0.0000
    9.85    1.14600000   1.1460   0.4882   3.6995   3.7600   0.0000   0.0000
    9.85    1.14700000   1.1470   0.4931   3.6975   3.7470   0.0000   0.0000
    9.85    1.14700000   1.1470   0.4997   3.6957   3.7340   0.0000   0.0000
    9.85    1.14800000   1.1480   0.5067   3.6940   3.7200   0.0000   0.0000
    9.85    1.14800000   1.1480   0.5159   3.6924   3.7050   0.0000   0.0000
    9.85    1.14900000   1.1490   0.5253   3.6909   3.6900   0.0000   0.0000
    9.85    1.15000000   1.1500   0.5362   3.6899   3.6750   0.0000   0.0000
    9.85    1.15000000   1.1500   0.5481   3.6888   3.6590   0.0000   0.0000
    9.85    1.15100000   1.1510   0.5603   3.6877   3.6420   0.0000   0.0000
    9.85    1.15200000   1.1510   0.5738   3.6867   3.6250   0.0000   0.0000
    9.85    1.15200000   1.1520   0.5879   3.6859   3.6080   0.0000   0.0000
    9.85    1.15300000   1.1530   0.6028   3.6851   3.5900   0.0000   0.0000
    9.85    1.15300000   1.1530   0.6188   3.6845   3.5720   0.0000   0.0000
    9.85    1.15400000   1.1540   0.6352   3.6839   3.5540   0.0000   0.0000
    9.85    1.15500000   1.1540   0.6528   3.6833   3.5340   0.0000   0.0000
    9.85    1.15500000   1.1550   0.6709   3.6827   3.5130   0.0000   0.0000
    9.85    1.15600000   1.1560   0.6895   3.6820   3.4920   0.0000   0.0000
    9.85    1.15700000   1.1560   0.7095   3.6813   3.4700   0.0000   0.0000
    9.85    1.15700000   1.1570   0.7303   3.6807   3.4470   0.0000   0.0000
    9.85    1.15800000   1.1570   0.7534   3.6803   3.4220   0.0000   0.0000
    9.85    1.15800000   1.1580   0.7771   3.6797   3.3960   0.0000   0.0000
    9.85    1.15900000   1.1580   0.8012   3.6789   3.3690   0.0000   0.0000
    9.85    1.16000000   1.1590   0.8278   3.6781   3.3400   0.0000   0.0000
    9.85    1.16000000   1.1600   0.8562   3.6773   3.3080   0.0000   0.0000
    9.85    1.16100000   1.1600   0.8885   3.6762   3.2720   0.0000   0.0000
    9.85    1.16100000   1.1610   0.9204   3.6751   3.2360   0.0000   0.0000
    9.85    1.16200000   1.1610   0.9520   3.6740   3.2000   0.0000   0.0000
    9.85    1.16300000   1.1620   0.9859   3.6729   3.1620   0.0000   0.0000
    9.85    1.16300000   1.1620   1.0247   3.6715   3.1180   0.0000   0.0000
    9.85    1.16400000   1.1630   1.0769   3.6693   3.0570   0.0000   0.0000
    9.85    1.16500000   1.1630   1.1130   3.6677   3.0140   0.0000   0.0000
# log(age) Mini Mact logl logt logg Composition Phase
    9.90    0.80000000   0.8000  -0.5124   3.6928   4.5780   0.0000   0.0000
    9.90    0.91000000   0.9100  -0.1706   3.7378   4.4720   0.0000   0.0000
    9.90    1.01100000   1.0110   0.1562   3.7647   4.2980   0.0000   0.0000
    9.90    1.01200000   1.0120   0.1581   3.7648   4.2970   0.0000   0.0000
    9.90    1.01200000   1.0120   0.1599   3.7648   4.2960   0.0000   0.0000
    9.90    1.01300000   1.0130   0.1618   3.7649   4.2940   0.0000   0.0000
    9.90    1.01400000   1.0140   0.1636   3.7650   4.2930   0.0000   0.0000
    9.90    1.01400000   1.0140   0.1655   3.7651   4.2920   0.0000   0.0000
    9.90    1.01500000   1.0150   0.1674   3.7651   4.2900   0.0000   0.0000
    9.90    1.01500000   1.0150   0.1692   3.7652   4.2890   0.0000   0.0000
    9.90    1.01600000   1.0160   0.1711   3.7653   4.2880   0.0000   0.0000
    9.90    1.01600000   1.0160   0.1730   3.7653   4.2860   0.0000   0.0000
    9.90    1.01700000   1.0170   0.1749   3.7654   4.2850   0.0000   0.0000
    9.90    1.01700000   1.0170   0.1768   3.7655   4.2840   0.0000   0.0000
    9.90    1.01800000   1.0180   0.1787   3.7656   4.2820   0.0000   0.0000
    9.90    1.01800000   1.0180   0.1807   3.7656   4.2810   0.0000   0.0000
    9.90    1.01900000   1.0190   0.1826   3.7657   4.2790   0.0000   0.0000
    9.90    1.02000000   1.0200   0.1845   3.7658   4.2780   0.0000   0.0000
    9.90    1.02000000   1.0200   0.1865   3.7658   4.2760   0.0000   0.0000
    9.90    1.02100000   1.0210   0.1884   3.7659   4.2750   0.0000   0.0000
    9.90    1.02100000   1.0210   0.1904   3.7659   4.2730   0.0000   0.0000
    9.90    1.02200000   1.0220   0.1923   3.7660   4.2720   0.0000   0.0000
    9.90    1.02200000   1.0220   0.1943   3.7661   4.2710   0.0000   0.0000
    9.90    1.02300000   1.0230   0.1963   3.7661   4.2690   0.0000   0.0000
    9.90    1.02300000   1.0230   0.1982   3.7662   4.2680   0.0000   0.0000
    9.90    1.02400000   1.0240   0.2002   3.7663   4.2660   0.0000   0.0000
    9.90    1.02400000   1.0240   0.2022   3.7663   4.2650   0.0000   0.0000
    9.90    1.02500000   1.0250   0.2041   3.7664   4.2630   0.0000   0.0000
    9.90    1.02600000   1.0260   0.2061   3.7665   4.2620   0.0000   0.0000
    9.90    1.02600000   1.0260   0.2081   3.7665   4.2600   0.0000   0.0000
    9.90    1.02700000   1.0270   0.2101   3.7666   4.2590   0.0000   0.0000
    9.90    1.02700000   1.0270   0.2120   3.7667   4.2570   0.0000   0.0000
    9.90    1.02800000   1.0280   0.2140   3.7667   4.2560   0.0000   0.0000
    9.90    1.02800000   1.0280   0.2160   3.7668   4.2540   0.0000   0.0000
    9.90    1.02900000   1.0290   0.2180   3.7668   4.2530   0.0000   0.0000
    9.90    1.02900000   1.0290   0.2200   3.7669   4.2510   0.0000   0.0000
    9.90    1.03000000   1.0300   0.2220   3.7670   4.2500   0.0000   0.0000
    9.90    1.03100000   1.0310   0.2240   3.7670   4.2480   0.0000   0.0000
    9.90    1.03100000   1.0310   0.2261   3.7671   4.2460   0.0000   0.0000
    9.90    1.03200000   1.0320   0.2281   3.7671   4.2450   0.0000   0.0000
    9.90    1.03200000   1.0320   0.2302   3.7672   4.2430   0.0000   0.0000
    9.90    1.03300000   1.0330   0.2322   3.7673   4.2420   0.0000   0.0000
    9.90    1.03300000   1.0330   0.2342   3.7673   4.2400   0.0000   0.0000
    9.90    1.03400000   1.0340   0.2363   3.7674   4.2390   0.0000   0.0000
    9.90    1.03400000   1.0340   0.2383   3.7674   4.2370   0.0000   0.0000
    9.90    1.03500000   1.0350   0.2404   3.7675   4.2350   0.0000   0.0000
    9.90    1.03600000   1.0360   0.2424   3.7676   4.2340   0.0000   0.0000
    9.90    1.03600000   1.0360   0.2445   3.7676   4.2320   0.0000   0.0000
    9.90    1.03700000   1.0370   0.2466   3.7677   4.2310   0.0000   0.0000
    9.90    1.03700000   1.0370   0.2486   3.7677   4.2290   0.0000   0.0000
    9.90    1.03800000   1.0380   0.2507   3.7678   4.2270   0.0000   0.0000
    9.90    1.03800000   1.0380   0.2528   3.7678   4.2260   0.0000   0.0000
    9.90    1.03900000   1.0390   0.2549   3.7679   4.2240   0.0000   0.0000
    9.90    1.03900000   1.0390   0.2571   3.7679   4.2220   0.0000   0.0000
    9.90    1.04000000   1.0400   0.2592   3.7680   4.2210   0.0000   0.0000
    9.90    1.04100000   1.0410   0.2613   3.7680   4.2190   0.0000   0.0000
    9.90    1.04100000   1.0410   0.2634   3.7681   4.2170   0.0000   0.0000
    9.90    1.04200000   1.0420   0.2655   3.7681   4.2160   0.0000   0.0000
    9.90    1.04200000   1.0420   0.2676   3.7681   4.2140   0.0000   0.0000
    9.90    1.04300000   1.0430   0.2698   3.7682   4.2120   0.0000   0.0000
    9.90    1.04300000   1.0430   0.2719   3.7682   4.2100   0.0000   0.0000
    9.90    1.04400000   1.0440   0.2740   3.7683   4.2090   0.0000   0.0000
    9.90    1.04400000   1.0440   0.2762   3.7683   4.2070   0.0000   0.0000
    9.90    1.04500000   1.0450   0.2783   3.7683   4.2050   0.0000   0.0000
    9.90    1.04600000   1.0460   0.2805   3.7684   4.2030   0.0000   0.0000
    9.90    1.04600000   1.0460   0.2827   3.7684   4.2010   0.0000   0.0000
    9.90    1.04700000   1.0470   0.2849   3.7684   4.2000   0.0000   0.0000
    9.90    1.04700000   1.0470   0.2871   3.7684   4.1980   0.0000   0.0000
    9.90    1.04800000   1.0480   0.2892   3.7685   4.1960   0.0000   0.0000
    9.90    1.04800000   1.0480   0.2914   3.7685   4.1940   0.0000   0.0000
    9.90    1.04900000   1.0490   0.2937   3.7685   4.1920   0.0000   0.0000
    9.90    1.05000000   1.0500   0.2959   3.7685   4.1900   0.0000   0.0000
    9.90    1.05000000   1.0500   0.2981   3.7685   4.1880   0.0000   0.0000
    9.90    1.05100000   1.0510   0.3003   3.7685   4.1860   0.0000   0.0000
    9.90    1.05100000   1.0510   0.3026   3.7685   4.1840   0.0000   0.0000
    9.90    1.05200000   1.0520   0.3048   3.7685   4.1820   0.0000   0.0000
    9.90    1.05200000   1.0520   0.3070   3.7685   4.1800   0.0000   0.0000
    9.90    1.05300000   1.0530   0.3093   3.7685   4.1780   0.0000   0.0000
    9.90    1.05300000   1.0530   0.3116   3.7685   4.1760   0.0000   0.0000
    9.90    1.05400000   1.0540   0.3138   3.7685   4.1740   0.0000   0.0000
    9.90    1.05500000   1.0550   0.3161   3.7685   4.1720   0.0000   0.0000
    9.90    1.05500000   1.0550   0.3184   3.7685   4.1700   0.0000   0.0000
    9.90    1.05600000   1.0560   0.3207   3.7684   4.1680   0.0000   0.0000
    9.90    1.05600000   1.0560   0.3230   3.7684   4.1650   0.0000   0.0000
    9.90    1.05700000   1.0570   0.3253   3.7684   4.1630   0.0000   0.0000
    9.90    1.05700000   1.0570   0.3276   3.7683   4.1610   0.0000   0.0000
    9.90    1.05800000   1.0580   0.3300   3.7683   4.1590   0.0000   0.0000
    9.90    1.05900000   1.0590   0.3323   3.7682   4.1560   0.0000   0.0000
    9.90    1.05900000   1.0590   0.3346   3.7682   4.1540   0.0000   0.0000
    9.90    1.06000000   1.0600   0.3369   3.7681   4.1520   0.0000   0.0000
    9.90    1.06000000   1.0600   0.3393   3.7681   4.1490   0.0000   0.0000
    9.90    1.06100000   1.0610   0.3417   3.7680   4.1470   0.0000   0.0000
    9.90    1.06100000   1.0610   0.3440   3.7680   4.1450   0.0000   0.0000
    9.90    1.06200000   1.0620   0.3464   3.7679   4.1420   0.0000   0.0000
    9.90    1.06300000   1.0630   0.3488   3.7678   4.1400   0.0000   0.0000
    9.90    1.06300000   1.0630   0.3512   3.7678   4.1370   0.0000   0.0000
    9.90    1.06400000   1.0640   0.3536   3.7677   4.1350   0.0000   0.0000
    9.90    1.06400000   1.0640   0.3560   3.7676   4.1320   0.0000   0.0000
    9.90    1.06500000   1.0650   0.3584   3.7675   4.1300   0.0000   0.0000
    9.90    1.06500000   1.0650   0.3608   3.7675   4.1270   0.0000   0.0000
    9.90    1.06600000   1.0660   0.3632   3.7674   4.1250   0.0000   0.0000
    9.90    1.06700000   1.0670   0.3657   3.7673   4.1220   0.0000   0.0000
    9.90    1.06700000   1.0670   0.3681   3.7672   4.1200   0.0000   0.0000
    9.90    1.06800000   1.0680   0.3706   3.7671   4.1170   0.0000   0.0000
    9.90    1.06800000   1.0680   0.3730   3.7670   4.1150   0.0000   0.0000
    9.90    1.06900000   1.0690   0.3755   3.7669   4.1120   0.0000   0.0000
    9.90    1.06900000   1.0690   0.3780   3.7668   4.1090   0.0000   0.0000
    9.90    1.07000000   1.0700   0.3804   3.7667   4.1070   0.0000   0.0000
    9.90    1.07100000   1.0710   0.3829   3.7666   4.1040   0.0000   0.0000
    9.90    1.07100000   1.0710   0.3854   3.7665   4.1010   0.0000   0.0000
    9.90    1.07200000   1.0720   0.3879   3.7663   4.0980   0.0000   0.0000
    9.90    1.07200000   1.0720   0.3904   3.7662   4.0960   0.0000   0.0000
    9.90    1.07300000   1.0730   0.3929   3.7661   4.0930   0.0000   0.0000
    9.90    1.07300000   1.0730   0.3954   3.7659   4.0900   0.0000   0.0000
    9.90    1.07400000   1.0740   0.3980   3.7658   4.0870   0.0000   0.0000
    9.90    1.07500000   1.0750   0.4005   3.7656   4.0840   0.0000   0.0000
    9.90    1.07500000   1.0750   0.4030   3.7655   4.0810   0.0000   0.0000
    9.90    1.07600000   1.0760   0.4056   3.7653   4.0780   0.0000   0.0000
    9.90    1.07600000   1.0760   0.4081   3.7651   4.0750   0.0000   0.0000
    9.90    1.07700000   1.0770   0.4107   3.7649   4.0720   0.0000   0.0000
    9.90    1.07700000   1.0770   0.4132   3.7647   4.0690   0.0000   0.0000
    9.90    1.07800000   1.0780   0.4157   3.7645   4.0660   0.0000   0.0000
    9.90    1.07900000   1.0790   0.4183   3.7642   4.0630   0.0000   0.0000
    9.90    1.07900000   1.0790   0.4208   3.7640   4.0590   0.0000   0.0000
    9.90    1.08000000   1.0800   0.4234   3.7637   4.0560   0.0000   0.0000
    9.90    1.08000000   1.0800   0.4259   3.7633   4.0520   0.0000   0.0000
    9.90    1.08100000   1.0810   0.4284   3.7630   4.0480   0.0000   0.0000
    9.90    1.08200000   1.0820   0.4309   3.7626   4.0450   0.0000   0.0000
    9.90    1.08200000   1.0820   0.4334   3.7623   4.0410   0.0000   0.0000
    9.90    1.08300000   1.0830   0.4359   3.7619   4.0370   0.0000   0.0000
    9.90    1.08300000   1.0830   0.4384   3.7615   4.0330   0.0000   0.0000
    9.90    1.08400000   1.0840   0.4409   3.7611   4.0290   0.0000   0.0000
    9.90    1.08400000   1.0840   0.4434   3.7606   4.0250   0.0000   0.0000
    9.90    1.08500000   1.0850   0.4459   3.7602   4.0210   0.0000   0.0000
    9.90    1.08600000   1.0860   0.4483   3.7597   4.0170   0.0000   0.0000
    9.90    1.08600000   1.0860   0.4507   3.7592   4.0130   0.0000   0.0000
    9.90    1.08700000   1.0870   0.4531   3.7586   4.0080   0.0000   0.0000
    9.90    1.08700000   1.0870   0.4554   3.7581   4.0040   0.0000   0.0000
    9.90    1.08800000   1.0880   0.4578   3.7575   4.0000   0.0000   0.0000
    9.90    1.08800000   1.0880   0.4601   3.7569   3.9950   0.0000   0.0000
    9.90    1.08900000   1.0890   0.4623   3.7563   3.9910   0.0000   0.0000
    9.90    1.09000000   1.0900   0.4645   3.7556   3.9860   0.0000   0.0000
    9.90    1.09000000   1.0900   0.4666   3.7549   3.9820   0.0000   0.0000
    9.90    1.09100000   1.0910   0.4686   3.7542   3.9770   0.0000   0.0000
    9.90    1.09100000   1.0910   0.4705   3.7534   3.9720   0.0000   0.0000
    9.90    1.09200000   1.0920   0.4724   3.7526   3.9670   0.0000   0.0000
    9.90    1.09300000   1.0930   0.4742   3.7518   3.9620   0.0000   0.0000
    9.90    1.09300000   1.0930   0.4759   3.7509   3.9570   0.0000   0.0000
    9.90    1.09400000   1.0940   0.4774   3.7499   3.9520   0.0000   0.0000
    9.90    1.09400000   1.0940   0.4787   3.7489   3.9470   0.0000   0.0000
    9.90    1.09500000   1.0950   0.4800   3.7480   3.9420   0.0000   0.0000
    9.90    1.09600000   1.0960   0.4808   3.7466   3.9360   0.0000   0.0000
    9.90    1.09600000   1.0960   0.4814   3.7452   3.9300   0.0000   0.0000
    9.90    1.09700000   1.0970   0.4820   3.7438   3.9240   0.0000   0.0000
    9.90    1.09700000   1.0970   0.4818   3.7421   3.9180   0.0000   0.0000
    9.90    1.09800000   1.0980   0.4816   3.7403   3.9110   0.0000   0.0000
    9.90    1.09800000   1.0980   0.4805   3.7383   3.9050   0.0000   0.0000
    9.90    1.09900000   1.0990   0.4794   3.7363   3.8980   0.0000   0.0000
    9.90    1.10000000   1.1000   0.4774   3.7340   3.8910   0.0000   0.0000
    9.90    1.10000000   1.1000   0.4751   3.7316   3.8840   0.0000   0.0000
    9.90    1.10100000   1.1010   0.4728   3.7295   3.8780   0.0000   0.0000
    9.90    1.10100000   1.1010   0.4698   3.7269   3.8710   0.0000   0.0000
    9.90    1.10200000   1.1020   0.4667   3.7243   3.8640   0.0000   0.0000
    9.90    1.10300000   1.1030   0.4636   3.7217   3.8560   0.0000   0.0000
    9.90    1.10300000   1.1030   0.4607   3.7188   3.8480   0.0000   0.0000
    9.90    1.10400000   1.1040   0.4578   3.7159   3.8400   0.0000   0.0000
    9.90    1.10400000   1.1040   0.4556   3.7131   3.8310   0.0000   0.0000
    9.90    1.10500000   1.1050   0.4547   3.7102   3.8200   0.0000   0.0000
    9.90    1.10600000   1.1060   0.4537   3.7073   3.8100   0.0000   0.0000
    9.90    1.10600000   1.1060   0.4548   3.7046   3.7980   0.0000   0.0000
    9.90    1.10700000   1.1070   0.4567   3.7019   3.7860   0.0000   0.0000
    9.90    1.10700000   1.1070   0.4610   3.6995   3.7720   0.0000   0.0000
    9.90    1.10800000   1.1080   0.4668   3.6974   3.7580   0.0000   0.0000
    9.90    1.10900000   1.1090   0.4738   3.6954   3.7430   0.0000   0.0000
    9.90    1.10900000   1.1090   0.4829   3.6936   3.7280   0.0000   0.0000
    9.90    1.11000000   1.1100   0.4924   3.6920   3.7120   0.0000   0.0000
    9.90    1.11000000   1.1100   0.5039   3.6908   3.6960   0.0000   0.0000
    9.90    1.11100000   1.1110   0.5166   3.6896   3.6780   0.0000   0.0000
    9.90    1.11200000   1.1110   0.5295   3.6884   3.6610   0.0000   0.0000
    9.90    1.11200000   1.1120   0.5438   3.6873   3.6430   0.0000   0.0000
    9.90    1.11300000   1.1130   0.5592   3.6865   3.6240   0.0000   0.0000
    9.90    1.11300000   1.1130   0.5752   3.6857   3.6050   0.0000   0.0000
    9.90    1.11400000   1.1140   0.5922   3.6849   3.5850   0.0000   0.0000
    9.90    1.11400000   1.1140   0.6104   3.6843   3.5650   0.0000   0.0000
    9.90    1.11500000   1.1150   0.6293   3.6838   3.5440   0.0000   0.0000
    9.90    1.11600000   1.1150   0.6490   3.6829   3.5210   0.0000   0.0000
    9.90    1.11600000   1.1160   0.6698   3.6823   3.4980   0.0000   0.0000
    9.90    1.11700000   1.1160   0.6918   3.6818   3.4740   0.0000   0.0000
    9.90    1.11700000   1.1170   0.7157   3.6812   3.4480   0.0000   0.0000
    9.90    1.11800000   1.1180   0.7404   3.6805   3.4210   0.0000   0.0000
    9.90    1.11900000   1.1180   0.7664   3.6797   3.3920   0.0000   0.0000
    9.90    1.11900000   1.1190   0.7948   3.6790   3.3610   0.0000   0.0000
    9.90    1.12000000   1.1190   0.8248   3.6781   3.3280   0.0000   0.0000
    9.90    1.12000000   1.1200   0.8575   3.6772   3.2910   0.0000   0.0000
    9.90    1.12100000   1.1200   0.8912   3.6762   3.2540   0.0000   0.0000
    9.90    1.12200000   1.1210   0.9263   3.6750   3.2140   0.0000   0.0000
    9.90    1.12200000   1.1210   0.9637   3.6737   3.1720   0.0000   0.0000
    9.90    1.12300000   1.1220   1.0155   3.6716   3.1120   0.0000   0.0000
    9.90    1.12300000   1.1220   1.0667   3.6695   3.0520   0.0000   0.0000
    9.90    1.12400000   1.1230   1.0946   3.6683   3.0200   0.0000   0.0000
# log(age) Mini Mact logl logt logg Composition Phase
    9.95    0.80000000   0.8000  -0.4991   3.6941   4.5700   0.0000   0.0000
    9.95    0.91000000   0.9100  -0.1439   3.7391   4.4500   0.0000   0.0000
    9.95    0.98700000   0.9870   0.1172   3.7597   4.3070   0.0000   0.0000
    9.95    0.98700000   0.9870   0.1190   3.7598   4.3060   0.0000   0.0000
    9.95    0.98800000   0.9880   0.1209   3.7599   4.3040   0.0000   0.0000
    9.95    0.98800000   0.9880   0.1228   3.7600   4.3030   0.0000   0.0000
    9.95    0.98900000   0.9890   0.1246   3.7601   4.3020   0.0000   0.0000
    9.95    0.98900000   0.9890   0.1265   3.7602   4.3000   0.0000   0.0000
    9.95    0.99000000   0.9900   0.1284   3.7603   4.2990   0.0000   0.0000
    9.95    0.99000000   0.9900   0.1303   3.7603   4.2980   0.0000   0.0000
    9.95    0.99100000   0.9910   0.1323   3.7604   4.2960   0.0000   0.0000
    9.95    0.99100000   0.9910   0.1342   3.7605   4.2950   0.0000   0.0000
    9.95    0.99200000   0.9920   0.1361   3.7606   4.2940   0.0000   0.0000
    9.95    0.99300000   0.9930   0.1380   3.7607   4.2920   0.0000   0.0000
    9.95    0.99300000   0.9930   0.1400   3.7607   4.2910   0.0000   0.0000
    9.95    0.99400000   0.9940   0.1419   3.7608   4.2900   0.0000   0.0000
    9.95    0.99400000   0.9940   0.1439   3.7609   4.2880   0.0000   0.0000
    9.95    0.99500000   0.9950   0.1458   3.7610   4.2870   0.0000   0.0000
    9.95    0.99500000   0.9950   0.1478   3.7611   4.2850   0.0000   0.0000
    9.95    0.99600000   0.9960   0.1497   3.7611   4.2840   0.0000   0.0000
    9.95    0.99600000   0.9960   0.1517   3.7612   4.2820   0.0000   0.0000
    9.95    0.99700000   0.9970   0.1537   3.7613   4.2810   0.0000   0.0000
    9.95    0.99700000   0.9970   0.1557   3.7614   4.2800   0.0000   0.0000
    9.95    0.99800000   0.9980   0.1577   3.7614   4.2780   0.0000   0.0000
    9.95    0.99800000   0.9980   0.1597   3.7615   4.2770   0.0000   0.0000
    9.95    0.99900000   0.9990   0.1617   3.7616   4.2750   0.0000   0.0000
    9.95    0.99900000   0.9990   0.1636   3.7617   4.2740   0.0000   0.0000
    9.95    1.00000000   1.0000   0.1656   3.7618   4.2720   0.0000   0.0000
    9.95    1.00100000   1.0010   0.1677   3.7618   4.2710   0.0000   0.0000
    9.95    1.00100000   1.0010   0.1697   3.7619   4.2690   0.0000   0.0000
    9.95    1.00200000   1.0020   0.1718   3.7620   4.2680   0.0000   0.0000
    9.95    1.00200000   1.0020   0.1739   3.7620   4.2660   0.0000   0.0000
    9.95    1.00300000   1.0030   0.1759   3.7621   4.2650   0.0000   0.0000
    9.95    1.00300000   1.0030   0.1780   3.7621   4.2630   0.0000   0.0000
    9.95    1.00400000   1.0040   0.1801   3.7622   4.2610   0.0000   0.0000
    9.95    1.00400000   1.0040   0.1822   3.7623   4.2600   0.0000   0.0000
    9.95    1.00500000   1.0050   0.1843   3.7623   4.2580   0.0000   0.0000
    9.95    1.00500000   1.0050   0.1864   3.7624   4.2560   0.0000   0.0000
    9.95    1.00600000   1.0060   0.1885   3.7624   4.2550   0.0000   0.0000
    9.95    1.00600000   1.0060   0.1906   3.7625   4.2530   0.0000   0.0000
    9.95    1.00700000   1.0070   0.1927   3.7625   4.2510   0.0000   0.0000
    9.95    1.00800000   1.0080   0.1948   3.7626   4.2500   0.0000   0.0000
    9.95    1.00800000   1.0080   0.1970   3.7626   4.2480   0.0000   0.0000
    9.95    1.00900000   1.0090   0.1991   3.7627   4.2460   0.0000   0.0000
    9.95    1.00900000   1.0090   0.2012   3.7628   4.2450   0.0000   0.0000
    9.95    1.01000000   1.0100   0.2034   3.7628   4.2430   0.0000   0.0000
    9.95    1.01000000   1.0100   0.2055   3.7629   4.2410   0.0000   0.0000
    9.95    1.01100000   1.0110   0.2077   3.7629   4.2400   0.0000   0.0000
    9.95    1.01100000   1.0110   0.2098   3.7630   4.2380   0.0000   0.0000
    9.95    1.01200000   1.0120   0.2120   3.7630   4.2360   0.0000   0.0000
    9.95    1.01200000   1.0120   0.2142   3.7631   4.2340   0.0000   0.0000
    9.95    1.01300000   1.0130   0.2164   3.7631   4.2330   0.0000   0.0000
    9.95    1.01400000   1.0140   0.2186   3.7632   4.2310   0.0000   0.0000
    9.95    1.01400000   1.0140   0.2208   3.7632   4.2290   0.0000   0.0000
    9.95    1.01500000   1.0150   0.2229   3.7633   4.2270   0.0000   0.0000
    9.95    1.01500000   1.0150   0.2251   3.7633   4.2260   0.0000   0.0000
    9.95    1.01600000   1.0160   0.2274   3.7634   4.2240   0.0000   0.0000
    9.95    1.01600000   1.0160   0.2296   3.7634   4.2220   0.0000   0.0000
    9.95    1.01700000   1.0170   0.2318   3.7634   4.2200   0.0000   0.0000
    9.95    1.01700000   1.0170   0.2340   3.7635   4.2180   0.0000   0.0000
    9.95    1.01800000   1.0180   0.2363   3.7635   4.2160   0.0000   0.0000
    9.95    1.01800000   1.0180   0.2385   3.7636   4.2150   0.0000   0.0000
    9.95    1.01900000   1.0190   0.2408   3.7636   4.2130   0.0000   0.0000
    9.95    1.02000000   1.0200   0.2430   3.7636   4.2110   0.0000   0.0000
    9.95    1.02000000   1.0200   0.2453   3.7636   4.2090   0.0000   0.0000
    9.95    1.02100000   1.0210   0.2476   3.7637   4.2070   0.0000   0.0000
    9.95    1.02100000   1.0210   0.2498   3.7637   4.2050   0.0000   0.0000
    9.95    1.02200000   1.0220   0.2521   3.7637   4.2030   0.0000   0.0000
    9.95    1.02200000   1.0220   0.2545   3.7637   4.2010   0.0000   0.0000
    9.95    1.02300000   1.0230   0.2568   3.7637   4.1990   0.0000   0.0000
    9.95    1.02300000   1.0230   0.2591   3.7637   4.1970   0.0000   0.0000
    9.95    1.02400000   1.0240   0.2614   3.7637   4.1950   0.0000   0.0000
    9.95    1.02400000   1.0240   0.2637   3.7637   4.1930   0.0000   0.0000
    9.95    1.02500000   1.0250   0.2660   3.7637   4.1910   0.0000   0.0000
    9.95    1.02600000   1.0260   0.2684   3.7637   4.1880   0.0000   0.0000
    9.95    1.02600000   1.0260   0.2707   3.7637   4.1860   0.0000   0.0000
    9.95    1.02700000   1.0270   0.2730   3.7637   4.1840   0.0000   0.0000
    9.95    1.02700000   1.0270   0.2754   3.7637   4.1820   0.0000   0.0000
    9.95    1.02800000   1.0280   0.2778   3.7636   4.1800   0.0000   0.0000
    9.95    1.02800000   1.0280   0.2802   3.7636   4.1770   0.0000   0.0000
    9.95    1.02900000   1.0290   0.2826   3.7636   4.1750   0.0000   0.0000
    9.95    1.02900000   1.0290   0.2850   3.7635   4.1730   0.0000   0.0000
    9.95    1.03000000   1.0300   0.2874   3.7635   4.1700   0.0000   0.0000
    9.95    1.03100000   1.0310   0.2898   3.7634   4.1680   0.0000   0.0000
    9.95    1.03100000   1.0310   0.2922   3.7634   4.1660   0.0000   0.0000
    9.95    1.03200000   1.0320   0.2946   3.7633   4.1630   0.0000   0.0000
    9.95    1.03200000   1.0320   0.2970   3.7633   4.1610   0.0000   0.0000
    9.95    1.03300000   1.0330   0.2995   3.7632   4.1580   0.0000   0.0000
    9.95    1.03300000   1.0330   0.3019   3.7631   4.1560   0.0000   0.0000
    9.95    1.03400000   1.0340   0.3044   3.7631   4.1530   0.0000   0.0000
    9.95    1.03400000   1.0340   0.3068   3.7630   4.1510   0.0000   0.0000
    9.95    1.03500000   1.0350   0.3093   3.7629   4.1480   0.0000   0.0000
    9.95    1.03600000   1.0360   0.3118   3.7628   4.1460   0.0000   0.0000
    9.95    1.03600000   1.0360   0.3142   3.7628   4.1430   0.0000   0.0000
    9.95    1.03700000   1.0370   0.3167   3.7627   4.1400   0.0000   0.0000
    9.95    1.03700000   1.0370   0.3192   3.7626   4.1380   0.0000   0.0000
    9.95    1.03800000   1.0380   0.3218   3.7625   4.1350   0.0000   0.0000
    9.95    1.03800000   1.0380   0.3243   3.7624   4.1330   0.0000   0.0000
    9.95    1.03900000   1.0390   0.3268   3.7623   4.1300   0.0000   0.0000
    9.95    1.03900000   1.0390   0.3293   3.7622   4.1270   0.0000   0.0000
    9.95    1.04000000   1.0400   0.3319   3.7620   4.1240   0.0000   0.0000
    9.95    1.04100000   1.0410   0.3344   3.7619   4.1220   0.0000   0.0000
    9.95    1.04100000   1.0410   0.3370   3.7618   4.1190   0.0000   0.0000
    9.95    1.04200000   1.0420   0.3395   3.7617   4.1160   0.0000   0.0000
    9.95    1.04200000   1.0420   0.3421   3.7616   4.1130   0.0000   0.0000
    9.95    1.04300000   1.0430   0.3447   3.7614   4.1100   0.0000   0.0000
    9.95    1.04300000   1.0430   0.3473   3.7613   4.1070   0.0000   0.0000
    9.95    1.04400000   1.0440   0.3498   3.7611   4.1040   0.0000   0.0000
    9.95    1.04400000   1.0440   0.3524   3.7610   4.1010   0.0000   0.0000
    9.95    1.04500000   1.0450   0.3550   3.7608   4.0980   0.0000   0.0000
    9.95    1.04600000   1.0460   0.3577   3.7606   4.0950   0.0000   0.0000
    9.95    1.04600000   1.0460   0.3603   3.7605   4.0920   0.0000   0.0000
    9.95    1.04700000   1.0470   0.3629   3.7603   4.0890   0.0000   0.0000
    9.95    1.04700000   1.0470   0.3655   3.7601   4.0860   0.0000   0.0000
    9.95    1.04800000   1.0480   0.3681   3.7599   4.0830   0.0000   0.0000
    9.95    1.04800000   1.0480   0.3707   3.7596   4.0790   0.0000   0.0000
    9.95    1.04900000   1.0490   0.3733   3.7594   4.0760   0.0000   0.0000
    9.95    1.05000000   1.0500   0.3759   3.7591   4.0720   0.0000   0.0000
    9.95    1.05000000   1.0500   0.3785   3.7588   4.0690   0.0000   0.0000
    9.95    1.05100000   1.0510   0.3811   3.7584   4.0650   0.0000   0.0000
    9.95    1.05100000   1.0510   0.3837   3.7581   4.0610   0.0000   0.0000
    9.95    1.05200000   1.0520   0.3863   3.7578   4.0580   0.0000   0.0000
    9.95    1.05200000   1.0520   0.3889   3.7574   4.0540   0.0000   0.0000
    9.95    1.05300000   1.0530   0.3915   3.7570   4.0500   0.0000   0.0000
    9.95    1.05300000   1.0530   0.3940   3.7566   4.0460   0.0000   0.0000
    9.95    1.05400000   1.0540   0.3966   3.7562   4.0420   0.0000   0.0000
    9.95    1.05500000   1.0550   0.3991   3.7557   4.0380   0.0000   0.0000
    9.95    1.05500000   1.0550   0.4016   3.7552   4.0330   0.0000   0.0000
    9.95    1.05600000   1.0560   0.4041   3.7547   4.0290   0.0000   0.0000
    9.95    1.05600000   1.0560   0.4066   3.7541   4.0250   0.0000   0.0000
    9.95    1.05700000   1.0570   0.4090   3.7535   4.0200   0.0000   0.0000
    9.95    1.05700000   1.0570   0.4114   3.7529   4.0160   0.0000   0.0000
    9.95    1.05800000   1.0580   0.4138   3.7523   4.0110   0.0000   0.0000
    9.95    1.05900000   1.0590   0.4160   3.7516   4.0060   0.0000   0.0000
    9.95    1.05900000   1.0590   0.4183   3.7509   4.0010   0.0000   0.0000
    9.95    1.06000000   1.0600   0.4205   3.7502   3.9970   0.0000   0.0000
    9.95    1.06000000   1.0600   0.4225   3.7494   3.9920   0.0000   0.0000
    9.95    1.06100000   1.0610   0.4245   3.7486   3.9870   0.0000   0.0000
    9.95    1.06100000   1.0610   0.4265   3.7478   3.9810   0.0000   0.0000
    9.95    1.06200000   1.0620   0.4283   3.7469   3.9760   0.0000   0.0000
    9.95    1.06300000   1.0630   0.4300   3.7459   3.9710   0.0000   0.0000
    9.95    1.06300000   1.0630   0.4315   3.7449   3.9660   0.0000   0.0000
    9.95    1.06400000   1.0640   0.4330   3.7439   3.9600   0.0000   0.0000
    9.95    1.06400000   1.0640   0.4339   3.7425   3.9540   0.0000   0.0000
    9.95    1.06500000   1.0650   0.4348   3.7412   3.9480   0.0000   0.0000
    9.95    1.06500000   1.0650   0.4355   3.7397   3.9420   0.0000   0.0000
    9.95    1.06600000   1.0660   0.4358   3.7381   3.9350   0.0000   0.0000
    9.95    1.06700000   1.0670   0.4356   3.7363   3.9290   0.0000   0.0000
    9.95    1.06700000   1.0670   0.4351   3.7344   3.9220   0.0000   0.0000
    9.95    1.06800000   1.0680   0.4342   3.7324   3.9150   0.0000   0.0000
    9.95    1.06800000   1.0680   0.4327   3.7301   3.9070   0.0000   0.0000
    9.95    1.06900000   1.0690   0.4310   3.7278   3.9000   0.0000   0.0000
    9.95    1.06900000   1.0690   0.4286   3.7250   3.8910   0.0000   0.0000
    9.95    1.07000000   1.0700   0.4261   3.7221   3.8830   0.0000   0.0000
    9.95    1.07100000   1.0710   0.4236   3.7191   3.8730   0.0000   0.0000
    9.95    1.07100000   1.0710   0.4210   3.7159   3.8630   0.0000   0.0000
    9.95    1.07200000   1.0720   0.4196   3.7127   3.8520   0.0000   0.0000
    9.95    1.07200000   1.0720   0.4189   3.7095   3.8400   0.0000   0.0000
    9.95    1.07300000   1.0730   0.4191   3.7063   3.8270   0.0000   0.0000
    9.95    1.07300000   1.0730   0.4212   3.7031   3.8130   0.0000   0.0000
    9.95    1.07400000   1.0740   0.4254   3.7001   3.7970   0.0000   0.0000
    9.95    1.07500000   1.0750   0.4320   3.6974   3.7800   0.0000   0.0000
    9.95    1.07500000   1.0750   0.4405   3.6950   3.7620   0.0000   0.0000
    9.95    1.07600000   1.0760   0.4513   3.6929   3.7430   0.0000   0.0000
    9.95    1.07600000   1.0760   0.4639   3.6912   3.7240   0.0000   0.0000
    9.95    1.07700000   1.0770   0.4788   3.6896   3.7030   0.0000   0.0000
    9.95    1.07700000   1.0770   0.4947   3.6881   3.6810   0.0000   0.0000
    9.95    1.07800000   1.0780   0.5124   3.6868   3.6580   0.0000   0.0000
    9.95    1.07900000   1.0780   0.5319   3.6858   3.6350   0.0000   0.0000
    9.95    1.07900000   1.0790   0.5526   3.6847   3.6100   0.0000   0.0000
    9.95    1.08000000   1.0800   0.5750   3.6839   3.5850   0.0000   0.0000
    9.95    1.08000000   1.0800   0.5988   3.6833   3.5590   0.0000   0.0000
    9.95    1.08100000   1.0810   0.6236   3.6822   3.5300   0.0000   0.0000
    9.95    1.08200000   1.0810   0.6513   3.6818   3.5010   0.0000   0.0000
    9.95    1.08200000   1.0820   0.6804   3.6811   3.4690   0.0000   0.0000
    9.95    1.08300000   1.0820   0.7114   3.6802   3.4350   0.0000   0.0000
    9.95    1.08300000   1.0830   0.7451   3.6793   3.3980   0.0000   0.0000
    9.95    1.08400000   1.0830   0.7813   3.6784   3.3580   0.0000   0.0000
    9.95    1.08400000   1.0840   0.8217   3.6774   3.3140   0.0000   0.0000
    9.95    1.08500000   1.0840   0.8647   3.6762   3.2660   0.0000   0.0000
    9.95    1.08600000   1.0850   0.9115   3.6747   3.2130   0.0000   0.0000
    9.95    1.08600000   1.0850   0.9666   3.6727   3.1510   0.0000   0.0000
    9.95    1.08700000   1.0860   1.0396   3.6697   3.0660   0.0000   0.0000
    9.95    1.08700000   1.0860   1.0750   3.6684   3.0250   0.0000   0.0000
# log(age) Mini Mact logl logt logg Composition Phase
   10.00    0.80000000   0.8000  -0.4835   3.6956   4.5600   0.0000   0.0000
   10.00    0.91000000   0.9100  -0.1115   3.7407   4.4240   0.0000   0.0000
   10.00    0.96100000   0.9610   0.0736   3.7543   4.3170   0.0000   0.0000
   10.00    0.96200000   0.9620   0.0755   3.7544   4.3160   0.0000   0.0000
   10.00    0.96200000   0.9620   0.0774   3.7545   4.3150   0.0000   0.0000
   10.00    0.96300000   0.9630   0.0793   3.7546   4.3130   0.0000   0.0000
   10.00    0.96300000   0.9630   0.0812   3.7546   4.3120   0.0000   0.0000
   10.00    0.96400000   0.9640   0.0832   3.7547   4.3110   0.0000   0.0000
   10.00    0.96400000   0.9640   0.0851   3.7548   4.3090   0.0000   0.0000
   10.00    0.96500000   0.9650   0.0871   3.7549   4.3080   0.0000   0.0000
   10.00    0.96500000   0.9650   0.0891   3.7550   4.3070   0.0000   0.0000
   10.00    0.96600000   0.9660   0.0911   3.7551   4.3050   0.0000   0.0000
   10.00    0.96600000   0.9660   0.0930   3.7552   4.3040   0.0000   0.0000
   10.00    0.96700000   0.9670   0.0950   3.7553   4.3020   0.0000   0.0000
   10.00    0.96700000   0.9670   0.0970   3.7553   4.3010   0.0000   0.0000
   10.00    0.96800000   0.9680   0.0990   3.7554   4.2990   0.0000   0.0000
   10.00    0.96800000   0.9680   0.1010   3.7555   4.2980   0.0000   0.0000
   10.00    0.96900000   0.9690   0.1030   3.7556   4.2970   0.0000   0.0000
   10.00    0.96900000   0.9690   0.1050   3.7557   4.2950   0.0000   0.0000
   10.00    0.97000000   0.9700   0.1070   3.7558   4.2940   0.0000   0.0000
   10.00    0.97000000   0.9700   0.1091   3.7558   4.2920   0.0000   0.0000
   10.00    0.97100000   0.9710   0.1111   3.7559   4.2910   0.0000   0.0000
   10.00    0.97100000   0.9710   0.1132   3.7560   4.2890   0.0000   0.0000
   10.00    0.97200000   0.9720   0.1152   3.7561   4.2880   0.0000   0.0000
   10.00    0.97300000   0.9730   0.1172   3.7562   4.2860   0.0000   0.0000
   10.00    0.97300000   0.9730   0.1193   3.7562   4.2850   0.0000   0.0000
   10.00    0.97400000   0.9740   0.1213   3.7563   4.2830   0.0000   0.0000
   10.00    0.97400000   0.9740   0.1234   3.7564   4.2820   0.0000   0.0000
   10.00    0.97500000   0.9750   0.1254   3.7565   4.2800   0.0000   0.0000
   10.00    0.97500000   0.9750   0.1275   3.7566   4.2790   0.0000   0.0000
   10.00    0.97600000   0.9760   0.1296   3.7566   4.2770   0.0000   0.0000
   10.00    0.97600000   0.9760   0.1316   3.7567   4.2760   0.0000   0.0000
   10.00    0.97700000   0.9770   0.1337   3.7568   4.2740   0.0000   0.0000
   10.00    0.97700000   0.9770   0.1358   3.7569   4.2730   0.0000   0.0000
   10.00    0.97800000   0.9780   0.1379   3.7569   4.2710   0.0000   0.0000
   10.00    0.97800000   0.9780   0.1400   3.7570   4.2690   0.0000   0.0000
   10.00    0.97900000   0.9790   0.1421   3.7571   4.2680   0.0000   0.0000
   10.00    0.97900000   0.9790   0.1443   3.7572   4.2660   0.0000   0.0000
   10.00    0.98000000   0.9800   0.1464   3.7572   4.2650   0.0000   0.0000
   10.00    0.98000000   0.9800   0.1485   3.7573   4.2630   0.0000   0.0000
   10.00    0.98100000   0.9810   0.1507   3.7574   4.2610   0.0000   0.0000
   10.00    0.98100000   0.9810   0.1528   3.7574   4.2600   0.0000   0.0000
   10.00    0.98200000   0.9820   0.1550   3.7575   4.2580   0.0000   0.0000
   10.00    0.98200000   0.9820   0.1571   3.7576   4.2560   0.0000   0.0000
   10.00    0.98300000   0.9830   0.1593   3.7576   4.2550   0.0000   0.0000
   10.00    0.98400000   0.9840   0.1615   3.7577   4.2530   0.0000   0.0000
   10.00    0.98400000   0.9840   0.1636   3.7578   4.2510   0.0000   0.0000
   10.00    0.98500000   0.9850   0.1658   3.7578   4.2500   0.0000   0.0000
   10.00    0.98500000   0.9850   0.1680   3.7579   4.2480   0.0000   0.0000
   10.00    0.98600000   0.9860   0.1702   3.7580   4.2460   0.0000   0.0000
   10.00    0.98600000   0.9860   0.1724   3.7580   4.2450   0.0000   0.0000
   10.00    0.98700000   0.9870   0.1746   3.7581   4.2430   0.0000   0.0000
   10.00    0.98700000   0.9870   0.1768   3.7581   4.2410   0.0000   0.0000
   10.00    0.98800000   0.9880   0.1791   3.7582   4.2390   0.0000   0.0000
   10.00    0.98800000   0.9880   0.1813   3.7582   4.2380   0.0000   0.0000
   10.00    0.98900000   0.9890   0.1835   3.7583   4.2360   0.0000   0.0000
   10.00    0.98900000   0.9890   0.1858   3.7584   4.2340   0.0000   0.0000
   10.00    0.99000000   0.9900   0.1880   3.7584   4.2320   0.0000   0.0000
   10.00    0.99000000   0.9900   0.1903   3.7585   4.2300   0.0000   0.0000
   10.00    0.99100000   0.9910   0.1926   3.7585   4.2280   0.0000   0.0000
   10.00    0.99100000   0.9910   0.1949   3.7586   4.2270   0.0000   0.0000
   10.00    0.99200000   0.9920   0.1972   3.7586   4.2250   0.0000   0.0000
   10.00    0.99300000   0.9930   0.1995   3.7587   4.2230   0.0000   0.0000
   10.00    0.99300000   0.9930   0.2018   3.7587   4.2210   0.0000   0.0000
   10.00    0.99400000   0.9940   0.2041   3.7587   4.2190   0.0000   0.0000
   10.00    0.99400000   0.9940   0.2064   3.7588   4.2170   0.0000   0.0000
   10.00    0.99500000   0.9950   0.2087   3.7588   4.2150   0.0000   0.0000
   10.00    0.99500000   0.9950   0.2111   3.7588   4.2130   0.0000   0.0000
   10.00    0.99600000   0.9960   0.2134   3.7589   4.2110   0.0000   0.0000
   10.00    0.99600000   0.9960   0.2158   3.7589   4.2090   0.0000   0.0000
   10.00    0.99700000   0.9970   0.2181   3.7589   4.2070   0.0000   0.0000
   10.00    0.99700000   0.9970   0.2205   3.7589   4.2050   0.0000   0.0000
   10.00    0.99800000   0.9980   0.2228   3.7589   4.2030   0.0000   0.0000
   10.00    0.99800000   0.9980   0.2252   3.7589   4.2010   0.0000   0.0000
   10.00    0.99900000   0.9990   0.2276   3.7589   4.1980   0.0000   0.0000
   10.00    0.99900000   0.9990   0.2300   3.7589   4.1960   0.0000   0.0000
   10.00    1.00000000   1.0000   0.2324   3.7588   4.1940   0.0000   0.0000
   10.00    1.00100000   1.0010   0.2349   3.7588   4.1920   0.0000   0.0000
   10.00    1.00100000   1.0010   0.2373   3.7588   4.1890   0.0000   0.0000
   10.00    1.00200000   1.0020   0.2398   3.7587   4.1870   0.0000   0.0000
   10.00    1.00200000   1.0020   0.2423   3.7587   4.1840   0.0000   0.0000
   10.00    1.00300000   1.0030   0.2448   3.7587   4.1820   0.0000   0.0000
   10.00    1.00300000   1.0030   0.2473   3.7586   4.1800   0.0000   0.0000
   10.00    1.00400000   1.0040   0.2498   3.7586   4.1770   0.0000   0.0000
   10.00    1.00400000   1.0040   0.2523   3.7585   4.1750   0.0000   0.0000
   10.00    1.00500000   1.0050   0.2548   3.7584   4.1720   0.0000   0.0000
   10.00    1.00500000   1.0050   0.2573   3.7584   4.1690   0.0000   0.0000
   10.00    1.00600000   1.0060   0.2599   3.7583   4.1670   0.0000   0.0000
   10.00    1.00600000   1.0060   0.2624   3.7582   4.1640   0.0000   0.0000
   10.00    1.00700000   1.0070   0.2650   3.7581   4.1620   0.0000   0.0000
   10.00    1.00800000   1.0080   0.2676   3.7581   4.1590   0.0000   0.0000
   10.00    1.00800000   1.0080   0.2701   3.7580   4.1560   0.0000   0.0000
   10.00    1.00900000   1.0090   0.2727   3.7579   4.1530   0.0000   0.0000
   10.00    1.00900000   1.0090   0.2753   3.7578   4.1510   0.0000   0.0000
   10.00    1.01000000   1.0100   0.2779   3.7577   4.1480   0.0000   0.0000
   10.00    1.01000000   1.0100   0.2805   3.7575   4.1450   0.0000   0.0000
   10.00    1.01100000   1.0110   0.2831   3.7574   4.1420   0.0000   0.0000
   10.00    1.01100000   1.0110   0.2857   3.7573   4.1390   0.0000   0.0000
   10.00    1.01200000   1.0120   0.2884   3.7572   4.1360   0.0000   0.0000
   10.00    1.01200000   1.0120   0.2910   3.7570   4.1340   0.0000   0.0000
   10.00    1.01300000   1.0130   0.2936   3.7569   4.1310   0.0000   0.0000
   10.00    1.01400000   1.0140   0.2963   3.7568   4.1280   0.0000   0.0000
   10.00    1.01400000   1.0140   0.2989   3.7566   4.1250   0.0000   0.0000
   10.00    1.01500000   1.0150   0.3016   3.7565   4.1220   0.0000   0.0000
   10.00    1.01500000   1.0150   0.3042   3.7564   4.1190   0.0000   0.0000
   10.00    1.01600000   1.0160   0.3069   3.7562   4.1160   0.0000   0.0000
   10.00    1.01600000   1.0160   0.3096   3.7560   4.1120   0.0000   0.0000
   10.00    1.01700000   1.0170   0.3123   3.7558   4.1090   0.0000   0.0000
   10.00    1.01700000   1.0170   0.3150   3.7556   4.1060   0.0000   0.0000
   10.00    1.01800000   1.0180   0.3177   3.7554   4.1030   0.0000   0.0000
   10.00    1.01800000   1.0180   0.3204   3.7552   4.0990   0.0000   0.0000
   10.00    1.01900000   1.0190   0.3231   3.7550   4.0960   0.0000   0.0000
   10.00    1.02000000   1.0200   0.3258   3.7547   4.0930   0.0000   0.0000
   10.00    1.02000000   1.0200   0.3285   3.7545   4.0890   0.0000   0.0000
   10.00    1.02100000   1.0210   0.3311   3.7542   4.0850   0.0000   0.0000
   10.00    1.02100000   1.0210   0.3338   3.7539   4.0820   0.0000   0.0000
   10.00    1.02200000   1.0220   0.3365   3.7536   4.0780   0.0000   0.0000
   10.00    1.02200000   1.0220   0.3392   3.7532   4.0740   0.0000   0.0000
   10.00    1.02300000   1.0230   0.3419   3.7529   4.0700   0.0000   0.0000
   10.00    1.02300000   1.0230   0.3445   3.7525   4.0670   0.0000   0.0000
   10.00    1.02400000   1.0240   0.3471   3.7521   4.0630   0.0000   0.0000
   10.00    1.02400000   1.0240   0.3498   3.7517   4.0580   0.0000   0.0000
   10.00    1.02500000   1.0250   0.3524   3.7512   4.0540   0.0000   0.0000
   10.00    1.02600000   1.0260   0.3550   3.7507   4.0500   0.0000   0.0000
   10.00    1.02600000   1.0260   0.3576   3.7501   4.0450   0.0000   0.0000
   10.00    1.02700000   1.0270   0.3601   3.7496   4.0410   0.0000   0.0000
   10.00    1.02700000   1.0270   0.3626   3.7490   4.0360   0.0000   0.0000
   10.00    1.02800000   1.0280   0.3651   3.7483   4.0310   0.0000   0.0000
   10.00    1.02800000   1.0280   0.3676   3.7477   4.0260   0.0000   0.0000
   10.00    1.02900000   1.0290   0.3700   3.7470   4.0210   0.0000   0.0000
   10.00    1.02900000   1.0290   0.3723   3.7462   4.0160   0.0000   0.0000
   10.00    1.03000000   1.0300   0.3745   3.7454   4.0110   0.0000   0.0000
   10.00    1.03100000   1.0310   0.3767   3.7446   4.0060   0.0000   0.0000
   10.00    1.03100000   1.0310   0.3788   3.7437   4.0000   0.0000   0.0000
   10.00    1.03200000   1.0320   0.3808   3.7428   3.9950   0.0000   0.0000
   10.00    1.03200000   1.0320   0.3827   3.7418   3.9890   0.0000   0.0000
   10.00    1.03300000   1.0330   0.3845   3.7408   3.9840   0.0000   0.0000
   10.00    1.03300000   1.0330   0.3861   3.7397   3.9780   0.0000   0.0000
   10.00    1.03400000   1.0340   0.3873   3.7385   3.9720   0.0000   0.0000
   10.00    1.03400000   1.0340   0.3886   3.7372   3.9660   0.0000   0.0000
   10.00    1.03500000   1.0350   0.3894   3.7357   3.9590   0.0000   0.0000
   10.00    1.03600000   1.0360   0.3902   3.7342   3.9530   0.0000   0.0000
   10.00    1.03600000   1.0360   0.3904   3.7325   3.9460   0.0000   0.0000
   10.00    1.03700000   1.0370   0.3905   3.7307   3.9390   0.0000   0.0000
   10.00    1.03700000   1.0370   0.3899   3.7286   3.9310   0.0000   0.0000
   10.00    1.03800000   1.0380   0.3893   3.7265   3.9240   0.0000   0.0000
   10.00    1.03800000   1.0380   0.3881   3.7239   3.9150   0.0000   0.0000
   10.00    1.03900000   1.0390   0.3867   3.7213   3.9060   0.0000   0.0000
   10.00    1.03900000   1.0390   0.3851   3.7184   3.8960   0.0000   0.0000
   10.00    1.04000000   1.0400   0.3834   3.7155   3.8860   0.0000   0.0000
   10.00    1.04100000   1.0410   0.3828   3.7124   3.8750   0.0000   0.0000
   10.00    1.04100000   1.0410   0.3824   3.7093   3.8630   0.0000   0.0000
   10.00    1.04200000   1.0420   0.3834   3.7062   3.8500   0.0000   0.0000
   10.00    1.04200000   1.0420   0.3852   3.7030   3.8360   0.0000   0.0000
   10.00    1.04300000   1.0430   0.3894   3.6999   3.8200   0.0000   0.0000
   10.00    1.04300000   1.0430   0.3958   3.6972   3.8020   0.0000   0.0000
   10.00    1.04400000   1.0440   0.4042   3.6948   3.7840   0.0000   0.0000
   10.00    1.04400000   1.0440   0.4144   3.6925   3.7660   0.0000   0.0000
   10.00    1.04500000   1.0450   0.4270   3.6906   3.7450   0.0000   0.0000
   10.00    1.04600000   1.0460   0.4421   3.6889   3.7240   0.0000   0.0000
   10.00    1.04600000   1.0460   0.4585   3.6873   3.7010   0.0000   0.0000
   10.00    1.04700000   1.0470   0.4768   3.6860   3.6780   0.0000   0.0000
   10.00    1.04700000   1.0470   0.4969   3.6848   3.6530   0.0000   0.0000
   10.00    1.04800000   1.0480   0.5185   3.6837   3.6280   0.0000   0.0000
   10.00    1.04800000   1.0480   0.5420   3.6829   3.6010   0.0000   0.0000
   10.00    1.04900000   1.0490   0.5669   3.6821   3.5730   0.0000   0.0000
   10.00    1.05000000   1.0490   0.5932   3.6812   3.5430   0.0000   0.0000
   10.00    1.05000000   1.0500   0.6222   3.6807   3.5120   0.0000   0.0000
   10.00    1.05100000   1.0500   0.6528   3.6799   3.4790   0.0000   0.0000
   10.00    1.05100000   1.0510   0.6856   3.6791   3.4430   0.0000   0.0000
   10.00    1.05200000   1.0510   0.7212   3.6782   3.4040   0.0000   0.0000
   10.00    1.05200000   1.0520   0.7596   3.6772   3.3620   0.0000   0.0000
   10.00    1.05300000   1.0520   0.8028   3.6761   3.3150   0.0000   0.0000
   10.00    1.05300000   1.0530   0.8495   3.6748   3.2630   0.0000   0.0000
   10.00    1.05400000   1.0530   0.9012   3.6731   3.2050   0.0000   0.0000
   10.00    1.05500000   1.0530   0.9618   3.6710   3.1360   0.0000   0.0000
   10.00    1.05500000   1.0540   1.0351   3.6682   3.0510   0.0000   0.0000
   10.00    1.05600000   1.0540   1.0778   3.6665   3.0020   0.0000   0.0000
# log(age) Mini Mact logl logt logg Composition Phase
   10.05    0.80000000   0.8000  -0.4648   3.6973   4.5480   0.0000   0.0000
   10.05    0.91000000   0.9100  -0.0714   3.7422   4.3900   0.0000   0.0000
   10.05    0.93700000   0.9370   0.0318   3.7489   4.3260   0.0000   0.0000
   10.05    0.93700000   0.9370   0.0338   3.7490   4.3250   0.0000   0.0000
   10.05    0.93800000   0.9380   0.0358   3.7491   4.3240   0.0000   0.0000
   10.05    0.93800000   0.9380   0.0378   3.7492   4.3220   0.0000   0.0000
   10.05    0.93900000   0.9390   0.0397   3.7493   4.3210   0.0000   0.0000
   10.05    0.93900000   0.9390   0.0418   3.7494   4.3200   0.0000   0.0000
   10.05    0.94000000   0.9400   0.0438   3.7495   4.3180   0.0000   0.0000
   10.05    0.94000000   0.9400   0.0458   3.7496   4.3170   0.0000   0.0000
   10.05    0.94100000   0.9410   0.0479   3.7497   4.3150   0.0000   0.0000
   10.05    0.94100000   0.9410   0.0499   3.7498   4.3140   0.0000   0.0000
   10.05    0.94200000   0.9420   0.0519   3.7498   4.3120   0.0000   0.0000
   10.05    0.94200000   0.9420   0.0540   3.7499   4.3110   0.0000   0.0000
   10.05    0.94300000   0.9430   0.0560   3.7500   4.3090   0.0000   0.0000
   10.05    0.94300000   0.9430   0.0581   3.7501   4.3080   0.0000   0.0000
   10.05    0.94400000   0.9440   0.0602   3.7502   4.3060   0.0000   0.0000
   10.05    0.94400000   0.9440   0.0622   3.7503   4.3050   0.0000   0.0000
   10.05    0.94500000   0.9450   0.0643   3.7504   4.3030   0.0000   0.0000
   10.05    0.94500000   0.9450   0.0664   3.7504   4.3020   0.0000   0.0000
   10.05    0.94600000   0.9460   0.0685   3.7505   4.3000   0.0000   0.0000
   10.05    0.94600000   0.9460   0.0706   3.7506   4.2990   0.0000   0.0000
   10.05    0.94700000   0.9470   0.0727   3.7507   4.2970   0.0000   0.0000
   10.05    0.94700000   0.9470   0.0748   3.7508   4.2960   0.0000   0.0000
   10.05    0.94800000   0.9480   0.0769   3.7509   4.2940   0.0000   0.0000
   10.05    0.94800000   0.9480   0.0790   3.7510   4.2930   0.0000   0.0000
   10.05    0.94900000   0.9490   0.0811   3.7510   4.2910   0.0000   0.0000
   10.05    0.94900000   0.9490   0.0832   3.7511   4.2900   0.0000   0.0000
   10.05    0.95000000   0.9500   0.0854   3.7512   4.2880   0.0000   0.0000
   10.05    0.95000000   0.9500   0.0875   3.7513   4.2870   0.0000   0.0000
   10.05    0.95100000   0.9510   0.0897   3.7514   4.2850   0.0000   0.0000
   10.05    0.95100000   0.9510   0.0918   3.7515   4.2830   0.0000   0.0000
   10.05    0.95200000   0.9520   0.0940   3.7515   4.2820   0.0000   0.0000
   10.05    0.95200000   0.9520   0.0961   3.7516   4.2800   0.0000   0.0000
   10.05    0.95300000   0.9530   0.0983   3.7517   4.2780   0.0000   0.0000
   10.05    0.95300000   0.9530   0.1005   3.7518   4.2770   0.0000   0.0000
   10.05    0.95400000   0.9540   0.1027   3.7518   4.2750   0.0000   0.0000
   10.05    0.95400000   0.9540   0.1049   3.7519   4.2740   0.0000   0.0000
   10.05    0.95500000   0.9550   0.1071   3.7520   4.2720   0.0000   0.0000
   10.05    0.95500000   0.9550   0.1093   3.7521   4.2700   0.0000   0.0000
   10.05    0.95600000   0.9560   0.1115   3.7521   4.2680   0.0000   0.0000
   10.05    0.95600000   0.9560   0.1137   3.7522   4.2670   0.0000   0.0000
   10.05    0.95700000   0.9570   0.1160   3.7523   4.2650   0.0000   0.0000
   10.05    0.95800000   0.9580   0.1182   3.7524   4.2630   0.0000   0.0000
   10.05    0.95800000   0.9580   0.1205   3.7524   4.2620   0.0000   0.0000
   10.05    0.95900000   0.9590   0.1227   3.7525   4.2600   0.0000   0.0000
   10.05    0.95900000   0.9590   0.1250   3.7526   4.2580   0.0000   0.0000
   10.05    0.96000000   0.9600   0.1273   3.7526   4.2560   0.0000   0.0000
   10.05    0.96000000   0.9600   0.1295   3.7527   4.2540   0.0000   0.0000
   10.05    0.96100000   0.9610   0.1318   3.7528   4.2530   0.0000   0.0000
   10.05    0.96100000   0.9610   0.1341   3.7528   4.2510   0.0000   0.0000
   10.05    0.96200000   0.9620   0.1364   3.7529   4.2490   0.0000   0.0000
   10.05    0.96200000   0.9620   0.1387   3.7529   4.2470   0.0000   0.0000
   10.05    0.96300000   0.9630   0.1410   3.7530   4.2450   0.0000   0.0000
   10.05    0.96300000   0.9630   0.1433   3.7530   4.2430   0.0000   0.0000
   10.05    0.96400000   0.9640   0.1457   3.7531   4.2420   0.0000   0.0000
   10.05    0.96400000   0.9640   0.1480   3.7532   4.2400   0.0000   0.0000
   10.05    0.96500000   0.9650   0.1504   3.7532   4.2380   0.0000   0.0000
   10.05    0.96500000   0.9650   0.1528   3.7533   4.2360   0.0000   0.0000
   10.05    0.96600000   0.9660   0.1551   3.7533   4.2340   0.0000   0.0000
   10.05    0.96600000   0.9660   0.1575   3.7534   4.2320   0.0000   0.0000
   10.05    0.96700000   0.9670   0.1599   3.7534   4.2300   0.0000   0.0000
   10.05    0.96700000   0.9670   0.1623   3.7534   4.2280   0.0000   0.0000
   10.05    0.96800000   0.9680   0.1647   3.7535   4.2260   0.0000   0.0000
   10.05    0.96800000   0.9680   0.1671   3.7535   4.2240   0.0000   0.0000
   10.05    0.96900000   0.9690   0.1696   3.7535   4.2220   0.0000   0.0000
   10.05    0.96900000   0.9690   0.1720   3.7536   4.2200   0.0000   0.0000
   10.05    0.97000000   0.9700   0.1744   3.7536   4.2180   0.0000   0.0000
   10.05    0.97000000   0.9700   0.1769   3.7536   4.2150   0.0000   0.0000
   10.05    0.97100000   0.9710   0.1793   3.7536   4.2130   0.0000   0.0000
   10.05    0.97100000   0.9710   0.1818   3.7536   4.2110   0.0000   0.0000
   10.05    0.97200000   0.9720   0.1843   3.7536   4.2090   0.0000   0.0000
   10.05    0.97300000   0.9730   0.1867   3.7536   4.2060   0.0000   0.0000
   10.05    0.97300000   0.9730   0.1892   3.7536   4.2040   0.0000   0.0000
   10.05    0.97400000   0.9740   0.1917   3.7535   4.2020   0.0000   0.0000
   10.05    0.97400000   0.9740   0.1942   3.7535   4.1990   0.0000   0.0000
   10.05    0.97500000   0.9750   0.1968   3.7535   4.1970   0.0000   0.0000
   10.05    0.97500000   0.9750   0.1993   3.7535   4.1950   0.0000   0.0000
   10.05    0.97600000   0.9760   0.2018   3.7534   4.1920   0.0000   0.0000
   10.05    0.97600000   0.9760   0.2043   3.7534   4.1900   0.0000   0.0000
   10.05    0.97700000   0.9770   0.2069   3.7533   4.1870   0.0000   0.0000
   10.05    0.97700000   0.9770   0.2095   3.7533   4.1850   0.0000   0.0000
   10.05    0.97800000   0.9780   0.2120   3.7532   4.1820   0.0000   0.0000
   10.05    0.97800000   0.9780   0.2146   3.7532   4.1800   0.0000   0.0000
   10.05    0.97900000   0.9790   0.2172   3.7531   4.1770   0.0000   0.0000
   10.05    0.97900000   0.9790   0.2198   3.7530   4.1740   0.0000   0.0000
   10.05    0.98000000   0.9800   0.2224   3.7530   4.1720   0.0000   0.0000
   10.05    0.98000000   0.9800   0.2250   3.7529   4.1690   0.0000   0.0000
   10.05    0.98100000   0.9810   0.2277   3.7528   4.1660   0.0000   0.0000
   10.05    0.98100000   0.9810   0.2303   3.7527   4.1630   0.0000   0.0000
   10.05    0.98200000   0.9820   0.2329   3.7526   4.1600   0.0000   0.0000
   10.05    0.98200000   0.9820   0.2356   3.7525   4.1580   0.0000   0.0000
   10.05    0.98300000   0.9830   0.2382   3.7524   4.1550   0.0000   0.0000
   10.05    0.98400000   0.9840   0.2409   3.7522   4.1520   0.0000   0.0000
   10.05    0.98400000   0.9840   0.2436   3.7521   4.1490   0.0000   0.0000
   10.05    0.98500000   0.9850   0.2463   3.7520   4.1460   0.0000   0.0000
   10.05    0.98500000   0.9850   0.2490   3.7519   4.1430   0.0000   0.0000
   10.05    0.98600000   0.9860   0.2517   3.7517   4.1400   0.0000   0.0000
   10.05    0.98600000   0.9860   0.2544   3.7516   4.1370   0.0000   0.0000
   10.05    0.98700000   0.9870   0.2571   3.7514   4.1340   0.0000   0.0000
   10.05    0.98700000   0.9870   0.2598   3.7513   4.1310   0.0000   0.0000
   10.05    0.98800000   0.9880   0.2625   3.7511   4.1280   0.0000   0.0000
   10.05    0.98800000   0.9880   0.2652   3.7509   4.1240   0.0000   0.0000
   10.05    0.98900000   0.9890   0.2680   3.7507   4.1210   0.0000   0.0000
   10.05    0.98900000   0.9890   0.2707   3.7506   4.1180   0.0000   0.0000
   10.05    0.99000000   0.9900   0.2734   3.7503   4.1140   0.0000   0.0000
   10.05    0.99000000   0.9900   0.2762   3.7501   4.1110   0.0000   0.0000
   10.05    0.99100000   0.9910   0.2789   3.7499   4.1080   0.0000   0.0000
   10.05    0.99100000   0.9910   0.2817   3.7497   4.1040   0.0000   0.0000
   10.05    0.99200000   0.9920   0.2844   3.7494   4.1010   0.0000   0.0000
   10.05    0.99300000   0.9930   0.2871   3.7491   4.0970   0.0000   0.0000
   10.05    0.99300000   0.9930   0.2899   3.7488   4.0930   0.0000   0.0000
   10.05    0.99400000   0.9940   0.2926   3.7485   4.0900   0.0000   0.0000
   10.05    0.99400000   0.9940   0.2953   3.7482   4.0860   0.0000   0.0000
   10.05    0.99500000   0.9950   0.2981   3.7478   4.0820   0.0000   0.0000
   10.05    0.99500000   0.9950   0.3008   3.7475   4.0780   0.0000   0.0000
   10.05    0.99600000   0.9960   0.3034   3.7471   4.0740   0.0000   0.0000
   10.05    0.99600000   0.9960   0.3061   3.7466   4.0700   0.0000   0.0000
   10.05    0.99700000   0.9970   0.3088   3.7461   4.0650   0.0000   0.0000
   10.05    0.99700000   0.9970   0.3114   3.7455   4.0600   0.0000   0.0000
   10.05    0.99800000   0.9980   0.3140   3.7449   4.0560   0.0000   0.0000
   10.05    0.99800000   0.9980   0.3166   3.7443   4.0510   0.0000   0.0000
   10.05    0.99900000   0.9990   0.3191   3.7437   4.0460   0.0000   0.0000
   10.05    0.99900000   0.9990   0.3216   3.7430   4.0410   0.0000   0.0000
   10.05    1.00000000   1.0000   0.3241   3.7422   4.0360   0.0000   0.0000
   10.05    1.00100000   1.0010   0.3265   3.7414   4.0300   0.0000   0.0000
   10.05    1.00100000   1.0010   0.3289   3.7406   4.0250   0.0000   0.0000
   10.05    1.00200000   1.0020   0.3311   3.7397   4.0190   0.0000   0.0000
   10.05    1.00200000   1.0020   0.3334   3.7388   4.0140   0.0000   0.0000
   10.05    1.00300000   1.0030   0.3354   3.7378   4.0080   0.0000   0.0000
   10.05    1.00300000   1.0030   0.3375   3.7368   4.0020   0.0000   0.0000
   10.05    1.00400000   1.0040   0.3394   3.7357   3.9960   0.0000   0.0000
   10.05    1.00400000   1.0040   0.3411   3.7345   3.9900   0.0000   0.0000
   10.05    1.00500000   1.0050   0.3426   3.7332   3.9830   0.0000   0.0000
   10.05    1.00500000   1.0050   0.3440   3.7319   3.9770   0.0000   0.0000
   10.05    1.00600000   1.0060   0.3450   3.7304   3.9700   0.0000   0.0000
   10.05    1.00600000   1.0060   0.3459   3.7288   3.9630   0.0000   0.0000
   10.05    1.00700000   1.0070   0.3466   3.7270   3.9550   0.0000   0.0000
   10.05    1.00800000   1.0080   0.3473   3.7251   3.9470   0.0000   0.0000
   10.05    1.00800000   1.0080   0.3473   3.7228   3.9390   0.0000   0.0000
   10.05    1.00900000   1.0090   0.3471   3.7204   3.9290   0.0000   0.0000
   10.05    1.00900000   1.0090   0.3467   3.7178   3.9200   0.0000   0.0000
   10.05    1.01000000   1.0100   0.3461   3.7151   3.9090   0.0000   0.0000
   10.05    1.01000000   1.0100   0.3461   3.7122   3.8980   0.0000   0.0000
   10.05    1.01100000   1.0110   0.3462   3.7093   3.8860   0.0000   0.0000
   10.05    1.01100000   1.0110   0.3475   3.7061   3.8730   0.0000   0.0000
   10.05    1.01200000   1.0120   0.3495   3.7029   3.8580   0.0000   0.0000
   10.05    1.01200000   1.0120   0.3531   3.6998   3.8420   0.0000   0.0000
   10.05    1.01300000   1.0130   0.3593   3.6970   3.8250   0.0000   0.0000
   10.05    1.01400000   1.0140   0.3676   3.6944   3.8070   0.0000   0.0000
   10.05    1.01400000   1.0140   0.3778   3.6921   3.7880   0.0000   0.0000
   10.05    1.01500000   1.0150   0.3903   3.6900   3.7670   0.0000   0.0000
   10.05    1.01500000   1.0150   0.4053   3.6881   3.7450   0.0000   0.0000
   10.05    1.01600000   1.0160   0.4224   3.6865   3.7210   0.0000   0.0000
   10.05    1.01600000   1.0160   0.4415   3.6851   3.6970   0.0000   0.0000
   10.05    1.01700000   1.0170   0.4623   3.6838   3.6710   0.0000   0.0000
   10.05    1.01700000   1.0170   0.4845   3.6827   3.6440   0.0000   0.0000
   10.05    1.01800000   1.0180   0.5092   3.6818   3.6170   0.0000   0.0000
   10.05    1.01800000   1.0180   0.5355   3.6810   3.5870   0.0000   0.0000
   10.05    1.01900000   1.0190   0.5631   3.6802   3.5570   0.0000   0.0000
   10.05    1.02000000   1.0190   0.5933   3.6795   3.5240   0.0000   0.0000
   10.05    1.02000000   1.0200   0.6255   3.6788   3.4890   0.0000   0.0000
   10.05    1.02100000   1.0200   0.6602   3.6780   3.4510   0.0000   0.0000
   10.05    1.02100000   1.0210   0.6979   3.6771   3.4100   0.0000   0.0000
   10.05    1.02200000   1.0210   0.7387   3.6760   3.3650   0.0000   0.0000
   10.05    1.02200000   1.0220   0.7843   3.6749   3.3150   0.0000   0.0000
   10.05    1.02300000   1.0220   0.8348   3.6734   3.2590   0.0000   0.0000
   10.05    1.02300000   1.0220   0.8915   3.6715   3.1950   0.0000   0.0000
   10.05    1.02400000   1.0230   0.9571   3.6693   3.1210   0.0000   0.0000
   10.05    1.02400000   1.0230   1.0312   3.6666   3.0360   0.0000   0.0000
   10.05    1.02500000   1.0230   1.0812   3.6645   2.9780   0.0000   0.0000
# log(age) Mini Mact logl logt logg Composition Phase
   10.10    0.80000000   0.8000  -0.4423   3.6994   4.5340   0.0000   0.0000
   10.10    0.91000000   0.9100  -0.0221   3.7429   4.3430   0.0000   0.0000
   10.10    0.91200000   0.9120  -0.0120   3.7434   4.3370   0.0000   0.0000
   10.10    0.91300000   0.9130  -0.0099   3.7435   4.3350   0.0000   0.0000
   10.10    0.91300000   0.9130  -0.0079   3.7437   4.3340   0.0000   0.0000
   10.10    0.91400000   0.9140  -0.0058   3.7438   4.3330   0.0000   0.0000
   10.10    0.91400000   0.9140  -0.0038   3.7439   4.3310   0.0000   0.0000
   10.10    0.91500000   0.9150  -0.0017   3.7439   4.3300   0.0000   0.0000
   10.10    0.91500000   0.9150   0.0003   3.7441   4.3280   0.0000   0.0000
   10.10    0.91600000   0.9160   0.0024   3.7441   4.3270   0.0000   0.0000
   10.10    0.91600000   0.9160   0.0045   3.7442   4.3250   0.0000   0.0000
   10.10    0.91700000   0.9170   0.0066   3.7443   4.3240   0.0000   0.0000
   10.10    0.91700000   0.9170   0.0087   3.7444   4.3220   0.0000   0.0000
   10.10    0.91800000   0.9180   0.0109   3.7445   4.3210   0.0000   0.0000
   10.10    0.91800000   0.9180   0.0130   3.7446   4.3190   0.0000   0.0000
   10.10    0.91900000   0.9190   0.0151   3.7447   4.3180   0.0000   0.0000
   10.10    0.91900000   0.9190   0.0172   3.7448   4.3160   0.0000   0.0000
   10.10    0.92000000   0.9200   0.0194   3.7449   4.3150   0.0000   0.0000
   10.10    0.92000000   0.9200   0.0215   3.7450   4.3130   0.0000   0.0000
   10.10    0.92100000   0.9210   0.0237   3.7451   4.3120   0.0000   0.0000
   10.10    0.92100000   0.9210   0.0259   3.7451   4.3100   0.0000   0.0000
   10.10    0.92200000   0.9220   0.0281   3.7452   4.3080   0.0000   0.0000
   10.10    0.92200000   0.9220   0.0302   3.7453   4.3070   0.0000   0.0000
   10.10    0.92300000   0.9230   0.0324   3.7454   4.3050   0.0000   0.0000
   10.10    0.92300000   0.9230   0.0346   3.7455   4.3040   0.0000   0.0000
   10.10    0.92400000   0.9240   0.0367   3.7456   4.3020   0.0000   0.0000
   10.10    0.92400000   0.9240   0.0389   3.7457   4.3010   0.0000   0.0000
   10.10    0.92500000   0.9250   0.0411   3.7458   4.2990   0.0000   0.0000
   10.10    0.92500000   0.9250   0.0433   3.7459   4.2970   0.0000   0.0000
   10.10    0.92600000   0.9260   0.0455   3.7460   4.2960   0.0000   0.0000
   10.10    0.92600000   0.9260   0.0477   3.7460   4.2940   0.0000   0.0000
   10.10    0.92700000   0.9270   0.0499   3.7461   4.2920   0.0000   0.0000
   10.10    0.92700000   0.9270   0.0521   3.7462   4.2910   0.0000   0.0000
   10.10    0.92800000   0.9280   0.0544   3.7463   4.2890   0.0000   0.0000
   10.10    0.92800000   0.9280   0.0566   3.7464   4.2870   0.0000   0.0000
   10.10    0.92900000   0.9290   0.0589   3.7465   4.2860   0.0000   0.0000
   10.10    0.92900000   0.9290   0.0612   3.7465   4.2840   0.0000   0.0000
   10.10    0.93000000   0.9300   0.0634   3.7466   4.2820   0.0000   0.0000
   10.10    0.93000000   0.9300   0.0657   3.7467   4.2810   0.0000   0.0000
   10.10    0.93100000   0.9310   0.0680   3.7468   4.2790   0.0000   0.0000
   10.10    0.93100000   0.9310   0.0703   3.7469   4.2770   0.0000   0.0000
   10.10    0.93200000   0.9320   0.0726   3.7469   4.2750   0.0000   0.0000
   10.10    0.93200000   0.9320   0.0750   3.7470   4.2740   0.0000   0.0000
   10.10    0.93300000   0.9330   0.0773   3.7471   4.2720   0.0000   0.0000
   10.10    0.93300000   0.9330   0.0796   3.7472   4.2700   0.0000   0.0000
   10.10    0.93400000   0.9340   0.0820   3.7472   4.2680   0.0000   0.0000
   10.10    0.93400000   0.9340   0.0843   3.7473   4.2660   0.0000   0.0000
   10.10    0.93500000   0.9350   0.0867   3.7474   4.2640   0.0000   0.0000
   10.10    0.93500000   0.9350   0.0890   3.7474   4.2630   0.0000   0.0000
   10.10    0.93600000   0.9360   0.0914   3.7475   4.2610   0.0000   0.0000
   10.10    0.93600000   0.9360   0.0938   3.7476   4.2590   0.0000   0.0000
   10.10    0.93700000   0.9370   0.0962   3.7476   4.2570   0.0000   0.0000
   10.10    0.93700000   0.9370   0.0986   3.7477   4.2550   0.0000   0.0000
   10.10    0.93800000   0.9380   0.1010   3.7477   4.2530   0.0000   0.0000
   10.10    0.93800000   0.9380   0.1034   3.7478   4.2510   0.0000   0.0000
   10.10    0.93900000   0.9390   0.1059   3.7478   4.2490   0.0000   0.0000
   10.10    0.93900000   0.9390   0.1083   3.7479   4.2470   0.0000   0.0000
   10.10    0.94000000   0.9400   0.1108   3.7480   4.2450   0.0000   0.0000
   10.10    0.94000000   0.9400   0.1132   3.7480   4.2430   0.0000   0.0000
   10.10    0.94100000   0.9410   0.1157   3.7481   4.2410   0.0000   0.0000
   10.10    0.94100000   0.9410   0.1182   3.7481   4.2390   0.0000   0.0000
   10.10    0.94200000   0.9420   0.1207   3.7481   4.2370   0.0000   0.0000
   10.10    0.94200000   0.9420   0.1232   3.7482   4.2350   0.0000   0.0000
   10.10    0.94300000   0.9430   0.1257   3.7482   4.2330   0.0000   0.0000
   10.10    0.94300000   0.9430   0.1282   3.7482   4.2300   0.0000   0.0000
   10.10    0.94400000   0.9440   0.1307   3.7483   4.2280   0.0000   0.0000
   10.10    0.94400000   0.9440   0.1333   3.7483   4.2260   0.0000   0.0000
   10.10    0.94500000   0.9450   0.1358   3.7483   4.2240   0.0000   0.0000
   10.10    0.94500000   0.9450   0.1384   3.7483   4.2210   0.0000   0.0000
   10.10    0.94600000   0.9460   0.1409   3.7483   4.2190   0.0000   0.0000
   10.10    0.94600000   0.9460   0.1435   3.7483   4.2170   0.0000   0.0000
   10.10    0.94700000   0.9470   0.1461   3.7483   4.2140   0.0000   0.0000
   10.10    0.94700000   0.9470   0.1487   3.7482   4.2120   0.0000   0.0000
   10.10    0.94800000   0.9480   0.1513   3.7482   4.2090   0.0000   0.0000
   10.10    0.94800000   0.9480   0.1539   3.7482   4.2070   0.0000   0.0000
   10.10    0.94900000   0.9490   0.1565   3.7482   4.2040   0.0000   0.0000
   10.10    0.94900000   0.9490   0.1591   3.7481   4.2020   0.0000   0.0000
   10.10    0.95000000   0.9500   0.1618   3.7481   4.1990   0.0000   0.0000
   10.10    0.95000000   0.9500   0.1644   3.7480   4.1970   0.0000   0.0000
   10.10    0.95100000   0.9510   0.1671   3.7480   4.1940   0.0000   0.0000
   10.10    0.95100000   0.9510   0.1698   3.7479   4.1910   0.0000   0.0000
   10.10    0.95200000   0.9520   0.1725   3.7479   4.1890   0.0000   0.0000
   10.10    0.95200000   0.9520   0.1752   3.7478   4.1860   0.0000   0.0000
   10.10    0.95300000   0.9530   0.1779   3.7477   4.1830   0.0000   0.0000
   10.10    0.95300000   0.9530   0.1806   3.7476   4.1800   0.0000   0.0000
   10.10    0.95400000   0.9540   0.1833   3.7475   4.1770   0.0000   0.0000
   10.10    0.95400000   0.9540   0.1860   3.7474   4.1740   0.0000   0.0000
   10.10    0.95500000   0.9550   0.1888   3.7473   4.1710   0.0000   0.0000
   10.10    0.95500000   0.9550   0.1915   3.7472   4.1680   0.0000   0.0000
   10.10    0.95600000   0.9560   0.1943   3.7471   4.1650   0.0000   0.0000
   10.10    0.95600000   0.9560   0.1971   3.7470   4.1620   0.0000   0.0000
   10.10    0.95700000   0.9570   0.1999   3.7468   4.1590   0.0000   0.0000
   10.10    0.95800000   0.9580   0.2026   3.7467   4.1560   0.0000   0.0000
   10.10    0.95800000   0.9580   0.2054   3.7465   4.1530   0.0000   0.0000
   10.10    0.95900000   0.9590   0.2082   3.7464   4.1500   0.0000   0.0000
   10.10    0.95900000   0.9590   0.2111   3.7462   4.1470   0.0000   0.0000
   10.10    0.96000000   0.9600   0.2139   3.7460   4.1430   0.0000   0.0000
   10.10    0.96000000   0.9600   0.2167   3.7458   4.1400   0.0000   0.0000
   10.10    0.96100000   0.9610   0.2195   3.7456   4.1370   0.0000   0.0000
   10.10    0.96100000   0.9610   0.2223   3.7454   4.1330   0.0000   0.0000
   10.10    0.96200000   0.9620   0.2252   3.7452   4.1300   0.0000   0.0000
   10.10    0.96200000   0.9620   0.2280   3.7450   4.1260   0.0000   0.0000
   10.10    0.96300000   0.9630   0.2309   3.7448   4.1230   0.0000   0.0000
   10.10    0.96300000   0.9630   0.2337   3.7445   4.1190   0.0000   0.0000
   10.10    0.96400000   0.9640   0.2366   3.7443   4.1150   0.0000   0.0000
   10.10    0.96400000   0.9640   0.2395   3.7440   4.1120   0.0000   0.0000
   10.10    0.96500000   0.9650   0.2423   3.7437   4.1080   0.0000   0.0000
   10.10    0.96500000   0.9650   0.2452   3.7434   4.1040   0.0000   0.0000
   10.10    0.96600000   0.9660   0.2481   3.7431   4.1000   0.0000   0.0000
   10.10    0.96600000   0.9660   0.2509   3.7427   4.0960   0.0000   0.0000
   10.10    0.96700000   0.9670   0.2538   3.7424   4.0920   0.0000   0.0000
   10.10    0.96700000   0.9670   0.2566   3.7420   4.0880   0.0000   0.0000
   10.10    0.96800000   0.9680   0.2594   3.7416   4.0840   0.0000   0.0000
   10.10    0.96800000   0.9680   0.2623   3.7411   4.0790   0.0000   0.0000
   10.10    0.96900000   0.9690   0.2651   3.7405   4.0740   0.0000   0.0000
   10.10    0.96900000   0.9690   0.2678   3.7399   4.0690   0.0000   0.0000
   10.10    0.97000000   0.9700   0.2706   3.7393   4.0640   0.0000   0.0000
   10.10    0.97000000   0.9700   0.2733   3.7386   4.0590   0.0000   0.0000
   10.10    0.97100000   0.9710   0.2759   3.7379   4.0540   0.0000   0.0000
   10.10    0.97100000   0.9710   0.2786   3.7371   4.0480   0.0000   0.0000
   10.10    0.97200000   0.9720   0.2811   3.7363   4.0430   0.0000   0.0000
   10.10    0.97300000   0.9730   0.2837   3.7355   4.0370   0.0000   0.0000
   10.10    0.97300000   0.9730   0.2861   3.7345   4.0310   0.0000   0.0000
   10.10    0.97400000   0.9740   0.2885   3.7336   4.0250   0.0000   0.0000
   10.10    0.97400000   0.9740   0.2908   3.7325   4.0190   0.0000   0.0000
   10.10    0.97500000   0.9750   0.2929   3.7315   4.0130   0.0000   0.0000
   10.10    0.97500000   0.9750   0.2950   3.7304   4.0060   0.0000   0.0000
   10.10    0.97600000   0.9760   0.2970   3.7291   4.0000   0.0000   0.0000
   10.10    0.97600000   0.9760   0.2989   3.7278   3.9930   0.0000   0.0000
   10.10    0.97700000   0.9770   0.3006   3.7264   3.9860   0.0000   0.0000
   10.10    0.97700000   0.9770   0.3021   3.7249   3.9780   0.0000   0.0000
   10.10    0.97800000   0.9780   0.3036   3.7233   3.9710   0.0000   0.0000
   10.10    0.97800000   0.9780   0.3051   3.7215   3.9620   0.0000   0.0000
   10.10    0.97900000   0.9790   0.3066   3.7196   3.9530   0.0000   0.0000
   10.10    0.97900000   0.9790   0.3075   3.7173   3.9440   0.0000   0.0000
   10.10    0.98000000   0.9800   0.3083   3.7149   3.9340   0.0000   0.0000
   10.10    0.98000000   0.9800   0.3096   3.7124   3.9220   0.0000   0.0000
   10.10    0.98100000   0.9810   0.3110   3.7097   3.9110   0.0000   0.0000
   10.10    0.98100000   0.9810   0.3126   3.7069   3.8980   0.0000   0.0000
   10.10    0.98200000   0.9820   0.3149   3.7040   3.8840   0.0000   0.0000
   10.10    0.98200000   0.9820   0.3177   3.7010   3.8700   0.0000   0.0000
   10.10    0.98300000   0.9830   0.3222   3.6980   3.8530   0.0000   0.0000
   10.10    0.98400000   0.9840   0.3288   3.6952   3.8360   0.0000   0.0000
   10.10    0.98400000   0.9840   0.3373   3.6926   3.8170   0.0000   0.0000
   10.10    0.98500000   0.9850   0.3481   3.6903   3.7970   0.0000   0.0000
   10.10    0.98500000   0.9850   0.3616   3.6883   3.7760   0.0000   0.0000
   10.10    0.98600000   0.9860   0.3772   3.6864   3.7530   0.0000   0.0000
   10.10    0.98600000   0.9860   0.3952   3.6849   3.7290   0.0000   0.0000
   10.10    0.98700000   0.9870   0.4151   3.6835   3.7040   0.0000   0.0000
   10.10    0.98700000   0.9870   0.4369   3.6822   3.6770   0.0000   0.0000
   10.10    0.98800000   0.9880   0.4605   3.6811   3.6500   0.0000   0.0000
   10.10    0.98800000   0.9880   0.4862   3.6802   3.6200   0.0000   0.0000
   10.10    0.98900000   0.9890   0.5138   3.6795   3.5900   0.0000   0.0000
   10.10    0.98900000   0.9890   0.5429   3.6788   3.5580   0.0000   0.0000
   10.10    0.99000000   0.9900   0.5741   3.6780   3.5240   0.0000   0.0000
   10.10    0.99000000   0.9900   0.6082   3.6773   3.4880   0.0000   0.0000
   10.10    0.99100000   0.9900   0.6450   3.6766   3.4480   0.0000   0.0000
   10.10    0.99100000   0.9910   0.6851   3.6756   3.4040   0.0000   0.0000
   10.10    0.99200000   0.9910   0.7290   3.6744   3.3560   0.0000   0.0000
   10.10    0.99300000   0.9920   0.7769   3.6733   3.3040   0.0000   0.0000
   10.10    0.99300000   0.9920   0.8313   3.6716   3.2430   0.0000   0.0000
   10.10    0.99400000   0.9930   0.8937   3.6696   3.1720   0.0000   0.0000
   10.10    0.99400000   0.9930   0.9652   3.6671   3.0910   0.0000   0.0000
   10.10    0.99500000   0.9930   1.0357   3.6646   3.0110   0.0000   0.0000
# log(age) Mini Mact logl logt logg Composition Phase
   10.15    0.80000000   0.8000  -0.4152   3.7018   4.5160   0.0000   0.0000
   10.15    0.88900000   0.8890  -0.0552   3.7376   4.3450   0.0000   0.0000
   10.15    0.88900000   0.8890  -0.0531   3.7377   4.3440   0.0000   0.0000
   10.15    0.89000000   0.8900  -0.0510   3.7378   4.3420   0.0000   0.0000
   10.15    0.89000000   0.8900  -0.0489   3.7379   4.3410   0.0000   0.0000
   10.15    0.89100000   0.8910  -0.0468   3.7381   4.3400   0.0000   0.0000
   10.15    0.89100000   0.8910  -0.0447   3.7382   4.3380   0.0000   0.0000
   10.15    0.89200000   0.8920  -0.0426   3.7383   4.3370   0.0000   0.0000
   10.15    0.89200000   0.8920  -0.0404   3.7384   4.3360   0.0000   0.0000
   10.15    0.89300000   0.8930  -0.0383   3.7386   4.3340   0.0000   0.0000
   10.15    0.89300000   0.8930  -0.0361   3.7387   4.3330   0.0000   0.0000
   10.15    0.89300000   0.8930  -0.0340   3.7388   4.3310   0.0000   0.0000
   10.15    0.89400000   0.8940  -0.0318   3.7389   4.3300   0.0000   0.0000
   10.15    0.89400000   0.8940  -0.0296   3.7390   4.3280   0.0000   0.0000
   10.15    0.89500000   0.8950  -0.0274   3.7392   4.3270   0.0000   0.0000
   10.15    0.89500000   0.8950  -0.0252   3.7393   4.3250   0.0000   0.0000
   10.15    0.89600000   0.8960  -0.0230   3.7394   4.3240   0.0000   0.0000
   10.15    0.89600000   0.8960  -0.0208   3.7395   4.3220   0.0000   0.0000
   10.15    0.89700000   0.8970  -0.0186   3.7396   4.3210   0.0000   0.0000
   10.15    0.89700000   0.8970  -0.0164   3.7397   4.3190   0.0000   0.0000
   10.15    0.89800000   0.8980  -0.0142   3.7398   4.3180   0.0000   0.0000
   10.15    0.89800000   0.8980  -0.0120   3.7399   4.3160   0.0000   0.0000
   10.15    0.89900000   0.8990  -0.0098   3.7400   4.3150   0.0000   0.0000
   10.15    0.89900000   0.8990  -0.0077   3.7401   4.3130   0.0000   0.0000
   10.15    0.90000000   0.9000  -0.0055   3.7402   4.3120   0.0000   0.0000
   10.15    0.90000000   0.9000  -0.0033   3.7403   4.3100   0.0000   0.0000
   10.15    0.90100000   0.9010  -0.0010   3.7404   4.3080   0.0000   0.0000
   10.15    0.90100000   0.9010   0.0012   3.7405   4.3070   0.0000   0.0000
   10.15    0.90200000   0.9020   0.0035   3.7406   4.3050   0.0000   0.0000
   10.15    0.90200000   0.9020   0.0058   3.7407   4.3030   0.0000   0.0000
   10.15    0.90300000   0.9030   0.0081   3.7408   4.3020   0.0000   0.0000
   10.15    0.90300000   0.9030   0.0104   3.7409   4.3000   0.0000   0.0000
   10.15    0.90400000   0.9040   0.0127   3.7410   4.2980   0.0000   0.0000
   10.15    0.90400000   0.9040   0.0151   3.7411   4.2960   0.0000   0.0000
   10.15    0.90500000   0.9050   0.0174   3.7412   4.2950   0.0000   0.0000
   10.15    0.90500000   0.9050   0.0197   3.7413   4.2930   0.0000   0.0000
   10.15    0.90600000   0.9060   0.0221   3.7413   4.2910   0.0000   0.0000
   10.15    0.90600000   0.9060   0.0245   3.7414   4.2890   0.0000   0.0000
   10.15    0.90700000   0.9070   0.0269   3.7415   4.2880   0.0000   0.0000
   10.15    0.90700000   0.9070   0.0293   3.7416   4.2860   0.0000   0.0000
   10.15    0.90700000   0.9070   0.0317   3.7417   4.2840   0.0000   0.0000
   10.15    0.90800000   0.9080   0.0341   3.7418   4.2820   0.0000   0.0000
   10.15    0.90800000   0.9080   0.0365   3.7418   4.2800   0.0000   0.0000
   10.15    0.90900000   0.9090   0.0389   3.7419   4.2780   0.0000   0.0000
   10.15    0.90900000   0.9090   0.0414   3.7420   4.2760   0.0000   0.0000
   10.15    0.91000000   0.9100   0.0438   3.7420   4.2740   0.0000   0.0000
   10.15    0.91000000   0.9100   0.0463   3.7421   4.2720   0.0000   0.0000
   10.15    0.91100000   0.9110   0.0487   3.7422   4.2700   0.0000   0.0000
   10.15    0.91100000   0.9110   0.0512   3.7422   4.2680   0.0000   0.0000
   10.15    0.91200000   0.9120   0.0537   3.7423   4.2660   0.0000   0.0000
   10.15    0.91200000   0.9120   0.0562   3.7424   4.2640   0.0000   0.0000
   10.15    0.91300000   0.9130   0.0587   3.7424   4.2620   0.0000   0.0000
   10.15    0.91300000   0.9130   0.0612   3.7425   4.2600   0.0000   0.0000
   10.15    0.91400000   0.9140   0.0638   3.7425   4.2580   0.0000   0.0000
   10.15    0.91400000   0.9140   0.0663   3.7426   4.2560   0.0000   0.0000
   10.15    0.91500000   0.9150   0.0689   3.7427   4.2540   0.0000   0.0000
   10.15    0.91500000   0.9150   0.0715   3.7427   4.2520   0.0000   0.0000
   10.15    0.91600000   0.9160   0.0740   3.7428   4.2500   0.0000   0.0000
   10.15    0.91600000   0.9160   0.0766   3.7428   4.2480   0.0000   0.0000
   10.15    0.91700000   0.9170   0.0792   3.7429   4.2450   0.0000   0.0000
   10.15    0.91700000   0.9170   0.0818   3.7429   4.2430   0.0000   0.0000
   10.15    0.91800000   0.9180   0.0844   3.7429   4.2410   0.0000   0.0000
   10.15    0.91800000   0.9180   0.0871   3.7429   4.2390   0.0000   0.0000
   10.15    0.91900000   0.9190   0.0897   3.7430   4.2360   0.0000   0.0000
   10.15    0.91900000   0.9190   0.0923   3.7430   4.2340   0.0000   0.0000
   10.15    0.92000000   0.9200   0.0950   3.7430   4.2320   0.0000   0.0000
   10.15    0.92000000   0.9200   0.0977   3.7430   4.2290   0.0000   0.0000
   10.15    0.92100000   0.9210   0.1003   3.7430   4.2270   0.0000   0.0000
   10.15    0.92100000   0.9210   0.1030   3.7430   4.2240   0.0000   0.0000
   10.15    0.92200000   0.9220   0.1057   3.7430   4.2220   0.0000   0.0000
   10.15    0.92200000   0.9220   0.1084   3.7429   4.2190   0.0000   0.0000
   10.15    0.92300000   0.9230   0.1111   3.7429   4.2170   0.0000   0.0000
   10.15    0.92300000   0.9230   0.1139   3.7429   4.2140   0.0000   0.0000
   10.15    0.92400000   0.9240   0.1166   3.7428   4.2110   0.0000   0.0000
   10.15    0.92400000   0.9240   0.1194   3.7428   4.2090   0.0000   0.0000
   10.15    0.92500000   0.9250   0.1221   3.7427   4.2060   0.0000   0.0000
   10.15    0.92500000   0.9250   0.1249   3.7427   4.2030   0.0000   0.0000
   10.15    0.92600000   0.9260   0.1277   3.7426   4.2000   0.0000   0.0000
   10.15    0.92600000   0.9260   0.1305   3.7425   4.1970   0.0000   0.0000
   10.15    0.92700000   0.9270   0.1333   3.7425   4.1940   0.0000   0.0000
   10.15    0.92700000   0.9270   0.1361   3.7424   4.1910   0.0000   0.0000
   10.15    0.92800000   0.9280   0.1389   3.7423   4.1880   0.0000   0.0000
   10.15    0.92800000   0.9280   0.1418   3.7422   4.1850   0.0000   0.0000
   10.15    0.92900000   0.9290   0.1446   3.7421   4.1820   0.0000   0.0000
   10.15    0.92900000   0.9290   0.1475   3.7419   4.1790   0.0000   0.0000
   10.15    0.93000000   0.9300   0.1504   3.7418   4.1760   0.0000   0.0000
   10.15    0.93000000   0.9300   0.1533   3.7417   4.1730   0.0000   0.0000
   10.15    0.93100000   0.9310   0.1562   3.7415   4.1700   0.0000   0.0000
   10.15    0.93100000   0.9310   0.1591   3.7414   4.1660   0.0000   0.0000
   10.15    0.93200000   0.9320   0.1620   3.7412   4.1630   0.0000   0.0000
   10.15    0.93200000   0.9320   0.1649   3.7410   4.1600   0.0000   0.0000
   10.15    0.93300000   0.9330   0.1678   3.7408   4.1560   0.0000   0.0000
   10.15    0.93300000   0.9330   0.1707   3.7406   4.1530   0.0000   0.0000
   10.15    0.93400000   0.9340   0.1737   3.7404   4.1490   0.0000   0.0000
   10.15    0.93400000   0.9340   0.1766   3.7402   4.1450   0.0000   0.0000
   10.15    0.93500000   0.9350   0.1796   3.7399   4.1420   0.0000   0.0000
   10.15    0.93500000   0.9350   0.1825   3.7397   4.1380   0.0000   0.0000
   10.15    0.93600000   0.9360   0.1855   3.7395   4.1340   0.0000   0.0000
   10.15    0.93600000   0.9360   0.1885   3.7392   4.1310   0.0000   0.0000
   10.15    0.93700000   0.9370   0.1915   3.7389   4.1270   0.0000   0.0000
   10.15    0.93700000   0.9370   0.1945   3.7387   4.1230   0.0000   0.0000
   10.15    0.93800000   0.9380   0.1975   3.7383   4.1190   0.0000   0.0000
   10.15    0.93800000   0.9380   0.2005   3.7380   4.1150   0.0000   0.0000
   10.15    0.93900000   0.9390   0.2035   3.7377   4.1110   0.0000   0.0000
   10.15    0.93900000   0.9390   0.2065   3.7373   4.1060   0.0000   0.0000
   10.15    0.94000000   0.9400   0.2095   3.7369   4.1020   0.0000   0.0000
   10.15    0.94000000   0.9400   0.2125   3.7365   4.0980   0.0000   0.0000
   10.15    0.94100000   0.9410   0.2155   3.7360   4.0930   0.0000   0.0000
   10.15    0.94100000   0.9410   0.2184   3.7355   4.0880   0.0000   0.0000
   10.15    0.94200000   0.9420   0.2214   3.7349   4.0830   0.0000   0.0000
   10.15    0.94200000   0.9420   0.2243   3.7343   4.0780   0.0000   0.0000
   10.15    0.94300000   0.9430   0.2272   3.7336   4.0730   0.0000   0.0000
   10.15    0.94300000   0.9430   0.2301   3.7329   4.0670   0.0000   0.0000
   10.15    0.94400000   0.9440   0.2329   3.7321   4.0610   0.0000   0.0000
   10.15    0.94400000   0.9440   0.2357   3.7313   4.0550   0.0000   0.0000
   10.15    0.94500000   0.9450   0.2384   3.7303   4.0490   0.0000   0.0000
   10.15    0.94500000   0.9450   0.2411   3.7294   4.0430   0.0000   0.0000
   10.15    0.94600000   0.9460   0.2437   3.7283   4.0360   0.0000   0.0000
   10.15    0.94600000   0.9460   0.2462   3.7272   4.0300   0.0000   0.0000
   10.15    0.94700000   0.9470   0.2486   3.7261   4.0230   0.0000   0.0000
   10.15    0.94700000   0.9470   0.2510   3.7249   4.0160   0.0000   0.0000
   10.15    0.94800000   0.9480   0.2532   3.7236   4.0090   0.0000   0.0000
   10.15    0.94800000   0.9480   0.2555   3.7222   4.0010   0.0000   0.0000
   10.15    0.94900000   0.9490   0.2576   3.7206   3.9930   0.0000   0.0000
   10.15    0.94900000   0.9490   0.2597   3.7190   3.9850   0.0000   0.0000
   10.15    0.95000000   0.9500   0.2616   3.7173   3.9760   0.0000   0.0000
   10.15    0.95000000   0.9500   0.2639   3.7153   3.9660   0.0000   0.0000
   10.15    0.95100000   0.9510   0.2662   3.7133   3.9560   0.0000   0.0000
   10.15    0.95100000   0.9510   0.2682   3.7109   3.9450   0.0000   0.0000
   10.15    0.95200000   0.9520   0.2702   3.7085   3.9330   0.0000   0.0000
   10.15    0.95200000   0.9520   0.2735   3.7059   3.9200   0.0000   0.0000
   10.15    0.95300000   0.9530   0.2771   3.7033   3.9060   0.0000   0.0000
   10.15    0.95300000   0.9530   0.2812   3.7005   3.8910   0.0000   0.0000
   10.15    0.95400000   0.9540   0.2864   3.6977   3.8750   0.0000   0.0000
   10.15    0.95400000   0.9540   0.2925   3.6950   3.8580   0.0000   0.0000
   10.15    0.95500000   0.9550   0.3003   3.6922   3.8390   0.0000   0.0000
   10.15    0.95500000   0.9550   0.3111   3.6897   3.8190   0.0000   0.0000
   10.15    0.95600000   0.9560   0.3233   3.6874   3.7980   0.0000   0.0000
   10.15    0.95600000   0.9560   0.3396   3.6856   3.7740   0.0000   0.0000
   10.15    0.95700000   0.9570   0.3573   3.6838   3.7500   0.0000   0.0000
   10.15    0.95800000   0.9570   0.3771   3.6824   3.7240   0.0000   0.0000
   10.15    0.95800000   0.9580   0.3992   3.6811   3.6970   0.0000   0.0000
   10.15    0.95900000   0.9580   0.4234   3.6798   3.6680   0.0000   0.0000
   10.15    0.95900000   0.9590   0.4499   3.6789   3.6380   0.0000   0.0000
   10.15    0.96000000   0.9590   0.4779   3.6780   3.6070   0.0000   0.0000
   10.15    0.96000000   0.9600   0.5081   3.6774   3.5740   0.0000   0.0000
   10.15    0.96100000   0.9600   0.5405   3.6766   3.5390   0.0000   0.0000
   10.15    0.96100000   0.9610   0.5756   3.6759   3.5020   0.0000   0.0000
   10.15    0.96200000   0.9610   0.6139   3.6751   3.4600   0.0000   0.0000
   10.15    0.96200000   0.9620   0.6554   3.6743   3.4160   0.0000   0.0000
   10.15    0.96300000   0.9620   0.7004   3.6732   3.3660   0.0000   0.0000
   10.15    0.96300000   0.9620   0.7509   3.6720   3.3120   0.0000   0.0000
   10.15    0.96400000   0.9630   0.8081   3.6704   3.2480   0.0000   0.0000
   10.15    0.96400000   0.9630   0.8739   3.6683   3.1740   0.0000   0.0000
   10.15    0.96500000   0.9630   0.9470   3.6659   3.0910   0.0000   0.0000
   10.15    0.96500000   0.9640   1.0215   3.6632   3.0060   0.0000   0.0000
# log(age) Mini Mact logl logt logg Composition Phase
   10.20    0.80000000   0.8000  -0.3822   3.7045   4.4940   0.0000   0.0000
   10.20    0.86600000   0.8660  -0.0950   3.7314   4.3490   0.0000   0.0000
   10.20    0.86700000   0.8670  -0.0928   3.7316   4.3480   0.0000   0.0000
   10.20    0.86700000   0.8670  -0.0906   3.7317   4.3460   0.0000   0.0000
   10.20    0.86800000   0.8680  -0.0884   3.7318   4.3450   0.0000   0.0000
   10.20    0.86800000   0.8680  -0.0861   3.7320   4.3440   0.0000   0.0000
   10.20    0.86800000   0.8680  -0.0839   3.7321   4.3420   0.0000   0.0000
   10.20    0.86900000   0.8690  -0.0816   3.7323   4.3410   0.0000   0.0000
   10.20    0.86900000   0.8690  -0.0793   3.7324   4.3390   0.0000   0.0000
   10.20    0.87000000   0.8700  -0.0770   3.7326   4.3380   0.0000   0.0000
   10.20    0.87000000   0.8700  -0.0747   3.7327   4.3360   0.0000   0.0000
   10.20    0.87100000   0.8710  -0.0724   3.7329   4.3350   0.0000   0.0000
   10.20    0.87100000   0.8710  -0.0701   3.7330   4.3330   0.0000   0.0000
   10.20    0.87200000   0.8720  -0.0677   3.7331   4.3320   0.0000   0.0000
   10.20    0.87200000   0.8720  -0.0654   3.7333   4.3300   0.0000   0.0000
   10.20    0.87300000   0.8730  -0.0630   3.7334   4.3280   0.0000   0.0000
   10.20    0.87300000   0.8730  -0.0605   3.7336   4.3270   0.0000   0.0000
   10.20    0.87400000   0.8740  -0.0581   3.7337   4.3250   0.0000   0.0000
   10.20    0.87400000   0.8740  -0.0556   3.7338   4.3230   0.0000   0.0000
   10.20    0.87500000   0.8750  -0.0532   3.7340   4.3220   0.0000   0.0000
   10.20    0.87500000   0.8750  -0.0509   3.7341   4.3200   0.0000   0.0000
   10.20    0.87500000   0.8750  -0.0486   3.7342   4.3190   0.0000   0.0000
   10.20    0.87600000   0.8760  -0.0464   3.7343   4.3170   0.0000   0.0000
   10.20    0.87600000   0.8760  -0.0441   3.7344   4.3150   0.0000   0.0000
   10.20    0.87700000   0.8770  -0.0418   3.7345   4.3140   0.0000   0.0000
   10.20    0.87700000   0.8770  -0.0396   3.7346   4.3120   0.0000   0.0000
   10.20    0.87800000   0.8780  -0.0373   3.7347   4.3110   0.0000   0.0000
   10.20    0.87800000   0.8780  -0.0350   3.7348   4.3090   0.0000   0.0000
   10.20    0.87900000   0.8790  -0.0327   3.7350   4.3070   0.0000   0.0000
   10.20    0.87900000   0.8790  -0.0303   3.7351   4.3060   0.0000   0.0000
   10.20    0.88000000   0.8800  -0.0280   3.7352   4.3040   0.0000   0.0000
   10.20    0.88000000   0.8800  -0.0256   3.7353   4.3020   0.0000   0.0000
   10.20    0.88100000   0.8810  -0.0233   3.7354   4.3010   0.0000   0.0000
   10.20    0.88100000   0.8810  -0.0209   3.7355   4.2990   0.0000   0.0000
   10.20    0.88200000   0.8820  -0.0185   3.7356   4.2970   0.0000   0.0000
   10.20    0.88200000   0.8820  -0.0161   3.7357   4.2950   0.0000   0.0000
   10.20    0.88300000   0.8830  -0.0138   3.7358   4.2940   0.0000   0.0000
   10.20    0.88300000   0.8830  -0.0114   3.7359   4.2920   0.0000   0.0000
   10.20    0.88300000   0.8830  -0.0089   3.7360   4.2900   0.0000   0.0000
   10.20    0.88400000   0.8840  -0.0065   3.7361   4.2880   0.0000   0.0000
   10.20    0.88400000   0.8840  -0.0041   3.7361   4.2860   0.0000   0.0000
   10.20    0.88500000   0.8850  -0.0016   3.7362   4.2840   0.0000   0.0000
   10.20    0.88500000   0.8850   0.0009   3.7363   4.2820   0.0000   0.0000
   10.20    0.88600000   0.8860   0.0033   3.7364   4.2810   0.0000   0.0000
   10.20    0.88600000   0.8860   0.0058   3.7365   4.2790   0.0000   0.0000
   10.20    0.88700000   0.8870   0.0083   3.7366   4.2770   0.0000   0.0000
   10.20    0.88700000   0.8870   0.0108   3.7366   4.2750   0.0000   0.0000
   10.20    0.88800000   0.8880   0.0133   3.7367   4.2730   0.0000   0.0000
   10.20    0.88800000   0.8880   0.0159   3.7368   4.2710   0.0000   0.0000
   10.20    0.88900000   0.8890   0.0184   3.7368   4.2690   0.0000   0.0000
   10.20    0.88900000   0.8890   0.0209   3.7369   4.2670   0.0000   0.0000
   10.20    0.89000000   0.8900   0.0235   3.7370   4.2650   0.0000   0.0000
   10.20    0.89000000   0.8900   0.0261   3.7371   4.2630   0.0000   0.0000
   10.20    0.89100000   0.8910   0.0287   3.7371   4.2610   0.0000   0.0000
   10.20    0.89100000   0.8910   0.0313   3.7372   4.2580   0.0000   0.0000
   10.20    0.89200000   0.8920   0.0339   3.7372   4.2560   0.0000   0.0000
   10.20    0.89200000   0.8920   0.0365   3.7373   4.2540   0.0000   0.0000
   10.20    0.89300000   0.8930   0.0391   3.7374   4.2520   0.0000   0.0000
   10.20    0.89300000   0.8930   0.0418   3.7374   4.2500   0.0000   0.0000
   10.20    0.89300000   0.8930   0.0444   3.7374   4.2470   0.0000   0.0000
   10.20    0.89400000   0.8940   0.0471   3.7375   4.2450   0.0000   0.0000
   10.20    0.89400000   0.8940   0.0498   3.7375   4.2430   0.0000   0.0000
   10.20    0.89500000   0.8950   0.0525   3.7375   4.2400   0.0000   0.0000
   10.20    0.89500000   0.8950   0.0552   3.7375   4.2380   0.0000   0.0000
   10.20    0.89600000   0.8960   0.0579   3.7376   4.2360   0.0000   0.0000
   10.20    0.89600000   0.8960   0.0606   3.7376   4.2330   0.0000   0.0000
   10.20    0.89700000   0.8970   0.0633   3.7376   4.2310   0.0000   0.0000
   10.20    0.89700000   0.8970   0.0661   3.7376   4.2280   0.0000   0.0000
   10.20    0.89800000   0.8980   0.0689   3.7376   4.2260   0.0000   0.0000
   10.20    0.89800000   0.8980   0.0716   3.7375   4.2230   0.0000   0.0000
   10.20    0.89900000   0.8990   0.0744   3.7375   4.2200   0.0000   0.0000
   10.20    0.89900000   0.8990   0.0772   3.7375   4.2180   0.0000   0.0000
   10.20    0.90000000   0.9000   0.0800   3.7374   4.2150   0.0000   0.0000
   10.20    0.90000000   0.9000   0.0828   3.7374   4.2120   0.0000   0.0000
   10.20    0.90100000   0.9010   0.0858   3.7373   4.2090   0.0000   0.0000
   10.20    0.90100000   0.9010   0.0887   3.7372   4.2060   0.0000   0.0000
   10.20    0.90200000   0.9020   0.0916   3.7371   4.2030   0.0000   0.0000
   10.20    0.90200000   0.9020   0.0946   3.7370   4.2000   0.0000   0.0000
   10.20    0.90300000   0.9030   0.0975   3.7369   4.1970   0.0000   0.0000
   10.20    0.90300000   0.9030   0.1005   3.7368   4.1930   0.0000   0.0000
   10.20    0.90400000   0.9040   0.1035   3.7367   4.1900   0.0000   0.0000
   10.20    0.90400000   0.9040   0.1065   3.7365   4.1870   0.0000   0.0000
   10.20    0.90500000   0.9050   0.1095   3.7364   4.1830   0.0000   0.0000
   10.20    0.90500000   0.9050   0.1125   3.7362   4.1800   0.0000   0.0000
   10.20    0.90600000   0.9060   0.1155   3.7360   4.1770   0.0000   0.0000
   10.20    0.90600000   0.9060   0.1186   3.7358   4.1730   0.0000   0.0000
   10.20    0.90700000   0.9070   0.1216   3.7356   4.1690   0.0000   0.0000
   10.20    0.90700000   0.9070   0.1246   3.7354   4.1660   0.0000   0.0000
   10.20    0.90700000   0.9070   0.1277   3.7351   4.1620   0.0000   0.0000
   10.20    0.90800000   0.9080   0.1308   3.7349   4.1580   0.0000   0.0000
   10.20    0.90800000   0.9080   0.1339   3.7346   4.1540   0.0000   0.0000
   10.20    0.90900000   0.9090   0.1370   3.7344   4.1500   0.0000   0.0000
   10.20    0.90900000   0.9090   0.1401   3.7341   4.1460   0.0000   0.0000
   10.20    0.91000000   0.9100   0.1432   3.7339   4.1420   0.0000   0.0000
   10.20    0.91000000   0.9100   0.1464   3.7336   4.1380   0.0000   0.0000
   10.20    0.91100000   0.9110   0.1495   3.7333   4.1340   0.0000   0.0000
   10.20    0.91100000   0.9110   0.1527   3.7330   4.1300   0.0000   0.0000
   10.20    0.91200000   0.9120   0.1558   3.7326   4.1260   0.0000   0.0000
   10.20    0.91200000   0.9120   0.1590   3.7323   4.1210   0.0000   0.0000
   10.20    0.91300000   0.9130   0.1621   3.7319   4.1170   0.0000   0.0000
   10.20    0.91300000   0.9130   0.1653   3.7314   4.1120   0.0000   0.0000
   10.20    0.91400000   0.9140   0.1684   3.7310   4.1070   0.0000   0.0000
   10.20    0.91400000   0.9140   0.1715   3.7305   4.1030   0.0000   0.0000
   10.20    0.91500000   0.9150   0.1747   3.7300   4.0980   0.0000   0.0000
   10.20    0.91500000   0.9150   0.1778   3.7294   4.0920   0.0000   0.0000
   10.20    0.91600000   0.9160   0.1809   3.7287   4.0870   0.0000   0.0000
   10.20    0.91600000   0.9160   0.1839   3.7279   4.0810   0.0000   0.0000
   10.20    0.91700000   0.9170   0.1869   3.7271   4.0750   0.0000   0.0000
   10.20    0.91700000   0.9170   0.1899   3.7262   4.0680   0.0000   0.0000
   10.20    0.91800000   0.9180   0.1929   3.7253   4.0620   0.0000   0.0000
   10.20    0.91800000   0.9180   0.1958   3.7243   4.0550   0.0000   0.0000
   10.20    0.91900000   0.9190   0.1986   3.7232   4.0480   0.0000   0.0000
   10.20    0.91900000   0.9190   0.2014   3.7220   4.0410   0.0000   0.0000
   10.20    0.92000000   0.9200   0.2041   3.7207   4.0340   0.0000   0.0000
   10.20    0.92000000   0.9200   0.2067   3.7195   4.0260   0.0000   0.0000
   10.20    0.92100000   0.9210   0.2094   3.7180   4.0180   0.0000   0.0000
   10.20    0.92100000   0.9210   0.2120   3.7165   4.0090   0.0000   0.0000
   10.20    0.92200000   0.9220   0.2145   3.7149   4.0010   0.0000   0.0000
   10.20    0.92200000   0.9220   0.2171   3.7131   3.9910   0.0000   0.0000
   10.20    0.92300000   0.9230   0.2197   3.7113   3.9810   0.0000   0.0000
   10.20    0.92300000   0.9230   0.2227   3.7092   3.9700   0.0000   0.0000
   10.20    0.92400000   0.9240   0.2257   3.7070   3.9590   0.0000   0.0000
   10.20    0.92400000   0.9240   0.2290   3.7045   3.9460   0.0000   0.0000
   10.20    0.92500000   0.9250   0.2327   3.7020   3.9320   0.0000   0.0000
   10.20    0.92500000   0.9250   0.2378   3.6994   3.9170   0.0000   0.0000
   10.20    0.92600000   0.9260   0.2439   3.6968   3.9010   0.0000   0.0000
   10.20    0.92600000   0.9260   0.2506   3.6941   3.8830   0.0000   0.0000
   10.20    0.92700000   0.9270   0.2593   3.6916   3.8650   0.0000   0.0000
   10.20    0.92700000   0.9270   0.2693   3.6890   3.8450   0.0000   0.0000
   10.20    0.92800000   0.9280   0.2821   3.6866   3.8230   0.0000   0.0000
   10.20    0.92800000   0.9280   0.2970   3.6844   3.7990   0.0000   0.0000
   10.20    0.92900000   0.9290   0.3151   3.6827   3.7740   0.0000   0.0000
   10.20    0.92900000   0.9290   0.3357   3.6811   3.7480   0.0000   0.0000
   10.20    0.93000000   0.9290   0.3580   3.6797   3.7200   0.0000   0.0000
   10.20    0.93000000   0.9300   0.3829   3.6787   3.6910   0.0000   0.0000
   10.20    0.93100000   0.9300   0.4098   3.6775   3.6600   0.0000   0.0000
   10.20    0.93100000   0.9310   0.4393   3.6767   3.6270   0.0000   0.0000
   10.20    0.93200000   0.9310   0.4705   3.6759   3.5930   0.0000   0.0000
   10.20    0.93200000   0.9320   0.5038   3.6753   3.5580   0.0000   0.0000
   10.20    0.93300000   0.9320   0.5399   3.6745   3.5180   0.0000   0.0000
   10.20    0.93300000   0.9330   0.5798   3.6737   3.4760   0.0000   0.0000
   10.20    0.93400000   0.9330   0.6234   3.6729   3.4290   0.0000   0.0000
   10.20    0.93400000   0.9330   0.6709   3.6719   3.3780   0.0000   0.0000
   10.20    0.93500000   0.9340   0.7238   3.6708   3.3210   0.0000   0.0000
   10.20    0.93500000   0.9340   0.7834   3.6692   3.2550   0.0000   0.0000
   10.20    0.93600000   0.9340   0.8529   3.6671   3.1770   0.0000   0.0000
   10.20    0.93600000   0.9350   0.9288   3.6646   3.0910   0.0000   0.0000
   10.20    0.93700000   0.9350   1.0090   3.6617   3.0000   0.0000   0.0000
