# log(age) Mini Mact logl logt logg Composition Phase
    6.00    0.80000000   0.8000  -0.6632   3.6692   4.6340   0.0000   0.0000
    6.00    0.90100000   0.9010  -0.4221   3.7067   4.5940   0.0000   0.0000
    6.00    1.01400000   1.0140  -0.1770   3.7413   4.5390   0.0000   0.0000
    6.00    1.14200000   1.1420   0.0612   3.7706   4.4700   0.0000   0.0000
    6.00    1.28500000   1.2850   0.2847   3.7949   4.3950   0.0000   0.0000
    6.00    1.44700000   1.4470   0.5289   3.8247   4.3210   0.0000   0.0000
    6.00    1.62900000   1.6290   0.7636   3.8597   4.2920   0.0000   0.0000
    6.00    1.83400000   1.8340   0.9872   3.9026   4.3110   0.0000   0.0000
    6.00    2.06500000   2.0650   1.2030   3.9473   4.3260   0.0000   0.0000
    6.00    2.32500000   2.3250   1.4116   3.9881   4.3310   0.0000   0.0000
    6.00    2.61800000   2.6180   1.6177   4.0275   4.3320   0.0000   0.0000
    6.00    2.94700000   2.9470   1.8197   4.0644   4.3290   0.0000   0.0000
    6.00    3.31800000   3.3180   2.0163   4.0994   4.3230   0.0000   0.0000
    6.00    3.73500000   3.7350   2.2121   4.1340   4.3170   0.0000   0.0000
    6.00    4.20600000   4.2060   2.4050   4.1681   4.3120   0.0000   0.0000
    6.00    4.73500000   4.7350   2.5941   4.2015   4.3070   0.0000   0.0000
    6.00    5.33100000   5.3310   2.7796   4.2338   4.3020   0.0000   0.0000
    6.00    6.00200000   6.0020   2.9619   4.2650   4.2950   0.0000   0.0000
    6.00    6.75700000   6.7570   3.1443   4.2963   4.2890   0.0000   0.0000
    6.00    7.60700000   7.6070   3.3206   4.3261   4.2830   0.0000   0.0000
    6.00    8.56500000   8.5640   3.4955   4.3548   4.2730   0.0000   0.0000
    6.00    9.64200000   9.6420   3.6658   4.3823   4.2630   0.0000   0.0000
    6.00   10.85600000  10.8550   3.8324   4.4090   4.2540   0.0000   0.0000
    6.00   12.22200000  12.2190   3.9986   4.4350   4.2420   0.0000   0.0000
    6.00   13.76000000  13.7530   4.1568   4.4588   4.2300   0.0000   0.0000
    6.00   15.49200000  15.4790   4.3126   4.4818   4.2180   0.0000   0.0000
    6.00   17.44200000  17.4200   4.4613   4.5028   4.2050   0.0000   0.0000
    6.00   19.63700000  19.6030   4.6106   4.5237   4.1910   0.0000   0.0000
    6.00   22.10800000  22.0440   4.7503   4.5422   4.1760   0.0000   0.0000
    6.00   24.89000000  24.7790   4.8884   4.5602   4.1610   0.0000   0.0000
    6.00   28.02300000  27.8260   5.0162   4.5754   4.1450   0.0000   0.0000
    6.00   31.54900000  31.2290   5.1438   4.5904   4.1260   0.0000   0.0000
    6.00   35.52000000  35.0020   5.2631   4.6035   4.1080   0.0000   0.0000
    6.00   39.99000000  39.1920   5.3811   4.6158   4.0870   0.0000   0.0000
    6.00   45.02300000  43.8120   5.4863   4.6260   4.0700   0.0000   0.0000
    6.00   50.68900000  48.9150   5.5910   4.6362   4.0520   0.0000   0.0000
    6.00   57.06800000  54.5330   5.6953   4.6467   4.0350   0.0000   0.0000
    6.00   64.25000000  60.7040   5.7925   4.6565   4.0220   0.0000   0.0000
    6.00   72.33600000  67.4890   5.8842   4.6658   4.0100   0.0000   0.0000
    6.00   81.43900000  74.9280   5.9754   4.6758   4.0010   0.0000   0.0000
    6.00   91.68900000  83.0930   6.0612   4.6853   3.9960   0.0000   0.0000
    6.00  103.22800000  92.0320   6.1435   4.6944   3.9930   0.0000   0.0000
    6.00  116.21900000 101.7630   6.2249   4.7036   3.9910   0.0000   0.0000
    6.00  130.84500000 112.4590   6.3011   4.7084   3.9760   0.0000   0.0000
    6.00  147.31200000 124.1210   6.3748   4.7119   3.9590   0.0000   0.0000
    6.00  165.85100000 136.8730   6.4438   4.7119   3.9320   0.0000   0.0000
    6.00  186.72300000 150.6890   6.5112   4.7107   3.9010   0.0000   0.0000
    6.00  210.22300000 165.6090   6.5757   4.7065   3.8600   0.0000   0.0000
    6.00  236.67900000 181.7100   6.6366   4.6989   3.8090   0.0000   0.0000
    6.00  266.46500000 198.8930   6.6962   4.6913   3.7580   0.0000   0.0000
    6.00  300.00000000 217.1710   6.7538   4.6831   3.7070   0.0000   0.0000
# log(age) Mini Mact logl logt logg Composition Phase
    6.05    0.80000000   0.8000  -0.6632   3.6692   4.6340   0.0000   0.0000
    6.05    0.90100000   0.9010  -0.4221   3.7067   4.5940   0.0000   0.0000
    6.05    1.01400000   1.0140  -0.1770   3.7413   4.5390   0.0000   0.0000
    6.05    1.14200000   1.1420   0.0613   3.7706   4.4700   0.0000   0.0000
    6.05    1.28500000   1.2850   0.2847   3.7949   4.3950   0.0000   0.0000
    6.05    1.44700000   1.4470   0.5290   3.8247   4.3210   0.0000   0.0000
    6.05    1.62900000   1.6290   0.7636   3.8597   4.2920   0.0000   0.0000
    6.05    1.83400000   1.8340   0.9872   3.9026   4.3110   0.0000   0.0000
    6.05    2.06500000   2.0650   1.2030   3.9473   4.3260   0.0000   0.0000
    6.05    2.32500000   2.3250   1.4116   3.9881   4.3300   0.0000   0.0000
    6.05    2.61800000   2.6180   1.6177   4.0275   4.3320   0.0000   0.0000
    6.05    2.94700000   2.9470   1.8196   4.0644   4.3290   0.0000   0.0000
    6.05    3.31800000   3.3180   2.0163   4.0994   4.3230   0.0000   0.0000
    6.05    3.73500000   3.7350   2.2121   4.1340   4.3170   0.0000   0.0000
    6.05    4.20600000   4.2060   2.4050   4.1681   4.3120   0.0000   0.0000
    6.05    4.73500000   4.7350   2.5941   4.2015   4.3070   0.0000   0.0000
    6.05    5.33100000   5.3310   2.7796   4.2338   4.3020   0.0000   0.0000
    6.05    6.00200000   6.0020   2.9620   4.2650   4.2950   0.0000   0.0000
    6.05    6.75700000   6.7570   3.1444   4.2963   4.2890   0.0000   0.0000
    6.05    7.60700000   7.6070   3.3209   4.3260   4.2820   0.0000   0.0000
    6.05    8.56500000   8.5640   3.4964   4.3546   4.2710   0.0000   0.0000
    6.05    9.64200000   9.6420   3.6666   4.3820   4.2610   0.0000   0.0000
    6.05   10.85600000  10.8540   3.8339   4.4086   4.2500   0.0000   0.0000
    6.05   12.22200000  12.2190   4.0001   4.4345   4.2390   0.0000   0.0000
    6.05   13.76000000  13.7520   4.1589   4.4583   4.2260   0.0000   0.0000
    6.05   15.49200000  15.4770   4.3154   4.4813   4.2130   0.0000   0.0000
    6.05   17.44200000  17.4180   4.4644   4.5022   4.1990   0.0000   0.0000
    6.05   19.63700000  19.5990   4.6143   4.5231   4.1850   0.0000   0.0000
    6.05   22.10800000  22.0370   4.7544   4.5415   4.1690   0.0000   0.0000
    6.05   24.89000000  24.7650   4.8931   4.5595   4.1530   0.0000   0.0000
    6.05   28.02300000  27.8000   5.0213   4.5747   4.1360   0.0000   0.0000
    6.05   31.54900000  31.1870   5.1493   4.5897   4.1180   0.0000   0.0000
    6.05   35.52000000  34.9330   5.2688   4.6023   4.0960   0.0000   0.0000
    6.05   39.99000000  39.0840   5.3871   4.6146   4.0740   0.0000   0.0000
    6.05   45.02300000  43.6460   5.4923   4.6247   4.0560   0.0000   0.0000
    6.05   50.68900000  48.6710   5.5970   4.6350   4.0390   0.0000   0.0000
    6.05   57.06800000  54.1840   5.7013   4.6457   4.0210   0.0000   0.0000
    6.05   64.25000000  60.2140   5.7982   4.6559   4.0080   0.0000   0.0000
    6.05   72.33600000  66.8190   5.8895   4.6660   4.0000   0.0000   0.0000
    6.05   81.43900000  74.0300   5.9802   4.6769   3.9940   0.0000   0.0000
    6.05   91.68900000  81.9200   6.0654   4.6870   3.9910   0.0000   0.0000
    6.05  103.22800000  90.5190   6.1469   4.6962   3.9890   0.0000   0.0000
    6.05  116.21900000  99.8280   6.2276   4.7051   3.9850   0.0000   0.0000
    6.05  130.84500000 110.0130   6.3029   4.7102   3.9710   0.0000   0.0000
    6.05  147.31200000 121.0490   6.3752   4.7134   3.9530   0.0000   0.0000
    6.05  165.85100000 133.0480   6.4428   4.7125   3.9220   0.0000   0.0000
    6.05  186.72300000 145.9190   6.5086   4.7097   3.8850   0.0000   0.0000
    6.05  210.22300000 159.7220   6.5715   4.7050   3.8430   0.0000   0.0000
    6.05  236.67900000 174.4790   6.6300   4.6967   3.7900   0.0000   0.0000
    6.05  266.46500000 190.0870   6.6860   4.6839   3.7190   0.0000   0.0000
    6.05  300.00000000 206.4550   6.7401   4.6658   3.6290   0.0000   0.0000
# log(age) Mini Mact logl logt logg Composition Phase
    6.10    0.80000000   0.8000  -0.6632   3.6692   4.6340   0.0000   0.0000
    6.10    0.90100000   0.9010  -0.4221   3.7067   4.5940   0.0000   0.0000
    6.10    1.01400000   1.0140  -0.1769   3.7413   4.5390   0.0000   0.0000
    6.10    1.14200000   1.1420   0.0613   3.7706   4.4700   0.0000   0.0000
    6.10    1.28500000   1.2850   0.2848   3.7949   4.3950   0.0000   0.0000
    6.10    1.44700000   1.4470   0.5290   3.8247   4.3210   0.0000   0.0000
    6.10    1.62900000   1.6290   0.7636   3.8597   4.2920   0.0000   0.0000
    6.10    1.83400000   1.8340   0.9872   3.9026   4.3110   0.0000   0.0000
    6.10    2.06500000   2.0650   1.2030   3.9473   4.3260   0.0000   0.0000
    6.10    2.32500000   2.3250   1.4116   3.9881   4.3300   0.0000   0.0000
    6.10    2.61800000   2.6180   1.6176   4.0275   4.3320   0.0000   0.0000
    6.10    2.94700000   2.9470   1.8196   4.0644   4.3290   0.0000   0.0000
    6.10    3.31800000   3.3180   2.0163   4.0994   4.3230   0.0000   0.0000
    6.10    3.73500000   3.7350   2.2121   4.1340   4.3170   0.0000   0.0000
    6.10    4.20600000   4.2060   2.4050   4.1681   4.3120   0.0000   0.0000
    6.10    4.73500000   4.7350   2.5941   4.2015   4.3070   0.0000   0.0000
    6.10    5.33100000   5.3310   2.7796   4.2338   4.3020   0.0000   0.0000
    6.10    6.00200000   6.0020   2.9620   4.2650   4.2950   0.0000   0.0000
    6.10    6.75700000   6.7570   3.1444   4.2963   4.2890   0.0000   0.0000
    6.10    7.60700000   7.6070   3.3217   4.3258   4.2800   0.0000   0.0000
    6.10    8.56500000   8.5640   3.4972   4.3543   4.2680   0.0000   0.0000
    6.10    9.64200000   9.6420   3.6675   4.3818   4.2580   0.0000   0.0000
    6.10   10.85600000  10.8540   3.8353   4.4081   4.2470   0.0000   0.0000
    6.10   12.22200000  12.2190   4.0023   4.4340   4.2350   0.0000   0.0000
    6.10   13.76000000  13.7510   4.1613   4.4577   4.2220   0.0000   0.0000
    6.10   15.49200000  15.4750   4.3182   4.4807   4.2080   0.0000   0.0000
    6.10   17.44200000  17.4150   4.4678   4.5016   4.1930   0.0000   0.0000
    6.10   19.63700000  19.5950   4.6184   4.5224   4.1780   0.0000   0.0000
    6.10   22.10800000  22.0280   4.7591   4.5408   4.1620   0.0000   0.0000
    6.10   24.89000000  24.7490   4.8985   4.5588   4.1450   0.0000   0.0000
    6.10   28.02300000  27.7710   5.0271   4.5738   4.1270   0.0000   0.0000
    6.10   31.54900000  31.1390   5.1555   4.5886   4.1060   0.0000   0.0000
    6.10   35.52000000  34.8540   5.2753   4.6011   4.0840   0.0000   0.0000
    6.10   39.99000000  38.9600   5.3938   4.6130   4.0590   0.0000   0.0000
    6.10   45.02300000  43.4560   5.4991   4.6232   4.0410   0.0000   0.0000
    6.10   50.68900000  48.3880   5.6039   4.6338   4.0230   0.0000   0.0000
    6.10   57.06800000  53.7750   5.7081   4.6447   4.0060   0.0000   0.0000
    6.10   64.25000000  59.6410   5.8048   4.6559   3.9960   0.0000   0.0000
    6.10   72.33600000  66.0390   5.8957   4.6669   3.9900   0.0000   0.0000
    6.10   81.43900000  72.9840   5.9858   4.6789   3.9890   0.0000   0.0000
    6.10   91.68900000  80.5580   6.0704   4.6894   3.9870   0.0000   0.0000
    6.10  103.22800000  88.7670   6.1510   4.6985   3.9840   0.0000   0.0000
    6.10  116.21900000  97.5830   6.2306   4.7076   3.9820   0.0000   0.0000
    6.10  130.84500000 107.1760   6.3044   4.7123   3.9670   0.0000   0.0000
    6.10  147.31200000 117.4970   6.3751   4.7147   3.9450   0.0000   0.0000
    6.10  165.85100000 128.6050   6.4411   4.7126   3.9100   0.0000   0.0000
    6.10  186.72300000 140.3980   6.5050   4.7098   3.8720   0.0000   0.0000
    6.10  210.22300000 152.9120   6.5654   4.7031   3.8220   0.0000   0.0000
    6.10  236.67900000 166.1640   6.6210   4.6888   3.7460   0.0000   0.0000
    6.10  266.46500000 179.9490   6.6745   4.6708   3.6550   0.0000   0.0000
    6.10  300.00000000 194.1610   6.7262   4.6503   3.5540   0.0000   0.0000
# log(age) Mini Mact logl logt logg Composition Phase
    6.15    0.80000000   0.8000  -0.6632   3.6692   4.6340   0.0000   0.0000
    6.15    0.90100000   0.9010  -0.4221   3.7067   4.5940   0.0000   0.0000
    6.15    1.01400000   1.0140  -0.1769   3.7413   4.5390   0.0000   0.0000
    6.15    1.14200000   1.1420   0.0613   3.7706   4.4700   0.0000   0.0000
    6.15    1.28500000   1.2850   0.2848   3.7949   4.3950   0.0000   0.0000
    6.15    1.44700000   1.4470   0.5290   3.8247   4.3210   0.0000   0.0000
    6.15    1.62900000   1.6290   0.7636   3.8597   4.2920   0.0000   0.0000
    6.15    1.83400000   1.8340   0.9872   3.9026   4.3110   0.0000   0.0000
    6.15    2.06500000   2.0650   1.2030   3.9473   4.3260   0.0000   0.0000
    6.15    2.32500000   2.3250   1.4116   3.9881   4.3300   0.0000   0.0000
    6.15    2.61800000   2.6180   1.6176   4.0275   4.3320   0.0000   0.0000
    6.15    2.94700000   2.9470   1.8196   4.0644   4.3290   0.0000   0.0000
    6.15    3.31800000   3.3180   2.0163   4.0994   4.3230   0.0000   0.0000
    6.15    3.73500000   3.7350   2.2121   4.1340   4.3170   0.0000   0.0000
    6.15    4.20600000   4.2060   2.4050   4.1681   4.3120   0.0000   0.0000
    6.15    4.73500000   4.7350   2.5941   4.2015   4.3070   0.0000   0.0000
    6.15    5.33100000   5.3310   2.7796   4.2338   4.3020   0.0000   0.0000
    6.15    6.00200000   6.0020   2.9620   4.2650   4.2950   0.0000   0.0000
    6.15    6.75700000   6.7570   3.1444   4.2963   4.2890   0.0000   0.0000
    6.15    7.60700000   7.6070   3.3226   4.3255   4.2770   0.0000   0.0000
    6.15    8.56500000   8.5640   3.4981   4.3541   4.2660   0.0000   0.0000
    6.15    9.64200000   9.6420   3.6689   4.3814   4.2550   0.0000   0.0000
    6.15   10.85600000  10.8540   3.8368   4.4077   4.2440   0.0000   0.0000
    6.15   12.22200000  12.2180   4.0045   4.4334   4.2300   0.0000   0.0000
    6.15   13.76000000  13.7500   4.1641   4.4571   4.2160   0.0000   0.0000
    6.15   15.49200000  15.4730   4.3216   4.4801   4.2020   0.0000   0.0000
    6.15   17.44200000  17.4110   4.4719   4.5009   4.1870   0.0000   0.0000
    6.15   19.63700000  19.5900   4.6231   4.5217   4.1700   0.0000   0.0000
    6.15   22.10800000  22.0180   4.7645   4.5400   4.1530   0.0000   0.0000
    6.15   24.89000000  24.7310   4.9046   4.5579   4.1350   0.0000   0.0000
    6.15   28.02300000  27.7370   5.0337   4.5727   4.1150   0.0000   0.0000
    6.15   31.54900000  31.0830   5.1625   4.5872   4.0930   0.0000   0.0000
    6.15   35.52000000  34.7620   5.2827   4.5995   4.0680   0.0000   0.0000
    6.15   39.99000000  38.8140   5.4016   4.6112   4.0420   0.0000   0.0000
    6.15   45.02300000  43.2340   5.5069   4.6217   4.0230   0.0000   0.0000
    6.15   50.68900000  48.0570   5.6118   4.6326   4.0060   0.0000   0.0000
    6.15   57.06800000  53.2960   5.7161   4.6445   3.9910   0.0000   0.0000
    6.15   64.25000000  58.9700   5.8124   4.6564   3.9840   0.0000   0.0000
    6.15   72.33600000  65.1280   5.9028   4.6685   3.9820   0.0000   0.0000
    6.15   81.43900000  71.7680   5.9921   4.6815   3.9840   0.0000   0.0000
    6.15   91.68900000  78.9680   6.0754   4.6922   3.9840   0.0000   0.0000
    6.15  103.22800000  86.7210   6.1551   4.7013   3.9800   0.0000   0.0000
    6.15  116.21900000  94.9680   6.2335   4.7103   3.9770   0.0000   0.0000
    6.15  130.84500000 103.8780   6.3056   4.7141   3.9590   0.0000   0.0000
    6.15  147.31200000 113.3580   6.3743   4.7148   3.9300   0.0000   0.0000
    6.15  165.85100000 123.4360   6.4384   4.7121   3.8930   0.0000   0.0000
    6.15  186.72300000 133.9800   6.5002   4.7082   3.8510   0.0000   0.0000
    6.15  210.22300000 145.0050   6.5578   4.6988   3.7900   0.0000   0.0000
    6.15  236.67900000 156.5140   6.6104   4.6804   3.6970   0.0000   0.0000
    6.15  266.46500000 168.2530   6.6612   4.6589   3.5910   0.0000   9.0000
    6.15  300.00000000 180.0980   6.7105   4.6355   3.4780   0.0000   9.0000
# log(age) Mini Mact logl logt logg Composition Phase
    6.20    0.80000000   0.8000  -0.6632   3.6692   4.6340   0.0000   0.0000
    6.20    0.90100000   0.9010  -0.4221   3.7067   4.5940   0.0000   0.0000
    6.20    1.01400000   1.0140  -0.1769   3.7413   4.5390   0.0000   0.0000
    6.20    1.14200000   1.1420   0.0613   3.7706   4.4700   0.0000   0.0000
    6.20    1.28500000   1.2850   0.2848   3.7950   4.3950   0.0000   0.0000
    6.20    1.44700000   1.4470   0.5290   3.8247   4.3210   0.0000   0.0000
    6.20    1.62900000   1.6290   0.7636   3.8597   4.2920   0.0000   0.0000
    6.20    1.83400000   1.8340   0.9872   3.9026   4.3110   0.0000   0.0000
    6.20    2.06500000   2.0650   1.2030   3.9473   4.3260   0.0000   0.0000
    6.20    2.32500000   2.3250   1.4116   3.9881   4.3300   0.0000   0.0000
    6.20    2.61800000   2.6180   1.6176   4.0275   4.3320   0.0000   0.0000
    6.20    2.94700000   2.9470   1.8196   4.0644   4.3290   0.0000   0.0000
    6.20    3.31800000   3.3180   2.0163   4.0994   4.3230   0.0000   0.0000
    6.20    3.73500000   3.7350   2.2121   4.1340   4.3170   0.0000   0.0000
    6.20    4.20600000   4.2060   2.4050   4.1681   4.3120   0.0000   0.0000
    6.20    4.73500000   4.7350   2.5941   4.2015   4.3070   0.0000   0.0000
    6.20    5.33100000   5.3310   2.7796   4.2338   4.3020   0.0000   0.0000
    6.20    6.00200000   6.0020   2.9620   4.2650   4.2950   0.0000   0.0000
    6.20    6.75700000   6.7570   3.1453   4.2960   4.2870   0.0000   0.0000
    6.20    7.60700000   7.6070   3.3234   4.3253   4.2750   0.0000   0.0000
    6.20    8.56500000   8.5640   3.4989   4.3538   4.2640   0.0000   0.0000
    6.20    9.64200000   9.6420   3.6704   4.3809   4.2520   0.0000   0.0000
    6.20   10.85600000  10.8540   3.8389   4.4071   4.2390   0.0000   0.0000
    6.20   12.22200000  12.2180   4.0070   4.4328   4.2250   0.0000   0.0000
    6.20   13.76000000  13.7490   4.1672   4.4565   4.2110   0.0000   0.0000
    6.20   15.49200000  15.4710   4.3254   4.4795   4.1960   0.0000   0.0000
    6.20   17.44200000  17.4080   4.4764   4.5003   4.1800   0.0000   0.0000
    6.20   19.63700000  19.5840   4.6284   4.5209   4.1620   0.0000   0.0000
    6.20   22.10800000  22.0060   4.7707   4.5392   4.1440   0.0000   0.0000
    6.20   24.89000000  24.7100   4.9115   4.5567   4.1230   0.0000   0.0000
    6.20   28.02300000  27.6990   5.0411   4.5713   4.1010   0.0000   0.0000
    6.20   31.54900000  31.0180   5.1707   4.5858   4.0780   0.0000   0.0000
    6.20   35.52000000  34.6540   5.2912   4.5977   4.0510   0.0000   0.0000
    6.20   39.99000000  38.6450   5.4105   4.6093   4.0230   0.0000   0.0000
    6.20   45.02300000  42.9710   5.5160   4.6201   4.0040   0.0000   0.0000
    6.20   50.68900000  47.6680   5.6209   4.6316   3.9880   0.0000   0.0000
    6.20   57.06800000  52.7300   5.7251   4.6443   3.9750   0.0000   0.0000
    6.20   64.25000000  58.1810   5.8211   4.6575   3.9720   0.0000   0.0000
    6.20   72.33600000  64.0610   5.9105   4.6706   3.9740   0.0000   0.0000
    6.20   81.43900000  70.3380   5.9987   4.6842   3.9790   0.0000   0.0000
    6.20   91.68900000  77.1010   6.0813   4.6951   3.9790   0.0000   0.0000
    6.20  103.22800000  84.3240   6.1598   4.7042   3.9750   0.0000   0.0000
    6.20  116.21900000  91.9060   6.2363   4.7128   3.9690   0.0000   0.0000
    6.20  130.84500000 100.0110   6.3063   4.7150   3.9450   0.0000   0.0000
    6.20  147.31200000 108.4870   6.3728   4.7137   3.9090   0.0000   0.0000
    6.20  165.85100000 117.3490   6.4342   4.7105   3.8680   0.0000   0.0000
    6.20  186.72300000 126.4320   6.4928   4.7046   3.8190   0.0000   9.0000
    6.20  210.22300000 135.7380   6.5468   4.6914   3.7430   0.0000   9.0000
    6.20  236.67900000 145.2730   6.5960   4.6667   3.6240   0.0000   9.0000
    6.20  266.46500000 154.7330   6.6443   4.6416   3.5030   0.0000   9.0000
    6.20  300.00000000 164.0560   6.6920   4.6154   3.3750   0.0000   9.0000
# log(age) Mini Mact logl logt logg Composition Phase
    6.25    0.80000000   0.8000  -0.6632   3.6692   4.6340   0.0000   0.0000
    6.25    0.90100000   0.9010  -0.4221   3.7067   4.5940   0.0000   0.0000
    6.25    1.01400000   1.0140  -0.1768   3.7413   4.5390   0.0000   0.0000
    6.25    1.14200000   1.1420   0.0614   3.7706   4.4700   0.0000   0.0000
    6.25    1.28500000   1.2850   0.2848   3.7950   4.3950   0.0000   0.0000
    6.25    1.44700000   1.4470   0.5291   3.8247   4.3210   0.0000   0.0000
    6.25    1.62900000   1.6290   0.7636   3.8597   4.2920   0.0000   0.0000
    6.25    1.83400000   1.8340   0.9872   3.9026   4.3110   0.0000   0.0000
    6.25    2.06500000   2.0650   1.2030   3.9473   4.3260   0.0000   0.0000
    6.25    2.32500000   2.3250   1.4116   3.9881   4.3300   0.0000   0.0000
    6.25    2.61800000   2.6180   1.6176   4.0275   4.3320   0.0000   0.0000
    6.25    2.94700000   2.9470   1.8196   4.0644   4.3290   0.0000   0.0000
    6.25    3.31800000   3.3180   2.0163   4.0994   4.3230   0.0000   0.0000
    6.25    3.73500000   3.7350   2.2120   4.1340   4.3170   0.0000   0.0000
    6.25    4.20600000   4.2060   2.4050   4.1681   4.3120   0.0000   0.0000
    6.25    4.73500000   4.7350   2.5941   4.2015   4.3070   0.0000   0.0000
    6.25    5.33100000   5.3310   2.7796   4.2337   4.3020   0.0000   0.0000
    6.25    6.00200000   6.0020   2.9620   4.2650   4.2950   0.0000   0.0000
    6.25    6.75700000   6.7570   3.1461   4.2958   4.2840   0.0000   0.0000
    6.25    7.60700000   7.6070   3.3243   4.3250   4.2730   0.0000   0.0000
    6.25    8.56500000   8.5640   3.5003   4.3534   4.2610   0.0000   0.0000
    6.25    9.64200000   9.6420   3.6719   4.3805   4.2480   0.0000   0.0000
    6.25   10.85600000  10.8540   3.8410   4.4066   4.2350   0.0000   0.0000
    6.25   12.22200000  12.2170   4.0098   4.4322   4.2200   0.0000   0.0000
    6.25   13.76000000  13.7480   4.1707   4.4559   4.2050   0.0000   0.0000
    6.25   15.49200000  15.4680   4.3297   4.4788   4.1890   0.0000   0.0000
    6.25   17.44200000  17.4030   4.4815   4.4995   4.1720   0.0000   0.0000
    6.25   19.63700000  19.5770   4.6346   4.5201   4.1530   0.0000   0.0000
    6.25   22.10800000  21.9920   4.7777   4.5382   4.1330   0.0000   0.0000
    6.25   24.89000000  24.6850   4.9193   4.5552   4.1090   0.0000   0.0000
    6.25   28.02300000  27.6530   5.0497   4.5700   4.0860   0.0000   0.0000
    6.25   31.54900000  30.9420   5.1799   4.5841   4.0600   0.0000   0.0000
    6.25   35.52000000  34.5270   5.3010   4.5958   4.0320   0.0000   0.0000
    6.25   39.99000000  38.4450   5.4207   4.6071   4.0010   0.0000   0.0000
    6.25   45.02300000  42.6610   5.5264   4.6185   3.9830   0.0000   0.0000
    6.25   50.68900000  47.2060   5.6314   4.6309   3.9680   0.0000   0.0000
    6.25   57.06800000  52.0590   5.7356   4.6450   3.9600   0.0000   0.0000
    6.25   64.25000000  57.2450   5.8309   4.6595   3.9610   0.0000   0.0000
    6.25   72.33600000  62.7940   5.9196   4.6733   3.9660   0.0000   0.0000
    6.25   81.43900000  68.6440   6.0070   4.6876   3.9730   0.0000   0.0000
    6.25   91.68900000  74.8900   6.0883   4.6988   3.9730   0.0000   0.0000
    6.25  103.22800000  81.4860   6.1646   4.7075   3.9680   0.0000   0.0000
    6.25  116.21900000  88.2840   6.2388   4.7145   3.9560   0.0000   0.0000
    6.25  130.84500000  95.4210   6.3064   4.7151   3.9250   0.0000   0.0000
    6.25  147.31200000 102.7050   6.3700   4.7131   3.8850   0.0000   9.0000
    6.25  165.85100000 110.1380   6.4276   4.7061   3.8300   0.0000   9.0000
    6.25  186.72300000 117.4790   6.4805   4.6915   3.7460   0.0000   9.0000
    6.25  210.22300000 124.7300   6.5296   4.6693   3.6350   0.0000   9.0000
    6.25  236.67900000 132.0480   6.5774   4.6406   3.4970   0.0000   9.0000
    6.25  266.46500000 139.1620   6.6243   4.3518   3.3720   0.0000   0.0000
    6.25  300.00000000 146.0940   6.6700   4.3309   3.2370   0.0000   0.0000
# log(age) Mini Mact logl logt logg Composition Phase
    6.30    0.80000000   0.8000  -0.6632   3.6692   4.6340   0.0000   0.0000
    6.30    0.90100000   0.9010  -0.4220   3.7067   4.5940   0.0000   0.0000
    6.30    1.01400000   1.0140  -0.1768   3.7413   4.5390   0.0000   0.0000
    6.30    1.14200000   1.1420   0.0614   3.7707   4.4700   0.0000   0.0000
    6.30    1.28500000   1.2850   0.2848   3.7950   4.3950   0.0000   0.0000
    6.30    1.44700000   1.4470   0.5291   3.8247   4.3210   0.0000   0.0000
    6.30    1.62900000   1.6290   0.7637   3.8597   4.2920   0.0000   0.0000
    6.30    1.83400000   1.8340   0.9872   3.9026   4.3110   0.0000   0.0000
    6.30    2.06500000   2.0650   1.2030   3.9473   4.3260   0.0000   0.0000
    6.30    2.32500000   2.3250   1.4116   3.9881   4.3300   0.0000   0.0000
    6.30    2.61800000   2.6180   1.6176   4.0275   4.3320   0.0000   0.0000
    6.30    2.94700000   2.9470   1.8196   4.0644   4.3290   0.0000   0.0000
    6.30    3.31800000   3.3180   2.0163   4.0993   4.3230   0.0000   0.0000
    6.30    3.73500000   3.7350   2.2120   4.1340   4.3170   0.0000   0.0000
    6.30    4.20600000   4.2060   2.4050   4.1681   4.3120   0.0000   0.0000
    6.30    4.73500000   4.7350   2.5941   4.2015   4.3070   0.0000   0.0000
    6.30    5.33100000   5.3310   2.7796   4.2337   4.3010   0.0000   0.0000
    6.30    6.00200000   6.0020   2.9626   4.2649   4.2940   0.0000   0.0000
    6.30    6.75700000   6.7570   3.1469   4.2956   4.2820   0.0000   0.0000
    6.30    7.60700000   7.6070   3.3251   4.3248   4.2710   0.0000   0.0000
    6.30    8.56500000   8.5640   3.5017   4.3530   4.2570   0.0000   0.0000
    6.30    9.64200000   9.6420   3.6739   4.3800   4.2440   0.0000   0.0000
    6.30   10.85600000  10.8540   3.8436   4.4060   4.2300   0.0000   0.0000
    6.30   12.22200000  12.2170   4.0132   4.4316   4.2140   0.0000   0.0000
    6.30   13.76000000  13.7460   4.1747   4.4553   4.1990   0.0000   0.0000
    6.30   15.49200000  15.4650   4.3346   4.4781   4.1810   0.0000   0.0000
    6.30   17.44200000  17.3990   4.4874   4.4988   4.1630   0.0000   0.0000
    6.30   19.63700000  19.5690   4.6417   4.5193   4.1420   0.0000   0.0000
    6.30   22.10800000  21.9760   4.7857   4.5370   4.1200   0.0000   0.0000
    6.30   24.89000000  24.6570   4.9284   4.5542   4.0950   0.0000   0.0000
    6.30   28.02300000  27.6000   5.0595   4.5684   4.0690   0.0000   0.0000
    6.30   31.54900000  30.8520   5.1905   4.5821   4.0410   0.0000   0.0000
    6.30   35.52000000  34.3780   5.3122   4.5937   4.0090   0.0000   0.0000
    6.30   39.99000000  38.2070   5.4325   4.6049   3.9760   0.0000   0.0000
    6.30   45.02300000  42.2930   5.5384   4.6169   3.9590   0.0000   0.0000
    6.30   50.68900000  46.6550   5.6434   4.6306   3.9480   0.0000   0.0000
    6.30   57.06800000  51.2550   5.7475   4.6468   3.9460   0.0000   0.0000
    6.30   64.25000000  56.1210   5.8424   4.6626   3.9520   0.0000   0.0000
    6.30   72.33600000  61.2720   5.9303   4.6773   3.9590   0.0000   0.0000
    6.30   81.43900000  66.6080   6.0160   4.6924   3.9690   0.0000   0.0000
    6.30   91.68900000  72.2440   6.0951   4.7031   3.9670   0.0000   0.0000
    6.30  103.22800000  78.0920   6.1695   4.7097   3.9530   0.0000   0.0000
    6.30  116.21900000  83.9330   6.2410   4.7139   3.9290   0.0000   9.0000
    6.30  130.84500000  89.8920   6.3053   4.7136   3.8940   0.0000   9.0000
    6.30  147.31200000  95.7390   6.3648   4.7081   3.8400   0.0000   9.0000
    6.30  165.85100000 101.4280   6.4166   4.6917   3.7470   0.0000   9.0000
    6.30  186.72300000 106.6280   6.4642   4.6069   3.6220   0.0000   9.0000
    6.30  210.22300000 111.5340   6.5102   4.3777   3.4820   0.0000   0.0000
    6.30  236.67900000 116.6500   6.5561   4.3554   3.3410   0.0000   0.0000
    6.30  266.46500000 121.8070   6.6016   4.3300   3.1620   0.0000   0.0000
    6.30  300.00000000 126.1640   6.6442   4.2844   2.9760   0.0000   0.0000
# log(age) Mini Mact logl logt logg Composition Phase
    6.35    0.80000000   0.8000  -0.6632   3.6692   4.6340   0.0000   0.0000
    6.35    0.90100000   0.9010  -0.4220   3.7067   4.5940   0.0000   0.0000
    6.35    1.01400000   1.0140  -0.1768   3.7413   4.5390   0.0000   0.0000
    6.35    1.14200000   1.1420   0.0614   3.7707   4.4700   0.0000   0.0000
    6.35    1.28500000   1.2850   0.2849   3.7950   4.3950   0.0000   0.0000
    6.35    1.44700000   1.4470   0.5291   3.8247   4.3210   0.0000   0.0000
    6.35    1.62900000   1.6290   0.7637   3.8597   4.2920   0.0000   0.0000
    6.35    1.83400000   1.8340   0.9872   3.9026   4.3110   0.0000   0.0000
    6.35    2.06500000   2.0650   1.2030   3.9473   4.3250   0.0000   0.0000
    6.35    2.32500000   2.3250   1.4116   3.9881   4.3300   0.0000   0.0000
    6.35    2.61800000   2.6180   1.6176   4.0275   4.3320   0.0000   0.0000
    6.35    2.94700000   2.9470   1.8196   4.0644   4.3290   0.0000   0.0000
    6.35    3.31800000   3.3180   2.0163   4.0993   4.3230   0.0000   0.0000
    6.35    3.73500000   3.7350   2.2120   4.1340   4.3170   0.0000   0.0000
    6.35    4.20600000   4.2060   2.4050   4.1681   4.3110   0.0000   0.0000
    6.35    4.73500000   4.7350   2.5941   4.2015   4.3070   0.0000   0.0000
    6.35    5.33100000   5.3310   2.7796   4.2337   4.3010   0.0000   0.0000
    6.35    6.00200000   6.0020   2.9634   4.2646   4.2910   0.0000   0.0000
    6.35    6.75700000   6.7570   3.1478   4.2953   4.2800   0.0000   0.0000
    6.35    7.60700000   7.6070   3.3263   4.3244   4.2680   0.0000   0.0000
    6.35    8.56500000   8.5640   3.5032   4.3526   4.2540   0.0000   0.0000
    6.35    9.64200000   9.6410   3.6760   4.3794   4.2400   0.0000   0.0000
    6.35   10.85600000  10.8530   3.8464   4.4054   4.2250   0.0000   0.0000
    6.35   12.22200000  12.2160   4.0169   4.4310   4.2080   0.0000   0.0000
    6.35   13.76000000  13.7450   4.1794   4.4546   4.1910   0.0000   0.0000
    6.35   15.49200000  15.4620   4.3403   4.4775   4.1730   0.0000   0.0000
    6.35   17.44200000  17.3930   4.4941   4.4980   4.1530   0.0000   0.0000
    6.35   19.63700000  19.5600   4.6498   4.5183   4.1300   0.0000   0.0000
    6.35   22.10800000  21.9580   4.7949   4.5359   4.1060   0.0000   0.0000
    6.35   24.89000000  24.6230   4.9388   4.5525   4.0770   0.0000   0.0000
    6.35   28.02300000  27.5370   5.0708   4.5665   4.0490   0.0000   0.0000
    6.35   31.54900000  30.7450   5.2028   4.5798   4.0180   0.0000   0.0000
    6.35   35.52000000  34.1990   5.3253   4.5912   3.9830   0.0000   0.0000
    6.35   39.99000000  37.9220   5.4462   4.6023   3.9480   0.0000   0.0000
    6.35   45.02300000  41.8500   5.5523   4.6156   3.9340   0.0000   0.0000
    6.35   50.68900000  45.9910   5.6573   4.6312   3.9280   0.0000   0.0000
    6.35   57.06800000  50.2770   5.7614   4.6497   3.9340   0.0000   0.0000
    6.35   64.25000000  54.7500   5.8554   4.6672   3.9450   0.0000   0.0000
    6.35   72.33600000  59.4250   5.9416   4.6825   3.9540   0.0000   0.0000
    6.35   81.43900000  64.1470   6.0257   4.6971   3.9610   0.0000   0.0000
    6.35   91.68900000  69.0330   6.1028   4.7065   3.9530   0.0000   0.0000
    6.35  103.22800000  73.9480   6.1742   4.7114   3.9310   0.0000   9.0000
    6.35  116.21900000  78.6190   6.2416   4.7138   3.9000   0.0000   9.0000
    6.35  130.84500000  83.1330   6.3013   4.6759   3.8430   0.0000   9.0000
    6.35  147.31200000  87.1580   6.3540   4.4444   3.7560   0.0000   9.0000
    6.35  165.85100000  90.6630   6.3997   4.4100   3.6040   0.0000   9.0000
    6.35  186.72300000  93.3890   6.4436   4.3803   3.4540   0.0000   0.0000
    6.35  210.22300000  95.9070   6.4866   4.3541   3.3030   0.0000   0.0000
    6.35  236.67900000  98.4100   6.5281   4.3232   3.1370   0.0000   0.0000
    6.35  266.46500000  99.1320   6.5633   4.2872   2.9540   0.0000   0.0000
    6.35  300.00000000  96.0450   6.5846   4.2574   2.8510   0.0000   0.0000
# log(age) Mini Mact logl logt logg Composition Phase
    6.40    0.80000000   0.8000  -0.6632   3.6692   4.6340   0.0000   0.0000
    6.40    0.90100000   0.9010  -0.4220   3.7067   4.5940   0.0000   0.0000
    6.40    1.01400000   1.0140  -0.1767   3.7413   4.5390   0.0000   0.0000
    6.40    1.14200000   1.1420   0.0614   3.7707   4.4700   0.0000   0.0000
    6.40    1.28500000   1.2850   0.2849   3.7950   4.3950   0.0000   0.0000
    6.40    1.44700000   1.4470   0.5291   3.8247   4.3210   0.0000   0.0000
    6.40    1.62900000   1.6290   0.7637   3.8597   4.2920   0.0000   0.0000
    6.40    1.83400000   1.8340   0.9872   3.9026   4.3110   0.0000   0.0000
    6.40    2.06500000   2.0650   1.2030   3.9473   4.3250   0.0000   0.0000
    6.40    2.32500000   2.3250   1.4116   3.9881   4.3300   0.0000   0.0000
    6.40    2.61800000   2.6180   1.6176   4.0274   4.3320   0.0000   0.0000
    6.40    2.94700000   2.9470   1.8196   4.0644   4.3290   0.0000   0.0000
    6.40    3.31800000   3.3180   2.0163   4.0993   4.3230   0.0000   0.0000
    6.40    3.73500000   3.7350   2.2120   4.1340   4.3170   0.0000   0.0000
    6.40    4.20600000   4.2060   2.4050   4.1681   4.3110   0.0000   0.0000
    6.40    4.73500000   4.7350   2.5941   4.2015   4.3070   0.0000   0.0000
    6.40    5.33100000   5.3310   2.7799   4.2337   4.3010   0.0000   0.0000
    6.40    6.00200000   6.0020   2.9642   4.2644   4.2890   0.0000   0.0000
    6.40    6.75700000   6.7570   3.1486   4.2951   4.2780   0.0000   0.0000
    6.40    7.60700000   7.6070   3.3278   4.3240   4.2650   0.0000   0.0000
    6.40    8.56500000   8.5640   3.5050   4.3521   4.2500   0.0000   0.0000
    6.40    9.64200000   9.6410   3.6785   4.3788   4.2350   0.0000   0.0000
    6.40   10.85600000  10.8530   3.8498   4.4048   4.2190   0.0000   0.0000
    6.40   12.22200000  12.2150   4.0211   4.4304   4.2020   0.0000   0.0000
    6.40   13.76000000  13.7430   4.1846   4.4540   4.1830   0.0000   0.0000
    6.40   15.49200000  15.4580   4.3468   4.4767   4.1630   0.0000   0.0000
    6.40   17.44200000  17.3860   4.5020   4.4971   4.1420   0.0000   0.0000
    6.40   19.63700000  19.5490   4.6592   4.5172   4.1160   0.0000   0.0000
    6.40   22.10800000  21.9360   4.8056   4.5344   4.0880   0.0000   0.0000
    6.40   24.89000000  24.5830   4.9509   4.5506   4.0580   0.0000   0.0000
    6.40   28.02300000  27.4620   5.0839   4.5642   4.0260   0.0000   0.0000
    6.40   31.54900000  30.6180   5.2170   4.5771   3.9900   0.0000   0.0000
    6.40   35.52000000  33.9840   5.3404   4.5884   3.9530   0.0000   0.0000
    6.40   39.99000000  37.5760   5.4621   4.5998   3.9160   0.0000   0.0000
    6.40   45.02300000  41.3120   5.5684   4.6148   3.9070   0.0000   0.0000
    6.40   50.68900000  45.1780   5.6737   4.6327   3.9080   0.0000   0.0000
    6.40   57.06800000  49.0760   5.7771   4.6540   3.9230   0.0000   0.0000
    6.40   64.25000000  53.0620   5.8701   4.6730   3.9390   0.0000   0.0000
    6.40   72.33600000  57.1480   5.9546   4.6882   3.9470   0.0000   0.0000
    6.40   81.43900000  61.1120   6.0363   4.7019   3.9490   0.0000   9.0000
    6.40   91.68900000  65.0640   6.1096   4.7079   3.9260   0.0000   9.0000
    6.40  103.22800000  68.8050   6.1769   4.6701   3.8880   0.0000   9.0000
    6.40  116.21900000  71.9850   6.2392   4.4744   3.8390   0.0000   9.0000
    6.40  130.84500000  74.6000   6.2907   4.4450   3.7260   0.0000   9.0000
    6.40  147.31200000  76.1920   6.3353   4.4066   3.5520   0.0000   9.0000
    6.40  165.85100000  77.2220   6.3776   4.3789   3.3980   0.0000   0.0000
    6.40  186.72300000  77.4990   6.4189   4.3525   3.2090   0.0000   0.0000
    6.40  210.22300000  76.2460   6.4559   4.2981   3.1060   0.0000   0.0000
    6.40  213.57200000  72.5310   6.4349   4.3178   3.3080   0.0000   0.0000
    6.40  213.67700000  72.4170   6.4343   4.3185   3.3170   0.0000   0.0000
    6.40  213.78300000  72.3020   6.4336   4.3193   3.3260   0.0000   0.0000
    6.40  213.88800000  72.1870   6.4330   4.3201   3.3350   0.0000   0.0000
    6.40  213.99400000  72.0760   6.4324   4.3214   3.3480   0.0000   0.0000
    6.40  214.10000000  71.9640   6.4318   4.3227   3.3610   0.0000   0.0000
    6.40  214.20500000  71.8520   6.4313   4.3240   3.3740   0.0000   0.0000
    6.40  214.31100000  71.7400   6.4307   4.3252   3.3870   0.0000   0.0000
    6.40  214.41700000  71.6260   6.4301   4.3265   3.4000   0.0000   0.0000
    6.40  214.52300000  71.5140   6.4297   4.3285   3.4160   0.0000   0.0000
    6.40  214.62900000  71.4200   6.4313   4.3361   3.4600   0.0000   0.0000
    6.40  214.73500000  71.3250   6.4329   4.3437   3.5050   0.0000   0.0000
    6.40  214.84100000  71.2290   6.4345   4.3513   3.5500   0.0000   0.0000
    6.40  214.94700000  71.1330   6.4361   4.3588   3.5950   0.0000   0.0000
    6.40  215.05300000  71.0370   6.4377   4.3664   3.6390   0.0000   0.0000
    6.40  215.16000000  70.9400   6.4393   4.3739   3.6840   0.0000   0.0000
    6.40  215.26600000  70.8420   6.4408   4.3814   3.7280   0.0000   0.0000
    6.40  215.37200000  70.7440   6.4424   4.3889   3.7730   0.0000   0.0000
    6.40  215.47900000  70.6460   6.4439   4.3964   3.8170   0.0000   0.0000
    6.40  215.58500000  70.5470   6.4454   4.4038   3.8610   0.0000   9.0000
    6.40  215.69200000  70.4490   6.4483   4.4127   3.9130   0.0000   9.0000
    6.40  215.79800000  70.3550   6.4533   4.4258   3.9750   0.0000   9.0000
    6.40  215.90500000  70.2610   6.4572   4.4401   4.0330   0.0000   9.0000
    6.40  216.01200000  70.1660   6.4601   4.4470   4.0640   0.0000   9.0000
    6.40  216.11800000  70.0700   6.4623   4.4402   4.0490   0.0000   9.0000
    6.40  216.22500000  69.9720   6.4637   4.4079   3.9470   0.0000   9.0000
    6.40  216.33200000  69.8680   6.4661   4.3482   3.6940   0.0000   0.0000
    6.40  216.43900000  69.7540   6.4691   4.2315   3.1920   0.0000   0.0000
    6.40  216.54600000  69.6080   6.4716   4.2064   3.1400   0.0000   0.0000
    6.40  216.65300000  69.4510   6.4736   4.1395   3.1170   0.0000   0.0000
    6.40  216.76000000  69.2730   6.4752   4.2043   3.1870   0.0000   0.0000
    6.40  216.86700000  69.0360   6.4739   4.2103   3.4540   0.0000   0.0000
    6.40  216.97400000  68.8000   6.4726   4.2163   3.7180   0.0000   0.0000
    6.40  217.08100000  68.5640   6.4713   4.2222   3.9790   0.0000   0.0000
    6.40  217.18800000  68.3290   6.4700   4.2281   4.2360   0.0000   0.0000
    6.40  217.29600000  68.0950   6.4687   4.2338   4.4910   0.0000   0.0000
    6.40  217.40300000  67.8620   6.4674   4.2396   4.7420   0.0000   0.0000
    6.40  217.51000000  67.5690   6.4646   4.2439   4.8750   0.0000   0.0000
    6.40  217.61800000  67.2260   6.4604   4.2470   4.9040   0.0000   0.0000
    6.40  217.72500000  66.8850   6.4563   4.2501   4.9320   0.0000   0.0000
    6.40  217.83300000  66.5460   6.4522   4.2532   4.9610   0.0000   0.0000
    6.40  217.94100000  66.2090   6.4481   4.2563   4.9900   0.0000   0.0000
    6.40  218.04800000  65.8750   6.4440   4.2594   5.0180   0.0000   0.0000
    6.40  218.15600000  65.5420   6.4400   4.2624   5.0470   0.0000   0.0000
    6.40  218.26400000  65.2120   6.4359   4.2655   5.0750   0.0000   0.0000
    6.40  218.37200000  64.8840   6.4318   4.2685   5.1030   0.0000   0.0000
    6.40  218.47900000  64.5570   6.4278   4.2716   5.1310   0.0000   0.0000
    6.40  218.58700000  64.2330   6.4237   4.2746   5.1590   0.0000   0.0000
    6.40  218.69500000  63.9110   6.4197   4.2776   5.1870   0.0000   0.0000
    6.40  218.80300000  63.5970   6.4157   4.2804   5.2110   0.0000   0.0000
    6.40  223.05900000  53.4870   6.3082   4.3365   5.2360   0.0000   0.0000
    6.40  229.76800000  49.7630   6.2822   4.6542   5.1480   0.0000   9.0000
    6.40  236.67900000  47.9850   6.2668   4.6194   4.9750   0.0000   9.0000
    6.40  243.79800000  45.7700   6.2433   4.4843   4.5120   0.0000   9.0000
    6.40  251.13100000  43.2390   6.2179   4.6124   5.1660   0.0000   9.0000
    6.40  258.68500000  41.0080   6.1915   4.5852   5.2480   0.0000   9.0000
    6.40  266.46500000  38.2210   6.1553   4.5890   5.4650   0.0000   9.0000
    6.40  274.48000000  35.3440   6.1145   4.5941   5.5010   0.0000   9.0000
    6.40  282.73600000  32.8880   6.0778   4.6272   5.5200   0.0000   9.0000
    6.40  291.24000000  30.8140   6.0448   4.6487   5.5240   0.0000   9.0000
    6.40  300.00000000  29.0160   6.0147   4.6687   5.5290   0.0000   9.0000
# log(age) Mini Mact logl logt logg Composition Phase
    6.45    0.80000000   0.8000  -0.6632   3.6692   4.6340   0.0000   0.0000
    6.45    0.90100000   0.9010  -0.4220   3.7067   4.5940   0.0000   0.0000
    6.45    1.01400000   1.0140  -0.1767   3.7413   4.5390   0.0000   0.0000
    6.45    1.14200000   1.1420   0.0615   3.7707   4.4700   0.0000   0.0000
    6.45    1.28500000   1.2850   0.2849   3.7950   4.3950   0.0000   0.0000
    6.45    1.44700000   1.4470   0.5292   3.8247   4.3210   0.0000   0.0000
    6.45    1.62900000   1.6290   0.7637   3.8597   4.2920   0.0000   0.0000
    6.45    1.83400000   1.8340   0.9872   3.9026   4.3110   0.0000   0.0000
    6.45    2.06500000   2.0650   1.2030   3.9473   4.3250   0.0000   0.0000
    6.45    2.32500000   2.3250   1.4116   3.9881   4.3300   0.0000   0.0000
    6.45    2.61800000   2.6180   1.6176   4.0274   4.3320   0.0000   0.0000
    6.45    2.94700000   2.9470   1.8196   4.0644   4.3290   0.0000   0.0000
    6.45    3.31800000   3.3180   2.0163   4.0993   4.3230   0.0000   0.0000
    6.45    3.73500000   3.7350   2.2120   4.1339   4.3170   0.0000   0.0000
    6.45    4.20600000   4.2060   2.4050   4.1681   4.3110   0.0000   0.0000
    6.45    4.73500000   4.7350   2.5941   4.2015   4.3070   0.0000   0.0000
    6.45    5.33100000   5.3310   2.7807   4.2334   4.2990   0.0000   0.0000
    6.45    6.00200000   6.0020   2.9650   4.2641   4.2870   0.0000   0.0000
    6.45    6.75700000   6.7570   3.1497   4.2948   4.2750   0.0000   0.0000
    6.45    7.60700000   7.6070   3.3292   4.3236   4.2610   0.0000   0.0000
    6.45    8.56500000   8.5640   3.5071   4.3515   4.2460   0.0000   0.0000
    6.45    9.64200000   9.6410   3.6814   4.3783   4.2300   0.0000   0.0000
    6.45   10.85600000  10.8530   3.8534   4.4042   4.2130   0.0000   0.0000
    6.45   12.22200000  12.2140   4.0259   4.4297   4.1940   0.0000   0.0000
    6.45   13.76000000  13.7410   4.1906   4.4532   4.1750   0.0000   0.0000
    6.45   15.49200000  15.4540   4.3543   4.4759   4.1530   0.0000   0.0000
    6.45   17.44200000  17.3790   4.5109   4.4961   4.1290   0.0000   0.0000
    6.45   19.63700000  19.5360   4.6701   4.5158   4.1000   0.0000   0.0000
    6.45   22.10800000  21.9100   4.8180   4.5327   4.0690   0.0000   0.0000
    6.45   24.89000000  24.5350   4.9646   4.5483   4.0340   0.0000   0.0000
    6.45   28.02300000  27.3720   5.0990   4.5614   3.9980   0.0000   0.0000
    6.45   31.54900000  30.4640   5.2338   4.5742   3.9580   0.0000   0.0000
    6.45   35.52000000  33.7220   5.3580   4.5853   3.9180   0.0000   0.0000
    6.45   39.99000000  37.1530   5.4807   4.5975   3.8810   0.0000   0.0000
    6.45   45.02300000  40.6490   5.5874   4.6147   3.8780   0.0000   0.0000
    6.45   50.68900000  44.1680   5.6924   4.6354   3.8890   0.0000   0.0000
    6.45   57.06800000  47.5690   5.7950   4.6597   3.9140   0.0000   0.0000
    6.45   64.25000000  50.9420   5.8861   4.6797   3.9310   0.0000   0.0000
    6.45   72.33600000  54.2920   5.9679   4.6922   3.9270   0.0000   9.0000
    6.45   81.43900000  57.2840   6.0459   4.7016   3.9100   0.0000   9.0000
    6.45   91.68900000  60.0120   6.1146   4.5095   3.8730   0.0000   9.0000
    6.45  103.22800000  62.2030   6.1752   4.4719   3.8010   0.0000   9.0000
    6.45  116.21900000  63.3030   6.2274   4.4396   3.6710   0.0000   9.0000
    6.45  130.84500000  63.3450   6.2726   4.4015   3.4820   0.0000   9.0000
    6.45  147.31200000  62.1290   6.3173   4.3700   3.2950   0.0000   0.0000
    6.45  151.59300000  61.6650   6.3301   4.3773   3.3730   0.0000   0.0000
    6.45  151.66800000  61.6580   6.3304   4.3781   3.3790   0.0000   0.0000
    6.45  151.74300000  61.6520   6.3307   4.3790   3.3860   0.0000   0.0000
    6.45  151.81800000  61.6450   6.3310   4.3798   3.3920   0.0000   0.0000
    6.45  151.89300000  61.6380   6.3313   4.3809   3.4000   0.0000   0.0000
    6.45  151.96800000  61.6310   6.3316   4.3820   3.4080   0.0000   0.0000
    6.45  152.04300000  61.6240   6.3320   4.3832   3.4160   0.0000   0.0000
    6.45  152.11800000  61.6170   6.3323   4.3843   3.4240   0.0000   0.0000
    6.45  152.19300000  61.6100   6.3328   4.3864   3.4380   0.0000   0.0000
    6.45  152.26800000  61.6030   6.3333   4.3886   3.4520   0.0000   0.0000
    6.45  152.34300000  61.5950   6.3338   4.3908   3.4660   0.0000   0.0000
    6.45  152.41900000  61.5880   6.3343   4.3930   3.4800   0.0000   0.0000
    6.45  152.49400000  61.5820   6.3365   4.4014   3.5170   0.0000   9.0000
    6.45  152.56900000  61.5760   6.3400   4.4148   3.5720   0.0000   9.0000
    6.45  152.64500000  61.5700   6.3435   4.4281   3.6270   0.0000   9.0000
    6.45  152.72000000  61.5650   6.3470   4.4415   3.6820   0.0000   9.0000
    6.45  152.79600000  61.5590   6.3505   4.4548   3.7370   0.0000   9.0000
    6.45  152.87100000  61.5530   6.3540   4.4681   3.7930   0.0000   9.0000
    6.45  152.94700000  61.5470   6.3575   4.4815   3.8480   0.0000   9.0000
    6.45  153.02200000  61.5420   6.3610   4.4948   3.9030   0.0000   9.0000
    6.45  153.09800000  61.5370   6.3651   4.5111   3.9650   0.0000   9.0000
    6.45  153.17300000  61.5390   6.3734   4.5411   4.0520   0.0000   9.0000
    6.45  153.24900000  61.5430   6.3792   4.5592   4.0990   0.0000   9.0000
    6.45  153.32500000  61.5470   6.3840   4.5277   4.0110   0.0000   9.0000
    6.45  153.40000000  61.5400   6.3948   4.3827   3.4810   0.0000   0.0000
    6.45  153.47600000  61.4090   6.4033   4.0972   2.7700   0.0000   0.0000
    6.45  153.55200000  61.1450   6.4123   4.0883   2.6520   0.0000   0.0000
    6.45  153.62800000  60.8680   6.4186   4.0839   2.6070   0.0000   0.0000
    6.45  153.70400000  60.5810   6.4218   4.0825   2.5970   0.0000   0.0000
    6.45  153.78000000  60.2690   6.4203   4.0824   2.6480   0.0000   0.0000
    6.45  153.85600000  59.9590   6.4188   4.0824   2.7010   0.0000   0.0000
    6.45  153.93200000  59.6510   6.4173   4.0823   2.7560   0.0000   0.0000
    6.45  154.00800000  59.3450   6.4158   4.0823   2.8110   0.0000   0.0000
    6.45  154.08400000  59.0400   6.4143   4.0823   2.8680   0.0000   0.0000
    6.45  154.16000000  58.7370   6.4128   4.0823   2.9260   0.0000   0.0000
    6.45  154.23600000  58.4210   6.4083   4.1057   3.1480   0.0000   0.0000
    6.45  154.31200000  58.1020   6.4029   4.1362   3.4210   0.0000   0.0000
    6.45  154.38900000  57.7840   6.3975   4.1666   3.6930   0.0000   0.0000
    6.45  154.46500000  57.4680   6.3921   4.1969   3.9640   0.0000   0.0000
    6.45  154.54100000  57.1540   6.3866   4.2270   4.2330   0.0000   0.0000
    6.45  154.61800000  56.8400   6.3812   4.2569   4.5010   0.0000   0.0000
    6.45  154.69400000  56.5540   6.3720   4.2685   4.5950   0.0000   0.0000
    6.45  154.77000000  56.2690   6.3626   4.2796   4.6850   0.0000   0.0000
    6.45  154.84700000  55.9860   6.3534   4.2906   4.7750   0.0000   0.0000
    6.45  154.92300000  55.7260   6.3485   4.2945   4.8050   0.0000   0.0000
    6.45  155.00000000  55.4720   6.3445   4.2968   4.8210   0.0000   0.0000
    6.45  155.07600000  55.2200   6.3405   4.2991   4.8380   0.0000   0.0000
    6.45  155.15300000  54.9670   6.3366   4.3014   4.8540   0.0000   0.0000
    6.45  155.23000000  54.7160   6.3326   4.3037   4.8700   0.0000   0.0000
    6.45  156.30700000  51.2870   6.2883   4.3221   4.9680   0.0000   0.0000
    6.45  161.00800000  47.7080   6.2594   4.5758   4.6330   0.0000   9.0000
    6.45  165.85100000  45.7320   6.2408   4.3769   3.8120   0.0000   0.0000
    6.45  170.83900000  44.1770   6.2306   4.5952   5.2510   0.0000   9.0000
    6.45  175.97800000  42.4050   6.2132   4.6131   5.4590   0.0000   9.0000
    6.45  181.27100000  40.3360   6.1914   4.5846   5.5030   0.0000   9.0000
    6.45  186.72300000  38.5910   6.1742   4.6429   5.5360   0.0000   9.0000
    6.45  192.34000000  37.5210   6.1665   4.6761   5.5520   0.0000   9.0000
    6.45  198.12500000  36.8960   6.1663   4.7113   5.5740   0.0000   9.0000
    6.45  204.08400000  35.5640   6.1538   4.7403   5.6000   0.0000   9.0000
    6.45  210.22300000  33.9800   6.1375   4.7687   5.6350   0.0000   9.0000
    6.45  216.54600000  32.5630   6.2004   4.8459   6.0600   0.0000   9.0000
# log(age) Mini Mact logl logt logg Composition Phase
    6.50    0.80000000   0.8000  -0.6632   3.6692   4.6340   0.0000   0.0000
    6.50    0.90100000   0.9010  -0.4220   3.7067   4.5940   0.0000   0.0000
    6.50    1.01400000   1.0140  -0.1767   3.7413   4.5390   0.0000   0.0000
    6.50    1.14200000   1.1420   0.0615   3.7707   4.4700   0.0000   0.0000
    6.50    1.28500000   1.2850   0.2849   3.7950   4.3950   0.0000   0.0000
    6.50    1.44700000   1.4470   0.5292   3.8248   4.3210   0.0000   0.0000
    6.50    1.62900000   1.6290   0.7637   3.8598   4.2920   0.0000   0.0000
    6.50    1.83400000   1.8340   0.9872   3.9026   4.3110   0.0000   0.0000
    6.50    2.06500000   2.0650   1.2030   3.9473   4.3250   0.0000   0.0000
    6.50    2.32500000   2.3250   1.4116   3.9881   4.3300   0.0000   0.0000
    6.50    2.61800000   2.6180   1.6176   4.0274   4.3320   0.0000   0.0000
    6.50    2.94700000   2.9470   1.8196   4.0644   4.3290   0.0000   0.0000
    6.50    3.31800000   3.3180   2.0163   4.0993   4.3230   0.0000   0.0000
    6.50    3.73500000   3.7350   2.2120   4.1339   4.3170   0.0000   0.0000
    6.50    4.20600000   4.2060   2.4050   4.1680   4.3110   0.0000   0.0000
    6.50    4.73500000   4.7350   2.5942   4.2015   4.3070   0.0000   0.0000
    6.50    5.33100000   5.3310   2.7814   4.2332   4.2960   0.0000   0.0000
    6.50    6.00200000   6.0020   2.9658   4.2639   4.2850   0.0000   0.0000
    6.50    6.75700000   6.7570   3.1511   4.2944   4.2720   0.0000   0.0000
    6.50    7.60700000   7.6070   3.3309   4.3232   4.2580   0.0000   0.0000
    6.50    8.56500000   8.5640   3.5095   4.3509   4.2410   0.0000   0.0000
    6.50    9.64200000   9.6410   3.6846   4.3776   4.2240   0.0000   0.0000
    6.50   10.85600000  10.8520   3.8576   4.4035   4.2060   0.0000   0.0000
    6.50   12.22200000  12.2130   4.0315   4.4290   4.1860   0.0000   0.0000
    6.50   13.76000000  13.7380   4.1975   4.4524   4.1650   0.0000   0.0000
    6.50   15.49200000  15.4490   4.3628   4.4749   4.1400   0.0000   0.0000
    6.50   17.44200000  17.3700   4.5212   4.4949   4.1140   0.0000   0.0000
    6.50   19.63700000  19.5210   4.6826   4.5142   4.0810   0.0000   0.0000
    6.50   22.10800000  21.8790   4.8321   4.5305   4.0460   0.0000   0.0000
    6.50   24.89000000  24.4780   4.9808   4.5456   4.0060   0.0000   0.0000
    6.50   28.02300000  27.2630   5.1168   4.5583   3.9650   0.0000   0.0000
    6.50   31.54900000  30.2770   5.2532   4.5707   3.9210   0.0000   0.0000
    6.50   35.52000000  33.4000   5.3787   4.5821   3.8780   0.0000   0.0000
    6.50   39.99000000  36.6230   5.5025   4.5957   3.8430   0.0000   0.0000
    6.50   45.02300000  39.8140   5.6093   4.6157   3.8490   0.0000   0.0000
    6.50   50.68900000  42.8910   5.7138   4.6393   3.8680   0.0000   0.0000
    6.50   57.06800000  45.6480   5.8148   4.6655   3.8980   0.0000   0.0000
    6.50   64.25000000  48.2240   5.9034   4.6829   3.9030   0.0000   9.0000
    6.50   72.33600000  50.5920   5.9813   4.6704   3.8790   0.0000   9.0000
    6.50   81.43900000  52.2740   6.0536   4.5117   3.8380   0.0000   9.0000
    6.50   91.68900000  53.2970   6.1146   4.4659   3.7460   0.0000   9.0000
    6.50  103.22800000  53.1860   6.1664   4.4230   3.5500   0.0000   9.0000
    6.50  114.39600000  51.6700   6.2128   4.4056   3.4820   0.0000   9.0000
    6.50  114.45300000  51.6590   6.2131   4.4062   3.4870   0.0000   9.0000
    6.50  114.50900000  51.6470   6.2135   4.4070   3.4920   0.0000   9.0000
    6.50  114.56600000  51.6350   6.2138   4.4079   3.4980   0.0000   9.0000
    6.50  114.62300000  51.6240   6.2141   4.4087   3.5030   0.0000   9.0000
    6.50  114.67900000  51.6120   6.2145   4.4098   3.5100   0.0000   9.0000
    6.50  114.73600000  51.6000   6.2149   4.4108   3.5160   0.0000   9.0000
    6.50  114.79300000  51.5880   6.2153   4.4119   3.5230   0.0000   9.0000
    6.50  114.84900000  51.5760   6.2157   4.4135   3.5320   0.0000   9.0000
    6.50  114.90600000  51.5640   6.2162   4.4151   3.5420   0.0000   9.0000
    6.50  114.96300000  51.5530   6.2166   4.4166   3.5510   0.0000   9.0000
    6.50  115.02000000  51.5410   6.2172   4.4192   3.5650   0.0000   9.0000
    6.50  115.07600000  51.5290   6.2179   4.4220   3.5800   0.0000   9.0000
    6.50  115.13300000  51.5170   6.2185   4.4248   3.5950   0.0000   9.0000
    6.50  115.19000000  51.5060   6.2204   4.4316   3.6250   0.0000   9.0000
    6.50  115.24700000  51.4960   6.2253   4.4493   3.6920   0.0000   9.0000
    6.50  115.30400000  51.4860   6.2303   4.4670   3.7600   0.0000   9.0000
    6.50  115.36100000  51.4770   6.2352   4.4846   3.8270   0.0000   9.0000
    6.50  115.41800000  51.4670   6.2401   4.5023   3.8950   0.0000   9.0000
    6.50  115.47500000  51.4570   6.2451   4.5199   3.9620   0.0000   9.0000
    6.50  115.53200000  51.4470   6.2501   4.5382   4.0310   0.0000   9.0000
    6.50  115.58900000  51.4460   6.2618   4.5834   4.1540   0.0000   9.0000
    6.50  115.64600000  51.4470   6.2690   4.5668   4.1000   0.0000   9.0000
    6.50  115.70300000  51.4330   6.2873   4.3734   3.4470   0.0000   0.0000
    6.50  115.76000000  51.2850   6.3029   4.0848   2.5290   0.0000   0.0000
    6.50  115.81800000  51.0090   6.3161   4.0510   2.2120   0.0000   0.0000
    6.50  115.87500000  50.7210   6.3243   4.0097   1.9450   0.0000   0.0000
    6.50  115.93200000  50.4290   6.3267   4.0073   1.9150   0.0000   0.0000
    6.50  115.98900000  50.1410   6.3260   4.0228   1.9840   0.0000   0.0000
    6.50  116.04700000  49.8560   6.3253   4.0383   2.0540   0.0000   0.0000
    6.50  116.10400000  49.5720   6.3245   4.0539   2.1240   0.0000   0.0000
    6.50  116.16100000  49.2900   6.3238   4.0695   2.1940   0.0000   0.0000
    6.50  116.21900000  49.0100   6.3230   4.0851   2.2640   0.0000   0.0000
    6.50  116.27600000  48.7310   6.3223   4.1008   2.3340   0.0000   0.0000
    6.50  116.33400000  48.4540   6.3215   4.1166   2.4040   0.0000   0.0000
    6.50  116.39100000  48.1780   6.3207   4.1323   2.4740   0.0000   0.0000
    6.50  116.44900000  47.9050   6.3200   4.1482   2.5450   0.0000   0.0000
    6.50  116.50600000  47.6330   6.3192   4.1640   2.6150   0.0000   0.0000
    6.50  116.56400000  47.5420   6.3159   4.2185   2.8270   0.0000   0.0000
    6.50  116.62100000  47.4810   6.3123   4.2791   3.0620   0.0000   0.0000
    6.50  116.67900000  47.4210   6.3086   4.3397   3.2970   0.0000   0.0000
    6.50  116.73700000  47.3610   6.3050   4.4004   3.5310   0.0000   9.0000
    6.50  116.79400000  47.3010   6.3013   4.4610   3.7650   0.0000   9.0000
    6.50  116.85200000  47.2130   6.2965   4.4983   3.9960   0.0000   9.0000
    6.50  116.91000000  46.9570   6.2848   4.4029   4.2090   0.0000   9.0000
    6.50  116.96700000  46.7030   6.2732   4.3071   4.4230   0.0000   0.0000
    6.50  117.02500000  46.4400   6.2632   4.2895   4.5350   0.0000   0.0000
    6.50  119.71400000  39.5290   6.1455   4.4644   4.1870   0.0000   9.0000
    6.50  123.31500000  37.1340   6.1221   4.5440   4.7850   0.0000   9.0000
    6.50  127.02400000  35.0340   6.0973   4.5581   5.2090   0.0000   9.0000
    6.50  130.84500000  31.9450   6.0521   4.5944   5.4930   0.0000   9.0000
    6.50  134.78000000  29.5080   6.0152   4.6363   5.5220   0.0000   9.0000
    6.50  138.83400000  27.8290   5.9913   4.6768   5.5340   0.0000   9.0000
    6.50  143.01000000  26.7330   5.9795   4.7197   5.5530   0.0000   9.0000
    6.50  147.31200000  26.0610   5.9811   4.7658   5.6020   0.0000   9.0000
# log(age) Mini Mact logl logt logg Composition Phase
    6.55    0.80000000   0.8000  -0.6632   3.6692   4.6340   0.0000   0.0000
    6.55    0.90100000   0.9010  -0.4220   3.7067   4.5940   0.0000   0.0000
    6.55    1.01400000   1.0140  -0.1767   3.7413   4.5390   0.0000   0.0000
    6.55    1.14200000   1.1420   0.0615   3.7707   4.4700   0.0000   0.0000
    6.55    1.28500000   1.2850   0.2850   3.7950   4.3950   0.0000   0.0000
    6.55    1.44700000   1.4470   0.5292   3.8248   4.3210   0.0000   0.0000
    6.55    1.62900000   1.6290   0.7637   3.8598   4.2920   0.0000   0.0000
    6.55    1.83400000   1.8340   0.9872   3.9026   4.3110   0.0000   0.0000
    6.55    2.06500000   2.0650   1.2030   3.9473   4.3250   0.0000   0.0000
    6.55    2.32500000   2.3250   1.4116   3.9881   4.3300   0.0000   0.0000
    6.55    2.61800000   2.6180   1.6176   4.0274   4.3320   0.0000   0.0000
    6.55    2.94700000   2.9470   1.8196   4.0643   4.3290   0.0000   0.0000
    6.55    3.31800000   3.3180   2.0163   4.0993   4.3230   0.0000   0.0000
    6.55    3.73500000   3.7350   2.2120   4.1339   4.3170   0.0000   0.0000
    6.55    4.20600000   4.2060   2.4050   4.1680   4.3110   0.0000   0.0000
    6.55    4.73500000   4.7350   2.5949   4.2012   4.3050   0.0000   0.0000
    6.55    5.33100000   5.3310   2.7822   4.2329   4.2940   0.0000   0.0000
    6.55    6.00200000   6.0020   2.9666   4.2637   4.2830   0.0000   0.0000
    6.55    6.75700000   6.7570   3.1526   4.2940   4.2690   0.0000   0.0000
    6.55    7.60700000   7.6070   3.3330   4.3226   4.2530   0.0000   0.0000
    6.55    8.56500000   8.5640   3.5124   4.3503   4.2360   0.0000   0.0000
    6.55    9.64200000   9.6410   3.6882   4.3770   4.2180   0.0000   0.0000
    6.55   10.85600000  10.8520   3.8624   4.4028   4.1990   0.0000   0.0000
    6.55   12.22200000  12.2120   4.0379   4.4282   4.1760   0.0000   0.0000
    6.55   13.76000000  13.7350   4.2055   4.4515   4.1530   0.0000   0.0000
    6.55   15.49200000  15.4420   4.3727   4.4739   4.1260   0.0000   0.0000
    6.55   17.44200000  17.3590   4.5333   4.4935   4.0960   0.0000   0.0000
    6.55   19.63700000  19.5040   4.6969   4.5123   4.0590   0.0000   0.0000
    6.55   22.10800000  21.8420   4.8489   4.5278   4.0180   0.0000   0.0000
    6.55   24.89000000  24.4090   4.9998   4.5424   3.9730   0.0000   0.0000
    6.55   28.02300000  27.1300   5.1377   4.5545   3.9270   0.0000   0.0000
    6.55   31.54900000  30.0440   5.2762   4.5663   3.8760   0.0000   0.0000
    6.55   35.52000000  32.9940   5.4032   4.5790   3.8330   0.0000   0.0000
    6.55   39.99000000  35.9470   5.5281   4.5949   3.8030   0.0000   0.0000
    6.55   45.02300000  38.7400   5.6348   4.6176   3.8170   0.0000   0.0000
    6.55   50.68900000  41.2290   5.7384   4.6420   3.8360   0.0000   0.0000
    6.55   57.06800000  43.1150   5.8368   4.6659   3.8520   0.0000   9.0000
    6.55   64.25000000  44.5850   5.9205   4.6364   3.8290   0.0000   9.0000
    6.55   72.33600000  45.5670   5.9927   4.4815   3.7680   0.0000   9.0000
    6.55   81.43900000  45.2620   6.0574   4.4426   3.6020   0.0000   9.0000
    6.55   88.48500000  44.1770   6.1025   4.4231   3.5250   0.0000   9.0000
    6.55   88.52900000  44.1690   6.1028   4.4235   3.5290   0.0000   9.0000
    6.55   88.57300000  44.1600   6.1032   4.4240   3.5320   0.0000   9.0000
    6.55   88.61600000  44.1520   6.1036   4.4247   3.5360   0.0000   9.0000
    6.55   88.66000000  44.1440   6.1039   4.4253   3.5400   0.0000   9.0000
    6.55   88.70400000  44.1360   6.1044   4.4261   3.5460   0.0000   9.0000
    6.55   88.74800000  44.1270   6.1048   4.4270   3.5520   0.0000   9.0000
    6.55   88.79200000  44.1190   6.1052   4.4280   3.5580   0.0000   9.0000
    6.55   88.83600000  44.1110   6.1057   4.4291   3.5650   0.0000   9.0000
    6.55   88.87900000  44.1020   6.1062   4.4303   3.5720   0.0000   9.0000
    6.55   88.92300000  44.0940   6.1068   4.4319   3.5820   0.0000   9.0000
    6.55   88.96700000  44.0850   6.1074   4.4336   3.5920   0.0000   9.0000
    6.55   89.01100000  44.0770   6.1080   4.4355   3.6030   0.0000   9.0000
    6.55   89.05500000  44.0680   6.1089   4.4383   3.6180   0.0000   9.0000
    6.55   89.09900000  44.0600   6.1097   4.4411   3.6330   0.0000   9.0000
    6.55   89.14300000  44.0510   6.1118   4.4475   3.6620   0.0000   9.0000
    6.55   89.18700000  44.0440   6.1182   4.4661   3.7350   0.0000   9.0000
    6.55   89.23100000  44.0370   6.1246   4.4848   3.8080   0.0000   9.0000
    6.55   89.27500000  44.0300   6.1309   4.5034   3.8810   0.0000   9.0000
    6.55   89.32000000  44.0230   6.1373   4.5221   3.9540   0.0000   9.0000
    6.55   89.36400000  44.0160   6.1437   4.5407   4.0270   0.0000   9.0000
    6.55   89.40800000  44.0140   6.1543   4.5704   4.1140   0.0000   9.0000
    6.55   89.45200000  44.0100   6.1652   4.4999   3.8870   0.0000   9.0000
    6.55   89.49600000  43.9910   6.1881   4.2743   2.9900   0.0000   0.0000
    6.55   89.54000000  43.8330   6.2042   3.9997   1.8690   0.0000   0.0000
    6.55   89.58500000  43.6160   6.2184   3.9611   1.3080   0.0000   0.0000
    6.55   89.62900000  43.3890   6.2289   3.9516   1.2400   0.0000   0.0000
    6.55   89.67300000  43.1440   6.2342   3.9489   1.2270   0.0000   0.0000
    6.55   89.71700000  42.8790   6.2348   3.9532   1.2780   0.0000   0.0000
    6.55   89.76200000  42.6150   6.2355   3.9575   1.3290   0.0000   0.0000
    6.55   89.80600000  42.3530   6.2361   3.9618   1.3800   0.0000   0.0000
    6.55   89.85000000  42.0930   6.2368   3.9662   1.4310   0.0000   0.0000
    6.55   89.89500000  41.8340   6.2374   3.9707   1.4820   0.0000   0.0000
    6.55   89.93900000  41.5770   6.2380   3.9751   1.5330   0.0000   0.0000
    6.55   89.98400000  41.3210   6.2386   3.9797   1.5850   0.0000   0.0000
    6.55   90.02800000  41.0680   6.2393   3.9842   1.6360   0.0000   0.0000
    6.55   90.07300000  40.8160   6.2399   3.9888   1.6880   0.0000   0.0000
    6.55   90.11700000  40.5650   6.2405   3.9935   1.7390   0.0000   0.0000
    6.55   90.16200000  40.3270   6.2383   4.0246   1.9270   0.0000   0.0000
    6.55   90.20600000  40.1010   6.2336   4.0783   2.2310   0.0000   0.0000
    6.55   90.25100000  39.8780   6.2290   4.1320   2.5350   0.0000   0.0000
    6.55   90.29500000  39.6560   6.2244   4.1858   2.8380   0.0000   0.0000
    6.55   90.34000000  39.4420   6.2161   4.1979   2.9460   0.0000   0.0000
    6.55   90.38500000  39.2290   6.2078   4.2096   3.0560   0.0000   0.0000
    6.55   90.42900000  39.1170   6.2020   4.2521   3.2380   0.0000   0.0000
    6.55   90.47400000  39.0520   6.1973   4.3092   3.4550   0.0000   0.0000
    6.55   90.51900000  38.9870   6.1926   4.3661   3.6710   0.0000   0.0000
    6.55   91.68900000  34.5530   6.0563   4.4334   4.9540   0.0000   9.0000
    6.55   94.44600000  30.9570   6.0062   4.5910   5.1370   0.0000   9.0000
    6.55   97.28700000  28.7660   5.9748   4.5730   5.2200   0.0000   9.0000
    6.55  100.21300000  25.8740   5.9222   4.6035   5.5040   0.0000   9.0000
    6.55  103.22800000  23.6460   5.8806   4.6536   5.5360   0.0000   9.0000
    6.55  106.33200000  22.2390   5.8574   4.7002   5.5550   0.0000   9.0000
    6.55  109.53100000  21.3960   5.8517   4.7504   5.5960   0.0000   9.0000
# log(age) Mini Mact logl logt logg Composition Phase
    6.60    0.80000000   0.8000  -0.6632   3.6692   4.6340   0.0000   0.0000
    6.60    0.90100000   0.9010  -0.4220   3.7067   4.5940   0.0000   0.0000
    6.60    1.01400000   1.0140  -0.1766   3.7413   4.5390   0.0000   0.0000
    6.60    1.14200000   1.1420   0.0616   3.7707   4.4700   0.0000   0.0000
    6.60    1.28500000   1.2850   0.2850   3.7950   4.3950   0.0000   0.0000
    6.60    1.44700000   1.4470   0.5292   3.8248   4.3210   0.0000   0.0000
    6.60    1.62900000   1.6290   0.7637   3.8598   4.2920   0.0000   0.0000
    6.60    1.83400000   1.8340   0.9872   3.9026   4.3110   0.0000   0.0000
    6.60    2.06500000   2.0650   1.2030   3.9473   4.3250   0.0000   0.0000
    6.60    2.32500000   2.3250   1.4116   3.9881   4.3300   0.0000   0.0000
    6.60    2.61800000   2.6180   1.6176   4.0274   4.3320   0.0000   0.0000
    6.60    2.94700000   2.9470   1.8196   4.0643   4.3290   0.0000   0.0000
    6.60    3.31800000   3.3180   2.0163   4.0993   4.3230   0.0000   0.0000
    6.60    3.73500000   3.7350   2.2120   4.1339   4.3170   0.0000   0.0000
    6.60    4.20600000   4.2060   2.4050   4.1680   4.3110   0.0000   0.0000
    6.60    4.73500000   4.7350   2.5956   4.2010   4.3030   0.0000   0.0000
    6.60    5.33100000   5.3310   2.7830   4.2327   4.2920   0.0000   0.0000
    6.60    6.00200000   6.0020   2.9680   4.2633   4.2800   0.0000   0.0000
    6.60    6.75700000   6.7570   3.1540   4.2936   4.2650   0.0000   0.0000
    6.60    7.60700000   7.6070   3.3352   4.3220   4.2490   0.0000   0.0000
    6.60    8.56500000   8.5640   3.5155   4.3497   4.2300   0.0000   0.0000
    6.60    9.64200000   9.6410   3.6923   4.3763   4.2110   0.0000   0.0000
    6.60   10.85600000  10.8510   3.8680   4.4021   4.1900   0.0000   0.0000
    6.60   12.22200000  12.2110   4.0451   4.4273   4.1660   0.0000   0.0000
    6.60   13.76000000  13.7310   4.2146   4.4505   4.1400   0.0000   0.0000
    6.60   15.49200000  15.4350   4.3841   4.4726   4.1100   0.0000   0.0000
    6.60   17.44200000  17.3470   4.5471   4.4918   4.0750   0.0000   0.0000
    6.60   19.63700000  19.4820   4.7141   4.5097   4.0310   0.0000   0.0000
    6.60   22.10800000  21.7970   4.8686   4.5245   3.9850   0.0000   0.0000
    6.60   24.89000000  24.3240   5.0221   4.5381   3.9330   0.0000   0.0000
    6.60   28.02300000  26.9640   5.1623   4.5495   3.8780   0.0000   0.0000
    6.60   31.54900000  29.7510   5.3033   4.5613   3.8210   0.0000   0.0000
    6.60   35.52000000  32.4730   5.4321   4.5761   3.7830   0.0000   0.0000
    6.60   39.99000000  35.0570   5.5583   4.5947   3.7590   0.0000   0.0000
    6.60   45.02300000  37.3120   5.6648   4.6166   3.7650   0.0000   0.0000
    6.60   50.68900000  38.9860   5.7663   4.6365   3.7620   0.0000   0.0000
    6.60   57.06800000  39.6160   5.8597   4.6522   3.7380   0.0000   9.0000
    6.60   64.25000000  39.4100   5.9380   4.4613   3.6370   0.0000   9.0000
    6.60   70.29300000  38.6030   5.9944   4.4374   3.5430   0.0000   9.0000
    6.60   70.32800000  38.5950   5.9948   4.4377   3.5460   0.0000   9.0000
    6.60   70.36300000  38.5870   5.9953   4.4380   3.5490   0.0000   9.0000
    6.60   70.39700000  38.5790   5.9957   4.4384   3.5520   0.0000   9.0000
    6.60   70.43200000  38.5710   5.9962   4.4389   3.5550   0.0000   9.0000
    6.60   70.46700000  38.5630   5.9966   4.4394   3.5590   0.0000   9.0000
    6.60   70.50200000  38.5550   5.9971   4.4400   3.5630   0.0000   9.0000
    6.60   70.53700000  38.5470   5.9976   4.4407   3.5680   0.0000   9.0000
    6.60   70.57100000  38.5390   5.9981   4.4416   3.5740   0.0000   9.0000
    6.60   70.60600000  38.5300   5.9987   4.4425   3.5800   0.0000   9.0000
    6.60   70.64100000  38.5220   5.9993   4.4436   3.5880   0.0000   9.0000
    6.60   70.67600000  38.5140   5.9999   4.4448   3.5960   0.0000   9.0000
    6.60   70.71100000  38.5050   6.0007   4.4465   3.6060   0.0000   9.0000
    6.60   70.74600000  38.4970   6.0015   4.4482   3.6170   0.0000   9.0000
    6.60   70.78100000  38.4880   6.0026   4.4510   3.6330   0.0000   9.0000
    6.60   70.81600000  38.4790   6.0038   4.4540   3.6510   0.0000   9.0000
    6.60   70.85100000  38.4710   6.0076   4.4632   3.6920   0.0000   9.0000
    6.60   70.88600000  38.4630   6.0162   4.4830   3.7760   0.0000   9.0000
    6.60   70.92100000  38.4540   6.0247   4.5027   3.8590   0.0000   9.0000
    6.60   70.95600000  38.4460   6.0332   4.5226   3.9430   0.0000   9.0000
    6.60   70.99100000  38.4390   6.0453   4.5496   4.0430   0.0000   9.0000
    6.60   71.02600000  38.4340   6.0537   4.5172   3.9310   0.0000   9.0000
    6.60   71.06100000  38.4190   6.0835   4.3282   3.1180   0.0000   0.0000
    6.60   71.09600000  38.3020   6.1048   3.9948   1.4750   0.0000   0.0000
    6.60   71.13100000  38.0570   6.1194   3.9178   0.7840   0.0000   0.0000
    6.60   71.16600000  37.7510   6.1320   3.9142   0.7510   0.0000   0.0000
    6.60   71.20200000  37.4210   6.1378   3.9138   0.7500   0.0000   0.0000
    6.60   71.23700000  37.0960   6.1391   3.9164   0.7810   0.0000   0.0000
    6.60   71.27200000  36.7740   6.1403   3.9190   0.8130   0.0000   0.0000
    6.60   71.30700000  36.4550   6.1415   3.9215   0.8450   0.0000   0.0000
    6.60   71.34200000  36.1390   6.1427   3.9241   0.8770   0.0000   0.0000
    6.60   71.37800000  35.8260   6.1440   3.9267   0.9090   0.0000   0.0000
    6.60   71.41300000  35.5160   6.1452   3.9293   0.9410   0.0000   0.0000
    6.60   71.44800000  35.2090   6.1464   3.9318   0.9730   0.0000   0.0000
    6.60   71.48300000  34.9050   6.1476   3.9344   1.0060   0.0000   0.0000
    6.60   71.51900000  34.6280   6.1465   3.9530   1.1210   0.0000   0.0000
    6.60   71.55400000  34.3720   6.1435   3.9840   1.3000   0.0000   0.0000
    6.60   71.58900000  34.1170   6.1405   4.0152   1.4810   0.0000   0.0000
    6.60   71.62500000  33.8640   6.1375   4.0464   1.6630   0.0000   0.0000
    6.60   71.66000000  33.6370   6.1328   4.0636   1.8270   0.0000   0.0000
    6.60   71.69600000  33.4130   6.1279   4.0796   1.9890   0.0000   0.0000
    6.60   71.73100000  33.1910   6.1230   4.0958   2.1510   0.0000   0.0000
    6.60   71.76600000  33.0410   6.1180   4.1469   2.3990   0.0000   0.0000
    6.60   71.80200000  32.9340   6.1129   4.2187   2.6980   0.0000   0.0000
    6.60   71.83700000  32.8270   6.1078   4.2905   2.9970   0.0000   0.0000
    6.60   71.87300000  32.7220   6.1027   4.3624   3.2950   0.0000   0.0000
    6.60   72.33600000  31.1390   6.0077   4.4025   4.8930   0.0000   9.0000
    6.60   74.51200000  25.9540   5.8942   4.5995   5.0910   0.0000   9.0000
    6.60   76.75300000  23.2840   5.8444   4.5913   5.4110   0.0000   9.0000
    6.60   79.06100000  20.2580   5.7729   4.6322   5.5370   0.0000   9.0000
    6.60   81.43900000  18.3380   5.7287   4.6909   5.5620   0.0000   9.0000
    6.60   83.88900000  17.2120   5.7108   4.7477   5.6070   0.0000   9.0000
# log(age) Mini Mact logl logt logg Composition Phase
    6.65    0.80000000   0.8000  -0.6631   3.6692   4.6340   0.0000   0.0000
    6.65    0.90100000   0.9010  -0.4219   3.7067   4.5940   0.0000   0.0000
    6.65    1.01400000   1.0140  -0.1766   3.7413   4.5390   0.0000   0.0000
    6.65    1.14200000   1.1420   0.0616   3.7707   4.4700   0.0000   0.0000
    6.65    1.28500000   1.2850   0.2850   3.7950   4.3950   0.0000   0.0000
    6.65    1.44700000   1.4470   0.5293   3.8248   4.3210   0.0000   0.0000
    6.65    1.62900000   1.6290   0.7637   3.8598   4.2920   0.0000   0.0000
    6.65    1.83400000   1.8340   0.9872   3.9027   4.3110   0.0000   0.0000
    6.65    2.06500000   2.0650   1.2030   3.9473   4.3250   0.0000   0.0000
    6.65    2.32500000   2.3250   1.4116   3.9881   4.3300   0.0000   0.0000
    6.65    2.61800000   2.6180   1.6176   4.0274   4.3320   0.0000   0.0000
    6.65    2.94700000   2.9470   1.8196   4.0643   4.3290   0.0000   0.0000
    6.65    3.31800000   3.3180   2.0162   4.0993   4.3230   0.0000   0.0000
    6.65    3.73500000   3.7350   2.2120   4.1339   4.3170   0.0000   0.0000
    6.65    4.20600000   4.2060   2.4055   4.1679   4.3100   0.0000   0.0000
    6.65    4.73500000   4.7350   2.5964   4.2008   4.3000   0.0000   0.0000
    6.65    5.33100000   5.3310   2.7838   4.2325   4.2900   0.0000   0.0000
    6.65    6.00200000   6.0020   2.9694   4.2629   4.2760   0.0000   0.0000
    6.65    6.75700000   6.7570   3.1561   4.2930   4.2610   0.0000   0.0000
    6.65    7.60700000   7.6070   3.3380   4.3214   4.2430   0.0000   0.0000
    6.65    8.56500000   8.5640   3.5190   4.3490   4.2240   0.0000   0.0000
    6.65    9.64200000   9.6410   3.6971   4.3756   4.2040   0.0000   0.0000
    6.65   10.85600000  10.8510   3.8744   4.4013   4.1810   0.0000   0.0000
    6.65   12.22200000  12.2090   4.0535   4.4264   4.1540   0.0000   0.0000
    6.65   13.76000000  13.7270   4.2251   4.4494   4.1250   0.0000   0.0000
    6.65   15.49200000  15.4270   4.3975   4.4710   4.0910   0.0000   0.0000
    6.65   17.44200000  17.3320   4.5634   4.4895   4.0500   0.0000   0.0000
    6.65   19.63700000  19.4570   4.7342   4.5064   3.9980   0.0000   0.0000
    6.65   22.10800000  21.7420   4.8918   4.5201   3.9440   0.0000   0.0000
    6.65   24.89000000  24.2190   5.0486   4.5325   3.8810   0.0000   0.0000
    6.65   28.02300000  26.7530   5.1916   4.5436   3.8200   0.0000   0.0000
    6.65   31.54900000  29.3740   5.3360   4.5559   3.7580   0.0000   0.0000
    6.65   35.52000000  31.7870   5.4668   4.5725   3.7210   0.0000   0.0000
    6.65   39.99000000  33.8460   5.5942   4.5890   3.6830   0.0000   0.0000
    6.65   45.02300000  35.3480   5.6997   4.6020   3.6480   0.0000   0.0000
    6.65   50.68900000  35.8140   5.7974   4.4970   3.5500   0.0000   9.0000
    6.65   56.67500000  34.5820   5.8871   4.4491   3.4760   0.0000   9.0000
    6.65   56.70300000  34.5710   5.8876   4.4494   3.4780   0.0000   9.0000
    6.65   56.73100000  34.5590   5.8880   4.4496   3.4810   0.0000   9.0000
    6.65   56.75900000  34.5480   5.8886   4.4499   3.4840   0.0000   9.0000
    6.65   56.78700000  34.5360   5.8891   4.4502   3.4870   0.0000   9.0000
    6.65   56.81500000  34.5240   5.8897   4.4505   3.4900   0.0000   9.0000
    6.65   56.84300000  34.5120   5.8902   4.4510   3.4940   0.0000   9.0000
    6.65   56.87100000  34.5000   5.8908   4.4514   3.4980   0.0000   9.0000
    6.65   56.89900000  34.4880   5.8914   4.4520   3.5020   0.0000   9.0000
    6.65   56.92700000  34.4760   5.8920   4.4526   3.5080   0.0000   9.0000
    6.65   56.95500000  34.4640   5.8927   4.4534   3.5130   0.0000   9.0000
    6.65   56.98300000  34.4520   5.8934   4.4543   3.5200   0.0000   9.0000
    6.65   57.01200000  34.4390   5.8941   4.4553   3.5270   0.0000   9.0000
    6.65   57.04000000  34.4270   5.8949   4.4566   3.5360   0.0000   9.0000
    6.65   57.06800000  34.4140   5.8958   4.4581   3.5460   0.0000   9.0000
    6.65   57.09600000  34.4020   5.8969   4.4601   3.5590   0.0000   9.0000
    6.65   57.12400000  34.3890   5.8983   4.4630   3.5770   0.0000   9.0000
    6.65   57.15300000  34.3760   5.9000   4.4665   3.5980   0.0000   9.0000
    6.65   57.18100000  34.3640   5.9082   4.4812   3.6670   0.0000   9.0000
    6.65   57.20900000  34.3510   5.9194   4.5013   3.7590   0.0000   9.0000
    6.65   57.23700000  34.3390   5.9306   4.5213   3.8500   0.0000   9.0000
    6.65   57.26600000  34.3270   5.9416   4.5339   3.9000   0.0000   9.0000
    6.65   57.29400000  34.3100   5.9714   4.3992   3.2810   0.0000   0.0000
    6.65   57.32200000  34.1930   5.9991   4.0330   1.6600   0.0000   0.0000
    6.65   57.35100000  33.9170   6.0148   3.8829   0.4380   0.0000   0.0000
    6.65   57.37900000  33.4330   6.0296   3.8764   0.3910   0.0000   0.0000
    6.65   57.40700000  32.9230   6.0357   3.8768   0.3800   0.0000   0.0000
    6.65   57.43600000  32.4670   6.0374   3.8822   0.3940   0.0000   0.0000
    6.65   57.46400000  32.0180   6.0391   3.8874   0.4070   0.0000   0.0000
    6.65   57.49200000  31.5770   6.0408   3.8927   0.4200   0.0000   0.0000
    6.65   57.52100000  31.1420   6.0425   3.8979   0.4340   0.0000   0.0000
    6.65   57.54900000  30.7140   6.0442   3.9031   0.4470   0.0000   0.0000
    6.65   57.57800000  30.2940   6.0459   3.9083   0.4600   0.0000   0.0000
    6.65   57.60600000  29.9950   6.0453   3.9227   0.5130   0.0000   0.0000
    6.65   57.63500000  29.7560   6.0437   3.9416   0.5870   0.0000   0.0000
    6.65   57.66300000  29.5180   6.0421   3.9605   0.6610   0.0000   0.0000
    6.65   57.69100000  29.2810   6.0404   3.9793   0.7360   0.0000   0.0000
    6.65   57.72000000  29.0190   6.0366   3.9831   0.9430   0.0000   0.0000
    6.65   57.74800000  28.7590   6.0327   3.9869   1.1500   0.0000   0.0000
    6.65   57.77700000  28.5030   6.0289   3.9907   1.3570   0.0000   0.0000
    6.65   57.80600000  28.2520   6.0247   4.0019   1.5790   0.0000   0.0000
    6.65   57.83400000  28.0290   6.0178   4.0739   1.9200   0.0000   0.0000
    6.65   57.86300000  27.8080   6.0108   4.1460   2.2610   0.0000   0.0000
    6.65   57.89100000  27.5910   6.0039   4.2183   2.6030   0.0000   0.0000
    6.65   57.92000000  27.3750   5.9969   4.2908   2.9460   0.0000   0.0000
    6.65   57.94800000  27.3200   5.9937   4.3326   3.1230   0.0000   0.0000
    6.65   58.78400000  24.0710   5.8326   4.4763   5.1550   0.0000   9.0000
    6.65   60.55300000  20.8680   5.7651   4.6042   5.4160   0.0000   9.0000
    6.65   62.37400000  17.9650   5.6870   4.6150   5.5190   0.0000   9.0000
    6.65   64.25000000  15.8590   5.6253   4.6806   5.5650   0.0000   9.0000
    6.65   66.18300000  14.6690   5.5974   4.7383   5.6070   0.0000   9.0000
# log(age) Mini Mact logl logt logg Composition Phase
    6.70    0.80000000   0.8000  -0.6631   3.6691   4.6340   0.0000   0.0000
    6.70    0.90100000   0.9010  -0.4219   3.7067   4.5940   0.0000   0.0000
    6.70    1.01400000   1.0140  -0.1766   3.7413   4.5390   0.0000   0.0000
    6.70    1.14200000   1.1420   0.0616   3.7707   4.4700   0.0000   0.0000
    6.70    1.28500000   1.2850   0.2850   3.7950   4.3950   0.0000   0.0000
    6.70    1.44700000   1.4470   0.5293   3.8248   4.3210   0.0000   0.0000
    6.70    1.62900000   1.6290   0.7637   3.8598   4.2920   0.0000   0.0000
    6.70    1.83400000   1.8340   0.9872   3.9027   4.3110   0.0000   0.0000
    6.70    2.06500000   2.0650   1.2030   3.9473   4.3250   0.0000   0.0000
    6.70    2.32500000   2.3250   1.4116   3.9881   4.3300   0.0000   0.0000
    6.70    2.61800000   2.6180   1.6175   4.0274   4.3320   0.0000   0.0000
    6.70    2.94700000   2.9470   1.8195   4.0643   4.3290   0.0000   0.0000
    6.70    3.31800000   3.3180   2.0162   4.0993   4.3230   0.0000   0.0000
    6.70    3.73500000   3.7350   2.2120   4.1339   4.3170   0.0000   0.0000
    6.70    4.20600000   4.2060   2.4062   4.1676   4.3080   0.0000   0.0000
    6.70    4.73500000   4.7350   2.5971   4.2005   4.2980   0.0000   0.0000
    6.70    5.33100000   5.3310   2.7849   4.2321   4.2870   0.0000   0.0000
    6.70    6.00200000   6.0020   2.9708   4.2625   4.2730   0.0000   0.0000
    6.70    6.75700000   6.7570   3.1581   4.2925   4.2560   0.0000   0.0000
    6.70    7.60700000   7.6070   3.3410   4.3207   4.2380   0.0000   0.0000
    6.70    8.56500000   8.5640   3.5231   4.3483   4.2170   0.0000   0.0000
    6.70    9.64200000   9.6400   3.7026   4.3748   4.1950   0.0000   0.0000
    6.70   10.85600000  10.8500   3.8817   4.4004   4.1700   0.0000   0.0000
    6.70   12.22200000  12.2080   4.0630   4.4254   4.1400   0.0000   0.0000
    6.70   13.76000000  13.7220   4.2374   4.4480   4.1080   0.0000   0.0000
    6.70   15.49200000  15.4170   4.4129   4.4691   4.0670   0.0000   0.0000
    6.70   17.44200000  17.3140   4.5825   4.4867   4.0200   0.0000   0.0000
    6.70   19.63700000  19.4250   4.7581   4.5020   3.9570   0.0000   0.0000
    6.70   22.10800000  21.6720   4.9195   4.5142   3.8910   0.0000   0.0000
    6.70   24.89000000  24.0860   5.0801   4.5244   3.8140   0.0000   0.0000
    6.70   28.02300000  26.4810   5.2270   4.5359   3.7460   0.0000   0.0000
    6.70   31.54900000  28.8750   5.3753   4.5493   3.6810   0.0000   0.0000
    6.70   35.52000000  30.8530   5.5086   4.5641   3.6300   0.0000   0.0000
    6.70   39.99000000  32.1780   5.6380   4.5586   3.4950   0.0000   0.0000
    6.70   45.02300000  32.6690   5.7442   4.4743   3.2670   0.0000   9.0000
    6.70   46.95300000  32.4510   5.7841   4.4558   3.2320   0.0000   9.0000
    6.70   46.97600000  32.4450   5.7847   4.4561   3.2340   0.0000   9.0000
    6.70   46.99900000  32.4390   5.7852   4.4564   3.2360   0.0000   9.0000
    6.70   47.02300000  32.4320   5.7858   4.4568   3.2380   0.0000   9.0000
    6.70   47.04600000  32.4260   5.7864   4.4572   3.2410   0.0000   9.0000
    6.70   47.06900000  32.4200   5.7870   4.4577   3.2440   0.0000   9.0000
    6.70   47.09200000  32.4140   5.7876   4.4583   3.2470   0.0000   9.0000
    6.70   47.11600000  32.4070   5.7883   4.4589   3.2510   0.0000   9.0000
    6.70   47.13900000  32.4010   5.7889   4.4596   3.2550   0.0000   9.0000
    6.70   47.16200000  32.3940   5.7897   4.4604   3.2590   0.0000   9.0000
    6.70   47.18600000  32.3880   5.7904   4.4613   3.2640   0.0000   9.0000
    6.70   47.20900000  32.3810   5.7912   4.4624   3.2700   0.0000   9.0000
    6.70   47.23200000  32.3740   5.7920   4.4637   3.2770   0.0000   9.0000
    6.70   47.25600000  32.3680   5.7929   4.4652   3.2850   0.0000   9.0000
    6.70   47.27900000  32.3610   5.7940   4.4671   3.2940   0.0000   9.0000
    6.70   47.30200000  32.3540   5.7952   4.4694   3.3060   0.0000   9.0000
    6.70   47.32600000  32.3470   5.7967   4.4721   3.3190   0.0000   9.0000
    6.70   47.34900000  32.3400   5.7989   4.4764   3.3390   0.0000   9.0000
    6.70   47.37200000  32.3330   5.8051   4.4860   3.3800   0.0000   9.0000
    6.70   47.39600000  32.3260   5.8158   4.5018   3.4440   0.0000   9.0000
    6.70   47.41900000  32.3190   5.8265   4.5177   3.5090   0.0000   9.0000
    6.70   47.44300000  32.3130   5.8347   4.5148   3.4950   0.0000   9.0000
    6.70   47.46600000  32.2970   5.8617   4.3826   2.9300   0.0000   0.0000
    6.70   47.48900000  32.0900   5.8821   4.1095   1.7800   0.0000   0.0000
    6.70   47.51300000  31.7940   5.8934   3.8387   0.3550   0.0000   0.0000
    6.70   47.53600000  31.0720   5.9072   3.8166   0.2430   0.0000   0.0000
    6.70   47.56000000  30.2630   5.9167   3.8131   0.2070   0.0000   0.0000
    6.70   47.58300000  29.6520   5.9184   3.8256   0.2470   0.0000   0.0000
    6.70   47.60700000  29.0540   5.9200   3.8382   0.2870   0.0000   0.0000
    6.70   47.63000000  28.4690   5.9217   3.8507   0.3260   0.0000   0.0000
    6.70   47.65400000  27.8970   5.9233   3.8631   0.3660   0.0000   0.0000
    6.70   47.67800000  27.3370   5.9250   3.8756   0.4050   0.0000   0.0000
    6.70   47.70100000  26.7900   5.9266   3.8879   0.4440   0.0000   0.0000
    6.70   47.72500000  26.5130   5.9254   3.9078   0.5200   0.0000   0.0000
    6.70   47.74800000  26.3150   5.9234   3.9298   0.6070   0.0000   0.0000
    6.70   47.77200000  26.0650   5.9205   3.9452   0.7030   0.0000   0.0000
    6.70   47.79500000  25.7240   5.9162   3.9490   0.8140   0.0000   0.0000
    6.70   47.81900000  25.3880   5.9119   3.9528   0.9270   0.0000   0.0000
    6.70   47.84300000  25.0570   5.9076   3.9566   1.0400   0.0000   0.0000
    6.70   47.86600000  24.7190   5.9020   3.9859   1.2060   0.0000   0.0000
    6.70   47.89000000  24.3800   5.8958   4.0284   1.4020   0.0000   0.0000
    6.70   47.91400000  24.0460   5.8895   4.0711   1.5980   0.0000   0.0000
    6.70   47.93700000  23.7170   5.8833   4.1140   1.7940   0.0000   0.0000
    6.70   47.96100000  23.5240   5.8801   4.1415   1.9220   0.0000   0.0000
    6.70   47.98500000  23.4350   5.8792   4.1569   1.9950   0.0000   0.0000
    6.70   48.00800000  23.3460   5.8784   4.1724   2.0690   0.0000   0.0000
    6.70   49.20900000  20.0030   5.7167   4.5599   4.3900   0.0000   9.0000
    6.70   50.68900000  17.9850   5.6782   4.6107   4.9440   0.0000   9.0000
    6.70   52.21300000  14.7270   5.5716   4.6377   5.2580   0.0000   9.0000
    6.70   53.78400000  13.1020   5.5251   4.7501   5.6280   0.0000   9.0000
# log(age) Mini Mact logl logt logg Composition Phase
    6.75    0.80000000   0.8000  -0.6631   3.6691   4.6340   0.0000   0.0000
    6.75    0.90100000   0.9010  -0.4219   3.7067   4.5940   0.0000   0.0000
    6.75    1.01400000   1.0140  -0.1765   3.7413   4.5390   0.0000   0.0000
    6.75    1.14200000   1.1420   0.0616   3.7707   4.4700   0.0000   0.0000
    6.75    1.28500000   1.2850   0.2850   3.7950   4.3950   0.0000   0.0000
    6.75    1.44700000   1.4470   0.5293   3.8248   4.3210   0.0000   0.0000
    6.75    1.62900000   1.6290   0.7637   3.8598   4.2920   0.0000   0.0000
    6.75    1.83400000   1.8340   0.9872   3.9027   4.3110   0.0000   0.0000
    6.75    2.06500000   2.0650   1.2030   3.9473   4.3250   0.0000   0.0000
    6.75    2.32500000   2.3250   1.4116   3.9881   4.3300   0.0000   0.0000
    6.75    2.61800000   2.6180   1.6175   4.0274   4.3320   0.0000   0.0000
    6.75    2.94700000   2.9470   1.8195   4.0643   4.3290   0.0000   0.0000
    6.75    3.31800000   3.3180   2.0162   4.0993   4.3230   0.0000   0.0000
    6.75    3.73500000   3.7350   2.2122   4.1338   4.3160   0.0000   0.0000
    6.75    4.20600000   4.2060   2.4069   4.1674   4.3060   0.0000   0.0000
    6.75    4.73500000   4.7350   2.5978   4.2003   4.2960   0.0000   0.0000
    6.75    5.33100000   5.3310   2.7863   4.2317   4.2840   0.0000   0.0000
    6.75    6.00200000   6.0020   2.9726   4.2620   4.2690   0.0000   0.0000
    6.75    6.75700000   6.7570   3.1607   4.2918   4.2510   0.0000   0.0000
    6.75    7.60700000   7.6070   3.3444   4.3200   4.2320   0.0000   0.0000
    6.75    8.56500000   8.5640   3.5278   4.3476   4.2100   0.0000   0.0000
    6.75    9.64200000   9.6400   3.7090   4.3740   4.1860   0.0000   0.0000
    6.75   10.85600000  10.8490   3.8900   4.3994   4.1580   0.0000   0.0000
    6.75   12.22200000  12.2050   4.0742   4.4241   4.1250   0.0000   0.0000
    6.75   13.76000000  13.7170   4.2516   4.4464   4.0870   0.0000   0.0000
    6.75   15.49200000  15.4040   4.4311   4.4667   4.0400   0.0000   0.0000
    6.75   17.44200000  17.2920   4.6051   4.4829   3.9820   0.0000   0.0000
    6.75   19.63700000  19.3860   4.7866   4.4961   3.9050   0.0000   0.0000
    6.75   22.10800000  21.5840   4.9527   4.5060   3.8240   0.0000   0.0000
    6.75   24.89000000  23.9170   5.1185   4.5141   3.7300   0.0000   0.0000
    6.75   28.02300000  26.1220   5.2701   4.5256   3.6520   0.0000   0.0000
    6.75   31.54900000  28.1930   5.4234   4.5387   3.5760   0.0000   0.0000
    6.75   35.52000000  29.5860   5.5613   4.5282   3.4140   0.0000   0.0000
    6.75   39.09200000  30.3090   5.6782   4.4591   3.0310   0.0000   0.0000
    6.75   39.11100000  30.3130   5.6790   4.4589   3.0290   0.0000   0.0000
    6.75   39.13000000  30.3160   5.6797   4.4589   3.0290   0.0000   0.0000
    6.75   39.15000000  30.3200   5.6805   4.4591   3.0290   0.0000   0.0000
    6.75   39.16900000  30.3230   5.6813   4.4593   3.0290   0.0000   0.0000
    6.75   39.18800000  30.3270   5.6821   4.4597   3.0290   0.0000   0.0000
    6.75   39.20800000  30.3300   5.6829   4.4601   3.0300   0.0000   0.0000
    6.75   39.22700000  30.3330   5.6837   4.4606   3.0320   0.0000   0.0000
    6.75   39.24600000  30.3370   5.6846   4.4613   3.0330   0.0000   0.0000
    6.75   39.26600000  30.3400   5.6855   4.4621   3.0360   0.0000   0.0000
    6.75   39.28500000  30.3430   5.6864   4.4630   3.0390   0.0000   0.0000
    6.75   39.30500000  30.3460   5.6874   4.4642   3.0420   0.0000   0.0000
    6.75   39.32400000  30.3490   5.6884   4.4656   3.0470   0.0000   0.0000
    6.75   39.34300000  30.3520   5.6895   4.4673   3.0530   0.0000   0.0000
    6.75   39.36300000  30.3550   5.6908   4.4694   3.0600   0.0000   0.0000
    6.75   39.38200000  30.3570   5.6923   4.4720   3.0690   0.0000   0.0000
    6.75   39.40200000  30.3600   5.6940   4.4755   3.0810   0.0000   0.0000
    6.75   39.42100000  30.3620   5.6963   4.4801   3.0970   0.0000   0.0000
    6.75   39.44100000  30.3630   5.6999   4.4867   3.1200   0.0000   0.0000
    6.75   39.46000000  30.3640   5.7119   4.5009   3.1650   0.0000   0.0000
    6.75   39.48000000  30.3640   5.7262   4.5171   3.2160   0.0000   0.0000
    6.75   39.49900000  30.3640   5.7419   4.4347   2.8700   0.0000   0.0000
    6.75   39.51900000  30.1200   5.7696   4.1733   1.7940   0.0000   0.0000
    6.75   39.53800000  29.5660   5.7783   3.7823   0.2120   0.0000   0.0000
    6.75   39.55800000  28.1790   5.7989   3.7457   0.0250   0.0000   0.0000
    6.75   39.57700000  27.1510   5.8018   3.7694   0.1010   0.0000   0.0000
    6.75   39.59700000  26.1880   5.8040   3.7951   0.1850   0.0000   0.0000
    6.75   39.61600000  25.2580   5.8061   3.8209   0.2710   0.0000   0.0000
    6.75   39.63600000  24.3590   5.8083   3.8468   0.3570   0.0000   0.0000
    6.75   39.65600000  23.6720   5.8086   3.8765   0.4620   0.0000   0.0000
    6.75   39.67500000  23.3230   5.8037   3.9048   0.5740   0.0000   0.0000
    6.75   39.69500000  22.7610   5.7972   3.9122   0.6000   0.0000   0.0000
    6.75   39.71400000  22.2130   5.7907   3.9193   0.6240   0.0000   0.0000
    6.75   39.73400000  21.6380   5.7833   3.9352   0.6840   0.0000   0.0000
    6.75   39.75400000  21.0640   5.7757   3.9538   0.7540   0.0000   0.0000
    6.75   39.77300000  20.5040   5.7681   3.9724   0.8240   0.0000   0.0000
    6.75   39.79300000  20.2940   5.7672   3.9767   0.8550   0.0000   0.0000
    6.75   39.81300000  20.1460   5.7675   3.9784   0.8780   0.0000   0.0000
    6.75   39.83200000  19.9990   5.7678   3.9801   0.9020   0.0000   0.0000
    6.75   39.85200000  19.8530   5.7680   3.9819   0.9260   0.0000   0.0000
    6.75   39.87200000  19.7080   5.7683   3.9836   0.9500   0.0000   0.0000
    6.75   39.89100000  19.5720   5.7668   3.9875   0.9810   0.0000   0.0000
    6.75   39.91100000  19.4460   5.7634   3.9936   1.0190   0.0000   0.0000
    6.75   39.93100000  19.3200   5.7600   3.9996   1.0580   0.0000   0.0000
    6.75   39.95000000  19.1970   5.7556   4.0057   1.0770   0.0000   0.0000
    6.75   39.99000000  18.9600   5.7464   4.0217   1.1700   0.0000   0.0000
    6.75   41.19300000  17.6380   5.6395   4.5249   4.0010   0.0000   9.0000
    6.75   42.43200000  15.4630   5.5874   4.4558   4.4300   0.0000   9.0000
    6.75   43.70800000  12.9750   5.5026   4.7290   5.5990   0.0000   9.0000
# log(age) Mini Mact logl logt logg Composition Phase
    6.80    0.80000000   0.8000  -0.6631   3.6691   4.6340   0.0000   0.0000
    6.80    0.90100000   0.9010  -0.4219   3.7066   4.5940   0.0000   0.0000
    6.80    1.01400000   1.0140  -0.1765   3.7413   4.5390   0.0000   0.0000
    6.80    1.14200000   1.1420   0.0617   3.7707   4.4700   0.0000   0.0000
    6.80    1.28500000   1.2850   0.2851   3.7950   4.3950   0.0000   0.0000
    6.80    1.44700000   1.4470   0.5294   3.8248   4.3210   0.0000   0.0000
    6.80    1.62900000   1.6290   0.7637   3.8598   4.2920   0.0000   0.0000
    6.80    1.83400000   1.8340   0.9872   3.9027   4.3110   0.0000   0.0000
    6.80    2.06500000   2.0650   1.2030   3.9473   4.3250   0.0000   0.0000
    6.80    2.32500000   2.3250   1.4115   3.9881   4.3300   0.0000   0.0000
    6.80    2.61800000   2.6180   1.6175   4.0274   4.3320   0.0000   0.0000
    6.80    2.94700000   2.9470   1.8195   4.0643   4.3280   0.0000   0.0000
    6.80    3.31800000   3.3180   2.0162   4.0993   4.3230   0.0000   0.0000
    6.80    3.73500000   3.7350   2.2128   4.1336   4.3140   0.0000   0.0000
    6.80    4.20600000   4.2060   2.4076   4.1672   4.3040   0.0000   0.0000
    6.80    4.73500000   4.7350   2.5987   4.2000   4.2940   0.0000   0.0000
    6.80    5.33100000   5.3310   2.7876   4.2314   4.2810   0.0000   0.0000
    6.80    6.00200000   6.0020   2.9746   4.2614   4.2650   0.0000   0.0000
    6.80    6.75700000   6.7570   3.1636   4.2911   4.2460   0.0000   0.0000
    6.80    7.60700000   7.6070   3.3484   4.3193   4.2250   0.0000   0.0000
    6.80    8.56500000   8.5640   3.5332   4.3468   4.2010   0.0000   0.0000
    6.80    9.64200000   9.6400   3.7162   4.3731   4.1750   0.0000   0.0000
    6.80   10.85600000  10.8480   3.8996   4.3983   4.1450   0.0000   0.0000
    6.80   12.22200000  12.2030   4.0870   4.4226   4.1060   0.0000   0.0000
    6.80   13.76000000  13.7100   4.2682   4.4444   4.0630   0.0000   0.0000
    6.80   15.49200000  15.3890   4.4527   4.4635   4.0060   0.0000   0.0000
    6.80   17.44200000  17.2640   4.6322   4.4779   3.9350   0.0000   0.0000
    6.80   19.63700000  19.3360   4.8211   4.4876   3.8370   0.0000   0.0000
    6.80   22.10800000  21.4720   4.9934   4.4944   3.7340   0.0000   0.0000
    6.80   24.89000000  23.6980   5.1661   4.4993   3.6160   0.0000   0.0000
    6.80   28.02300000  25.6400   5.3238   4.5078   3.5140   0.0000   0.0000
    6.80   31.54900000  27.2710   5.4856   4.5020   3.3500   0.0000   0.0000
    6.80   34.07600000  27.9800   5.5877   4.4556   3.0730   0.0000   0.0000
    6.80   34.09300000  27.9840   5.5885   4.4558   3.0730   0.0000   0.0000
    6.80   34.11000000  27.9880   5.5893   4.4558   3.0720   0.0000   0.0000
    6.80   34.12700000  27.9920   5.5901   4.4560   3.0720   0.0000   0.0000
    6.80   34.14400000  27.9960   5.5909   4.4562   3.0720   0.0000   0.0000
    6.80   34.16100000  28.0000   5.5917   4.4566   3.0730   0.0000   0.0000
    6.80   34.17700000  28.0040   5.5926   4.4570   3.0740   0.0000   0.0000
    6.80   34.19400000  28.0080   5.5934   4.4575   3.0750   0.0000   0.0000
    6.80   34.21100000  28.0120   5.5943   4.4580   3.0760   0.0000   0.0000
    6.80   34.22800000  28.0160   5.5952   4.4587   3.0780   0.0000   0.0000
    6.80   34.24500000  28.0200   5.5962   4.4596   3.0810   0.0000   0.0000
    6.80   34.26200000  28.0230   5.5972   4.4607   3.0840   0.0000   0.0000
    6.80   34.27900000  28.0270   5.5983   4.4619   3.0880   0.0000   0.0000
    6.80   34.29600000  28.0310   5.5994   4.4638   3.0940   0.0000   0.0000
    6.80   34.31300000  28.0340   5.6008   4.4659   3.1010   0.0000   0.0000
    6.80   34.33000000  28.0370   5.6023   4.4685   3.1100   0.0000   0.0000
    6.80   34.34700000  28.0400   5.6041   4.4719   3.1220   0.0000   0.0000
    6.80   34.36400000  28.0430   5.6065   4.4767   3.1390   0.0000   0.0000
    6.80   34.38100000  28.0460   5.6103   4.4835   3.1630   0.0000   0.0000
    6.80   34.39800000  28.0470   5.6240   4.4991   3.2110   0.0000   0.0000
    6.80   34.41500000  28.0480   5.6391   4.5150   3.2600   0.0000   0.0000
    6.80   34.43200000  28.0440   5.6618   4.3911   2.7420   0.0000   0.0000
    6.80   34.44900000  27.7970   5.6885   4.0977   1.5370   0.0000   0.0000
    6.80   34.46600000  27.2430   5.6925   3.7321   0.0620   0.0000   0.0000
    6.80   34.48300000  26.3820   5.7108   3.7084  -0.0650   0.0000   0.0000
    6.80   34.50000000  25.6750   5.7143   3.7165  -0.0480   0.0000   0.0000
    6.80   34.51700000  24.9850   5.7178   3.7246  -0.0310   0.0000   0.0000
    6.80   34.53400000  24.3120   5.7213   3.7329  -0.0130   0.0000   0.0000
    6.80   34.55100000  23.6550   5.7248   3.7413   0.0050   0.0000   0.0000
    6.80   34.56800000  23.0920   5.7254   3.7513   0.0340   0.0000   0.0000
    6.80   34.58500000  22.5830   5.7245   3.7621   0.0690   0.0000   0.0000
    6.80   34.60200000  22.0690   5.7228   3.7878   0.1630   0.0000   0.0000
    6.80   34.61900000  21.5520   5.7203   3.8251   0.3050   0.0000   0.0000
    6.80   34.63600000  21.0470   5.7178   3.8622   0.4450   0.0000   0.0000
    6.80   34.65300000  20.7120   5.7149   3.8802   0.5130   0.0000   0.0000
    6.80   34.67000000  20.4130   5.7117   3.8942   0.5660   0.0000   0.0000
    6.80   34.68800000  20.1270   5.7088   3.9075   0.6170   0.0000   0.0000
    6.80   34.70500000  19.9920   5.7090   3.9105   0.6360   0.0000   0.0000
    6.80   34.72200000  19.8580   5.7091   3.9134   0.6560   0.0000   0.0000
    6.80   34.73900000  19.7250   5.7093   3.9164   0.6760   0.0000   0.0000
    6.80   34.75600000  19.6000   5.7090   3.9196   0.6940   0.0000   0.0000
    6.80   34.77300000  19.4870   5.7082   3.9232   0.7100   0.0000   0.0000
    6.80   34.79100000  19.3730   5.7074   3.9269   0.7260   0.0000   0.0000
    6.80   34.80800000  19.2610   5.7065   3.9305   0.7420   0.0000   0.0000
    6.80   35.52000000  15.9190   5.5789   4.4930   3.7520   0.0000   9.0000
    6.80   36.58800000  13.5830   5.5132   4.4215   4.7130   0.0000   9.0000
# log(age) Mini Mact logl logt logg Composition Phase
    6.85    0.80000000   0.8000  -0.6631   3.6691   4.6340   0.0000   0.0000
    6.85    0.90100000   0.9010  -0.4219   3.7066   4.5940   0.0000   0.0000
    6.85    1.01400000   1.0140  -0.1765   3.7413   4.5390   0.0000   0.0000
    6.85    1.14200000   1.1420   0.0617   3.7707   4.4700   0.0000   0.0000
    6.85    1.28500000   1.2850   0.2851   3.7950   4.3950   0.0000   0.0000
    6.85    1.44700000   1.4470   0.5294   3.8248   4.3210   0.0000   0.0000
    6.85    1.62900000   1.6290   0.7637   3.8598   4.2920   0.0000   0.0000
    6.85    1.83400000   1.8340   0.9872   3.9027   4.3110   0.0000   0.0000
    6.85    2.06500000   2.0650   1.2030   3.9473   4.3250   0.0000   0.0000
    6.85    2.32500000   2.3250   1.4115   3.9881   4.3300   0.0000   0.0000
    6.85    2.61800000   2.6180   1.6175   4.0274   4.3320   0.0000   0.0000
    6.85    2.94700000   2.9470   1.8195   4.0643   4.3280   0.0000   0.0000
    6.85    3.31800000   3.3180   2.0162   4.0993   4.3230   0.0000   0.0000
    6.85    3.73500000   3.7350   2.2135   4.1334   4.3120   0.0000   0.0000
    6.85    4.20600000   4.2060   2.4082   4.1670   4.3020   0.0000   0.0000
    6.85    4.73500000   4.7350   2.6000   4.1996   4.2910   0.0000   0.0000
    6.85    5.33100000   5.3310   2.7892   4.2309   4.2770   0.0000   0.0000
    6.85    6.00200000   6.0020   2.9769   4.2608   4.2600   0.0000   0.0000
    6.85    6.75700000   6.7570   3.1669   4.2904   4.2390   0.0000   0.0000
    6.85    7.60700000   7.6070   3.3529   4.3185   4.2170   0.0000   0.0000
    6.85    8.56500000   8.5640   3.5394   4.3460   4.1920   0.0000   0.0000
    6.85    9.64200000   9.6390   3.7244   4.3721   4.1630   0.0000   0.0000
    6.85   10.85600000  10.8470   3.9107   4.3971   4.1290   0.0000   0.0000
    6.85   12.22200000  12.2000   4.1020   4.4210   4.0850   0.0000   0.0000
    6.85   13.76000000  13.7010   4.2879   4.4418   4.0330   0.0000   0.0000
    6.85   15.49200000  15.3710   4.4782   4.4592   3.9630   0.0000   0.0000
    6.85   17.44200000  17.2300   4.6647   4.4709   3.8750   0.0000   0.0000
    6.85   19.63700000  19.2740   4.8634   4.4751   3.7440   0.0000   0.0000
    6.85   22.10800000  21.3270   5.0440   4.4765   3.6080   0.0000   0.0000
    6.85   24.89000000  23.4180   5.2259   4.4742   3.4460   0.0000   0.0000
    6.85   28.02300000  25.0310   5.3940   4.4595   3.2370   0.0000   0.0000
    6.85   29.45600000  25.6170   5.4711   4.4450   3.1100   0.0000   0.0000
    6.85   29.47100000  25.6220   5.4720   4.4453   3.1100   0.0000   0.0000
    6.85   29.48500000  25.6280   5.4729   4.4456   3.1110   0.0000   0.0000
    6.85   29.50000000  25.6340   5.4738   4.4460   3.1110   0.0000   0.0000
    6.85   29.51400000  25.6390   5.4747   4.4463   3.1120   0.0000   0.0000
    6.85   29.52900000  25.6450   5.4757   4.4467   3.1130   0.0000   0.0000
    6.85   29.54300000  25.6500   5.4766   4.4473   3.1140   0.0000   0.0000
    6.85   29.55800000  25.6560   5.4776   4.4479   3.1160   0.0000   0.0000
    6.85   29.57300000  25.6610   5.4786   4.4487   3.1180   0.0000   0.0000
    6.85   29.58700000  25.6670   5.4796   4.4495   3.1200   0.0000   0.0000
    6.85   29.60200000  25.6720   5.4807   4.4505   3.1230   0.0000   0.0000
    6.85   29.61600000  25.6780   5.4818   4.4519   3.1270   0.0000   0.0000
    6.85   29.63100000  25.6830   5.4831   4.4533   3.1320   0.0000   0.0000
    6.85   29.64600000  25.6880   5.4844   4.4550   3.1370   0.0000   0.0000
    6.85   29.66000000  25.6930   5.4858   4.4572   3.1450   0.0000   0.0000
    6.85   29.67500000  25.6990   5.4874   4.4601   3.1540   0.0000   0.0000
    6.85   29.69000000  25.7040   5.4894   4.4634   3.1660   0.0000   0.0000
    6.85   29.70400000  25.7080   5.4919   4.4678   3.1800   0.0000   0.0000
    6.85   29.71900000  25.7130   5.4955   4.4738   3.2010   0.0000   0.0000
    6.85   29.73400000  25.7170   5.5072   4.4867   3.2410   0.0000   0.0000
    6.85   29.74800000  25.7210   5.5240   4.5038   3.2930   0.0000   0.0000
    6.85   29.76300000  25.7240   5.5301   4.4573   3.1010   0.0000   0.0000
    6.85   29.77800000  25.7110   5.5647   4.2832   2.3690   0.0000   0.0000
    6.85   29.79300000  25.5100   5.5794   3.9136   0.8730   0.0000   0.0000
    6.85   29.80700000  25.0800   5.5831   3.7272   0.1160   0.0000   0.0000
    6.85   29.82200000  24.6500   5.5908   3.6709  -0.1250   0.0000   0.0000
    6.85   29.83700000  24.1770   5.5944   3.6648  -0.1610   0.0000   0.0000
    6.85   29.85100000  23.7130   5.5981   3.6589  -0.1970   0.0000   0.0000
    6.85   29.86600000  23.2570   5.6018   3.6530  -0.2320   0.0000   0.0000
    6.85   29.88100000  22.8470   5.6043   3.6524  -0.2450   0.0000   0.0000
    6.85   29.89600000  22.4600   5.6062   3.6543  -0.2470   0.0000   0.0000
    6.85   29.91000000  22.0770   5.6081   3.6562  -0.2480   0.0000   0.0000
    6.85   29.92500000  21.7010   5.6100   3.6582  -0.2500   0.0000   0.0000
    6.85   29.94000000  21.3170   5.6102   3.6917  -0.1240   0.0000   0.0000
    6.85   29.95500000  20.9390   5.6104   3.7253   0.0030   0.0000   0.0000
    6.85   29.97000000  20.5670   5.6105   3.7592   0.1300   0.0000   0.0000
    6.85   29.98400000  20.3590   5.6107   3.7736   0.1830   0.0000   0.0000
    6.85   29.99900000  20.2090   5.6109   3.7811   0.2100   0.0000   0.0000
    6.85   30.01400000  20.0610   5.6111   3.7887   0.2370   0.0000   0.0000
    6.85   30.02900000  19.9050   5.6115   3.7932   0.2510   0.0000   0.0000
    6.85   30.04400000  19.7460   5.6119   3.7960   0.2590   0.0000   0.0000
    6.85   30.05900000  19.5880   5.6123   3.7989   0.2660   0.0000   0.0000
    6.85   30.07300000  19.4330   5.6127   3.8017   0.2740   0.0000   0.0000
    6.85   30.08800000  19.3090   5.6131   3.8044   0.2810   0.0000   0.0000
    6.85   30.10300000  19.1930   5.6133   3.8070   0.2890   0.0000   0.0000
    6.85   30.62800000  14.4760   5.5530   4.1770   2.2470   0.0000   0.0000
    6.85   31.54900000  13.6520   5.4929   4.4730   3.8280   0.0000   9.0000
    6.85   32.49800000  10.4950   5.3570   4.7432   5.6320   0.0000   9.0000
# log(age) Mini Mact logl logt logg Composition Phase
    6.90    0.80000000   0.8000  -0.6631   3.6691   4.6340   0.0000   0.0000
    6.90    0.90100000   0.9010  -0.4219   3.7066   4.5940   0.0000   0.0000
    6.90    1.01400000   1.0140  -0.1764   3.7413   4.5390   0.0000   0.0000
    6.90    1.14200000   1.1420   0.0617   3.7707   4.4700   0.0000   0.0000
    6.90    1.28500000   1.2850   0.2851   3.7950   4.3950   0.0000   0.0000
    6.90    1.44700000   1.4470   0.5294   3.8248   4.3210   0.0000   0.0000
    6.90    1.62900000   1.6290   0.7638   3.8598   4.2920   0.0000   0.0000
    6.90    1.83400000   1.8340   0.9872   3.9027   4.3110   0.0000   0.0000
    6.90    2.06500000   2.0650   1.2030   3.9473   4.3250   0.0000   0.0000
    6.90    2.32500000   2.3250   1.4115   3.9881   4.3300   0.0000   0.0000
    6.90    2.61800000   2.6180   1.6175   4.0274   4.3320   0.0000   0.0000
    6.90    2.94700000   2.9470   1.8195   4.0643   4.3280   0.0000   0.0000
    6.90    3.31800000   3.3180   2.0166   4.0991   4.3210   0.0000   0.0000
    6.90    3.73500000   3.7350   2.2141   4.1332   4.3100   0.0000   0.0000
    6.90    4.20600000   4.2060   2.4089   4.1667   4.3000   0.0000   0.0000
    6.90    4.73500000   4.7350   2.6013   4.1992   4.2870   0.0000   0.0000
    6.90    5.33100000   5.3310   2.7912   4.2304   4.2730   0.0000   0.0000
    6.90    6.00200000   6.0010   2.9795   4.2601   4.2540   0.0000   0.0000
    6.90    6.75700000   6.7570   3.1707   4.2897   4.2330   0.0000   0.0000
    6.90    7.60700000   7.6070   3.3581   4.3177   4.2090   0.0000   0.0000
    6.90    8.56500000   8.5640   3.5465   4.3451   4.1810   0.0000   0.0000
    6.90    9.64200000   9.6390   3.7340   4.3710   4.1490   0.0000   0.0000
    6.90   10.85600000  10.8460   3.9236   4.3956   4.1100   0.0000   0.0000
    6.90   12.22200000  12.1960   4.1197   4.4188   4.0590   0.0000   0.0000
    6.90   13.76000000  13.6910   4.3113   4.4383   3.9960   0.0000   0.0000
    6.90   15.49200000  15.3480   4.5090   4.4535   3.9100   0.0000   0.0000
    6.90   17.44200000  17.1850   4.7045   4.4608   3.7950   0.0000   0.0000
    6.90   19.63700000  19.1950   4.9160   4.4549   3.6110   0.0000   0.0000
    6.90   22.10800000  21.1500   5.1067   4.4462   3.4170   0.0000   0.0000
    6.90   24.89000000  23.0960   5.3050   4.4250   3.1580   0.0000   0.0000
    6.90   25.23700000  23.2830   5.3290   4.4272   3.1450   0.0000   0.0000
    6.90   25.24900000  23.2890   5.3299   4.4276   3.1460   0.0000   0.0000
    6.90   25.26200000  23.2950   5.3308   4.4281   3.1470   0.0000   0.0000
    6.90   25.27400000  23.3010   5.3318   4.4286   3.1480   0.0000   0.0000
    6.90   25.28700000  23.3070   5.3327   4.4292   3.1490   0.0000   0.0000
    6.90   25.29900000  23.3130   5.3336   4.4298   3.1510   0.0000   0.0000
    6.90   25.31200000  23.3190   5.3346   4.4305   3.1530   0.0000   0.0000
    6.90   25.32400000  23.3240   5.3356   4.4313   3.1550   0.0000   0.0000
    6.90   25.33700000  23.3300   5.3366   4.4322   3.1580   0.0000   0.0000
    6.90   25.34900000  23.3360   5.3377   4.4331   3.1610   0.0000   0.0000
    6.90   25.36200000  23.3420   5.3389   4.4341   3.1640   0.0000   0.0000
    6.90   25.37400000  23.3480   5.3401   4.4356   3.1680   0.0000   0.0000
    6.90   25.38700000  23.3530   5.3413   4.4376   3.1740   0.0000   0.0000
    6.90   25.39900000  23.3590   5.3427   4.4401   3.1800   0.0000   0.0000
    6.90   25.41200000  23.3650   5.3443   4.4429   3.1890   0.0000   0.0000
    6.90   25.42400000  23.3700   5.3462   4.4458   3.1980   0.0000   0.0000
    6.90   25.43700000  23.3760   5.3486   4.4498   3.2110   0.0000   0.0000
    6.90   25.45000000  23.3810   5.3517   4.4546   3.2280   0.0000   0.0000
    6.90   25.46200000  23.3870   5.3580   4.4624   3.2530   0.0000   0.0000
    6.90   25.47500000  23.3910   5.3715   4.4762   3.2950   0.0000   0.0000
    6.90   25.48700000  23.3960   5.3804   4.4869   3.3280   0.0000   0.0000
    6.90   25.50000000  23.4010   5.3941   4.4165   3.0330   0.0000   0.0000
    6.90   25.51300000  23.3900   5.4220   4.2759   2.4420   0.0000   0.0000
    6.90   25.52500000  23.2850   5.4337   4.0689   1.6000   0.0000   0.0000
    6.90   25.53800000  23.1400   5.4382   3.7363   0.2620   0.0000   0.0000
    6.90   25.55000000  22.8400   5.4302   3.6038  -0.2660   0.0000   0.0000
    6.90   25.56300000  22.5880   5.4339   3.5919  -0.3220   0.0000   0.0000
    6.90   25.57600000  22.3530   5.4385   3.5902  -0.3380   0.0000   0.0000
    6.90   25.58800000  22.1200   5.4431   3.5885  -0.3530   0.0000   0.0000
    6.90   25.60100000  21.8880   5.4476   3.5868  -0.3690   0.0000   0.0000
    6.90   25.61400000  21.6580   5.4521   3.5852  -0.3850   0.0000   0.0000
    6.90   25.62600000  21.4140   5.4535   3.5888  -0.3770   0.0000   0.0000
    6.90   25.63900000  21.1690   5.4543   3.5936  -0.3630   0.0000   0.0000
    6.90   25.65200000  20.9260   5.4551   3.5985  -0.3490   0.0000   0.0000
    6.90   25.66400000  20.6960   5.4558   3.6020  -0.3410   0.0000   0.0000
    6.90   25.67700000  20.4800   5.4563   3.6037  -0.3390   0.0000   0.0000
    6.90   25.69000000  20.2670   5.4568   3.6054  -0.3370   0.0000   0.0000
    6.90   25.70200000  20.0540   5.4573   3.6070  -0.3360   0.0000   0.0000
    6.90   25.71500000  19.8300   5.4578   3.6080  -0.3370   0.0000   0.0000
    6.90   25.72800000  19.6080   5.4583   3.6091  -0.3390   0.0000   0.0000
    6.90   25.74000000  19.3890   5.4589   3.6101  -0.3400   0.0000   0.0000
    6.90   25.75300000  19.1730   5.4594   3.6111  -0.3410   0.0000   0.0000
    6.90   25.76600000  18.9590   5.4600   3.6122  -0.3420   0.0000   0.0000
    6.90   25.77900000  18.7500   5.4605   3.6133  -0.3430   0.0000   0.0000
    6.90   25.79100000  18.5500   5.4609   3.6147  -0.3430   0.0000   0.0000
    6.90   26.41000000  11.9730   5.4120   4.1191   1.6890   0.0000   0.0000
    6.90   27.20400000  11.2050   5.3679   4.5301   3.3300   0.0000   9.0000
    6.90   28.02300000   9.7930   5.3120   4.6309   4.9420   0.0000   9.0000
# log(age) Mini Mact logl logt logg Composition Phase
    6.95    0.80000000   0.8000  -0.6631   3.6691   4.6340   0.0000   0.0000
    6.95    0.90100000   0.9010  -0.4219   3.7066   4.5940   0.0000   0.0000
    6.95    1.01400000   1.0140  -0.1764   3.7413   4.5390   0.0000   0.0000
    6.95    1.14200000   1.1420   0.0617   3.7707   4.4700   0.0000   0.0000
    6.95    1.28500000   1.2850   0.2851   3.7950   4.3950   0.0000   0.0000
    6.95    1.44700000   1.4470   0.5294   3.8248   4.3210   0.0000   0.0000
    6.95    1.62900000   1.6290   0.7638   3.8598   4.2920   0.0000   0.0000
    6.95    1.83400000   1.8340   0.9872   3.9027   4.3110   0.0000   0.0000
    6.95    2.06500000   2.0650   1.2030   3.9473   4.3250   0.0000   0.0000
    6.95    2.32500000   2.3250   1.4115   3.9881   4.3300   0.0000   0.0000
    6.95    2.61800000   2.6180   1.6175   4.0274   4.3320   0.0000   0.0000
    6.95    2.94700000   2.9470   1.8195   4.0643   4.3280   0.0000   0.0000
    6.95    3.31800000   3.3180   2.0172   4.0989   4.3190   0.0000   0.0000
    6.95    3.73500000   3.7350   2.2147   4.1330   4.3080   0.0000   0.0000
    6.95    4.20600000   4.2060   2.4101   4.1664   4.2970   0.0000   0.0000
    6.95    4.73500000   4.7350   2.6026   4.1988   4.2840   0.0000   0.0000
    6.95    5.33100000   5.3310   2.7932   4.2298   4.2680   0.0000   0.0000
    6.95    6.00200000   6.0010   2.9827   4.2594   4.2480   0.0000   0.0000
    6.95    6.75700000   6.7570   3.1750   4.2889   4.2250   0.0000   0.0000
    6.95    7.60700000   7.6070   3.3641   4.3169   4.2000   0.0000   0.0000
    6.95    8.56500000   8.5640   3.5546   4.3441   4.1700   0.0000   0.0000
    6.95    9.64200000   9.6390   3.7450   4.3697   4.1340   0.0000   0.0000
    6.95   10.85600000  10.8440   3.9387   4.3938   4.0890   0.0000   0.0000
    6.95   12.22200000  12.1910   4.1408   4.4162   4.0280   0.0000   0.0000
    6.95   13.76000000  13.6770   4.3394   4.4337   3.9500   0.0000   0.0000
    6.95   15.49200000  15.3170   4.5465   4.4453   3.8400   0.0000   0.0000
    6.95   17.44200000  17.1270   4.7540   4.4448   3.6820   0.0000   0.0000
    6.95   19.63700000  19.1020   4.9808   4.4204   3.4080   0.0000   0.0000
    6.95   21.63300000  20.6260   5.1548   4.4065   3.2010   0.0000   0.0000
    6.95   21.64300000  20.6330   5.1558   4.4068   3.2010   0.0000   0.0000
    6.95   21.65400000  20.6410   5.1568   4.4072   3.2020   0.0000   0.0000
    6.95   21.66500000  20.6480   5.1578   4.4077   3.2040   0.0000   0.0000
    6.95   21.67500000  20.6560   5.1590   4.4084   3.2050   0.0000   0.0000
    6.95   21.68600000  20.6630   5.1601   4.4090   3.2060   0.0000   0.0000
    6.95   21.69700000  20.6710   5.1612   4.4097   3.2080   0.0000   0.0000
    6.95   21.70800000  20.6780   5.1624   4.4108   3.2110   0.0000   0.0000
    6.95   21.71800000  20.6860   5.1636   4.4120   3.2150   0.0000   0.0000
    6.95   21.72900000  20.6930   5.1648   4.4132   3.2190   0.0000   0.0000
    6.95   21.74000000  20.7010   5.1660   4.4144   3.2220   0.0000   0.0000
    6.95   21.75000000  20.7080   5.1673   4.4157   3.2240   0.0000   0.0000
    6.95   21.76100000  20.7160   5.1688   4.4179   3.2290   0.0000   0.0000
    6.95   21.77200000  20.7230   5.1705   4.4208   3.2360   0.0000   0.0000
    6.95   21.78300000  20.7310   5.1725   4.4245   3.2460   0.0000   0.0000
    6.95   21.79300000  20.7380   5.1749   4.4283   3.2570   0.0000   0.0000
    6.95   21.80400000  20.7460   5.1779   4.4327   3.2710   0.0000   0.0000
    6.95   21.81500000  20.7530   5.1816   4.4378   3.2870   0.0000   0.0000
    6.95   21.82600000  20.7600   5.1925   4.4482   3.3180   0.0000   0.0000
    6.95   21.83700000  20.7670   5.2042   4.4593   3.3510   0.0000   0.0000
    6.95   21.84700000  20.7740   5.2054   4.4544   3.3310   0.0000   0.0000
    6.95   21.85800000  20.7800   5.2253   4.3850   3.0280   0.0000   0.0000
    6.95   21.86900000  20.7790   5.2507   4.2797   2.5780   0.0000   0.0000
    6.95   21.88000000  20.7470   5.2621   4.1416   2.0130   0.0000   0.0000
    6.95   21.89100000  20.6830   5.2690   3.9336   1.1720   0.0000   0.0000
    6.95   21.90100000  20.5970   5.2683   3.7995   0.6350   0.0000   0.0000
    6.95   21.91200000  20.5160   5.2648   3.7368   0.3860   0.0000   0.0000
    6.95   21.92300000  20.4350   5.2613   3.6740   0.1360   0.0000   0.0000
    6.95   21.93400000  20.3540   5.2579   3.6111  -0.1140   0.0000   0.0000
    6.95   21.94500000  20.2450   5.2571   3.5777  -0.2490   0.0000   0.0000
    6.95   21.95600000  20.1060   5.2592   3.5752  -0.2640   0.0000   0.0000
    6.95   21.96600000  19.9680   5.2613   3.5726  -0.2790   0.0000   0.0000
    6.95   21.97700000  19.8310   5.2634   3.5701  -0.2950   0.0000   0.0000
    6.95   21.98800000  19.6930   5.2656   3.5675  -0.3100   0.0000   0.0000
    6.95   21.99900000  19.5600   5.2668   3.5679  -0.3130   0.0000   0.0000
    6.95   22.01000000  19.4280   5.2680   3.5683  -0.3160   0.0000   0.0000
    6.95   22.02100000  19.2960   5.2692   3.5686  -0.3180   0.0000   0.0000
    6.95   22.03200000  19.1630   5.2702   3.5689  -0.3210   0.0000   0.0000
    6.95   22.04200000  19.0280   5.2710   3.5690  -0.3250   0.0000   0.0000
    6.95   22.05300000  18.8930   5.2717   3.5691  -0.3280   0.0000   0.0000
    6.95   22.06400000  18.7580   5.2725   3.5692  -0.3310   0.0000   0.0000
    6.95   22.07500000  18.6050   5.2733   3.5694  -0.3350   0.0000   0.0000
    6.95   22.08600000  18.4420   5.2740   3.5695  -0.3390   0.0000   0.0000
    6.95   22.09700000  18.2800   5.2748   3.5696  -0.3430   0.0000   0.0000
    6.95   22.10800000  18.1190   5.2756   3.5698  -0.3470   0.0000   0.0000
    6.95   22.77300000  11.0010   5.2669   4.0681   1.4380   0.0000   0.0000
    6.95   23.45800000   9.5260   5.2517   4.5141   3.6410   0.0000   9.0000
    6.95   24.16300000   8.8120   5.3958   4.2181   2.3780   0.0000   0.0000
# log(age) Mini Mact logl logt logg Composition Phase
    7.00    0.80000000   0.8000  -0.6631   3.6691   4.6340   0.0000   0.0000
    7.00    0.90100000   0.9010  -0.4218   3.7066   4.5940   0.0000   0.0000
    7.00    1.01400000   1.0140  -0.1764   3.7413   4.5390   0.0000   0.0000
    7.00    1.14200000   1.1420   0.0618   3.7707   4.4700   0.0000   0.0000
    7.00    1.28500000   1.2850   0.2852   3.7950   4.3950   0.0000   0.0000
    7.00    1.44700000   1.4470   0.5295   3.8248   4.3210   0.0000   0.0000
    7.00    1.62900000   1.6290   0.7638   3.8598   4.2920   0.0000   0.0000
    7.00    1.83400000   1.8340   0.9872   3.9027   4.3110   0.0000   0.0000
    7.00    2.06500000   2.0650   1.2030   3.9473   4.3250   0.0000   0.0000
    7.00    2.32500000   2.3250   1.4115   3.9881   4.3300   0.0000   0.0000
    7.00    2.61800000   2.6180   1.6175   4.0274   4.3320   0.0000   0.0000
    7.00    2.94700000   2.9470   1.8195   4.0643   4.3280   0.0000   0.0000
    7.00    3.31800000   3.3180   2.0178   4.0987   4.3180   0.0000   0.0000
    7.00    3.73500000   3.7350   2.2153   4.1327   4.3060   0.0000   0.0000
    7.00    4.20600000   4.2060   2.4113   4.1660   4.2930   0.0000   0.0000
    7.00    4.73500000   4.7350   2.6045   4.1983   4.2800   0.0000   0.0000
    7.00    5.33100000   5.3310   2.7957   4.2291   4.2630   0.0000   0.0000
    7.00    6.00200000   6.0010   2.9862   4.2586   4.2410   0.0000   0.0000
    7.00    6.75700000   6.7570   3.1800   4.2881   4.2170   0.0000   0.0000
    7.00    7.60700000   7.6070   3.3710   4.3159   4.1890   0.0000   0.0000
    7.00    8.56500000   8.5640   3.5640   4.3429   4.1560   0.0000   0.0000
    7.00    9.64200000   9.6380   3.7578   4.3682   4.1150   0.0000   0.0000
    7.00   10.85600000  10.8420   3.9564   4.3917   4.0630   0.0000   0.0000
    7.00   12.22200000  12.1860   4.1660   4.4124   3.9890   0.0000   0.0000
    7.00   13.76000000  13.6600   4.3733   4.4271   3.8910   0.0000   0.0000
    7.00   15.49200000  15.2770   4.5928   4.4326   3.7430   0.0000   0.0000
    7.00   17.44200000  17.0520   4.8156   4.4176   3.5110   0.0000   0.0000
    7.00   19.02600000  18.4610   4.9985   4.3888   3.2520   0.0000   0.0000
    7.00   19.03500000  18.4690   4.9996   4.3891   3.2520   0.0000   0.0000
    7.00   19.04400000  18.4770   5.0008   4.3891   3.2510   0.0000   0.0000
    7.00   19.05400000  18.4860   5.0021   4.3891   3.2500   0.0000   0.0000
    7.00   19.06300000  18.4940   5.0034   4.3897   3.2520   0.0000   0.0000
    7.00   19.07300000  18.5020   5.0048   4.3906   3.2550   0.0000   0.0000
    7.00   19.08200000  18.5110   5.0061   4.3911   3.2560   0.0000   0.0000
    7.00   19.09200000  18.5190   5.0074   4.3915   3.2550   0.0000   0.0000
    7.00   19.10100000  18.5270   5.0086   4.3919   3.2560   0.0000   0.0000
    7.00   19.11000000  18.5360   5.0101   4.3927   3.2580   0.0000   0.0000
    7.00   19.12000000  18.5440   5.0116   4.3935   3.2600   0.0000   0.0000
    7.00   19.12900000  18.5520   5.0132   4.3949   3.2640   0.0000   0.0000
    7.00   19.13900000  18.5600   5.0147   4.3966   3.2700   0.0000   0.0000
    7.00   19.14800000  18.5690   5.0163   4.3982   3.2750   0.0000   0.0000
    7.00   19.15800000  18.5770   5.0181   4.3996   3.2790   0.0000   0.0000
    7.00   19.16700000  18.5850   5.0201   4.4026   3.2860   0.0000   0.0000
    7.00   19.17700000  18.5940   5.0229   4.4085   3.2980   0.0000   0.0000
    7.00   19.18600000  18.6020   5.0266   4.4144   3.3140   0.0000   0.0000
    7.00   19.19600000  18.6100   5.0323   4.4222   3.3370   0.0000   0.0000
    7.00   19.20500000  18.6180   5.0487   4.4369   3.3800   0.0000   0.0000
    7.00   19.21400000  18.6260   5.0535   4.4355   3.3700   0.0000   0.0000
    7.00   19.22400000  18.6300   5.0896   4.3305   2.9000   0.0000   0.0000
    7.00   19.23300000  18.6300   5.1119   4.1691   2.2270   0.0000   0.0000
    7.00   19.24300000  18.5650   5.1253   3.9561   1.3600   0.0000   0.0000
    7.00   19.25200000  18.4530   5.1187   3.8524   0.9490   0.0000   0.0000
    7.00   19.26200000  18.3420   5.1121   3.7490   0.5390   0.0000   0.0000
    7.00   19.27200000  18.2310   5.1056   3.6459   0.1300   0.0000   0.0000
    7.00   19.28100000  18.1150   5.0996   3.5784  -0.1370   0.0000   0.0000
    7.00   19.29100000  17.9880   5.0947   3.5708  -0.1660   0.0000   0.0000
    7.00   19.30000000  17.8630   5.0908   3.5639  -0.1920   0.0000   0.0000
    7.00   19.31000000  17.7460   5.0956   3.5641  -0.1990   0.0000   0.0000
    7.00   19.31900000  17.6290   5.1004   3.5643  -0.2060   0.0000   0.0000
    7.00   19.32900000  17.5120   5.1032   3.5644  -0.2110   0.0000   0.0000
    7.00   19.33800000  17.3940   5.1043   3.5645  -0.2150   0.0000   0.0000
    7.00   19.34800000  17.2770   5.1055   3.5645  -0.2190   0.0000   0.0000
    7.00   19.35700000  17.1580   5.1068   3.5644  -0.2240   0.0000   0.0000
    7.00   19.36700000  17.0390   5.1081   3.5643  -0.2280   0.0000   0.0000
    7.00   19.37600000  16.9260   5.1094   3.5643  -0.2330   0.0000   0.0000
    7.00   19.38600000  16.8140   5.1108   3.5644  -0.2370   0.0000   0.0000
    7.00   19.39600000  16.7030   5.1122   3.5644  -0.2410   0.0000   0.0000
    7.00   19.40500000  16.5880   5.1135   3.5645  -0.2450   0.0000   0.0000
    7.00   19.41500000  16.4730   5.1149   3.5646  -0.2490   0.0000   0.0000
    7.00   19.42400000  16.3530   5.1162   3.5647  -0.2530   0.0000   0.0000
    7.00   19.43400000  16.2240   5.1175   3.5647  -0.2580   0.0000   0.0000
    7.00   19.63700000  13.2890   5.1398   3.5653  -0.3640   0.0000   0.0000
    7.00   20.22700000   8.0570   5.1126   4.4437   2.9920   0.0000   9.0000
    7.00   20.83600000   7.9520   5.1843   4.4300   3.0370   0.0000   9.0000
# log(age) Mini Mact logl logt logg Composition Phase
    7.05    0.80000000   0.8000  -0.6631   3.6691   4.6340   0.0000   0.0000
    7.05    0.90100000   0.9010  -0.4218   3.7066   4.5940   0.0000   0.0000
    7.05    1.01400000   1.0140  -0.1764   3.7413   4.5390   0.0000   0.0000
    7.05    1.14200000   1.1420   0.0618   3.7707   4.4700   0.0000   0.0000
    7.05    1.28500000   1.2850   0.2852   3.7950   4.3950   0.0000   0.0000
    7.05    1.44700000   1.4470   0.5295   3.8248   4.3210   0.0000   0.0000
    7.05    1.62900000   1.6290   0.7638   3.8598   4.2920   0.0000   0.0000
    7.05    1.83400000   1.8340   0.9872   3.9027   4.3110   0.0000   0.0000
    7.05    2.06500000   2.0650   1.2030   3.9473   4.3250   0.0000   0.0000
    7.05    2.32500000   2.3250   1.4115   3.9881   4.3300   0.0000   0.0000
    7.05    2.61800000   2.6180   1.6175   4.0274   4.3320   0.0000   0.0000
    7.05    2.94700000   2.9470   1.8201   4.0641   4.3260   0.0000   0.0000
    7.05    3.31800000   3.3180   2.0184   4.0985   4.3160   0.0000   0.0000
    7.05    3.73500000   3.7350   2.2162   4.1325   4.3040   0.0000   0.0000
    7.05    4.20600000   4.2060   2.4125   4.1656   4.2900   0.0000   0.0000
    7.05    4.73500000   4.7350   2.6065   4.1978   4.2760   0.0000   0.0000
    7.05    5.33100000   5.3310   2.7985   4.2283   4.2570   0.0000   0.0000
    7.05    6.00200000   6.0010   2.9901   4.2578   4.2340   0.0000   0.0000
    7.05    6.75700000   6.7570   3.1857   4.2872   4.2080   0.0000   0.0000
    7.05    7.60700000   7.6070   3.3789   4.3149   4.1770   0.0000   0.0000
    7.05    8.56500000   8.5630   3.5749   4.3416   4.1400   0.0000   0.0000
    7.05    9.64200000   9.6370   3.7728   4.3664   4.0930   0.0000   0.0000
    7.05   10.85600000  10.8390   3.9774   4.3889   4.0310   0.0000   0.0000
    7.05   12.22200000  12.1780   4.1963   4.4071   3.9380   0.0000   0.0000
    7.05   13.76000000  13.6370   4.4150   4.4172   3.8100   0.0000   0.0000
    7.05   15.49200000  15.2200   4.6513   4.4115   3.6000   0.0000   0.0000
    7.05   17.32100000  16.8500   4.8833   4.3815   3.2950   0.0000   0.0000
    7.05   17.33000000  16.8580   4.8845   4.3817   3.2950   0.0000   0.0000
    7.05   17.33900000  16.8650   4.8857   4.3816   3.2940   0.0000   0.0000
    7.05   17.34700000  16.8730   4.8870   4.3820   3.2950   0.0000   0.0000
    7.05   17.35600000  16.8800   4.8884   4.3828   3.2970   0.0000   0.0000
    7.05   17.36400000  16.8880   4.8898   4.3835   3.2980   0.0000   0.0000
    7.05   17.37300000  16.8950   4.8911   4.3839   3.2990   0.0000   0.0000
    7.05   17.38100000  16.9030   4.8924   4.3844   3.2990   0.0000   0.0000
    7.05   17.39000000  16.9100   4.8937   4.3849   3.3010   0.0000   0.0000
    7.05   17.39900000  16.9180   4.8952   4.3858   3.3030   0.0000   0.0000
    7.05   17.40700000  16.9250   4.8968   4.3868   3.3050   0.0000   0.0000
    7.05   17.41600000  16.9330   4.8983   4.3881   3.3090   0.0000   0.0000
    7.05   17.42400000  16.9400   4.9000   4.3897   3.3150   0.0000   0.0000
    7.05   17.43300000  16.9480   4.9017   4.3912   3.3190   0.0000   0.0000
    7.05   17.44200000  16.9550   4.9035   4.3930   3.3240   0.0000   0.0000
    7.05   17.45000000  16.9630   4.9057   4.3959   3.3320   0.0000   0.0000
    7.05   17.45900000  16.9700   4.9087   4.4009   3.3430   0.0000   0.0000
    7.05   17.46700000  16.9780   4.9126   4.4066   3.3580   0.0000   0.0000
    7.05   17.47600000  16.9850   4.9186   4.4141   3.3800   0.0000   0.0000
    7.05   17.48500000  16.9920   4.9361   4.4288   3.4220   0.0000   0.0000
    7.05   17.49300000  17.0000   4.9365   4.4215   3.3910   0.0000   0.0000
    7.05   17.50200000  17.0050   4.9756   4.3222   2.9430   0.0000   0.0000
    7.05   17.51100000  17.0080   4.9976   4.1817   2.3530   0.0000   0.0000
    7.05   17.51900000  16.9790   5.0034   3.9914   1.5850   0.0000   0.0000
    7.05   17.52800000  16.8990   4.9958   3.8410   0.9890   0.0000   0.0000
    7.05   17.53700000  16.8130   4.9858   3.7087   0.4670   0.0000   0.0000
    7.05   17.54500000  16.7240   4.9742   3.5951   0.0210   0.0000   0.0000
    7.05   17.55400000  16.6230   4.9544   3.5757  -0.0400   0.0000   0.0000
    7.05   17.56300000  16.5380   4.9504   3.5651  -0.0800   0.0000   0.0000
    7.05   17.57100000  16.4690   4.9629   3.5635  -0.1010   0.0000   0.0000
    7.05   17.58000000  16.3990   4.9753   3.5619  -0.1220   0.0000   0.0000
    7.05   17.58900000  16.3310   4.9787   3.5617  -0.1280   0.0000   0.0000
    7.05   17.59700000  16.2620   4.9805   3.5616  -0.1320   0.0000   0.0000
    7.05   17.60600000  16.1930   4.9822   3.5616  -0.1350   0.0000   0.0000
    7.05   17.61500000  16.1250   4.9839   3.5616  -0.1390   0.0000   0.0000
    7.05   17.62300000  16.0560   4.9856   3.5615  -0.1430   0.0000   0.0000
    7.05   17.63200000  15.9940   4.9874   3.5615  -0.1470   0.0000   0.0000
    7.05   17.64100000  15.9390   4.9893   3.5615  -0.1500   0.0000   0.0000
    7.05   17.65000000  15.8840   4.9911   3.5615  -0.1530   0.0000   0.0000
    7.05   17.65800000  15.8290   4.9929   3.5615  -0.1560   0.0000   0.0000
    7.05   17.66700000  15.7710   4.9947   3.5615  -0.1600   0.0000   0.0000
    7.05   17.67600000  15.7130   4.9965   3.5616  -0.1630   0.0000   0.0000
    7.05   17.68400000  15.6540   4.9983   3.5616  -0.1660   0.0000   0.0000
    7.05   17.69300000  15.5940   5.0001   3.5617  -0.1690   0.0000   0.0000
    7.05   17.96600000  12.6420   5.0425   3.5652  -0.2890   0.0000   0.0000
    7.05   18.50700000   8.7870   5.0604   4.2046   2.0930   0.0000   0.0000
# log(age) Mini Mact logl logt logg Composition Phase
    7.10    0.80000000   0.8000  -0.6631   3.6691   4.6340   0.0000   0.0000
    7.10    0.90100000   0.9010  -0.4218   3.7066   4.5940   0.0000   0.0000
    7.10    1.01400000   1.0140  -0.1763   3.7413   4.5390   0.0000   0.0000
    7.10    1.14200000   1.1420   0.0618   3.7707   4.4700   0.0000   0.0000
    7.10    1.28500000   1.2850   0.2852   3.7950   4.3950   0.0000   0.0000
    7.10    1.44700000   1.4470   0.5295   3.8248   4.3210   0.0000   0.0000
    7.10    1.62900000   1.6290   0.7638   3.8598   4.2920   0.0000   0.0000
    7.10    1.83400000   1.8340   0.9872   3.9027   4.3110   0.0000   0.0000
    7.10    2.06500000   2.0650   1.2030   3.9473   4.3250   0.0000   0.0000
    7.10    2.32500000   2.3250   1.4115   3.9881   4.3300   0.0000   0.0000
    7.10    2.61800000   2.6180   1.6175   4.0274   4.3310   0.0000   0.0000
    7.10    2.94700000   2.9470   1.8206   4.0639   4.3250   0.0000   0.0000
    7.10    3.31800000   3.3180   2.0190   4.0982   4.3140   0.0000   0.0000
    7.10    3.73500000   3.7350   2.2173   4.1321   4.3010   0.0000   0.0000
    7.10    4.20600000   4.2060   2.4141   4.1651   4.2860   0.0000   0.0000
    7.10    4.73500000   4.7350   2.6087   4.1971   4.2710   0.0000   0.0000
    7.10    5.33100000   5.3310   2.8017   4.2275   4.2500   0.0000   0.0000
    7.10    6.00200000   6.0010   2.9948   4.2569   4.2260   0.0000   0.0000
    7.10    6.75700000   6.7570   3.1922   4.2862   4.1980   0.0000   0.0000
    7.10    7.60700000   7.6070   3.3881   4.3138   4.1640   0.0000   0.0000
    7.10    8.56500000   8.5630   3.5875   4.3401   4.1220   0.0000   0.0000
    7.10    9.64200000   9.6360   3.7903   4.3641   4.0680   0.0000   0.0000
    7.10   10.85600000  10.8360   4.0027   4.3852   3.9920   0.0000   0.0000
    7.10   12.22200000  12.1680   4.2334   4.3996   3.8720   0.0000   0.0000
    7.10   13.76000000  13.6050   4.4673   4.4016   3.6960   0.0000   0.0000
    7.10   15.49200000  15.1370   4.7272   4.3747   3.3740   0.0000   0.0000
    7.10   15.77000000  15.3800   4.7682   4.3742   3.3380   0.0000   0.0000
    7.10   15.77800000  15.3870   4.7694   4.3742   3.3380   0.0000   0.0000
    7.10   15.78500000  15.3940   4.7706   4.3745   3.3380   0.0000   0.0000
    7.10   15.79300000  15.4000   4.7721   4.3751   3.3390   0.0000   0.0000
    7.10   15.80100000  15.4070   4.7735   4.3758   3.3410   0.0000   0.0000
    7.10   15.80900000  15.4140   4.7748   4.3763   3.3420   0.0000   0.0000
    7.10   15.81700000  15.4210   4.7761   4.3768   3.3420   0.0000   0.0000
    7.10   15.82400000  15.4280   4.7774   4.3773   3.3440   0.0000   0.0000
    7.10   15.83200000  15.4340   4.7788   4.3781   3.3460   0.0000   0.0000
    7.10   15.84000000  15.4410   4.7804   4.3790   3.3480   0.0000   0.0000
    7.10   15.84800000  15.4480   4.7819   4.3801   3.3510   0.0000   0.0000
    7.10   15.85600000  15.4550   4.7835   4.3813   3.3540   0.0000   0.0000
    7.10   15.86400000  15.4610   4.7853   4.3829   3.3590   0.0000   0.0000
    7.10   15.87100000  15.4680   4.7870   4.3843   3.3640   0.0000   0.0000
    7.10   15.87900000  15.4750   4.7890   4.3862   3.3700   0.0000   0.0000
    7.10   15.88700000  15.4820   4.7913   4.3890   3.3770   0.0000   0.0000
    7.10   15.89500000  15.4890   4.7944   4.3932   3.3870   0.0000   0.0000
    7.10   15.90300000  15.4950   4.7987   4.3987   3.4020   0.0000   0.0000
    7.10   15.91100000  15.5020   4.8056   4.4064   3.4250   0.0000   0.0000
    7.10   15.91900000  15.5090   4.8234   4.4206   3.4630   0.0000   0.0000
    7.10   15.92600000  15.5160   4.8200   4.4072   3.4100   0.0000   0.0000
    7.10   15.93400000  15.5210   4.8616   4.3135   2.9830   0.0000   0.0000
    7.10   15.94200000  15.5260   4.8830   4.1900   2.4620   0.0000   0.0000
    7.10   15.95000000  15.5210   4.8826   4.0238   1.7970   0.0000   0.0000
    7.10   15.95800000  15.4820   4.8713   3.8157   0.9750   0.0000   0.0000
    7.10   15.96600000  15.4330   4.8542   3.6241   0.2230   0.0000   0.0000
    7.10   15.97400000  15.3720   4.8039   3.5727   0.0650   0.0000   0.0000
    7.10   15.98200000  15.3380   4.8157   3.5650   0.0210   0.0000   0.0000
    7.10   15.98900000  15.3070   4.8352   3.5617  -0.0120   0.0000   0.0000
    7.10   15.99700000  15.2760   4.8521   3.5589  -0.0410   0.0000   0.0000
    7.10   16.00500000  15.2450   4.8544   3.5589  -0.0450   0.0000   0.0000
    7.10   16.01300000  15.2140   4.8567   3.5588  -0.0480   0.0000   0.0000
    7.10   16.02100000  15.1830   4.8590   3.5587  -0.0520   0.0000   0.0000
    7.10   16.02900000  15.1510   4.8611   3.5587  -0.0550   0.0000   0.0000
    7.10   16.03700000  15.1200   4.8631   3.5586  -0.0580   0.0000   0.0000
    7.10   16.04500000  15.0900   4.8652   3.5586  -0.0610   0.0000   0.0000
    7.10   16.05300000  15.0640   4.8673   3.5586  -0.0640   0.0000   0.0000
    7.10   16.06100000  15.0390   4.8694   3.5586  -0.0670   0.0000   0.0000
    7.10   16.06900000  15.0130   4.8715   3.5586  -0.0700   0.0000   0.0000
    7.10   16.07700000  14.9870   4.8736   3.5586  -0.0730   0.0000   0.0000
    7.10   16.08500000  14.9600   4.8756   3.5586  -0.0750   0.0000   0.0000
    7.10   16.09200000  14.9330   4.8777   3.5586  -0.0780   0.0000   0.0000
    7.10   16.10000000  14.9050   4.8797   3.5586  -0.0810   0.0000   0.0000
    7.10   16.10800000  14.8770   4.8817   3.5586  -0.0840   0.0000   0.0000
    7.10   16.43800000  12.6230   4.9497   3.5618  -0.2100   0.0000   0.0000
    7.10   16.93200000   9.8900   5.0051   3.9274   1.0910   0.0000   0.0000
# log(age) Mini Mact logl logt logg Composition Phase
    7.15    0.80000000   0.8000  -0.6631   3.6691   4.6340   0.0000   0.0000
    7.15    0.90100000   0.9010  -0.4218   3.7066   4.5940   0.0000   0.0000
    7.15    1.01400000   1.0140  -0.1763   3.7413   4.5390   0.0000   0.0000
    7.15    1.14200000   1.1420   0.0619   3.7707   4.4700   0.0000   0.0000
    7.15    1.28500000   1.2850   0.2852   3.7950   4.3950   0.0000   0.0000
    7.15    1.44700000   1.4470   0.5295   3.8248   4.3210   0.0000   0.0000
    7.15    1.62900000   1.6290   0.7638   3.8598   4.2920   0.0000   0.0000
    7.15    1.83400000   1.8340   0.9872   3.9027   4.3110   0.0000   0.0000
    7.15    2.06500000   2.0650   1.2030   3.9473   4.3250   0.0000   0.0000
    7.15    2.32500000   2.3250   1.4115   3.9881   4.3300   0.0000   0.0000
    7.15    2.61800000   2.6180   1.6175   4.0274   4.3310   0.0000   0.0000
    7.15    2.94700000   2.9470   1.8212   4.0636   4.3230   0.0000   0.0000
    7.15    3.31800000   3.3180   2.0196   4.0980   4.3120   0.0000   0.0000
    7.15    3.73500000   3.7350   2.2185   4.1317   4.2980   0.0000   0.0000
    7.15    4.20600000   4.2060   2.4160   4.1646   4.2820   0.0000   0.0000
    7.15    4.73500000   4.7350   2.6111   4.1964   4.2650   0.0000   0.0000
    7.15    5.33100000   5.3310   2.8054   4.2267   4.2430   0.0000   0.0000
    7.15    6.00200000   6.0010   3.0001   4.2560   4.2180   0.0000   0.0000
    7.15    6.75700000   6.7570   3.1999   4.2851   4.1860   0.0000   0.0000
    7.15    7.60700000   7.6070   3.3986   4.3125   4.1490   0.0000   0.0000
    7.15    8.56500000   8.5630   3.6023   4.3382   4.1000   0.0000   0.0000
    7.15    9.64200000   9.6350   3.8111   4.3613   4.0360   0.0000   0.0000
    7.15   10.85600000  10.8320   4.0334   4.3798   3.9410   0.0000   0.0000
    7.15   12.22200000  12.1540   4.2796   4.3877   3.7800   0.0000   0.0000
    7.15   13.76000000  13.5580   4.5346   4.3735   3.5160   0.0000   0.0000
    7.15   14.42100000  14.1230   4.6505   4.3634   3.3760   0.0000   0.0000
    7.15   14.42800000  14.1290   4.6519   4.3637   3.3770   0.0000   0.0000
    7.15   14.43500000  14.1350   4.6532   4.3641   3.3770   0.0000   0.0000
    7.15   14.44300000  14.1400   4.6546   4.3644   3.3770   0.0000   0.0000
    7.15   14.45000000  14.1460   4.6561   4.3647   3.3770   0.0000   0.0000
    7.15   14.45700000  14.1520   4.6578   4.3654   3.3780   0.0000   0.0000
    7.15   14.46400000  14.1580   4.6593   4.3661   3.3800   0.0000   0.0000
    7.15   14.47100000  14.1640   4.6608   4.3667   3.3810   0.0000   0.0000
    7.15   14.47800000  14.1700   4.6624   4.3674   3.3820   0.0000   0.0000
    7.15   14.48500000  14.1760   4.6640   4.3683   3.3840   0.0000   0.0000
    7.15   14.49300000  14.1820   4.6657   4.3693   3.3870   0.0000   0.0000
    7.15   14.50000000  14.1880   4.6675   4.3705   3.3900   0.0000   0.0000
    7.15   14.50700000  14.1940   4.6694   4.3719   3.3940   0.0000   0.0000
    7.15   14.51400000  14.1990   4.6715   4.3736   3.3990   0.0000   0.0000
    7.15   14.52100000  14.2050   4.6735   4.3754   3.4050   0.0000   0.0000
    7.15   14.52800000  14.2110   4.6759   4.3776   3.4120   0.0000   0.0000
    7.15   14.53600000  14.2170   4.6790   4.3811   3.4210   0.0000   0.0000
    7.15   14.54300000  14.2230   4.6834   4.3863   3.4350   0.0000   0.0000
    7.15   14.55000000  14.2290   4.6905   4.3941   3.4570   0.0000   0.0000
    7.15   14.55700000  14.2350   4.7093   4.4088   3.4960   0.0000   0.0000
    7.15   14.56400000  14.2400   4.7070   4.3885   3.4110   0.0000   0.0000
    7.15   14.57200000  14.2460   4.7536   4.2871   2.9490   0.0000   0.0000
    7.15   14.57900000  14.2510   4.7688   4.1560   2.4030   0.0000   0.0000
    7.15   14.58600000  14.2560   4.7522   3.9368   1.5440   0.0000   0.0000
    7.15   14.59300000  14.2510   4.7010   3.6171   0.3140   0.0000   0.0000
    7.15   14.60000000  14.2420   4.6603   3.5687   0.1590   0.0000   0.0000
    7.15   14.60800000  14.2340   4.6930   3.5633   0.1050   0.0000   0.0000
    7.15   14.61500000  14.2250   4.7256   3.5580   0.0500   0.0000   0.0000
    7.15   14.62200000  14.2150   4.7312   3.5574   0.0420   0.0000   0.0000
    7.15   14.62900000  14.2060   4.7342   3.5573   0.0380   0.0000   0.0000
    7.15   14.63700000  14.1960   4.7372   3.5572   0.0350   0.0000   0.0000
    7.15   14.64400000  14.1850   4.7398   3.5571   0.0310   0.0000   0.0000
    7.15   14.65100000  14.1740   4.7424   3.5570   0.0280   0.0000   0.0000
    7.15   14.65800000  14.1640   4.7450   3.5569   0.0250   0.0000   0.0000
    7.15   14.66500000  14.1520   4.7475   3.5569   0.0220   0.0000   0.0000
    7.15   14.67300000  14.1410   4.7501   3.5568   0.0190   0.0000   0.0000
    7.15   14.68000000  14.1300   4.7526   3.5568   0.0160   0.0000   0.0000
    7.15   14.68700000  14.1180   4.7552   3.5567   0.0130   0.0000   0.0000
    7.15   14.69400000  14.1060   4.7577   3.5567   0.0100   0.0000   0.0000
    7.15   14.70200000  14.0940   4.7601   3.5567   0.0070   0.0000   0.0000
    7.15   14.70900000  14.0820   4.7625   3.5566   0.0040   0.0000   0.0000
    7.15   14.71600000  14.0690   4.7650   3.5566   0.0010   0.0000   0.0000
    7.15   14.72400000  14.0570   4.7674   3.5565  -0.0020   0.0000   0.0000
    7.15   14.73100000  14.0440   4.7699   3.5565  -0.0050   0.0000   0.0000
    7.15   15.04000000  13.2540   4.8635   3.5537  -0.1350   0.0000   0.0000
    7.15   15.49200000  11.0970   4.9507   3.6506   0.0880   0.0000   0.0000
# log(age) Mini Mact logl logt logg Composition Phase
    7.20    0.80000000   0.8000  -0.6631   3.6691   4.6340   0.0000   0.0000
    7.20    0.90100000   0.9010  -0.4218   3.7066   4.5940   0.0000   0.0000
    7.20    1.01400000   1.0140  -0.1763   3.7413   4.5390   0.0000   0.0000
    7.20    1.14200000   1.1420   0.0619   3.7707   4.4700   0.0000   0.0000
    7.20    1.28500000   1.2850   0.2852   3.7950   4.3950   0.0000   0.0000
    7.20    1.44700000   1.4470   0.5296   3.8249   4.3210   0.0000   0.0000
    7.20    1.62900000   1.6290   0.7638   3.8598   4.2920   0.0000   0.0000
    7.20    1.83400000   1.8340   0.9872   3.9027   4.3110   0.0000   0.0000
    7.20    2.06500000   2.0650   1.2030   3.9473   4.3250   0.0000   0.0000
    7.20    2.32500000   2.3250   1.4115   3.9881   4.3300   0.0000   0.0000
    7.20    2.61800000   2.6180   1.6180   4.0272   4.3300   0.0000   0.0000
    7.20    2.94700000   2.9470   1.8217   4.0634   4.3210   0.0000   0.0000
    7.20    3.31800000   3.3180   2.0205   4.0977   4.3090   0.0000   0.0000
    7.20    3.73500000   3.7350   2.2197   4.1313   4.2940   0.0000   0.0000
    7.20    4.20600000   4.2060   2.4179   4.1640   4.2780   0.0000   0.0000
    7.20    4.73500000   4.7350   2.6142   4.1955   4.2590   0.0000   0.0000
    7.20    5.33100000   5.3310   2.8098   4.2258   4.2360   0.0000   0.0000
    7.20    6.00200000   6.0010   3.0063   4.2550   4.2080   0.0000   0.0000
    7.20    6.75700000   6.7570   3.2086   4.2840   4.1730   0.0000   0.0000
    7.20    7.60700000   7.6070   3.4110   4.3108   4.1300   0.0000   0.0000
    7.20    8.56500000   8.5630   3.6196   4.3358   4.0740   0.0000   0.0000
    7.20    9.64200000   9.6340   3.8361   4.3577   3.9980   0.0000   0.0000
    7.20   10.85600000  10.8260   4.0709   4.3719   3.8740   0.0000   0.0000
    7.20   12.22200000  12.1350   4.3380   4.3677   3.6440   0.0000   0.0000
    7.20   13.28600000  13.0830   4.5362   4.3503   3.4090   0.0000   0.0000
    7.20   13.29300000  13.0890   4.5377   4.3507   3.4090   0.0000   0.0000
    7.20   13.29900000  13.0940   4.5391   4.3510   3.4090   0.0000   0.0000
    7.20   13.30600000  13.1000   4.5405   4.3514   3.4090   0.0000   0.0000
    7.20   13.31200000  13.1050   4.5420   4.3517   3.4100   0.0000   0.0000
    7.20   13.31900000  13.1110   4.5435   4.3522   3.4100   0.0000   0.0000
    7.20   13.32500000  13.1170   4.5451   4.3528   3.4110   0.0000   0.0000
    7.20   13.33200000  13.1220   4.5467   4.3535   3.4130   0.0000   0.0000
    7.20   13.33900000  13.1280   4.5482   4.3541   3.4140   0.0000   0.0000
    7.20   13.34500000  13.1330   4.5499   4.3549   3.4150   0.0000   0.0000
    7.20   13.35200000  13.1390   4.5516   4.3558   3.4180   0.0000   0.0000
    7.20   13.35800000  13.1450   4.5533   4.3569   3.4210   0.0000   0.0000
    7.20   13.36500000  13.1500   4.5552   4.3582   3.4240   0.0000   0.0000
    7.20   13.37200000  13.1560   4.5573   4.3596   3.4280   0.0000   0.0000
    7.20   13.37800000  13.1610   4.5594   4.3614   3.4340   0.0000   0.0000
    7.20   13.38500000  13.1670   4.5616   4.3633   3.4400   0.0000   0.0000
    7.20   13.39100000  13.1730   4.5641   4.3656   3.4470   0.0000   0.0000
    7.20   13.39800000  13.1780   4.5675   4.3692   3.4560   0.0000   0.0000
    7.20   13.40500000  13.1840   4.5729   4.3748   3.4710   0.0000   0.0000
    7.20   13.41100000  13.1890   4.5822   4.3834   3.4950   0.0000   0.0000
    7.20   13.41800000  13.1950   4.6019   4.3978   3.5320   0.0000   0.0000
    7.20   13.42500000  13.2000   4.6053   4.3552   3.3490   0.0000   0.0000
    7.20   13.43100000  13.2060   4.6446   4.2637   2.9340   0.0000   0.0000
    7.20   13.43800000  13.2110   4.6529   4.1479   2.4560   0.0000   0.0000
    7.20   13.44400000  13.2160   4.6135   3.9382   1.6560   0.0000   0.0000
    7.20   13.45100000  13.2130   4.4979   3.5990   0.4110   0.0000   0.0000
    7.20   13.45800000  13.2080   4.5007   3.5741   0.3080   0.0000   0.0000
    7.20   13.46400000  13.2040   4.5445   3.5680   0.2390   0.0000   0.0000
    7.20   13.47100000  13.2000   4.5883   3.5619   0.1710   0.0000   0.0000
    7.20   13.47800000  13.1950   4.6110   3.5589   0.1360   0.0000   0.0000
    7.20   13.48400000  13.1890   4.6140   3.5588   0.1320   0.0000   0.0000
    7.20   13.49100000  13.1830   4.6170   3.5587   0.1290   0.0000   0.0000
    7.20   13.49800000  13.1770   4.6198   3.5585   0.1250   0.0000   0.0000
    7.20   13.50400000  13.1710   4.6224   3.5585   0.1220   0.0000   0.0000
    7.20   13.51100000  13.1650   4.6250   3.5584   0.1190   0.0000   0.0000
    7.20   13.51800000  13.1580   4.6275   3.5583   0.1160   0.0000   0.0000
    7.20   13.52400000  13.1510   4.6300   3.5582   0.1130   0.0000   0.0000
    7.20   13.53100000  13.1450   4.6325   3.5582   0.1100   0.0000   0.0000
    7.20   13.53800000  13.1380   4.6351   3.5581   0.1070   0.0000   0.0000
    7.20   13.54400000  13.1310   4.6376   3.5580   0.1040   0.0000   0.0000
    7.20   13.55100000  13.1240   4.6401   3.5579   0.1010   0.0000   0.0000
    7.20   13.55800000  13.1160   4.6424   3.5579   0.0980   0.0000   0.0000
    7.20   13.56500000  13.1080   4.6447   3.5578   0.0950   0.0000   0.0000
    7.20   13.57100000  13.1000   4.6470   3.5578   0.0920   0.0000   0.0000
    7.20   13.57800000  13.0920   4.6493   3.5577   0.0900   0.0000   0.0000
    7.20   13.76000000  12.8130   4.7099   3.5555   0.0110   0.0000   0.0000
    7.20   14.17400000  11.7000   4.8122   3.5522  -0.1440   0.0000   0.0000
# log(age) Mini Mact logl logt logg Composition Phase
    7.25    0.80000000   0.8000  -0.6631   3.6691   4.6340   0.0000   0.0000
    7.25    0.90100000   0.9010  -0.4218   3.7066   4.5940   0.0000   0.0000
    7.25    1.01400000   1.0140  -0.1762   3.7413   4.5390   0.0000   0.0000
    7.25    1.14200000   1.1420   0.0619   3.7707   4.4700   0.0000   0.0000
    7.25    1.28500000   1.2850   0.2853   3.7950   4.3950   0.0000   0.0000
    7.25    1.44700000   1.4470   0.5296   3.8249   4.3210   0.0000   0.0000
    7.25    1.62900000   1.6290   0.7638   3.8598   4.2920   0.0000   0.0000
    7.25    1.83400000   1.8340   0.9872   3.9027   4.3110   0.0000   0.0000
    7.25    2.06500000   2.0650   1.2030   3.9473   4.3250   0.0000   0.0000
    7.25    2.32500000   2.3250   1.4115   3.9881   4.3300   0.0000   0.0000
    7.25    2.61800000   2.6180   1.6186   4.0270   4.3280   0.0000   0.0000
    7.25    2.94700000   2.9470   1.8223   4.0632   4.3190   0.0000   0.0000
    7.25    3.31800000   3.3180   2.0217   4.0973   4.3060   0.0000   0.0000
    7.25    3.73500000   3.7350   2.2215   4.1308   4.2900   0.0000   0.0000
    7.25    4.20600000   4.2060   2.4203   4.1633   4.2720   0.0000   0.0000
    7.25    4.73500000   4.7350   2.6176   4.1947   4.2520   0.0000   0.0000
    7.25    5.33100000   5.3310   2.8148   4.2249   4.2270   0.0000   0.0000
    7.25    6.00200000   6.0010   3.0133   4.2540   4.1970   0.0000   0.0000
    7.25    6.75700000   6.7570   3.2188   4.2827   4.1580   0.0000   0.0000
    7.25    7.60700000   7.6070   3.4255   4.3089   4.1080   0.0000   0.0000
    7.25    8.56500000   8.5620   3.6400   4.3329   4.0420   0.0000   0.0000
    7.25    9.64200000   9.6320   3.8666   4.3524   3.9470   0.0000   0.0000
    7.25   10.85600000  10.8180   4.1177   4.3598   3.7800   0.0000   0.0000
    7.25   12.22200000  12.1030   4.4178   4.3368   3.4430   0.0000   0.0000
    7.25   12.24600000  12.1250   4.4234   4.3376   3.4420   0.0000   0.0000
    7.25   12.25200000  12.1300   4.4249   4.3379   3.4420   0.0000   0.0000
    7.25   12.25800000  12.1350   4.4264   4.3383   3.4420   0.0000   0.0000
    7.25   12.26400000  12.1410   4.4278   4.3387   3.4420   0.0000   0.0000
    7.25   12.27000000  12.1460   4.4294   4.3391   3.4430   0.0000   0.0000
    7.25   12.27700000  12.1510   4.4309   4.3396   3.4430   0.0000   0.0000
    7.25   12.28300000  12.1570   4.4325   4.3402   3.4450   0.0000   0.0000
    7.25   12.28900000  12.1620   4.4341   4.3409   3.4460   0.0000   0.0000
    7.25   12.29500000  12.1670   4.4357   4.3416   3.4470   0.0000   0.0000
    7.25   12.30100000  12.1730   4.4375   4.3424   3.4490   0.0000   0.0000
    7.25   12.30700000  12.1780   4.4392   4.3434   3.4520   0.0000   0.0000
    7.25   12.31300000  12.1830   4.4410   4.3445   3.4550   0.0000   0.0000
    7.25   12.31900000  12.1890   4.4430   4.3458   3.4580   0.0000   0.0000
    7.25   12.32500000  12.1940   4.4451   4.3473   3.4630   0.0000   0.0000
    7.25   12.33100000  12.1990   4.4473   4.3491   3.4690   0.0000   0.0000
    7.25   12.33700000  12.2050   4.4497   4.3512   3.4750   0.0000   0.0000
    7.25   12.34300000  12.2100   4.4524   4.3536   3.4820   0.0000   0.0000
    7.25   12.34900000  12.2150   4.4564   4.3574   3.4920   0.0000   0.0000
    7.25   12.35600000  12.2210   4.4629   4.3634   3.5080   0.0000   0.0000
    7.25   12.36200000  12.2260   4.4750   4.3730   3.5330   0.0000   0.0000
    7.25   12.36800000  12.2310   4.4911   4.3848   3.5640   0.0000   0.0000
    7.25   12.37400000  12.2370   4.5028   4.3236   3.2950   0.0000   0.0000
    7.25   12.38000000  12.2420   4.5347   4.2419   2.9270   0.0000   0.0000
    7.25   12.38600000  12.2470   4.5376   4.1386   2.5040   0.0000   0.0000
    7.25   12.39200000  12.2520   4.4872   3.9425   1.7670   0.0000   0.0000
    7.25   12.39800000  12.2520   4.2916   3.5859   0.5310   0.0000   0.0000
    7.25   12.40500000  12.2500   4.3429   3.5793   0.4540   0.0000   0.0000
    7.25   12.41100000  12.2480   4.3942   3.5728   0.3760   0.0000   0.0000
    7.25   12.41700000  12.2460   4.4454   3.5662   0.2990   0.0000   0.0000
    7.25   12.42300000  12.2450   4.4908   3.5604   0.2300   0.0000   0.0000
    7.25   12.42900000  12.2420   4.4938   3.5603   0.2260   0.0000   0.0000
    7.25   12.43500000  12.2390   4.4968   3.5602   0.2230   0.0000   0.0000
    7.25   12.44100000  12.2370   4.4998   3.5600   0.2190   0.0000   0.0000
    7.25   12.44700000  12.2340   4.5025   3.5599   0.2160   0.0000   0.0000
    7.25   12.45400000  12.2310   4.5050   3.5599   0.2130   0.0000   0.0000
    7.25   12.46000000  12.2280   4.5075   3.5598   0.2100   0.0000   0.0000
    7.25   12.46600000  12.2240   4.5100   3.5597   0.2070   0.0000   0.0000
    7.25   12.47200000  12.2210   4.5125   3.5596   0.2040   0.0000   0.0000
    7.25   12.47800000  12.2170   4.5150   3.5595   0.2010   0.0000   0.0000
    7.25   12.48400000  12.2140   4.5175   3.5594   0.1980   0.0000   0.0000
    7.25   12.49100000  12.2100   4.5200   3.5593   0.1950   0.0000   0.0000
    7.25   12.49700000  12.2070   4.5225   3.5592   0.1920   0.0000   0.0000
    7.25   12.50300000  12.2030   4.5247   3.5591   0.1890   0.0000   0.0000
    7.25   12.50900000  12.1990   4.5269   3.5590   0.1870   0.0000   0.0000
    7.25   12.51500000  12.1940   4.5291   3.5589   0.1840   0.0000   0.0000
    7.25   12.59000000  12.1360   4.5558   3.5577   0.1500   0.0000   0.0000
    7.25   12.96800000  11.5600   4.6635   3.5543   0.0080   0.0000   0.0000
# log(age) Mini Mact logl logt logg Composition Phase
    7.30    0.80000000   0.8000  -0.6631   3.6691   4.6340   0.0000   0.0000
    7.30    0.90100000   0.9010  -0.4217   3.7066   4.5940   0.0000   0.0000
    7.30    1.01400000   1.0140  -0.1762   3.7413   4.5390   0.0000   0.0000
    7.30    1.14200000   1.1420   0.0619   3.7707   4.4700   0.0000   0.0000
    7.30    1.28500000   1.2850   0.2853   3.7950   4.3950   0.0000   0.0000
    7.30    1.44700000   1.4470   0.5296   3.8249   4.3210   0.0000   0.0000
    7.30    1.62900000   1.6290   0.7638   3.8598   4.2920   0.0000   0.0000
    7.30    1.83400000   1.8340   0.9872   3.9027   4.3110   0.0000   0.0000
    7.30    2.06500000   2.0650   1.2030   3.9473   4.3250   0.0000   0.0000
    7.30    2.32500000   2.3250   1.4116   3.9881   4.3290   0.0000   0.0000
    7.30    2.61800000   2.6180   1.6192   4.0268   4.3260   0.0000   0.0000
    7.30    2.94700000   2.9470   1.8228   4.0630   4.3170   0.0000   0.0000
    7.30    3.31800000   3.3180   2.0228   4.0969   4.3030   0.0000   0.0000
    7.30    3.73500000   3.7350   2.2233   4.1302   4.2860   0.0000   0.0000
    7.30    4.20600000   4.2060   2.4230   4.1625   4.2660   0.0000   0.0000
    7.30    4.73500000   4.7350   2.6215   4.1938   4.2440   0.0000   0.0000
    7.30    5.33100000   5.3310   2.8204   4.2239   4.2170   0.0000   0.0000
    7.30    6.00200000   6.0010   3.0215   4.2528   4.1840   0.0000   0.0000
    7.30    6.75700000   6.7570   3.2308   4.2810   4.1400   0.0000   0.0000
    7.30    7.60700000   7.6060   3.4424   4.3064   4.0820   0.0000   0.0000
    7.30    8.56500000   8.5620   3.6646   4.3293   4.0040   0.0000   0.0000
    7.30    9.64200000   9.6290   3.9040   4.3445   3.8800   0.0000   0.0000
    7.30   10.85600000  10.8060   4.1772   4.3392   3.6410   0.0000   0.0000
    7.30   11.42800000  11.3450   4.3192   4.3242   3.4640   0.0000   0.0000
    7.30   11.43400000  11.3500   4.3208   4.3243   3.4630   0.0000   0.0000
    7.30   11.43900000  11.3560   4.3225   4.3245   3.4630   0.0000   0.0000
    7.30   11.44500000  11.3610   4.3241   4.3247   3.4620   0.0000   0.0000
    7.30   11.45100000  11.3660   4.3258   4.3250   3.4620   0.0000   0.0000
    7.30   11.45600000  11.3710   4.3275   4.3253   3.4610   0.0000   0.0000
    7.30   11.46200000  11.3770   4.3293   4.3257   3.4620   0.0000   0.0000
    7.30   11.46800000  11.3820   4.3311   4.3262   3.4630   0.0000   0.0000
    7.30   11.47300000  11.3870   4.3330   4.3268   3.4630   0.0000   0.0000
    7.30   11.47900000  11.3920   4.3348   4.3275   3.4650   0.0000   0.0000
    7.30   11.48500000  11.3980   4.3368   4.3283   3.4660   0.0000   0.0000
    7.30   11.49000000  11.4030   4.3388   4.3293   3.4680   0.0000   0.0000
    7.30   11.49600000  11.4080   4.3410   4.3305   3.4720   0.0000   0.0000
    7.30   11.50200000  11.4130   4.3432   4.3319   3.4750   0.0000   0.0000
    7.30   11.50700000  11.4180   4.3458   4.3336   3.4800   0.0000   0.0000
    7.30   11.51300000  11.4240   4.3485   4.3357   3.4870   0.0000   0.0000
    7.30   11.51900000  11.4290   4.3515   4.3384   3.4950   0.0000   0.0000
    7.30   11.52400000  11.4340   4.3551   4.3417   3.5050   0.0000   0.0000
    7.30   11.53000000  11.4390   4.3615   4.3473   3.5200   0.0000   0.0000
    7.30   11.53600000  11.4450   4.3740   4.3579   3.5480   0.0000   0.0000
    7.30   11.54100000  11.4500   4.3820   4.3656   3.5700   0.0000   0.0000
    7.30   11.54700000  11.4550   4.4208   4.2821   3.1810   0.0000   0.0000
    7.30   11.55300000  11.4600   4.4367   4.1763   2.7320   0.0000   0.0000
    7.30   11.55900000  11.4650   4.4133   3.9697   1.9210   0.0000   0.0000
    7.30   11.56400000  11.4670   4.2855   3.6482   0.7600   0.0000   0.0000
    7.30   11.57000000  11.4670   4.2111   3.5854   0.5810   0.0000   0.0000
    7.30   11.57600000  11.4650   4.2723   3.5777   0.4890   0.0000   0.0000
    7.30   11.58100000  11.4620   4.3337   3.5700   0.3970   0.0000   0.0000
    7.30   11.58700000  11.4600   4.3928   3.5625   0.3080   0.0000   0.0000
    7.30   11.59300000  11.4570   4.3953   3.5624   0.3050   0.0000   0.0000
    7.30   11.59900000  11.4540   4.3979   3.5623   0.3020   0.0000   0.0000
    7.30   11.60400000  11.4510   4.4004   3.5623   0.2990   0.0000   0.0000
    7.30   11.61000000  11.4480   4.4026   3.5622   0.2960   0.0000   0.0000
    7.30   11.61600000  11.4450   4.4049   3.5622   0.2930   0.0000   0.0000
    7.30   11.62200000  11.4410   4.4075   3.5620   0.2900   0.0000   0.0000
    7.30   11.62700000  11.4370   4.4101   3.5619   0.2870   0.0000   0.0000
    7.30   11.63300000  11.4340   4.4127   3.5618   0.2840   0.0000   0.0000
    7.30   11.63900000  11.4300   4.4153   3.5616   0.2800   0.0000   0.0000
    7.30   11.64500000  11.4260   4.4176   3.5615   0.2770   0.0000   0.0000
    7.30   11.65000000  11.4220   4.4198   3.5614   0.2750   0.0000   0.0000
    7.30   11.65600000  11.4180   4.4220   3.5613   0.2720   0.0000   0.0000
    7.30   11.66200000  11.4130   4.4241   3.5612   0.2690   0.0000   0.0000
    7.30   11.66800000  11.4090   4.4260   3.5611   0.2670   0.0000   0.0000
    7.30   11.67300000  11.4050   4.4279   3.5610   0.2640   0.0000   0.0000
    7.30   11.86500000  11.2050   4.5096   3.5704   0.2130   0.0000   0.0000
    7.30   12.22200000  10.5980   4.6289   3.5520  -0.0050   0.0000   0.0000
# log(age) Mini Mact logl logt logg Composition Phase
    7.35    0.80000000   0.8000  -0.6631   3.6691   4.6340   0.0000   0.0000
    7.35    0.90100000   0.9010  -0.4217   3.7066   4.5940   0.0000   0.0000
    7.35    1.01400000   1.0140  -0.1762   3.7414   4.5390   0.0000   0.0000
    7.35    1.14200000   1.1420   0.0620   3.7707   4.4690   0.0000   0.0000
    7.35    1.28500000   1.2850   0.2853   3.7950   4.3950   0.0000   0.0000
    7.35    1.44700000   1.4470   0.5296   3.8249   4.3210   0.0000   0.0000
    7.35    1.62900000   1.6290   0.7638   3.8598   4.2920   0.0000   0.0000
    7.35    1.83400000   1.8340   0.9872   3.9027   4.3110   0.0000   0.0000
    7.35    2.06500000   2.0650   1.2030   3.9473   4.3250   0.0000   0.0000
    7.35    2.32500000   2.3250   1.4122   3.9880   4.3280   0.0000   0.0000
    7.35    2.61800000   2.6180   1.6197   4.0267   4.3250   0.0000   0.0000
    7.35    2.94700000   2.9470   1.8239   4.0626   4.3140   0.0000   0.0000
    7.35    3.31800000   3.3180   2.0241   4.0965   4.3000   0.0000   0.0000
    7.35    3.73500000   3.7350   2.2254   4.1296   4.2810   0.0000   0.0000
    7.35    4.20600000   4.2060   2.4260   4.1615   4.2590   0.0000   0.0000
    7.35    4.73500000   4.7350   2.6261   4.1928   4.2360   0.0000   0.0000
    7.35    5.33100000   5.3310   2.8270   4.2228   4.2070   0.0000   0.0000
    7.35    6.00200000   6.0010   3.0309   4.2515   4.1700   0.0000   0.0000
    7.35    6.75700000   6.7570   3.2446   4.2791   4.1190   0.0000   0.0000
    7.35    7.60700000   7.6060   3.4625   4.3035   4.0510   0.0000   0.0000
    7.35    8.56500000   8.5610   3.6946   4.3240   3.9540   0.0000   0.0000
    7.35    9.64200000   9.6250   3.9507   4.3324   3.7870   0.0000   0.0000
    7.35   10.74400000  10.6820   4.2289   4.3120   3.4800   0.0000   0.0000
    7.35   10.74900000  10.6870   4.2305   4.3121   3.4790   0.0000   0.0000
    7.35   10.75400000  10.6920   4.2322   4.3123   3.4780   0.0000   0.0000
    7.35   10.76000000  10.6970   4.2339   4.3125   3.4780   0.0000   0.0000
    7.35   10.76500000  10.7020   4.2355   4.3128   3.4780   0.0000   0.0000
    7.35   10.77000000  10.7070   4.2373   4.3131   3.4770   0.0000   0.0000
    7.35   10.77600000  10.7120   4.2391   4.3135   3.4780   0.0000   0.0000
    7.35   10.78100000  10.7170   4.2409   4.3140   3.4780   0.0000   0.0000
    7.35   10.78600000  10.7220   4.2428   4.3146   3.4790   0.0000   0.0000
    7.35   10.79200000  10.7270   4.2447   4.3153   3.4800   0.0000   0.0000
    7.35   10.79700000  10.7320   4.2467   4.3162   3.4820   0.0000   0.0000
    7.35   10.80200000  10.7370   4.2488   4.3172   3.4850   0.0000   0.0000
    7.35   10.80800000  10.7420   4.2511   4.3185   3.4880   0.0000   0.0000
    7.35   10.81300000  10.7470   4.2534   4.3200   3.4920   0.0000   0.0000
    7.35   10.81800000  10.7520   4.2561   4.3218   3.4970   0.0000   0.0000
    7.35   10.82400000  10.7570   4.2591   4.3242   3.5040   0.0000   0.0000
    7.35   10.82900000  10.7620   4.2624   4.3270   3.5130   0.0000   0.0000
    7.35   10.83400000  10.7670   4.2667   4.3309   3.5250   0.0000   0.0000
    7.35   10.84000000  10.7720   4.2752   4.3382   3.5440   0.0000   0.0000
    7.35   10.84500000  10.7770   4.2936   4.3514   3.5780   0.0000   0.0000
    7.35   10.85000000  10.7820   4.2968   4.3246   3.4610   0.0000   0.0000
    7.35   10.85600000  10.7870   4.3405   4.2469   3.0930   0.0000   0.0000
    7.35   10.86100000  10.7910   4.3389   4.1393   2.6550   0.0000   0.0000
    7.35   10.86700000  10.7960   4.3211   3.8833   1.6390   0.0000   0.0000
    7.35   10.87200000  10.7980   4.2643   3.6687   0.8370   0.0000   0.0000
    7.35   10.87700000  10.7980   4.2174   3.6003   0.6090   0.0000   0.0000
    7.35   10.88300000  10.7990   4.1795   3.5875   0.5950   0.0000   0.0000
    7.35   10.88800000  10.7980   4.1948   3.5797   0.5490   0.0000   0.0000
    7.35   10.89300000  10.7970   4.2399   3.5740   0.4810   0.0000   0.0000
    7.35   10.89900000  10.7950   4.2853   3.5683   0.4120   0.0000   0.0000
    7.35   10.90400000  10.7940   4.3109   3.5651   0.3740   0.0000   0.0000
    7.35   10.91000000  10.7920   4.3114   3.5652   0.3740   0.0000   0.0000
    7.35   10.91500000  10.7910   4.3120   3.5652   0.3730   0.0000   0.0000
    7.35   10.92000000  10.7890   4.3126   3.5653   0.3730   0.0000   0.0000
    7.35   10.92600000  10.7870   4.3133   3.5654   0.3720   0.0000   0.0000
    7.35   10.93100000  10.7840   4.3143   3.5654   0.3710   0.0000   0.0000
    7.35   10.93700000  10.7820   4.3157   3.5653   0.3690   0.0000   0.0000
    7.35   10.94200000  10.7790   4.3172   3.5653   0.3680   0.0000   0.0000
    7.35   10.94700000  10.7760   4.3187   3.5653   0.3660   0.0000   0.0000
    7.35   10.95300000  10.7730   4.3199   3.5652   0.3640   0.0000   0.0000
    7.35   10.95800000  10.7700   4.3209   3.5652   0.3630   0.0000   0.0000
    7.35   10.96400000  10.7670   4.3218   3.5651   0.3620   0.0000   0.0000
    7.35   10.96900000  10.7640   4.3228   3.5651   0.3600   0.0000   0.0000
    7.35   10.97400000  10.7610   4.3227   3.5651   0.3610   0.0000   0.0000
    7.35   11.18200000  10.6090   4.4341   3.6600   0.6270   0.0000   0.0000
# log(age) Mini Mact logl logt logg Composition Phase
    7.40    0.80000000   0.8000  -0.6631   3.6691   4.6330   0.0000   0.0000
    7.40    0.90100000   0.9010  -0.4217   3.7066   4.5940   0.0000   0.0000
    7.40    1.01400000   1.0140  -0.1762   3.7414   4.5390   0.0000   0.0000
    7.40    1.14200000   1.1420   0.0620   3.7707   4.4690   0.0000   0.0000
    7.40    1.28500000   1.2850   0.2853   3.7951   4.3950   0.0000   0.0000
    7.40    1.44700000   1.4470   0.5297   3.8249   4.3210   0.0000   0.0000
    7.40    1.62900000   1.6290   0.7638   3.8598   4.2920   0.0000   0.0000
    7.40    1.83400000   1.8340   0.9872   3.9027   4.3110   0.0000   0.0000
    7.40    2.06500000   2.0650   1.2030   3.9473   4.3250   0.0000   0.0000
    7.40    2.32500000   2.3250   1.4128   3.9878   4.3260   0.0000   0.0000
    7.40    2.61800000   2.6180   1.6203   4.0265   4.3230   0.0000   0.0000
    7.40    2.94700000   2.9470   1.8250   4.0623   4.3110   0.0000   0.0000
    7.40    3.31800000   3.3180   2.0259   4.0960   4.2960   0.0000   0.0000
    7.40    3.73500000   3.7350   2.2278   4.1289   4.2760   0.0000   0.0000
    7.40    4.20600000   4.2060   2.4294   4.1606   4.2520   0.0000   0.0000
    7.40    4.73500000   4.7350   2.6313   4.1918   4.2270   0.0000   0.0000
    7.40    5.33100000   5.3310   2.8346   4.2216   4.1950   0.0000   0.0000
    7.40    6.00200000   6.0010   3.0420   4.2500   4.1530   0.0000   0.0000
    7.40    6.75700000   6.7570   3.2610   4.2767   4.0930   0.0000   0.0000
    7.40    7.60700000   7.6060   3.4864   4.2996   4.0130   0.0000   0.0000
    7.40    8.56500000   8.5610   3.7314   4.3162   3.8880   0.0000   0.0000
    7.40    9.64200000   9.6190   4.0102   4.3119   3.6490   0.0000   0.0000
    7.40   10.09600000  10.0530   4.1370   4.2996   3.4960   0.0000   0.0000
    7.40   10.10100000  10.0580   4.1386   4.2998   3.4950   0.0000   0.0000
    7.40   10.10600000  10.0630   4.1402   4.2999   3.4940   0.0000   0.0000
    7.40   10.11100000  10.0670   4.1419   4.3001   3.4940   0.0000   0.0000
    7.40   10.11600000  10.0720   4.1436   4.3003   3.4930   0.0000   0.0000
    7.40   10.12100000  10.0770   4.1453   4.3006   3.4930   0.0000   0.0000
    7.40   10.12600000  10.0820   4.1471   4.3009   3.4930   0.0000   0.0000
    7.40   10.13100000  10.0860   4.1489   4.3013   3.4930   0.0000   0.0000
    7.40   10.13600000  10.0910   4.1507   4.3019   3.4940   0.0000   0.0000
    7.40   10.14100000  10.0960   4.1526   4.3025   3.4950   0.0000   0.0000
    7.40   10.14600000  10.1010   4.1546   4.3032   3.4960   0.0000   0.0000
    7.40   10.15100000  10.1050   4.1567   4.3041   3.4980   0.0000   0.0000
    7.40   10.15600000  10.1100   4.1589   4.3052   3.5010   0.0000   0.0000
    7.40   10.16100000  10.1150   4.1612   4.3065   3.5040   0.0000   0.0000
    7.40   10.16600000  10.1190   4.1636   4.3081   3.5090   0.0000   0.0000
    7.40   10.17100000  10.1240   4.1666   4.3101   3.5140   0.0000   0.0000
    7.40   10.17600000  10.1290   4.1698   4.3127   3.5220   0.0000   0.0000
    7.40   10.18100000  10.1340   4.1734   4.3157   3.5320   0.0000   0.0000
    7.40   10.18600000  10.1380   4.1793   4.3208   3.5460   0.0000   0.0000
    7.40   10.19100000  10.1430   4.1895   4.3296   3.5690   0.0000   0.0000
    7.40   10.19600000  10.1480   4.2139   4.3449   3.6060   0.0000   0.0000
    7.40   10.20100000  10.1520   4.2293   4.2853   3.3410   0.0000   0.0000
    7.40   10.20600000  10.1570   4.2556   4.2140   3.0200   0.0000   0.0000
    7.40   10.21100000  10.1620   4.2398   4.1013   2.5750   0.0000   0.0000
    7.40   10.21600000  10.1660   4.2033   3.7913   1.3620   0.0000   0.0000
    7.40   10.22100000  10.1680   4.2137   3.6437   0.7610   0.0000   0.0000
    7.40   10.22600000  10.1680   4.1920   3.6144   0.6650   0.0000   0.0000
    7.40   10.23100000  10.1680   4.1707   3.5886   0.5830   0.0000   0.0000
    7.40   10.23600000  10.1690   4.1520   3.5840   0.5830   0.0000   0.0000
    7.40   10.24100000  10.1700   4.1362   3.5794   0.5800   0.0000   0.0000
    7.40   10.24600000  10.1690   4.1652   3.5757   0.5360   0.0000   0.0000
    7.40   10.25100000  10.1690   4.1945   3.5720   0.4920   0.0000   0.0000
    7.40   10.25600000  10.1680   4.2240   3.5683   0.4470   0.0000   0.0000
    7.40   10.26100000  10.1670   4.2274   3.5678   0.4420   0.0000   0.0000
    7.40   10.26700000  10.1670   4.2260   3.5680   0.4440   0.0000   0.0000
    7.40   10.27200000  10.1660   4.2247   3.5682   0.4470   0.0000   0.0000
    7.40   10.27700000  10.1650   4.2238   3.5684   0.4480   0.0000   0.0000
    7.40   10.28200000  10.1640   4.2229   3.5686   0.4500   0.0000   0.0000
    7.40   10.28700000  10.1630   4.2226   3.5687   0.4500   0.0000   0.0000
    7.40   10.29200000  10.1610   4.2226   3.5688   0.4510   0.0000   0.0000
    7.40   10.29700000  10.1590   4.2226   3.5688   0.4510   0.0000   0.0000
    7.40   10.30200000  10.1570   4.2224   3.5689   0.4510   0.0000   0.0000
    7.40   10.30700000  10.1550   4.2218   3.5689   0.4520   0.0000   0.0000
    7.40   10.31200000  10.1530   4.2213   3.5689   0.4520   0.0000   0.0000
    7.40   10.31700000  10.1520   4.2203   3.5690   0.4530   0.0000   0.0000
    7.40   10.53900000  10.0660   4.3632   3.7620   1.0900   0.0000   0.0000
# log(age) Mini Mact logl logt logg Composition Phase
    7.45    0.80000000   0.8000  -0.6631   3.6691   4.6330   0.0000   0.0000
    7.45    0.90100000   0.9010  -0.4217   3.7066   4.5940   0.0000   0.0000
    7.45    1.01400000   1.0140  -0.1761   3.7414   4.5390   0.0000   0.0000
    7.45    1.14200000   1.1420   0.0620   3.7707   4.4690   0.0000   0.0000
    7.45    1.28500000   1.2850   0.2854   3.7951   4.3950   0.0000   0.0000
    7.45    1.44700000   1.4470   0.5297   3.8249   4.3210   0.0000   0.0000
    7.45    1.62900000   1.6290   0.7638   3.8599   4.2920   0.0000   0.0000
    7.45    1.83400000   1.8340   0.9872   3.9027   4.3110   0.0000   0.0000
    7.45    2.06500000   2.0650   1.2034   3.9473   4.3240   0.0000   0.0000
    7.45    2.32500000   2.3250   1.4133   3.9877   4.3250   0.0000   0.0000
    7.45    2.61800000   2.6180   1.6209   4.0263   4.3210   0.0000   0.0000
    7.45    2.94700000   2.9470   1.8261   4.0619   4.3090   0.0000   0.0000
    7.45    3.31800000   3.3180   2.0276   4.0955   4.2910   0.0000   0.0000
    7.45    3.73500000   3.7350   2.2305   4.1280   4.2690   0.0000   0.0000
    7.45    4.20600000   4.2060   2.4335   4.1596   4.2440   0.0000   0.0000
    7.45    4.73500000   4.7350   2.6373   4.1907   4.2160   0.0000   0.0000
    7.45    5.33100000   5.3310   2.8434   4.2204   4.1810   0.0000   0.0000
    7.45    6.00200000   6.0010   3.0547   4.2481   4.1330   0.0000   0.0000
    7.45    6.75700000   6.7570   3.2803   4.2736   4.0630   0.0000   0.0000
    7.45    7.60700000   7.6060   3.5154   4.2942   3.9630   0.0000   0.0000
    7.45    8.56500000   8.5590   3.7771   4.3043   3.7970   0.0000   0.0000
    7.45    9.49100000   9.4660   4.0467   4.2874   3.5120   0.0000   0.0000
    7.45    9.49600000   9.4700   4.0483   4.2876   3.5110   0.0000   0.0000
    7.45    9.50100000   9.4750   4.0499   4.2877   3.5100   0.0000   0.0000
    7.45    9.50500000   9.4790   4.0516   4.2879   3.5100   0.0000   0.0000
    7.45    9.51000000   9.4840   4.0533   4.2881   3.5090   0.0000   0.0000
    7.45    9.51500000   9.4880   4.0551   4.2884   3.5090   0.0000   0.0000
    7.45    9.51900000   9.4930   4.0569   4.2887   3.5090   0.0000   0.0000
    7.45    9.52400000   9.4970   4.0587   4.2892   3.5090   0.0000   0.0000
    7.45    9.52900000   9.5020   4.0606   4.2897   3.5100   0.0000   0.0000
    7.45    9.53300000   9.5060   4.0625   4.2903   3.5110   0.0000   0.0000
    7.45    9.53800000   9.5110   4.0645   4.2911   3.5120   0.0000   0.0000
    7.45    9.54300000   9.5150   4.0666   4.2920   3.5140   0.0000   0.0000
    7.45    9.54800000   9.5200   4.0689   4.2931   3.5170   0.0000   0.0000
    7.45    9.55200000   9.5240   4.0713   4.2945   3.5210   0.0000   0.0000
    7.45    9.55700000   9.5290   4.0740   4.2963   3.5250   0.0000   0.0000
    7.45    9.56200000   9.5330   4.0770   4.2985   3.5320   0.0000   0.0000
    7.45    9.56600000   9.5380   4.0806   4.3012   3.5400   0.0000   0.0000
    7.45    9.57100000   9.5420   4.0850   4.3049   3.5510   0.0000   0.0000
    7.45    9.57600000   9.5470   4.0924   4.3110   3.5680   0.0000   0.0000
    7.45    9.58100000   9.5510   4.1069   4.3220   3.5960   0.0000   0.0000
    7.45    9.58500000   9.5560   4.1022   4.3160   3.5750   0.0000   0.0000
    7.45    9.59000000   9.5600   4.1551   4.2501   3.2460   0.0000   0.0000
    7.45    9.59500000   9.5640   4.1680   4.1822   2.9530   0.0000   0.0000
    7.45    9.60000000   9.5690   4.1397   4.0627   2.4940   0.0000   0.0000
    7.45    9.60400000   9.5730   3.9427   3.7039   1.2460   0.0000   0.0000
    7.45    9.60900000   9.5740   4.1567   3.6089   0.6520   0.0000   0.0000
    7.45    9.61400000   9.5750   4.1471   3.5982   0.6180   0.0000   0.0000
    7.45    9.61900000   9.5750   4.1373   3.5873   0.5840   0.0000   0.0000
    7.45    9.62300000   9.5750   4.1275   3.5794   0.5620   0.0000   0.0000
    7.45    9.62800000   9.5760   4.1178   3.5780   0.5670   0.0000   0.0000
    7.45    9.63300000   9.5770   4.1079   3.5766   0.5710   0.0000   0.0000
    7.45    9.63800000   9.5770   4.1091   3.5750   0.5630   0.0000   0.0000
    7.45    9.64200000   9.5770   4.1225   3.5733   0.5430   0.0000   0.0000
    7.45    9.64700000   9.5770   4.1361   3.5716   0.5230   0.0000   0.0000
    7.45    9.65200000   9.5770   4.1457   3.5703   0.5080   0.0000   0.0000
    7.45    9.65700000   9.5780   4.1425   3.5707   0.5130   0.0000   0.0000
    7.45    9.66100000   9.5780   4.1393   3.5710   0.5170   0.0000   0.0000
    7.45    9.66600000   9.5780   4.1363   3.5713   0.5210   0.0000   0.0000
    7.45    9.67100000   9.5780   4.1337   3.5716   0.5250   0.0000   0.0000
    7.45    9.67600000   9.5780   4.1312   3.5719   0.5290   0.0000   0.0000
    7.45    9.68100000   9.5770   4.1292   3.5721   0.5320   0.0000   0.0000
    7.45    9.68500000   9.5770   4.1272   3.5724   0.5350   0.0000   0.0000
    7.45    9.69000000   9.5760   4.1251   3.5725   0.5370   0.0000   0.0000
    7.45    9.69500000   9.5760   4.1226   3.5727   0.5400   0.0000   0.0000
    7.45    9.70000000   9.5750   4.1202   3.5728   0.5430   0.0000   0.0000
    7.45    9.93200000   9.5670   4.2905   3.8589   1.5390   0.0000   0.0000
# log(age) Mini Mact logl logt logg Composition Phase
    7.50    0.80000000   0.8000  -0.6631   3.6691   4.6330   0.0000   0.0000
    7.50    0.90100000   0.9010  -0.4217   3.7066   4.5940   0.0000   0.0000
    7.50    1.01400000   1.0140  -0.1761   3.7414   4.5390   0.0000   0.0000
    7.50    1.14200000   1.1420   0.0620   3.7708   4.4690   0.0000   0.0000
    7.50    1.28500000   1.2850   0.2854   3.7951   4.3950   0.0000   0.0000
    7.50    1.44700000   1.4470   0.5297   3.8249   4.3210   0.0000   0.0000
    7.50    1.62900000   1.6290   0.7639   3.8599   4.2920   0.0000   0.0000
    7.50    1.83400000   1.8340   0.9872   3.9027   4.3110   0.0000   0.0000
    7.50    2.06500000   2.0650   1.2039   3.9472   4.3230   0.0000   0.0000
    7.50    2.32500000   2.3250   1.4139   3.9876   4.3240   0.0000   0.0000
    7.50    2.61800000   2.6180   1.6220   4.0259   4.3180   0.0000   0.0000
    7.50    2.94700000   2.9470   1.8276   4.0615   4.3050   0.0000   0.0000
    7.50    3.31800000   3.3180   2.0299   4.0949   4.2870   0.0000   0.0000
    7.50    3.73500000   3.7350   2.2336   4.1270   4.2620   0.0000   0.0000
    7.50    4.20600000   4.2060   2.4383   4.1585   4.2350   0.0000   0.0000
    7.50    4.73500000   4.7350   2.6442   4.1895   4.2050   0.0000   0.0000
    7.50    5.33100000   5.3310   2.8535   4.2189   4.1650   0.0000   0.0000
    7.50    6.00200000   6.0010   3.0698   4.2458   4.1090   0.0000   0.0000
    7.50    6.75700000   6.7570   3.3032   4.2697   4.0250   0.0000   0.0000
    7.50    7.60700000   7.6050   3.5508   4.2865   3.8990   0.0000   0.0000
    7.50    8.56500000   8.5570   3.8355   4.2843   3.6620   0.0000   0.0000
    7.50    8.91800000   8.9070   3.9530   4.2749   3.5290   0.0000   0.0000
    7.50    8.92300000   8.9110   3.9547   4.2750   3.5280   0.0000   0.0000
    7.50    8.92700000   8.9150   3.9564   4.2750   3.5270   0.0000   0.0000
    7.50    8.93200000   8.9200   3.9581   4.2751   3.5260   0.0000   0.0000
    7.50    8.93600000   8.9240   3.9598   4.2753   3.5250   0.0000   0.0000
    7.50    8.94100000   8.9280   3.9616   4.2755   3.5240   0.0000   0.0000
    7.50    8.94500000   8.9330   3.9634   4.2758   3.5240   0.0000   0.0000
    7.50    8.94900000   8.9370   3.9653   4.2761   3.5240   0.0000   0.0000
    7.50    8.95400000   8.9420   3.9672   4.2765   3.5240   0.0000   0.0000
    7.50    8.95800000   8.9460   3.9692   4.2770   3.5250   0.0000   0.0000
    7.50    8.96300000   8.9500   3.9713   4.2777   3.5250   0.0000   0.0000
    7.50    8.96700000   8.9550   3.9734   4.2784   3.5270   0.0000   0.0000
    7.50    8.97200000   8.9590   3.9757   4.2794   3.5290   0.0000   0.0000
    7.50    8.97600000   8.9630   3.9781   4.2806   3.5310   0.0000   0.0000
    7.50    8.98000000   8.9680   3.9807   4.2821   3.5350   0.0000   0.0000
    7.50    8.98500000   8.9720   3.9836   4.2839   3.5410   0.0000   0.0000
    7.50    8.98900000   8.9760   3.9870   4.2864   3.5480   0.0000   0.0000
    7.50    8.99400000   8.9810   3.9912   4.2896   3.5570   0.0000   0.0000
    7.50    8.99800000   8.9850   3.9967   4.2941   3.5710   0.0000   0.0000
    7.50    9.00300000   8.9890   4.0064   4.3020   3.5920   0.0000   0.0000
    7.50    9.00700000   8.9940   4.0276   4.3154   3.6240   0.0000   0.0000
    7.50    9.01100000   8.9980   4.0357   4.2757   3.4500   0.0000   0.0000
    7.50    9.01600000   9.0020   4.0758   4.2178   3.1690   0.0000   0.0000
    7.50    9.02000000   9.0060   4.0784   4.1506   2.8900   0.0000   0.0000
    7.50    9.02500000   9.0110   4.0388   4.0233   2.4110   0.0000   0.0000
    7.50    9.02900000   9.0150   3.6585   3.6233   1.1810   0.0000   0.0000
    7.50    9.03400000   9.0150   4.0973   3.5704   0.5300   0.0000   0.0000
    7.50    9.03800000   9.0160   4.0947   3.5705   0.5340   0.0000   0.0000
    7.50    9.04300000   9.0160   4.0920   3.5706   0.5360   0.0000   0.0000
    7.50    9.04700000   9.0170   4.0893   3.5705   0.5390   0.0000   0.0000
    7.50    9.05200000   9.0170   4.0856   3.5706   0.5430   0.0000   0.0000
    7.50    9.05600000   9.0180   4.0810   3.5711   0.5500   0.0000   0.0000
    7.50    9.06100000   9.0180   4.0764   3.5716   0.5560   0.0000   0.0000
    7.50    9.06500000   9.0190   4.0716   3.5721   0.5630   0.0000   0.0000
    7.50    9.07000000   9.0200   4.0690   3.5723   0.5670   0.0000   0.0000
    7.50    9.07400000   9.0200   4.0669   3.5726   0.5700   0.0000   0.0000
    7.50    9.07800000   9.0210   4.0650   3.5727   0.5720   0.0000   0.0000
    7.50    9.08300000   9.0220   4.0612   3.5731   0.5780   0.0000   0.0000
    7.50    9.08700000   9.0230   4.0563   3.5736   0.5850   0.0000   0.0000
    7.50    9.09200000   9.0240   4.0513   3.5741   0.5910   0.0000   0.0000
    7.50    9.09600000   9.0250   4.0468   3.5745   0.5980   0.0000   0.0000
    7.50    9.10100000   9.0260   4.0424   3.5749   0.6040   0.0000   0.0000
    7.50    9.10500000   9.0270   4.0379   3.5753   0.6100   0.0000   0.0000
    7.50    9.11000000   9.0280   4.0331   3.5758   0.6170   0.0000   0.0000
    7.50    9.11400000   9.0280   4.0283   3.5762   0.6230   0.0000   0.0000
    7.50    9.11900000   9.0290   4.0232   3.5765   0.6290   0.0000   0.0000
    7.50    9.36100000   9.1100   4.2179   3.9462   1.9560   0.0000   0.0000
# log(age) Mini Mact logl logt logg Composition Phase
    7.55    0.80000000   0.8000  -0.6631   3.6691   4.6330   0.0000   0.0000
    7.55    0.90100000   0.9010  -0.4217   3.7066   4.5940   0.0000   0.0000
    7.55    1.01400000   1.0140  -0.1761   3.7414   4.5390   0.0000   0.0000
    7.55    1.14200000   1.1420   0.0621   3.7708   4.4690   0.0000   0.0000
    7.55    1.28500000   1.2850   0.2854   3.7951   4.3950   0.0000   0.0000
    7.55    1.44700000   1.4470   0.5297   3.8249   4.3210   0.0000   0.0000
    7.55    1.62900000   1.6290   0.7639   3.8599   4.2920   0.0000   0.0000
    7.55    1.83400000   1.8340   0.9872   3.9027   4.3110   0.0000   0.0000
    7.55    2.06500000   2.0650   1.2045   3.9472   4.3220   0.0000   0.0000
    7.55    2.32500000   2.3250   1.4144   3.9875   4.3220   0.0000   0.0000
    7.55    2.61800000   2.6180   1.6231   4.0256   4.3160   0.0000   0.0000
    7.55    2.94700000   2.9470   1.8293   4.0610   4.3010   0.0000   0.0000
    7.55    3.31800000   3.3180   2.0322   4.0942   4.2810   0.0000   0.0000
    7.55    3.73500000   3.7350   2.2371   4.1260   4.2550   0.0000   0.0000
    7.55    4.20600000   4.2060   2.4437   4.1574   4.2250   0.0000   0.0000
    7.55    4.73500000   4.7350   2.6522   4.1881   4.1920   0.0000   0.0000
    7.55    5.33100000   5.3310   2.8655   4.2171   4.1470   0.0000   0.0000
    7.55    6.00200000   6.0010   3.0875   4.2429   4.0810   0.0000   0.0000
    7.55    6.75700000   6.7570   3.3307   4.2644   3.9780   0.0000   0.0000
    7.55    7.60700000   7.6050   3.5946   4.2750   3.8110   0.0000   0.0000
    7.55    8.41800000   8.4090   3.8637   4.2611   3.5380   0.0000   0.0000
    7.55    8.42200000   8.4130   3.8654   4.2611   3.5370   0.0000   0.0000
    7.55    8.42600000   8.4170   3.8671   4.2612   3.5350   0.0000   0.0000
    7.55    8.43000000   8.4210   3.8688   4.2613   3.5350   0.0000   0.0000
    7.55    8.43400000   8.4250   3.8705   4.2615   3.5340   0.0000   0.0000
    7.55    8.43900000   8.4300   3.8724   4.2617   3.5340   0.0000   0.0000
    7.55    8.44300000   8.4340   3.8742   4.2620   3.5330   0.0000   0.0000
    7.55    8.44700000   8.4380   3.8761   4.2624   3.5330   0.0000   0.0000
    7.55    8.45100000   8.4420   3.8780   4.2628   3.5330   0.0000   0.0000
    7.55    8.45500000   8.4460   3.8800   4.2633   3.5340   0.0000   0.0000
    7.55    8.45900000   8.4500   3.8821   4.2640   3.5350   0.0000   0.0000
    7.55    8.46400000   8.4540   3.8842   4.2647   3.5360   0.0000   0.0000
    7.55    8.46800000   8.4580   3.8865   4.2657   3.5380   0.0000   0.0000
    7.55    8.47200000   8.4620   3.8890   4.2668   3.5410   0.0000   0.0000
    7.55    8.47600000   8.4670   3.8916   4.2683   3.5440   0.0000   0.0000
    7.55    8.48000000   8.4710   3.8946   4.2702   3.5500   0.0000   0.0000
    7.55    8.48500000   8.4750   3.8980   4.2726   3.5560   0.0000   0.0000
    7.55    8.48900000   8.4790   3.9023   4.2758   3.5660   0.0000   0.0000
    7.55    8.49300000   8.4830   3.9081   4.2803   3.5790   0.0000   0.0000
    7.55    8.49700000   8.4870   3.9190   4.2888   3.6020   0.0000   0.0000
    7.55    8.50100000   8.4910   3.9433   4.3035   3.6370   0.0000   0.0000
    7.55    8.50500000   8.4950   3.9605   4.2541   3.4130   0.0000   0.0000
    7.55    8.51000000   8.5000   3.9898   4.2040   3.1760   0.0000   0.0000
    7.55    8.51400000   8.5040   3.9913   4.1431   2.9230   0.0000   0.0000
    7.55    8.51800000   8.5080   3.9565   4.0295   2.4950   0.0000   0.0000
    7.55    8.52200000   8.5120   3.6655   3.6569   1.2850   0.0000   0.0000
    7.55    8.52700000   8.5130   4.0105   3.5721   0.5990   0.0000   0.0000
    7.55    8.53100000   8.5140   4.0080   3.5722   0.6020   0.0000   0.0000
    7.55    8.53500000   8.5150   4.0056   3.5723   0.6050   0.0000   0.0000
    7.55    8.53900000   8.5150   4.0031   3.5724   0.6080   0.0000   0.0000
    7.55    8.54300000   8.5160   4.0001   3.5727   0.6120   0.0000   0.0000
    7.55    8.54800000   8.5170   3.9960   3.5733   0.6190   0.0000   0.0000
    7.55    8.55200000   8.5180   3.9919   3.5739   0.6250   0.0000   0.0000
    7.55    8.55600000   8.5190   3.9879   3.5745   0.6320   0.0000   0.0000
    7.55    8.56000000   8.5200   3.9839   3.5750   0.6370   0.0000   0.0000
    7.55    8.56500000   8.5210   3.9799   3.5754   0.6430   0.0000   0.0000
    7.55    8.56900000   8.5220   3.9760   3.5758   0.6490   0.0000   0.0000
    7.55    8.57300000   8.5230   3.9715   3.5763   0.6550   0.0000   0.0000
    7.55    8.57700000   8.5250   3.9664   3.5768   0.6630   0.0000   0.0000
    7.55    8.58100000   8.5260   3.9612   3.5774   0.6700   0.0000   0.0000
    7.55    8.58600000   8.5270   3.9561   3.5779   0.6770   0.0000   0.0000
    7.55    8.59000000   8.5280   3.9514   3.5784   0.6840   0.0000   0.0000
    7.55    8.59400000   8.5300   3.9464   3.5789   0.6910   0.0000   0.0000
    7.55    8.59800000   8.5310   3.9407   3.5794   0.6990   0.0000   0.0000
    7.55    8.60300000   8.5330   3.9350   3.5799   0.7070   0.0000   0.0000
    7.55    8.60700000   8.5340   3.9291   3.5803   0.7150   0.0000   0.0000
    7.55    8.61100000   8.5360   3.9231   3.5807   0.7220   0.0000   0.0000
    7.55    8.82200000   8.6600   4.1349   4.0023   2.2550   0.0000   0.0000
# log(age) Mini Mact logl logt logg Composition Phase
    7.60    0.80000000   0.8000  -0.6631   3.6691   4.6330   0.0000   0.0000
    7.60    0.90100000   0.9010  -0.4217   3.7066   4.5940   0.0000   0.0000
    7.60    1.01400000   1.0140  -0.1760   3.7414   4.5390   0.0000   0.0000
    7.60    1.14200000   1.1420   0.0621   3.7708   4.4690   0.0000   0.0000
    7.60    1.28500000   1.2850   0.2854   3.7951   4.3950   0.0000   0.0000
    7.60    1.44700000   1.4470   0.5298   3.8249   4.3210   0.0000   0.0000
    7.60    1.62900000   1.6290   0.7639   3.8599   4.2920   0.0000   0.0000
    7.60    1.83400000   1.8340   0.9878   3.9027   4.3110   0.0000   0.0000
    7.60    2.06500000   2.0650   1.2050   3.9471   4.3210   0.0000   0.0000
    7.60    2.32500000   2.3250   1.4151   3.9873   4.3210   0.0000   0.0000
    7.60    2.61800000   2.6180   1.6241   4.0253   4.3130   0.0000   0.0000
    7.60    2.94700000   2.9470   1.8311   4.0605   4.2970   0.0000   0.0000
    7.60    3.31800000   3.3180   2.0350   4.0933   4.2740   0.0000   0.0000
    7.60    3.73500000   3.7350   2.2412   4.1249   4.2460   0.0000   0.0000
    7.60    4.20600000   4.2060   2.4500   4.1562   4.2140   0.0000   0.0000
    7.60    4.73500000   4.7350   2.6613   4.1868   4.1770   0.0000   0.0000
    7.60    5.33100000   5.3310   2.8793   4.2149   4.1250   0.0000   0.0000
    7.60    6.00200000   6.0010   3.1085   4.2393   4.0460   0.0000   0.0000
    7.60    6.75700000   6.7560   3.3641   4.2570   3.9160   0.0000   0.0000
    7.60    7.60700000   7.6040   3.6503   4.2560   3.6830   0.0000   0.0000
    7.60    7.94500000   7.9390   3.7744   4.2472   3.5460   0.0000   0.0000
    7.60    7.94900000   7.9430   3.7761   4.2473   3.5450   0.0000   0.0000
    7.60    7.95300000   7.9470   3.7778   4.2474   3.5440   0.0000   0.0000
    7.60    7.95700000   7.9510   3.7795   4.2475   3.5440   0.0000   0.0000
    7.60    7.96100000   7.9550   3.7813   4.2477   3.5430   0.0000   0.0000
    7.60    7.96500000   7.9580   3.7831   4.2480   3.5430   0.0000   0.0000
    7.60    7.96900000   7.9620   3.7849   4.2483   3.5420   0.0000   0.0000
    7.60    7.97300000   7.9660   3.7869   4.2486   3.5420   0.0000   0.0000
    7.60    7.97700000   7.9700   3.7888   4.2491   3.5420   0.0000   0.0000
    7.60    7.98000000   7.9740   3.7908   4.2496   3.5430   0.0000   0.0000
    7.60    7.98400000   7.9780   3.7929   4.2503   3.5440   0.0000   0.0000
    7.60    7.98800000   7.9820   3.7951   4.2510   3.5450   0.0000   0.0000
    7.60    7.99200000   7.9860   3.7974   4.2520   3.5470   0.0000   0.0000
    7.60    7.99600000   7.9900   3.7999   4.2531   3.5500   0.0000   0.0000
    7.60    8.00000000   7.9930   3.8025   4.2545   3.5530   0.0000   0.0000
    7.60    8.00400000   7.9970   3.8055   4.2564   3.5580   0.0000   0.0000
    7.60    8.00800000   8.0010   3.8090   4.2587   3.5650   0.0000   0.0000
    7.60    8.01200000   8.0050   3.8135   4.2620   3.5740   0.0000   0.0000
    7.60    8.01600000   8.0090   3.8195   4.2666   3.5880   0.0000   0.0000
    7.60    8.02000000   8.0130   3.8310   4.2752   3.6110   0.0000   0.0000
    7.60    8.02400000   8.0170   3.8556   4.2897   3.6450   0.0000   0.0000
    7.60    8.02800000   8.0210   3.8734   4.2428   3.4310   0.0000   0.0000
    7.60    8.03200000   8.0250   3.9009   4.2014   3.2310   0.0000   0.0000
    7.60    8.03600000   8.0290   3.9060   4.1548   3.0330   0.0000   0.0000
    7.60    8.04000000   8.0330   3.8909   4.0795   2.7400   0.0000   0.0000
    7.60    8.04400000   8.0360   3.8063   3.9111   2.1430   0.0000   0.0000
    7.60    8.04800000   8.0400   3.8535   3.5839   0.7780   0.0000   0.0000
    7.60    8.05200000   8.0410   3.9207   3.5766   0.6820   0.0000   0.0000
    7.60    8.05600000   8.0420   3.9179   3.5763   0.6840   0.0000   0.0000
    7.60    8.06000000   8.0430   3.9151   3.5761   0.6860   0.0000   0.0000
    7.60    8.06400000   8.0450   3.9123   3.5758   0.6880   0.0000   0.0000
    7.60    8.06800000   8.0460   3.9089   3.5760   0.6920   0.0000   0.0000
    7.60    8.07200000   8.0470   3.9048   3.5766   0.6980   0.0000   0.0000
    7.60    8.07600000   8.0490   3.9007   3.5772   0.7050   0.0000   0.0000
    7.60    8.08000000   8.0500   3.8966   3.5778   0.7120   0.0000   0.0000
    7.60    8.08400000   8.0520   3.8927   3.5783   0.7170   0.0000   0.0000
    7.60    8.08800000   8.0530   3.8889   3.5787   0.7230   0.0000   0.0000
    7.60    8.09200000   8.0550   3.8850   3.5791   0.7280   0.0000   0.0000
    7.60    8.09600000   8.0560   3.8812   3.5795   0.7340   0.0000   0.0000
    7.60    8.10000000   8.0580   3.8763   3.5800   0.7410   0.0000   0.0000
    7.60    8.10400000   8.0590   3.8715   3.5806   0.7480   0.0000   0.0000
    7.60    8.10800000   8.0610   3.8666   3.5812   0.7550   0.0000   0.0000
    7.60    8.11200000   8.0630   3.8620   3.5817   0.7620   0.0000   0.0000
    7.60    8.11600000   8.0640   3.8575   3.5822   0.7690   0.0000   0.0000
    7.60    8.12000000   8.0660   3.8525   3.5827   0.7760   0.0000   0.0000
    7.60    8.12400000   8.0680   3.8471   3.5833   0.7840   0.0000   0.0000
    7.60    8.12800000   8.0700   3.8416   3.5838   0.7920   0.0000   0.0000
    7.60    8.31400000   8.1830   4.0292   3.9847   2.2690   0.0000   0.0000
# log(age) Mini Mact logl logt logg Composition Phase
    7.65    0.80000000   0.8000  -0.6631   3.6691   4.6330   0.0000   0.0000
    7.65    0.90100000   0.9010  -0.4216   3.7066   4.5940   0.0000   0.0000
    7.65    1.01400000   1.0140  -0.1760   3.7414   4.5390   0.0000   0.0000
    7.65    1.14200000   1.1420   0.0621   3.7708   4.4690   0.0000   0.0000
    7.65    1.28500000   1.2850   0.2855   3.7951   4.3950   0.0000   0.0000
    7.65    1.44700000   1.4470   0.5298   3.8249   4.3210   0.0000   0.0000
    7.65    1.62900000   1.6290   0.7640   3.8599   4.2920   0.0000   0.0000
    7.65    1.83400000   1.8340   0.9885   3.9028   4.3100   0.0000   0.0000
    7.65    2.06500000   2.0650   1.2055   3.9471   4.3200   0.0000   0.0000
    7.65    2.32500000   2.3250   1.4162   3.9871   4.3180   0.0000   0.0000
    7.65    2.61800000   2.6180   1.6256   4.0249   4.3090   0.0000   0.0000
    7.65    2.94700000   2.9470   1.8333   4.0599   4.2920   0.0000   0.0000
    7.65    3.31800000   3.3180   2.0380   4.0922   4.2670   0.0000   0.0000
    7.65    3.73500000   3.7350   2.2461   4.1237   4.2370   0.0000   0.0000
    7.65    4.20600000   4.2060   2.4570   4.1548   4.2020   0.0000   0.0000
    7.65    4.73500000   4.7350   2.6722   4.1851   4.1600   0.0000   0.0000
    7.65    5.33100000   5.3310   2.8955   4.2122   4.0980   0.0000   0.0000
    7.65    6.00200000   6.0010   3.1335   4.2345   4.0030   0.0000   0.0000
    7.65    6.75700000   6.7560   3.4051   4.2462   3.8340   0.0000   0.0000
    7.65    7.49900000   7.4950   3.6851   4.2334   3.5550   0.0000   0.0000
    7.65    7.50300000   7.4990   3.6868   4.2334   3.5540   0.0000   0.0000
    7.65    7.50600000   7.5030   3.6885   4.2336   3.5530   0.0000   0.0000
    7.65    7.51000000   7.5060   3.6903   4.2338   3.5530   0.0000   0.0000
    7.65    7.51400000   7.5100   3.6920   4.2339   3.5520   0.0000   0.0000
    7.65    7.51800000   7.5140   3.6939   4.2342   3.5520   0.0000   0.0000
    7.65    7.52100000   7.5170   3.6957   4.2345   3.5510   0.0000   0.0000
    7.65    7.52500000   7.5210   3.6976   4.2349   3.5510   0.0000   0.0000
    7.65    7.52900000   7.5250   3.6995   4.2354   3.5520   0.0000   0.0000
    7.65    7.53200000   7.5280   3.7016   4.2359   3.5520   0.0000   0.0000
    7.65    7.53600000   7.5320   3.7037   4.2365   3.5530   0.0000   0.0000
    7.65    7.54000000   7.5360   3.7059   4.2373   3.5540   0.0000   0.0000
    7.65    7.54400000   7.5390   3.7082   4.2383   3.5560   0.0000   0.0000
    7.65    7.54700000   7.5430   3.7107   4.2394   3.5590   0.0000   0.0000
    7.65    7.55100000   7.5470   3.7134   4.2408   3.5620   0.0000   0.0000
    7.65    7.55500000   7.5510   3.7165   4.2426   3.5670   0.0000   0.0000
    7.65    7.55800000   7.5540   3.7200   4.2449   3.5730   0.0000   0.0000
    7.65    7.56200000   7.5580   3.7247   4.2482   3.5830   0.0000   0.0000
    7.65    7.56600000   7.5620   3.7310   4.2528   3.5960   0.0000   0.0000
    7.65    7.57000000   7.5650   3.7432   4.2616   3.6200   0.0000   0.0000
    7.65    7.57300000   7.5690   3.7680   4.2759   3.6540   0.0000   0.0000
    7.65    7.57700000   7.5730   3.7872   4.2305   3.4440   0.0000   0.0000
    7.65    7.58100000   7.5760   3.8125   4.1961   3.2750   0.0000   0.0000
    7.65    7.58500000   7.5800   3.8190   4.1592   3.1160   0.0000   0.0000
    7.65    7.58800000   7.5840   3.8128   4.1050   2.8990   0.0000   0.0000
    7.65    7.59200000   7.5870   3.7743   4.0041   2.5270   0.0000   0.0000
    7.65    7.59600000   7.5910   3.5637   3.7115   1.5570   0.0000   0.0000
    7.65    7.60000000   7.5940   3.8172   3.5807   0.7770   0.0000   0.0000
    7.65    7.60300000   7.5950   3.8308   3.5808   0.7640   0.0000   0.0000
    7.65    7.60700000   7.5970   3.8277   3.5802   0.7650   0.0000   0.0000
    7.65    7.61100000   7.5980   3.8246   3.5797   0.7660   0.0000   0.0000
    7.65    7.61500000   7.6000   3.8214   3.5791   0.7670   0.0000   0.0000
    7.65    7.61800000   7.6020   3.8177   3.5794   0.7720   0.0000   0.0000
    7.65    7.62200000   7.6030   3.8136   3.5800   0.7780   0.0000   0.0000
    7.65    7.62600000   7.6050   3.8095   3.5806   0.7850   0.0000   0.0000
    7.65    7.63000000   7.6070   3.8054   3.5812   0.7920   0.0000   0.0000
    7.65    7.63300000   7.6090   3.8015   3.5817   0.7980   0.0000   0.0000
    7.65    7.63700000   7.6100   3.7977   3.5820   0.8030   0.0000   0.0000
    7.65    7.64100000   7.6120   3.7940   3.5824   0.8080   0.0000   0.0000
    7.65    7.64500000   7.6140   3.7903   3.5827   0.8130   0.0000   0.0000
    7.65    7.64900000   7.6160   3.7860   3.5832   0.8200   0.0000   0.0000
    7.65    7.65200000   7.6180   3.7815   3.5838   0.8270   0.0000   0.0000
    7.65    7.65600000   7.6200   3.7769   3.5844   0.8340   0.0000   0.0000
    7.65    7.66000000   7.6220   3.7724   3.5849   0.8410   0.0000   0.0000
    7.65    7.66400000   7.6240   3.7681   3.5855   0.8470   0.0000   0.0000
    7.65    7.66800000   7.6260   3.7637   3.5860   0.8540   0.0000   0.0000
    7.65    7.67100000   7.6280   3.7588   3.5866   0.8610   0.0000   0.0000
    7.65    7.67500000   7.6300   3.7536   3.5871   0.8690   0.0000   0.0000
    7.65    7.83600000   7.7330   3.8855   3.8787   1.9580   0.0000   0.0000
# log(age) Mini Mact logl logt logg Composition Phase
    7.70    0.80000000   0.8000  -0.6631   3.6691   4.6330   0.0000   0.0000
    7.70    0.90100000   0.9010  -0.4216   3.7066   4.5940   0.0000   0.0000
    7.70    1.01400000   1.0140  -0.1760   3.7414   4.5380   0.0000   0.0000
    7.70    1.14200000   1.1420   0.0621   3.7708   4.4690   0.0000   0.0000
    7.70    1.28500000   1.2850   0.2855   3.7951   4.3950   0.0000   0.0000
    7.70    1.44700000   1.4470   0.5301   3.8249   4.3210   0.0000   0.0000
    7.70    1.62900000   1.6290   0.7647   3.8600   4.2910   0.0000   0.0000
    7.70    1.83400000   1.8340   0.9892   3.9028   4.3090   0.0000   0.0000
    7.70    2.06500000   2.0650   1.2060   3.9470   4.3190   0.0000   0.0000
    7.70    2.32500000   2.3250   1.4173   3.9869   4.3160   0.0000   0.0000
    7.70    2.61800000   2.6180   1.6272   4.0244   4.3050   0.0000   0.0000
    7.70    2.94700000   2.9470   1.8357   4.0592   4.2860   0.0000   0.0000
    7.70    3.31800000   3.3180   2.0416   4.0911   4.2590   0.0000   0.0000
    7.70    3.73500000   3.7350   2.2516   4.1225   4.2260   0.0000   0.0000
    7.70    4.20600000   4.2060   2.4647   4.1533   4.1890   0.0000   0.0000
    7.70    4.73500000   4.7350   2.6848   4.1830   4.1400   0.0000   0.0000
    7.70    5.33100000   5.3310   2.9148   4.2088   4.0660   0.0000   0.0000
    7.70    6.00200000   6.0010   3.1637   4.2279   3.9470   0.0000   0.0000
    7.70    6.75700000   6.7560   3.4568   4.2287   3.7150   0.0000   0.0000
    7.70    7.07800000   7.0760   3.5958   4.2195   3.5640   0.0000   0.0000
    7.70    7.08100000   7.0800   3.5975   4.2196   3.5630   0.0000   0.0000
    7.70    7.08500000   7.0830   3.5993   4.2198   3.5620   0.0000   0.0000
    7.70    7.08800000   7.0870   3.6010   4.2200   3.5620   0.0000   0.0000
    7.70    7.09200000   7.0900   3.6028   4.2202   3.5610   0.0000   0.0000
    7.70    7.09500000   7.0940   3.6046   4.2205   3.5610   0.0000   0.0000
    7.70    7.09900000   7.0970   3.6064   4.2208   3.5610   0.0000   0.0000
    7.70    7.10200000   7.1010   3.6084   4.2212   3.5610   0.0000   0.0000
    7.70    7.10600000   7.1040   3.6103   4.2216   3.5610   0.0000   0.0000
    7.70    7.10900000   7.1080   3.6124   4.2222   3.5610   0.0000   0.0000
    7.70    7.11300000   7.1110   3.6145   4.2228   3.5620   0.0000   0.0000
    7.70    7.11600000   7.1150   3.6168   4.2236   3.5630   0.0000   0.0000
    7.70    7.12000000   7.1180   3.6191   4.2245   3.5650   0.0000   0.0000
    7.70    7.12300000   7.1220   3.6216   4.2256   3.5680   0.0000   0.0000
    7.70    7.12700000   7.1250   3.6243   4.2270   3.5710   0.0000   0.0000
    7.70    7.13100000   7.1290   3.6274   4.2288   3.5760   0.0000   0.0000
    7.70    7.13400000   7.1320   3.6311   4.2311   3.5820   0.0000   0.0000
    7.70    7.13800000   7.1360   3.6359   4.2344   3.5910   0.0000   0.0000
    7.70    7.14100000   7.1390   3.6424   4.2390   3.6050   0.0000   0.0000
    7.70    7.14500000   7.1430   3.6553   4.2479   3.6290   0.0000   0.0000
    7.70    7.14800000   7.1460   3.6796   4.2617   3.6620   0.0000   0.0000
    7.70    7.15200000   7.1500   3.7019   4.2176   3.4540   0.0000   0.0000
    7.70    7.15500000   7.1530   3.7247   4.1888   3.3110   0.0000   0.0000
    7.70    7.15900000   7.1570   3.7314   4.1592   3.1810   0.0000   0.0000
    7.70    7.16200000   7.1600   3.7297   4.1182   3.0140   0.0000   0.0000
    7.70    7.16600000   7.1640   3.7106   4.0503   2.7550   0.0000   0.0000
    7.70    7.16900000   7.1670   3.6290   3.9061   2.2510   0.0000   0.0000
    7.70    7.17300000   7.1700   3.5587   3.6035   1.1020   0.0000   0.0000
    7.70    7.17600000   7.1730   3.7441   3.5857   0.8460   0.0000   0.0000
    7.70    7.18000000   7.1740   3.7407   3.5849   0.8460   0.0000   0.0000
    7.70    7.18400000   7.1760   3.7373   3.5840   0.8460   0.0000   0.0000
    7.70    7.18700000   7.1780   3.7339   3.5832   0.8460   0.0000   0.0000
    7.70    7.19100000   7.1800   3.7305   3.5824   0.8460   0.0000   0.0000
    7.70    7.19400000   7.1820   3.7265   3.5827   0.8520   0.0000   0.0000
    7.70    7.19800000   7.1840   3.7224   3.5833   0.8580   0.0000   0.0000
    7.70    7.20100000   7.1860   3.7183   3.5839   0.8650   0.0000   0.0000
    7.70    7.20500000   7.1880   3.7141   3.5845   0.8720   0.0000   0.0000
    7.70    7.20800000   7.1900   3.7102   3.5850   0.8780   0.0000   0.0000
    7.70    7.21200000   7.1920   3.7066   3.5854   0.8830   0.0000   0.0000
    7.70    7.21600000   7.1940   3.7029   3.5857   0.8880   0.0000   0.0000
    7.70    7.21900000   7.1960   3.6993   3.5860   0.8930   0.0000   0.0000
    7.70    7.22300000   7.1980   3.6955   3.5864   0.8990   0.0000   0.0000
    7.70    7.22600000   7.2000   3.6912   3.5870   0.9050   0.0000   0.0000
    7.70    7.23000000   7.2030   3.6869   3.5876   0.9120   0.0000   0.0000
    7.70    7.23300000   7.2050   3.6826   3.5882   0.9190   0.0000   0.0000
    7.70    7.23700000   7.2070   3.6784   3.5887   0.9250   0.0000   0.0000
    7.70    7.24100000   7.2090   3.6742   3.5893   0.9320   0.0000   0.0000
    7.70    7.24400000   7.2110   3.6701   3.5898   0.9380   0.0000   0.0000
    7.70    7.24800000   7.2140   3.6651   3.5904   0.9460   0.0000   0.0000
    7.70    7.38500000   7.3100   3.5756   3.6141   1.1360   0.0000   0.0000
    7.70    7.60700000   7.4720   3.8284   3.5822   0.7650   0.0000   0.0000
# log(age) Mini Mact logl logt logg Composition Phase
    7.75    0.80000000   0.8000  -0.6631   3.6691   4.6330   0.0000   0.0000
    7.75    0.90100000   0.9010  -0.4216   3.7066   4.5940   0.0000   0.0000
    7.75    1.01400000   1.0140  -0.1759   3.7414   4.5380   0.0000   0.0000
    7.75    1.14200000   1.1420   0.0622   3.7708   4.4690   0.0000   0.0000
    7.75    1.28500000   1.2850   0.2855   3.7951   4.3950   0.0000   0.0000
    7.75    1.44700000   1.4470   0.5307   3.8250   4.3210   0.0000   0.0000
    7.75    1.62900000   1.6290   0.7654   3.8601   4.2910   0.0000   0.0000
    7.75    1.83400000   1.8340   0.9898   3.9029   4.3080   0.0000   0.0000
    7.75    2.06500000   2.0650   1.2068   3.9470   4.3170   0.0000   0.0000
    7.75    2.32500000   2.3250   1.4184   3.9867   4.3130   0.0000   0.0000
    7.75    2.61800000   2.6180   1.6290   4.0239   4.3010   0.0000   0.0000
    7.75    2.94700000   2.9470   1.8383   4.0582   4.2790   0.0000   0.0000
    7.75    3.31800000   3.3180   2.0458   4.0899   4.2500   0.0000   0.0000
    7.75    3.73500000   3.7350   2.2581   4.1211   4.2150   0.0000   0.0000
    7.75    4.20600000   4.2060   2.4743   4.1518   4.1730   0.0000   0.0000
    7.75    4.73500000   4.7350   2.6996   4.1804   4.1150   0.0000   0.0000
    7.75    5.33100000   5.3310   2.9377   4.2043   4.0260   0.0000   0.0000
    7.75    6.00200000   6.0010   3.2005   4.2182   3.8740   0.0000   0.0000
    7.75    6.71700000   6.7160   3.5091   4.2050   3.5700   0.0000   0.0000
    7.75    6.72000000   6.7190   3.5109   4.2051   3.5680   0.0000   0.0000
    7.75    6.72400000   6.7230   3.5128   4.2052   3.5670   0.0000   0.0000
    7.75    6.72700000   6.7260   3.5146   4.2053   3.5660   0.0000   0.0000
    7.75    6.73000000   6.7290   3.5165   4.2055   3.5650   0.0000   0.0000
    7.75    6.73300000   6.7330   3.5184   4.2057   3.5650   0.0000   0.0000
    7.75    6.73700000   6.7360   3.5204   4.2059   3.5640   0.0000   0.0000
    7.75    6.74000000   6.7390   3.5224   4.2063   3.5640   0.0000   0.0000
    7.75    6.74300000   6.7420   3.5245   4.2067   3.5630   0.0000   0.0000
    7.75    6.74700000   6.7460   3.5267   4.2071   3.5640   0.0000   0.0000
    7.75    6.75000000   6.7490   3.5289   4.2077   3.5640   0.0000   0.0000
    7.75    6.75300000   6.7520   3.5313   4.2084   3.5650   0.0000   0.0000
    7.75    6.75700000   6.7560   3.5338   4.2093   3.5660   0.0000   0.0000
    7.75    6.76000000   6.7590   3.5364   4.2103   3.5680   0.0000   0.0000
    7.75    6.76300000   6.7620   3.5394   4.2116   3.5710   0.0000   0.0000
    7.75    6.76700000   6.7660   3.5425   4.2133   3.5750   0.0000   0.0000
    7.75    6.77000000   6.7690   3.5463   4.2155   3.5810   0.0000   0.0000
    7.75    6.77400000   6.7720   3.5510   4.2186   3.5900   0.0000   0.0000
    7.75    6.77700000   6.7760   3.5579   4.2234   3.6030   0.0000   0.0000
    7.75    6.78000000   6.7790   3.5705   4.2321   3.6270   0.0000   0.0000
    7.75    6.78400000   6.7820   3.5966   4.2473   3.6650   0.0000   0.0000
    7.75    6.78700000   6.7860   3.6252   4.2014   3.4430   0.0000   0.0000
    7.75    6.79000000   6.7890   3.6446   4.1740   3.3090   0.0000   0.0000
    7.75    6.79400000   6.7930   3.6502   4.1436   3.1770   0.0000   0.0000
    7.75    6.79700000   6.7960   3.6463   4.0985   2.9960   0.0000   0.0000
    7.75    6.80000000   6.7990   3.6172   4.0163   2.6880   0.0000   0.0000
    7.75    6.80400000   6.8030   3.4711   3.8036   1.9730   0.0000   0.0000
    7.75    6.80700000   6.8050   3.5969   3.5928   0.9980   0.0000   0.0000
    7.75    6.81000000   6.8070   3.6623   3.5890   0.9180   0.0000   0.0000
    7.75    6.81400000   6.8090   3.6577   3.5879   0.9180   0.0000   0.0000
    7.75    6.81700000   6.8110   3.6531   3.5868   0.9180   0.0000   0.0000
    7.75    6.82100000   6.8120   3.6485   3.5857   0.9190   0.0000   0.0000
    7.75    6.82400000   6.8140   3.6436   3.5861   0.9250   0.0000   0.0000
    7.75    6.82700000   6.8160   3.6387   3.5868   0.9330   0.0000   0.0000
    7.75    6.83100000   6.8180   3.6338   3.5875   0.9410   0.0000   0.0000
    7.75    6.83400000   6.8200   3.6288   3.5882   0.9490   0.0000   0.0000
    7.75    6.83700000   6.8220   3.6245   3.5886   0.9550   0.0000   0.0000
    7.75    6.84100000   6.8240   3.6201   3.5890   0.9610   0.0000   0.0000
    7.75    6.84400000   6.8260   3.6158   3.5893   0.9670   0.0000   0.0000
    7.75    6.84800000   6.8280   3.6113   3.5898   0.9730   0.0000   0.0000
    7.75    6.85100000   6.8300   3.6063   3.5905   0.9810   0.0000   0.0000
    7.75    6.85400000   6.8320   3.6013   3.5912   0.9890   0.0000   0.0000
    7.75    6.85800000   6.8340   3.5963   3.5919   0.9970   0.0000   0.0000
    7.75    6.86100000   6.8360   3.5913   3.5926   1.0050   0.0000   0.0000
    7.75    6.86400000   6.8380   3.5864   3.5932   1.0130   0.0000   0.0000
    7.75    6.86800000   6.8410   3.5808   3.5939   1.0210   0.0000   0.0000
    7.75    6.87100000   6.8430   3.5749   3.5946   1.0300   0.0000   0.0000
    7.75    6.87500000   6.8450   3.5690   3.5953   1.0390   0.0000   0.0000
    7.75    6.96000000   6.9070   3.4675   3.6115   1.2090   0.0000   0.0000
    7.75    7.16900000   7.0710   3.8106   3.8203   1.7300   0.0000   0.0000
# log(age) Mini Mact logl logt logg Composition Phase
    7.80    0.80000000   0.8000  -0.6630   3.6691   4.6330   0.0000   0.0000
    7.80    0.90100000   0.9010  -0.4216   3.7066   4.5940   0.0000   0.0000
    7.80    1.01400000   1.0140  -0.1759   3.7414   4.5380   0.0000   0.0000
    7.80    1.14200000   1.1420   0.0622   3.7708   4.4690   0.0000   0.0000
    7.80    1.28500000   1.2850   0.2859   3.7951   4.3950   0.0000   0.0000
    7.80    1.44700000   1.4470   0.5312   3.8250   4.3200   0.0000   0.0000
    7.80    1.62900000   1.6290   0.7661   3.8601   4.2910   0.0000   0.0000
    7.80    1.83400000   1.8340   0.9905   3.9029   4.3070   0.0000   0.0000
    7.80    2.06500000   2.0650   1.2080   3.9469   4.3150   0.0000   0.0000
    7.80    2.32500000   2.3250   1.4198   3.9862   4.3100   0.0000   0.0000
    7.80    2.61800000   2.6180   1.6310   4.0232   4.2960   0.0000   0.0000
    7.80    2.94700000   2.9470   1.8414   4.0570   4.2720   0.0000   0.0000
    7.80    3.31800000   3.3180   2.0506   4.0886   4.2400   0.0000   0.0000
    7.80    3.73500000   3.7350   2.2650   4.1196   4.2020   0.0000   0.0000
    7.80    4.20600000   4.2060   2.4858   4.1497   4.1540   0.0000   0.0000
    7.80    4.73500000   4.7350   2.7170   4.1772   4.0860   0.0000   0.0000
    7.80    5.33100000   5.3310   2.9651   4.1983   3.9760   0.0000   0.0000
    7.80    6.00200000   6.0010   3.2460   4.2032   3.7710   0.0000   0.0000
    7.80    6.39300000   6.3920   3.4292   4.1907   3.5710   0.0000   0.0000
    7.80    6.39600000   6.3960   3.4310   4.1908   3.5690   0.0000   0.0000
    7.80    6.39900000   6.3990   3.4328   4.1909   3.5680   0.0000   0.0000
    7.80    6.40300000   6.4020   3.4346   4.1910   3.5670   0.0000   0.0000
    7.80    6.40600000   6.4050   3.4365   4.1912   3.5660   0.0000   0.0000
    7.80    6.40900000   6.4080   3.4384   4.1914   3.5660   0.0000   0.0000
    7.80    6.41200000   6.4110   3.4404   4.1916   3.5650   0.0000   0.0000
    7.80    6.41500000   6.4150   3.4425   4.1920   3.5640   0.0000   0.0000
    7.80    6.41800000   6.4180   3.4445   4.1923   3.5640   0.0000   0.0000
    7.80    6.42200000   6.4210   3.4467   4.1928   3.5640   0.0000   0.0000
    7.80    6.42500000   6.4240   3.4489   4.1933   3.5650   0.0000   0.0000
    7.80    6.42800000   6.4270   3.4513   4.1940   3.5660   0.0000   0.0000
    7.80    6.43100000   6.4300   3.4538   4.1949   3.5670   0.0000   0.0000
    7.80    6.43400000   6.4340   3.4565   4.1959   3.5690   0.0000   0.0000
    7.80    6.43800000   6.4370   3.4594   4.1971   3.5710   0.0000   0.0000
    7.80    6.44100000   6.4400   3.4625   4.1988   3.5750   0.0000   0.0000
    7.80    6.44400000   6.4430   3.4662   4.2009   3.5810   0.0000   0.0000
    7.80    6.44700000   6.4460   3.4708   4.2038   3.5890   0.0000   0.0000
    7.80    6.45000000   6.4490   3.4770   4.2080   3.6000   0.0000   0.0000
    7.80    6.45300000   6.4530   3.4874   4.2152   3.6210   0.0000   0.0000
    7.80    6.45700000   6.4560   3.5118   4.2296   3.6560   0.0000   0.0000
    7.80    6.46000000   6.4590   3.5324   4.1995   3.5090   0.0000   0.0000
    7.80    6.46300000   6.4620   3.5611   4.1732   3.3700   0.0000   0.0000
    7.80    6.46600000   6.4650   3.5697   4.1504   3.2660   0.0000   0.0000
    7.80    6.46900000   6.4690   3.5723   4.1209   3.1420   0.0000   0.0000
    7.80    6.47300000   6.4720   3.5656   4.0757   2.9620   0.0000   0.0000
    7.80    6.47600000   6.4750   3.5319   3.9927   2.6570   0.0000   0.0000
    7.80    6.47900000   6.4780   3.3765   3.7798   1.9510   0.0000   0.0000
    7.80    6.48200000   6.4810   3.5029   3.5989   1.0950   0.0000   0.0000
    7.80    6.48500000   6.4830   3.5899   3.5923   0.9820   0.0000   0.0000
    7.80    6.48900000   6.4840   3.5847   3.5912   0.9830   0.0000   0.0000
    7.80    6.49200000   6.4860   3.5796   3.5901   0.9840   0.0000   0.0000
    7.80    6.49500000   6.4880   3.5744   3.5891   0.9850   0.0000   0.0000
    7.80    6.49800000   6.4900   3.5695   3.5892   0.9910   0.0000   0.0000
    7.80    6.50100000   6.4920   3.5648   3.5900   0.9990   0.0000   0.0000
    7.80    6.50500000   6.4940   3.5600   3.5907   1.0060   0.0000   0.0000
    7.80    6.50800000   6.4960   3.5552   3.5914   1.0140   0.0000   0.0000
    7.80    6.51100000   6.4980   3.5508   3.5918   1.0200   0.0000   0.0000
    7.80    6.51400000   6.5000   3.5466   3.5922   1.0260   0.0000   0.0000
    7.80    6.51800000   6.5020   3.5424   3.5925   1.0320   0.0000   0.0000
    7.80    6.52100000   6.5040   3.5382   3.5929   1.0380   0.0000   0.0000
    7.80    6.52400000   6.5060   3.5333   3.5936   1.0460   0.0000   0.0000
    7.80    6.52700000   6.5080   3.5283   3.5944   1.0540   0.0000   0.0000
    7.80    6.53000000   6.5100   3.5234   3.5952   1.0620   0.0000   0.0000
    7.80    6.53400000   6.5120   3.5185   3.5959   1.0700   0.0000   0.0000
    7.80    6.53700000   6.5140   3.5135   3.5965   1.0780   0.0000   0.0000
    7.80    6.54000000   6.5160   3.5082   3.5972   1.0860   0.0000   0.0000
    7.80    6.54300000   6.5180   3.5021   3.5979   1.0950   0.0000   0.0000
    7.80    6.54700000   6.5210   3.4960   3.5986   1.1040   0.0000   0.0000
    7.80    6.56000000   6.5300   3.4717   3.6013   1.1400   0.0000   0.0000
    7.80    6.75700000   6.6840   3.7108   3.8820   2.0540   0.0000   0.0000
# log(age) Mini Mact logl logt logg Composition Phase
    7.85    0.80000000   0.8000  -0.6630   3.6691   4.6330   0.0000   0.0000
    7.85    0.90100000   0.9010  -0.4216   3.7066   4.5940   0.0000   0.0000
    7.85    1.01400000   1.0140  -0.1759   3.7414   4.5380   0.0000   0.0000
    7.85    1.14200000   1.1420   0.0622   3.7708   4.4690   0.0000   0.0000
    7.85    1.28500000   1.2850   0.2864   3.7951   4.3940   0.0000   0.0000
    7.85    1.44700000   1.4470   0.5318   3.8250   4.3200   0.0000   0.0000
    7.85    1.62900000   1.6290   0.7668   3.8602   4.2900   0.0000   0.0000
    7.85    1.83400000   1.8340   0.9911   3.9030   4.3060   0.0000   0.0000
    7.85    2.06500000   2.0650   1.2092   3.9469   4.3130   0.0000   0.0000
    7.85    2.32500000   2.3250   1.4213   3.9857   4.3060   0.0000   0.0000
    7.85    2.61800000   2.6180   1.6332   4.0223   4.2900   0.0000   0.0000
    7.85    2.94700000   2.9470   1.8449   4.0558   4.2630   0.0000   0.0000
    7.85    3.31800000   3.3180   2.0563   4.0873   4.2290   0.0000   0.0000
    7.85    3.73500000   3.7350   2.2732   4.1181   4.1880   0.0000   0.0000
    7.85    4.20600000   4.2060   2.4991   4.1473   4.1310   0.0000   0.0000
    7.85    4.73500000   4.7350   2.7376   4.1732   4.0500   0.0000   0.0000
    7.85    5.33100000   5.3310   2.9982   4.1898   3.9100   0.0000   0.0000
    7.85    6.00200000   6.0010   3.3045   4.1790   3.6190   0.0000   0.0000
    7.85    6.08800000   6.0880   3.3511   4.1765   3.5700   0.0000   0.0000
    7.85    6.09100000   6.0910   3.3529   4.1766   3.5690   0.0000   0.0000
    7.85    6.09400000   6.0940   3.3547   4.1767   3.5680   0.0000   0.0000
    7.85    6.09700000   6.0970   3.3566   4.1769   3.5670   0.0000   0.0000
    7.85    6.10000000   6.1000   3.3585   4.1771   3.5660   0.0000   0.0000
    7.85    6.10300000   6.1030   3.3605   4.1773   3.5660   0.0000   0.0000
    7.85    6.10600000   6.1060   3.3625   4.1776   3.5650   0.0000   0.0000
    7.85    6.10900000   6.1090   3.3646   4.1780   3.5650   0.0000   0.0000
    7.85    6.11200000   6.1120   3.3668   4.1785   3.5650   0.0000   0.0000
    7.85    6.11500000   6.1150   3.3690   4.1790   3.5660   0.0000   0.0000
    7.85    6.11800000   6.1180   3.3714   4.1797   3.5660   0.0000   0.0000
    7.85    6.12100000   6.1210   3.3738   4.1805   3.5670   0.0000   0.0000
    7.85    6.12400000   6.1240   3.3765   4.1815   3.5690   0.0000   0.0000
    7.85    6.12700000   6.1270   3.3794   4.1827   3.5720   0.0000   0.0000
    7.85    6.13000000   6.1300   3.3825   4.1842   3.5760   0.0000   0.0000
    7.85    6.13300000   6.1330   3.3862   4.1863   3.5810   0.0000   0.0000
    7.85    6.13600000   6.1360   3.3905   4.1889   3.5880   0.0000   0.0000
    7.85    6.13900000   6.1390   3.3965   4.1929   3.5990   0.0000   0.0000
    7.85    6.14200000   6.1420   3.4055   4.1991   3.6160   0.0000   0.0000
    7.85    6.14500000   6.1450   3.4250   4.2111   3.6470   0.0000   0.0000
    7.85    6.14900000   6.1480   3.4354   4.1968   3.5760   0.0000   0.0000
    7.85    6.15200000   6.1510   3.4766   4.1694   3.4190   0.0000   0.0000
    7.85    6.15500000   6.1540   3.4881   4.1508   3.3300   0.0000   0.0000
    7.85    6.15800000   6.1570   3.4933   4.1291   3.2350   0.0000   0.0000
    7.85    6.16100000   6.1600   3.4938   4.1000   3.1140   0.0000   0.0000
    7.85    6.16400000   6.1630   3.4847   4.0546   2.9370   0.0000   0.0000
    7.85    6.16700000   6.1660   3.4471   3.9714   2.6350   0.0000   0.0000
    7.85    6.17000000   6.1690   3.2840   3.7596   1.9410   0.0000   0.0000
    7.85    6.17300000   6.1720   3.4086   3.6039   1.1890   0.0000   0.0000
    7.85    6.17600000   6.1740   3.5175   3.5956   1.0460   0.0000   0.0000
    7.85    6.17900000   6.1760   3.5118   3.5945   1.0480   0.0000   0.0000
    7.85    6.18200000   6.1770   3.5062   3.5935   1.0500   0.0000   0.0000
    7.85    6.18500000   6.1790   3.5005   3.5925   1.0510   0.0000   0.0000
    7.85    6.18800000   6.1810   3.4954   3.5924   1.0560   0.0000   0.0000
    7.85    6.19100000   6.1830   3.4908   3.5932   1.0640   0.0000   0.0000
    7.85    6.19400000   6.1850   3.4861   3.5939   1.0720   0.0000   0.0000
    7.85    6.19700000   6.1870   3.4815   3.5946   1.0800   0.0000   0.0000
    7.85    6.20000000   6.1890   3.4772   3.5951   1.0860   0.0000   0.0000
    7.85    6.20300000   6.1910   3.4731   3.5954   1.0910   0.0000   0.0000
    7.85    6.20700000   6.1930   3.4690   3.5957   1.0970   0.0000   0.0000
    7.85    6.21000000   6.1950   3.4649   3.5960   1.1020   0.0000   0.0000
    7.85    6.21300000   6.1970   3.4602   3.5968   1.1100   0.0000   0.0000
    7.85    6.21600000   6.1990   3.4554   3.5976   1.1180   0.0000   0.0000
    7.85    6.21900000   6.2010   3.4506   3.5984   1.1270   0.0000   0.0000
    7.85    6.22200000   6.2030   3.4457   3.5992   1.1350   0.0000   0.0000
    7.85    6.22500000   6.2050   3.4406   3.5999   1.1430   0.0000   0.0000
    7.85    6.22800000   6.2070   3.4356   3.6006   1.1510   0.0000   0.0000
    7.85    6.23100000   6.2090   3.4294   3.6012   1.1600   0.0000   0.0000
    7.85    6.23400000   6.2110   3.4231   3.6019   1.1690   0.0000   0.0000
    7.85    6.36800000   6.3160   3.5368   3.8294   1.9960   0.0000   0.0000
# log(age) Mini Mact logl logt logg Composition Phase
    7.90    0.80000000   0.8000  -0.6630   3.6690   4.6330   0.0000   0.0000
    7.90    0.90100000   0.9010  -0.4216   3.7066   4.5940   0.0000   0.0000
    7.90    1.01400000   1.0140  -0.1759   3.7414   4.5380   0.0000   0.0000
    7.90    1.14200000   1.1420   0.0623   3.7708   4.4690   0.0000   0.0000
    7.90    1.28500000   1.2850   0.2870   3.7952   4.3940   0.0000   0.0000
    7.90    1.44700000   1.4470   0.5324   3.8251   4.3190   0.0000   0.0000
    7.90    1.62900000   1.6290   0.7675   3.8603   4.2900   0.0000   0.0000
    7.90    1.83400000   1.8340   0.9921   3.9030   4.3050   0.0000   0.0000
    7.90    2.06500000   2.0650   1.2104   3.9468   4.3120   0.0000   0.0000
    7.90    2.32500000   2.3250   1.4230   3.9853   4.3020   0.0000   0.0000
    7.90    2.61800000   2.6180   1.6357   4.0213   4.2830   0.0000   0.0000
    7.90    2.94700000   2.9470   1.8492   4.0545   4.2540   0.0000   0.0000
    7.90    3.31800000   3.3180   2.0628   4.0858   4.2170   0.0000   0.0000
    7.90    3.73500000   3.7350   2.2832   4.1162   4.1710   0.0000   0.0000
    7.90    4.20600000   4.2060   2.5146   4.1443   4.1050   0.0000   0.0000
    7.90    4.73500000   4.7350   2.7621   4.1678   4.0050   0.0000   0.0000
    7.90    5.33100000   5.3310   3.0386   4.1769   3.8200   0.0000   0.0000
    7.90    5.79500000   5.7940   3.2712   4.1623   3.5710   0.0000   0.0000
    7.90    5.79800000   5.7970   3.2730   4.1623   3.5700   0.0000   0.0000
    7.90    5.80000000   5.8000   3.2748   4.1624   3.5690   0.0000   0.0000
    7.90    5.80300000   5.8030   3.2766   4.1626   3.5680   0.0000   0.0000
    7.90    5.80600000   5.8060   3.2785   4.1628   3.5670   0.0000   0.0000
    7.90    5.80900000   5.8090   3.2805   4.1630   3.5670   0.0000   0.0000
    7.90    5.81200000   5.8110   3.2825   4.1633   3.5660   0.0000   0.0000
    7.90    5.81500000   5.8140   3.2846   4.1637   3.5660   0.0000   0.0000
    7.90    5.81800000   5.8170   3.2868   4.1641   3.5660   0.0000   0.0000
    7.90    5.82100000   5.8200   3.2890   4.1647   3.5660   0.0000   0.0000
    7.90    5.82300000   5.8230   3.2914   4.1653   3.5670   0.0000   0.0000
    7.90    5.82600000   5.8260   3.2939   4.1661   3.5680   0.0000   0.0000
    7.90    5.82900000   5.8290   3.2965   4.1671   3.5700   0.0000   0.0000
    7.90    5.83200000   5.8320   3.2993   4.1682   3.5720   0.0000   0.0000
    7.90    5.83500000   5.8340   3.3026   4.1698   3.5760   0.0000   0.0000
    7.90    5.83800000   5.8370   3.3061   4.1716   3.5800   0.0000   0.0000
    7.90    5.84100000   5.8400   3.3104   4.1742   3.5870   0.0000   0.0000
    7.90    5.84400000   5.8430   3.3159   4.1778   3.5970   0.0000   0.0000
    7.90    5.84600000   5.8460   3.3237   4.1830   3.6110   0.0000   0.0000
    7.90    5.84900000   5.8490   3.3397   4.1932   3.6380   0.0000   0.0000
    7.90    5.85200000   5.8520   3.3472   4.1956   3.6410   0.0000   0.0000
    7.90    5.85500000   5.8550   3.3915   4.1632   3.4600   0.0000   0.0000
    7.90    5.85800000   5.8580   3.4060   4.1467   3.3770   0.0000   0.0000
    7.90    5.86100000   5.8600   3.4126   4.1305   3.3010   0.0000   0.0000
    7.90    5.86400000   5.8630   3.4162   4.1103   3.2140   0.0000   0.0000
    7.90    5.86700000   5.8660   3.4151   4.0806   3.0940   0.0000   0.0000
    7.90    5.87000000   5.8690   3.4039   4.0352   2.9190   0.0000   0.0000
    7.90    5.87200000   5.8720   3.3625   3.9520   2.6200   0.0000   0.0000
    7.90    5.87500000   5.8750   3.1923   3.7426   1.9440   0.0000   0.0000
    7.90    5.87800000   5.8770   3.3141   3.6084   1.2800   0.0000   0.0000
    7.90    5.88100000   5.8790   3.4453   3.5988   1.1100   0.0000   0.0000
    7.90    5.88400000   5.8810   3.4391   3.5978   1.1130   0.0000   0.0000
    7.90    5.88700000   5.8830   3.4329   3.5969   1.1150   0.0000   0.0000
    7.90    5.89000000   5.8850   3.4267   3.5959   1.1180   0.0000   0.0000
    7.90    5.89300000   5.8870   3.4213   3.5956   1.1220   0.0000   0.0000
    7.90    5.89600000   5.8890   3.4168   3.5963   1.1300   0.0000   0.0000
    7.90    5.89900000   5.8900   3.4122   3.5971   1.1370   0.0000   0.0000
    7.90    5.90200000   5.8920   3.4077   3.5978   1.1450   0.0000   0.0000
    7.90    5.90400000   5.8940   3.4035   3.5983   1.1510   0.0000   0.0000
    7.90    5.90700000   5.8960   3.3995   3.5986   1.1570   0.0000   0.0000
    7.90    5.91000000   5.8980   3.3956   3.5989   1.1620   0.0000   0.0000
    7.90    5.91300000   5.9000   3.3916   3.5992   1.1670   0.0000   0.0000
    7.90    5.91600000   5.9020   3.3871   3.5999   1.1750   0.0000   0.0000
    7.90    5.91900000   5.9040   3.3824   3.6007   1.1830   0.0000   0.0000
    7.90    5.92200000   5.9060   3.3776   3.6016   1.1910   0.0000   0.0000
    7.90    5.92500000   5.9080   3.3729   3.6024   1.1990   0.0000   0.0000
    7.90    5.92800000   5.9100   3.3678   3.6032   1.2080   0.0000   0.0000
    7.90    5.93100000   5.9130   3.3628   3.6039   1.2160   0.0000   0.0000
    7.90    5.93400000   5.9150   3.3569   3.6046   1.2240   0.0000   0.0000
    7.90    5.93700000   5.9170   3.3504   3.6052   1.2340   0.0000   0.0000
    7.90    5.94000000   5.9190   3.3439   3.6059   1.2430   0.0000   0.0000
    7.90    6.00200000   5.9670   3.2311   3.6209   1.4190   0.0000   0.0000
    7.90    6.18200000   6.1130   3.5260   3.7608   1.7050   0.0000   0.0000
# log(age) Mini Mact logl logt logg Composition Phase
    7.95    0.80000000   0.8000  -0.6630   3.6690   4.6330   0.0000   0.0000
    7.95    0.90100000   0.9010  -0.4215   3.7066   4.5940   0.0000   0.0000
    7.95    1.01400000   1.0140  -0.1758   3.7414   4.5380   0.0000   0.0000
    7.95    1.14200000   1.1420   0.0629   3.7708   4.4690   0.0000   0.0000
    7.95    1.28500000   1.2850   0.2876   3.7952   4.3930   0.0000   0.0000
    7.95    1.44700000   1.4470   0.5330   3.8251   4.3190   0.0000   0.0000
    7.95    1.62900000   1.6290   0.7682   3.8604   4.2890   0.0000   0.0000
    7.95    1.83400000   1.8340   0.9932   3.9030   4.3040   0.0000   0.0000
    7.95    2.06500000   2.0650   1.2116   3.9463   4.3080   0.0000   0.0000
    7.95    2.32500000   2.3250   1.4252   3.9848   4.2980   0.0000   0.0000
    7.95    2.61800000   2.6180   1.6389   4.0203   4.2760   0.0000   0.0000
    7.95    2.94700000   2.9470   1.8541   4.0532   4.2430   0.0000   0.0000
    7.95    3.31800000   3.3180   2.0701   4.0841   4.2030   0.0000   0.0000
    7.95    3.73500000   3.7350   2.2949   4.1138   4.1500   0.0000   0.0000
    7.95    4.20600000   4.2060   2.5328   4.1407   4.0730   0.0000   0.0000
    7.95    4.73500000   4.7350   2.7914   4.1604   3.9470   0.0000   0.0000
    7.95    5.33100000   5.3310   3.0890   4.1561   3.6890   0.0000   0.0000
    7.95    5.51500000   5.5150   3.1912   4.1480   3.5720   0.0000   0.0000
    7.95    5.51800000   5.5180   3.1930   4.1480   3.5710   0.0000   0.0000
    7.95    5.52100000   5.5210   3.1948   4.1481   3.5700   0.0000   0.0000
    7.95    5.52400000   5.5230   3.1967   4.1483   3.5690   0.0000   0.0000
    7.95    5.52600000   5.5260   3.1986   4.1485   3.5680   0.0000   0.0000
    7.95    5.52900000   5.5290   3.2006   4.1487   3.5680   0.0000   0.0000
    7.95    5.53200000   5.5320   3.2026   4.1490   3.5670   0.0000   0.0000
    7.95    5.53500000   5.5340   3.2046   4.1494   3.5670   0.0000   0.0000
    7.95    5.53700000   5.5370   3.2068   4.1498   3.5670   0.0000   0.0000
    7.95    5.54000000   5.5400   3.2090   4.1503   3.5670   0.0000   0.0000
    7.95    5.54300000   5.5420   3.2114   4.1509   3.5680   0.0000   0.0000
    7.95    5.54500000   5.5450   3.2139   4.1517   3.5690   0.0000   0.0000
    7.95    5.54800000   5.5480   3.2166   4.1527   3.5700   0.0000   0.0000
    7.95    5.55100000   5.5510   3.2194   4.1538   3.5730   0.0000   0.0000
    7.95    5.55400000   5.5530   3.2226   4.1552   3.5760   0.0000   0.0000
    7.95    5.55600000   5.5560   3.2261   4.1571   3.5800   0.0000   0.0000
    7.95    5.55900000   5.5590   3.2303   4.1595   3.5860   0.0000   0.0000
    7.95    5.56200000   5.5620   3.2354   4.1628   3.5950   0.0000   0.0000
    7.95    5.56500000   5.5640   3.2428   4.1676   3.6090   0.0000   0.0000
    7.95    5.56700000   5.5670   3.2560   4.1761   3.6310   0.0000   0.0000
    7.95    5.57000000   5.5700   3.2839   4.1913   3.6670   0.0000   0.0000
    7.95    5.57300000   5.5730   3.3058   4.1567   3.5000   0.0000   0.0000
    7.95    5.57600000   5.5750   3.3237   4.1408   3.4150   0.0000   0.0000
    7.95    5.57800000   5.5780   3.3314   4.1279   3.3530   0.0000   0.0000
    7.95    5.58100000   5.5810   3.3363   4.1119   3.2810   0.0000   0.0000
    7.95    5.58400000   5.5840   3.3386   4.0921   3.1980   0.0000   0.0000
    7.95    5.58700000   5.5860   3.3363   4.0630   3.0800   0.0000   0.0000
    7.95    5.58900000   5.5890   3.3231   4.0175   2.9070   0.0000   0.0000
    7.95    5.59200000   5.5920   3.2782   3.9343   2.6120   0.0000   0.0000
    7.95    5.59500000   5.5950   3.0997   3.7284   1.9570   0.0000   0.0000
    7.95    5.59800000   5.5970   3.2202   3.6131   1.3710   0.0000   0.0000
    7.95    5.60100000   5.5990   3.3724   3.6019   1.1750   0.0000   0.0000
    7.95    5.60300000   5.6010   3.3665   3.6011   1.1770   0.0000   0.0000
    7.95    5.60600000   5.6030   3.3598   3.6002   1.1800   0.0000   0.0000
    7.95    5.60900000   5.6050   3.3531   3.5992   1.1840   0.0000   0.0000
    7.95    5.61200000   5.6060   3.3471   3.5988   1.1880   0.0000   0.0000
    7.95    5.61400000   5.6080   3.3427   3.5995   1.1950   0.0000   0.0000
    7.95    5.61700000   5.6100   3.3383   3.6003   1.2030   0.0000   0.0000
    7.95    5.62000000   5.6120   3.3339   3.6010   1.2100   0.0000   0.0000
    7.95    5.62300000   5.6140   3.3297   3.6016   1.2170   0.0000   0.0000
    7.95    5.62500000   5.6160   3.3259   3.6018   1.2220   0.0000   0.0000
    7.95    5.62800000   5.6180   3.3221   3.6021   1.2270   0.0000   0.0000
    7.95    5.63100000   5.6200   3.3182   3.6024   1.2320   0.0000   0.0000
    7.95    5.63400000   5.6220   3.3140   3.6030   1.2390   0.0000   0.0000
    7.95    5.63700000   5.6240   3.3093   3.6039   1.2470   0.0000   0.0000
    7.95    5.63900000   5.6260   3.3047   3.6048   1.2560   0.0000   0.0000
    7.95    5.64200000   5.6280   3.3000   3.6057   1.2640   0.0000   0.0000
    7.95    5.64500000   5.6300   3.2950   3.6064   1.2720   0.0000   0.0000
    7.95    5.64800000   5.6320   3.2899   3.6072   1.2810   0.0000   0.0000
    7.95    5.65100000   5.6340   3.2846   3.6079   1.2890   0.0000   0.0000
    7.95    5.65300000   5.6360   3.2779   3.6086   1.2980   0.0000   0.0000
    7.95    5.65600000   5.6380   3.2712   3.6092   1.3080   0.0000   0.0000
    7.95    5.82600000   5.7780   3.4227   3.8087   1.9750   0.0000   0.0000
# log(age) Mini Mact logl logt logg Composition Phase
    8.00    0.80000000   0.8000  -0.6630   3.6690   4.6330   0.0000   0.0000
    8.00    0.90100000   0.9010  -0.4215   3.7066   4.5940   0.0000   0.0000
    8.00    1.01400000   1.0140  -0.1758   3.7414   4.5380   0.0000   0.0000
    8.00    1.14200000   1.1420   0.0634   3.7709   4.4690   0.0000   0.0000
    8.00    1.28500000   1.2850   0.2882   3.7953   4.3930   0.0000   0.0000
    8.00    1.44700000   1.4470   0.5337   3.8251   4.3180   0.0000   0.0000
    8.00    1.62900000   1.6290   0.7692   3.8604   4.2880   0.0000   0.0000
    8.00    1.83400000   1.8340   0.9944   3.9030   4.3020   0.0000   0.0000
    8.00    2.06500000   2.0650   1.2128   3.9458   4.3040   0.0000   0.0000
    8.00    2.32500000   2.3250   1.4275   3.9841   4.2920   0.0000   0.0000
    8.00    2.61800000   2.6180   1.6424   4.0190   4.2670   0.0000   0.0000
    8.00    2.94700000   2.9470   1.8598   4.0517   4.2320   0.0000   0.0000
    8.00    3.31800000   3.3180   2.0787   4.0823   4.1880   0.0000   0.0000
    8.00    3.73500000   3.7350   2.3085   4.1111   4.1260   0.0000   0.0000
    8.00    4.20600000   4.2060   2.5544   4.1360   4.0330   0.0000   0.0000
    8.00    4.73500000   4.7350   2.8270   4.1495   3.8700   0.0000   0.0000
    8.00    5.25000000   5.2500   3.1113   4.1337   3.5730   0.0000   0.0000
    8.00    5.25200000   5.2520   3.1131   4.1338   3.5720   0.0000   0.0000
    8.00    5.25500000   5.2550   3.1149   4.1338   3.5710   0.0000   0.0000
    8.00    5.25700000   5.2570   3.1167   4.1340   3.5700   0.0000   0.0000
    8.00    5.26000000   5.2600   3.1186   4.1342   3.5690   0.0000   0.0000
    8.00    5.26300000   5.2630   3.1206   4.1344   3.5690   0.0000   0.0000
    8.00    5.26500000   5.2650   3.1226   4.1347   3.5680   0.0000   0.0000
    8.00    5.26800000   5.2680   3.1247   4.1350   3.5680   0.0000   0.0000
    8.00    5.27000000   5.2700   3.1268   4.1354   3.5680   0.0000   0.0000
    8.00    5.27300000   5.2730   3.1291   4.1360   3.5680   0.0000   0.0000
    8.00    5.27600000   5.2760   3.1314   4.1366   3.5690   0.0000   0.0000
    8.00    5.27800000   5.2780   3.1339   4.1373   3.5690   0.0000   0.0000
    8.00    5.28100000   5.2810   3.1366   4.1383   3.5710   0.0000   0.0000
    8.00    5.28300000   5.2830   3.1394   4.1394   3.5730   0.0000   0.0000
    8.00    5.28600000   5.2860   3.1426   4.1407   3.5760   0.0000   0.0000
    8.00    5.28900000   5.2890   3.1461   4.1426   3.5800   0.0000   0.0000
    8.00    5.29100000   5.2910   3.1502   4.1448   3.5860   0.0000   0.0000
    8.00    5.29400000   5.2940   3.1551   4.1479   3.5940   0.0000   0.0000
    8.00    5.29700000   5.2960   3.1619   4.1522   3.6060   0.0000   0.0000
    8.00    5.29900000   5.2990   3.1727   4.1593   3.6250   0.0000   0.0000
    8.00    5.30200000   5.3020   3.1976   4.1732   3.6580   0.0000   0.0000
    8.00    5.30400000   5.3040   3.2181   4.1491   3.5370   0.0000   0.0000
    8.00    5.30700000   5.3070   3.2416   4.1328   3.4450   0.0000   0.0000
    8.00    5.31000000   5.3090   3.2501   4.1214   3.3890   0.0000   0.0000
    8.00    5.31200000   5.3120   3.2556   4.1098   3.3330   0.0000   0.0000
    8.00    5.31500000   5.3150   3.2594   4.0948   3.2680   0.0000   0.0000
    8.00    5.31700000   5.3170   3.2608   4.0752   3.1860   0.0000   0.0000
    8.00    5.32000000   5.3200   3.2575   4.0472   3.0740   0.0000   0.0000
    8.00    5.32300000   5.3230   3.2425   4.0011   2.9010   0.0000   0.0000
    8.00    5.32500000   5.3250   3.1938   3.9177   2.6090   0.0000   0.0000
    8.00    5.32800000   5.3280   3.0095   3.7174   1.9820   0.0000   0.0000
    8.00    5.33100000   5.3300   3.1257   3.6174   1.4620   0.0000   0.0000
    8.00    5.33300000   5.3320   3.2963   3.6045   1.2400   0.0000   0.0000
    8.00    5.33600000   5.3340   3.2941   3.6044   1.2420   0.0000   0.0000
    8.00    5.33900000   5.3360   3.2868   3.6035   1.2460   0.0000   0.0000
    8.00    5.34100000   5.3380   3.2796   3.6026   1.2490   0.0000   0.0000
    8.00    5.34400000   5.3400   3.2729   3.6020   1.2540   0.0000   0.0000
    8.00    5.34600000   5.3410   3.2686   3.6027   1.2610   0.0000   0.0000
    8.00    5.34900000   5.3430   3.2644   3.6035   1.2680   0.0000   0.0000
    8.00    5.35200000   5.3450   3.2601   3.6042   1.2760   0.0000   0.0000
    8.00    5.35400000   5.3470   3.2559   3.6048   1.2830   0.0000   0.0000
    8.00    5.35700000   5.3490   3.2522   3.6051   1.2880   0.0000   0.0000
    8.00    5.36000000   5.3510   3.2485   3.6053   1.2920   0.0000   0.0000
    8.00    5.36200000   5.3530   3.2448   3.6056   1.2970   0.0000   0.0000
    8.00    5.36500000   5.3550   3.2408   3.6061   1.3030   0.0000   0.0000
    8.00    5.36800000   5.3570   3.2362   3.6070   1.3120   0.0000   0.0000
    8.00    5.37000000   5.3590   3.2317   3.6079   1.3200   0.0000   0.0000
    8.00    5.37300000   5.3610   3.2271   3.6089   1.3290   0.0000   0.0000
    8.00    5.37600000   5.3630   3.2222   3.6097   1.3370   0.0000   0.0000
    8.00    5.37800000   5.3650   3.2171   3.6105   1.3450   0.0000   0.0000
    8.00    5.38100000   5.3670   3.2120   3.6112   1.3540   0.0000   0.0000
    8.00    5.38400000   5.3690   3.2055   3.6119   1.3630   0.0000   0.0000
    8.00    5.38600000   5.3710   3.1987   3.6125   1.3730   0.0000   0.0000
    8.00    5.49100000   5.4580   3.1710   3.6998   1.7620   0.0000   0.0000
# log(age) Mini Mact logl logt logg Composition Phase
    8.05    0.80000000   0.8000  -0.6630   3.6690   4.6330   0.0000   0.0000
    8.05    0.90100000   0.9010  -0.4215   3.7066   4.5940   0.0000   0.0000
    8.05    1.01400000   1.0140  -0.1758   3.7414   4.5380   0.0000   0.0000
    8.05    1.14200000   1.1420   0.0640   3.7709   4.4680   0.0000   0.0000
    8.05    1.28500000   1.2850   0.2888   3.7953   4.3920   0.0000   0.0000
    8.05    1.44700000   1.4470   0.5347   3.8251   4.3170   0.0000   0.0000
    8.05    1.62900000   1.6290   0.7703   3.8605   4.2870   0.0000   0.0000
    8.05    1.83400000   1.8340   0.9956   3.9030   4.3000   0.0000   0.0000
    8.05    2.06500000   2.0650   1.2148   3.9456   4.3010   0.0000   0.0000
    8.05    2.32500000   2.3250   1.4301   3.9833   4.2860   0.0000   0.0000
    8.05    2.61800000   2.6180   1.6464   4.0177   4.2580   0.0000   0.0000
    8.05    2.94700000   2.9470   1.8664   4.0501   4.2190   0.0000   0.0000
    8.05    3.31800000   3.3180   2.0889   4.0801   4.1690   0.0000   0.0000
    8.05    3.73500000   3.7350   2.3244   4.1077   4.0970   0.0000   0.0000
    8.05    4.20600000   4.2060   2.5800   4.1296   3.9830   0.0000   0.0000
    8.05    4.73500000   4.7350   2.8703   4.1326   3.7610   0.0000   0.0000
    8.05    4.99900000   4.9990   3.0331   4.1194   3.5730   0.0000   0.0000
    8.05    5.00200000   5.0020   3.0350   4.1195   3.5720   0.0000   0.0000
    8.05    5.00400000   5.0040   3.0368   4.1197   3.5710   0.0000   0.0000
    8.05    5.00700000   5.0070   3.0387   4.1198   3.5700   0.0000   0.0000
    8.05    5.00900000   5.0090   3.0407   4.1201   3.5700   0.0000   0.0000
    8.05    5.01100000   5.0110   3.0426   4.1204   3.5690   0.0000   0.0000
    8.05    5.01400000   5.0140   3.0447   4.1207   3.5690   0.0000   0.0000
    8.05    5.01600000   5.0160   3.0469   4.1211   3.5690   0.0000   0.0000
    8.05    5.01900000   5.0190   3.0491   4.1216   3.5690   0.0000   0.0000
    8.05    5.02100000   5.0210   3.0514   4.1222   3.5690   0.0000   0.0000
    8.05    5.02400000   5.0240   3.0539   4.1229   3.5700   0.0000   0.0000
    8.05    5.02600000   5.0260   3.0566   4.1239   3.5720   0.0000   0.0000
    8.05    5.02900000   5.0290   3.0594   4.1249   3.5740   0.0000   0.0000
    8.05    5.03100000   5.0310   3.0626   4.1262   3.5760   0.0000   0.0000
    8.05    5.03400000   5.0340   3.0660   4.1280   3.5800   0.0000   0.0000
    8.05    5.03600000   5.0360   3.0701   4.1302   3.5860   0.0000   0.0000
    8.05    5.03900000   5.0390   3.0747   4.1329   3.5930   0.0000   0.0000
    8.05    5.04100000   5.0410   3.0812   4.1371   3.6040   0.0000   0.0000
    8.05    5.04400000   5.0440   3.0908   4.1432   3.6200   0.0000   0.0000
    8.05    5.04600000   5.0460   3.1105   4.1547   3.6490   0.0000   0.0000
    8.05    5.04900000   5.0490   3.1236   4.1431   3.5880   0.0000   0.0000
    8.05    5.05100000   5.0510   3.1600   4.1233   3.4680   0.0000   0.0000
    8.05    5.05400000   5.0540   3.1691   4.1140   3.4200   0.0000   0.0000
    8.05    5.05600000   5.0560   3.1748   4.1051   3.3760   0.0000   0.0000
    8.05    5.05900000   5.0590   3.1792   4.0932   3.3210   0.0000   0.0000
    8.05    5.06100000   5.0610   3.1823   4.0797   3.2630   0.0000   0.0000
    8.05    5.06400000   5.0640   3.1830   4.0593   3.1790   0.0000   0.0000
    8.05    5.06600000   5.0660   3.1787   4.0316   3.0690   0.0000   0.0000
    8.05    5.06900000   5.0690   3.1621   3.9860   2.8990   0.0000   0.0000
    8.05    5.07100000   5.0710   3.1100   3.9025   2.6100   0.0000   0.0000
    8.05    5.07400000   5.0740   2.9211   3.7090   2.0160   0.0000   0.0000
    8.05    5.07600000   5.0760   3.0308   3.6214   1.5520   0.0000   0.0000
    8.05    5.07900000   5.0780   3.2122   3.6073   1.3140   0.0000   0.0000
    8.05    5.08100000   5.0800   3.2218   3.6077   1.3060   0.0000   0.0000
    8.05    5.08400000   5.0820   3.2140   3.6068   1.3110   0.0000   0.0000
    8.05    5.08600000   5.0830   3.2062   3.6060   1.3150   0.0000   0.0000
    8.05    5.08900000   5.0850   3.1986   3.6052   1.3200   0.0000   0.0000
    8.05    5.09100000   5.0870   3.1945   3.6059   1.3270   0.0000   0.0000
    8.05    5.09400000   5.0890   3.1904   3.6067   1.3340   0.0000   0.0000
    8.05    5.09600000   5.0910   3.1862   3.6074   1.3410   0.0000   0.0000
    8.05    5.09900000   5.0930   3.1821   3.6081   1.3480   0.0000   0.0000
    8.05    5.10100000   5.0950   3.1785   3.6083   1.3530   0.0000   0.0000
    8.05    5.10400000   5.0960   3.1750   3.6085   1.3580   0.0000   0.0000
    8.05    5.10600000   5.0980   3.1714   3.6088   1.3620   0.0000   0.0000
    8.05    5.10900000   5.1000   3.1676   3.6091   1.3680   0.0000   0.0000
    8.05    5.11100000   5.1020   3.1631   3.6101   1.3760   0.0000   0.0000
    8.05    5.11400000   5.1040   3.1586   3.6111   1.3850   0.0000   0.0000
    8.05    5.11700000   5.1060   3.1541   3.6120   1.3930   0.0000   0.0000
    8.05    5.11900000   5.1080   3.1494   3.6130   1.4020   0.0000   0.0000
    8.05    5.12200000   5.1100   3.1443   3.6137   1.4100   0.0000   0.0000
    8.05    5.12400000   5.1120   3.1392   3.6145   1.4190   0.0000   0.0000
    8.05    5.12700000   5.1140   3.1333   3.6152   1.4280   0.0000   0.0000
    8.05    5.12900000   5.1160   3.1263   3.6159   1.4370   0.0000   0.0000
    8.05    5.17500000   5.1540   3.0054   3.6294   1.6160   0.0000   0.0000
    8.05    5.33100000   5.2850   3.2540   3.7105   1.7080   0.0000   0.0000
# log(age) Mini Mact logl logt logg Composition Phase
    8.10    0.80000000   0.8000  -0.6630   3.6690   4.6330   0.0000   0.0000
    8.10    0.90100000   0.9010  -0.4215   3.7066   4.5940   0.0000   0.0000
    8.10    1.01400000   1.0140  -0.1753   3.7414   4.5380   0.0000   0.0000
    8.10    1.14200000   1.1420   0.0645   3.7709   4.4680   0.0000   0.0000
    8.10    1.28500000   1.2850   0.2896   3.7953   4.3920   0.0000   0.0000
    8.10    1.44700000   1.4470   0.5356   3.8251   4.3160   0.0000   0.0000
    8.10    1.62900000   1.6290   0.7713   3.8605   4.2860   0.0000   0.0000
    8.10    1.83400000   1.8340   0.9969   3.9027   4.2980   0.0000   0.0000
    8.10    2.06500000   2.0650   1.2173   3.9455   4.2980   0.0000   0.0000
    8.10    2.32500000   2.3250   1.4331   3.9823   4.2790   0.0000   0.0000
    8.10    2.61800000   2.6180   1.6511   4.0162   4.2470   0.0000   0.0000
    8.10    2.94700000   2.9470   1.8740   4.0482   4.2040   0.0000   0.0000
    8.10    3.31800000   3.3180   2.1007   4.0775   4.1470   0.0000   0.0000
    8.10    3.73500000   3.7350   2.3430   4.1035   4.0620   0.0000   0.0000
    8.10    4.20600000   4.2060   2.6108   4.1207   3.9180   0.0000   0.0000
    8.10    4.73500000   4.7350   2.9256   4.1056   3.6000   0.0000   0.0000
    8.10    4.77200000   4.7720   2.9527   4.1043   3.5730   0.0000   0.0000
    8.10    4.77500000   4.7750   2.9546   4.1044   3.5720   0.0000   0.0000
    8.10    4.77700000   4.7770   2.9565   4.1045   3.5700   0.0000   0.0000
    8.10    4.77900000   4.7790   2.9584   4.1046   3.5690   0.0000   0.0000
    8.10    4.78200000   4.7820   2.9604   4.1048   3.5680   0.0000   0.0000
    8.10    4.78400000   4.7840   2.9624   4.1051   3.5670   0.0000   0.0000
    8.10    4.78700000   4.7870   2.9646   4.1053   3.5670   0.0000   0.0000
    8.10    4.78900000   4.7890   2.9667   4.1057   3.5660   0.0000   0.0000
    8.10    4.79100000   4.7910   2.9691   4.1062   3.5660   0.0000   0.0000
    8.10    4.79400000   4.7940   2.9715   4.1067   3.5670   0.0000   0.0000
    8.10    4.79600000   4.7960   2.9740   4.1073   3.5670   0.0000   0.0000
    8.10    4.79800000   4.7980   2.9767   4.1082   3.5680   0.0000   0.0000
    8.10    4.80100000   4.8010   2.9796   4.1092   3.5700   0.0000   0.0000
    8.10    4.80300000   4.8030   2.9827   4.1104   3.5720   0.0000   0.0000
    8.10    4.80500000   4.8050   2.9863   4.1120   3.5750   0.0000   0.0000
    8.10    4.80800000   4.8080   2.9903   4.1141   3.5810   0.0000   0.0000
    8.10    4.81000000   4.8100   2.9950   4.1168   3.5870   0.0000   0.0000
    8.10    4.81300000   4.8130   3.0010   4.1206   3.5970   0.0000   0.0000
    8.10    4.81500000   4.8150   3.0098   4.1261   3.6120   0.0000   0.0000
    8.10    4.81700000   4.8170   3.0268   4.1364   3.6380   0.0000   0.0000
    8.10    4.82000000   4.8200   3.0374   4.1382   3.6360   0.0000   0.0000
    8.10    4.82200000   4.8220   3.0812   4.1124   3.4830   0.0000   0.0000
    8.10    4.82400000   4.8240   3.0912   4.1029   3.4330   0.0000   0.0000
    8.10    4.82700000   4.8270   3.0971   4.0938   3.3900   0.0000   0.0000
    8.10    4.82900000   4.8290   3.1018   4.0829   3.3380   0.0000   0.0000
    8.10    4.83200000   4.8320   3.1053   4.0702   3.2830   0.0000   0.0000
    8.10    4.83400000   4.8340   3.1065   4.0508   3.2020   0.0000   0.0000
    8.10    4.83600000   4.8360   3.1029   4.0243   3.0970   0.0000   0.0000
    8.10    4.83900000   4.8390   3.0875   3.9804   2.9320   0.0000   0.0000
    8.10    4.84100000   4.8410   3.0378   3.9000   2.6530   0.0000   0.0000
    8.10    4.84400000   4.8440   2.8505   3.7140   2.0860   0.0000   0.0000
    8.10    4.84600000   4.8460   2.9427   3.6255   1.6360   0.0000   0.0000
    8.10    4.84800000   4.8480   3.1373   3.6102   1.3800   0.0000   0.0000
    8.10    4.85100000   4.8490   3.1543   3.6101   1.3630   0.0000   0.0000
    8.10    4.85300000   4.8510   3.1450   3.6094   1.3690   0.0000   0.0000
    8.10    4.85600000   4.8530   3.1357   3.6086   1.3760   0.0000   0.0000
    8.10    4.85800000   4.8550   3.1281   3.6085   1.3830   0.0000   0.0000
    8.10    4.86000000   4.8560   3.1233   3.6092   1.3910   0.0000   0.0000
    8.10    4.86300000   4.8580   3.1186   3.6100   1.3990   0.0000   0.0000
    8.10    4.86500000   4.8600   3.1138   3.6108   1.4070   0.0000   0.0000
    8.10    4.86800000   4.8620   3.1094   3.6111   1.4130   0.0000   0.0000
    8.10    4.87000000   4.8630   3.1052   3.6114   1.4190   0.0000   0.0000
    8.10    4.87200000   4.8650   3.1009   3.6117   1.4240   0.0000   0.0000
    8.10    4.87500000   4.8670   3.0965   3.6121   1.4310   0.0000   0.0000
    8.10    4.87700000   4.8690   3.0912   3.6132   1.4400   0.0000   0.0000
    8.10    4.88000000   4.8710   3.0859   3.6143   1.4500   0.0000   0.0000
    8.10    4.88200000   4.8730   3.0806   3.6153   1.4600   0.0000   0.0000
    8.10    4.88400000   4.8750   3.0747   3.6163   1.4700   0.0000   0.0000
    8.10    4.88700000   4.8760   3.0684   3.6172   1.4800   0.0000   0.0000
    8.10    4.88900000   4.8780   3.0621   3.6181   1.4900   0.0000   0.0000
    8.10    4.89200000   4.8800   3.0539   3.6189   1.5010   0.0000   0.0000
    8.10    4.89400000   4.8820   3.0455   3.6198   1.5130   0.0000   0.0000
    8.10    4.89600000   4.8840   3.0372   3.6205   1.5250   0.0000   0.0000
    8.10    5.02400000   4.9940   3.1269   3.7215   1.8510   0.0000   0.0000
# log(age) Mini Mact logl logt logg Composition Phase
    8.15    0.80000000   0.8000  -0.6630   3.6690   4.6330   0.0000   0.0000
    8.15    0.90100000   0.9010  -0.4215   3.7066   4.5940   0.0000   0.0000
    8.15    1.01400000   1.0140  -0.1748   3.7414   4.5380   0.0000   0.0000
    8.15    1.14200000   1.1420   0.0651   3.7710   4.4670   0.0000   0.0000
    8.15    1.28500000   1.2850   0.2905   3.7954   4.3910   0.0000   0.0000
    8.15    1.44700000   1.4470   0.5365   3.8252   4.3160   0.0000   0.0000
    8.15    1.62900000   1.6290   0.7726   3.8605   4.2850   0.0000   0.0000
    8.15    1.83400000   1.8340   0.9983   3.9025   4.2950   0.0000   0.0000
    8.15    2.06500000   2.0650   1.2199   3.9451   4.2930   0.0000   0.0000
    8.15    2.32500000   2.3250   1.4365   3.9811   4.2700   0.0000   0.0000
    8.15    2.61800000   2.6180   1.6567   4.0147   4.2360   0.0000   0.0000
    8.15    2.94700000   2.9470   1.8829   4.0462   4.1880   0.0000   0.0000
    8.15    3.31800000   3.3180   2.1143   4.0744   4.1220   0.0000   0.0000
    8.15    3.73500000   3.7350   2.3650   4.0980   4.0200   0.0000   0.0000
    8.15    4.20600000   4.2060   2.6479   4.1073   3.8290   0.0000   0.0000
    8.15    4.56000000   4.5600   2.8760   4.0894   3.5700   0.0000   0.0000
    8.15    4.56300000   4.5630   2.8779   4.0895   3.5690   0.0000   0.0000
    8.15    4.56500000   4.5650   2.8798   4.0896   3.5670   0.0000   0.0000
    8.15    4.56700000   4.5670   2.8817   4.0897   3.5660   0.0000   0.0000
    8.15    4.56900000   4.5690   2.8838   4.0900   3.5650   0.0000   0.0000
    8.15    4.57200000   4.5720   2.8859   4.0902   3.5650   0.0000   0.0000
    8.15    4.57400000   4.5740   2.8880   4.0905   3.5640   0.0000   0.0000
    8.15    4.57600000   4.5760   2.8903   4.0909   3.5640   0.0000   0.0000
    8.15    4.57800000   4.5780   2.8926   4.0914   3.5640   0.0000   0.0000
    8.15    4.58100000   4.5810   2.8951   4.0920   3.5640   0.0000   0.0000
    8.15    4.58300000   4.5830   2.8976   4.0927   3.5650   0.0000   0.0000
    8.15    4.58500000   4.5850   2.9004   4.0936   3.5660   0.0000   0.0000
    8.15    4.58700000   4.5870   2.9034   4.0947   3.5680   0.0000   0.0000
    8.15    4.59000000   4.5900   2.9068   4.0961   3.5710   0.0000   0.0000
    8.15    4.59200000   4.5920   2.9106   4.0979   3.5750   0.0000   0.0000
    8.15    4.59400000   4.5940   2.9150   4.1002   3.5800   0.0000   0.0000
    8.15    4.59700000   4.5970   2.9201   4.1032   3.5880   0.0000   0.0000
    8.15    4.59900000   4.5990   2.9272   4.1076   3.6000   0.0000   0.0000
    8.15    4.60100000   4.6010   2.9383   4.1145   3.6180   0.0000   0.0000
    8.15    4.60300000   4.6030   2.9622   4.1279   3.6500   0.0000   0.0000
    8.15    4.60600000   4.6060   2.9844   4.1107   3.5560   0.0000   0.0000
    8.15    4.60800000   4.6080   3.0086   4.0959   3.4690   0.0000   0.0000
    8.15    4.61000000   4.6100   3.0162   4.0878   3.4280   0.0000   0.0000
    8.15    4.61200000   4.6120   3.0216   4.0799   3.3890   0.0000   0.0000
    8.15    4.61500000   4.6150   3.0259   4.0689   3.3390   0.0000   0.0000
    8.15    4.61700000   4.6170   3.0291   4.0568   3.2850   0.0000   0.0000
    8.15    4.61900000   4.6190   3.0302   4.0386   3.2100   0.0000   0.0000
    8.15    4.62200000   4.6220   3.0268   4.0138   3.1110   0.0000   0.0000
    8.15    4.62400000   4.6240   3.0131   3.9738   2.9610   0.0000   0.0000
    8.15    4.62600000   4.6260   2.9709   3.9035   2.7160   0.0000   0.0000
    8.15    4.62800000   4.6280   2.8268   3.7489   2.2320   0.0000   0.0000
    8.15    4.63100000   4.6310   2.7870   3.6367   1.8170   0.0000   0.0000
    8.15    4.63300000   4.6330   3.0048   3.6178   1.5230   0.0000   0.0000
    8.15    4.63500000   4.6340   3.0937   3.6123   1.4130   0.0000   0.0000
    8.15    4.63800000   4.6360   3.0833   3.6118   1.4210   0.0000   0.0000
    8.15    4.64000000   4.6380   3.0730   3.6114   1.4300   0.0000   0.0000
    8.15    4.64200000   4.6390   3.0635   3.6112   1.4390   0.0000   0.0000
    8.15    4.64400000   4.6410   3.0582   3.6119   1.4470   0.0000   0.0000
    8.15    4.64700000   4.6430   3.0529   3.6126   1.4550   0.0000   0.0000
    8.15    4.64900000   4.6440   3.0477   3.6133   1.4640   0.0000   0.0000
    8.15    4.65100000   4.6460   3.0427   3.6137   1.4700   0.0000   0.0000
    8.15    4.65400000   4.6480   3.0378   3.6140   1.4770   0.0000   0.0000
    8.15    4.65600000   4.6500   3.0329   3.6144   1.4830   0.0000   0.0000
    8.15    4.65800000   4.6510   3.0275   3.6149   1.4910   0.0000   0.0000
    8.15    4.66100000   4.6530   3.0213   3.6160   1.5010   0.0000   0.0000
    8.15    4.66300000   4.6550   3.0152   3.6170   1.5120   0.0000   0.0000
    8.15    4.66500000   4.6570   3.0090   3.6181   1.5220   0.0000   0.0000
    8.15    4.66700000   4.6580   3.0014   3.6191   1.5340   0.0000   0.0000
    8.15    4.67000000   4.6600   2.9937   3.6201   1.5460   0.0000   0.0000
    8.15    4.67200000   4.6620   2.9859   3.6211   1.5580   0.0000   0.0000
    8.15    4.67400000   4.6640   2.9758   3.6223   1.5730   0.0000   0.0000
    8.15    4.67700000   4.6660   2.9657   3.6234   1.5880   0.0000   0.0000
    8.15    4.67900000   4.6680   2.9560   3.6244   1.6020   0.0000   0.0000
    8.15    4.73500000   4.7160   2.8130   3.6467   1.8390   0.0000   0.0000
    8.15    4.87700000   4.8360   3.0222   3.6483   1.6480   0.0000   0.0000
# log(age) Mini Mact logl logt logg Composition Phase
    8.20    0.80000000   0.8000  -0.6630   3.6690   4.6330   0.0000   0.0000
    8.20    0.90100000   0.9010  -0.4215   3.7066   4.5930   0.0000   0.0000
    8.20    1.01400000   1.0140  -0.1743   3.7415   4.5370   0.0000   0.0000
    8.20    1.14200000   1.1420   0.0657   3.7710   4.4670   0.0000   0.0000
    8.20    1.28500000   1.2850   0.2913   3.7954   4.3900   0.0000   0.0000
    8.20    1.44700000   1.4470   0.5377   3.8252   4.3140   0.0000   0.0000
    8.20    1.62900000   1.6290   0.7740   3.8605   4.2830   0.0000   0.0000
    8.20    1.83400000   1.8340   0.9999   3.9022   4.2910   0.0000   0.0000
    8.20    2.06500000   2.0650   1.2226   3.9445   4.2880   0.0000   0.0000
    8.20    2.32500000   2.3250   1.4403   3.9798   4.2610   0.0000   0.0000
    8.20    2.61800000   2.6180   1.6632   4.0130   4.2230   0.0000   0.0000
    8.20    2.94700000   2.9470   1.8930   4.0438   4.1680   0.0000   0.0000
    8.20    3.31800000   3.3180   2.1302   4.0706   4.0910   0.0000   0.0000
    8.20    3.73500000   3.7350   2.3910   4.0906   3.9650   0.0000   0.0000
    8.20    4.20600000   4.2060   2.6927   4.0858   3.7000   0.0000   0.0000
    8.20    4.35600000   4.3560   2.7974   4.0744   3.5680   0.0000   0.0000
    8.20    4.35800000   4.3580   2.7993   4.0745   3.5670   0.0000   0.0000
    8.20    4.36000000   4.3600   2.8012   4.0746   3.5660   0.0000   0.0000
    8.20    4.36200000   4.3620   2.8031   4.0747   3.5650   0.0000   0.0000
    8.20    4.36400000   4.3640   2.8051   4.0749   3.5630   0.0000   0.0000
    8.20    4.36600000   4.3660   2.8071   4.0751   3.5630   0.0000   0.0000
    8.20    4.36900000   4.3690   2.8093   4.0754   3.5620   0.0000   0.0000
    8.20    4.37100000   4.3710   2.8115   4.0757   3.5610   0.0000   0.0000
    8.20    4.37300000   4.3730   2.8138   4.0761   3.5610   0.0000   0.0000
    8.20    4.37500000   4.3750   2.8162   4.0767   3.5610   0.0000   0.0000
    8.20    4.37700000   4.3770   2.8187   4.0773   3.5620   0.0000   0.0000
    8.20    4.37900000   4.3790   2.8213   4.0781   3.5630   0.0000   0.0000
    8.20    4.38100000   4.3810   2.8243   4.0791   3.5640   0.0000   0.0000
    8.20    4.38400000   4.3840   2.8274   4.0803   3.5660   0.0000   0.0000
    8.20    4.38600000   4.3860   2.8310   4.0818   3.5690   0.0000   0.0000
    8.20    4.38800000   4.3880   2.8351   4.0839   3.5740   0.0000   0.0000
    8.20    4.39000000   4.3900   2.8398   4.0864   3.5800   0.0000   0.0000
    8.20    4.39200000   4.3920   2.8457   4.0900   3.5900   0.0000   0.0000
    8.20    4.39500000   4.3950   2.8540   4.0950   3.6030   0.0000   0.0000
    8.20    4.39700000   4.3970   2.8683   4.1036   3.6250   0.0000   0.0000
    8.20    4.39900000   4.3990   2.9003   4.1203   3.6620   0.0000   0.0000
    8.20    4.40100000   4.4010   2.9224   4.0905   3.5150   0.0000   0.0000
    8.20    4.40300000   4.4030   2.9348   4.0808   3.4620   0.0000   0.0000
    8.20    4.40500000   4.4050   2.9410   4.0731   3.4240   0.0000   0.0000
    8.20    4.40800000   4.4080   2.9460   4.0655   3.3870   0.0000   0.0000
    8.20    4.41000000   4.4100   2.9500   4.0551   3.3400   0.0000   0.0000
    8.20    4.41200000   4.4120   2.9529   4.0434   3.2890   0.0000   0.0000
    8.20    4.41400000   4.4140   2.9539   4.0265   3.2190   0.0000   0.0000
    8.20    4.41600000   4.4160   2.9507   4.0031   3.1250   0.0000   0.0000
    8.20    4.41800000   4.4180   2.9382   3.9665   2.9870   0.0000   0.0000
    8.20    4.42100000   4.4210   2.9023   3.9046   2.7700   0.0000   0.0000
    8.20    4.42300000   4.4230   2.7882   3.7758   2.3610   0.0000   0.0000
    8.20    4.42500000   4.4250   2.6093   3.6537   2.0430   0.0000   0.0000
    8.20    4.42700000   4.4270   2.8718   3.6250   1.6660   0.0000   0.0000
    8.20    4.42900000   4.4290   3.0339   3.6139   1.4590   0.0000   0.0000
    8.20    4.43200000   4.4300   3.0224   3.6141   1.4720   0.0000   0.0000
    8.20    4.43400000   4.4320   3.0109   3.6140   1.4830   0.0000   0.0000
    8.20    4.43600000   4.4330   2.9994   3.6139   1.4940   0.0000   0.0000
    8.20    4.43800000   4.4350   2.9933   3.6145   1.5030   0.0000   0.0000
    8.20    4.44000000   4.4370   2.9875   3.6152   1.5110   0.0000   0.0000
    8.20    4.44300000   4.4380   2.9816   3.6158   1.5200   0.0000   0.0000
    8.20    4.44500000   4.4400   2.9759   3.6163   1.5280   0.0000   0.0000
    8.20    4.44700000   4.4420   2.9703   3.6167   1.5350   0.0000   0.0000
    8.20    4.44900000   4.4430   2.9647   3.6170   1.5420   0.0000   0.0000
    8.20    4.45100000   4.4450   2.9583   3.6177   1.5520   0.0000   0.0000
    8.20    4.45300000   4.4470   2.9512   3.6188   1.5630   0.0000   0.0000
    8.20    4.45600000   4.4490   2.9441   3.6198   1.5740   0.0000   0.0000
    8.20    4.45800000   4.4500   2.9366   3.6208   1.5860   0.0000   0.0000
    8.20    4.46000000   4.4520   2.9275   3.6219   1.6000   0.0000   0.0000
    8.20    4.46200000   4.4540   2.9185   3.6231   1.6140   0.0000   0.0000
    8.20    4.46500000   4.4560   2.9089   3.6242   1.6280   0.0000   0.0000
    8.20    4.46700000   4.4570   2.8973   3.6256   1.6460   0.0000   0.0000
    8.20    4.46900000   4.4590   2.8858   3.6271   1.6630   0.0000   0.0000
    8.20    4.47100000   4.4610   2.8747   3.6283   1.6790   0.0000   0.0000
    8.20    4.47300000   4.4630   2.8642   3.6291   1.6930   0.0000   0.0000
    8.20    4.59700000   4.5720   2.9262   3.7015   1.9330   0.0000   0.0000
# log(age) Mini Mact logl logt logg Composition Phase
    8.25    0.80000000   0.8000  -0.6630   3.6690   4.6330   0.0000   0.0000
    8.25    0.90100000   0.9010  -0.4212   3.7066   4.5930   0.0000   0.0000
    8.25    1.01400000   1.0140  -0.1738   3.7415   4.5370   0.0000   0.0000
    8.25    1.14200000   1.1420   0.0665   3.7710   4.4660   0.0000   0.0000
    8.25    1.28500000   1.2850   0.2923   3.7954   4.3890   0.0000   0.0000
    8.25    1.44700000   1.4470   0.5390   3.8252   4.3130   0.0000   0.0000
    8.25    1.62900000   1.6290   0.7755   3.8605   4.2810   0.0000   0.0000
    8.25    1.83400000   1.8340   1.0016   3.9018   4.2880   0.0000   0.0000
    8.25    2.06500000   2.0650   1.2253   3.9436   4.2810   0.0000   0.0000
    8.25    2.32500000   2.3250   1.4448   3.9783   4.2510   0.0000   0.0000
    8.25    2.61800000   2.6180   1.6706   4.0111   4.2080   0.0000   0.0000
    8.25    2.94700000   2.9470   1.9049   4.0409   4.1450   0.0000   0.0000
    8.25    3.31800000   3.3180   2.1489   4.0658   4.0540   0.0000   0.0000
    8.25    3.73500000   3.7350   2.4222   4.0801   3.8930   0.0000   0.0000
    8.25    4.16200000   4.1620   2.7208   4.0595   3.5650   0.0000   0.0000
    8.25    4.16400000   4.1640   2.7227   4.0596   3.5640   0.0000   0.0000
    8.25    4.16600000   4.1660   2.7246   4.0597   3.5630   0.0000   0.0000
    8.25    4.16800000   4.1680   2.7265   4.0598   3.5620   0.0000   0.0000
    8.25    4.17000000   4.1700   2.7285   4.0600   3.5610   0.0000   0.0000
    8.25    4.17200000   4.1720   2.7306   4.0602   3.5600   0.0000   0.0000
    8.25    4.17400000   4.1740   2.7327   4.0605   3.5590   0.0000   0.0000
    8.25    4.17700000   4.1770   2.7350   4.0609   3.5590   0.0000   0.0000
    8.25    4.17900000   4.1790   2.7373   4.0614   3.5590   0.0000   0.0000
    8.25    4.18100000   4.1810   2.7398   4.0620   3.5590   0.0000   0.0000
    8.25    4.18300000   4.1830   2.7423   4.0626   3.5600   0.0000   0.0000
    8.25    4.18500000   4.1850   2.7451   4.0635   3.5600   0.0000   0.0000
    8.25    4.18700000   4.1870   2.7481   4.0646   3.5620   0.0000   0.0000
    8.25    4.18900000   4.1890   2.7515   4.0659   3.5650   0.0000   0.0000
    8.25    4.19100000   4.1910   2.7553   4.0676   3.5690   0.0000   0.0000
    8.25    4.19300000   4.1930   2.7597   4.0699   3.5740   0.0000   0.0000
    8.25    4.19500000   4.1950   2.7649   4.0728   3.5810   0.0000   0.0000
    8.25    4.19700000   4.1970   2.7716   4.0768   3.5920   0.0000   0.0000
    8.25    4.19900000   4.1990   2.7816   4.0830   3.6080   0.0000   0.0000
    8.25    4.20100000   4.2010   2.8013   4.0943   3.6360   0.0000   0.0000
    8.25    4.20300000   4.2030   2.8141   4.0927   3.6160   0.0000   0.0000
    8.25    4.20600000   4.2060   2.8519   4.0733   3.4960   0.0000   0.0000
    8.25    4.20800000   4.2080   2.8603   4.0660   3.4570   0.0000   0.0000
    8.25    4.21000000   4.2100   2.8657   4.0589   3.4230   0.0000   0.0000
    8.25    4.21200000   4.2120   2.8703   4.0514   3.3870   0.0000   0.0000
    8.25    4.21400000   4.2140   2.8740   4.0414   3.3420   0.0000   0.0000
    8.25    4.21600000   4.2160   2.8767   4.0302   3.2930   0.0000   0.0000
    8.25    4.21800000   4.2180   2.8775   4.0145   3.2270   0.0000   0.0000
    8.25    4.22000000   4.2200   2.8746   3.9923   3.1390   0.0000   0.0000
    8.25    4.22200000   4.2220   2.8633   3.9588   3.0120   0.0000   0.0000
    8.25    4.22400000   4.2240   2.8322   3.9038   2.8180   0.0000   0.0000
    8.25    4.22600000   4.2260   2.7398   3.7954   2.4700   0.0000   0.0000
    8.25    4.22800000   4.2280   2.4915   3.6707   2.2100   0.0000   0.0000
    8.25    4.23100000   4.2300   2.7422   3.6340   1.8120   0.0000   0.0000
    8.25    4.23300000   4.2320   2.9248   3.6182   1.5660   0.0000   0.0000
    8.25    4.23500000   4.2340   2.9623   3.6162   1.5200   0.0000   0.0000
    8.25    4.23700000   4.2350   2.9495   3.6165   1.5340   0.0000   0.0000
    8.25    4.23900000   4.2370   2.9367   3.6167   1.5480   0.0000   0.0000
    8.25    4.24100000   4.2380   2.9286   3.6172   1.5590   0.0000   0.0000
    8.25    4.24300000   4.2400   2.9221   3.6178   1.5680   0.0000   0.0000
    8.25    4.24500000   4.2410   2.9156   3.6184   1.5770   0.0000   0.0000
    8.25    4.24700000   4.2430   2.9092   3.6189   1.5850   0.0000   0.0000
    8.25    4.24900000   4.2450   2.9028   3.6193   1.5930   0.0000   0.0000
    8.25    4.25100000   4.2460   2.8963   3.6197   1.6020   0.0000   0.0000
    8.25    4.25400000   4.2480   2.8889   3.6205   1.6130   0.0000   0.0000
    8.25    4.25600000   4.2500   2.8807   3.6215   1.6250   0.0000   0.0000
    8.25    4.25800000   4.2510   2.8725   3.6225   1.6370   0.0000   0.0000
    8.25    4.26000000   4.2530   2.8633   3.6236   1.6510   0.0000   0.0000
    8.25    4.26200000   4.2550   2.8530   3.6248   1.6660   0.0000   0.0000
    8.25    4.26400000   4.2560   2.8427   3.6260   1.6820   0.0000   0.0000
    8.25    4.26600000   4.2580   2.8314   3.6274   1.6990   0.0000   0.0000
    8.25    4.26800000   4.2600   2.8187   3.6291   1.7180   0.0000   0.0000
    8.25    4.27000000   4.2620   2.8060   3.6307   1.7380   0.0000   0.0000
    8.25    4.27300000   4.2640   2.7935   3.6321   1.7560   0.0000   0.0000
    8.25    4.27500000   4.2650   2.7816   3.6331   1.7720   0.0000   0.0000
    8.25    4.33200000   4.3170   2.6581   3.6608   2.0120   0.0000   0.0000
    8.25    4.46200000   4.4300   2.8455   3.6570   1.8220   0.0000   0.0000
# log(age) Mini Mact logl logt logg Composition Phase
    8.30    0.80000000   0.8000  -0.6630   3.6690   4.6330   0.0000   0.0000
    8.30    0.90100000   0.9010  -0.4207   3.7066   4.5930   0.0000   0.0000
    8.30    1.01400000   1.0140  -0.1733   3.7415   4.5360   0.0000   0.0000
    8.30    1.14200000   1.1420   0.0673   3.7711   4.4660   0.0000   0.0000
    8.30    1.28500000   1.2850   0.2934   3.7954   4.3880   0.0000   0.0000
    8.30    1.44700000   1.4470   0.5404   3.8252   4.3120   0.0000   0.0000
    8.30    1.62900000   1.6290   0.7767   3.8601   4.2780   0.0000   0.0000
    8.30    1.83400000   1.8340   1.0051   3.9021   4.2850   0.0000   0.0000
    8.30    2.06500000   2.0650   1.2285   3.9425   4.2730   0.0000   0.0000
    8.30    2.32500000   2.3250   1.4502   3.9768   4.2390   0.0000   0.0000
    8.30    2.61800000   2.6180   1.6793   4.0090   4.1910   0.0000   0.0000
    8.30    2.94700000   2.9470   1.9185   4.0374   4.1180   0.0000   0.0000
    8.30    3.31800000   3.3180   2.1708   4.0594   4.0080   0.0000   0.0000
    8.30    3.73500000   3.7350   2.4593   4.0643   3.7950   0.0000   0.0000
    8.30    3.97500000   3.9750   2.6408   4.0447   3.5650   0.0000   0.0000
    8.30    3.97700000   3.9770   2.6427   4.0446   3.5640   0.0000   0.0000
    8.30    3.97900000   3.9790   2.6447   4.0447   3.5620   0.0000   0.0000
    8.30    3.98100000   3.9810   2.6467   4.0448   3.5610   0.0000   0.0000
    8.30    3.98300000   3.9830   2.6488   4.0449   3.5590   0.0000   0.0000
    8.30    3.98500000   3.9850   2.6509   4.0450   3.5580   0.0000   0.0000
    8.30    3.98700000   3.9870   2.6531   4.0453   3.5570   0.0000   0.0000
    8.30    3.98900000   3.9890   2.6553   4.0456   3.5570   0.0000   0.0000
    8.30    3.99100000   3.9910   2.6578   4.0460   3.5560   0.0000   0.0000
    8.30    3.99300000   3.9930   2.6602   4.0465   3.5560   0.0000   0.0000
    8.30    3.99500000   3.9950   2.6630   4.0472   3.5560   0.0000   0.0000
    8.30    3.99700000   3.9970   2.6657   4.0479   3.5570   0.0000   0.0000
    8.30    3.99900000   3.9990   2.6688   4.0488   3.5580   0.0000   0.0000
    8.30    4.00100000   4.0010   2.6721   4.0501   3.5610   0.0000   0.0000
    8.30    4.00300000   4.0030   2.6757   4.0516   3.5640   0.0000   0.0000
    8.30    4.00500000   4.0050   2.6798   4.0536   3.5680   0.0000   0.0000
    8.30    4.00700000   4.0070   2.6845   4.0560   3.5740   0.0000   0.0000
    8.30    4.00900000   4.0090   2.6903   4.0594   3.5820   0.0000   0.0000
    8.30    4.01100000   4.0110   2.6981   4.0640   3.5940   0.0000   0.0000
    8.30    4.01300000   4.0130   2.7109   4.0717   3.6140   0.0000   0.0000
    8.30    4.01500000   4.0150   2.7381   4.0862   3.6470   0.0000   0.0000
    8.30    4.01700000   4.0170   2.7616   4.0682   3.5480   0.0000   0.0000
    8.30    4.01900000   4.0190   2.7788   4.0571   3.4840   0.0000   0.0000
    8.30    4.02100000   4.0210   2.7853   4.0513   3.4530   0.0000   0.0000
    8.30    4.02300000   4.0230   2.7903   4.0455   3.4240   0.0000   0.0000
    8.30    4.02500000   4.0250   2.7945   4.0374   3.3870   0.0000   0.0000
    8.30    4.02700000   4.0270   2.7980   4.0281   3.3450   0.0000   0.0000
    8.30    4.02900000   4.0290   2.8005   4.0171   3.2970   0.0000   0.0000
    8.30    4.03100000   4.0310   2.8012   4.0026   3.2370   0.0000   0.0000
    8.30    4.03300000   4.0330   2.7984   3.9814   3.1520   0.0000   0.0000
    8.30    4.03500000   4.0350   2.7881   3.9507   3.0360   0.0000   0.0000
    8.30    4.03700000   4.0370   2.7605   3.9009   2.8590   0.0000   0.0000
    8.30    4.03900000   4.0390   2.6834   3.8080   2.5580   0.0000   0.0000
    8.30    4.04100000   4.0410   2.4516   3.6880   2.3000   0.0000   0.0000
    8.30    4.04300000   4.0430   2.6109   3.6417   1.9540   0.0000   0.0000
    8.30    4.04500000   4.0440   2.7943   3.6269   1.7110   0.0000   0.0000
    8.30    4.04700000   4.0460   2.9033   3.6179   1.5670   0.0000   0.0000
    8.30    4.04900000   4.0470   2.8889   3.6186   1.5840   0.0000   0.0000
    8.30    4.05100000   4.0490   2.8746   3.6193   1.6010   0.0000   0.0000
    8.30    4.05300000   4.0500   2.8641   3.6199   1.6140   0.0000   0.0000
    8.30    4.05500000   4.0520   2.8569   3.6204   1.6240   0.0000   0.0000
    8.30    4.05700000   4.0530   2.8497   3.6209   1.6330   0.0000   0.0000
    8.30    4.05900000   4.0550   2.8425   3.6214   1.6420   0.0000   0.0000
    8.30    4.06100000   4.0560   2.8352   3.6219   1.6520   0.0000   0.0000
    8.30    4.06300000   4.0580   2.8279   3.6225   1.6610   0.0000   0.0000
    8.30    4.06500000   4.0600   2.8191   3.6233   1.6740   0.0000   0.0000
    8.30    4.06700000   4.0610   2.8097   3.6243   1.6870   0.0000   0.0000
    8.30    4.06900000   4.0630   2.8004   3.6253   1.7010   0.0000   0.0000
    8.30    4.07100000   4.0650   2.7894   3.6265   1.7170   0.0000   0.0000
    8.30    4.07300000   4.0660   2.7779   3.6278   1.7340   0.0000   0.0000
    8.30    4.07500000   4.0680   2.7664   3.6291   1.7510   0.0000   0.0000
    8.30    4.07700000   4.0700   2.7535   3.6307   1.7700   0.0000   0.0000
    8.30    4.07900000   4.0710   2.7398   3.6325   1.7910   0.0000   0.0000
    8.30    4.08100000   4.0730   2.7261   3.6344   1.8130   0.0000   0.0000
    8.30    4.08300000   4.0750   2.7124   3.6360   1.8330   0.0000   0.0000
    8.30    4.08500000   4.0760   2.6988   3.6371   1.8510   0.0000   0.0000
    8.30    4.08700000   4.0780   2.6853   3.6383   1.8700   0.0000   0.0000
    8.30    4.20600000   4.1860   2.7214   3.6848   2.0330   0.0000   0.0000
# log(age) Mini Mact logl logt logg Composition Phase
    8.35    0.80000000   0.8000  -0.6630   3.6690   4.6330   0.0000   0.0000
    8.35    0.90100000   0.9010  -0.4203   3.7067   4.5920   0.0000   0.0000
    8.35    1.01400000   1.0140  -0.1728   3.7416   4.5360   0.0000   0.0000
    8.35    1.14200000   1.1420   0.0681   3.7711   4.4650   0.0000   0.0000
    8.35    1.28500000   1.2850   0.2946   3.7955   4.3870   0.0000   0.0000
    8.35    1.44700000   1.4470   0.5421   3.8252   4.3100   0.0000   0.0000
    8.35    1.62900000   1.6290   0.7779   3.8596   4.2750   0.0000   0.0000
    8.35    1.83400000   1.8340   1.0085   3.9021   4.2810   0.0000   0.0000
    8.35    2.06500000   2.0650   1.2322   3.9413   4.2640   0.0000   0.0000
    8.35    2.32500000   2.3250   1.4562   3.9750   4.2260   0.0000   0.0000
    8.35    2.61800000   2.6180   1.6893   4.0064   4.1710   0.0000   0.0000
    8.35    2.94700000   2.9470   1.9344   4.0332   4.0860   0.0000   0.0000
    8.35    3.31800000   3.3180   2.1967   4.0510   3.9500   0.0000   0.0000
    8.35    3.73500000   3.7350   2.5032   4.0384   3.6490   0.0000   0.0000
    8.35    3.81000000   3.8100   2.5653   4.0302   3.5640   0.0000   0.0000
    8.35    3.81200000   3.8120   2.5671   4.0302   3.5630   0.0000   0.0000
    8.35    3.81400000   3.8140   2.5690   4.0301   3.5610   0.0000   0.0000
    8.35    3.81600000   3.8160   2.5710   4.0302   3.5590   0.0000   0.0000
    8.35    3.81700000   3.8170   2.5730   4.0303   3.5580   0.0000   0.0000
    8.35    3.81900000   3.8190   2.5751   4.0304   3.5570   0.0000   0.0000
    8.35    3.82100000   3.8210   2.5773   4.0306   3.5560   0.0000   0.0000
    8.35    3.82300000   3.8230   2.5795   4.0309   3.5550   0.0000   0.0000
    8.35    3.82500000   3.8250   2.5818   4.0312   3.5540   0.0000   0.0000
    8.35    3.82700000   3.8270   2.5843   4.0317   3.5540   0.0000   0.0000
    8.35    3.82900000   3.8290   2.5869   4.0322   3.5540   0.0000   0.0000
    8.35    3.83100000   3.8310   2.5896   4.0329   3.5550   0.0000   0.0000
    8.35    3.83300000   3.8330   2.5925   4.0338   3.5560   0.0000   0.0000
    8.35    3.83400000   3.8340   2.5959   4.0350   3.5570   0.0000   0.0000
    8.35    3.83600000   3.8360   2.5996   4.0365   3.5600   0.0000   0.0000
    8.35    3.83800000   3.8380   2.6039   4.0384   3.5640   0.0000   0.0000
    8.35    3.84000000   3.8400   2.6089   4.0409   3.5700   0.0000   0.0000
    8.35    3.84200000   3.8420   2.6151   4.0444   3.5790   0.0000   0.0000
    8.35    3.84400000   3.8440   2.6237   4.0494   3.5910   0.0000   0.0000
    8.35    3.84600000   3.8460   2.6385   4.0581   3.6130   0.0000   0.0000
    8.35    3.84800000   3.8480   2.6717   4.0752   3.6510   0.0000   0.0000
    8.35    3.85000000   3.8500   2.6953   4.0504   3.5240   0.0000   0.0000
    8.35    3.85200000   3.8520   2.7069   4.0423   3.4780   0.0000   0.0000
    8.35    3.85300000   3.8530   2.7128   4.0357   3.4450   0.0000   0.0000
    8.35    3.85500000   3.8550   2.7176   4.0293   3.4130   0.0000   0.0000
    8.35    3.85700000   3.8570   2.7216   4.0205   3.3730   0.0000   0.0000
    8.35    3.85900000   3.8590   2.7248   4.0111   3.3310   0.0000   0.0000
    8.35    3.86100000   3.8610   2.7266   3.9974   3.2730   0.0000   0.0000
    8.35    3.86300000   3.8630   2.7256   3.9798   3.2010   0.0000   0.0000
    8.35    3.86500000   3.8650   2.7188   3.9537   3.1000   0.0000   0.0000
    8.35    3.86700000   3.8670   2.6990   3.9117   2.9470   0.0000   0.0000
    8.35    3.86900000   3.8690   2.6444   3.8382   2.7020   0.0000   0.0000
    8.35    3.87100000   3.8710   2.4699   3.7110   2.3580   0.0000   0.0000
    8.35    3.87300000   3.8730   2.4629   3.6521   2.1250   0.0000   0.0000
    8.35    3.87400000   3.8740   2.6675   3.6324   1.8410   0.0000   0.0000
    8.35    3.87600000   3.8760   2.8514   3.6190   1.6040   0.0000   0.0000
    8.35    3.87800000   3.8770   2.8358   3.6201   1.6240   0.0000   0.0000
    8.35    3.88000000   3.8790   2.8170   3.6214   1.6480   0.0000   0.0000
    8.35    3.88200000   3.8800   2.8036   3.6223   1.6650   0.0000   0.0000
    8.35    3.88400000   3.8810   2.7946   3.6229   1.6770   0.0000   0.0000
    8.35    3.88600000   3.8830   2.7855   3.6235   1.6890   0.0000   0.0000
    8.35    3.88800000   3.8840   2.7758   3.6242   1.7020   0.0000   0.0000
    8.35    3.89000000   3.8860   2.7661   3.6249   1.7140   0.0000   0.0000
    8.35    3.89200000   3.8870   2.7553   3.6258   1.7290   0.0000   0.0000
    8.35    3.89400000   3.8890   2.7436   3.6270   1.7450   0.0000   0.0000
    8.35    3.89600000   3.8900   2.7320   3.6281   1.7620   0.0000   0.0000
    8.35    3.89700000   3.8920   2.7180   3.6296   1.7820   0.0000   0.0000
    8.35    3.89900000   3.8940   2.7040   3.6311   1.8020   0.0000   0.0000
    8.35    3.90100000   3.8950   2.6896   3.6327   1.8230   0.0000   0.0000
    8.35    3.90300000   3.8970   2.6734   3.6348   1.8480   0.0000   0.0000
    8.35    3.90500000   3.8980   2.6573   3.6370   1.8730   0.0000   0.0000
    8.35    3.90700000   3.9000   2.6408   3.6389   1.8970   0.0000   0.0000
    8.35    3.90900000   3.9020   2.6234   3.6403   1.9200   0.0000   0.0000
    8.35    3.91100000   3.9030   2.6064   3.6420   1.9440   0.0000   0.0000
    8.35    3.91300000   3.9050   2.5897   3.6436   1.9680   0.0000   0.0000
    8.35    3.91500000   3.9070   2.5733   3.6452   1.9910   0.0000   0.0000
    8.35    3.96300000   3.9520   2.5085   3.6719   2.1680   0.0000   0.0000
    8.35    4.08300000   4.0590   2.6594   3.6630   1.9930   0.0000   0.0000
# log(age) Mini Mact logl logt logg Composition Phase
    8.40    0.80000000   0.8000  -0.6629   3.6690   4.6330   0.0000   0.0000
    8.40    0.90100000   0.9010  -0.4199   3.7067   4.5920   0.0000   0.0000
    8.40    1.01400000   1.0140  -0.1720   3.7416   4.5350   0.0000   0.0000
    8.40    1.14200000   1.1420   0.0692   3.7712   4.4640   0.0000   0.0000
    8.40    1.28500000   1.2850   0.2960   3.7956   4.3860   0.0000   0.0000
    8.40    1.44700000   1.4470   0.5438   3.8252   4.3080   0.0000   0.0000
    8.40    1.62900000   1.6290   0.7815   3.8602   4.2730   0.0000   0.0000
    8.40    1.83400000   1.8340   1.0113   3.9016   4.2760   0.0000   0.0000
    8.40    2.06500000   2.0650   1.2364   3.9398   4.2540   0.0000   0.0000
    8.40    2.32500000   2.3250   1.4635   3.9731   4.2120   0.0000   0.0000
    8.40    2.61800000   2.6180   1.7010   4.0035   4.1480   0.0000   0.0000
    8.40    2.94700000   2.9470   1.9530   4.0277   4.0470   0.0000   0.0000
    8.40    3.31800000   3.3180   2.2274   4.0391   3.8730   0.0000   0.0000
    8.40    3.65300000   3.6530   2.4915   4.0157   3.5620   0.0000   0.0000
    8.40    3.65500000   3.6550   2.4934   4.0157   3.5600   0.0000   0.0000
    8.40    3.65700000   3.6570   2.4953   4.0156   3.5580   0.0000   0.0000
    8.40    3.65900000   3.6590   2.4973   4.0157   3.5570   0.0000   0.0000
    8.40    3.66100000   3.6610   2.4993   4.0158   3.5550   0.0000   0.0000
    8.40    3.66200000   3.6620   2.5014   4.0159   3.5540   0.0000   0.0000
    8.40    3.66400000   3.6640   2.5036   4.0162   3.5530   0.0000   0.0000
    8.40    3.66600000   3.6660   2.5059   4.0165   3.5520   0.0000   0.0000
    8.40    3.66800000   3.6680   2.5083   4.0168   3.5520   0.0000   0.0000
    8.40    3.67000000   3.6700   2.5108   4.0174   3.5520   0.0000   0.0000
    8.40    3.67100000   3.6710   2.5136   4.0180   3.5520   0.0000   0.0000
    8.40    3.67300000   3.6730   2.5164   4.0188   3.5530   0.0000   0.0000
    8.40    3.67500000   3.6750   2.5196   4.0198   3.5540   0.0000   0.0000
    8.40    3.67700000   3.6770   2.5232   4.0212   3.5570   0.0000   0.0000
    8.40    3.67900000   3.6790   2.5273   4.0229   3.5600   0.0000   0.0000
    8.40    3.68000000   3.6800   2.5321   4.0252   3.5650   0.0000   0.0000
    8.40    3.68200000   3.6820   2.5378   4.0281   3.5720   0.0000   0.0000
    8.40    3.68400000   3.6840   2.5455   4.0325   3.5830   0.0000   0.0000
    8.40    3.68600000   3.6860   2.5574   4.0395   3.6010   0.0000   0.0000
    8.40    3.68800000   3.6880   2.5819   4.0530   3.6320   0.0000   0.0000
    8.40    3.69000000   3.6900   2.6046   4.0444   3.5740   0.0000   0.0000
    8.40    3.69100000   3.6910   2.6298   4.0309   3.4910   0.0000   0.0000
    8.40    3.69300000   3.6930   2.6365   4.0250   3.4600   0.0000   0.0000
    8.40    3.69500000   3.6950   2.6414   4.0189   3.4290   0.0000   0.0000
    8.40    3.69700000   3.6970   2.6456   4.0117   3.3950   0.0000   0.0000
    8.40    3.69900000   3.6990   2.6491   4.0029   3.3560   0.0000   0.0000
    8.40    3.70100000   3.7010   2.6515   3.9923   3.3090   0.0000   0.0000
    8.40    3.70200000   3.7020   2.6522   3.9782   3.2510   0.0000   0.0000
    8.40    3.70400000   3.7040   2.6494   3.9585   3.1720   0.0000   0.0000
    8.40    3.70600000   3.7060   2.6393   3.9294   3.0620   0.0000   0.0000
    8.40    3.70800000   3.7080   2.6129   3.8825   2.8970   0.0000   0.0000
    8.40    3.71000000   3.7100   2.5396   3.7989   2.6280   0.0000   0.0000
    8.40    3.71200000   3.7120   2.3258   3.6944   2.4150   0.0000   0.0000
    8.40    3.71300000   3.7130   2.4308   3.6507   2.1330   0.0000   0.0000
    8.40    3.71500000   3.7150   2.6181   3.6341   1.8800   0.0000   0.0000
    8.40    3.71700000   3.7160   2.7969   3.6204   1.6460   0.0000   0.0000
    8.40    3.71900000   3.7180   2.7820   3.6216   1.6660   0.0000   0.0000
    8.40    3.72100000   3.7190   2.7589   3.6233   1.6960   0.0000   0.0000
    8.40    3.72300000   3.7200   2.7443   3.6245   1.7150   0.0000   0.0000
    8.40    3.72400000   3.7220   2.7337   3.6254   1.7300   0.0000   0.0000
    8.40    3.72600000   3.7230   2.7224   3.6262   1.7450   0.0000   0.0000
    8.40    3.72800000   3.7250   2.7102   3.6271   1.7600   0.0000   0.0000
    8.40    3.73000000   3.7260   2.6978   3.6280   1.7770   0.0000   0.0000
    8.40    3.73200000   3.7280   2.6842   3.6293   1.7950   0.0000   0.0000
    8.40    3.73400000   3.7290   2.6706   3.6305   1.8140   0.0000   0.0000
    8.40    3.73500000   3.7310   2.6549   3.6321   1.8360   0.0000   0.0000
    8.40    3.73700000   3.7320   2.6390   3.6337   1.8590   0.0000   0.0000
    8.40    3.73900000   3.7340   2.6224   3.6356   1.8830   0.0000   0.0000
    8.40    3.74100000   3.7350   2.6043   3.6378   1.9110   0.0000   0.0000
    8.40    3.74300000   3.7370   2.5863   3.6401   1.9380   0.0000   0.0000
    8.40    3.74500000   3.7380   2.5661   3.6419   1.9660   0.0000   0.0000
    8.40    3.74600000   3.7400   2.5454   3.6437   1.9940   0.0000   0.0000
    8.40    3.74800000   3.7420   2.5253   3.6456   2.0220   0.0000   0.0000
    8.40    3.75000000   3.7430   2.5067   3.6474   2.0470   0.0000   0.0000
    8.40    3.75200000   3.7450   2.4884   3.6491   2.0730   0.0000   0.0000
    8.40    3.75400000   3.7470   2.4712   3.6507   2.0960   0.0000   0.0000
    8.40    3.84800000   3.8330   2.5157   3.6762   2.1650   0.0000   0.0000
    8.40    3.96300000   3.9350   2.6720   3.6426   1.8850   0.0000   0.0000
# log(age) Mini Mact logl logt logg Composition Phase
    8.45    0.80000000   0.8000  -0.6626   3.6690   4.6330   0.0000   0.0000
    8.45    0.90100000   0.9010  -0.4194   3.7067   4.5920   0.0000   0.0000
    8.45    1.01400000   1.0140  -0.1712   3.7416   4.5350   0.0000   0.0000
    8.45    1.14200000   1.1420   0.0703   3.7713   4.4630   0.0000   0.0000
    8.45    1.28500000   1.2850   0.2975   3.7956   4.3850   0.0000   0.0000
    8.45    1.44700000   1.4470   0.5457   3.8252   4.3060   0.0000   0.0000
    8.45    1.62900000   1.6290   0.7848   3.8605   4.2710   0.0000   0.0000
    8.45    1.83400000   1.8340   1.0152   3.9011   4.2700   0.0000   0.0000
    8.45    2.06500000   2.0650   1.2415   3.9383   4.2430   0.0000   0.0000
    8.45    2.32500000   2.3250   1.4720   3.9710   4.1950   0.0000   0.0000
    8.45    2.61800000   2.6180   1.7143   3.9998   4.1210   0.0000   0.0000
    8.45    2.94700000   2.9470   1.9747   4.0207   3.9980   0.0000   0.0000
    8.45    3.31800000   3.3180   2.2631   4.0209   3.7660   0.0000   0.0000
    8.45    3.50100000   3.5010   2.4160   4.0012   3.5610   0.0000   0.0000
    8.45    3.50300000   3.5030   2.4178   4.0012   3.5590   0.0000   0.0000
    8.45    3.50500000   3.5050   2.4197   4.0011   3.5570   0.0000   0.0000
    8.45    3.50700000   3.5070   2.4216   4.0012   3.5560   0.0000   0.0000
    8.45    3.50800000   3.5080   2.4236   4.0013   3.5540   0.0000   0.0000
    8.45    3.51000000   3.5100   2.4256   4.0013   3.5530   0.0000   0.0000
    8.45    3.51200000   3.5120   2.4278   4.0015   3.5520   0.0000   0.0000
    8.45    3.51300000   3.5130   2.4300   4.0017   3.5510   0.0000   0.0000
    8.45    3.51500000   3.5150   2.4323   4.0021   3.5500   0.0000   0.0000
    8.45    3.51700000   3.5170   2.4349   4.0025   3.5500   0.0000   0.0000
    8.45    3.51900000   3.5190   2.4374   4.0031   3.5500   0.0000   0.0000
    8.45    3.52000000   3.5200   2.4403   4.0038   3.5500   0.0000   0.0000
    8.45    3.52200000   3.5220   2.4433   4.0047   3.5510   0.0000   0.0000
    8.45    3.52400000   3.5240   2.4468   4.0059   3.5530   0.0000   0.0000
    8.45    3.52600000   3.5260   2.4507   4.0075   3.5560   0.0000   0.0000
    8.45    3.52700000   3.5270   2.4552   4.0095   3.5600   0.0000   0.0000
    8.45    3.52900000   3.5290   2.4606   4.0122   3.5660   0.0000   0.0000
    8.45    3.53100000   3.5310   2.4674   4.0159   3.5750   0.0000   0.0000
    8.45    3.53300000   3.5330   2.4775   4.0216   3.5890   0.0000   0.0000
    8.45    3.53400000   3.5340   2.4960   4.0319   3.6140   0.0000   0.0000
    8.45    3.53600000   3.5360   2.5233   4.0455   3.6440   0.0000   0.0000
    8.45    3.53800000   3.5380   2.5518   4.0209   3.5110   0.0000   0.0000
    8.45    3.54000000   3.5400   2.5601   4.0139   3.4740   0.0000   0.0000
    8.45    3.54100000   3.5410   2.5654   4.0082   3.4450   0.0000   0.0000
    8.45    3.54300000   3.5430   2.5697   4.0021   3.4150   0.0000   0.0000
    8.45    3.54500000   3.5450   2.5733   3.9943   3.3790   0.0000   0.0000
    8.45    3.54700000   3.5470   2.5762   3.9858   3.3400   0.0000   0.0000
    8.45    3.54800000   3.5480   2.5778   3.9738   3.2900   0.0000   0.0000
    8.45    3.55000000   3.5500   2.5773   3.9587   3.2280   0.0000   0.0000
    8.45    3.55200000   3.5520   2.5723   3.9369   3.1430   0.0000   0.0000
    8.45    3.55400000   3.5540   2.5583   3.9043   3.0230   0.0000   0.0000
    8.45    3.55500000   3.5550   2.5232   3.8515   2.8420   0.0000   0.0000
    8.45    3.55700000   3.5570   2.4261   3.7615   2.5710   0.0000   0.0000
    8.45    3.55900000   3.5590   2.2142   3.6826   2.4600   0.0000   0.0000
    8.45    3.56100000   3.5610   2.3891   3.6514   2.1590   0.0000   0.0000
    8.45    3.56200000   3.5620   2.5670   3.6357   1.9190   0.0000   0.0000
    8.45    3.56400000   3.5640   2.7420   3.6219   1.6890   0.0000   0.0000
    8.45    3.56600000   3.5650   2.7282   3.6230   1.7070   0.0000   0.0000
    8.45    3.56800000   3.5660   2.6997   3.6255   1.7460   0.0000   0.0000
    8.45    3.56900000   3.5670   2.6843   3.6268   1.7670   0.0000   0.0000
    8.45    3.57100000   3.5690   2.6718   3.6280   1.7840   0.0000   0.0000
    8.45    3.57300000   3.5700   2.6571   3.6290   1.8030   0.0000   0.0000
    8.45    3.57500000   3.5710   2.6418   3.6301   1.8230   0.0000   0.0000
    8.45    3.57700000   3.5730   2.6259   3.6315   1.8440   0.0000   0.0000
    8.45    3.57800000   3.5740   2.6098   3.6329   1.8660   0.0000   0.0000
    8.45    3.58000000   3.5760   2.5921   3.6346   1.8910   0.0000   0.0000
    8.45    3.58200000   3.5770   2.5738   3.6364   1.9170   0.0000   0.0000
    8.45    3.58400000   3.5790   2.5544   3.6385   1.9440   0.0000   0.0000
    8.45    3.58500000   3.5800   2.5340   3.6409   1.9750   0.0000   0.0000
    8.45    3.58700000   3.5820   2.5128   3.6432   2.0050   0.0000   0.0000
    8.45    3.58900000   3.5830   2.4878   3.6452   2.0390   0.0000   0.0000
    8.45    3.59100000   3.5850   2.4640   3.6474   2.0720   0.0000   0.0000
    8.45    3.59200000   3.5860   2.4417   3.6495   2.1020   0.0000   0.0000
    8.45    3.59400000   3.5880   2.4209   3.6513   2.1310   0.0000   0.0000
    8.45    3.59600000   3.5900   2.4012   3.6531   2.1580   0.0000   0.0000
    8.45    3.59800000   3.5910   2.3835   3.6549   2.1830   0.0000   0.0000
    8.45    3.60000000   3.5930   2.3680   3.6567   2.2050   0.0000   0.0000
    8.45    3.62600000   3.6180   2.3121   3.6723   2.3270   0.0000   0.0000
    8.45    3.73500000   3.7180   2.4841   3.6720   2.1670   0.0000   0.0000
# log(age) Mini Mact logl logt logg Composition Phase
    8.50    0.80000000   0.8000  -0.6623   3.6689   4.6320   0.0000   0.0000
    8.50    0.90100000   0.9010  -0.4190   3.7067   4.5910   0.0000   0.0000
    8.50    1.01400000   1.0140  -0.1705   3.7417   4.5340   0.0000   0.0000
    8.50    1.14200000   1.1420   0.0715   3.7713   4.4620   0.0000   0.0000
    8.50    1.28500000   1.2850   0.2992   3.7957   4.3840   0.0000   0.0000
    8.50    1.44700000   1.4470   0.5480   3.8251   4.3040   0.0000   0.0000
    8.50    1.62900000   1.6290   0.7874   3.8603   4.2680   0.0000   0.0000
    8.50    1.83400000   1.8340   1.0194   3.9003   4.2630   0.0000   0.0000
    8.50    2.06500000   2.0650   1.2470   3.9364   4.2300   0.0000   0.0000
    8.50    2.32500000   2.3250   1.4817   3.9685   4.1760   0.0000   0.0000
    8.50    2.61800000   2.6180   1.7300   3.9954   4.0880   0.0000   0.0000
    8.50    2.94700000   2.9470   2.0003   4.0113   3.9360   0.0000   0.0000
    8.50    3.31800000   3.3180   2.3049   3.9918   3.6090   0.0000   0.0000
    8.50    3.35600000   3.3560   2.3405   3.9868   3.5600   0.0000   0.0000
    8.50    3.35700000   3.3570   2.3423   3.9867   3.5580   0.0000   0.0000
    8.50    3.35900000   3.3590   2.3441   3.9867   3.5560   0.0000   0.0000
    8.50    3.36100000   3.3610   2.3459   3.9866   3.5540   0.0000   0.0000
    8.50    3.36200000   3.3620   2.3479   3.9867   3.5530   0.0000   0.0000
    8.50    3.36400000   3.3640   2.3499   3.9868   3.5510   0.0000   0.0000
    8.50    3.36600000   3.3660   2.3519   3.9868   3.5500   0.0000   0.0000
    8.50    3.36700000   3.3670   2.3542   3.9871   3.5490   0.0000   0.0000
    8.50    3.36900000   3.3690   2.3564   3.9873   3.5480   0.0000   0.0000
    8.50    3.37100000   3.3710   2.3588   3.9877   3.5480   0.0000   0.0000
    8.50    3.37200000   3.3720   2.3614   3.9882   3.5480   0.0000   0.0000
    8.50    3.37400000   3.3740   2.3642   3.9889   3.5480   0.0000   0.0000
    8.50    3.37600000   3.3760   2.3672   3.9897   3.5480   0.0000   0.0000
    8.50    3.37700000   3.3770   2.3704   3.9908   3.5500   0.0000   0.0000
    8.50    3.37900000   3.3790   2.3742   3.9922   3.5520   0.0000   0.0000
    8.50    3.38100000   3.3810   2.3785   3.9940   3.5560   0.0000   0.0000
    8.50    3.38200000   3.3820   2.3836   3.9964   3.5610   0.0000   0.0000
    8.50    3.38400000   3.3840   2.3899   3.9996   3.5680   0.0000   0.0000
    8.50    3.38600000   3.3860   2.3987   4.0043   3.5800   0.0000   0.0000
    8.50    3.38700000   3.3870   2.4133   4.0125   3.6000   0.0000   0.0000
    8.50    3.38900000   3.3890   2.4458   4.0292   3.6370   0.0000   0.0000
    8.50    3.39100000   3.3910   2.4701   4.0119   3.5400   0.0000   0.0000
    8.50    3.39200000   3.3920   2.4836   4.0023   3.4860   0.0000   0.0000
    8.50    3.39400000   3.3940   2.4893   3.9970   3.4580   0.0000   0.0000
    8.50    3.39600000   3.3960   2.4938   3.9917   3.4300   0.0000   0.0000
    8.50    3.39700000   3.3970   2.4976   3.9848   3.3980   0.0000   0.0000
    8.50    3.39900000   3.3990   2.5008   3.9774   3.3640   0.0000   0.0000
    8.50    3.40100000   3.4010   2.5029   3.9676   3.3220   0.0000   0.0000
    8.50    3.40200000   3.4020   2.5036   3.9551   3.2700   0.0000   0.0000
    8.50    3.40400000   3.4040   2.5016   3.9383   3.2020   0.0000   0.0000
    8.50    3.40600000   3.4060   2.4940   3.9148   3.1130   0.0000   0.0000
    8.50    3.40800000   3.4080   2.4753   3.8786   2.9830   0.0000   0.0000
    8.50    3.40900000   3.4090   2.4293   3.8187   2.7840   0.0000   0.0000
    8.50    3.41100000   3.4110   2.3018   3.7306   2.5510   0.0000   0.0000
    8.50    3.41300000   3.4130   2.1518   3.6748   2.4720   0.0000   0.0000
    8.50    3.41400000   3.4140   2.3429   3.6525   2.1920   0.0000   0.0000
    8.50    3.41600000   3.4160   2.5155   3.6371   1.9580   0.0000   0.0000
    8.50    3.41800000   3.4170   2.6870   3.6234   1.7310   0.0000   0.0000
    8.50    3.41900000   3.4180   2.6742   3.6245   1.7490   0.0000   0.0000
    8.50    3.42100000   3.4190   2.6391   3.6278   1.7970   0.0000   0.0000
    8.50    3.42300000   3.4210   2.6233   3.6293   1.8190   0.0000   0.0000
    8.50    3.42400000   3.4220   2.6077   3.6308   1.8410   0.0000   0.0000
    8.50    3.42600000   3.4230   2.5885   3.6321   1.8660   0.0000   0.0000
    8.50    3.42800000   3.4250   2.5693   3.6335   1.8910   0.0000   0.0000
    8.50    3.42900000   3.4260   2.5501   3.6352   1.9170   0.0000   0.0000
    8.50    3.43100000   3.4270   2.5295   3.6371   1.9450   0.0000   0.0000
    8.50    3.43300000   3.4290   2.5081   3.6391   1.9750   0.0000   0.0000
    8.50    3.43500000   3.4300   2.4853   3.6415   2.0070   0.0000   0.0000
    8.50    3.43600000   3.4320   2.4617   3.6441   2.0410   0.0000   0.0000
    8.50    3.43800000   3.4330   2.4347   3.6465   2.0780   0.0000   0.0000
    8.50    3.44000000   3.4350   2.4060   3.6489   2.1170   0.0000   0.0000
    8.50    3.44100000   3.4360   2.3787   3.6514   2.1540   0.0000   0.0000
    8.50    3.44300000   3.4380   2.3552   3.6535   2.1860   0.0000   0.0000
    8.50    3.44500000   3.4390   2.3325   3.6554   2.2170   0.0000   0.0000
    8.50    3.44600000   3.4410   2.3115   3.6574   2.2460   0.0000   0.0000
    8.50    3.44800000   3.4420   2.2936   3.6594   2.2720   0.0000   0.0000
    8.50    3.45000000   3.4440   2.2782   3.6608   2.2940   0.0000   0.0000
    8.50    3.45200000   3.4460   2.2649   3.6624   2.3140   0.0000   0.0000
    8.50    3.52000000   3.5100   2.3193   3.6799   2.3380   0.0000   0.0000
    8.50    3.62600000   3.6070   2.4416   3.6653   2.1690   0.0000   0.0000
# log(age) Mini Mact logl logt logg Composition Phase
    8.55    0.80000000   0.8000  -0.6620   3.6689   4.6320   0.0000   0.0000
    8.55    0.90100000   0.9010  -0.4184   3.7067   4.5910   0.0000   0.0000
    8.55    1.01400000   1.0140  -0.1696   3.7417   4.5340   0.0000   0.0000
    8.55    1.14200000   1.1420   0.0728   3.7714   4.4610   0.0000   0.0000
    8.55    1.28500000   1.2850   0.3011   3.7958   4.3820   0.0000   0.0000
    8.55    1.44700000   1.4470   0.5505   3.8251   4.3010   0.0000   0.0000
    8.55    1.62900000   1.6290   0.7913   3.8602   4.2640   0.0000   0.0000
    8.55    1.83400000   1.8340   1.0234   3.8991   4.2530   0.0000   0.0000
    8.55    2.06500000   2.0650   1.2541   3.9346   4.2170   0.0000   0.0000
    8.55    2.32500000   2.3250   1.4928   3.9654   4.1530   0.0000   0.0000
    8.55    2.61800000   2.6180   1.7481   3.9898   4.0480   0.0000   0.0000
    8.55    2.94700000   2.9470   2.0301   3.9978   3.8540   0.0000   0.0000
    8.55    3.21800000   3.2180   2.2667   3.9723   3.5570   0.0000   0.0000
    8.55    3.21900000   3.2190   2.2686   3.9722   3.5550   0.0000   0.0000
    8.55    3.22100000   3.2210   2.2704   3.9722   3.5530   0.0000   0.0000
    8.55    3.22300000   3.2230   2.2722   3.9721   3.5520   0.0000   0.0000
    8.55    3.22400000   3.2240   2.2742   3.9722   3.5500   0.0000   0.0000
    8.55    3.22600000   3.2260   2.2762   3.9723   3.5490   0.0000   0.0000
    8.55    3.22700000   3.2270   2.2783   3.9724   3.5470   0.0000   0.0000
    8.55    3.22900000   3.2290   2.2806   3.9726   3.5460   0.0000   0.0000
    8.55    3.23100000   3.2310   2.2829   3.9729   3.5460   0.0000   0.0000
    8.55    3.23200000   3.2320   2.2854   3.9734   3.5450   0.0000   0.0000
    8.55    3.23400000   3.2340   2.2880   3.9740   3.5450   0.0000   0.0000
    8.55    3.23500000   3.2350   2.2909   3.9747   3.5460   0.0000   0.0000
    8.55    3.23700000   3.2370   2.2941   3.9756   3.5470   0.0000   0.0000
    8.55    3.23900000   3.2390   2.2977   3.9769   3.5490   0.0000   0.0000
    8.55    3.24000000   3.2400   2.3019   3.9786   3.5520   0.0000   0.0000
    8.55    3.24200000   3.2420   2.3066   3.9807   3.5560   0.0000   0.0000
    8.55    3.24300000   3.2430   2.3125   3.9836   3.5630   0.0000   0.0000
    8.55    3.24500000   3.2450   2.3200   3.9875   3.5720   0.0000   0.0000
    8.55    3.24700000   3.2470   2.3322   3.9942   3.5880   0.0000   0.0000
    8.55    3.24800000   3.2480   2.3564   4.0070   3.6170   0.0000   0.0000
    8.55    3.25000000   3.2500   2.3760   4.0084   3.6040   0.0000   0.0000
    8.55    3.25100000   3.2510   2.4067   3.9913   3.5010   0.0000   0.0000
    8.55    3.25300000   3.2530   2.4132   3.9857   3.4710   0.0000   0.0000
    8.55    3.25500000   3.2550   2.4179   3.9807   3.4450   0.0000   0.0000
    8.55    3.25600000   3.2560   2.4218   3.9749   3.4160   0.0000   0.0000
    8.55    3.25800000   3.2580   2.4252   3.9678   3.3840   0.0000   0.0000
    8.55    3.25900000   3.2590   2.4277   3.9602   3.3490   0.0000   0.0000
    8.55    3.26100000   3.2610   2.4292   3.9494   3.3030   0.0000   0.0000
    8.55    3.26300000   3.2630   2.4288   3.9363   3.2500   0.0000   0.0000
    8.55    3.26400000   3.2640   2.4251   3.9183   3.1800   0.0000   0.0000
    8.55    3.26600000   3.2660   2.4146   3.8918   3.0810   0.0000   0.0000
    8.55    3.26700000   3.2670   2.3902   3.8517   2.9410   0.0000   0.0000
    8.55    3.26900000   3.2690   2.3306   3.7852   2.7290   0.0000   0.0000
    8.55    3.27100000   3.2710   2.1702   3.7114   2.5860   0.0000   0.0000
    8.55    3.27200000   3.2720   2.1151   3.6706   2.4740   0.0000   0.0000
    8.55    3.27400000   3.2740   2.2944   3.6536   2.2270   0.0000   0.0000
    8.55    3.27600000   3.2750   2.4636   3.6388   1.9980   0.0000   0.0000
    8.55    3.27700000   3.2770   2.6320   3.6249   1.7740   0.0000   0.0000
    8.55    3.27900000   3.2780   2.6201   3.6260   1.7910   0.0000   0.0000
    8.55    3.28000000   3.2790   2.5790   3.6301   1.8480   0.0000   0.0000
    8.55    3.28200000   3.2800   2.5609   3.6320   1.8740   0.0000   0.0000
    8.55    3.28400000   3.2810   2.5395   3.6338   1.9030   0.0000   0.0000
    8.55    3.28500000   3.2830   2.5153   3.6355   1.9340   0.0000   0.0000
    8.55    3.28700000   3.2840   2.4918   3.6374   1.9660   0.0000   0.0000
    8.55    3.28800000   3.2850   2.4674   3.6396   1.9990   0.0000   0.0000
    8.55    3.29000000   3.2870   2.4419   3.6418   2.0330   0.0000   0.0000
    8.55    3.29200000   3.2880   2.4145   3.6446   2.0720   0.0000   0.0000
    8.55    3.29300000   3.2890   2.3863   3.6474   2.1120   0.0000   0.0000
    8.55    3.29500000   3.2910   2.3523   3.6501   2.1570   0.0000   0.0000
    8.55    3.29700000   3.2920   2.3203   3.6530   2.2000   0.0000   0.0000
    8.55    3.29800000   3.2940   2.2916   3.6555   2.2390   0.0000   0.0000
    8.55    3.30000000   3.2950   2.2654   3.6577   2.2750   0.0000   0.0000
    8.55    3.30200000   3.2970   2.2412   3.6597   2.3070   0.0000   0.0000
    8.55    3.30300000   3.2980   2.2209   3.6619   2.3370   0.0000   0.0000
    8.55    3.30500000   3.3000   2.2031   3.6636   2.3610   0.0000   0.0000
    8.55    3.30600000   3.3010   2.1877   3.6652   2.3830   0.0000   0.0000
    8.55    3.30800000   3.3030   2.1747   3.6669   2.4030   0.0000   0.0000
    8.55    3.31000000   3.3040   2.1637   3.6683   2.4200   0.0000   0.0000
    8.55    3.31800000   3.3120   2.1390   3.6741   2.4690   0.0000   0.0000
    8.55    3.41800000   3.4060   2.2905   3.6771   2.3420   0.0000   0.0000
    8.55    3.52000000   3.4980   2.4548   3.6530   2.0930   0.0000   0.0000
# log(age) Mini Mact logl logt logg Composition Phase
    8.60    0.80000000   0.8000  -0.6617   3.6689   4.6310   0.0000   0.0000
    8.60    0.90100000   0.9010  -0.4177   3.7068   4.5900   0.0000   0.0000
    8.60    1.01400000   1.0140  -0.1686   3.7418   4.5330   0.0000   0.0000
    8.60    1.14200000   1.1420   0.0743   3.7715   4.4600   0.0000   0.0000
    8.60    1.28500000   1.2850   0.3032   3.7959   4.3800   0.0000   0.0000
    8.60    1.44700000   1.4470   0.5532   3.8251   4.2990   0.0000   0.0000
    8.60    1.62900000   1.6290   0.7955   3.8600   4.2590   0.0000   0.0000
    8.60    1.83400000   1.8340   1.0283   3.8977   4.2430   0.0000   0.0000
    8.60    2.06500000   2.0650   1.2623   3.9326   4.2000   0.0000   0.0000
    8.60    2.32500000   2.3250   1.5055   3.9617   4.1260   0.0000   0.0000
    8.60    2.61800000   2.6180   1.7692   3.9823   3.9980   0.0000   0.0000
    8.60    2.94700000   2.9470   2.0639   3.9772   3.7390   0.0000   0.0000
    8.60    3.08400000   3.0840   2.1913   3.9579   3.5560   0.0000   0.0000
    8.60    3.08600000   3.0860   2.1930   3.9578   3.5540   0.0000   0.0000
    8.60    3.08700000   3.0870   2.1948   3.9577   3.5520   0.0000   0.0000
    8.60    3.08900000   3.0890   2.1966   3.9577   3.5510   0.0000   0.0000
    8.60    3.09000000   3.0900   2.1986   3.9577   3.5490   0.0000   0.0000
    8.60    3.09200000   3.0920   2.2005   3.9577   3.5480   0.0000   0.0000
    8.60    3.09300000   3.0930   2.2025   3.9578   3.5460   0.0000   0.0000
    8.60    3.09500000   3.0950   2.2047   3.9579   3.5450   0.0000   0.0000
    8.60    3.09600000   3.0960   2.2070   3.9582   3.5440   0.0000   0.0000
    8.60    3.09800000   3.0980   2.2093   3.9586   3.5430   0.0000   0.0000
    8.60    3.09900000   3.0990   2.2120   3.9591   3.5430   0.0000   0.0000
    8.60    3.10100000   3.1010   2.2147   3.9597   3.5430   0.0000   0.0000
    8.60    3.10200000   3.1020   2.2179   3.9606   3.5440   0.0000   0.0000
    8.60    3.10400000   3.1040   2.2212   3.9617   3.5460   0.0000   0.0000
    8.60    3.10500000   3.1050   2.2253   3.9632   3.5480   0.0000   0.0000
    8.60    3.10700000   3.1070   2.2297   3.9652   3.5520   0.0000   0.0000
    8.60    3.10800000   3.1080   2.2353   3.9677   3.5570   0.0000   0.0000
    8.60    3.11000000   3.1100   2.2421   3.9711   3.5650   0.0000   0.0000
    8.60    3.11200000   3.1120   2.2524   3.9764   3.5770   0.0000   0.0000
    8.60    3.11300000   3.1130   2.2705   3.9862   3.6000   0.0000   0.0000
    8.60    3.11500000   3.1150   2.3114   4.0062   3.6430   0.0000   0.0000
    8.60    3.11600000   3.1160   2.3284   3.9815   3.5220   0.0000   0.0000
    8.60    3.11800000   3.1180   2.3370   3.9741   3.4820   0.0000   0.0000
    8.60    3.11900000   3.1190   2.3420   3.9691   3.4570   0.0000   0.0000
    8.60    3.12100000   3.1210   2.3461   3.9644   3.4310   0.0000   0.0000
    8.60    3.12200000   3.1220   2.3495   3.9578   3.4010   0.0000   0.0000
    8.60    3.12400000   3.1240   2.3525   3.9516   3.3720   0.0000   0.0000
    8.60    3.12500000   3.1250   2.3544   3.9425   3.3320   0.0000   0.0000
    8.60    3.12700000   3.1270   2.3550   3.9318   3.2880   0.0000   0.0000
    8.60    3.12800000   3.1280   2.3535   3.9169   3.2280   0.0000   0.0000
    8.60    3.13000000   3.1300   2.3476   3.8975   3.1540   0.0000   0.0000
    8.60    3.13200000   3.1320   2.3338   3.8684   3.0490   0.0000   0.0000
    8.60    3.13300000   3.1330   2.3026   3.8237   2.8970   0.0000   0.0000
    8.60    3.13500000   3.1350   2.2246   3.7552   2.6940   0.0000   0.0000
    8.60    3.13600000   3.1360   2.0433   3.7005   2.6490   0.0000   0.0000
    8.60    3.13800000   3.1380   2.0782   3.6686   2.4850   0.0000   0.0000
    8.60    3.13900000   3.1390   2.2449   3.6546   2.2620   0.0000   0.0000
    8.60    3.14100000   3.1410   2.4113   3.6406   2.0390   0.0000   0.0000
    8.60    3.14200000   3.1420   2.5769   3.6264   1.8170   0.0000   0.0000
    8.60    3.14400000   3.1430   2.5658   3.6276   1.8330   0.0000   0.0000
    8.60    3.14600000   3.1440   2.5186   3.6325   1.9000   0.0000   0.0000
    8.60    3.14700000   3.1450   2.4962   3.6350   1.9330   0.0000   0.0000
    8.60    3.14900000   3.1460   2.4660   3.6372   1.9720   0.0000   0.0000
    8.60    3.15000000   3.1480   2.4358   3.6395   2.0110   0.0000   0.0000
    8.60    3.15200000   3.1490   2.4058   3.6420   2.0510   0.0000   0.0000
    8.60    3.15300000   3.1500   2.3747   3.6446   2.0930   0.0000   0.0000
    8.60    3.15500000   3.1520   2.3408   3.6478   2.1400   0.0000   0.0000
    8.60    3.15600000   3.1530   2.3041   3.6511   2.1900   0.0000   0.0000
    8.60    3.15800000   3.1540   2.2660   3.6542   2.2410   0.0000   0.0000
    8.60    3.16000000   3.1560   2.2307   3.6573   2.2890   0.0000   0.0000
    8.60    3.16100000   3.1570   2.2003   3.6598   2.3290   0.0000   0.0000
    8.60    3.16300000   3.1590   2.1731   3.6620   2.3660   0.0000   0.0000
    8.60    3.16400000   3.1600   2.1494   3.6643   2.3990   0.0000   0.0000
    8.60    3.16600000   3.1620   2.1289   3.6664   2.4280   0.0000   0.0000
    8.60    3.16700000   3.1630   2.1111   3.6680   2.4520   0.0000   0.0000
    8.60    3.16900000   3.1650   2.0965   3.6697   2.4740   0.0000   0.0000
    8.60    3.17000000   3.1660   2.0846   3.6713   2.4920   0.0000   0.0000
    8.60    3.17200000   3.1680   2.0749   3.6727   2.5080   0.0000   0.0000
    8.60    3.17400000   3.1690   2.0674   3.6741   2.5220   0.0000   0.0000
    8.60    3.22100000   3.2140   2.1182   3.6813   2.5060   0.0000   0.0000
    8.60    3.31800000   3.3040   2.2603   3.6743   2.3480   0.0000   0.0000
# log(age) Mini Mact logl logt logg Composition Phase
    8.65    0.80000000   0.8000  -0.6615   3.6689   4.6310   0.0000   0.0000
    8.65    0.90100000   0.9010  -0.4171   3.7068   4.5900   0.0000   0.0000
    8.65    1.01400000   1.0140  -0.1675   3.7419   4.5320   0.0000   0.0000
    8.65    1.14200000   1.1420   0.0760   3.7716   4.4590   0.0000   0.0000
    8.65    1.28500000   1.2850   0.3056   3.7960   4.3780   0.0000   0.0000
    8.65    1.44700000   1.4470   0.5564   3.8251   4.2950   0.0000   0.0000
    8.65    1.62900000   1.6290   0.7994   3.8595   4.2520   0.0000   0.0000
    8.65    1.83400000   1.8340   1.0342   3.8964   4.2320   0.0000   0.0000
    8.65    2.06500000   2.0650   1.2714   3.9300   4.1810   0.0000   0.0000
    8.65    2.32500000   2.3250   1.5207   3.9572   4.0930   0.0000   0.0000
    8.65    2.61800000   2.6180   1.7938   3.9724   3.9350   0.0000   0.0000
    8.65    2.94700000   2.9470   2.1039   3.9452   3.5720   0.0000   0.0000
    8.65    2.95700000   2.9570   2.1154   3.9437   3.5570   0.0000   0.0000
    8.65    2.95900000   2.9590   2.1171   3.9435   3.5540   0.0000   0.0000
    8.65    2.96000000   2.9600   2.1190   3.9434   3.5530   0.0000   0.0000
    8.65    2.96200000   2.9620   2.1208   3.9433   3.5510   0.0000   0.0000
    8.65    2.96300000   2.9630   2.1227   3.9433   3.5490   0.0000   0.0000
    8.65    2.96400000   2.9640   2.1247   3.9433   3.5470   0.0000   0.0000
    8.65    2.96600000   2.9660   2.1268   3.9434   3.5460   0.0000   0.0000
    8.65    2.96700000   2.9670   2.1289   3.9434   3.5440   0.0000   0.0000
    8.65    2.96900000   2.9690   2.1313   3.9436   3.5430   0.0000   0.0000
    8.65    2.97000000   2.9700   2.1337   3.9440   3.5420   0.0000   0.0000
    8.65    2.97200000   2.9720   2.1363   3.9444   3.5420   0.0000   0.0000
    8.65    2.97300000   2.9730   2.1391   3.9450   3.5420   0.0000   0.0000
    8.65    2.97500000   2.9750   2.1423   3.9458   3.5420   0.0000   0.0000
    8.65    2.97600000   2.9760   2.1458   3.9469   3.5430   0.0000   0.0000
    8.65    2.97800000   2.9780   2.1499   3.9484   3.5460   0.0000   0.0000
    8.65    2.97900000   2.9790   2.1546   3.9504   3.5500   0.0000   0.0000
    8.65    2.98100000   2.9810   2.1603   3.9530   3.5550   0.0000   0.0000
    8.65    2.98200000   2.9820   2.1677   3.9565   3.5630   0.0000   0.0000
    8.65    2.98400000   2.9840   2.1788   3.9623   3.5760   0.0000   0.0000
    8.65    2.98500000   2.9850   2.1996   3.9733   3.6010   0.0000   0.0000
    8.65    2.98700000   2.9870   2.2323   3.9883   3.6310   0.0000   0.0000
    8.65    2.98800000   2.9880   2.2575   3.9656   3.5100   0.0000   0.0000
    8.65    2.98900000   2.9890   2.2646   3.9593   3.4770   0.0000   0.0000
    8.65    2.99100000   2.9910   2.2691   3.9543   3.4520   0.0000   0.0000
    8.65    2.99200000   2.9920   2.2731   3.9492   3.4240   0.0000   0.0000
    8.65    2.99400000   2.9940   2.2764   3.9423   3.3930   0.0000   0.0000
    8.65    2.99500000   2.9950   2.2791   3.9359   3.3630   0.0000   0.0000
    8.65    2.99700000   2.9970   2.2806   3.9257   3.3200   0.0000   0.0000
    8.65    2.99800000   2.9980   2.2804   3.9140   3.2720   0.0000   0.0000
    8.65    3.00000000   3.0000   2.2775   3.8973   3.2060   0.0000   0.0000
    8.65    3.00100000   3.0010   2.2693   3.8760   3.1270   0.0000   0.0000
    8.65    3.00300000   3.0030   2.2515   3.8446   3.0160   0.0000   0.0000
    8.65    3.00400000   3.0040   2.2114   3.7942   2.8500   0.0000   0.0000
    8.65    3.00600000   3.0060   2.1113   3.7321   2.6940   0.0000   0.0000
    8.65    3.00700000   3.0070   1.9395   3.6936   2.7060   0.0000   0.0000
    8.65    3.00900000   3.0090   2.0355   3.6686   2.5090   0.0000   0.0000
    8.65    3.01000000   3.0100   2.1947   3.6556   2.2980   0.0000   0.0000
    8.65    3.01200000   3.0110   2.3587   3.6423   2.0800   0.0000   0.0000
    8.65    3.01300000   3.0130   2.5218   3.6279   1.8600   0.0000   0.0000
    8.65    3.01500000   3.0140   2.5111   3.6291   1.8760   0.0000   0.0000
    8.65    3.01600000   3.0150   2.4563   3.6352   1.9550   0.0000   0.0000
    8.65    3.01800000   3.0160   2.4246   3.6383   1.9990   0.0000   0.0000
    8.65    3.01900000   3.0170   2.3842   3.6412   2.0510   0.0000   0.0000
    8.65    3.02100000   3.0180   2.3454   3.6443   2.1030   0.0000   0.0000
    8.65    3.02200000   3.0200   2.3058   3.6475   2.1560   0.0000   0.0000
    8.65    3.02400000   3.0210   2.2616   3.6515   2.2160   0.0000   0.0000
    8.65    3.02500000   3.0220   2.2169   3.6550   2.2750   0.0000   0.0000
    8.65    3.02700000   3.0240   2.1750   3.6587   2.3310   0.0000   0.0000
    8.65    3.02800000   3.0250   2.1384   3.6617   2.3800   0.0000   0.0000
    8.65    3.03000000   3.0260   2.1066   3.6642   2.4230   0.0000   0.0000
    8.65    3.03100000   3.0280   2.0790   3.6666   2.4600   0.0000   0.0000
    8.65    3.03300000   3.0290   2.0555   3.6691   2.4940   0.0000   0.0000
    8.65    3.03400000   3.0310   2.0357   3.6707   2.5200   0.0000   0.0000
    8.65    3.03600000   3.0320   2.0195   3.6725   2.5440   0.0000   0.0000
    8.65    3.03700000   3.0330   2.0059   3.6742   2.5640   0.0000   0.0000
    8.65    3.03900000   3.0350   1.9947   3.6757   2.5820   0.0000   0.0000
    8.65    3.04000000   3.0360   1.9862   3.6772   2.5970   0.0000   0.0000
    8.65    3.04200000   3.0380   1.9805   3.6784   2.6070   0.0000   0.0000
    8.65    3.04300000   3.0390   1.9766   3.6794   2.6150   0.0000   0.0000
    8.65    3.12700000   3.1190   2.0930   3.6812   2.5180   0.0000   0.0000
    8.65    3.22100000   3.2060   2.2340   3.6705   2.3460   0.0000   0.0000
# log(age) Mini Mact logl logt logg Composition Phase
    8.70    0.80000000   0.8000  -0.6611   3.6689   4.6310   0.0000   0.0000
    8.70    0.90100000   0.9010  -0.4164   3.7068   4.5890   0.0000   0.0000
    8.70    1.01400000   1.0140  -0.1662   3.7420   4.5310   0.0000   0.0000
    8.70    1.14200000   1.1420   0.0780   3.7717   4.4570   0.0000   0.0000
    8.70    1.28500000   1.2850   0.3083   3.7961   4.3760   0.0000   0.0000
    8.70    1.44700000   1.4470   0.5599   3.8250   4.2910   0.0000   0.0000
    8.70    1.62900000   1.6290   0.8030   3.8585   4.2450   0.0000   0.0000
    8.70    1.83400000   1.8340   1.0407   3.8947   4.2190   0.0000   0.0000
    8.70    2.06500000   2.0650   1.2818   3.9269   4.1590   0.0000   0.0000
    8.70    2.32500000   2.3250   1.5380   3.9514   4.0540   0.0000   0.0000
    8.70    2.61800000   2.6180   1.8222   3.9579   3.8500   0.0000   0.0000
    8.70    2.84000000   2.8400   2.0406   3.9296   3.5570   0.0000   0.0000
    8.70    2.84100000   2.8410   2.0423   3.9294   3.5550   0.0000   0.0000
    8.70    2.84300000   2.8430   2.0441   3.9293   3.5530   0.0000   0.0000
    8.70    2.84400000   2.8440   2.0460   3.9293   3.5510   0.0000   0.0000
    8.70    2.84500000   2.8450   2.0478   3.9292   3.5490   0.0000   0.0000
    8.70    2.84700000   2.8470   2.0498   3.9292   3.5480   0.0000   0.0000
    8.70    2.84800000   2.8480   2.0519   3.9292   3.5460   0.0000   0.0000
    8.70    2.85000000   2.8500   2.0540   3.9293   3.5450   0.0000   0.0000
    8.70    2.85100000   2.8510   2.0562   3.9294   3.5430   0.0000   0.0000
    8.70    2.85200000   2.8520   2.0586   3.9297   3.5420   0.0000   0.0000
    8.70    2.85400000   2.8540   2.0611   3.9301   3.5420   0.0000   0.0000
    8.70    2.85500000   2.8550   2.0639   3.9307   3.5410   0.0000   0.0000
    8.70    2.85700000   2.8570   2.0668   3.9314   3.5420   0.0000   0.0000
    8.70    2.85800000   2.8580   2.0703   3.9323   3.5430   0.0000   0.0000
    8.70    2.86000000   2.8600   2.0741   3.9337   3.5450   0.0000   0.0000
    8.70    2.86100000   2.8610   2.0786   3.9354   3.5480   0.0000   0.0000
    8.70    2.86200000   2.8620   2.0838   3.9377   3.5520   0.0000   0.0000
    8.70    2.86400000   2.8640   2.0906   3.9408   3.5590   0.0000   0.0000
    8.70    2.86500000   2.8650   2.0998   3.9454   3.5690   0.0000   0.0000
    8.70    2.86700000   2.8670   2.1159   3.9538   3.5880   0.0000   0.0000
    8.70    2.86800000   2.8680   2.1532   3.9722   3.6280   0.0000   0.0000
    8.70    2.86900000   2.8690   2.1776   3.9564   3.5370   0.0000   0.0000
    8.70    2.87100000   2.8710   2.1886   3.9476   3.4890   0.0000   0.0000
    8.70    2.87200000   2.8720   2.1937   3.9432   3.4650   0.0000   0.0000
    8.70    2.87400000   2.8740   2.1977   3.9388   3.4410   0.0000   0.0000
    8.70    2.87500000   2.8750   2.2011   3.9327   3.4130   0.0000   0.0000
    8.70    2.87700000   2.8770   2.2040   3.9266   3.3850   0.0000   0.0000
    8.70    2.87800000   2.8780   2.2060   3.9188   3.3500   0.0000   0.0000
    8.70    2.87900000   2.8790   2.2068   3.9088   3.3080   0.0000   0.0000
    8.70    2.88100000   2.8810   2.2057   3.8959   3.2560   0.0000   0.0000
    8.70    2.88200000   2.8820   2.2013   3.8793   3.1920   0.0000   0.0000
    8.70    2.88400000   2.8840   2.1902   3.8545   3.1010   0.0000   0.0000
    8.70    2.88500000   2.8850   2.1661   3.8189   2.9800   0.0000   0.0000
    8.70    2.88600000   2.8860   2.1101   3.7657   2.8170   0.0000   0.0000
    8.70    2.88800000   2.8880   1.9740   3.7167   2.7490   0.0000   0.0000
    8.70    2.88900000   2.8890   1.8737   3.6847   2.7180   0.0000   0.0000
    8.70    2.89100000   2.8910   2.0132   3.6668   2.5060   0.0000   0.0000
    8.70    2.89200000   2.8920   2.1704   3.6546   2.3010   0.0000   0.0000
    8.70    2.89400000   2.8930   2.3309   3.6421   2.0900   0.0000   0.0000
    8.70    2.89500000   2.8940   2.4891   3.6279   1.8750   0.0000   0.0000
    8.70    2.89600000   2.8950   2.4604   3.6307   1.9150   0.0000   0.0000
    8.70    2.89800000   2.8960   2.3885   3.6380   2.0160   0.0000   0.0000
    8.70    2.89900000   2.8970   2.3437   3.6417   2.0760   0.0000   0.0000
    8.70    2.90100000   2.8990   2.2941   3.6456   2.1420   0.0000   0.0000
    8.70    2.90200000   2.9000   2.2435   3.6496   2.2090   0.0000   0.0000
    8.70    2.90400000   2.9010   2.1908   3.6540   2.2790   0.0000   0.0000
    8.70    2.90500000   2.9020   2.1392   3.6581   2.3470   0.0000   0.0000
    8.70    2.90700000   2.9040   2.0921   3.6621   2.4110   0.0000   0.0000
    8.70    2.90800000   2.9050   2.0524   3.6652   2.4630   0.0000   0.0000
    8.70    2.90900000   2.9060   2.0195   3.6679   2.5070   0.0000   0.0000
    8.70    2.91100000   2.9080   1.9923   3.6707   2.5460   0.0000   0.0000
    8.70    2.91200000   2.9090   1.9694   3.6726   2.5760   0.0000   0.0000
    8.70    2.91400000   2.9100   1.9510   3.6746   2.6030   0.0000   0.0000
    8.70    2.91500000   2.9120   1.9360   3.6764   2.6250   0.0000   0.0000
    8.70    2.91700000   2.9130   1.9244   3.6781   2.6440   0.0000   0.0000
    8.70    2.91800000   2.9150   1.9161   3.6796   2.6580   0.0000   0.0000
    8.70    2.91900000   2.9160   1.9104   3.6807   2.6690   0.0000   0.0000
    8.70    2.92100000   2.9170   1.9072   3.6816   2.6760   0.0000   0.0000
    8.70    2.92200000   2.9190   1.9061   3.6822   2.6800   0.0000   0.0000
    8.70    2.92400000   2.9200   1.9065   3.6826   2.6810   0.0000   0.0000
    8.70    2.94700000   2.9420   1.9337   3.6833   2.6600   0.0000   0.0000
    8.70    3.03600000   3.0270   2.0665   3.6788   2.5220   0.0000   0.0000
    8.70    3.12700000   3.1100   2.2507   3.6617   2.2800   0.0000   0.0000
# log(age) Mini Mact logl logt logg Composition Phase
    8.75    0.80000000   0.8000  -0.6606   3.6689   4.6300   0.0000   0.0000
    8.75    0.90100000   0.9010  -0.4155   3.7069   4.5890   0.0000   0.0000
    8.75    1.01400000   1.0140  -0.1649   3.7421   4.5300   0.0000   0.0000
    8.75    1.14200000   1.1420   0.0801   3.7718   4.4560   0.0000   0.0000
    8.75    1.28500000   1.2850   0.3113   3.7961   4.3730   0.0000   0.0000
    8.75    1.44700000   1.4470   0.5639   3.8249   4.2870   0.0000   0.0000
    8.75    1.62900000   1.6290   0.8091   3.8580   4.2370   0.0000   0.0000
    8.75    1.83400000   1.8340   1.0485   3.8929   4.2040   0.0000   0.0000
    8.75    2.06500000   2.0650   1.2939   3.9232   4.1330   0.0000   0.0000
    8.75    2.32500000   2.3250   1.5583   3.9440   4.0050   0.0000   0.0000
    8.75    2.61800000   2.6180   1.8531   3.9353   3.7300   0.0000   0.0000
    8.75    2.72800000   2.7280   1.9676   3.9154   3.5560   0.0000   0.0000
    8.75    2.73000000   2.7300   1.9693   3.9152   3.5540   0.0000   0.0000
    8.75    2.73100000   2.7310   1.9711   3.9152   3.5520   0.0000   0.0000
    8.75    2.73200000   2.7320   1.9730   3.9151   3.5500   0.0000   0.0000
    8.75    2.73400000   2.7340   1.9749   3.9150   3.5480   0.0000   0.0000
    8.75    2.73500000   2.7350   1.9769   3.9151   3.5470   0.0000   0.0000
    8.75    2.73700000   2.7370   1.9790   3.9152   3.5450   0.0000   0.0000
    8.75    2.73800000   2.7380   1.9811   3.9153   3.5440   0.0000   0.0000
    8.75    2.73900000   2.7390   1.9836   3.9155   3.5430   0.0000   0.0000
    8.75    2.74100000   2.7410   1.9860   3.9159   3.5420   0.0000   0.0000
    8.75    2.74200000   2.7420   1.9887   3.9163   3.5410   0.0000   0.0000
    8.75    2.74300000   2.7430   1.9916   3.9170   3.5420   0.0000   0.0000
    8.75    2.74500000   2.7450   1.9948   3.9178   3.5420   0.0000   0.0000
    8.75    2.74600000   2.7460   1.9984   3.9190   3.5440   0.0000   0.0000
    8.75    2.74700000   2.7470   2.0026   3.9205   3.5460   0.0000   0.0000
    8.75    2.74900000   2.7490   2.0075   3.9225   3.5500   0.0000   0.0000
    8.75    2.75000000   2.7500   2.0137   3.9253   3.5550   0.0000   0.0000
    8.75    2.75100000   2.7510   2.0216   3.9292   3.5640   0.0000   0.0000
    8.75    2.75300000   2.7530   2.0344   3.9358   3.5790   0.0000   0.0000
    8.75    2.75400000   2.7540   2.0611   3.9492   3.6090   0.0000   0.0000
    8.75    2.75600000   2.7560   2.0844   3.9529   3.6010   0.0000   0.0000
    8.75    2.75700000   2.7570   2.1126   3.9368   3.5040   0.0000   0.0000
    8.75    2.75800000   2.7580   2.1181   3.9319   3.4780   0.0000   0.0000
    8.75    2.76000000   2.7600   2.1222   3.9272   3.4550   0.0000   0.0000
    8.75    2.76100000   2.7610   2.1257   3.9225   3.4300   0.0000   0.0000
    8.75    2.76200000   2.7620   2.1287   3.9163   3.4020   0.0000   0.0000
    8.75    2.76400000   2.7640   2.1312   3.9106   3.3750   0.0000   0.0000
    8.75    2.76500000   2.7650   2.1326   3.9018   3.3380   0.0000   0.0000
    8.75    2.76600000   2.7660   2.1326   3.8919   3.2970   0.0000   0.0000
    8.75    2.76800000   2.7680   2.1306   3.8778   3.2410   0.0000   0.0000
    8.75    2.76900000   2.7690   2.1245   3.8603   3.1750   0.0000   0.0000
    8.75    2.77100000   2.7710   2.1109   3.8343   3.0820   0.0000   0.0000
    8.75    2.77200000   2.7720   2.0821   3.7983   2.9620   0.0000   0.0000
    8.75    2.77300000   2.7730   2.0169   3.7508   2.8310   0.0000   0.0000
    8.75    2.77500000   2.7750   1.8734   3.7119   2.8120   0.0000   0.0000
    8.75    2.77600000   2.7760   1.8128   3.6844   2.7600   0.0000   0.0000
    8.75    2.77700000   2.7770   1.9433   3.6688   2.5670   0.0000   0.0000
    8.75    2.77900000   2.7790   2.0905   3.6576   2.3750   0.0000   0.0000
    8.75    2.78000000   2.7800   2.2415   3.6454   2.1750   0.0000   0.0000
    8.75    2.78200000   2.7810   2.3893   3.6345   1.9840   0.0000   0.0000
    8.75    2.78300000   2.7820   2.5106   3.6231   1.8170   0.0000   0.0000
    8.75    2.78400000   2.7830   2.3485   3.6381   2.0400   0.0000   0.0000
    8.75    2.78600000   2.7840   2.2919   3.6428   2.1150   0.0000   0.0000
    8.75    2.78700000   2.7850   2.2393   3.6470   2.1850   0.0000   0.0000
    8.75    2.78800000   2.7860   2.1773   3.6520   2.2670   0.0000   0.0000
    8.75    2.79000000   2.7870   2.1185   3.6566   2.3450   0.0000   0.0000
    8.75    2.79100000   2.7880   2.0630   3.6609   2.4170   0.0000   0.0000
    8.75    2.79300000   2.7900   2.0142   3.6649   2.4820   0.0000   0.0000
    8.75    2.79400000   2.7910   1.9745   3.6681   2.5350   0.0000   0.0000
    8.75    2.79500000   2.7920   1.9425   3.6710   2.5790   0.0000   0.0000
    8.75    2.79700000   2.7940   1.9160   3.6733   2.6150   0.0000   0.0000
    8.75    2.79800000   2.7950   1.8948   3.6754   2.6450   0.0000   0.0000
    8.75    2.79900000   2.7960   1.8777   3.6773   2.6700   0.0000   0.0000
    8.75    2.80100000   2.7980   1.8648   3.6791   2.6900   0.0000   0.0000
    8.75    2.80200000   2.7990   1.8557   3.6806   2.7050   0.0000   0.0000
    8.75    2.80400000   2.8000   1.8498   3.6816   2.7160   0.0000   0.0000
    8.75    2.80500000   2.8020   1.8469   3.6823   2.7210   0.0000   0.0000
    8.75    2.80600000   2.8030   1.8463   3.6827   2.7240   0.0000   0.0000
    8.75    2.80800000   2.8040   1.8471   3.6830   2.7240   0.0000   0.0000
    8.75    2.80900000   2.8060   1.8481   3.6832   2.7240   0.0000   0.0000
    8.75    2.81100000   2.8070   1.8494   3.6832   2.7230   0.0000   0.0000
    8.75    2.86100000   2.8550   1.9180   3.6830   2.6620   0.0000   0.0000
    8.75    2.94700000   2.9370   2.0494   3.6775   2.5200   0.0000   0.0000
# log(age) Mini Mact logl logt logg Composition Phase
    8.80    0.80000000   0.8000  -0.6601   3.6689   4.6300   0.0000   0.0000
    8.80    0.90100000   0.9010  -0.4145   3.7070   4.5880   0.0000   0.0000
    8.80    1.01400000   1.0140  -0.1633   3.7422   4.5290   0.0000   0.0000
    8.80    1.14200000   1.1420   0.0825   3.7720   4.4540   0.0000   0.0000
    8.80    1.28500000   1.2850   0.3148   3.7963   4.3700   0.0000   0.0000
    8.80    1.44700000   1.4470   0.5682   3.8247   4.2820   0.0000   0.0000
    8.80    1.62900000   1.6290   0.8147   3.8570   4.2270   0.0000   0.0000
    8.80    1.83400000   1.8340   1.0570   3.8904   4.1860   0.0000   0.0000
    8.80    2.06500000   2.0650   1.3083   3.9187   4.1010   0.0000   0.0000
    8.80    2.32500000   2.3250   1.5817   3.9338   3.9420   0.0000   0.0000
    8.80    2.61800000   2.6180   1.8894   3.9016   3.5600   0.0000   0.0000
    8.80    2.62000000   2.6200   1.8928   3.9013   3.5560   0.0000   0.0000
    8.80    2.62100000   2.6210   1.8945   3.9011   3.5540   0.0000   0.0000
    8.80    2.62300000   2.6230   1.8963   3.9011   3.5520   0.0000   0.0000
    8.80    2.62400000   2.6240   1.8982   3.9010   3.5510   0.0000   0.0000
    8.80    2.62500000   2.6250   1.9000   3.9009   3.5490   0.0000   0.0000
    8.80    2.62700000   2.6270   1.9020   3.9010   3.5470   0.0000   0.0000
    8.80    2.62800000   2.6280   1.9041   3.9011   3.5460   0.0000   0.0000
    8.80    2.62900000   2.6290   1.9062   3.9011   3.5440   0.0000   0.0000
    8.80    2.63100000   2.6310   1.9085   3.9013   3.5430   0.0000   0.0000
    8.80    2.63200000   2.6320   1.9109   3.9016   3.5420   0.0000   0.0000
    8.80    2.63300000   2.6330   1.9134   3.9020   3.5420   0.0000   0.0000
    8.80    2.63400000   2.6340   1.9163   3.9026   3.5410   0.0000   0.0000
    8.80    2.63600000   2.6360   1.9193   3.9034   3.5420   0.0000   0.0000
    8.80    2.63700000   2.6370   1.9229   3.9043   3.5430   0.0000   0.0000
    8.80    2.63800000   2.6380   1.9267   3.9057   3.5450   0.0000   0.0000
    8.80    2.64000000   2.6400   1.9314   3.9075   3.5480   0.0000   0.0000
    8.80    2.64100000   2.6410   1.9369   3.9099   3.5520   0.0000   0.0000
    8.80    2.64200000   2.6420   1.9443   3.9133   3.5600   0.0000   0.0000
    8.80    2.64400000   2.6440   1.9547   3.9184   3.5710   0.0000   0.0000
    8.80    2.64500000   2.6450   1.9744   3.9285   3.5940   0.0000   0.0000
    8.80    2.64600000   2.6460   2.0208   3.9503   3.6380   0.0000   0.0000
    8.80    2.64700000   2.6470   2.0350   3.9269   3.5250   0.0000   0.0000
    8.80    2.64900000   2.6490   2.0425   3.9200   3.4890   0.0000   0.0000
    8.80    2.65000000   2.6500   2.0469   3.9160   3.4680   0.0000   0.0000
    8.80    2.65100000   2.6510   2.0506   3.9116   3.4450   0.0000   0.0000
    8.80    2.65300000   2.6530   2.0536   3.9063   3.4200   0.0000   0.0000
    8.80    2.65400000   2.6540   2.0561   3.9002   3.3920   0.0000   0.0000
    8.80    2.65500000   2.6550   2.0581   3.8939   3.3640   0.0000   0.0000
    8.80    2.65700000   2.6570   2.0589   3.8847   3.3250   0.0000   0.0000
    8.80    2.65800000   2.6580   2.0582   3.8742   3.2830   0.0000   0.0000
    8.80    2.65900000   2.6590   2.0550   3.8597   3.2260   0.0000   0.0000
    8.80    2.66100000   2.6610   2.0471   3.8408   3.1560   0.0000   0.0000
    8.80    2.66200000   2.6620   2.0307   3.8139   3.0620   0.0000   0.0000
    8.80    2.66300000   2.6630   1.9965   3.7793   2.9520   0.0000   0.0000
    8.80    2.66500000   2.6650   1.9212   3.7393   2.8610   0.0000   0.0000
    8.80    2.66600000   2.6660   1.7776   3.7080   2.8740   0.0000   0.0000
    8.80    2.66700000   2.6670   1.7531   3.6847   2.8040   0.0000   0.0000
    8.80    2.66800000   2.6680   1.8742   3.6707   2.6260   0.0000   0.0000
    8.80    2.67000000   2.6700   2.0132   3.6602   2.4450   0.0000   0.0000
    8.80    2.67100000   2.6710   2.1563   3.6495   2.2600   0.0000   0.0000
    8.80    2.67200000   2.6720   2.2986   3.6396   2.0780   0.0000   0.0000
    8.80    2.67400000   2.6730   2.4394   3.6266   1.8850   0.0000   0.0000
    8.80    2.67500000   2.6730   2.3513   3.6346   2.0050   0.0000   0.0000
    8.80    2.67600000   2.6740   2.2424   3.6436   2.1510   0.0000   0.0000
    8.80    2.67800000   2.6760   2.1919   3.6477   2.2170   0.0000   0.0000
    8.80    2.67900000   2.6770   2.1139   3.6542   2.3220   0.0000   0.0000
    8.80    2.68000000   2.6780   2.0462   3.6592   2.4100   0.0000   0.0000
    8.80    2.68200000   2.6790   1.9857   3.6638   2.4890   0.0000   0.0000
    8.80    2.68300000   2.6800   1.9343   3.6679   2.5570   0.0000   0.0000
    8.80    2.68400000   2.6820   1.8946   3.6712   2.6100   0.0000   0.0000
    8.80    2.68600000   2.6830   1.8639   3.6739   2.6520   0.0000   0.0000
    8.80    2.68700000   2.6840   1.8390   3.6762   2.6860   0.0000   0.0000
    8.80    2.68800000   2.6850   1.8195   3.6782   2.7140   0.0000   0.0000
    8.80    2.69000000   2.6870   1.8047   3.6801   2.7360   0.0000   0.0000
    8.80    2.69100000   2.6880   1.7947   3.6816   2.7530   0.0000   0.0000
    8.80    2.69200000   2.6890   1.7889   3.6825   2.7620   0.0000   0.0000
    8.80    2.69400000   2.6900   1.7868   3.6830   2.7670   0.0000   0.0000
    8.80    2.69500000   2.6920   1.7867   3.6832   2.7680   0.0000   0.0000
    8.80    2.69600000   2.6930   1.7877   3.6834   2.7680   0.0000   0.0000
    8.80    2.69800000   2.6940   1.7889   3.6835   2.7670   0.0000   0.0000
    8.80    2.69900000   2.6960   1.7904   3.6835   2.7660   0.0000   0.0000
    8.80    2.70000000   2.6970   1.7918   3.6835   2.7650   0.0000   0.0000
    8.80    2.77700000   2.7710   1.9039   3.6821   2.6590   0.0000   0.0000
    8.80    2.86100000   2.8490   2.0451   3.6744   2.4990   0.0000   0.0000
# log(age) Mini Mact logl logt logg Composition Phase
    8.85    0.80000000   0.8000  -0.6596   3.6689   4.6290   0.0000   0.0000
    8.85    0.90100000   0.9010  -0.4135   3.7070   4.5870   0.0000   0.0000
    8.85    1.01400000   1.0140  -0.1616   3.7423   4.5280   0.0000   0.0000
    8.85    1.14200000   1.1420   0.0852   3.7721   4.4520   0.0000   0.0000
    8.85    1.28500000   1.2850   0.3187   3.7964   4.3670   0.0000   0.0000
    8.85    1.44700000   1.4470   0.5731   3.8245   4.2760   0.0000   0.0000
    8.85    1.62900000   1.6290   0.8213   3.8557   4.2160   0.0000   0.0000
    8.85    1.83400000   1.8340   1.0670   3.8875   4.1650   0.0000   0.0000
    8.85    2.06500000   2.0650   1.3248   3.9130   4.0630   0.0000   0.0000
    8.85    2.32500000   2.3250   1.6083   3.9191   3.8580   0.0000   0.0000
    8.85    2.51700000   2.5170   1.8197   3.8871   3.5550   0.0000   0.0000
    8.85    2.51900000   2.5190   1.8215   3.8870   3.5530   0.0000   0.0000
    8.85    2.52000000   2.5200   1.8233   3.8869   3.5510   0.0000   0.0000
    8.85    2.52100000   2.5210   1.8252   3.8868   3.5490   0.0000   0.0000
    8.85    2.52200000   2.5220   1.8271   3.8868   3.5480   0.0000   0.0000
    8.85    2.52400000   2.5240   1.8292   3.8869   3.5460   0.0000   0.0000
    8.85    2.52500000   2.5250   1.8312   3.8870   3.5450   0.0000   0.0000
    8.85    2.52600000   2.5260   1.8334   3.8871   3.5430   0.0000   0.0000
    8.85    2.52700000   2.5270   1.8359   3.8874   3.5430   0.0000   0.0000
    8.85    2.52900000   2.5290   1.8383   3.8878   3.5420   0.0000   0.0000
    8.85    2.53000000   2.5300   1.8410   3.8883   3.5410   0.0000   0.0000
    8.85    2.53100000   2.5310   1.8440   3.8890   3.5420   0.0000   0.0000
    8.85    2.53200000   2.5320   1.8472   3.8898   3.5420   0.0000   0.0000
    8.85    2.53400000   2.5340   1.8511   3.8910   3.5440   0.0000   0.0000
    8.85    2.53500000   2.5350   1.8553   3.8925   3.5460   0.0000   0.0000
    8.85    2.53600000   2.5360   1.8605   3.8946   3.5500   0.0000   0.0000
    8.85    2.53700000   2.5370   1.8672   3.8976   3.5560   0.0000   0.0000
    8.85    2.53900000   2.5390   1.8760   3.9020   3.5650   0.0000   0.0000
    8.85    2.54000000   2.5400   1.8912   3.9097   3.5830   0.0000   0.0000
    8.85    2.54100000   2.5410   1.9248   3.9260   3.6170   0.0000   0.0000
    8.85    2.54200000   2.5420   1.9523   3.9193   3.5610   0.0000   0.0000
    8.85    2.54400000   2.5440   1.9671   3.9085   3.5010   0.0000   0.0000
    8.85    2.54500000   2.5450   1.9717   3.9045   3.4800   0.0000   0.0000
    8.85    2.54600000   2.5460   1.9753   3.9001   3.4580   0.0000   0.0000
    8.85    2.54700000   2.5470   1.9784   3.8958   3.4360   0.0000   0.0000
    8.85    2.54900000   2.5490   1.9811   3.8902   3.4100   0.0000   0.0000
    8.85    2.55000000   2.5500   1.9833   3.8849   3.3860   0.0000   0.0000
    8.85    2.55100000   2.5510   1.9848   3.8772   3.3530   0.0000   0.0000
    8.85    2.55200000   2.5520   1.9849   3.8684   3.3160   0.0000   0.0000
    8.85    2.55400000   2.5540   1.9833   3.8566   3.2690   0.0000   0.0000
    8.85    2.55500000   2.5550   1.9789   3.8422   3.2140   0.0000   0.0000
    8.85    2.55600000   2.5560   1.9692   3.8214   3.1380   0.0000   0.0000
    8.85    2.55700000   2.5570   1.9495   3.7938   3.0440   0.0000   0.0000
    8.85    2.55900000   2.5590   1.9093   3.7620   2.9510   0.0000   0.0000
    8.85    2.56000000   2.5600   1.8242   3.7306   2.9040   0.0000   0.0000
    8.85    2.56100000   2.5610   1.6886   3.7050   2.9330   0.0000   0.0000
    8.85    2.56300000   2.5630   1.6923   3.6854   2.8500   0.0000   0.0000
    8.85    2.56400000   2.5640   1.8057   3.6726   2.6850   0.0000   0.0000
    8.85    2.56500000   2.5650   1.9380   3.6624   2.5120   0.0000   0.0000
    8.85    2.56600000   2.5660   2.0757   3.6534   2.3390   0.0000   0.0000
    8.85    2.56800000   2.5670   2.2120   3.6433   2.1620   0.0000   0.0000
    8.85    2.56900000   2.5680   2.3465   3.6321   1.9830   0.0000   0.0000
    8.85    2.57000000   2.5690   2.4652   3.6215   1.8220   0.0000   0.0000
    8.85    2.57100000   2.5700   2.2101   3.6434   2.1650   0.0000   0.0000
    8.85    2.57300000   2.5710   2.1416   3.6486   2.2540   0.0000   0.0000
    8.85    2.57400000   2.5720   2.0546   3.6561   2.3710   0.0000   0.0000
    8.85    2.57500000   2.5730   1.9739   3.6619   2.4750   0.0000   0.0000
    8.85    2.57700000   2.5740   1.9066   3.6668   2.5630   0.0000   0.0000
    8.85    2.57800000   2.5750   1.8531   3.6710   2.6330   0.0000   0.0000
    8.85    2.57900000   2.5760   1.8146   3.6742   2.6850   0.0000   0.0000
    8.85    2.58000000   2.5780   1.7843   3.6769   2.7260   0.0000   0.0000
    8.85    2.58200000   2.5790   1.7615   3.6791   2.7580   0.0000   0.0000
    8.85    2.58300000   2.5800   1.7443   3.6811   2.7830   0.0000   0.0000
    8.85    2.58400000   2.5810   1.7338   3.6825   2.8000   0.0000   0.0000
    8.85    2.58500000   2.5820   1.7281   3.6832   2.8080   0.0000   0.0000
    8.85    2.58700000   2.5840   1.7267   3.6836   2.8110   0.0000   0.0000
    8.85    2.58800000   2.5850   1.7272   3.6837   2.8120   0.0000   0.0000
    8.85    2.58900000   2.5860   1.7284   3.6839   2.8110   0.0000   0.0000
    8.85    2.59100000   2.5870   1.7298   3.6839   2.8100   0.0000   0.0000
    8.85    2.59200000   2.5890   1.7313   3.6838   2.8090   0.0000   0.0000
    8.85    2.59300000   2.5900   1.7328   3.6837   2.8070   0.0000   0.0000
    8.85    2.59400000   2.5910   1.7342   3.6836   2.8050   0.0000   0.0000
    8.85    2.59600000   2.5920   1.7358   3.6836   2.8040   0.0000   0.0000
    8.85    2.61800000   2.6130   1.7671   3.6835   2.7760   0.0000   0.0000
    8.85    2.69600000   2.6880   1.8924   3.6809   2.6520   0.0000   0.0000
    8.85    2.77700000   2.7630   2.1615   3.6587   2.3060   0.0000   0.0000
# log(age) Mini Mact logl logt logg Composition Phase
    8.90    0.80000000   0.8000  -0.6590   3.6689   4.6290   0.0000   0.0000
    8.90    0.90100000   0.9010  -0.4123   3.7071   4.5860   0.0000   0.0000
    8.90    1.01400000   1.0140  -0.1597   3.7424   4.5260   0.0000   0.0000
    8.90    1.14200000   1.1420   0.0883   3.7722   4.4490   0.0000   0.0000
    8.90    1.28500000   1.2850   0.3230   3.7965   4.3630   0.0000   0.0000
    8.90    1.44700000   1.4470   0.5786   3.8242   4.2690   0.0000   0.0000
    8.90    1.62900000   1.6290   0.8286   3.8542   4.2020   0.0000   0.0000
    8.90    1.83400000   1.8340   1.0783   3.8841   4.1410   0.0000   0.0000
    8.90    2.06500000   2.0650   1.3440   3.9057   4.0150   0.0000   0.0000
    8.90    2.32500000   2.3250   1.6362   3.8959   3.7390   0.0000   0.0000
    8.90    2.42000000   2.4200   1.7448   3.8743   3.5610   0.0000   0.0000
    8.90    2.42100000   2.4210   1.7466   3.8742   3.5590   0.0000   0.0000
    8.90    2.42200000   2.4220   1.7484   3.8741   3.5570   0.0000   0.0000
    8.90    2.42300000   2.4230   1.7503   3.8740   3.5560   0.0000   0.0000
    8.90    2.42500000   2.4250   1.7522   3.8739   3.5540   0.0000   0.0000
    8.90    2.42600000   2.4260   1.7543   3.8740   3.5520   0.0000   0.0000
    8.90    2.42700000   2.4270   1.7564   3.8741   3.5510   0.0000   0.0000
    8.90    2.42800000   2.4280   1.7586   3.8742   3.5490   0.0000   0.0000
    8.90    2.42900000   2.4290   1.7610   3.8744   3.5480   0.0000   0.0000
    8.90    2.43100000   2.4310   1.7635   3.8747   3.5470   0.0000   0.0000
    8.90    2.43200000   2.4320   1.7662   3.8751   3.5460   0.0000   0.0000
    8.90    2.43300000   2.4330   1.7693   3.8758   3.5460   0.0000   0.0000
    8.90    2.43400000   2.4340   1.7725   3.8765   3.5460   0.0000   0.0000
    8.90    2.43500000   2.4350   1.7764   3.8776   3.5470   0.0000   0.0000
    8.90    2.43700000   2.4370   1.7806   3.8791   3.5490   0.0000   0.0000
    8.90    2.43800000   2.4380   1.7858   3.8811   3.5530   0.0000   0.0000
    8.90    2.43900000   2.4390   1.7925   3.8839   3.5580   0.0000   0.0000
    8.90    2.44000000   2.4400   1.8014   3.8882   3.5680   0.0000   0.0000
    8.90    2.44100000   2.4410   1.8164   3.8957   3.5840   0.0000   0.0000
    8.90    2.44300000   2.4430   1.8502   3.9119   3.6180   0.0000   0.0000
    8.90    2.44400000   2.4440   1.8789   3.9065   3.5660   0.0000   0.0000
    8.90    2.44500000   2.4450   1.8940   3.8958   3.5060   0.0000   0.0000
    8.90    2.44600000   2.4460   1.8984   3.8918   3.4850   0.0000   0.0000
    8.90    2.44800000   2.4480   1.9021   3.8875   3.4630   0.0000   0.0000
    8.90    2.44900000   2.4490   1.9052   3.8832   3.4420   0.0000   0.0000
    8.90    2.45000000   2.4500   1.9078   3.8777   3.4170   0.0000   0.0000
    8.90    2.45100000   2.4510   1.9099   3.8725   3.3920   0.0000   0.0000
    8.90    2.45200000   2.4520   1.9113   3.8650   3.3600   0.0000   0.0000
    8.90    2.45400000   2.4540   1.9115   3.8563   3.3240   0.0000   0.0000
    8.90    2.45500000   2.4550   1.9098   3.8453   3.2800   0.0000   0.0000
    8.90    2.45600000   2.4560   1.9054   3.8316   3.2280   0.0000   0.0000
    8.90    2.45700000   2.4570   1.8956   3.8121   3.1570   0.0000   0.0000
    8.90    2.45800000   2.4580   1.8762   3.7864   3.0700   0.0000   0.0000
    8.90    2.46000000   2.4600   1.8371   3.7575   2.9880   0.0000   0.0000
    8.90    2.46100000   2.4610   1.7566   3.7306   2.9550   0.0000   0.0000
    8.90    2.46200000   2.4620   1.6271   3.7075   2.9880   0.0000   0.0000
    8.90    2.46300000   2.4630   1.6154   3.6890   2.9240   0.0000   0.0000
    8.90    2.46400000   2.4640   1.7118   3.6770   2.7800   0.0000   0.0000
    8.90    2.46600000   2.4660   1.8266   3.6668   2.6240   0.0000   0.0000
    8.90    2.46700000   2.4670   1.9577   3.6593   2.4630   0.0000   0.0000
    8.90    2.46800000   2.4680   2.0710   3.6508   2.3160   0.0000   0.0000
    8.90    2.46900000   2.4690   2.1920   3.6422   2.1610   0.0000   0.0000
    8.90    2.47100000   2.4690   2.3237   3.6314   1.9860   0.0000   0.0000
    8.90    2.47200000   2.4690   2.4603   3.6193   1.8010   0.0000   0.0000
    8.90    2.47300000   2.4680   2.2147   3.6400   2.1290   0.0000   0.0000
    8.90    2.47400000   2.4690   2.1357   3.6461   2.2320   0.0000   0.0000
    8.90    2.47500000   2.4710   2.0141   3.6560   2.3940   0.0000   0.0000
    8.90    2.47700000   2.4720   1.9251   3.6621   2.5080   0.0000   0.0000
    8.90    2.47800000   2.4730   1.8558   3.6675   2.5990   0.0000   0.0000
    8.90    2.47900000   2.4740   1.8084   3.6713   2.6620   0.0000   0.0000
    8.90    2.48000000   2.4760   1.7727   3.6746   2.7110   0.0000   0.0000
    8.90    2.48200000   2.4770   1.7462   3.6772   2.7480   0.0000   0.0000
    8.90    2.48300000   2.4780   1.7298   3.6789   2.7720   0.0000   0.0000
    8.90    2.48400000   2.4800   1.7206   3.6798   2.7850   0.0000   0.0000
    8.90    2.48500000   2.4810   1.7156   3.6803   2.7920   0.0000   0.0000
    8.90    2.48600000   2.4820   1.7130   3.6808   2.7970   0.0000   0.0000
    8.90    2.48800000   2.4830   1.7104   3.6811   2.8010   0.0000   0.0000
    8.90    2.48900000   2.4850   1.7080   3.6813   2.8040   0.0000   0.0000
    8.90    2.49000000   2.4860   1.7055   3.6815   2.8080   0.0000   0.0000
    8.90    2.49100000   2.4870   1.7030   3.6817   2.8110   0.0000   0.0000
    8.90    2.49300000   2.4890   1.7005   3.6819   2.8150   0.0000   0.0000
    8.90    2.49400000   2.4900   1.6982   3.6822   2.8180   0.0000   0.0000
    8.90    2.49500000   2.4910   1.6959   3.6825   2.8220   0.0000   0.0000
    8.90    2.49600000   2.4930   1.6938   3.6828   2.8260   0.0000   0.0000
    8.90    2.54100000   2.5360   1.7496   3.6833   2.7800   0.0000   0.0000
    8.90    2.61800000   2.6080   1.8823   3.6795   2.6440   0.0000   0.0000
# log(age) Mini Mact logl logt logg Composition Phase
    8.95    0.80000000   0.8000  -0.6582   3.6689   4.6280   0.0000   0.0000
    8.95    0.90100000   0.9010  -0.4110   3.7072   4.5850   0.0000   0.0000
    8.95    1.01400000   1.0140  -0.1574   3.7426   4.5250   0.0000   0.0000
    8.95    1.14200000   1.1420   0.0918   3.7724   4.4460   0.0000   0.0000
    8.95    1.28500000   1.2850   0.3279   3.7966   4.3580   0.0000   0.0000
    8.95    1.44700000   1.4470   0.5847   3.8237   4.2620   0.0000   0.0000
    8.95    1.62900000   1.6290   0.8370   3.8524   4.1870   0.0000   0.0000
    8.95    1.83400000   1.8340   1.0920   3.8800   4.1110   0.0000   0.0000
    8.95    2.06500000   2.0650   1.3660   3.8956   3.9540   0.0000   0.0000
    8.95    2.32500000   2.3250   1.6676   3.8621   3.5720   0.0000   0.0000
    8.95    2.32700000   2.3270   1.6709   3.8617   3.5680   0.0000   0.0000
    8.95    2.32800000   2.3280   1.6726   3.8616   3.5660   0.0000   0.0000
    8.95    2.33000000   2.3300   1.6745   3.8615   3.5640   0.0000   0.0000
    8.95    2.33100000   2.3310   1.6763   3.8615   3.5620   0.0000   0.0000
    8.95    2.33200000   2.3320   1.6782   3.8614   3.5610   0.0000   0.0000
    8.95    2.33300000   2.3330   1.6803   3.8615   3.5590   0.0000   0.0000
    8.95    2.33400000   2.3340   1.6823   3.8615   3.5570   0.0000   0.0000
    8.95    2.33500000   2.3350   1.6845   3.8616   3.5560   0.0000   0.0000
    8.95    2.33600000   2.3360   1.6869   3.8619   3.5550   0.0000   0.0000
    8.95    2.33800000   2.3380   1.6894   3.8622   3.5540   0.0000   0.0000
    8.95    2.33900000   2.3390   1.6920   3.8626   3.5530   0.0000   0.0000
    8.95    2.34000000   2.3400   1.6951   3.8632   3.5530   0.0000   0.0000
    8.95    2.34100000   2.3410   1.6983   3.8639   3.5530   0.0000   0.0000
    8.95    2.34200000   2.3420   1.7021   3.8649   3.5540   0.0000   0.0000
    8.95    2.34300000   2.3430   1.7063   3.8663   3.5560   0.0000   0.0000
    8.95    2.34500000   2.3450   1.7115   3.8682   3.5590   0.0000   0.0000
    8.95    2.34600000   2.3460   1.7179   3.8708   3.5630   0.0000   0.0000
    8.95    2.34700000   2.3470   1.7266   3.8749   3.5720   0.0000   0.0000
    8.95    2.34800000   2.3480   1.7401   3.8814   3.5860   0.0000   0.0000
    8.95    2.34900000   2.3490   1.7700   3.8956   3.6160   0.0000   0.0000
    8.95    2.35000000   2.3500   1.7969   3.8979   3.5980   0.0000   0.0000
    8.95    2.35200000   2.3520   1.8201   3.8846   3.5190   0.0000   0.0000
    8.95    2.35300000   2.3530   1.8245   3.8804   3.4970   0.0000   0.0000
    8.95    2.35400000   2.3540   1.8282   3.8766   3.4770   0.0000   0.0000
    8.95    2.35500000   2.3550   1.8314   3.8724   3.4560   0.0000   0.0000
    8.95    2.35600000   2.3560   1.8340   3.8678   3.4340   0.0000   0.0000
    8.95    2.35700000   2.3570   1.8363   3.8623   3.4100   0.0000   0.0000
    8.95    2.35900000   2.3590   1.8379   3.8569   3.3850   0.0000   0.0000
    8.95    2.36000000   2.3600   1.8387   3.8492   3.3530   0.0000   0.0000
    8.95    2.36100000   2.3610   1.8380   3.8410   3.3190   0.0000   0.0000
    8.95    2.36200000   2.3620   1.8353   3.8299   3.2750   0.0000   0.0000
    8.95    2.36300000   2.3630   1.8294   3.8164   3.2250   0.0000   0.0000
    8.95    2.36400000   2.3640   1.8175   3.7982   3.1610   0.0000   0.0000
    8.95    2.36600000   2.3660   1.7948   3.7748   3.0860   0.0000   0.0000
    8.95    2.36700000   2.3670   1.7510   3.7501   3.0260   0.0000   0.0000
    8.95    2.36800000   2.3680   1.6666   3.7267   3.0110   0.0000   0.0000
    8.95    2.36900000   2.3690   1.5531   3.7062   3.0400   0.0000   0.0000
    8.95    2.37000000   2.3700   1.5503   3.6905   2.9790   0.0000   0.0000
    8.95    2.37100000   2.3710   1.6272   3.6808   2.8630   0.0000   0.0000
    8.95    2.37300000   2.3720   1.7219   3.6727   2.7360   0.0000   0.0000
    8.95    2.37400000   2.3730   1.8168   3.6653   2.6110   0.0000   0.0000
    8.95    2.37500000   2.3740   1.9293   3.6583   2.4710   0.0000   0.0000
    8.95    2.37600000   2.3750   2.0369   3.6516   2.3360   0.0000   0.0000
    8.95    2.37700000   2.3760   2.0728   3.6481   2.2870   0.0000   0.0000
    8.95    2.37800000   2.3770   2.1649   3.6420   2.1700   0.0000   0.0000
    8.95    2.38000000   2.3770   2.2763   3.6333   2.0240   0.0000   0.0000
    8.95    2.38100000   2.3770   2.4012   3.6227   1.8570   0.0000   0.0000
    8.95    2.38200000   2.3730   2.5528   3.6093   1.6510   0.0000   0.0000
    8.95    2.38300000   2.3690   2.3732   3.6240   1.8890   0.0000   0.0000
    8.95    2.38400000   2.3700   2.2876   3.6311   2.0030   0.0000   0.0000
    8.95    2.38500000   2.3710   2.1782   3.6392   2.1450   0.0000   0.0000
    8.95    2.38700000   2.3720   2.0997   3.6450   2.2470   0.0000   0.0000
    8.95    2.38800000   2.3740   2.0494   3.6490   2.3130   0.0000   0.0000
    8.95    2.38900000   2.3750   2.0141   3.6522   2.3620   0.0000   0.0000
    8.95    2.39000000   2.3760   1.9903   3.6547   2.3960   0.0000   0.0000
    8.95    2.39100000   2.3770   1.9773   3.6559   2.4140   0.0000   0.0000
    8.95    2.39300000   2.3790   1.9714   3.6566   2.4230   0.0000   0.0000
    8.95    2.39400000   2.3800   1.9684   3.6570   2.4280   0.0000   0.0000
    8.95    2.39500000   2.3810   1.9658   3.6573   2.4320   0.0000   0.0000
    8.95    2.39600000   2.3820   1.9634   3.6575   2.4350   0.0000   0.0000
    8.95    2.39700000   2.3840   1.9609   3.6577   2.4390   0.0000   0.0000
    8.95    2.39800000   2.3850   1.9584   3.6579   2.4420   0.0000   0.0000
    8.95    2.40000000   2.3860   1.9561   3.6582   2.4460   0.0000   0.0000
    8.95    2.40100000   2.3880   1.9537   3.6585   2.4500   0.0000   0.0000
    8.95    2.40200000   2.3890   1.9518   3.6588   2.4530   0.0000   0.0000
    8.95    2.40300000   2.3900   1.9507   3.6591   2.4550   0.0000   0.0000
    8.95    2.40400000   2.3910   1.9484   3.6597   2.4610   0.0000   0.0000
    8.95    2.40600000   2.3930   1.9458   3.6602   2.4650   0.0000   0.0000
    8.95    2.46700000   2.4570   1.8432   3.6743   2.6360   0.0000   0.0000
    8.95    2.54100000   2.5300   1.8891   3.6756   2.6080   0.0000   0.0000
# log(age) Mini Mact logl logt logg Composition Phase
    9.00    0.80000000   0.8000  -0.6574   3.6690   4.6270   0.0000   0.0000
    9.00    0.90100000   0.9010  -0.4095   3.7074   4.5840   0.0000   0.0000
    9.00    1.01400000   1.0140  -0.1549   3.7427   4.5230   0.0000   0.0000
    9.00    1.14200000   1.1420   0.0957   3.7726   4.4430   0.0000   0.0000
    9.00    1.28500000   1.2850   0.3334   3.7967   4.3530   0.0000   0.0000
    9.00    1.44700000   1.4470   0.5915   3.8232   4.2530   0.0000   0.0000
    9.00    1.62900000   1.6290   0.8465   3.8501   4.1680   0.0000   0.0000
    9.00    1.83400000   1.8340   1.1074   3.8748   4.0760   0.0000   0.0000
    9.00    2.06500000   2.0650   1.3906   3.8810   3.8730   0.0000   0.0000
    9.00    2.23800000   2.2380   1.5970   3.8492   3.5750   0.0000   0.0000
    9.00    2.23900000   2.2390   1.5987   3.8491   3.5730   0.0000   0.0000
    9.00    2.24000000   2.2400   1.6005   3.8490   3.5710   0.0000   0.0000
    9.00    2.24200000   2.2420   1.6023   3.8489   3.5690   0.0000   0.0000
    9.00    2.24300000   2.2430   1.6042   3.8489   3.5670   0.0000   0.0000
    9.00    2.24400000   2.2440   1.6062   3.8490   3.5660   0.0000   0.0000
    9.00    2.24500000   2.2450   1.6082   3.8490   3.5640   0.0000   0.0000
    9.00    2.24600000   2.2460   1.6104   3.8491   3.5630   0.0000   0.0000
    9.00    2.24700000   2.2470   1.6128   3.8493   3.5620   0.0000   0.0000
    9.00    2.24800000   2.2480   1.6152   3.8496   3.5610   0.0000   0.0000
    9.00    2.24900000   2.2490   1.6179   3.8500   3.5600   0.0000   0.0000
    9.00    2.25000000   2.2500   1.6209   3.8506   3.5600   0.0000   0.0000
    9.00    2.25200000   2.2520   1.6241   3.8512   3.5600   0.0000   0.0000
    9.00    2.25300000   2.2530   1.6278   3.8522   3.5600   0.0000   0.0000
    9.00    2.25400000   2.2540   1.6320   3.8535   3.5620   0.0000   0.0000
    9.00    2.25500000   2.2550   1.6371   3.8553   3.5640   0.0000   0.0000
    9.00    2.25600000   2.2560   1.6434   3.8577   3.5690   0.0000   0.0000
    9.00    2.25700000   2.2570   1.6519   3.8615   3.5760   0.0000   0.0000
    9.00    2.25800000   2.2580   1.6645   3.8675   3.5890   0.0000   0.0000
    9.00    2.25900000   2.2590   1.6899   3.8794   3.6140   0.0000   0.0000
    9.00    2.26000000   2.2600   1.7249   3.8901   3.6240   0.0000   0.0000
    9.00    2.26200000   2.2620   1.7463   3.8735   3.5320   0.0000   0.0000
    9.00    2.26300000   2.2630   1.7507   3.8688   3.5070   0.0000   0.0000
    9.00    2.26400000   2.2640   1.7543   3.8654   3.4900   0.0000   0.0000
    9.00    2.26500000   2.2650   1.7575   3.8614   3.4700   0.0000   0.0000
    9.00    2.26600000   2.2660   1.7602   3.8575   3.4500   0.0000   0.0000
    9.00    2.26700000   2.2670   1.7626   3.8527   3.4280   0.0000   0.0000
    9.00    2.26800000   2.2680   1.7644   3.8480   3.4070   0.0000   0.0000
    9.00    2.26900000   2.2690   1.7655   3.8414   3.3780   0.0000   0.0000
    9.00    2.27000000   2.2700   1.7656   3.8341   3.3470   0.0000   0.0000
    9.00    2.27200000   2.2720   1.7641   3.8257   3.3130   0.0000   0.0000
    9.00    2.27300000   2.2730   1.7604   3.8152   3.2730   0.0000   0.0000
    9.00    2.27400000   2.2740   1.7528   3.8024   3.2270   0.0000   0.0000
    9.00    2.27500000   2.2750   1.7386   3.7860   3.1720   0.0000   0.0000
    9.00    2.27600000   2.2760   1.7126   3.7648   3.1100   0.0000   0.0000
    9.00    2.27700000   2.2770   1.6639   3.7440   3.0700   0.0000   0.0000
    9.00    2.27800000   2.2780   1.5789   3.7233   3.0680   0.0000   0.0000
    9.00    2.27900000   2.2790   1.4821   3.7053   3.0900   0.0000   0.0000
    9.00    2.28100000   2.2810   1.4869   3.6917   3.0300   0.0000   0.0000
    9.00    2.28200000   2.2820   1.5513   3.6829   2.9300   0.0000   0.0000
    9.00    2.28300000   2.2830   1.6369   3.6761   2.8180   0.0000   0.0000
    9.00    2.28400000   2.2840   1.7227   3.6700   2.7070   0.0000   0.0000
    9.00    2.28500000   2.2850   1.8059   3.6638   2.6000   0.0000   0.0000
    9.00    2.28600000   2.2860   1.9087   3.6572   2.4700   0.0000   0.0000
    9.00    2.28700000   2.2870   2.0083   3.6510   2.3460   0.0000   0.0000
    9.00    2.28900000   2.2870   2.0581   3.6475   2.2820   0.0000   0.0000
    9.00    2.29000000   2.2880   2.0559   3.6470   2.2830   0.0000   0.0000
    9.00    2.29100000   2.2890   2.1409   3.6414   2.1750   0.0000   0.0000
    9.00    2.29200000   2.2890   2.2381   3.6339   2.0480   0.0000   0.0000
    9.00    2.29300000   2.2890   2.3508   3.6246   1.8980   0.0000   0.0000
    9.00    2.29400000   2.2880   2.4794   3.6147   1.7300   0.0000   0.0000
    9.00    2.29500000   2.2800   2.6500   3.5988   1.4940   0.0000   0.0000
    9.00    2.29600000   2.2740   2.5316   3.6080   1.6480   0.0000   0.0000
    9.00    2.29800000   2.2750   2.4382   3.6158   1.7730   0.0000   0.0000
    9.00    2.29900000   2.2760   2.3468   3.6222   1.8910   0.0000   0.0000
    9.00    2.30000000   2.2770   2.2905   3.6267   1.9650   0.0000   0.0000
    9.00    2.30100000   2.2780   2.2555   3.6298   2.0130   0.0000   0.0000
    9.00    2.30200000   2.2800   2.2355   3.6320   2.0420   0.0000   0.0000
    9.00    2.30300000   2.2810   2.2272   3.6329   2.0540   0.0000   0.0000
    9.00    2.30400000   2.2820   2.2238   3.6333   2.0590   0.0000   0.0000
    9.00    2.30600000   2.2830   2.2212   3.6336   2.0630   0.0000   0.0000
    9.00    2.30700000   2.2840   2.2188   3.6338   2.0660   0.0000   0.0000
    9.00    2.30800000   2.2860   2.2163   3.6340   2.0700   0.0000   0.0000
    9.00    2.30900000   2.2870   2.2139   3.6342   2.0740   0.0000   0.0000
    9.00    2.31000000   2.2880   2.2116   3.6346   2.0770   0.0000   0.0000
    9.00    2.31100000   2.2890   2.2103   3.6348   2.0800   0.0000   0.0000
    9.00    2.31200000   2.2900   2.2082   3.6353   2.0840   0.0000   0.0000
    9.00    2.31400000   2.2920   2.2057   3.6358   2.0890   0.0000   0.0000
    9.00    2.31500000   2.2930   2.2035   3.6361   2.0930   0.0000   0.0000
    9.00    2.31600000   2.2940   2.2012   3.6364   2.0960   0.0000   0.0000
    9.00    2.31700000   2.2950   2.1993   3.6366   2.0990   0.0000   0.0000
    9.00    2.31800000   2.2960   2.1971   3.6370   2.1030   0.0000   0.0000
    9.00    2.32500000   2.3040   2.1842   3.6385   2.1240   0.0000   0.0000
    9.00    2.39500000   2.3770   2.0732   3.6546   2.3130   0.0000   0.0000
# log(age) Mini Mact logl logt logg Composition Phase
    9.05    0.80000000   0.8000  -0.6564   3.6690   4.6270   0.0000   0.0000
    9.05    0.90100000   0.9010  -0.4078   3.7075   4.5830   0.0000   0.0000
    9.05    1.01400000   1.0140  -0.1521   3.7429   4.5210   0.0000   0.0000
    9.05    1.14200000   1.1420   0.1002   3.7728   4.4400   0.0000   0.0000
    9.05    1.28500000   1.2850   0.3396   3.7966   4.3470   0.0000   0.0000
    9.05    1.44700000   1.4470   0.5992   3.8225   4.2420   0.0000   0.0000
    9.05    1.62900000   1.6290   0.8572   3.8471   4.1460   0.0000   0.0000
    9.05    1.83400000   1.8340   1.1252   3.8679   4.0310   0.0000   0.0000
    9.05    2.06500000   2.0650   1.4157   3.8582   3.7570   0.0000   0.0000
    9.05    2.15300000   2.1530   1.5230   3.8366   3.5810   0.0000   0.0000
    9.05    2.15400000   2.1540   1.5247   3.8365   3.5800   0.0000   0.0000
    9.05    2.15500000   2.1550   1.5265   3.8365   3.5780   0.0000   0.0000
    9.05    2.15600000   2.1560   1.5282   3.8364   3.5760   0.0000   0.0000
    9.05    2.15700000   2.1570   1.5302   3.8364   3.5740   0.0000   0.0000
    9.05    2.15800000   2.1580   1.5322   3.8364   3.5730   0.0000   0.0000
    9.05    2.15900000   2.1590   1.5341   3.8364   3.5710   0.0000   0.0000
    9.05    2.16000000   2.1600   1.5363   3.8366   3.5700   0.0000   0.0000
    9.05    2.16100000   2.1610   1.5386   3.8368   3.5690   0.0000   0.0000
    9.05    2.16200000   2.1620   1.5411   3.8371   3.5680   0.0000   0.0000
    9.05    2.16300000   2.1630   1.5437   3.8374   3.5670   0.0000   0.0000
    9.05    2.16400000   2.1640   1.5467   3.8380   3.5660   0.0000   0.0000
    9.05    2.16500000   2.1650   1.5499   3.8386   3.5660   0.0000   0.0000
    9.05    2.16600000   2.1660   1.5536   3.8395   3.5670   0.0000   0.0000
    9.05    2.16700000   2.1670   1.5578   3.8407   3.5680   0.0000   0.0000
    9.05    2.16900000   2.1690   1.5628   3.8424   3.5700   0.0000   0.0000
    9.05    2.17000000   2.1700   1.5689   3.8446   3.5740   0.0000   0.0000
    9.05    2.17100000   2.1710   1.5771   3.8482   3.5810   0.0000   0.0000
    9.05    2.17200000   2.1720   1.5890   3.8537   3.5920   0.0000   0.0000
    9.05    2.17300000   2.1730   1.6116   3.8641   3.6140   0.0000   0.0000
    9.05    2.17400000   2.1740   1.6615   3.8836   3.6450   0.0000   0.0000
    9.05    2.17500000   2.1750   1.6721   3.8624   3.5450   0.0000   0.0000
    9.05    2.17600000   2.1760   1.6771   3.8574   3.5190   0.0000   0.0000
    9.05    2.17700000   2.1770   1.6805   3.8540   3.5010   0.0000   0.0000
    9.05    2.17800000   2.1780   1.6838   3.8505   3.4840   0.0000   0.0000
    9.05    2.17900000   2.1790   1.6865   3.8467   3.4650   0.0000   0.0000
    9.05    2.18000000   2.1800   1.6889   3.8426   3.4450   0.0000   0.0000
    9.05    2.18100000   2.1810   1.6909   3.8377   3.4230   0.0000   0.0000
    9.05    2.18300000   2.1830   1.6922   3.8329   3.4010   0.0000   0.0000
    9.05    2.18400000   2.1840   1.6928   3.8260   3.3720   0.0000   0.0000
    9.05    2.18500000   2.1850   1.6922   3.8196   3.3450   0.0000   0.0000
    9.05    2.18600000   2.1860   1.6898   3.8113   3.3120   0.0000   0.0000
    9.05    2.18700000   2.1870   1.6850   3.8012   3.2740   0.0000   0.0000
    9.05    2.18800000   2.1880   1.6757   3.7892   3.2330   0.0000   0.0000
    9.05    2.18900000   2.1890   1.6590   3.7750   3.1890   0.0000   0.0000
    9.05    2.19000000   2.1900   1.6292   3.7568   3.1420   0.0000   0.0000
    9.05    2.19100000   2.1910   1.5770   3.7387   3.1180   0.0000   0.0000
    9.05    2.19200000   2.1920   1.4928   3.7207   3.1260   0.0000   0.0000
    9.05    2.19300000   2.1930   1.4125   3.7046   3.1400   0.0000   0.0000
    9.05    2.19400000   2.1940   1.4236   3.6927   3.0800   0.0000   0.0000
    9.05    2.19500000   2.1950   1.4816   3.6847   2.9900   0.0000   0.0000
    9.05    2.19700000   2.1970   1.5592   3.6786   2.8880   0.0000   0.0000
    9.05    2.19800000   2.1980   1.6410   3.6725   2.7820   0.0000   0.0000
    9.05    2.19900000   2.1990   1.7178   3.6677   2.6860   0.0000   0.0000
    9.05    2.20000000   2.1990   1.7944   3.6624   2.5890   0.0000   0.0000
    9.05    2.20100000   2.2000   1.8914   3.6559   2.4660   0.0000   0.0000
    9.05    2.20200000   2.2010   1.9846   3.6499   2.3490   0.0000   0.0000
    9.05    2.20300000   2.2020   2.0692   3.6444   2.2420   0.0000   0.0000
    9.05    2.20400000   2.2020   2.0477   3.6457   2.2690   0.0000   0.0000
    9.05    2.20500000   2.2030   2.0408   3.6459   2.2770   0.0000   0.0000
    9.05    2.20600000   2.2040   2.1183   3.6407   2.1790   0.0000   0.0000
    9.05    2.20700000   2.2040   2.2080   3.6338   2.0620   0.0000   0.0000
    9.05    2.20900000   2.2040   2.3103   3.6254   1.9260   0.0000   0.0000
    9.05    2.21000000   2.2030   2.4193   3.6167   1.7820   0.0000   0.0000
    9.05    2.21100000   2.2010   2.5620   3.6060   1.5960   0.0000   0.0000
    9.05    2.21200000   2.1910   2.7491   3.5881   1.3350   0.0000   0.0000
    9.05    2.21300000   2.1820   2.6953   3.5917   1.4010   0.0000   0.0000
    9.05    2.21400000   2.1830   2.5987   3.5993   1.5290   0.0000   0.0000
    9.05    2.21500000   2.1850   2.5319   3.6044   1.6160   0.0000   0.0000
    9.05    2.21600000   2.1860   2.4978   3.6075   1.6630   0.0000   0.0000
    9.05    2.21700000   2.1870   2.4831   3.6090   1.6840   0.0000   0.0000
    9.05    2.21800000   2.1880   2.4792   3.6095   1.6900   0.0000   0.0000
    9.05    2.21900000   2.1890   2.4767   3.6098   1.6940   0.0000   0.0000
    9.05    2.22100000   2.1900   2.4742   3.6100   1.6970   0.0000   0.0000
    9.05    2.22200000   2.1920   2.4718   3.6102   1.7010   0.0000   0.0000
    9.05    2.22300000   2.1930   2.4697   3.6105   1.7050   0.0000   0.0000
    9.05    2.22400000   2.1940   2.4680   3.6108   1.7080   0.0000   0.0000
    9.05    2.22500000   2.1950   2.4656   3.6114   1.7130   0.0000   0.0000
    9.05    2.22600000   2.1960   2.4635   3.6117   1.7160   0.0000   0.0000
    9.05    2.22700000   2.1970   2.4614   3.6120   1.7200   0.0000   0.0000
    9.05    2.22800000   2.1980   2.4591   3.6123   1.7230   0.0000   0.0000
    9.05    2.22900000   2.2000   2.4570   3.6125   1.7270   0.0000   0.0000
    9.05    2.23000000   2.2010   2.4547   3.6127   1.7300   0.0000   0.0000
    9.05    2.23200000   2.2020   2.4524   3.6129   1.7330   0.0000   0.0000
    9.05    2.23300000   2.2030   2.4506   3.6133   1.7370   0.0000   0.0000
    9.05    2.23400000   2.2040   2.4484   3.6136   1.7400   0.0000   0.0000
    9.05    2.25700000   2.2290   2.4073   3.6194   1.8100   0.0000   0.0000
# log(age) Mini Mact logl logt logg Composition Phase
    9.10    0.80000000   0.8000  -0.6554   3.6691   4.6260   0.0000   0.0000
    9.10    0.90100000   0.9010  -0.4059   3.7077   4.5820   0.0000   0.0000
    9.10    1.01400000   1.0140  -0.1489   3.7431   4.5180   0.0000   0.0000
    9.10    1.14200000   1.1420   0.1053   3.7731   4.4360   0.0000   0.0000
    9.10    1.28500000   1.2850   0.3467   3.7967   4.3400   0.0000   0.0000
    9.10    1.44700000   1.4470   0.6076   3.8215   4.2300   0.0000   0.0000
    9.10    1.62900000   1.6290   0.8694   3.8434   4.1190   0.0000   0.0000
    9.10    1.83400000   1.8340   1.1457   3.8588   3.9760   0.0000   0.0000
    9.10    2.06500000   2.0650   1.4413   3.8249   3.5980   0.0000   0.0000
    9.10    2.07000000   2.0700   1.4490   3.8241   3.5880   0.0000   0.0000
    9.10    2.07100000   2.0710   1.4508   3.8240   3.5860   0.0000   0.0000
    9.10    2.07200000   2.0720   1.4525   3.8239   3.5850   0.0000   0.0000
    9.10    2.07300000   2.0730   1.4542   3.8238   3.5830   0.0000   0.0000
    9.10    2.07400000   2.0740   1.4561   3.8239   3.5810   0.0000   0.0000
    9.10    2.07500000   2.0750   1.4581   3.8239   3.5800   0.0000   0.0000
    9.10    2.07600000   2.0760   1.4600   3.8239   3.5780   0.0000   0.0000
    9.10    2.07700000   2.0770   1.4622   3.8240   3.5770   0.0000   0.0000
    9.10    2.07800000   2.0780   1.4645   3.8242   3.5760   0.0000   0.0000
    9.10    2.07900000   2.0790   1.4669   3.8245   3.5750   0.0000   0.0000
    9.10    2.08000000   2.0800   1.4696   3.8249   3.5740   0.0000   0.0000
    9.10    2.08100000   2.0810   1.4725   3.8253   3.5730   0.0000   0.0000
    9.10    2.08200000   2.0820   1.4757   3.8259   3.5730   0.0000   0.0000
    9.10    2.08400000   2.0840   1.4793   3.8268   3.5730   0.0000   0.0000
    9.10    2.08500000   2.0850   1.4835   3.8279   3.5740   0.0000   0.0000
    9.10    2.08600000   2.0860   1.4885   3.8295   3.5760   0.0000   0.0000
    9.10    2.08700000   2.0870   1.4944   3.8316   3.5790   0.0000   0.0000
    9.10    2.08800000   2.0880   1.5023   3.8349   3.5860   0.0000   0.0000
    9.10    2.08900000   2.0890   1.5135   3.8399   3.5960   0.0000   0.0000
    9.10    2.09000000   2.0900   1.5340   3.8491   3.6140   0.0000   0.0000
    9.10    2.09100000   2.0910   1.5884   3.8719   3.6540   0.0000   0.0000
    9.10    2.09200000   2.0920   1.5979   3.8512   3.5580   0.0000   0.0000
    9.10    2.09300000   2.0930   1.6036   3.8459   3.5300   0.0000   0.0000
    9.10    2.09400000   2.0940   1.6067   3.8426   3.5130   0.0000   0.0000
    9.10    2.09500000   2.0950   1.6100   3.8395   3.4960   0.0000   0.0000
    9.10    2.09600000   2.0960   1.6128   3.8357   3.4780   0.0000   0.0000
    9.10    2.09700000   2.0970   1.6152   3.8322   3.4610   0.0000   0.0000
    9.10    2.09800000   2.0980   1.6173   3.8278   3.4400   0.0000   0.0000
    9.10    2.09900000   2.0990   1.6189   3.8237   3.4210   0.0000   0.0000
    9.10    2.10000000   2.1000   1.6198   3.8177   3.3960   0.0000   0.0000
    9.10    2.10100000   2.1010   1.6197   3.8117   3.3700   0.0000   0.0000
    9.10    2.10200000   2.1020   1.6184   3.8050   3.3430   0.0000   0.0000
    9.10    2.10300000   2.1030   1.6152   3.7975   3.3140   0.0000   0.0000
    9.10    2.10400000   2.1040   1.6090   3.7877   3.2780   0.0000   0.0000
    9.10    2.10500000   2.1050   1.5980   3.7772   3.2440   0.0000   0.0000
    9.10    2.10600000   2.1060   1.5787   3.7648   3.2100   0.0000   0.0000
    9.10    2.10700000   2.1070   1.5454   3.7498   3.1790   0.0000   0.0000
    9.10    2.10800000   2.1080   1.4895   3.7341   3.1690   0.0000   0.0000
    9.10    2.10900000   2.1090   1.4088   3.7186   3.1840   0.0000   0.0000
    9.10    2.11000000   2.1100   1.3439   3.7042   3.1900   0.0000   0.0000
    9.10    2.11100000   2.1110   1.3604   3.6936   3.1310   0.0000   0.0000
    9.10    2.11300000   2.1120   1.4136   3.6860   3.0470   0.0000   0.0000
    9.10    2.11400000   2.1130   1.4855   3.6802   2.9520   0.0000   0.0000
    9.10    2.11500000   2.1140   1.5633   3.6750   2.8530   0.0000   0.0000
    9.10    2.11600000   2.1150   1.6395   3.6699   2.7570   0.0000   0.0000
    9.10    2.11700000   2.1160   1.7091   3.6658   2.6710   0.0000   0.0000
    9.10    2.11800000   2.1170   1.7826   3.6610   2.5790   0.0000   0.0000
    9.10    2.11900000   2.1180   1.8758   3.6547   2.4600   0.0000   0.0000
    9.10    2.12000000   2.1190   1.9644   3.6487   2.3480   0.0000   0.0000
    9.10    2.12100000   2.1200   2.0487   3.6431   2.2410   0.0000   0.0000
    9.10    2.12200000   2.1200   2.0878   3.6407   2.1930   0.0000   0.0000
    9.10    2.12300000   2.1210   2.0322   3.6444   2.2630   0.0000   0.0000
    9.10    2.12400000   2.1210   2.0256   3.6448   2.2720   0.0000   0.0000
    9.10    2.12500000   2.1220   2.0964   3.6399   2.1810   0.0000   0.0000
    9.10    2.12600000   2.1220   2.1805   3.6337   2.0720   0.0000   0.0000
    9.10    2.12700000   2.1220   2.2733   3.6257   1.9470   0.0000   0.0000
    9.10    2.12800000   2.1220   2.3789   3.6175   1.8090   0.0000   0.0000
    9.10    2.12900000   2.1200   2.4964   3.6089   1.6570   0.0000   0.0000
    9.10    2.13000000   2.1160   2.6490   3.5966   1.4540   0.0000   0.0000
    9.10    2.13100000   2.1050   2.8492   3.5773   1.1740   0.0000   0.0000
    9.10    2.13200000   2.0950   2.8631   3.5752   1.1500   0.0000   0.0000
    9.10    2.13300000   2.0960   2.7735   3.5821   1.2670   0.0000   0.0000
    9.10    2.13500000   2.0970   2.7413   3.5850   1.3120   0.0000   0.0000
    9.10    2.13600000   2.0980   2.7345   3.5858   1.3210   0.0000   0.0000
    9.10    2.13700000   2.0990   2.7321   3.5860   1.3250   0.0000   0.0000
    9.10    2.13800000   2.1000   2.7296   3.5862   1.3290   0.0000   0.0000
    9.10    2.13900000   2.1010   2.7279   3.5865   1.3320   0.0000   0.0000
    9.10    2.14000000   2.1020   2.7255   3.5870   1.3360   0.0000   0.0000
    9.10    2.14100000   2.1040   2.7235   3.5873   1.3400   0.0000   0.0000
    9.10    2.14200000   2.1050   2.7212   3.5876   1.3430   0.0000   0.0000
    9.10    2.14300000   2.1060   2.7190   3.5878   1.3470   0.0000   0.0000
    9.10    2.14400000   2.1070   2.7169   3.5880   1.3500   0.0000   0.0000
    9.10    2.14500000   2.1080   2.7148   3.5884   1.3540   0.0000   0.0000
    9.10    2.14600000   2.1090   2.7126   3.5887   1.3570   0.0000   0.0000
    9.10    2.14700000   2.1100   2.7106   3.5889   1.3610   0.0000   0.0000
    9.10    2.14800000   2.1110   2.7087   3.5893   1.3640   0.0000   0.0000
    9.10    2.14900000   2.1120   2.7066   3.5896   1.3680   0.0000   0.0000
    9.10    2.15000000   2.1130   2.7045   3.5898   1.3710   0.0000   0.0000
    9.10    2.15100000   2.1150   2.7027   3.5901   1.3740   0.0000   0.0000
    9.10    2.15300000   2.1160   2.7007   3.5904   1.3780   0.0000   0.0000
    9.10    2.19100000   2.1550   2.6534   3.5971   1.4600   0.0000   0.0000
# log(age) Mini Mact logl logt logg Composition Phase
    9.15    0.80000000   0.8000  -0.6541   3.6692   4.6250   0.0000   0.0000
    9.15    0.90100000   0.9010  -0.4037   3.7078   4.5810   0.0000   0.0000
    9.15    1.01400000   1.0140  -0.1452   3.7434   4.5160   0.0000   0.0000
    9.15    1.14200000   1.1420   0.1110   3.7733   4.4310   0.0000   0.0000
    9.15    1.28500000   1.2850   0.3545   3.7966   4.3320   0.0000   0.0000
    9.15    1.44700000   1.4470   0.6170   3.8201   4.2150   0.0000   0.0000
    9.15    1.62900000   1.6290   0.8838   3.8389   4.0870   0.0000   0.0000
    9.15    1.83400000   1.8340   1.1681   3.8462   3.9040   0.0000   0.0000
    9.15    1.99100000   1.9910   1.3748   3.8123   3.5980   0.0000   0.0000
    9.15    1.99200000   1.9920   1.3765   3.8122   3.5960   0.0000   0.0000
    9.15    1.99300000   1.9930   1.3782   3.8120   3.5940   0.0000   0.0000
    9.15    1.99400000   1.9940   1.3800   3.8119   3.5920   0.0000   0.0000
    9.15    1.99500000   1.9950   1.3819   3.8118   3.5900   0.0000   0.0000
    9.15    1.99600000   1.9960   1.3839   3.8117   3.5880   0.0000   0.0000
    9.15    1.99700000   1.9970   1.3858   3.8116   3.5860   0.0000   0.0000
    9.15    1.99800000   1.9980   1.3880   3.8117   3.5840   0.0000   0.0000
    9.15    1.99900000   1.9990   1.3903   3.8118   3.5830   0.0000   0.0000
    9.15    2.00000000   2.0000   1.3928   3.8120   3.5810   0.0000   0.0000
    9.15    2.00100000   2.0010   1.3954   3.8123   3.5800   0.0000   0.0000
    9.15    2.00200000   2.0020   1.3983   3.8127   3.5800   0.0000   0.0000
    9.15    2.00300000   2.0030   1.4015   3.8133   3.5790   0.0000   0.0000
    9.15    2.00400000   2.0040   1.4050   3.8140   3.5790   0.0000   0.0000
    9.15    2.00500000   2.0050   1.4092   3.8151   3.5800   0.0000   0.0000
    9.15    2.00600000   2.0060   1.4141   3.8166   3.5820   0.0000   0.0000
    9.15    2.00700000   2.0070   1.4200   3.8186   3.5850   0.0000   0.0000
    9.15    2.00800000   2.0080   1.4276   3.8217   3.5900   0.0000   0.0000
    9.15    2.00900000   2.0090   1.4381   3.8261   3.5990   0.0000   0.0000
    9.15    2.01000000   2.0100   1.4566   3.8343   3.6150   0.0000   0.0000
    9.15    2.01100000   2.0110   1.5048   3.8545   3.6510   0.0000   0.0000
    9.15    2.01200000   2.0120   1.5234   3.8401   3.5720   0.0000   0.0000
    9.15    2.01300000   2.0130   1.5301   3.8340   3.5390   0.0000   0.0000
    9.15    2.01400000   2.0140   1.5332   3.8312   3.5240   0.0000   0.0000
    9.15    2.01500000   2.0150   1.5362   3.8283   3.5090   0.0000   0.0000
    9.15    2.01600000   2.0160   1.5391   3.8247   3.4910   0.0000   0.0000
    9.15    2.01700000   2.0170   1.5416   3.8213   3.4740   0.0000   0.0000
    9.15    2.01800000   2.0180   1.5437   3.8176   3.4570   0.0000   0.0000
    9.15    2.01900000   2.0190   1.5454   3.8131   3.4360   0.0000   0.0000
    9.15    2.02000000   2.0200   1.5466   3.8088   3.4170   0.0000   0.0000
    9.15    2.02100000   2.0210   1.5470   3.8027   3.3910   0.0000   0.0000
    9.15    2.02200000   2.0220   1.5464   3.7975   3.3690   0.0000   0.0000
    9.15    2.02300000   2.0230   1.5442   3.7908   3.3420   0.0000   0.0000
    9.15    2.02400000   2.0240   1.5401   3.7839   3.3160   0.0000   0.0000
    9.15    2.02500000   2.0250   1.5325   3.7755   3.2870   0.0000   0.0000
    9.15    2.02600000   2.0260   1.5196   3.7663   3.2600   0.0000   0.0000
    9.15    2.02700000   2.0270   1.4977   3.7558   3.2360   0.0000   0.0000
    9.15    2.02800000   2.0280   1.4611   3.7437   3.2210   0.0000   0.0000
    9.15    2.02900000   2.0290   1.4026   3.7301   3.2220   0.0000   0.0000
    9.15    2.03000000   2.0300   1.3269   3.7167   3.2410   0.0000   0.0000
    9.15    2.03100000   2.0310   1.2762   3.7038   3.2400   0.0000   0.0000
    9.15    2.03200000   2.0320   1.2974   3.6944   3.1800   0.0000   0.0000
    9.15    2.03300000   2.0330   1.3462   3.6871   3.1020   0.0000   0.0000
    9.15    2.03400000   2.0340   1.4136   3.6815   3.0120   0.0000   0.0000
    9.15    2.03500000   2.0350   1.4890   3.6769   2.9190   0.0000   0.0000
    9.15    2.03600000   2.0360   1.5645   3.6719   2.8230   0.0000   0.0000
    9.15    2.03700000   2.0360   1.6353   3.6677   2.7360   0.0000   0.0000
    9.15    2.03800000   2.0370   1.6986   3.6641   2.6580   0.0000   0.0000
    9.15    2.03900000   2.0380   1.7707   3.6597   2.5680   0.0000   0.0000
    9.15    2.04000000   2.0390   1.8613   3.6534   2.4530   0.0000   0.0000
    9.15    2.04100000   2.0400   1.9468   3.6475   2.3440   0.0000   0.0000
    9.15    2.04200000   2.0400   2.0309   3.6416   2.2360   0.0000   0.0000
    9.15    2.04300000   2.0410   2.1026   3.6371   2.1470   0.0000   0.0000
    9.15    2.04400000   2.0410   2.0694   3.6395   2.1900   0.0000   0.0000
    9.15    2.04500000   2.0420   2.0109   3.6437   2.2650   0.0000   0.0000
    9.15    2.04600000   2.0420   2.0091   3.6438   2.2670   0.0000   0.0000
    9.15    2.04700000   2.0430   2.0749   3.6391   2.1830   0.0000   0.0000
    9.15    2.04800000   2.0430   2.1547   3.6336   2.0810   0.0000   0.0000
    9.15    2.04900000   2.0440   2.2386   3.6257   1.9660   0.0000   0.0000
    9.15    2.05000000   2.0430   2.3415   3.6179   1.8310   0.0000   0.0000
    9.15    2.05100000   2.0420   2.4447   3.6101   1.6970   0.0000   0.0000
    9.15    2.05200000   2.0400   2.5743   3.6011   1.5310   0.0000   0.0000
    9.15    2.05300000   2.0350   2.7373   3.5870   1.3110   0.0000   0.0000
    9.15    2.05400000   2.0220   2.9498   3.5664   1.0130   0.0000   0.0000
    9.15    2.05500000   2.0110   3.0193   3.5595   0.9130   0.0000   0.0000
    9.15    2.05600000   2.0120   2.9899   3.5620   0.9530   0.0000   0.0000
    9.15    2.05700000   2.0130   2.9875   3.5623   0.9560   0.0000   0.0000
    9.15    2.05800000   2.0140   2.9854   3.5626   0.9600   0.0000   0.0000
    9.15    2.05900000   2.0150   2.9833   3.5629   0.9630   0.0000   0.0000
    9.15    2.06000000   2.0160   2.9812   3.5632   0.9670   0.0000   0.0000
    9.15    2.06100000   2.0170   2.9791   3.5635   0.9710   0.0000   0.0000
    9.15    2.06200000   2.0180   2.9771   3.5637   0.9740   0.0000   0.0000
    9.15    2.06300000   2.0190   2.9752   3.5640   0.9770   0.0000   0.0000
    9.15    2.06400000   2.0200   2.9733   3.5643   0.9800   0.0000   0.0000
    9.15    2.06500000   2.0210   2.9714   3.5645   0.9830   0.0000   0.0000
    9.15    2.06600000   2.0220   2.9696   3.5648   0.9870   0.0000   0.0000
    9.15    2.06700000   2.0230   2.9678   3.5651   0.9900   0.0000   0.0000
    9.15    2.06800000   2.0240   2.9661   3.5654   0.9930   0.0000   0.0000
    9.15    2.06900000   2.0250   2.9643   3.5656   0.9960   0.0000   0.0000
    9.15    2.07000000   2.0260   2.9626   3.5659   0.9990   0.0000   0.0000
    9.15    2.07100000   2.0270   2.9609   3.5661   1.0020   0.0000   0.0000
    9.15    2.07200000   2.0280   2.9593   3.5663   1.0040   0.0000   0.0000
    9.15    2.07300000   2.0300   2.9578   3.5665   1.0070   0.0000   0.0000
    9.15    2.07400000   2.0310   2.9566   3.5666   1.0090   0.0000   0.0000
# log(age) Mini Mact logl logt logg Composition Phase
    9.20    0.80000000   0.8000  -0.6527   3.6693   4.6240   0.0000   0.0000
    9.20    0.90100000   0.9010  -0.4012   3.7080   4.5790   0.0000   0.0000
    9.20    1.01400000   1.0140  -0.1411   3.7437   4.5130   0.0000   0.0000
    9.20    1.14200000   1.1420   0.1176   3.7735   4.4250   0.0000   0.0000
    9.20    1.28500000   1.2850   0.3634   3.7964   4.3220   0.0000   0.0000
    9.20    1.44700000   1.4470   0.6273   3.8182   4.1970   0.0000   0.0000
    9.20    1.62900000   1.6290   0.8999   3.8328   4.0470   0.0000   0.0000
    9.20    1.83400000   1.8340   1.1914   3.8284   3.8090   0.0000   0.0000
    9.20    1.91800000   1.9180   1.3036   3.8063   3.6260   0.0000   0.0000
    9.20    1.91900000   1.9190   1.3054   3.8061   3.6240   0.0000   0.0000
    9.20    1.92000000   1.9200   1.3071   3.8060   3.6220   0.0000   0.0000
    9.20    1.92000000   1.9200   1.3089   3.8059   3.6200   0.0000   0.0000
    9.20    1.92100000   1.9210   1.3109   3.8058   3.6180   0.0000   0.0000
    9.20    1.92200000   1.9220   1.3128   3.8058   3.6160   0.0000   0.0000
    9.20    1.92300000   1.9230   1.3148   3.8057   3.6150   0.0000   0.0000
    9.20    1.92400000   1.9240   1.3170   3.8058   3.6130   0.0000   0.0000
    9.20    1.92500000   1.9250   1.3194   3.8059   3.6110   0.0000   0.0000
    9.20    1.92600000   1.9260   1.3220   3.8061   3.6100   0.0000   0.0000
    9.20    1.92700000   1.9270   1.3248   3.8063   3.6090   0.0000   0.0000
    9.20    1.92800000   1.9280   1.3279   3.8067   3.6070   0.0000   0.0000
    9.20    1.92900000   1.9290   1.3315   3.8072   3.6070   0.0000   0.0000
    9.20    1.93000000   1.9300   1.3355   3.8080   3.6060   0.0000   0.0000
    9.20    1.93100000   1.9310   1.3402   3.8091   3.6070   0.0000   0.0000
    9.20    1.93200000   1.9320   1.3459   3.8107   3.6080   0.0000   0.0000
    9.20    1.93300000   1.9330   1.3532   3.8130   3.6110   0.0000   0.0000
    9.20    1.93400000   1.9340   1.3634   3.8167   3.6170   0.0000   0.0000
    9.20    1.93500000   1.9350   1.3797   3.8231   3.6290   0.0000   0.0000
    9.20    1.93600000   1.9360   1.4170   3.8376   3.6530   0.0000   0.0000
    9.20    1.93700000   1.9370   1.4458   3.8332   3.6050   0.0000   0.0000
    9.20    1.93800000   1.9380   1.4579   3.8259   3.5610   0.0000   0.0000
    9.20    1.93900000   1.9390   1.4610   3.8231   3.5460   0.0000   0.0000
    9.20    1.94000000   1.9400   1.4638   3.8204   3.5320   0.0000   0.0000
    9.20    1.94000000   1.9400   1.4669   3.8180   3.5190   0.0000   0.0000
    9.20    1.94100000   1.9410   1.4695   3.8150   3.5030   0.0000   0.0000
    9.20    1.94200000   1.9420   1.4717   3.8122   3.4890   0.0000   0.0000
    9.20    1.94300000   1.9430   1.4738   3.8088   3.4730   0.0000   0.0000
    9.20    1.94400000   1.9440   1.4754   3.8050   3.4550   0.0000   0.0000
    9.20    1.94500000   1.9450   1.4765   3.8010   3.4370   0.0000   0.0000
    9.20    1.94600000   1.9460   1.4769   3.7957   3.4140   0.0000   0.0000
    9.20    1.94700000   1.9470   1.4763   3.7912   3.3950   0.0000   0.0000
    9.20    1.94800000   1.9480   1.4745   3.7854   3.3720   0.0000   0.0000
    9.20    1.94900000   1.9490   1.4708   3.7797   3.3500   0.0000   0.0000
    9.20    1.95000000   1.9500   1.4646   3.7720   3.3240   0.0000   0.0000
    9.20    1.95100000   1.9510   1.4541   3.7647   3.3020   0.0000   0.0000
    9.20    1.95200000   1.9520   1.4364   3.7566   3.2850   0.0000   0.0000
    9.20    1.95300000   1.9530   1.4074   3.7462   3.2690   0.0000   0.0000
    9.20    1.95400000   1.9540   1.3609   3.7350   3.2680   0.0000   0.0000
    9.20    1.95500000   1.9550   1.2945   3.7220   3.2800   0.0000   0.0000
    9.20    1.95600000   1.9560   1.2334   3.7102   3.2920   0.0000   0.0000
    9.20    1.95700000   1.9570   1.2190   3.6994   3.2630   0.0000   0.0000
    9.20    1.95800000   1.9580   1.2542   3.6913   3.1950   0.0000   0.0000
    9.20    1.95900000   1.9590   1.3147   3.6852   3.1100   0.0000   0.0000
    9.20    1.96000000   1.9600   1.3852   3.6802   3.0190   0.0000   0.0000
    9.20    1.96100000   1.9600   1.4600   3.6756   2.9260   0.0000   0.0000
    9.20    1.96200000   1.9610   1.5348   3.6710   2.8330   0.0000   0.0000
    9.20    1.96300000   1.9620   1.6039   3.6671   2.7480   0.0000   0.0000
    9.20    1.96400000   1.9630   1.6642   3.6638   2.6750   0.0000   0.0000
    9.20    1.96500000   1.9640   1.7426   3.6588   2.5770   0.0000   0.0000
    9.20    1.96600000   1.9650   1.8316   3.6528   2.4640   0.0000   0.0000
    9.20    1.96700000   1.9650   1.9182   3.6469   2.3540   0.0000   0.0000
    9.20    1.96700000   1.9660   2.0031   3.6409   2.2450   0.0000   0.0000
    9.20    1.96800000   1.9660   2.0758   3.6364   2.1550   0.0000   0.0000
    9.20    1.96900000   1.9670   2.0486   3.6386   2.1910   0.0000   0.0000
    9.20    1.97000000   1.9670   1.9906   3.6428   2.2650   0.0000   0.0000
    9.20    1.97100000   1.9680   1.9706   3.6442   2.2910   0.0000   0.0000
    9.20    1.97200000   1.9680   2.0230   3.6403   2.2240   0.0000   0.0000
    9.20    1.97300000   1.9690   2.1016   3.6352   2.1250   0.0000   0.0000
    9.20    1.97400000   1.9690   2.1860   3.6276   2.0100   0.0000   0.0000
    9.20    1.97500000   1.9690   2.2847   3.6197   1.8790   0.0000   0.0000
    9.20    1.97600000   1.9680   2.3905   3.6118   1.7420   0.0000   0.0000
    9.20    1.97700000   1.9670   2.5097   3.6033   1.5880   0.0000   0.0000
    9.20    1.97800000   1.9630   2.6588   3.5924   1.3950   0.0000   0.0000
    9.20    1.97900000   1.9570   2.8415   3.5753   1.1420   0.0000   0.0000
    9.20    1.98000000   1.9380   3.0971   3.5504   0.7830   0.0000   0.0000
# log(age) Mini Mact logl logt logg Composition Phase
    9.25    0.80000000   0.8000  -0.6511   3.6694   4.6230   0.0000   0.0000
    9.25    0.90100000   0.9010  -0.3984   3.7083   4.5770   0.0000   0.0000
    9.25    1.01400000   1.0140  -0.1363   3.7440   4.5090   0.0000   0.0000
    9.25    1.14200000   1.1420   0.1250   3.7738   4.4190   0.0000   0.0000
    9.25    1.28500000   1.2850   0.3732   3.7961   4.3110   0.0000   0.0000
    9.25    1.44700000   1.4470   0.6386   3.8158   4.1760   0.0000   0.0000
    9.25    1.62900000   1.6290   0.9179   3.8248   3.9970   0.0000   0.0000
    9.25    1.83400000   1.8340   1.2126   3.8031   3.6830   0.0000   0.0000
    9.25    1.84600000   1.8460   1.2308   3.8004   3.6570   0.0000   0.0000
    9.25    1.84700000   1.8470   1.2324   3.8002   3.6550   0.0000   0.0000
    9.25    1.84800000   1.8480   1.2342   3.8001   3.6530   0.0000   0.0000
    9.25    1.84900000   1.8490   1.2360   3.8000   3.6510   0.0000   0.0000
    9.25    1.85000000   1.8500   1.2378   3.7999   3.6490   0.0000   0.0000
    9.25    1.85100000   1.8510   1.2398   3.7999   3.6470   0.0000   0.0000
    9.25    1.85200000   1.8520   1.2418   3.7998   3.6450   0.0000   0.0000
    9.25    1.85200000   1.8520   1.2439   3.7998   3.6430   0.0000   0.0000
    9.25    1.85300000   1.8530   1.2461   3.7999   3.6420   0.0000   0.0000
    9.25    1.85400000   1.8540   1.2486   3.8000   3.6400   0.0000   0.0000
    9.25    1.85500000   1.8550   1.2513   3.8002   3.6380   0.0000   0.0000
    9.25    1.85600000   1.8560   1.2542   3.8004   3.6370   0.0000   0.0000
    9.25    1.85700000   1.8570   1.2575   3.8008   3.6360   0.0000   0.0000
    9.25    1.85800000   1.8580   1.2614   3.8014   3.6350   0.0000   0.0000
    9.25    1.85900000   1.8590   1.2657   3.8021   3.6340   0.0000   0.0000
    9.25    1.86000000   1.8600   1.2709   3.8033   3.6340   0.0000   0.0000
    9.25    1.86100000   1.8610   1.2774   3.8049   3.6350   0.0000   0.0000
    9.25    1.86200000   1.8620   1.2858   3.8075   3.6380   0.0000   0.0000
    9.25    1.86300000   1.8630   1.2983   3.8114   3.6440   0.0000   0.0000
    9.25    1.86300000   1.8630   1.3216   3.8193   3.6550   0.0000   0.0000
    9.25    1.86400000   1.8640   1.3783   3.8367   3.6730   0.0000   0.0000
    9.25    1.86500000   1.8650   1.3834   3.8199   3.5950   0.0000   0.0000
    9.25    1.86600000   1.8660   1.3881   3.8161   3.5740   0.0000   0.0000
    9.25    1.86700000   1.8670   1.3910   3.8140   3.5620   0.0000   0.0000
    9.25    1.86800000   1.8680   1.3936   3.8120   3.5510   0.0000   0.0000
    9.25    1.86900000   1.8690   1.3964   3.8103   3.5400   0.0000   0.0000
    9.25    1.87000000   1.8700   1.3989   3.8081   3.5280   0.0000   0.0000
    9.25    1.87100000   1.8710   1.4012   3.8059   3.5160   0.0000   0.0000
    9.25    1.87200000   1.8720   1.4032   3.8035   3.5040   0.0000   0.0000
    9.25    1.87300000   1.8730   1.4051   3.8007   3.4900   0.0000   0.0000
    9.25    1.87400000   1.8730   1.4066   3.7980   3.4770   0.0000   0.0000
    9.25    1.87500000   1.8740   1.4075   3.7942   3.4600   0.0000   0.0000
    9.25    1.87500000   1.8750   1.4078   3.7900   3.4420   0.0000   0.0000
    9.25    1.87600000   1.8760   1.4074   3.7864   3.4260   0.0000   0.0000
    9.25    1.87700000   1.8770   1.4060   3.7819   3.4080   0.0000   0.0000
    9.25    1.87800000   1.8780   1.4032   3.7775   3.3910   0.0000   0.0000
    9.25    1.87900000   1.8790   1.3986   3.7714   3.3700   0.0000   0.0000
    9.25    1.88000000   1.8800   1.3914   3.7658   3.3530   0.0000   0.0000
    9.25    1.88100000   1.8810   1.3799   3.7594   3.3360   0.0000   0.0000
    9.25    1.88200000   1.8820   1.3620   3.7518   3.3220   0.0000   0.0000
    9.25    1.88300000   1.8830   1.3336   3.7432   3.3140   0.0000   0.0000
    9.25    1.88400000   1.8840   1.2909   3.7332   3.3140   0.0000   0.0000
    9.25    1.88500000   1.8840   1.2331   3.7217   3.3240   0.0000   0.0000
    9.25    1.88600000   1.8850   1.1802   3.7113   3.3340   0.0000   0.0000
    9.25    1.88700000   1.8860   1.1591   3.7018   3.3160   0.0000   0.0000
    9.25    1.88800000   1.8870   1.1860   3.6943   3.2590   0.0000   0.0000
    9.25    1.88800000   1.8880   1.2318   3.6881   3.1890   0.0000   0.0000
    9.25    1.88900000   1.8890   1.2915   3.6831   3.1090   0.0000   0.0000
    9.25    1.89000000   1.8900   1.3587   3.6789   3.0250   0.0000   0.0000
    9.25    1.89100000   1.8910   1.4277   3.6748   2.9400   0.0000   0.0000
    9.25    1.89200000   1.8920   1.4935   3.6710   2.8590   0.0000   0.0000
    9.25    1.89300000   1.8930   1.5545   3.6675   2.7840   0.0000   0.0000
    9.25    1.89400000   1.8930   1.6094   3.6646   2.7180   0.0000   0.0000
    9.25    1.89500000   1.8940   1.6890   3.6593   2.6170   0.0000   0.0000
    9.25    1.89600000   1.8950   1.7703   3.6542   2.5150   0.0000   0.0000
    9.25    1.89700000   1.8960   1.8512   3.6490   2.4140   0.0000   0.0000
    9.25    1.89800000   1.8960   1.9295   3.6435   2.3130   0.0000   0.0000
    9.25    1.89900000   1.8970   1.9998   3.6390   2.2250   0.0000   0.0000
    9.25    1.90000000   1.8970   1.9843   3.6406   2.2470   0.0000   0.0000
    9.25    1.90100000   1.8970   1.9493   3.6432   2.2930   0.0000   0.0000
    9.25    1.90200000   1.8980   1.9296   3.6445   2.3180   0.0000   0.0000
    9.25    1.90300000   1.8990   1.9542   3.6427   2.2860   0.0000   0.0000
    9.25    1.90300000   1.8990   2.0264   3.6380   2.1950   0.0000   0.0000
    9.25    1.90400000   1.8990   2.1065   3.6313   2.0890   0.0000   0.0000
    9.25    1.90500000   1.8990   2.1988   3.6239   1.9660   0.0000   0.0000
    9.25    1.90600000   1.8980   2.3014   3.6164   1.8340   0.0000   0.0000
    9.25    1.90700000   1.8970   2.4159   3.6082   1.6860   0.0000   0.0000
    9.25    1.90800000   1.8950   2.5538   3.5981   1.5070   0.0000   0.0000
    9.25    1.90900000   1.8900   2.7258   3.5827   1.2730   0.0000   0.0000
    9.25    1.91000000   1.8750   2.9651   3.5605   0.9410   0.0000   0.0000
# log(age) Mini Mact logl logt logg Composition Phase
    9.30    0.80000000   0.8000  -0.6492   3.6696   4.6220   0.0000   0.0000
    9.30    0.90100000   0.9010  -0.3952   3.7086   4.5750   0.0000   0.0000
    9.30    1.01400000   1.0140  -0.1309   3.7443   4.5050   0.0000   0.0000
    9.30    1.14200000   1.1420   0.1336   3.7741   4.4110   0.0000   0.0000
    9.30    1.28500000   1.2850   0.3841   3.7956   4.2980   0.0000   0.0000
    9.30    1.44700000   1.4470   0.6508   3.8125   4.1510   0.0000   0.0000
    9.30    1.62900000   1.6290   0.9367   3.8142   3.9360   0.0000   0.0000
    9.30    1.77800000   1.7780   1.1597   3.7943   3.6850   0.0000   0.0000
    9.30    1.77900000   1.7790   1.1612   3.7941   3.6830   0.0000   0.0000
    9.30    1.78000000   1.7800   1.1631   3.7941   3.6810   0.0000   0.0000
    9.30    1.78100000   1.7810   1.1649   3.7940   3.6790   0.0000   0.0000
    9.30    1.78200000   1.7820   1.1667   3.7939   3.6770   0.0000   0.0000
    9.30    1.78200000   1.7820   1.1687   3.7939   3.6760   0.0000   0.0000
    9.30    1.78300000   1.7830   1.1708   3.7939   3.6740   0.0000   0.0000
    9.30    1.78400000   1.7840   1.1729   3.7939   3.6720   0.0000   0.0000
    9.30    1.78500000   1.7850   1.1751   3.7940   3.6700   0.0000   0.0000
    9.30    1.78600000   1.7860   1.1777   3.7941   3.6690   0.0000   0.0000
    9.30    1.78700000   1.7870   1.1806   3.7943   3.6670   0.0000   0.0000
    9.30    1.78800000   1.7880   1.1837   3.7945   3.6650   0.0000   0.0000
    9.30    1.78900000   1.7890   1.1872   3.7949   3.6640   0.0000   0.0000
    9.30    1.78900000   1.7890   1.1913   3.7955   3.6630   0.0000   0.0000
    9.30    1.79000000   1.7900   1.1960   3.7962   3.6620   0.0000   0.0000
    9.30    1.79100000   1.7910   1.2018   3.7974   3.6620   0.0000   0.0000
    9.30    1.79200000   1.7920   1.2092   3.7991   3.6620   0.0000   0.0000
    9.30    1.79300000   1.7930   1.2194   3.8018   3.6640   0.0000   0.0000
    9.30    1.79400000   1.7940   1.2358   3.8064   3.6690   0.0000   0.0000
    9.30    1.79500000   1.7950   1.2725   3.8170   3.6800   0.0000   0.0000
    9.30    1.79600000   1.7960   1.3032   3.8150   3.6390   0.0000   0.0000
    9.30    1.79700000   1.7970   1.3149   3.8091   3.6020   0.0000   0.0000
    9.30    1.79700000   1.7970   1.3181   3.8069   3.5890   0.0000   0.0000
    9.30    1.79800000   1.7980   1.3209   3.8051   3.5780   0.0000   0.0000
    9.30    1.79900000   1.7990   1.3233   3.8037   3.5690   0.0000   0.0000
    9.30    1.80000000   1.8000   1.3260   3.8025   3.5610   0.0000   0.0000
    9.30    1.80100000   1.8010   1.3284   3.8010   3.5510   0.0000   0.0000
    9.30    1.80200000   1.8020   1.3306   3.7992   3.5420   0.0000   0.0000
    9.30    1.80300000   1.8030   1.3327   3.7975   3.5320   0.0000   0.0000
    9.30    1.80400000   1.8040   1.3347   3.7955   3.5210   0.0000   0.0000
    9.30    1.80500000   1.8040   1.3364   3.7932   3.5100   0.0000   0.0000
    9.30    1.80500000   1.8050   1.3377   3.7910   3.4980   0.0000   0.0000
    9.30    1.80600000   1.8060   1.3385   3.7879   3.4840   0.0000   0.0000
    9.30    1.80700000   1.8070   1.3387   3.7846   3.4700   0.0000   0.0000
    9.30    1.80800000   1.8080   1.3384   3.7816   3.4570   0.0000   0.0000
    9.30    1.80900000   1.8090   1.3374   3.7781   3.4430   0.0000   0.0000
    9.30    1.81000000   1.8100   1.3352   3.7746   3.4300   0.0000   0.0000
    9.30    1.81100000   1.8110   1.3315   3.7700   3.4140   0.0000   0.0000
    9.30    1.81200000   1.8110   1.3265   3.7655   3.3990   0.0000   0.0000
    9.30    1.81300000   1.8120   1.3188   3.7604   3.3850   0.0000   0.0000
    9.30    1.81400000   1.8130   1.3067   3.7551   3.3750   0.0000   0.0000
    9.30    1.81400000   1.8140   1.2887   3.7481   3.3630   0.0000   0.0000
    9.30    1.81500000   1.8150   1.2617   3.7410   3.3600   0.0000   0.0000
    9.30    1.81600000   1.8160   1.2221   3.7318   3.3610   0.0000   0.0000
    9.30    1.81700000   1.8170   1.1718   3.7215   3.3680   0.0000   0.0000
    9.30    1.81800000   1.8180   1.1261   3.7122   3.3750   0.0000   0.0000
    9.30    1.81900000   1.8180   1.1044   3.7040   3.3640   0.0000   0.0000
    9.30    1.82000000   1.8190   1.1204   3.6969   3.3190   0.0000   0.0000
    9.30    1.82100000   1.8200   1.1531   3.6907   3.2620   0.0000   0.0000
    9.30    1.82200000   1.8210   1.2040   3.6859   3.1920   0.0000   0.0000
    9.30    1.82200000   1.8220   1.2635   3.6819   3.1160   0.0000   0.0000
    9.30    1.82300000   1.8230   1.3255   3.6782   3.0390   0.0000   0.0000
    9.30    1.82400000   1.8240   1.3884   3.6746   2.9630   0.0000   0.0000
    9.30    1.82500000   1.8240   1.4473   3.6712   2.8900   0.0000   0.0000
    9.30    1.82600000   1.8250   1.5001   3.6682   2.8260   0.0000   0.0000
    9.30    1.82700000   1.8260   1.5586   3.6648   2.7530   0.0000   0.0000
    9.30    1.82800000   1.8270   1.6288   3.6602   2.6650   0.0000   0.0000
    9.30    1.82900000   1.8280   1.7062   3.6561   2.5710   0.0000   0.0000
    9.30    1.83000000   1.8280   1.7816   3.6512   2.4760   0.0000   0.0000
    9.30    1.83100000   1.8290   1.8544   3.6461   2.3830   0.0000   0.0000
    9.30    1.83200000   1.8290   1.9234   3.6416   2.2960   0.0000   0.0000
    9.30    1.83200000   1.8300   1.9263   3.6422   2.2960   0.0000   0.0000
    9.30    1.83300000   1.8300   1.9088   3.6435   2.3190   0.0000   0.0000
    9.30    1.83400000   1.8310   1.8888   3.6447   2.3440   0.0000   0.0000
    9.30    1.83500000   1.8310   1.8888   3.6449   2.3450   0.0000   0.0000
    9.30    1.83600000   1.8320   1.9525   3.6407   2.2640   0.0000   0.0000
    9.30    1.83700000   1.8320   2.0277   3.6348   2.1660   0.0000   0.0000
    9.30    1.83800000   1.8320   2.1137   3.6280   2.0520   0.0000   0.0000
    9.30    1.83900000   1.8320   2.2126   3.6209   1.9250   0.0000   0.0000
    9.30    1.84000000   1.8310   2.3219   3.6131   1.7840   0.0000   0.0000
    9.30    1.84100000   1.8290   2.4497   3.6036   1.6180   0.0000   0.0000
    9.30    1.84100000   1.8250   2.6119   3.5899   1.4000   0.0000   0.0000
    9.30    1.84200000   1.8140   2.8357   3.5700   1.0940   0.0000   0.0000
    9.30    1.84300000   1.7760   3.1742   3.5381   0.6190   0.0000   0.0000
# log(age) Mini Mact logl logt logg Composition Phase
    9.35    0.80000000   0.8000  -0.6471   3.6697   4.6200   0.0000   0.0000
    9.35    0.90100000   0.9010  -0.3916   3.7089   4.5730   0.0000   0.0000
    9.35    1.01400000   1.0140  -0.1247   3.7448   4.5010   0.0000   0.0000
    9.35    1.14200000   1.1420   0.1433   3.7744   4.4030   0.0000   0.0000
    9.35    1.28500000   1.2850   0.3959   3.7949   4.2840   0.0000   0.0000
    9.35    1.44700000   1.4470   0.6638   3.8079   4.1190   0.0000   0.0000
    9.35    1.62900000   1.6290   0.9546   3.7999   3.8600   0.0000   0.0000
    9.35    1.71200000   1.7120   1.0869   3.7882   3.7150   0.0000   0.0000
    9.35    1.71300000   1.7130   1.0885   3.7881   3.7130   0.0000   0.0000
    9.35    1.71300000   1.7130   1.0901   3.7881   3.7120   0.0000   0.0000
    9.35    1.71400000   1.7140   1.0919   3.7880   3.7100   0.0000   0.0000
    9.35    1.71500000   1.7150   1.0937   3.7880   3.7080   0.0000   0.0000
    9.35    1.71600000   1.7160   1.0956   3.7879   3.7060   0.0000   0.0000
    9.35    1.71700000   1.7170   1.0976   3.7879   3.7040   0.0000   0.0000
    9.35    1.71800000   1.7180   1.0998   3.7880   3.7030   0.0000   0.0000
    9.35    1.71800000   1.7180   1.1019   3.7880   3.7010   0.0000   0.0000
    9.35    1.71900000   1.7190   1.1041   3.7881   3.6990   0.0000   0.0000
    9.35    1.72000000   1.7200   1.1069   3.7882   3.6980   0.0000   0.0000
    9.35    1.72100000   1.7210   1.1098   3.7884   3.6960   0.0000   0.0000
    9.35    1.72200000   1.7220   1.1132   3.7887   3.6940   0.0000   0.0000
    9.35    1.72300000   1.7230   1.1169   3.7890   3.6930   0.0000   0.0000
    9.35    1.72400000   1.7240   1.1213   3.7896   3.6910   0.0000   0.0000
    9.35    1.72400000   1.7240   1.1266   3.7904   3.6900   0.0000   0.0000
    9.35    1.72500000   1.7250   1.1330   3.7915   3.6890   0.0000   0.0000
    9.35    1.72600000   1.7260   1.1417   3.7933   3.6890   0.0000   0.0000
    9.35    1.72700000   1.7270   1.1542   3.7961   3.6900   0.0000   0.0000
    9.35    1.72800000   1.7280   1.1774   3.8014   3.6910   0.0000   0.0000
    9.35    1.72900000   1.7290   1.2372   3.8157   3.6960   0.0000   0.0000
    9.35    1.73000000   1.7300   1.2409   3.8018   3.6300   0.0000   0.0000
    9.35    1.73000000   1.7300   1.2452   3.7992   3.6140   0.0000   0.0000
    9.35    1.73100000   1.7310   1.2481   3.7978   3.6040   0.0000   0.0000
    9.35    1.73200000   1.7320   1.2507   3.7962   3.5950   0.0000   0.0000
    9.35    1.73300000   1.7330   1.2530   3.7954   3.5880   0.0000   0.0000
    9.35    1.73400000   1.7340   1.2556   3.7946   3.5820   0.0000   0.0000
    9.35    1.73500000   1.7350   1.2580   3.7936   3.5740   0.0000   0.0000
    9.35    1.73600000   1.7350   1.2601   3.7924   3.5670   0.0000   0.0000
    9.35    1.73600000   1.7360   1.2621   3.7910   3.5590   0.0000   0.0000
    9.35    1.73700000   1.7370   1.2642   3.7896   3.5500   0.0000   0.0000
    9.35    1.73800000   1.7380   1.2660   3.7880   3.5410   0.0000   0.0000
    9.35    1.73900000   1.7390   1.2677   3.7863   3.5320   0.0000   0.0000
    9.35    1.74000000   1.7400   1.2688   3.7843   3.5210   0.0000   0.0000
    9.35    1.74100000   1.7400   1.2694   3.7818   3.5100   0.0000   0.0000
    9.35    1.74200000   1.7410   1.2697   3.7793   3.4990   0.0000   0.0000
    9.35    1.74200000   1.7420   1.2694   3.7769   3.4890   0.0000   0.0000
    9.35    1.74300000   1.7430   1.2687   3.7741   3.4770   0.0000   0.0000
    9.35    1.74400000   1.7440   1.2670   3.7713   3.4670   0.0000   0.0000
    9.35    1.74500000   1.7450   1.2640   3.7679   3.4550   0.0000   0.0000
    9.35    1.74600000   1.7450   1.2603   3.7642   3.4430   0.0000   0.0000
    9.35    1.74700000   1.7460   1.2549   3.7604   3.4330   0.0000   0.0000
    9.35    1.74800000   1.7470   1.2465   3.7560   3.4220   0.0000   0.0000
    9.35    1.74800000   1.7480   1.2345   3.7511   3.4140   0.0000   0.0000
    9.35    1.74900000   1.7490   1.2167   3.7453   3.4070   0.0000   0.0000
    9.35    1.75000000   1.7500   1.1909   3.7391   3.4060   0.0000   0.0000
    9.35    1.75100000   1.7500   1.1546   3.7305   3.4070   0.0000   0.0000
    9.35    1.75200000   1.7510   1.1106   3.7212   3.4120   0.0000   0.0000
    9.35    1.75300000   1.7520   1.0715   3.7129   3.4170   0.0000   0.0000
    9.35    1.75400000   1.7530   1.0503   3.7059   3.4100   0.0000   0.0000
    9.35    1.75400000   1.7540   1.0572   3.6991   3.3760   0.0000   0.0000
    9.35    1.75500000   1.7550   1.0782   3.6931   3.3300   0.0000   0.0000
    9.35    1.75600000   1.7560   1.1232   3.6887   3.2680   0.0000   0.0000
    9.35    1.75700000   1.7560   1.1733   3.6846   3.2020   0.0000   0.0000
    9.35    1.75800000   1.7570   1.2281   3.6810   3.1320   0.0000   0.0000
    9.35    1.75900000   1.7580   1.2865   3.6780   3.0620   0.0000   0.0000
    9.35    1.76000000   1.7590   1.3423   3.6748   2.9940   0.0000   0.0000
    9.35    1.76100000   1.7600   1.3953   3.6717   2.9280   0.0000   0.0000
    9.35    1.76100000   1.7600   1.4429   3.6691   2.8710   0.0000   0.0000
    9.35    1.76200000   1.7610   1.5010   3.6655   2.7980   0.0000   0.0000
    9.35    1.76300000   1.7620   1.5664   3.6618   2.7180   0.0000   0.0000
    9.35    1.76400000   1.7630   1.6398   3.6584   2.6310   0.0000   0.0000
    9.35    1.76500000   1.7630   1.7100   3.6535   2.5420   0.0000   0.0000
    9.35    1.76600000   1.7640   1.7789   3.6487   2.4540   0.0000   0.0000
    9.35    1.76700000   1.7640   1.8429   3.6445   2.3730   0.0000   0.0000
    9.35    1.76800000   1.7650   1.8738   3.6436   2.3380   0.0000   0.0000
    9.35    1.76800000   1.7650   1.8690   3.6438   2.3440   0.0000   0.0000
    9.35    1.76900000   1.7660   1.8482   3.6450   2.3700   0.0000   0.0000
    9.35    1.77000000   1.7660   1.8263   3.6469   2.3990   0.0000   0.0000
    9.35    1.77100000   1.7670   1.8796   3.6434   2.3320   0.0000   0.0000
    9.35    1.77200000   1.7670   1.9496   3.6382   2.2420   0.0000   0.0000
    9.35    1.77300000   1.7670   2.0298   3.6319   2.1360   0.0000   0.0000
    9.35    1.77400000   1.7670   2.1240   3.6255   2.0160   0.0000   0.0000
    9.35    1.77500000   1.7660   2.2279   3.6180   1.8820   0.0000   0.0000
    9.35    1.77500000   1.7650   2.3463   3.6090   1.7280   0.0000   0.0000
    9.35    1.77600000   1.7620   2.4997   3.5967   1.5240   0.0000   0.0000
    9.35    1.77700000   1.7540   2.7084   3.5790   1.2430   0.0000   0.0000
    9.35    1.77800000   1.7270   3.0109   3.5512   0.8220   0.0000   0.0000
# log(age) Mini Mact logl logt logg Composition Phase
    9.40    0.80000000   0.8000  -0.6447   3.6700   4.6190   0.0000   0.0000
    9.40    0.90100000   0.9010  -0.3873   3.7092   4.5700   0.0000   0.0000
    9.40    1.01400000   1.0140  -0.1176   3.7453   4.4960   0.0000   0.0000
    9.40    1.14200000   1.1420   0.1544   3.7747   4.3930   0.0000   0.0000
    9.40    1.28500000   1.2850   0.4088   3.7939   4.2670   0.0000   0.0000
    9.40    1.44700000   1.4470   0.6773   3.8016   4.0810   0.0000   0.0000
    9.40    1.62900000   1.6290   0.9782   3.7835   3.7690   0.0000   0.0000
    9.40    1.63000000   1.6300   0.9801   3.7835   3.7670   0.0000   0.0000
    9.40    1.63100000   1.6310   0.9821   3.7835   3.7660   0.0000   0.0000
    9.40    1.63200000   1.6320   0.9843   3.7836   3.7640   0.0000   0.0000
    9.40    1.63200000   1.6320   0.9868   3.7837   3.7620   0.0000   0.0000
    9.40    1.63300000   1.6330   0.9891   3.7838   3.7610   0.0000   0.0000
    9.40    1.63400000   1.6340   0.9917   3.7839   3.7590   0.0000   0.0000
    9.40    1.63500000   1.6350   0.9944   3.7841   3.7570   0.0000   0.0000
    9.40    1.63600000   1.6360   0.9972   3.7842   3.7560   0.0000   0.0000
    9.40    1.63600000   1.6360   1.0002   3.7844   3.7540   0.0000   0.0000
    9.40    1.63700000   1.6370   1.0037   3.7848   3.7520   0.0000   0.0000
    9.40    1.63800000   1.6380   1.0072   3.7851   3.7510   0.0000   0.0000
    9.40    1.63900000   1.6390   1.0113   3.7856   3.7490   0.0000   0.0000
    9.40    1.64000000   1.6400   1.0156   3.7862   3.7480   0.0000   0.0000
    9.40    1.64100000   1.6410   1.0209   3.7869   3.7460   0.0000   0.0000
    9.40    1.64100000   1.6410   1.0270   3.7879   3.7450   0.0000   0.0000
    9.40    1.64200000   1.6420   1.0343   3.7892   3.7430   0.0000   0.0000
    9.40    1.64300000   1.6430   1.0436   3.7909   3.7420   0.0000   0.0000
    9.40    1.64400000   1.6440   1.0571   3.7934   3.7400   0.0000   0.0000
    9.40    1.64500000   1.6450   1.0769   3.7974   3.7370   0.0000   0.0000
    9.40    1.64500000   1.6450   1.1144   3.8047   3.7320   0.0000   0.0000
    9.40    1.64600000   1.6460   1.1246   3.7994   3.6990   0.0000   0.0000
    9.40    1.64700000   1.6470   1.1307   3.7954   3.6760   0.0000   0.0000
    9.40    1.64800000   1.6480   1.1341   3.7939   3.6670   0.0000   0.0000
    9.40    1.64900000   1.6490   1.1364   3.7932   3.6620   0.0000   0.0000
    9.40    1.64900000   1.6490   1.1389   3.7925   3.6570   0.0000   0.0000
    9.40    1.65000000   1.6500   1.1412   3.7916   3.6510   0.0000   0.0000
    9.40    1.65100000   1.6510   1.1435   3.7908   3.6450   0.0000   0.0000
    9.40    1.65200000   1.6520   1.1456   3.7903   3.6410   0.0000   0.0000
    9.40    1.65300000   1.6530   1.1477   3.7899   3.6380   0.0000   0.0000
    9.40    1.65400000   1.6530   1.1499   3.7894   3.6330   0.0000   0.0000
    9.40    1.65400000   1.6540   1.1521   3.7890   3.6300   0.0000   0.0000
    9.40    1.65500000   1.6550   1.1542   3.7884   3.6250   0.0000   0.0000
    9.40    1.65600000   1.6560   1.1562   3.7878   3.6210   0.0000   0.0000
    9.40    1.65700000   1.6570   1.1582   3.7872   3.6170   0.0000   0.0000
    9.40    1.65800000   1.6580   1.1601   3.7865   3.6120   0.0000   0.0000
    9.40    1.65800000   1.6580   1.1620   3.7857   3.6070   0.0000   0.0000
    9.40    1.65900000   1.6590   1.1639   3.7850   3.6020   0.0000   0.0000
    9.40    1.66000000   1.6600   1.1658   3.7842   3.5970   0.0000   0.0000
    9.40    1.66100000   1.6610   1.1676   3.7834   3.5920   0.0000   0.0000
    9.40    1.66200000   1.6620   1.1693   3.7825   3.5870   0.0000   0.0000
    9.40    1.66300000   1.6620   1.1710   3.7816   3.5810   0.0000   0.0000
    9.40    1.66300000   1.6630   1.1724   3.7806   3.5760   0.0000   0.0000
    9.40    1.66400000   1.6640   1.1737   3.7794   3.5690   0.0000   0.0000
    9.40    1.66500000   1.6650   1.1748   3.7781   3.5640   0.0000   0.0000
    9.40    1.66600000   1.6660   1.1757   3.7768   3.5570   0.0000   0.0000
    9.40    1.66700000   1.6660   1.1766   3.7756   3.5510   0.0000   0.0000
    9.40    1.66700000   1.6670   1.1772   3.7743   3.5450   0.0000   0.0000
    9.40    1.66800000   1.6680   1.1777   3.7730   3.5390   0.0000   0.0000
    9.40    1.66900000   1.6690   1.1780   3.7716   3.5330   0.0000   0.0000
    9.40    1.67000000   1.6700   1.1780   3.7700   3.5270   0.0000   0.0000
    9.40    1.67100000   1.6700   1.1776   3.7685   3.5210   0.0000   0.0000
    9.40    1.67200000   1.6710   1.1768   3.7668   3.5150   0.0000   0.0000
    9.40    1.67200000   1.6720   1.1755   3.7649   3.5090   0.0000   0.0000
    9.40    1.67300000   1.6730   1.1741   3.7630   3.5020   0.0000   0.0000
    9.40    1.67400000   1.6740   1.1722   3.7610   3.4960   0.0000   0.0000
    9.40    1.67500000   1.6740   1.1697   3.7589   3.4900   0.0000   0.0000
    9.40    1.67600000   1.6750   1.1663   3.7566   3.4840   0.0000   0.0000
    9.40    1.67700000   1.6760   1.1616   3.7541   3.4780   0.0000   0.0000
    9.40    1.67700000   1.6770   1.1557   3.7513   3.4730   0.0000   0.0000
    9.40    1.67800000   1.6780   1.1483   3.7484   3.4680   0.0000   0.0000
    9.40    1.67900000   1.6780   1.1388   3.7451   3.4640   0.0000   0.0000
    9.40    1.68000000   1.6790   1.1266   3.7418   3.4630   0.0000   0.0000
    9.40    1.68100000   1.6800   1.1114   3.7381   3.4630   0.0000   0.0000
    9.40    1.68200000   1.6810   1.0926   3.7335   3.4620   0.0000   0.0000
    9.40    1.68200000   1.6820   1.0702   3.7279   3.4620   0.0000   0.0000
    9.40    1.68300000   1.6830   1.0461   3.7225   3.4640   0.0000   0.0000
    9.40    1.68400000   1.6830   1.0224   3.7172   3.4660   0.0000   0.0000
    9.40    1.68500000   1.6840   1.0030   3.7125   3.4670   0.0000   0.0000
    9.40    1.68600000   1.6850   0.9897   3.7085   3.4640   0.0000   0.0000
    9.40    1.68700000   1.6860   0.9841   3.7045   3.4530   0.0000   0.0000
    9.40    1.68700000   1.6870   0.9885   3.7005   3.4330   0.0000   0.0000
    9.40    1.68800000   1.6870   1.0001   3.6969   3.4070   0.0000   0.0000
    9.40    1.68900000   1.6880   1.0137   3.6934   3.3790   0.0000   0.0000
    9.40    1.69000000   1.6890   1.0401   3.6908   3.3430   0.0000   0.0000
    9.40    1.69100000   1.6900   1.0666   3.6882   3.3060   0.0000   0.0000
    9.40    1.69200000   1.6910   1.0981   3.6858   3.2650   0.0000   0.0000
    9.40    1.69200000   1.6920   1.1307   3.6836   3.2240   0.0000   0.0000
    9.40    1.69300000   1.6920   1.1652   3.6816   3.1820   0.0000   0.0000
    9.40    1.69400000   1.6930   1.2014   3.6800   3.1390   0.0000   0.0000
    9.40    1.69500000   1.6940   1.2371   3.6782   3.0960   0.0000   0.0000
    9.40    1.69600000   1.6950   1.2714   3.6762   3.0540   0.0000   0.0000
    9.40    1.69700000   1.6960   1.3057   3.6741   3.0120   0.0000   0.0000
    9.40    1.69700000   1.6960   1.3365   3.6725   2.9740   0.0000   0.0000
    9.40    1.69800000   1.6970   1.3673   3.6708   2.9370   0.0000   0.0000
    9.40    1.69900000   1.6980   1.4028   3.6688   2.8940   0.0000   0.0000
    9.40    1.70000000   1.6990   1.4396   3.6666   2.8480   0.0000   0.0000
    9.40    1.70100000   1.6990   1.5017   3.6638   2.7750   0.0000   0.0000
    9.40    1.70200000   1.7000   1.5706   3.6607   2.6940   0.0000   0.0000
    9.40    1.70200000   1.7010   1.6365   3.6560   2.6100   0.0000   0.0000
    9.40    1.70300000   1.7010   1.7030   3.6513   2.5240   0.0000   0.0000
    9.40    1.70400000   1.7020   1.7678   3.6471   2.4430   0.0000   0.0000
    9.40    1.70500000   1.7020   1.8262   3.6446   2.3740   0.0000   0.0000
    9.40    1.70600000   1.7030   1.8298   3.6441   2.3690   0.0000   0.0000
    9.40    1.70700000   1.7030   1.8079   3.6452   2.3950   0.0000   0.0000
    9.40    1.70700000   1.7040   1.7659   3.6487   2.4510   0.0000   0.0000
    9.40    1.70800000   1.7040   1.8077   3.6460   2.3990   0.0000   0.0000
    9.40    1.70900000   1.7040   1.8720   3.6414   2.3170   0.0000   0.0000
    9.40    1.71000000   1.7050   1.9481   3.6357   2.2170   0.0000   0.0000
    9.40    1.71100000   1.7050   2.0359   3.6299   2.1070   0.0000   0.0000
    9.40    1.71200000   1.7040   2.1338   3.6229   1.9800   0.0000   0.0000
    9.40    1.71300000   1.7030   2.2437   3.6143   1.8360   0.0000   0.0000
    9.40    1.71300000   1.7010   2.3890   3.6034   1.6460   0.0000   0.0000
    9.40    1.71400000   1.6950   2.5830   3.5877   1.3880   0.0000   0.0000
    9.40    1.71500000   1.6790   2.8462   3.5647   1.0290   0.0000   0.0000
    9.40    1.71600000   1.6220   3.2802   3.5221   0.4090   0.0000   0.0000
# log(age) Mini Mact logl logt logg Composition Phase
    9.45    0.80000000   0.8000  -0.6419   3.6702   4.6170   0.0000   0.0000
    9.45    0.90100000   0.9010  -0.3825   3.7097   4.5670   0.0000   0.0000
    9.45    1.01400000   1.0140  -0.1094   3.7459   4.4900   0.0000   0.0000
    9.45    1.14200000   1.1420   0.1669   3.7749   4.3810   0.0000   0.0000
    9.45    1.28500000   1.2850   0.4224   3.7923   4.2470   0.0000   0.0000
    9.45    1.44700000   1.4470   0.6893   3.7919   4.0300   0.0000   0.0000
    9.45    1.53700000   1.5370   0.8388   3.7796   3.8580   0.0000   0.0000
    9.45    1.53800000   1.5380   0.8410   3.7797   3.8560   0.0000   0.0000
    9.45    1.53800000   1.5380   0.8433   3.7798   3.8550   0.0000   0.0000
    9.45    1.53900000   1.5390   0.8456   3.7799   3.8530   0.0000   0.0000
    9.45    1.54000000   1.5400   0.8481   3.7800   3.8510   0.0000   0.0000
    9.45    1.54100000   1.5410   0.8506   3.7801   3.8500   0.0000   0.0000
    9.45    1.54200000   1.5420   0.8533   3.7803   3.8480   0.0000   0.0000
    9.45    1.54200000   1.5420   0.8561   3.7804   3.8460   0.0000   0.0000
    9.45    1.54300000   1.5430   0.8593   3.7807   3.8440   0.0000   0.0000
    9.45    1.54400000   1.5440   0.8626   3.7810   3.8420   0.0000   0.0000
    9.45    1.54500000   1.5450   0.8661   3.7814   3.8410   0.0000   0.0000
    9.45    1.54500000   1.5450   0.8701   3.7818   3.8390   0.0000   0.0000
    9.45    1.54600000   1.5460   0.8744   3.7824   3.8370   0.0000   0.0000
    9.45    1.54700000   1.5470   0.8795   3.7831   3.8350   0.0000   0.0000
    9.45    1.54800000   1.5480   0.8852   3.7839   3.8330   0.0000   0.0000
    9.45    1.54800000   1.5480   0.8921   3.7850   3.8300   0.0000   0.0000
    9.45    1.54900000   1.5490   0.9005   3.7864   3.8280   0.0000   0.0000
    9.45    1.55000000   1.5500   0.9116   3.7883   3.8250   0.0000   0.0000
    9.45    1.55100000   1.5510   0.9268   3.7909   3.8200   0.0000   0.0000
    9.45    1.55100000   1.5510   0.9490   3.7949   3.8140   0.0000   0.0000
    9.45    1.55200000   1.5520   0.9793   3.7992   3.8020   0.0000   0.0000
    9.45    1.55300000   1.5530   0.9811   3.7939   3.7790   0.0000   0.0000
    9.45    1.55400000   1.5540   0.9867   3.7921   3.7660   0.0000   0.0000
    9.45    1.55500000   1.5550   0.9896   3.7911   3.7600   0.0000   0.0000
    9.45    1.55500000   1.5550   0.9921   3.7904   3.7550   0.0000   0.0000
    9.45    1.55600000   1.5560   0.9944   3.7899   3.7500   0.0000   0.0000
    9.45    1.55700000   1.5570   0.9967   3.7893   3.7460   0.0000   0.0000
    9.45    1.55800000   1.5580   0.9990   3.7887   3.7420   0.0000   0.0000
    9.45    1.55800000   1.5580   1.0012   3.7881   3.7380   0.0000   0.0000
    9.45    1.55900000   1.5590   1.0033   3.7877   3.7340   0.0000   0.0000
    9.45    1.56000000   1.5600   1.0054   3.7873   3.7300   0.0000   0.0000
    9.45    1.56100000   1.5610   1.0076   3.7868   3.7270   0.0000   0.0000
    9.45    1.56100000   1.5610   1.0097   3.7864   3.7230   0.0000   0.0000
    9.45    1.56200000   1.5620   1.0118   3.7859   3.7190   0.0000   0.0000
    9.45    1.56300000   1.5630   1.0139   3.7854   3.7150   0.0000   0.0000
    9.45    1.56400000   1.5640   1.0159   3.7849   3.7110   0.0000   0.0000
    9.45    1.56500000   1.5640   1.0179   3.7843   3.7070   0.0000   0.0000
    9.45    1.56500000   1.5650   1.0198   3.7837   3.7030   0.0000   0.0000
    9.45    1.56600000   1.5660   1.0217   3.7831   3.6990   0.0000   0.0000
    9.45    1.56700000   1.5670   1.0235   3.7824   3.6950   0.0000   0.0000
    9.45    1.56800000   1.5680   1.0254   3.7818   3.6910   0.0000   0.0000
    9.45    1.56800000   1.5680   1.0272   3.7811   3.6860   0.0000   0.0000
    9.45    1.56900000   1.5690   1.0289   3.7804   3.6820   0.0000   0.0000
    9.45    1.57000000   1.5700   1.0305   3.7796   3.6770   0.0000   0.0000
    9.45    1.57100000   1.5710   1.0321   3.7788   3.6730   0.0000   0.0000
    9.45    1.57200000   1.5710   1.0336   3.7779   3.6680   0.0000   0.0000
    9.45    1.57200000   1.5720   1.0349   3.7770   3.6630   0.0000   0.0000
    9.45    1.57300000   1.5730   1.0362   3.7761   3.6590   0.0000   0.0000
    9.45    1.57400000   1.5740   1.0374   3.7752   3.6540   0.0000   0.0000
    9.45    1.57500000   1.5740   1.0384   3.7742   3.6490   0.0000   0.0000
    9.45    1.57500000   1.5750   1.0393   3.7732   3.6440   0.0000   0.0000
    9.45    1.57600000   1.5760   1.0400   3.7722   3.6400   0.0000   0.0000
    9.45    1.57700000   1.5770   1.0406   3.7711   3.6350   0.0000   0.0000
    9.45    1.57800000   1.5780   1.0411   3.7699   3.6300   0.0000   0.0000
    9.45    1.57900000   1.5780   1.0412   3.7686   3.6250   0.0000   0.0000
    9.45    1.57900000   1.5790   1.0411   3.7673   3.6200   0.0000   0.0000
    9.45    1.58000000   1.5800   1.0407   3.7659   3.6150   0.0000   0.0000
    9.45    1.58100000   1.5810   1.0399   3.7643   3.6100   0.0000   0.0000
    9.45    1.58200000   1.5810   1.0387   3.7627   3.6040   0.0000   0.0000
    9.45    1.58200000   1.5820   1.0372   3.7609   3.5990   0.0000   0.0000
    9.45    1.58300000   1.5830   1.0352   3.7590   3.5940   0.0000   0.0000
    9.45    1.58400000   1.5840   1.0327   3.7570   3.5880   0.0000   0.0000
    9.45    1.58500000   1.5850   1.0295   3.7549   3.5830   0.0000   0.0000
    9.45    1.58600000   1.5850   1.0254   3.7527   3.5780   0.0000   0.0000
    9.45    1.58600000   1.5860   1.0202   3.7502   3.5740   0.0000   0.0000
    9.45    1.58700000   1.5870   1.0140   3.7475   3.5690   0.0000   0.0000
    9.45    1.58800000   1.5880   1.0064   3.7445   3.5650   0.0000   0.0000
    9.45    1.58900000   1.5880   0.9970   3.7414   3.5620   0.0000   0.0000
    9.45    1.58900000   1.5890   0.9857   3.7381   3.5610   0.0000   0.0000
    9.45    1.59000000   1.5900   0.9728   3.7345   3.5590   0.0000   0.0000
    9.45    1.59100000   1.5910   0.9579   3.7305   3.5580   0.0000   0.0000
    9.45    1.59200000   1.5920   0.9412   3.7261   3.5570   0.0000   0.0000
    9.45    1.59300000   1.5920   0.9237   3.7218   3.5570   0.0000   0.0000
    9.45    1.59300000   1.5930   0.9062   3.7174   3.5570   0.0000   0.0000
    9.45    1.59400000   1.5940   0.8902   3.7131   3.5560   0.0000   0.0000
    9.45    1.59500000   1.5950   0.8776   3.7091   3.5530   0.0000   0.0000
    9.45    1.59600000   1.5950   0.8697   3.7058   3.5480   0.0000   0.0000
    9.45    1.59700000   1.5960   0.8662   3.7026   3.5390   0.0000   0.0000
    9.45    1.59700000   1.5970   0.8686   3.6994   3.5230   0.0000   0.0000
    9.45    1.59800000   1.5980   0.8766   3.6965   3.5040   0.0000   0.0000
    9.45    1.59900000   1.5990   0.8846   3.6935   3.4850   0.0000   0.0000
    9.45    1.60000000   1.5990   0.8993   3.6912   3.4610   0.0000   0.0000
    9.45    1.60000000   1.6000   0.9174   3.6891   3.4350   0.0000   0.0000
    9.45    1.60100000   1.6010   0.9356   3.6871   3.4080   0.0000   0.0000
    9.45    1.60200000   1.6020   0.9582   3.6854   3.3790   0.0000   0.0000
    9.45    1.60300000   1.6020   0.9810   3.6837   3.3500   0.0000   0.0000
    9.45    1.60400000   1.6030   1.0048   3.6822   3.3200   0.0000   0.0000
    9.45    1.60400000   1.6040   1.0303   3.6810   3.2900   0.0000   0.0000
    9.45    1.60500000   1.6050   1.0561   3.6799   3.2600   0.0000   0.0000
    9.45    1.60600000   1.6050   1.0812   3.6786   3.2300   0.0000   0.0000
    9.45    1.60700000   1.6060   1.1063   3.6772   3.1990   0.0000   0.0000
    9.45    1.60800000   1.6070   1.1312   3.6758   3.1690   0.0000   0.0000
    9.45    1.60800000   1.6080   1.1546   3.6746   3.1410   0.0000   0.0000
    9.45    1.60900000   1.6080   1.1781   3.6734   3.1130   0.0000   0.0000
    9.45    1.61000000   1.6090   1.2035   3.6722   3.0830   0.0000   0.0000
    9.45    1.61100000   1.6100   1.2305   3.6709   3.0510   0.0000   0.0000
    9.45    1.61200000   1.6110   1.2577   3.6697   3.0190   0.0000   0.0000
    9.45    1.61200000   1.6110   1.2906   3.6684   2.9810   0.0000   0.0000
    9.45    1.61300000   1.6120   1.3238   3.6672   2.9430   0.0000   0.0000
    9.45    1.61400000   1.6130   1.3569   3.6656   2.9040   0.0000   0.0000
    9.45    1.61500000   1.6130   1.3896   3.6636   2.8640   0.0000   0.0000
    9.45    1.61600000   1.6140   1.4226   3.6615   2.8230   0.0000   0.0000
    9.45    1.61600000   1.6150   1.4563   3.6593   2.7800   0.0000   0.0000
    9.45    1.61700000   1.6160   1.4903   3.6571   2.7380   0.0000   0.0000
    9.45    1.61800000   1.6160   1.5238   3.6553   2.6970   0.0000   0.0000
    9.45    1.61900000   1.6170   1.5568   3.6539   2.6590   0.0000   0.0000
    9.45    1.62000000   1.6170   1.5898   3.6525   2.6200   0.0000   0.0000
    9.45    1.62000000   1.6180   1.5973   3.6519   2.6100   0.0000   0.0000
    9.45    1.62100000   1.6190   1.6045   3.6512   2.6010   0.0000   0.0000
    9.45    1.62200000   1.6190   1.6051   3.6514   2.6010   0.0000   0.0000
    9.45    1.62300000   1.6200   1.6002   3.6523   2.6100   0.0000   0.0000
    9.45    1.62400000   1.6200   1.6000   3.6528   2.6120   0.0000   0.0000
    9.45    1.62400000   1.6210   1.6307   3.6509   2.5740   0.0000   0.0000
    9.45    1.62500000   1.6210   1.6614   3.6491   2.5360   0.0000   0.0000
    9.45    1.62600000   1.6220   1.6971   3.6468   2.4910   0.0000   0.0000
    9.45    1.62700000   1.6220   1.7345   3.6443   2.4440   0.0000   0.0000
    9.45    1.62800000   1.6230   1.7716   3.6419   2.3970   0.0000   0.0000
    9.45    1.62800000   1.6230   1.8079   3.6394   2.3510   0.0000   0.0000
    9.45    1.62900000   1.6240   1.8448   3.6370   2.3050   0.0000   0.0000
    9.45    1.63000000   1.6240   1.8943   3.6333   2.2410   0.0000   0.0000
    9.45    1.63100000   1.6240   1.9443   3.6296   2.1760   0.0000   0.0000
    9.45    1.63200000   1.6230   2.0091   3.6249   2.0920   0.0000   0.0000
    9.45    1.63200000   1.6230   2.0817   3.6197   1.9980   0.0000   0.0000
    9.45    1.63300000   1.6220   2.1686   3.6132   1.8850   0.0000   0.0000
    9.45    1.63400000   1.6190   2.2821   3.6045   1.7360   0.0000   0.0000
    9.45    1.63500000   1.6150   2.4011   3.5951   1.5780   0.0000   0.0000
    9.45    1.63600000   1.5910   2.6096   3.5752   1.2840   0.0000   0.0000
    9.45    1.63600000   1.5670   2.8205   3.5550   0.9860   0.0000   0.0000
# log(age) Mini Mact logl logt logg Composition Phase
    9.50    0.80000000   0.8000  -0.6387   3.6705   4.6150   0.0000   0.0000
    9.50    0.90100000   0.9010  -0.3770   3.7101   4.5630   0.0000   0.0000
    9.50    1.01400000   1.0140  -0.1000   3.7465   4.4830   0.0000   0.0000
    9.50    1.14200000   1.1420   0.1808   3.7749   4.3670   0.0000   0.0000
    9.50    1.28500000   1.2850   0.4369   3.7897   4.2220   0.0000   0.0000
    9.50    1.44700000   1.4470   0.6988   3.7787   3.9670   0.0000   0.0000
    9.50    1.46100000   1.4610   0.7252   3.7763   3.9360   0.0000   0.0000
    9.50    1.46200000   1.4620   0.7270   3.7763   3.9340   0.0000   0.0000
    9.50    1.46300000   1.4630   0.7288   3.7763   3.9330   0.0000   0.0000
    9.50    1.46400000   1.4640   0.7306   3.7763   3.9310   0.0000   0.0000
    9.50    1.46400000   1.4640   0.7325   3.7763   3.9290   0.0000   0.0000
    9.50    1.46500000   1.4650   0.7346   3.7764   3.9280   0.0000   0.0000
    9.50    1.46600000   1.4660   0.7369   3.7764   3.9260   0.0000   0.0000
    9.50    1.46700000   1.4670   0.7393   3.7765   3.9240   0.0000   0.0000
    9.50    1.46700000   1.4670   0.7420   3.7767   3.9220   0.0000   0.0000
    9.50    1.46800000   1.4680   0.7448   3.7768   3.9200   0.0000   0.0000
    9.50    1.46900000   1.4690   0.7480   3.7771   3.9180   0.0000   0.0000
    9.50    1.46900000   1.4690   0.7516   3.7774   3.9160   0.0000   0.0000
    9.50    1.47000000   1.4700   0.7554   3.7778   3.9140   0.0000   0.0000
    9.50    1.47100000   1.4710   0.7601   3.7784   3.9120   0.0000   0.0000
    9.50    1.47200000   1.4720   0.7656   3.7791   3.9100   0.0000   0.0000
    9.50    1.47200000   1.4720   0.7724   3.7801   3.9070   0.0000   0.0000
    9.50    1.47300000   1.4730   0.7810   3.7814   3.9040   0.0000   0.0000
    9.50    1.47400000   1.4740   0.7927   3.7833   3.9000   0.0000   0.0000
    9.50    1.47400000   1.4740   0.8103   3.7863   3.8940   0.0000   0.0000
    9.50    1.47500000   1.4750   0.8382   3.7908   3.8850   0.0000   0.0000
    9.50    1.47600000   1.4760   0.8639   3.7921   3.8640   0.0000   0.0000
    9.50    1.47700000   1.4770   0.8687   3.7892   3.8490   0.0000   0.0000
    9.50    1.47700000   1.4770   0.8724   3.7881   3.8410   0.0000   0.0000
    9.50    1.47800000   1.4780   0.8750   3.7874   3.8350   0.0000   0.0000
    9.50    1.47900000   1.4790   0.8774   3.7867   3.8300   0.0000   0.0000
    9.50    1.48000000   1.4800   0.8798   3.7860   3.8250   0.0000   0.0000
    9.50    1.48000000   1.4800   0.8822   3.7855   3.8210   0.0000   0.0000
    9.50    1.48100000   1.4810   0.8845   3.7849   3.8170   0.0000   0.0000
    9.50    1.48200000   1.4820   0.8868   3.7843   3.8120   0.0000   0.0000
    9.50    1.48300000   1.4830   0.8890   3.7837   3.8080   0.0000   0.0000
    9.50    1.48300000   1.4830   0.8912   3.7830   3.8030   0.0000   0.0000
    9.50    1.48400000   1.4840   0.8933   3.7823   3.7980   0.0000   0.0000
    9.50    1.48500000   1.4850   0.8954   3.7816   3.7940   0.0000   0.0000
    9.50    1.48500000   1.4850   0.8974   3.7809   3.7890   0.0000   0.0000
    9.50    1.48600000   1.4860   0.8993   3.7801   3.7840   0.0000   0.0000
    9.50    1.48700000   1.4870   0.9011   3.7793   3.7790   0.0000   0.0000
    9.50    1.48800000   1.4880   0.9028   3.7784   3.7740   0.0000   0.0000
    9.50    1.48800000   1.4880   0.9045   3.7775   3.7690   0.0000   0.0000
    9.50    1.48900000   1.4890   0.9060   3.7765   3.7640   0.0000   0.0000
    9.50    1.49000000   1.4900   0.9073   3.7754   3.7580   0.0000   0.0000
    9.50    1.49100000   1.4910   0.9085   3.7743   3.7530   0.0000   0.0000
    9.50    1.49100000   1.4910   0.9096   3.7733   3.7480   0.0000   0.0000
    9.50    1.49200000   1.4920   0.9105   3.7722   3.7430   0.0000   0.0000
    9.50    1.49300000   1.4930   0.9111   3.7710   3.7380   0.0000   0.0000
    9.50    1.49400000   1.4940   0.9114   3.7696   3.7320   0.0000   0.0000
    9.50    1.49400000   1.4940   0.9113   3.7682   3.7270   0.0000   0.0000
    9.50    1.49500000   1.4950   0.9107   3.7665   3.7210   0.0000   0.0000
    9.50    1.49600000   1.4960   0.9097   3.7648   3.7150   0.0000   0.0000
    9.50    1.49700000   1.4970   0.9080   3.7627   3.7090   0.0000   0.0000
    9.50    1.49700000   1.4970   0.9054   3.7604   3.7030   0.0000   0.0000
    9.50    1.49800000   1.4980   0.9018   3.7579   3.6960   0.0000   0.0000
    9.50    1.49900000   1.4990   0.8971   3.7549   3.6890   0.0000   0.0000
    9.50    1.49900000   1.4990   0.8913   3.7521   3.6840   0.0000   0.0000
    9.50    1.50000000   1.5000   0.8843   3.7489   3.6780   0.0000   0.0000
    9.50    1.50100000   1.5010   0.8788   3.7464   3.6740   0.0000   0.0000
    9.50    1.50200000   1.5020   0.8722   3.7436   3.6700   0.0000   0.0000
    9.50    1.50200000   1.5020   0.8644   3.7407   3.6660   0.0000   0.0000
    9.50    1.50300000   1.5030   0.8554   3.7377   3.6630   0.0000   0.0000
    9.50    1.50400000   1.5040   0.8452   3.7345   3.6610   0.0000   0.0000
    9.50    1.50500000   1.5050   0.8341   3.7309   3.6580   0.0000   0.0000
    9.50    1.50500000   1.5050   0.8220   3.7272   3.6550   0.0000   0.0000
    9.50    1.50600000   1.5060   0.8093   3.7237   3.6540   0.0000   0.0000
    9.50    1.50700000   1.5070   0.7967   3.7203   3.6530   0.0000   0.0000
    9.50    1.50800000   1.5080   0.7843   3.7169   3.6520   0.0000   0.0000
    9.50    1.50800000   1.5080   0.7726   3.7132   3.6500   0.0000   0.0000
    9.50    1.50900000   1.5090   0.7624   3.7095   3.6450   0.0000   0.0000
    9.50    1.51000000   1.5100   0.7550   3.7062   3.6400   0.0000   0.0000
    9.50    1.51100000   1.5110   0.7502   3.7033   3.6330   0.0000   0.0000
    9.50    1.51100000   1.5110   0.7482   3.7006   3.6240   0.0000   0.0000
    9.50    1.51200000   1.5120   0.7496   3.6981   3.6130   0.0000   0.0000
    9.50    1.51300000   1.5130   0.7549   3.6957   3.5990   0.0000   0.0000
    9.50    1.51400000   1.5140   0.7602   3.6933   3.5840   0.0000   0.0000
    9.50    1.51400000   1.5140   0.7668   3.6910   3.5680   0.0000   0.0000
    9.50    1.51500000   1.5150   0.7785   3.6894   3.5510   0.0000   0.0000
    9.50    1.51600000   1.5160   0.7903   3.6878   3.5320   0.0000   0.0000
    9.50    1.51700000   1.5160   0.8027   3.6862   3.5140   0.0000   0.0000
    9.50    1.51700000   1.5170   0.8178   3.6850   3.4940   0.0000   0.0000
    9.50    1.51800000   1.5180   0.8331   3.6837   3.4740   0.0000   0.0000
    9.50    1.51900000   1.5190   0.8488   3.6825   3.4530   0.0000   0.0000
    9.50    1.52000000   1.5190   0.8663   3.6817   3.4330   0.0000   0.0000
    9.50    1.52000000   1.5200   0.8840   3.6810   3.4130   0.0000   0.0000
    9.50    1.52100000   1.5210   0.9017   3.6802   3.3920   0.0000   0.0000
    9.50    1.52200000   1.5220   0.9196   3.6793   3.3710   0.0000   0.0000
    9.50    1.52300000   1.5220   0.9376   3.6785   3.3500   0.0000   0.0000
    9.50    1.52300000   1.5230   0.9556   3.6776   3.3280   0.0000   0.0000
    9.50    1.52400000   1.5240   0.9735   3.6767   3.3070   0.0000   0.0000
    9.50    1.52500000   1.5240   0.9914   3.6759   3.2860   0.0000   0.0000
    9.50    1.52600000   1.5250   1.0098   3.6751   3.2650   0.0000   0.0000
    9.50    1.52600000   1.5260   1.0294   3.6745   3.2430   0.0000   0.0000
    9.50    1.52700000   1.5270   1.0490   3.6739   3.2210   0.0000   0.0000
    9.50    1.52800000   1.5270   1.0694   3.6733   3.1990   0.0000   0.0000
    9.50    1.52900000   1.5280   1.0908   3.6726   3.1750   0.0000   0.0000
    9.50    1.52900000   1.5290   1.1123   3.6718   3.1500   0.0000   0.0000
    9.50    1.53000000   1.5290   1.1343   3.6709   3.1250   0.0000   0.0000
    9.50    1.53100000   1.5300   1.1567   3.6698   3.0980   0.0000   0.0000
    9.50    1.53200000   1.5310   1.1792   3.6687   3.0710   0.0000   0.0000
    9.50    1.53200000   1.5310   1.2022   3.6674   3.0430   0.0000   0.0000
    9.50    1.53300000   1.5320   1.2256   3.6660   3.0150   0.0000   0.0000
    9.50    1.53400000   1.5330   1.2491   3.6646   2.9860   0.0000   0.0000
    9.50    1.53500000   1.5330   1.2735   3.6636   2.9570   0.0000   0.0000
    9.50    1.53500000   1.5340   1.2982   3.6626   2.9290   0.0000   0.0000
    9.50    1.53600000   1.5350   1.3226   3.6616   2.9010   0.0000   0.0000
    9.50    1.53700000   1.5350   1.3418   3.6605   2.8770   0.0000   0.0000
    9.50    1.53800000   1.5360   1.3608   3.6594   2.8540   0.0000   0.0000
    9.50    1.53800000   1.5360   1.3789   3.6585   2.8330   0.0000   0.0000
    9.50    1.53900000   1.5370   1.3951   3.6579   2.8140   0.0000   0.0000
    9.50    1.54000000   1.5380   1.4109   3.6574   2.7970   0.0000   0.0000
    9.50    1.54100000   1.5380   1.4306   3.6565   2.7730   0.0000   0.0000
    9.50    1.54200000   1.5390   1.4535   3.6553   2.7460   0.0000   0.0000
    9.50    1.54200000   1.5390   1.4765   3.6541   2.7180   0.0000   0.0000
    9.50    1.54300000   1.5400   1.4990   3.6530   2.6910   0.0000   0.0000
    9.50    1.54400000   1.5400   1.5217   3.6519   2.6640   0.0000   0.0000
    9.50    1.54500000   1.5410   1.5428   3.6508   2.6390   0.0000   0.0000
    9.50    1.54500000   1.5410   1.5548   3.6498   2.6230   0.0000   0.0000
    9.50    1.54600000   1.5420   1.5673   3.6488   2.6070   0.0000   0.0000
    9.50    1.54700000   1.5420   1.5854   3.6476   2.5840   0.0000   0.0000
    9.50    1.54800000   1.5430   1.6091   3.6461   2.5540   0.0000   0.0000
    9.50    1.54800000   1.5430   1.6333   3.6445   2.5240   0.0000   0.0000
    9.50    1.54900000   1.5430   1.6730   3.6419   2.4740   0.0000   0.0000
    9.50    1.55000000   1.5430   1.7157   3.6390   2.4200   0.0000   0.0000
    9.50    1.55100000   1.5430   1.7640   3.6358   2.3590   0.0000   0.0000
    9.50    1.55100000   1.5430   1.8295   3.6315   2.2760   0.0000   0.0000
    9.50    1.55200000   1.5420   1.8958   3.6271   2.1910   0.0000   0.0000
    9.50    1.55300000   1.5360   1.9861   3.6196   2.0700   0.0000   0.0000
    9.50    1.55400000   1.5280   2.0913   3.6104   1.9250   0.0000   0.0000
# log(age) Mini Mact logl logt logg Composition Phase
    9.55    0.80000000   0.8000  -0.6351   3.6709   4.6130   0.0000   0.0000
    9.55    0.90100000   0.9010  -0.3707   3.7107   4.5590   0.0000   0.0000
    9.55    1.01400000   1.0140  -0.0892   3.7472   4.4750   0.0000   0.0000
    9.55    1.14200000   1.1420   0.1961   3.7744   4.3500   0.0000   0.0000
    9.55    1.28500000   1.2850   0.4512   3.7854   4.1900   0.0000   0.0000
    9.55    1.40500000   1.4050   0.6501   3.7735   3.9820   0.0000   0.0000
    9.55    1.40600000   1.4060   0.6518   3.7734   3.9810   0.0000   0.0000
    9.55    1.40600000   1.4060   0.6536   3.7735   3.9790   0.0000   0.0000
    9.55    1.40700000   1.4070   0.6555   3.7735   3.9780   0.0000   0.0000
    9.55    1.40800000   1.4080   0.6574   3.7736   3.9760   0.0000   0.0000
    9.55    1.40800000   1.4080   0.6595   3.7736   3.9740   0.0000   0.0000
    9.55    1.40900000   1.4090   0.6618   3.7737   3.9730   0.0000   0.0000
    9.55    1.41000000   1.4100   0.6642   3.7738   3.9710   0.0000   0.0000
    9.55    1.41000000   1.4100   0.6667   3.7739   3.9690   0.0000   0.0000
    9.55    1.41100000   1.4110   0.6696   3.7741   3.9670   0.0000   0.0000
    9.55    1.41200000   1.4120   0.6728   3.7743   3.9650   0.0000   0.0000
    9.55    1.41200000   1.4120   0.6762   3.7746   3.9630   0.0000   0.0000
    9.55    1.41300000   1.4130   0.6801   3.7750   3.9610   0.0000   0.0000
    9.55    1.41400000   1.4140   0.6846   3.7755   3.9590   0.0000   0.0000
    9.55    1.41500000   1.4150   0.6899   3.7762   3.9570   0.0000   0.0000
    9.55    1.41500000   1.4150   0.6964   3.7771   3.9540   0.0000   0.0000
    9.55    1.41600000   1.4160   0.7046   3.7783   3.9510   0.0000   0.0000
    9.55    1.41700000   1.4170   0.7156   3.7800   3.9460   0.0000   0.0000
    9.55    1.41700000   1.4170   0.7315   3.7825   3.9410   0.0000   0.0000
    9.55    1.41800000   1.4180   0.7572   3.7864   3.9310   0.0000   0.0000
    9.55    1.41900000   1.4190   0.7874   3.7895   3.9140   0.0000   0.0000
    9.55    1.41900000   1.4190   0.7921   3.7866   3.8970   0.0000   0.0000
    9.55    1.42000000   1.4200   0.7960   3.7856   3.8900   0.0000   0.0000
    9.55    1.42100000   1.4210   0.7986   3.7849   3.8850   0.0000   0.0000
    9.55    1.42200000   1.4220   0.8010   3.7843   3.8800   0.0000   0.0000
    9.55    1.42200000   1.4220   0.8033   3.7837   3.8760   0.0000   0.0000
    9.55    1.42300000   1.4230   0.8057   3.7831   3.8710   0.0000   0.0000
    9.55    1.42400000   1.4240   0.8080   3.7827   3.8670   0.0000   0.0000
    9.55    1.42400000   1.4240   0.8102   3.7823   3.8640   0.0000   0.0000
    9.55    1.42500000   1.4250   0.8124   3.7819   3.8600   0.0000   0.0000
    9.55    1.42600000   1.4260   0.8146   3.7814   3.8560   0.0000   0.0000
    9.55    1.42700000   1.4270   0.8168   3.7809   3.8520   0.0000   0.0000
    9.55    1.42700000   1.4270   0.8189   3.7803   3.8480   0.0000   0.0000
    9.55    1.42800000   1.4280   0.8209   3.7798   3.8440   0.0000   0.0000
    9.55    1.42900000   1.4290   0.8230   3.7793   3.8400   0.0000   0.0000
    9.55    1.42900000   1.4290   0.8250   3.7787   3.8360   0.0000   0.0000
    9.55    1.43000000   1.4300   0.8269   3.7782   3.8320   0.0000   0.0000
    9.55    1.43100000   1.4310   0.8288   3.7776   3.8280   0.0000   0.0000
    9.55    1.43100000   1.4310   0.8306   3.7769   3.8240   0.0000   0.0000
    9.55    1.43200000   1.4320   0.8324   3.7762   3.8190   0.0000   0.0000
    9.55    1.43300000   1.4330   0.8341   3.7755   3.8150   0.0000   0.0000
    9.55    1.43400000   1.4340   0.8357   3.7747   3.8110   0.0000   0.0000
    9.55    1.43400000   1.4340   0.8371   3.7739   3.8060   0.0000   0.0000
    9.55    1.43500000   1.4350   0.8385   3.7731   3.8020   0.0000   0.0000
    9.55    1.43600000   1.4360   0.8398   3.7722   3.7970   0.0000   0.0000
    9.55    1.43600000   1.4360   0.8410   3.7714   3.7930   0.0000   0.0000
    9.55    1.43700000   1.4370   0.8420   3.7704   3.7880   0.0000   0.0000
    9.55    1.43800000   1.4380   0.8429   3.7694   3.7830   0.0000   0.0000
    9.55    1.43900000   1.4390   0.8436   3.7683   3.7780   0.0000   0.0000
    9.55    1.43900000   1.4390   0.8440   3.7671   3.7740   0.0000   0.0000
    9.55    1.44000000   1.4400   0.8441   3.7658   3.7680   0.0000   0.0000
    9.55    1.44100000   1.4410   0.8439   3.7643   3.7630   0.0000   0.0000
    9.55    1.44100000   1.4410   0.8434   3.7628   3.7580   0.0000   0.0000
    9.55    1.44200000   1.4420   0.8425   3.7612   3.7520   0.0000   0.0000
    9.55    1.44300000   1.4430   0.8411   3.7594   3.7470   0.0000   0.0000
    9.55    1.44400000   1.4440   0.8389   3.7574   3.7410   0.0000   0.0000
    9.55    1.44400000   1.4440   0.8360   3.7551   3.7350   0.0000   0.0000
    9.55    1.44500000   1.4450   0.8323   3.7527   3.7290   0.0000   0.0000
    9.55    1.44600000   1.4460   0.8277   3.7502   3.7240   0.0000   0.0000
    9.55    1.44600000   1.4460   0.8216   3.7472   3.7190   0.0000   0.0000
    9.55    1.44700000   1.4470   0.8140   3.7441   3.7140   0.0000   0.0000
    9.55    1.44800000   1.4480   0.8048   3.7405   3.7090   0.0000   0.0000
    9.55    1.44900000   1.4490   0.7936   3.7367   3.7050   0.0000   0.0000
    9.55    1.44900000   1.4490   0.7804   3.7324   3.7010   0.0000   0.0000
    9.55    1.45000000   1.4500   0.7655   3.7277   3.6980   0.0000   0.0000
    9.55    1.45100000   1.4510   0.7496   3.7232   3.6960   0.0000   0.0000
    9.55    1.45100000   1.4510   0.7333   3.7185   3.6940   0.0000   0.0000
    9.55    1.45200000   1.4520   0.7178   3.7139   3.6910   0.0000   0.0000
    9.55    1.45300000   1.4530   0.7038   3.7090   3.6850   0.0000   0.0000
    9.55    1.45400000   1.4540   0.6940   3.7046   3.6780   0.0000   0.0000
    9.55    1.45400000   1.4540   0.6887   3.7010   3.6690   0.0000   0.0000
    9.55    1.45500000   1.4550   0.6872   3.6975   3.6570   0.0000   0.0000
    9.55    1.45600000   1.4560   0.6925   3.6942   3.6380   0.0000   0.0000
    9.55    1.45600000   1.4560   0.6980   3.6910   3.6200   0.0000   0.0000
    9.55    1.45700000   1.4570   0.7102   3.6889   3.6000   0.0000   0.0000
    9.55    1.45800000   1.4580   0.7236   3.6869   3.5790   0.0000   0.0000
    9.55    1.45900000   1.4580   0.7399   3.6852   3.5560   0.0000   0.0000
    9.55    1.45900000   1.4590   0.7573   3.6836   3.5320   0.0000   0.0000
    9.55    1.46000000   1.4600   0.7762   3.6824   3.5090   0.0000   0.0000
    9.55    1.46100000   1.4610   0.7958   3.6813   3.4850   0.0000   0.0000
    9.55    1.46100000   1.4610   0.8160   3.6802   3.4610   0.0000   0.0000
    9.55    1.46200000   1.4620   0.8365   3.6792   3.4360   0.0000   0.0000
    9.55    1.46300000   1.4630   0.8573   3.6781   3.4110   0.0000   0.0000
    9.55    1.46400000   1.4630   0.8782   3.6770   3.3860   0.0000   0.0000
    9.55    1.46400000   1.4640   0.8998   3.6762   3.3610   0.0000   0.0000
    9.55    1.46500000   1.4650   0.9224   3.6756   3.3370   0.0000   0.0000
    9.55    1.46600000   1.4650   0.9452   3.6750   3.3120   0.0000   0.0000
    9.55    1.46700000   1.4660   0.9683   3.6743   3.2860   0.0000   0.0000
    9.55    1.46700000   1.4670   0.9920   3.6735   3.2590   0.0000   0.0000
    9.55    1.46800000   1.4670   1.0165   3.6725   3.2310   0.0000   0.0000
    9.55    1.46900000   1.4680   1.0415   3.6714   3.2020   0.0000   0.0000
    9.55    1.46900000   1.4680   1.0671   3.6701   3.1710   0.0000   0.0000
    9.55    1.47000000   1.4690   1.0936   3.6689   3.1400   0.0000   0.0000
    9.55    1.47100000   1.4700   1.1214   3.6678   3.1080   0.0000   0.0000
    9.55    1.47200000   1.4700   1.1503   3.6665   3.0740   0.0000   0.0000
    9.55    1.47200000   1.4710   1.1809   3.6648   3.0370   0.0000   0.0000
    9.55    1.47300000   1.4710   1.2126   3.6632   2.9990   0.0000   0.0000
    9.55    1.47400000   1.4720   1.2459   3.6620   2.9610   0.0000   0.0000
    9.55    1.47400000   1.4730   1.2770   3.6606   2.9250   0.0000   0.0000
    9.55    1.47500000   1.4730   1.3045   3.6592   2.8920   0.0000   0.0000
    9.55    1.47600000   1.4740   1.3302   3.6581   2.8620   0.0000   0.0000
    9.55    1.47700000   1.4740   1.3535   3.6574   2.8350   0.0000   0.0000
    9.55    1.47700000   1.4740   1.3677   3.6568   2.8190   0.0000   0.0000
    9.55    1.47800000   1.4750   1.3719   3.6563   2.8130   0.0000   0.0000
    9.55    1.47900000   1.4750   1.3825   3.6557   2.8000   0.0000   0.0000
    9.55    1.48000000   1.4760   1.3987   3.6551   2.7820   0.0000   0.0000
    9.55    1.48000000   1.4760   1.4274   3.6535   2.7470   0.0000   0.0000
    9.55    1.48100000   1.4760   1.4643   3.6514   2.7010   0.0000   0.0000
    9.55    1.48200000   1.4770   1.5114   3.6490   2.6450   0.0000   0.0000
    9.55    1.48300000   1.4770   1.5633   3.6466   2.5830   0.0000   0.0000
    9.55    1.48300000   1.4770   1.6204   3.6429   2.5120   0.0000   0.0000
    9.55    1.48400000   1.4770   1.6792   3.6389   2.4370   0.0000   0.0000
# log(age) Mini Mact logl logt logg Composition Phase
    9.60    0.80000000   0.8000  -0.6309   3.6713   4.6100   0.0000   0.0000
    9.60    0.90100000   0.9010  -0.3634   3.7113   4.5540   0.0000   0.0000
    9.60    1.01400000   1.0140  -0.0767   3.7480   4.4660   0.0000   0.0000
    9.60    1.14200000   1.1420   0.2129   3.7734   4.3290   0.0000   0.0000
    9.60    1.28500000   1.2850   0.4643   3.7783   4.1490   0.0000   0.0000
    9.60    1.35000000   1.3500   0.5747   3.7706   4.0290   0.0000   0.0000
    9.60    1.35100000   1.3510   0.5765   3.7707   4.0280   0.0000   0.0000
    9.60    1.35200000   1.3520   0.5782   3.7707   4.0260   0.0000   0.0000
    9.60    1.35200000   1.3520   0.5801   3.7707   4.0250   0.0000   0.0000
    9.60    1.35300000   1.3530   0.5820   3.7707   4.0230   0.0000   0.0000
    9.60    1.35400000   1.3540   0.5842   3.7708   4.0210   0.0000   0.0000
    9.60    1.35400000   1.3540   0.5863   3.7709   4.0200   0.0000   0.0000
    9.60    1.35500000   1.3550   0.5887   3.7710   4.0180   0.0000   0.0000
    9.60    1.35600000   1.3560   0.5913   3.7711   4.0160   0.0000   0.0000
    9.60    1.35600000   1.3560   0.5941   3.7713   4.0140   0.0000   0.0000
    9.60    1.35700000   1.3570   0.5971   3.7715   4.0120   0.0000   0.0000
    9.60    1.35800000   1.3580   0.6005   3.7718   4.0100   0.0000   0.0000
    9.60    1.35800000   1.3580   0.6043   3.7721   4.0080   0.0000   0.0000
    9.60    1.35900000   1.3590   0.6086   3.7726   4.0060   0.0000   0.0000
    9.60    1.36000000   1.3600   0.6138   3.7733   4.0040   0.0000   0.0000
    9.60    1.36000000   1.3600   0.6201   3.7740   4.0010   0.0000   0.0000
    9.60    1.36100000   1.3610   0.6277   3.7750   3.9970   0.0000   0.0000
    9.60    1.36200000   1.3620   0.6383   3.7765   3.9930   0.0000   0.0000
    9.60    1.36200000   1.3620   0.6528   3.7787   3.9870   0.0000   0.0000
    9.60    1.36300000   1.3630   0.6765   3.7821   3.9770   0.0000   0.0000
    9.60    1.36400000   1.3640   0.7097   3.7864   3.9620   0.0000   0.0000
    9.60    1.36400000   1.3640   0.7160   3.7839   3.9460   0.0000   0.0000
    9.60    1.36500000   1.3650   0.7196   3.7828   3.9380   0.0000   0.0000
    9.60    1.36600000   1.3660   0.7223   3.7822   3.9330   0.0000   0.0000
    9.60    1.36700000   1.3670   0.7247   3.7818   3.9290   0.0000   0.0000
    9.60    1.36700000   1.3670   0.7270   3.7813   3.9250   0.0000   0.0000
    9.60    1.36800000   1.3680   0.7293   3.7808   3.9210   0.0000   0.0000
    9.60    1.36900000   1.3690   0.7315   3.7802   3.9160   0.0000   0.0000
    9.60    1.36900000   1.3690   0.7338   3.7799   3.9130   0.0000   0.0000
    9.60    1.37000000   1.3700   0.7359   3.7796   3.9100   0.0000   0.0000
    9.60    1.37100000   1.3710   0.7381   3.7793   3.9070   0.0000   0.0000
    9.60    1.37100000   1.3710   0.7403   3.7790   3.9040   0.0000   0.0000
    9.60    1.37200000   1.3720   0.7424   3.7786   3.9000   0.0000   0.0000
    9.60    1.37300000   1.3730   0.7445   3.7781   3.8960   0.0000   0.0000
    9.60    1.37300000   1.3730   0.7466   3.7777   3.8930   0.0000   0.0000
    9.60    1.37400000   1.3740   0.7486   3.7772   3.8890   0.0000   0.0000
    9.60    1.37500000   1.3750   0.7506   3.7768   3.8860   0.0000   0.0000
    9.60    1.37500000   1.3750   0.7526   3.7764   3.8820   0.0000   0.0000
    9.60    1.37600000   1.3760   0.7545   3.7760   3.8790   0.0000   0.0000
    9.60    1.37700000   1.3770   0.7564   3.7755   3.8750   0.0000   0.0000
    9.60    1.37700000   1.3770   0.7583   3.7750   3.8720   0.0000   0.0000
    9.60    1.37800000   1.3780   0.7601   3.7745   3.8680   0.0000   0.0000
    9.60    1.37900000   1.3790   0.7619   3.7740   3.8640   0.0000   0.0000
    9.60    1.37900000   1.3790   0.7636   3.7734   3.8610   0.0000   0.0000
    9.60    1.38000000   1.3800   0.7653   3.7728   3.8570   0.0000   0.0000
    9.60    1.38100000   1.3810   0.7668   3.7722   3.8530   0.0000   0.0000
    9.60    1.38100000   1.3810   0.7684   3.7715   3.8490   0.0000   0.0000
    9.60    1.38200000   1.3820   0.7698   3.7708   3.8450   0.0000   0.0000
    9.60    1.38300000   1.3830   0.7711   3.7701   3.8410   0.0000   0.0000
    9.60    1.38300000   1.3830   0.7724   3.7694   3.8370   0.0000   0.0000
    9.60    1.38400000   1.3840   0.7736   3.7686   3.8330   0.0000   0.0000
    9.60    1.38500000   1.3850   0.7746   3.7677   3.8280   0.0000   0.0000
    9.60    1.38600000   1.3860   0.7755   3.7667   3.8240   0.0000   0.0000
    9.60    1.38600000   1.3860   0.7762   3.7657   3.8200   0.0000   0.0000
    9.60    1.38700000   1.3870   0.7767   3.7647   3.8150   0.0000   0.0000
    9.60    1.38800000   1.3880   0.7770   3.7634   3.8100   0.0000   0.0000
    9.60    1.38800000   1.3880   0.7770   3.7621   3.8050   0.0000   0.0000
    9.60    1.38900000   1.3890   0.7770   3.7608   3.8000   0.0000   0.0000
    9.60    1.39000000   1.3900   0.7767   3.7595   3.7950   0.0000   0.0000
    9.60    1.39000000   1.3900   0.7760   3.7581   3.7900   0.0000   0.0000
    9.60    1.39100000   1.3910   0.7748   3.7564   3.7850   0.0000   0.0000
    9.60    1.39200000   1.3920   0.7731   3.7546   3.7800   0.0000   0.0000
    9.60    1.39200000   1.3920   0.7708   3.7526   3.7740   0.0000   0.0000
    9.60    1.39300000   1.3930   0.7679   3.7505   3.7690   0.0000   0.0000
    9.60    1.39400000   1.3940   0.7641   3.7483   3.7640   0.0000   0.0000
    9.60    1.39400000   1.3940   0.7594   3.7458   3.7590   0.0000   0.0000
    9.60    1.39500000   1.3950   0.7535   3.7432   3.7550   0.0000   0.0000
    9.60    1.39600000   1.3960   0.7466   3.7403   3.7510   0.0000   0.0000
    9.60    1.39700000   1.3970   0.7385   3.7373   3.7470   0.0000   0.0000
    9.60    1.39700000   1.3970   0.7289   3.7338   3.7430   0.0000   0.0000
    9.60    1.39800000   1.3980   0.7179   3.7299   3.7380   0.0000   0.0000
    9.60    1.39900000   1.3990   0.7057   3.7258   3.7340   0.0000   0.0000
    9.60    1.39900000   1.3990   0.6931   3.7222   3.7330   0.0000   0.0000
    9.60    1.40000000   1.4000   0.6798   3.7179   3.7290   0.0000   0.0000
    9.60    1.40100000   1.4010   0.6671   3.7137   3.7250   0.0000   0.0000
    9.60    1.40100000   1.4010   0.6556   3.7096   3.7200   0.0000   0.0000
    9.60    1.40200000   1.4020   0.6459   3.7055   3.7140   0.0000   0.0000
    9.60    1.40300000   1.4030   0.6393   3.7019   3.7060   0.0000   0.0000
    9.60    1.40300000   1.4030   0.6364   3.6991   3.6980   0.0000   0.0000
    9.60    1.40400000   1.4040   0.6360   3.6959   3.6860   0.0000   0.0000
    9.60    1.40500000   1.4050   0.6402   3.6930   3.6710   0.0000   0.0000
    9.60    1.40600000   1.4060   0.6444   3.6901   3.6550   0.0000   0.0000
    9.60    1.40600000   1.4060   0.6544   3.6885   3.6390   0.0000   0.0000
    9.60    1.40700000   1.4070   0.6655   3.6871   3.6220   0.0000   0.0000
    9.60    1.40800000   1.4080   0.6785   3.6858   3.6040   0.0000   0.0000
    9.60    1.40800000   1.4080   0.6926   3.6844   3.5850   0.0000   0.0000
    9.60    1.40900000   1.4090   0.7074   3.6832   3.5650   0.0000   0.0000
    9.60    1.41000000   1.4100   0.7229   3.6821   3.5450   0.0000   0.0000
    9.60    1.41000000   1.4100   0.7388   3.6810   3.5250   0.0000   0.0000
    9.60    1.41100000   1.4110   0.7554   3.6800   3.5050   0.0000   0.0000
    9.60    1.41200000   1.4120   0.7723   3.6789   3.4840   0.0000   0.0000
    9.60    1.41200000   1.4120   0.7895   3.6780   3.4630   0.0000   0.0000
    9.60    1.41300000   1.4130   0.8069   3.6770   3.4420   0.0000   0.0000
    9.60    1.41400000   1.4130   0.8257   3.6765   3.4220   0.0000   0.0000
    9.60    1.41500000   1.4140   0.8446   3.6761   3.4010   0.0000   0.0000
    9.60    1.41500000   1.4150   0.8640   3.6755   3.3790   0.0000   0.0000
    9.60    1.41600000   1.4150   0.8836   3.6748   3.3580   0.0000   0.0000
    9.60    1.41700000   1.4160   0.9040   3.6741   3.3340   0.0000   0.0000
    9.60    1.41700000   1.4170   0.9249   3.6734   3.3110   0.0000   0.0000
    9.60    1.41800000   1.4170   0.9466   3.6726   3.2860   0.0000   0.0000
    9.60    1.41900000   1.4180   0.9689   3.6719   3.2610   0.0000   0.0000
    9.60    1.41900000   1.4190   0.9919   3.6710   3.2350   0.0000   0.0000
    9.60    1.42000000   1.4190   1.0155   3.6700   3.2070   0.0000   0.0000
    9.60    1.42100000   1.4200   1.0399   3.6688   3.1780   0.0000   0.0000
    9.60    1.42200000   1.4200   1.0654   3.6673   3.1470   0.0000   0.0000
    9.60    1.42200000   1.4210   1.0921   3.6661   3.1160   0.0000   0.0000
    9.60    1.42300000   1.4220   1.1210   3.6655   3.0850   0.0000   0.0000
    9.60    1.42400000   1.4220   1.1491   3.6647   3.0540   0.0000   0.0000
    9.60    1.42400000   1.4230   1.1746   3.6633   3.0230   0.0000   0.0000
    9.60    1.42500000   1.4230   1.1999   3.6620   2.9920   0.0000   0.0000
    9.60    1.42600000   1.4240   1.2243   3.6610   2.9640   0.0000   0.0000
    9.60    1.42700000   1.4240   1.2470   3.6601   2.9380   0.0000   0.0000
    9.60    1.42700000   1.4250   1.2617   3.6594   2.9210   0.0000   0.0000
    9.60    1.42800000   1.4250   1.2773   3.6587   2.9020   0.0000   0.0000
    9.60    1.42900000   1.4250   1.2996   3.6576   2.8760   0.0000   0.0000
    9.60    1.42900000   1.4260   1.3238   3.6565   2.8470   0.0000   0.0000
    9.60    1.43000000   1.4260   1.3608   3.6545   2.8020   0.0000   0.0000
    9.60    1.43100000   1.4270   1.3984   3.6526   2.7570   0.0000   0.0000
    9.60    1.43100000   1.4270   1.4411   3.6508   2.7070   0.0000   0.0000
    9.60    1.43200000   1.4270   1.4842   3.6489   2.6570   0.0000   0.0000
    9.60    1.43300000   1.4270   1.5285   3.6458   2.6000   0.0000   0.0000
# log(age) Mini Mact logl logt logg Composition Phase
    9.65    0.80000000   0.8000  -0.6260   3.6718   4.6070   0.0000   0.0000
    9.65    0.90100000   0.9010  -0.3550   3.7121   4.5490   0.0000   0.0000
    9.65    1.01400000   1.0140  -0.0623   3.7488   4.4550   0.0000   0.0000
    9.65    1.14200000   1.1420   0.2312   3.7715   4.3030   0.0000   0.0000
    9.65    1.28500000   1.2850   0.4745   3.7678   4.0970   0.0000   0.0000
    9.65    1.30400000   1.3040   0.5090   3.7650   4.0570   0.0000   0.0000
    9.65    1.30500000   1.3050   0.5105   3.7650   4.0560   0.0000   0.0000
    9.65    1.30500000   1.3050   0.5123   3.7650   4.0540   0.0000   0.0000
    9.65    1.30600000   1.3060   0.5140   3.7650   4.0530   0.0000   0.0000
    9.65    1.30600000   1.3060   0.5157   3.7650   4.0510   0.0000   0.0000
    9.65    1.30700000   1.3070   0.5177   3.7652   4.0500   0.0000   0.0000
    9.65    1.30800000   1.3080   0.5197   3.7652   4.0490   0.0000   0.0000
    9.65    1.30800000   1.3080   0.5218   3.7653   4.0470   0.0000   0.0000
    9.65    1.30900000   1.3090   0.5242   3.7654   4.0450   0.0000   0.0000
    9.65    1.31000000   1.3100   0.5267   3.7656   4.0440   0.0000   0.0000
    9.65    1.31000000   1.3100   0.5295   3.7658   4.0420   0.0000   0.0000
    9.65    1.31100000   1.3110   0.5327   3.7660   4.0400   0.0000   0.0000
    9.65    1.31200000   1.3120   0.5362   3.7664   4.0380   0.0000   0.0000
    9.65    1.31200000   1.3120   0.5402   3.7668   4.0360   0.0000   0.0000
    9.65    1.31300000   1.3130   0.5450   3.7673   4.0340   0.0000   0.0000
    9.65    1.31400000   1.3140   0.5507   3.7681   4.0310   0.0000   0.0000
    9.65    1.31400000   1.3140   0.5581   3.7691   4.0280   0.0000   0.0000
    9.65    1.31500000   1.3150   0.5681   3.7706   4.0240   0.0000   0.0000
    9.65    1.31600000   1.3160   0.5828   3.7729   4.0190   0.0000   0.0000
    9.65    1.31600000   1.3160   0.6072   3.7763   4.0080   0.0000   0.0000
    9.65    1.31700000   1.3170   0.6479   3.7815   3.9880   0.0000   0.0000
    9.65    1.31700000   1.3170   0.6545   3.7784   3.9700   0.0000   0.0000
    9.65    1.31800000   1.3180   0.6578   3.7776   3.9640   0.0000   0.0000
    9.65    1.31900000   1.3190   0.6603   3.7771   3.9590   0.0000   0.0000
    9.65    1.31900000   1.3190   0.6627   3.7766   3.9550   0.0000   0.0000
    9.65    1.32000000   1.3200   0.6650   3.7762   3.9510   0.0000   0.0000
    9.65    1.32100000   1.3210   0.6673   3.7755   3.9470   0.0000   0.0000
    9.65    1.32100000   1.3210   0.6696   3.7752   3.9430   0.0000   0.0000
    9.65    1.32200000   1.3220   0.6718   3.7749   3.9400   0.0000   0.0000
    9.65    1.32300000   1.3230   0.6740   3.7746   3.9370   0.0000   0.0000
    9.65    1.32300000   1.3230   0.6762   3.7743   3.9340   0.0000   0.0000
    9.65    1.32400000   1.3240   0.6784   3.7740   3.9300   0.0000   0.0000
    9.65    1.32500000   1.3250   0.6805   3.7735   3.9260   0.0000   0.0000
    9.65    1.32500000   1.3250   0.6825   3.7731   3.9230   0.0000   0.0000
    9.65    1.32600000   1.3260   0.6846   3.7727   3.9200   0.0000   0.0000
    9.65    1.32700000   1.3270   0.6866   3.7723   3.9160   0.0000   0.0000
    9.65    1.32700000   1.3270   0.6886   3.7718   3.9130   0.0000   0.0000
    9.65    1.32800000   1.3280   0.6906   3.7715   3.9100   0.0000   0.0000
    9.65    1.32900000   1.3290   0.6925   3.7711   3.9060   0.0000   0.0000
    9.65    1.32900000   1.3290   0.6944   3.7706   3.9030   0.0000   0.0000
    9.65    1.33000000   1.3300   0.6962   3.7701   3.8990   0.0000   0.0000
    9.65    1.33100000   1.3310   0.6980   3.7696   3.8960   0.0000   0.0000
    9.65    1.33100000   1.3310   0.6997   3.7691   3.8920   0.0000   0.0000
    9.65    1.33200000   1.3320   0.7013   3.7685   3.8880   0.0000   0.0000
    9.65    1.33300000   1.3330   0.7029   3.7679   3.8850   0.0000   0.0000
    9.65    1.33300000   1.3330   0.7044   3.7673   3.8810   0.0000   0.0000
    9.65    1.33400000   1.3340   0.7057   3.7667   3.8770   0.0000   0.0000
    9.65    1.33400000   1.3340   0.7071   3.7660   3.8730   0.0000   0.0000
    9.65    1.33500000   1.3350   0.7082   3.7652   3.8690   0.0000   0.0000
    9.65    1.33600000   1.3360   0.7093   3.7643   3.8650   0.0000   0.0000
    9.65    1.33600000   1.3360   0.7102   3.7634   3.8600   0.0000   0.0000
    9.65    1.33700000   1.3370   0.7110   3.7625   3.8560   0.0000   0.0000
    9.65    1.33800000   1.3380   0.7116   3.7614   3.8510   0.0000   0.0000
    9.65    1.33800000   1.3380   0.7119   3.7602   3.8470   0.0000   0.0000
    9.65    1.33900000   1.3390   0.7120   3.7590   3.8420   0.0000   0.0000
    9.65    1.34000000   1.3400   0.7121   3.7577   3.8370   0.0000   0.0000
    9.65    1.34000000   1.3400   0.7119   3.7565   3.8320   0.0000   0.0000
    9.65    1.34100000   1.3410   0.7114   3.7551   3.8280   0.0000   0.0000
    9.65    1.34200000   1.3420   0.7104   3.7536   3.8230   0.0000   0.0000
    9.65    1.34200000   1.3420   0.7090   3.7519   3.8170   0.0000   0.0000
    9.65    1.34300000   1.3430   0.7069   3.7500   3.8120   0.0000   0.0000
    9.65    1.34400000   1.3440   0.7042   3.7479   3.8070   0.0000   0.0000
    9.65    1.34400000   1.3440   0.7007   3.7457   3.8020   0.0000   0.0000
    9.65    1.34500000   1.3450   0.6963   3.7434   3.7970   0.0000   0.0000
    9.65    1.34600000   1.3460   0.6910   3.7409   3.7930   0.0000   0.0000
    9.65    1.34600000   1.3460   0.6847   3.7383   3.7890   0.0000   0.0000
    9.65    1.34700000   1.3470   0.6775   3.7355   3.7850   0.0000   0.0000
    9.65    1.34800000   1.3480   0.6689   3.7322   3.7800   0.0000   0.0000
    9.65    1.34800000   1.3480   0.6590   3.7284   3.7750   0.0000   0.0000
    9.65    1.34900000   1.3490   0.6480   3.7245   3.7710   0.0000   0.0000
    9.65    1.35000000   1.3500   0.6368   3.7213   3.7700   0.0000   0.0000
    9.65    1.35000000   1.3500   0.6255   3.7172   3.7650   0.0000   0.0000
    9.65    1.35100000   1.3510   0.6148   3.7133   3.7600   0.0000   0.0000
    9.65    1.35200000   1.3520   0.6053   3.7096   3.7550   0.0000   0.0000
    9.65    1.35200000   1.3520   0.5968   3.7060   3.7490   0.0000   0.0000
    9.65    1.35300000   1.3530   0.5900   3.7026   3.7430   0.0000   0.0000
    9.65    1.35400000   1.3540   0.5858   3.6997   3.7350   0.0000   0.0000
    9.65    1.35400000   1.3540   0.5847   3.6973   3.7270   0.0000   0.0000
    9.65    1.35500000   1.3550   0.5848   3.6945   3.7160   0.0000   0.0000
    9.65    1.35600000   1.3560   0.5877   3.6919   3.7030   0.0000   0.0000
    9.65    1.35600000   1.3560   0.5907   3.6893   3.6900   0.0000   0.0000
    9.65    1.35700000   1.3570   0.5988   3.6882   3.6770   0.0000   0.0000
    9.65    1.35800000   1.3580   0.6077   3.6872   3.6650   0.0000   0.0000
    9.65    1.35800000   1.3580   0.6179   3.6862   3.6510   0.0000   0.0000
    9.65    1.35900000   1.3590   0.6290   3.6851   3.6360   0.0000   0.0000
    9.65    1.36000000   1.3600   0.6403   3.6840   3.6200   0.0000   0.0000
    9.65    1.36000000   1.3600   0.6520   3.6828   3.6040   0.0000   0.0000
    9.65    1.36100000   1.3610   0.6638   3.6817   3.5880   0.0000   0.0000
    9.65    1.36200000   1.3620   0.6769   3.6807   3.5710   0.0000   0.0000
    9.65    1.36200000   1.3620   0.6901   3.6798   3.5540   0.0000   0.0000
    9.65    1.36300000   1.3630   0.7039   3.6789   3.5370   0.0000   0.0000
    9.65    1.36400000   1.3640   0.7179   3.6780   3.5200   0.0000   0.0000
    9.65    1.36400000   1.3640   0.7327   3.6774   3.5030   0.0000   0.0000
    9.65    1.36500000   1.3650   0.7482   3.6769   3.4860   0.0000   0.0000
    9.65    1.36600000   1.3650   0.7640   3.6765   3.4680   0.0000   0.0000
    9.65    1.36700000   1.3660   0.7802   3.6760   3.4500   0.0000   0.0000
    9.65    1.36700000   1.3670   0.7966   3.6754   3.4320   0.0000   0.0000
    9.65    1.36800000   1.3670   0.8139   3.6749   3.4120   0.0000   0.0000
    9.65    1.36900000   1.3680   0.8314   3.6744   3.3930   0.0000   0.0000
    9.65    1.36900000   1.3690   0.8504   3.6741   3.3730   0.0000   0.0000
    9.65    1.37000000   1.3690   0.8697   3.6739   3.3530   0.0000   0.0000
    9.65    1.37100000   1.3700   0.8892   3.6732   3.3310   0.0000   0.0000
    9.65    1.37100000   1.3700   0.9088   3.6721   3.3080   0.0000   0.0000
    9.65    1.37200000   1.3710   0.9291   3.6710   3.2830   0.0000   0.0000
    9.65    1.37300000   1.3720   0.9499   3.6698   3.2570   0.0000   0.0000
    9.65    1.37300000   1.3720   0.9720   3.6689   3.2320   0.0000   0.0000
    9.65    1.37400000   1.3730   0.9969   3.6689   3.2070   0.0000   0.0000
    9.65    1.37500000   1.3730   1.0217   3.6687   3.1820   0.0000   0.0000
    9.65    1.37500000   1.3740   1.0455   3.6673   3.1530   0.0000   0.0000
    9.65    1.37600000   1.3740   1.0693   3.6659   3.1230   0.0000   0.0000
    9.65    1.37700000   1.3750   1.0946   3.6648   3.0940   0.0000   0.0000
    9.65    1.37700000   1.3750   1.1199   3.6636   3.0640   0.0000   0.0000
    9.65    1.37800000   1.3760   1.1443   3.6627   3.0360   0.0000   0.0000
    9.65    1.37900000   1.3760   1.1684   3.6618   3.0090   0.0000   0.0000
    9.65    1.37900000   1.3770   1.1954   3.6605   2.9770   0.0000   0.0000
    9.65    1.38000000   1.3770   1.2233   3.6591   2.9430   0.0000   0.0000
    9.65    1.38100000   1.3780   1.2571   3.6575   2.9030   0.0000   0.0000
    9.65    1.38100000   1.3780   1.2942   3.6557   2.8590   0.0000   0.0000
    9.65    1.38200000   1.3780   1.3296   3.6542   2.8180   0.0000   0.0000
    9.65    1.38300000   1.3790   1.3641   3.6531   2.7790   0.0000   0.0000
    9.65    1.38300000   1.3790   1.3970   3.6514   2.7390   0.0000   0.0000
    9.65    1.38400000   1.3790   1.4283   3.6493   2.6990   0.0000   0.0000
# log(age) Mini Mact logl logt logg Composition Phase
    9.70    0.80000000   0.8000  -0.6204   3.6723   4.6040   0.0000   0.0000
    9.70    0.90100000   0.9010  -0.3452   3.7129   4.5430   0.0000   0.0000
    9.70    1.01400000   1.0140  -0.0455   3.7497   4.4410   0.0000   0.0000
    9.70    1.14200000   1.1420   0.2504   3.7685   4.2720   0.0000   0.0000
    9.70    1.26100000   1.2610   0.4481   3.7595   4.0810   0.0000   0.0000
    9.70    1.26100000   1.2610   0.4497   3.7594   4.0800   0.0000   0.0000
    9.70    1.26200000   1.2620   0.4512   3.7594   4.0780   0.0000   0.0000
    9.70    1.26300000   1.2630   0.4530   3.7594   4.0770   0.0000   0.0000
    9.70    1.26300000   1.2630   0.4549   3.7594   4.0750   0.0000   0.0000
    9.70    1.26400000   1.2640   0.4567   3.7594   4.0740   0.0000   0.0000
    9.70    1.26500000   1.2650   0.4586   3.7595   4.0720   0.0000   0.0000
    9.70    1.26500000   1.2650   0.4608   3.7596   4.0710   0.0000   0.0000
    9.70    1.26600000   1.2660   0.4631   3.7597   4.0690   0.0000   0.0000
    9.70    1.26600000   1.2660   0.4656   3.7598   4.0670   0.0000   0.0000
    9.70    1.26700000   1.2670   0.4683   3.7600   4.0660   0.0000   0.0000
    9.70    1.26800000   1.2680   0.4714   3.7603   4.0640   0.0000   0.0000
    9.70    1.26800000   1.2680   0.4749   3.7606   4.0620   0.0000   0.0000
    9.70    1.26900000   1.2690   0.4788   3.7610   4.0600   0.0000   0.0000
    9.70    1.27000000   1.2700   0.4834   3.7615   4.0570   0.0000   0.0000
    9.70    1.27000000   1.2700   0.4890   3.7622   4.0550   0.0000   0.0000
    9.70    1.27100000   1.2710   0.4960   3.7631   4.0520   0.0000   0.0000
    9.70    1.27100000   1.2710   0.5056   3.7648   4.0490   0.0000   0.0000
    9.70    1.27200000   1.2720   0.5201   3.7671   4.0440   0.0000   0.0000
    9.70    1.27300000   1.2730   0.5444   3.7706   4.0340   0.0000   0.0000
    9.70    1.27300000   1.2730   0.5883   3.7758   4.0110   0.0000   0.0000
    9.70    1.27400000   1.2740   0.5964   3.7729   3.9910   0.0000   0.0000
    9.70    1.27500000   1.2750   0.5998   3.7719   3.9840   0.0000   0.0000
    9.70    1.27500000   1.2750   0.6022   3.7713   3.9790   0.0000   0.0000
    9.70    1.27600000   1.2760   0.6045   3.7708   3.9760   0.0000   0.0000
    9.70    1.27600000   1.2760   0.6067   3.7704   3.9720   0.0000   0.0000
    9.70    1.27700000   1.2770   0.6090   3.7699   3.9680   0.0000   0.0000
    9.70    1.27800000   1.2780   0.6112   3.7696   3.9640   0.0000   0.0000
    9.70    1.27800000   1.2780   0.6133   3.7692   3.9610   0.0000   0.0000
    9.70    1.27900000   1.2790   0.6154   3.7689   3.9580   0.0000   0.0000
    9.70    1.28000000   1.2800   0.6175   3.7685   3.9550   0.0000   0.0000
    9.70    1.28000000   1.2800   0.6196   3.7682   3.9510   0.0000   0.0000
    9.70    1.28100000   1.2810   0.6216   3.7677   3.9480   0.0000   0.0000
    9.70    1.28200000   1.2820   0.6235   3.7673   3.9440   0.0000   0.0000
    9.70    1.28200000   1.2820   0.6255   3.7669   3.9410   0.0000   0.0000
    9.70    1.28300000   1.2830   0.6274   3.7664   3.9370   0.0000   0.0000
    9.70    1.28300000   1.2830   0.6292   3.7660   3.9340   0.0000   0.0000
    9.70    1.28400000   1.2840   0.6311   3.7656   3.9310   0.0000   0.0000
    9.70    1.28500000   1.2850   0.6330   3.7652   3.9270   0.0000   0.0000
    9.70    1.28500000   1.2850   0.6348   3.7647   3.9240   0.0000   0.0000
    9.70    1.28600000   1.2860   0.6365   3.7643   3.9210   0.0000   0.0000
    9.70    1.28700000   1.2870   0.6382   3.7638   3.9170   0.0000   0.0000
    9.70    1.28700000   1.2870   0.6399   3.7633   3.9140   0.0000   0.0000
    9.70    1.28800000   1.2880   0.6415   3.7627   3.9100   0.0000   0.0000
    9.70    1.28900000   1.2890   0.6430   3.7622   3.9070   0.0000   0.0000
    9.70    1.28900000   1.2890   0.6444   3.7616   3.9030   0.0000   0.0000
    9.70    1.29000000   1.2900   0.6458   3.7609   3.8990   0.0000   0.0000
    9.70    1.29000000   1.2900   0.6471   3.7602   3.8960   0.0000   0.0000
    9.70    1.29100000   1.2910   0.6483   3.7596   3.8920   0.0000   0.0000
    9.70    1.29200000   1.2920   0.6494   3.7588   3.8880   0.0000   0.0000
    9.70    1.29200000   1.2920   0.6503   3.7580   3.8840   0.0000   0.0000
    9.70    1.29300000   1.2930   0.6512   3.7572   3.8800   0.0000   0.0000
    9.70    1.29400000   1.2940   0.6518   3.7562   3.8760   0.0000   0.0000
    9.70    1.29400000   1.2940   0.6523   3.7552   3.8710   0.0000   0.0000
    9.70    1.29500000   1.2950   0.6526   3.7541   3.8670   0.0000   0.0000
    9.70    1.29600000   1.2960   0.6526   3.7530   3.8630   0.0000   0.0000
    9.70    1.29600000   1.2960   0.6526   3.7518   3.8580   0.0000   0.0000
    9.70    1.29700000   1.2970   0.6523   3.7506   3.8540   0.0000   0.0000
    9.70    1.29700000   1.2970   0.6516   3.7493   3.8500   0.0000   0.0000
    9.70    1.29800000   1.2980   0.6505   3.7479   3.8450   0.0000   0.0000
    9.70    1.29900000   1.2990   0.6491   3.7464   3.8410   0.0000   0.0000
    9.70    1.29900000   1.2990   0.6474   3.7446   3.8360   0.0000   0.0000
    9.70    1.30000000   1.3000   0.6450   3.7427   3.8310   0.0000   0.0000
    9.70    1.30100000   1.3010   0.6420   3.7406   3.8260   0.0000   0.0000
    9.70    1.30100000   1.3010   0.6382   3.7385   3.8210   0.0000   0.0000
    9.70    1.30200000   1.3020   0.6337   3.7362   3.8170   0.0000   0.0000
    9.70    1.30300000   1.3030   0.6284   3.7338   3.8130   0.0000   0.0000
    9.70    1.30300000   1.3030   0.6224   3.7313   3.8090   0.0000   0.0000
    9.70    1.30400000   1.3040   0.6154   3.7284   3.8050   0.0000   0.0000
    9.70    1.30500000   1.3050   0.6074   3.7253   3.8000   0.0000   0.0000
    9.70    1.30500000   1.3050   0.5985   3.7219   3.7960   0.0000   0.0000
    9.70    1.30600000   1.3060   0.5893   3.7186   3.7920   0.0000   0.0000
    9.70    1.30600000   1.3060   0.5797   3.7149   3.7870   0.0000   0.0000
    9.70    1.30700000   1.3070   0.5703   3.7112   3.7820   0.0000   0.0000
    9.70    1.30800000   1.3080   0.5617   3.7077   3.7770   0.0000   0.0000
    9.70    1.30800000   1.3080   0.5545   3.7044   3.7710   0.0000   0.0000
    9.70    1.30900000   1.3090   0.5486   3.7011   3.7640   0.0000   0.0000
    9.70    1.31000000   1.3100   0.5451   3.6981   3.7550   0.0000   0.0000
    9.70    1.31000000   1.3100   0.5441   3.6955   3.7460   0.0000   0.0000
    9.70    1.31100000   1.3110   0.5447   3.6928   3.7350   0.0000   0.0000
    9.70    1.31200000   1.3120   0.5480   3.6905   3.7230   0.0000   0.0000
    9.70    1.31200000   1.3120   0.5517   3.6883   3.7100   0.0000   0.0000
    9.70    1.31300000   1.3130   0.5596   3.6870   3.6980   0.0000   0.0000
    9.70    1.31400000   1.3130   0.5674   3.6858   3.6850   0.0000   0.0000
    9.70    1.31400000   1.3140   0.5775   3.6848   3.6710   0.0000   0.0000
    9.70    1.31500000   1.3150   0.5879   3.6838   3.6570   0.0000   0.0000
    9.70    1.31600000   1.3150   0.5987   3.6827   3.6420   0.0000   0.0000
    9.70    1.31600000   1.3160   0.6096   3.6815   3.6270   0.0000   0.0000
    9.70    1.31700000   1.3170   0.6211   3.6805   3.6110   0.0000   0.0000
    9.70    1.31700000   1.3170   0.6335   3.6795   3.5950   0.0000   0.0000
    9.70    1.31800000   1.3180   0.6461   3.6786   3.5790   0.0000   0.0000
    9.70    1.31900000   1.3180   0.6595   3.6779   3.5630   0.0000   0.0000
    9.70    1.31900000   1.3190   0.6729   3.6771   3.5470   0.0000   0.0000
    9.70    1.32000000   1.3200   0.6879   3.6768   3.5310   0.0000   0.0000
    9.70    1.32100000   1.3200   0.7029   3.6766   3.5150   0.0000   0.0000
    9.70    1.32100000   1.3210   0.7186   3.6762   3.4980   0.0000   0.0000
    9.70    1.32200000   1.3210   0.7344   3.6758   3.4810   0.0000   0.0000
    9.70    1.32300000   1.3220   0.7505   3.6752   3.4630   0.0000   0.0000
    9.70    1.32300000   1.3230   0.7667   3.6745   3.4440   0.0000   0.0000
    9.70    1.32400000   1.3230   0.7840   3.6741   3.4250   0.0000   0.0000
    9.70    1.32500000   1.3240   0.8023   3.6739   3.4060   0.0000   0.0000
    9.70    1.32500000   1.3240   0.8210   3.6734   3.3860   0.0000   0.0000
    9.70    1.32600000   1.3250   0.8400   3.6726   3.3640   0.0000   0.0000
    9.70    1.32700000   1.3260   0.8593   3.6717   3.3410   0.0000   0.0000
    9.70    1.32700000   1.3260   0.8792   3.6706   3.3170   0.0000   0.0000
    9.70    1.32800000   1.3270   0.8998   3.6697   3.2930   0.0000   0.0000
    9.70    1.32900000   1.3270   0.9239   3.6698   3.2690   0.0000   0.0000
    9.70    1.32900000   1.3280   0.9480   3.6698   3.2450   0.0000   0.0000
    9.70    1.33000000   1.3280   0.9725   3.6684   3.2150   0.0000   0.0000
    9.70    1.33100000   1.3290   0.9972   3.6671   3.1860   0.0000   0.0000
    9.70    1.33100000   1.3290   1.0252   3.6659   3.1530   0.0000   0.0000
    9.70    1.33200000   1.3300   1.0532   3.6647   3.1200   0.0000   0.0000
    9.70    1.33300000   1.3300   1.0853   3.6635   3.0840   0.0000   0.0000
    9.70    1.33300000   1.3310   1.1173   3.6624   3.0480   0.0000   0.0000
    9.70    1.33400000   1.3310   1.1519   3.6607   3.0060   0.0000   0.0000
    9.70    1.33400000   1.3320   1.1864   3.6589   2.9650   0.0000   0.0000
    9.70    1.33500000   1.3320   1.2232   3.6572   2.9210   0.0000   0.0000
    9.70    1.33600000   1.3330   1.2602   3.6555   2.8770   0.0000   0.0000
    9.70    1.33600000   1.3330   1.2913   3.6546   2.8430   0.0000   0.0000
    9.70    1.33700000   1.3330   1.3222   3.6537   2.8090   0.0000   0.0000
    9.70    1.33800000   1.3330   1.3540   3.6517   2.7690   0.0000   0.0000
# log(age) Mini Mact logl logt logg Composition Phase
    9.75    0.80000000   0.8000  -0.6139   3.6730   4.6000   0.0000   0.0000
    9.75    0.90100000   0.9010  -0.3340   3.7139   4.5350   0.0000   0.0000
    9.75    1.01400000   1.0140  -0.0259   3.7504   4.4250   0.0000   0.0000
    9.75    1.14200000   1.1420   0.2747   3.7648   4.2330   0.0000   0.0000
    9.75    1.19100000   1.1910   0.3931   3.7662   4.1380   0.0000   0.0000
    9.75    1.19100000   1.1910   0.3955   3.7664   4.1370   0.0000   0.0000
    9.75    1.19200000   1.1920   0.3981   3.7666   4.1350   0.0000   0.0000
    9.75    1.19200000   1.1920   0.4009   3.7668   4.1340   0.0000   0.0000
    9.75    1.19300000   1.1930   0.4037   3.7670   4.1320   0.0000   0.0000
    9.75    1.19400000   1.1940   0.4066   3.7672   4.1300   0.0000   0.0000
    9.75    1.19400000   1.1940   0.4095   3.7674   4.1280   0.0000   0.0000
    9.75    1.19500000   1.1950   0.4125   3.7677   4.1260   0.0000   0.0000
    9.75    1.19500000   1.1950   0.4158   3.7679   4.1240   0.0000   0.0000
    9.75    1.19600000   1.1960   0.4192   3.7682   4.1220   0.0000   0.0000
    9.75    1.19600000   1.1960   0.4226   3.7685   4.1200   0.0000   0.0000
    9.75    1.19700000   1.1970   0.4261   3.7688   4.1180   0.0000   0.0000
    9.75    1.19800000   1.1980   0.4297   3.7691   4.1160   0.0000   0.0000
    9.75    1.19800000   1.1980   0.4333   3.7694   4.1140   0.0000   0.0000
    9.75    1.19900000   1.1990   0.4372   3.7696   4.1110   0.0000   0.0000
    9.75    1.19900000   1.1990   0.4411   3.7699   4.1080   0.0000   0.0000
    9.75    1.20000000   1.2000   0.4451   3.7701   4.1060   0.0000   0.0000
    9.75    1.20100000   1.2010   0.4491   3.7704   4.1030   0.0000   0.0000
    9.75    1.20100000   1.2010   0.4533   3.7706   4.1000   0.0000   0.0000
    9.75    1.20200000   1.2020   0.4575   3.7709   4.0970   0.0000   0.0000
    9.75    1.20200000   1.2020   0.4606   3.7708   4.0940   0.0000   0.0000
    9.75    1.20300000   1.2030   0.4627   3.7703   4.0900   0.0000   0.0000
    9.75    1.20400000   1.2040   0.4649   3.7699   4.0860   0.0000   0.0000
    9.75    1.20400000   1.2040   0.4671   3.7694   4.0820   0.0000   0.0000
    9.75    1.20500000   1.2050   0.4693   3.7689   4.0780   0.0000   0.0000
    9.75    1.20500000   1.2050   0.4714   3.7685   4.0750   0.0000   0.0000
    9.75    1.20600000   1.2060   0.4731   3.7684   4.0730   0.0000   0.0000
    9.75    1.20700000   1.2070   0.4748   3.7683   4.0710   0.0000   0.0000
    9.75    1.20700000   1.2070   0.4766   3.7681   4.0690   0.0000   0.0000
    9.75    1.20800000   1.2080   0.4783   3.7680   4.0670   0.0000   0.0000
    9.75    1.20800000   1.2080   0.4800   3.7679   4.0650   0.0000   0.0000
    9.75    1.20900000   1.2090   0.4817   3.7678   4.0630   0.0000   0.0000
    9.75    1.21000000   1.2100   0.4834   3.7677   4.0610   0.0000   0.0000
    9.75    1.21000000   1.2100   0.4850   3.7675   4.0590   0.0000   0.0000
    9.75    1.21100000   1.2110   0.4867   3.7674   4.0570   0.0000   0.0000
    9.75    1.21100000   1.2110   0.4884   3.7673   4.0550   0.0000   0.0000
    9.75    1.21200000   1.2120   0.4900   3.7672   4.0530   0.0000   0.0000
    9.75    1.21300000   1.2130   0.4917   3.7671   4.0510   0.0000   0.0000
    9.75    1.21300000   1.2130   0.4934   3.7670   4.0500   0.0000   0.0000
    9.75    1.21400000   1.2140   0.4951   3.7669   4.0480   0.0000   0.0000
    9.75    1.21400000   1.2140   0.4967   3.7668   4.0460   0.0000   0.0000
    9.75    1.21500000   1.2150   0.4984   3.7667   4.0440   0.0000   0.0000
    9.75    1.21600000   1.2160   0.5001   3.7666   4.0420   0.0000   0.0000
    9.75    1.21600000   1.2160   0.5018   3.7665   4.0400   0.0000   0.0000
    9.75    1.21700000   1.2170   0.5035   3.7664   4.0380   0.0000   0.0000
    9.75    1.21700000   1.2170   0.5052   3.7663   4.0360   0.0000   0.0000
    9.75    1.21800000   1.2180   0.5069   3.7662   4.0350   0.0000   0.0000
    9.75    1.21900000   1.2190   0.5085   3.7661   4.0330   0.0000   0.0000
    9.75    1.21900000   1.2190   0.5102   3.7660   4.0310   0.0000   0.0000
    9.75    1.22000000   1.2200   0.5119   3.7659   4.0290   0.0000   0.0000
    9.75    1.22000000   1.2200   0.5136   3.7657   4.0270   0.0000   0.0000
    9.75    1.22100000   1.2210   0.5153   3.7656   4.0250   0.0000   0.0000
    9.75    1.22200000   1.2220   0.5170   3.7655   4.0230   0.0000   0.0000
    9.75    1.22200000   1.2220   0.5187   3.7654   4.0210   0.0000   0.0000
    9.75    1.22300000   1.2230   0.5204   3.7652   4.0190   0.0000   0.0000
    9.75    1.22300000   1.2230   0.5221   3.7651   4.0170   0.0000   0.0000
    9.75    1.22400000   1.2240   0.5238   3.7650   4.0150   0.0000   0.0000
    9.75    1.22500000   1.2250   0.5255   3.7648   4.0130   0.0000   0.0000
    9.75    1.22500000   1.2250   0.5272   3.7647   4.0110   0.0000   0.0000
    9.75    1.22600000   1.2260   0.5289   3.7645   4.0090   0.0000   0.0000
    9.75    1.22600000   1.2260   0.5306   3.7644   4.0060   0.0000   0.0000
    9.75    1.22700000   1.2270   0.5323   3.7642   4.0040   0.0000   0.0000
    9.75    1.22800000   1.2280   0.5340   3.7640   4.0020   0.0000   0.0000
    9.75    1.22800000   1.2280   0.5357   3.7639   4.0000   0.0000   0.0000
    9.75    1.22900000   1.2290   0.5374   3.7637   3.9980   0.0000   0.0000
    9.75    1.22900000   1.2290   0.5391   3.7635   3.9960   0.0000   0.0000
    9.75    1.23000000   1.2300   0.5408   3.7633   3.9930   0.0000   0.0000
    9.75    1.23100000   1.2310   0.5425   3.7631   3.9910   0.0000   0.0000
    9.75    1.23100000   1.2310   0.5442   3.7629   3.9890   0.0000   0.0000
    9.75    1.23200000   1.2320   0.5459   3.7627   3.9860   0.0000   0.0000
    9.75    1.23200000   1.2320   0.5476   3.7625   3.9840   0.0000   0.0000
    9.75    1.23300000   1.2330   0.5492   3.7623   3.9820   0.0000   0.0000
    9.75    1.23400000   1.2340   0.5509   3.7620   3.9790   0.0000   0.0000
    9.75    1.23400000   1.2340   0.5526   3.7618   3.9770   0.0000   0.0000
    9.75    1.23500000   1.2350   0.5542   3.7615   3.9750   0.0000   0.0000
    9.75    1.23600000   1.2360   0.5559   3.7613   3.9720   0.0000   0.0000
    9.75    1.23600000   1.2360   0.5576   3.7611   3.9700   0.0000   0.0000
    9.75    1.23700000   1.2370   0.5593   3.7608   3.9670   0.0000   0.0000
    9.75    1.23700000   1.2370   0.5610   3.7606   3.9650   0.0000   0.0000
    9.75    1.23800000   1.2380   0.5627   3.7603   3.9620   0.0000   0.0000
    9.75    1.23900000   1.2390   0.5643   3.7600   3.9600   0.0000   0.0000
    9.75    1.23900000   1.2390   0.5660   3.7598   3.9570   0.0000   0.0000
    9.75    1.24000000   1.2400   0.5676   3.7595   3.9550   0.0000   0.0000
    9.75    1.24000000   1.2400   0.5693   3.7592   3.9520   0.0000   0.0000
    9.75    1.24100000   1.2410   0.5709   3.7588   3.9490   0.0000   0.0000
    9.75    1.24200000   1.2420   0.5725   3.7585   3.9470   0.0000   0.0000
    9.75    1.24200000   1.2420   0.5740   3.7582   3.9440   0.0000   0.0000
    9.75    1.24300000   1.2430   0.5756   3.7578   3.9410   0.0000   0.0000
    9.75    1.24300000   1.2430   0.5771   3.7574   3.9380   0.0000   0.0000
    9.75    1.24400000   1.2440   0.5786   3.7570   3.9350   0.0000   0.0000
    9.75    1.24500000   1.2450   0.5801   3.7566   3.9320   0.0000   0.0000
    9.75    1.24500000   1.2450   0.5815   3.7561   3.9290   0.0000   0.0000
    9.75    1.24600000   1.2460   0.5829   3.7557   3.9260   0.0000   0.0000
    9.75    1.24700000   1.2470   0.5843   3.7551   3.9230   0.0000   0.0000
    9.75    1.24700000   1.2470   0.5856   3.7546   3.9200   0.0000   0.0000
    9.75    1.24800000   1.2480   0.5869   3.7541   3.9170   0.0000   0.0000
    9.75    1.24800000   1.2480   0.5881   3.7536   3.9140   0.0000   0.0000
    9.75    1.24900000   1.2490   0.5893   3.7531   3.9110   0.0000   0.0000
    9.75    1.25000000   1.2500   0.5904   3.7525   3.9070   0.0000   0.0000
    9.75    1.25000000   1.2500   0.5913   3.7518   3.9040   0.0000   0.0000
    9.75    1.25100000   1.2510   0.5921   3.7509   3.9000   0.0000   0.0000
    9.75    1.25100000   1.2510   0.5926   3.7499   3.8950   0.0000   0.0000
    9.75    1.25200000   1.2520   0.5930   3.7490   3.8920   0.0000   0.0000
    9.75    1.25300000   1.2530   0.5932   3.7480   3.8880   0.0000   0.0000
    9.75    1.25300000   1.2530   0.5932   3.7470   3.8840   0.0000   0.0000
    9.75    1.25400000   1.2540   0.5930   3.7459   3.8800   0.0000   0.0000
    9.75    1.25500000   1.2550   0.5926   3.7448   3.8760   0.0000   0.0000
    9.75    1.25500000   1.2550   0.5918   3.7436   3.8720   0.0000   0.0000
    9.75    1.25600000   1.2560   0.5906   3.7422   3.8680   0.0000   0.0000
    9.75    1.25600000   1.2560   0.5893   3.7409   3.8640   0.0000   0.0000
    9.75    1.25700000   1.2570   0.5879   3.7393   3.8600   0.0000   0.0000
    9.75    1.25800000   1.2580   0.5858   3.7375   3.8550   0.0000   0.0000
    9.75    1.25800000   1.2580   0.5832   3.7356   3.8500   0.0000   0.0000
    9.75    1.25900000   1.2590   0.5800   3.7336   3.8450   0.0000   0.0000
    9.75    1.26000000   1.2600   0.5764   3.7315   3.8410   0.0000   0.0000
    9.75    1.26000000   1.2600   0.5720   3.7293   3.8370   0.0000   0.0000
    9.75    1.26100000   1.2610   0.5671   3.7270   3.8330   0.0000   0.0000
    9.75    1.26100000   1.2610   0.5614   3.7245   3.8290   0.0000   0.0000
    9.75    1.26200000   1.2620   0.5553   3.7220   3.8250   0.0000   0.0000
    9.75    1.26300000   1.2630   0.5484   3.7191   3.8200   0.0000   0.0000
    9.75    1.26300000   1.2630   0.5410   3.7158   3.8150   0.0000   0.0000
    9.75    1.26400000   1.2640   0.5336   3.7126   3.8100   0.0000   0.0000
    9.75    1.26500000   1.2650   0.5264   3.7094   3.8040   0.0000   0.0000
    9.75    1.26500000   1.2650   0.5197   3.7064   3.7990   0.0000   0.0000
    9.75    1.26600000   1.2660   0.5143   3.7036   3.7940   0.0000   0.0000
    9.75    1.26600000   1.2660   0.5096   3.7007   3.7870   0.0000   0.0000
    9.75    1.26700000   1.2670   0.5060   3.6976   3.7780   0.0000   0.0000
    9.75    1.26800000   1.2680   0.5051   3.6952   3.7700   0.0000   0.0000
    9.75    1.26800000   1.2680   0.5039   3.6923   3.7590   0.0000   0.0000
    9.75    1.26900000   1.2690   0.5077   3.6905   3.7490   0.0000   0.0000
    9.75    1.27000000   1.2690   0.5114   3.6887   3.7380   0.0000   0.0000
    9.75    1.27000000   1.2700   0.5168   3.6870   3.7260   0.0000   0.0000
    9.75    1.27100000   1.2710   0.5233   3.6854   3.7130   0.0000   0.0000
    9.75    1.27100000   1.2710   0.5304   3.6840   3.7010   0.0000   0.0000
    9.75    1.27200000   1.2720   0.5401   3.6831   3.6880   0.0000   0.0000
    9.75    1.27300000   1.2730   0.5497   3.6822   3.6750   0.0000   0.0000
    9.75    1.27300000   1.2730   0.5599   3.6812   3.6610   0.0000   0.0000
    9.75    1.27400000   1.2740   0.5702   3.6802   3.6460   0.0000   0.0000
    9.75    1.27500000   1.2740   0.5812   3.6792   3.6320   0.0000   0.0000
    9.75    1.27500000   1.2750   0.5930   3.6784   3.6170   0.0000   0.0000
    9.75    1.27600000   1.2750   0.6050   3.6776   3.6020   0.0000   0.0000
    9.75    1.27600000   1.2760   0.6181   3.6769   3.5860   0.0000   0.0000
    9.75    1.27700000   1.2770   0.6312   3.6763   3.5710   0.0000   0.0000
    9.75    1.27800000   1.2770   0.6456   3.6761   3.5560   0.0000   0.0000
    9.75    1.27800000   1.2780   0.6604   3.6761   3.5410   0.0000   0.0000
    9.75    1.27900000   1.2780   0.6758   3.6759   3.5250   0.0000   0.0000
    9.75    1.28000000   1.2790   0.6919   3.6757   3.5090   0.0000   0.0000
    9.75    1.28000000   1.2800   0.7078   3.6753   3.4910   0.0000   0.0000
    9.75    1.28100000   1.2800   0.7232   3.6743   3.4720   0.0000   0.0000
    9.75    1.28200000   1.2810   0.7386   3.6734   3.4530   0.0000   0.0000
    9.75    1.28200000   1.2810   0.7562   3.6728   3.4330   0.0000   0.0000
    9.75    1.28300000   1.2820   0.7740   3.6722   3.4140   0.0000   0.0000
    9.75    1.28300000   1.2820   0.7932   3.6717   3.3930   0.0000   0.0000
    9.75    1.28400000   1.2830   0.8131   3.6712   3.3710   0.0000   0.0000
    9.75    1.28500000   1.2840   0.8335   3.6705   3.3480   0.0000   0.0000
    9.75    1.28500000   1.2840   0.8545   3.6695   3.3230   0.0000   0.0000
    9.75    1.28600000   1.2850   0.8764   3.6687   3.2980   0.0000   0.0000
    9.75    1.28700000   1.2850   0.9013   3.6683   3.2720   0.0000   0.0000
    9.75    1.28700000   1.2860   0.9263   3.6679   3.2460   0.0000   0.0000
    9.75    1.28800000   1.2860   0.9531   3.6667   3.2140   0.0000   0.0000
    9.75    1.28900000   1.2870   0.9798   3.6655   3.1830   0.0000   0.0000
    9.75    1.28900000   1.2870   1.0104   3.6645   3.1480   0.0000   0.0000
    9.75    1.29000000   1.2880   1.0416   3.6635   3.1130   0.0000   0.0000
    9.75    1.29000000   1.2880   1.0759   3.6622   3.0740   0.0000   0.0000
    9.75    1.29100000   1.2890   1.1115   3.6607   3.0320   0.0000   0.0000
    9.75    1.29200000   1.2890   1.1496   3.6591   2.9880   0.0000   0.0000
    9.75    1.29200000   1.2890   1.1897   3.6572   2.9400   0.0000   0.0000
    9.75    1.29300000   1.2900   1.2263   3.6554   2.8970   0.0000   0.0000
    9.75    1.29400000   1.2900   1.2578   3.6539   2.8590   0.0000   0.0000
    9.75    1.29400000   1.2900   1.2898   3.6524   2.8210   0.0000   0.0000
    9.75    1.29500000   1.2900   1.3228   3.6512   2.7840   0.0000   0.0000
    9.75    1.29600000   1.2900   1.3609   3.6497   2.7390   0.0000   0.0000
    9.75    1.29600000   1.2900   1.4221   3.6461   2.6640   0.0000   0.0000
# log(age) Mini Mact logl logt logg Composition Phase
    9.80    0.80000000   0.8000  -0.6064   3.6738   4.5960   0.0000   0.0000
    9.80    0.90100000   0.9010  -0.3208   3.7150   4.5260   0.0000   0.0000
    9.80    1.01400000   1.0140  -0.0030   3.7512   4.4050   0.0000   0.0000
    9.80    1.09100000   1.0910   0.2071   3.7656   4.2840   0.0000   0.0000
    9.80    1.09100000   1.0910   0.2086   3.7656   4.2830   0.0000   0.0000
    9.80    1.09200000   1.0920   0.2102   3.7657   4.2820   0.0000   0.0000
    9.80    1.09300000   1.0930   0.2117   3.7658   4.2810   0.0000   0.0000
    9.80    1.09300000   1.0930   0.2132   3.7659   4.2800   0.0000   0.0000
    9.80    1.09400000   1.0940   0.2148   3.7659   4.2790   0.0000   0.0000
    9.80    1.09400000   1.0940   0.2163   3.7660   4.2780   0.0000   0.0000
    9.80    1.09500000   1.0950   0.2179   3.7661   4.2770   0.0000   0.0000
    9.80    1.09500000   1.0950   0.2195   3.7662   4.2760   0.0000   0.0000
    9.80    1.09600000   1.0960   0.2210   3.7662   4.2750   0.0000   0.0000
    9.80    1.09600000   1.0960   0.2226   3.7663   4.2740   0.0000   0.0000
    9.80    1.09700000   1.0970   0.2242   3.7664   4.2720   0.0000   0.0000
    9.80    1.09700000   1.0970   0.2257   3.7664   4.2710   0.0000   0.0000
    9.80    1.09800000   1.0980   0.2273   3.7665   4.2700   0.0000   0.0000
    9.80    1.09900000   1.0990   0.2289   3.7666   4.2690   0.0000   0.0000
    9.80    1.09900000   1.0990   0.2305   3.7667   4.2680   0.0000   0.0000
    9.80    1.10000000   1.1000   0.2321   3.7667   4.2670   0.0000   0.0000
    9.80    1.10000000   1.1000   0.2336   3.7668   4.2660   0.0000   0.0000
    9.80    1.10100000   1.1010   0.2351   3.7668   4.2650   0.0000   0.0000
    9.80    1.10100000   1.1010   0.2366   3.7668   4.2640   0.0000   0.0000
    9.80    1.10200000   1.1020   0.2381   3.7668   4.2620   0.0000   0.0000
    9.80    1.10200000   1.1020   0.2396   3.7668   4.2610   0.0000   0.0000
    9.80    1.10300000   1.1030   0.2411   3.7669   4.2600   0.0000   0.0000
    9.80    1.10300000   1.1030   0.2426   3.7669   4.2590   0.0000   0.0000
    9.80    1.10400000   1.1040   0.2441   3.7669   4.2570   0.0000   0.0000
    9.80    1.10400000   1.1040   0.2456   3.7669   4.2560   0.0000   0.0000
    9.80    1.10500000   1.1050   0.2471   3.7669   4.2550   0.0000   0.0000
    9.80    1.10600000   1.1060   0.2486   3.7669   4.2530   0.0000   0.0000
    9.80    1.10600000   1.1060   0.2502   3.7669   4.2520   0.0000   0.0000
    9.80    1.10700000   1.1070   0.2517   3.7669   4.2510   0.0000   0.0000
    9.80    1.10700000   1.1070   0.2532   3.7668   4.2490   0.0000   0.0000
    9.80    1.10800000   1.1080   0.2548   3.7668   4.2480   0.0000   0.0000
    9.80    1.10800000   1.1080   0.2563   3.7668   4.2470   0.0000   0.0000
    9.80    1.10900000   1.1090   0.2578   3.7668   4.2450   0.0000   0.0000
    9.80    1.10900000   1.1090   0.2593   3.7668   4.2440   0.0000   0.0000
    9.80    1.11000000   1.1100   0.2609   3.7668   4.2430   0.0000   0.0000
    9.80    1.11100000   1.1110   0.2624   3.7668   4.2410   0.0000   0.0000
    9.80    1.11100000   1.1110   0.2639   3.7668   4.2400   0.0000   0.0000
    9.80    1.11200000   1.1120   0.2655   3.7668   4.2390   0.0000   0.0000
    9.80    1.11200000   1.1120   0.2670   3.7668   4.2370   0.0000   0.0000
    9.80    1.11300000   1.1130   0.2685   3.7668   4.2360   0.0000   0.0000
    9.80    1.11300000   1.1130   0.2701   3.7668   4.2350   0.0000   0.0000
    9.80    1.11400000   1.1140   0.2716   3.7668   4.2330   0.0000   0.0000
    9.80    1.11400000   1.1140   0.2731   3.7668   4.2320   0.0000   0.0000
    9.80    1.11500000   1.1150   0.2747   3.7668   4.2310   0.0000   0.0000
    9.80    1.11500000   1.1150   0.2762   3.7668   4.2290   0.0000   0.0000
    9.80    1.11600000   1.1160   0.2777   3.7668   4.2280   0.0000   0.0000
    9.80    1.11700000   1.1170   0.2793   3.7667   4.2270   0.0000   0.0000
    9.80    1.11700000   1.1170   0.2808   3.7667   4.2250   0.0000   0.0000
    9.80    1.11800000   1.1180   0.2824   3.7667   4.2240   0.0000   0.0000
    9.80    1.11800000   1.1180   0.2839   3.7667   4.2220   0.0000   0.0000
    9.80    1.11900000   1.1190   0.2854   3.7667   4.2210   0.0000   0.0000
    9.80    1.11900000   1.1190   0.2870   3.7667   4.2200   0.0000   0.0000
    9.80    1.12000000   1.1200   0.2885   3.7667   4.2180   0.0000   0.0000
    9.80    1.12000000   1.1200   0.2901   3.7667   4.2170   0.0000   0.0000
    9.80    1.12100000   1.1210   0.2916   3.7667   4.2160   0.0000   0.0000
    9.80    1.12200000   1.1220   0.2932   3.7666   4.2140   0.0000   0.0000
    9.80    1.12200000   1.1220   0.2947   3.7666   4.2130   0.0000   0.0000
    9.80    1.12300000   1.1230   0.2963   3.7666   4.2110   0.0000   0.0000
    9.80    1.12300000   1.1230   0.2978   3.7666   4.2100   0.0000   0.0000
    9.80    1.12400000   1.1240   0.2994   3.7666   4.2090   0.0000   0.0000
    9.80    1.12400000   1.1240   0.3009   3.7666   4.2070   0.0000   0.0000
    9.80    1.12500000   1.1250   0.3025   3.7666   4.2060   0.0000   0.0000
    9.80    1.12500000   1.1250   0.3040   3.7665   4.2040   0.0000   0.0000
    9.80    1.12600000   1.1260   0.3056   3.7665   4.2030   0.0000   0.0000
    9.80    1.12700000   1.1270   0.3072   3.7665   4.2020   0.0000   0.0000
    9.80    1.12700000   1.1270   0.3087   3.7665   4.2000   0.0000   0.0000
    9.80    1.12800000   1.1280   0.3103   3.7665   4.1990   0.0000   0.0000
    9.80    1.12800000   1.1280   0.3118   3.7665   4.1970   0.0000   0.0000
    9.80    1.12900000   1.1290   0.3134   3.7664   4.1960   0.0000   0.0000
    9.80    1.12900000   1.1290   0.3150   3.7664   4.1940   0.0000   0.0000
    9.80    1.13000000   1.1300   0.3165   3.7664   4.1930   0.0000   0.0000
    9.80    1.13000000   1.1300   0.3181   3.7664   4.1920   0.0000   0.0000
    9.80    1.13100000   1.1310   0.3197   3.7663   4.1900   0.0000   0.0000
    9.80    1.13200000   1.1320   0.3212   3.7663   4.1890   0.0000   0.0000
    9.80    1.13200000   1.1320   0.3228   3.7663   4.1870   0.0000   0.0000
    9.80    1.13300000   1.1330   0.3244   3.7663   4.1860   0.0000   0.0000
    9.80    1.13300000   1.1330   0.3259   3.7662   4.1840   0.0000   0.0000
    9.80    1.13400000   1.1340   0.3275   3.7662   4.1830   0.0000   0.0000
    9.80    1.13400000   1.1340   0.3291   3.7662   4.1810   0.0000   0.0000
    9.80    1.13500000   1.1350   0.3307   3.7662   4.1800   0.0000   0.0000
    9.80    1.13500000   1.1350   0.3322   3.7661   4.1780   0.0000   0.0000
    9.80    1.13600000   1.1360   0.3338   3.7661   4.1770   0.0000   0.0000
    9.80    1.13700000   1.1370   0.3354   3.7661   4.1750   0.0000   0.0000
    9.80    1.13700000   1.1370   0.3370   3.7661   4.1740   0.0000   0.0000
    9.80    1.13800000   1.1380   0.3386   3.7660   4.1720   0.0000   0.0000
    9.80    1.13800000   1.1380   0.3402   3.7660   4.1710   0.0000   0.0000
    9.80    1.13900000   1.1390   0.3417   3.7660   4.1690   0.0000   0.0000
    9.80    1.13900000   1.1390   0.3433   3.7659   4.1680   0.0000   0.0000
    9.80    1.14000000   1.1400   0.3449   3.7659   4.1660   0.0000   0.0000
    9.80    1.14100000   1.1410   0.3465   3.7659   4.1650   0.0000   0.0000
    9.80    1.14100000   1.1410   0.3481   3.7658   4.1630   0.0000   0.0000
    9.80    1.14200000   1.1420   0.3497   3.7658   4.1620   0.0000   0.0000
    9.80    1.14200000   1.1420   0.3513   3.7657   4.1600   0.0000   0.0000
    9.80    1.14300000   1.1430   0.3529   3.7657   4.1590   0.0000   0.0000
    9.80    1.14300000   1.1430   0.3545   3.7657   4.1570   0.0000   0.0000
    9.80    1.14400000   1.1440   0.3561   3.7656   4.1560   0.0000   0.0000
    9.80    1.14400000   1.1440   0.3577   3.7656   4.1540   0.0000   0.0000
    9.80    1.14500000   1.1450   0.3593   3.7655   4.1530   0.0000   0.0000
    9.80    1.14600000   1.1460   0.3609   3.7655   4.1510   0.0000   0.0000
    9.80    1.14600000   1.1460   0.3625   3.7654   4.1500   0.0000   0.0000
    9.80    1.14700000   1.1470   0.3641   3.7654   4.1480   0.0000   0.0000
    9.80    1.14700000   1.1470   0.3657   3.7654   4.1460   0.0000   0.0000
    9.80    1.14800000   1.1480   0.3673   3.7653   4.1450   0.0000   0.0000
    9.80    1.14800000   1.1480   0.3689   3.7653   4.1430   0.0000   0.0000
    9.80    1.14900000   1.1490   0.3705   3.7652   4.1420   0.0000   0.0000
    9.80    1.15000000   1.1500   0.3721   3.7652   4.1400   0.0000   0.0000
    9.80    1.15000000   1.1500   0.3737   3.7651   4.1380   0.0000   0.0000
    9.80    1.15100000   1.1510   0.3753   3.7651   4.1370   0.0000   0.0000
    9.80    1.15100000   1.1510   0.3769   3.7650   4.1350   0.0000   0.0000
    9.80    1.15200000   1.1520   0.3785   3.7650   4.1340   0.0000   0.0000
    9.80    1.15200000   1.1520   0.3802   3.7649   4.1320   0.0000   0.0000
    9.80    1.15300000   1.1530   0.3818   3.7648   4.1300   0.0000   0.0000
    9.80    1.15400000   1.1540   0.3834   3.7648   4.1290   0.0000   0.0000
    9.80    1.15400000   1.1540   0.3850   3.7647   4.1270   0.0000   0.0000
    9.80    1.15500000   1.1550   0.3866   3.7647   4.1250   0.0000   0.0000
    9.80    1.15500000   1.1550   0.3883   3.7646   4.1240   0.0000   0.0000
    9.80    1.15600000   1.1560   0.3899   3.7645   4.1220   0.0000   0.0000
    9.80    1.15600000   1.1560   0.3915   3.7645   4.1200   0.0000   0.0000
    9.80    1.15700000   1.1570   0.3931   3.7644   4.1190   0.0000   0.0000
    9.80    1.15800000   1.1580   0.3948   3.7643   4.1170   0.0000   0.0000
    9.80    1.15800000   1.1580   0.3964   3.7643   4.1150   0.0000   0.0000
    9.80    1.15900000   1.1590   0.3980   3.7642   4.1140   0.0000   0.0000
    9.80    1.15900000   1.1590   0.3996   3.7641   4.1120   0.0000   0.0000
    9.80    1.16000000   1.1600   0.4013   3.7640   4.1100   0.0000   0.0000
    9.80    1.16000000   1.1600   0.4029   3.7640   4.1090   0.0000   0.0000
    9.80    1.16100000   1.1610   0.4045   3.7639   4.1070   0.0000   0.0000
    9.80    1.16200000   1.1620   0.4062   3.7638   4.1050   0.0000   0.0000
    9.80    1.16200000   1.1620   0.4078   3.7637   4.1030   0.0000   0.0000
    9.80    1.16300000   1.1630   0.4094   3.7636   4.1020   0.0000   0.0000
    9.80    1.16300000   1.1630   0.4111   3.7636   4.1000   0.0000   0.0000
    9.80    1.16400000   1.1640   0.4127   3.7635   4.0980   0.0000   0.0000
    9.80    1.16400000   1.1640   0.4143   3.7634   4.0960   0.0000   0.0000
    9.80    1.16500000   1.1650   0.4160   3.7633   4.0940   0.0000   0.0000
    9.80    1.16600000   1.1660   0.4176   3.7632   4.0930   0.0000   0.0000
    9.80    1.16600000   1.1660   0.4193   3.7631   4.0910   0.0000   0.0000
    9.80    1.16700000   1.1670   0.4209   3.7630   4.0890   0.0000   0.0000
    9.80    1.16700000   1.1670   0.4226   3.7629   4.0870   0.0000   0.0000
    9.80    1.16800000   1.1680   0.4242   3.7628   4.0850   0.0000   0.0000
    9.80    1.16800000   1.1680   0.4259   3.7627   4.0840   0.0000   0.0000
    9.80    1.16900000   1.1690   0.4275   3.7626   4.0820   0.0000   0.0000
    9.80    1.17000000   1.1700   0.4292   3.7625   4.0800   0.0000   0.0000
    9.80    1.17000000   1.1700   0.4308   3.7624   4.0780   0.0000   0.0000
    9.80    1.17100000   1.1710   0.4325   3.7623   4.0760   0.0000   0.0000
    9.80    1.17100000   1.1710   0.4342   3.7622   4.0740   0.0000   0.0000
    9.80    1.17200000   1.1720   0.4358   3.7621   4.0730   0.0000   0.0000
    9.80    1.17300000   1.1730   0.4375   3.7620   4.0710   0.0000   0.0000
    9.80    1.17300000   1.1730   0.4391   3.7619   4.0690   0.0000   0.0000
    9.80    1.17400000   1.1740   0.4408   3.7618   4.0670   0.0000   0.0000
    9.80    1.17400000   1.1740   0.4424   3.7617   4.0650   0.0000   0.0000
    9.80    1.17500000   1.1750   0.4441   3.7615   4.0630   0.0000   0.0000
    9.80    1.17500000   1.1750   0.4458   3.7614   4.0610   0.0000   0.0000
    9.80    1.17600000   1.1760   0.4474   3.7613   4.0590   0.0000   0.0000
    9.80    1.17700000   1.1770   0.4491   3.7612   4.0570   0.0000   0.0000
    9.80    1.17700000   1.1770   0.4507   3.7610   4.0550   0.0000   0.0000
    9.80    1.17800000   1.1780   0.4524   3.7609   4.0530   0.0000   0.0000
    9.80    1.17800000   1.1780   0.4540   3.7608   4.0510   0.0000   0.0000
    9.80    1.17900000   1.1790   0.4557   3.7606   4.0490   0.0000   0.0000
    9.80    1.17900000   1.1790   0.4573   3.7605   4.0470   0.0000   0.0000
    9.80    1.18000000   1.1800   0.4590   3.7603   4.0450   0.0000   0.0000
    9.80    1.18100000   1.1810   0.4606   3.7602   4.0430   0.0000   0.0000
    9.80    1.18100000   1.1810   0.4623   3.7600   4.0410   0.0000   0.0000
    9.80    1.18200000   1.1820   0.4639   3.7599   4.0390   0.0000   0.0000
    9.80    1.18200000   1.1820   0.4656   3.7597   4.0370   0.0000   0.0000
    9.80    1.18300000   1.1830   0.4672   3.7595   4.0350   0.0000   0.0000
    9.80    1.18400000   1.1840   0.4689   3.7594   4.0330   0.0000   0.0000
    9.80    1.18400000   1.1840   0.4705   3.7592   4.0310   0.0000   0.0000
    9.80    1.18500000   1.1850   0.4721   3.7590   4.0280   0.0000   0.0000
    9.80    1.18500000   1.1850   0.4737   3.7588   4.0260   0.0000   0.0000
    9.80    1.18600000   1.1860   0.4754   3.7586   4.0240   0.0000   0.0000
    9.80    1.18600000   1.1860   0.4770   3.7584   4.0220   0.0000   0.0000
    9.80    1.18700000   1.1870   0.4786   3.7582   4.0200   0.0000   0.0000
    9.80    1.18800000   1.1880   0.4802   3.7580   4.0170   0.0000   0.0000
    9.80    1.18800000   1.1880   0.4818   3.7577   4.0150   0.0000   0.0000
    9.80    1.18900000   1.1890   0.4834   3.7575   4.0130   0.0000   0.0000
    9.80    1.18900000   1.1890   0.4850   3.7573   4.0100   0.0000   0.0000
    9.80    1.19000000   1.1900   0.4866   3.7571   4.0080   0.0000   0.0000
    9.80    1.19100000   1.1910   0.4881   3.7568   4.0060   0.0000   0.0000
    9.80    1.19100000   1.1910   0.4897   3.7566   4.0040   0.0000   0.0000
    9.80    1.19200000   1.1920   0.4913   3.7563   4.0010   0.0000   0.0000
    9.80    1.19200000   1.1920   0.4928   3.7561   3.9990   0.0000   0.0000
    9.80    1.19300000   1.1930   0.4943   3.7558   3.9960   0.0000   0.0000
    9.80    1.19400000   1.1940   0.4958   3.7555   3.9940   0.0000   0.0000
    9.80    1.19400000   1.1940   0.4974   3.7552   3.9920   0.0000   0.0000
    9.80    1.19500000   1.1950   0.4988   3.7549   3.9890   0.0000   0.0000
    9.80    1.19500000   1.1950   0.5003   3.7546   3.9870   0.0000   0.0000
    9.80    1.19600000   1.1960   0.5018   3.7543   3.9840   0.0000   0.0000
    9.80    1.19600000   1.1960   0.5032   3.7539   3.9810   0.0000   0.0000
    9.80    1.19700000   1.1970   0.5046   3.7535   3.9780   0.0000   0.0000
    9.80    1.19800000   1.1980   0.5060   3.7531   3.9760   0.0000   0.0000
    9.80    1.19800000   1.1980   0.5073   3.7527   3.9730   0.0000   0.0000
    9.80    1.19900000   1.1990   0.5087   3.7524   3.9710   0.0000   0.0000
    9.80    1.19900000   1.1990   0.5100   3.7520   3.9680   0.0000   0.0000
    9.80    1.20000000   1.2000   0.5113   3.7516   3.9650   0.0000   0.0000
    9.80    1.20100000   1.2010   0.5125   3.7511   3.9620   0.0000   0.0000
    9.80    1.20100000   1.2010   0.5137   3.7507   3.9600   0.0000   0.0000
    9.80    1.20200000   1.2020   0.5149   3.7502   3.9570   0.0000   0.0000
    9.80    1.20200000   1.2020   0.5160   3.7498   3.9540   0.0000   0.0000
    9.80    1.20300000   1.2030   0.5171   3.7493   3.9510   0.0000   0.0000
    9.80    1.20400000   1.2040   0.5181   3.7488   3.9480   0.0000   0.0000
    9.80    1.20400000   1.2040   0.5191   3.7482   3.9460   0.0000   0.0000
    9.80    1.20500000   1.2050   0.5199   3.7477   3.9430   0.0000   0.0000
    9.80    1.20500000   1.2050   0.5208   3.7471   3.9400   0.0000   0.0000
    9.80    1.20600000   1.2060   0.5215   3.7465   3.9370   0.0000   0.0000
    9.80    1.20700000   1.2070   0.5222   3.7458   3.9340   0.0000   0.0000
    9.80    1.20700000   1.2070   0.5229   3.7452   3.9310   0.0000   0.0000
    9.80    1.20800000   1.2080   0.5234   3.7446   3.9280   0.0000   0.0000
    9.80    1.20800000   1.2080   0.5240   3.7438   3.9240   0.0000   0.0000
    9.80    1.20900000   1.2090   0.5246   3.7430   3.9210   0.0000   0.0000
    9.80    1.21000000   1.2100   0.5248   3.7422   3.9180   0.0000   0.0000
    9.80    1.21000000   1.2100   0.5250   3.7413   3.9140   0.0000   0.0000
    9.80    1.21100000   1.2110   0.5250   3.7404   3.9100   0.0000   0.0000
    9.80    1.21100000   1.2110   0.5249   3.7394   3.9070   0.0000   0.0000
    9.80    1.21200000   1.2120   0.5247   3.7384   3.9030   0.0000   0.0000
    9.80    1.21300000   1.2130   0.5243   3.7373   3.9000   0.0000   0.0000
    9.80    1.21300000   1.2130   0.5237   3.7362   3.8960   0.0000   0.0000
    9.80    1.21400000   1.2140   0.5230   3.7351   3.8930   0.0000   0.0000
    9.80    1.21400000   1.2140   0.5220   3.7339   3.8890   0.0000   0.0000
    9.80    1.21500000   1.2150   0.5208   3.7327   3.8850   0.0000   0.0000
    9.80    1.21600000   1.2160   0.5195   3.7314   3.8820   0.0000   0.0000
    9.80    1.21600000   1.2160   0.5178   3.7300   3.8780   0.0000   0.0000
    9.80    1.21700000   1.2170   0.5159   3.7286   3.8750   0.0000   0.0000
    9.80    1.21700000   1.2170   0.5139   3.7272   3.8710   0.0000   0.0000
    9.80    1.21800000   1.2180   0.5116   3.7257   3.8680   0.0000   0.0000
    9.80    1.21900000   1.2190   0.5091   3.7240   3.8640   0.0000   0.0000
    9.80    1.21900000   1.2190   0.5062   3.7219   3.8580   0.0000   0.0000
    9.80    1.22000000   1.2200   0.5030   3.7199   3.8540   0.0000   0.0000
    9.80    1.22000000   1.2200   0.4998   3.7178   3.8490   0.0000   0.0000
    9.80    1.22100000   1.2210   0.4965   3.7157   3.8440   0.0000   0.0000
    9.80    1.22200000   1.2220   0.4931   3.7136   3.8390   0.0000   0.0000
    9.80    1.22200000   1.2220   0.4898   3.7115   3.8340   0.0000   0.0000
    9.80    1.22300000   1.2230   0.4865   3.7093   3.8290   0.0000   0.0000
    9.80    1.22300000   1.2230   0.4837   3.7074   3.8240   0.0000   0.0000
    9.80    1.22400000   1.2240   0.4808   3.7051   3.8180   0.0000   0.0000
    9.80    1.22500000   1.2250   0.4779   3.7026   3.8110   0.0000   0.0000
    9.80    1.22500000   1.2250   0.4752   3.6999   3.8040   0.0000   0.0000
    9.80    1.22600000   1.2260   0.4738   3.6974   3.7950   0.0000   0.0000
    9.80    1.22600000   1.2260   0.4725   3.6948   3.7860   0.0000   0.0000
    9.80    1.22700000   1.2270   0.4728   3.6923   3.7760   0.0000   0.0000
    9.80    1.22800000   1.2280   0.4763   3.6906   3.7660   0.0000   0.0000
    9.80    1.22800000   1.2280   0.4799   3.6889   3.7560   0.0000   0.0000
    9.80    1.22900000   1.2290   0.4852   3.6872   3.7440   0.0000   0.0000
    9.80    1.22900000   1.2290   0.4907   3.6854   3.7320   0.0000   0.0000
    9.80    1.23000000   1.2300   0.4976   3.6840   3.7190   0.0000   0.0000
    9.80    1.23100000   1.2300   0.5064   3.6830   3.7070   0.0000   0.0000
    9.80    1.23100000   1.2310   0.5151   3.6820   3.6940   0.0000   0.0000
    9.80    1.23200000   1.2320   0.5247   3.6810   3.6810   0.0000   0.0000
    9.80    1.23200000   1.2320   0.5343   3.6800   3.6670   0.0000   0.0000
    9.80    1.23300000   1.2330   0.5447   3.6791   3.6540   0.0000   0.0000
    9.80    1.23400000   1.2330   0.5558   3.6783   3.6390   0.0000   0.0000
    9.80    1.23400000   1.2340   0.5670   3.6774   3.6250   0.0000   0.0000
    9.80    1.23500000   1.2340   0.5795   3.6768   3.6100   0.0000   0.0000
    9.80    1.23600000   1.2350   0.5919   3.6762   3.5960   0.0000   0.0000
    9.80    1.23600000   1.2360   0.6054   3.6760   3.5810   0.0000   0.0000
    9.80    1.23700000   1.2360   0.6195   3.6760   3.5670   0.0000   0.0000
    9.80    1.23700000   1.2370   0.6338   3.6759   3.5530   0.0000   0.0000
    9.80    1.23800000   1.2370   0.6494   3.6758   3.5370   0.0000   0.0000
    9.80    1.23900000   1.2380   0.6649   3.6756   3.5210   0.0000   0.0000
    9.80    1.23900000   1.2380   0.6796   3.6748   3.5030   0.0000   0.0000
    9.80    1.24000000   1.2390   0.6939   3.6737   3.4850   0.0000   0.0000
    9.80    1.24000000   1.2400   0.7087   3.6727   3.4660   0.0000   0.0000
    9.80    1.24100000   1.2400   0.7254   3.6719   3.4470   0.0000   0.0000
    9.80    1.24200000   1.2410   0.7419   3.6711   3.4270   0.0000   0.0000
    9.80    1.24200000   1.2410   0.7607   3.6707   3.4070   0.0000   0.0000
    9.80    1.24300000   1.2420   0.7802   3.6703   3.3860   0.0000   0.0000
    9.80    1.24300000   1.2420   0.8000   3.6699   3.3650   0.0000   0.0000
    9.80    1.24400000   1.2430   0.8207   3.6691   3.3410   0.0000   0.0000
    9.80    1.24500000   1.2430   0.8415   3.6683   3.3170   0.0000   0.0000
    9.80    1.24500000   1.2440   0.8650   3.6675   3.2910   0.0000   0.0000
    9.80    1.24600000   1.2440   0.8892   3.6668   3.2640   0.0000   0.0000
    9.80    1.24700000   1.2450   0.9143   3.6659   3.2350   0.0000   0.0000
    9.80    1.24700000   1.2450   0.9412   3.6648   3.2040   0.0000   0.0000
    9.80    1.24800000   1.2460   0.9680   3.6637   3.1730   0.0000   0.0000
    9.80    1.24800000   1.2460   0.9995   3.6629   3.1390   0.0000   0.0000
    9.80    1.24900000   1.2470   1.0315   3.6622   3.1040   0.0000   0.0000
    9.80    1.25000000   1.2470   1.0654   3.6610   3.0660   0.0000   0.0000
    9.80    1.25000000   1.2480   1.1028   3.6593   3.0210   0.0000   0.0000
    9.80    1.25100000   1.2480   1.1421   3.6575   2.9750   0.0000   0.0000
    9.80    1.25100000   1.2480   1.1873   3.6556   2.9220   0.0000   0.0000
    9.80    1.25200000   1.2480   1.2323   3.6536   2.8690   0.0000   0.0000
    9.80    1.25300000   1.2490   1.2621   3.6521   2.8340   0.0000   0.0000
    9.80    1.25300000   1.2490   1.2889   3.6506   2.8010   0.0000   0.0000
    9.80    1.25400000   1.2490   1.3204   3.6492   2.7640   0.0000   0.0000
    9.80    1.25500000   1.2490   1.3552   3.6478   2.7230   0.0000   0.0000
    9.80    1.25500000   1.2490   1.4098   3.6451   2.6580   0.0000   0.0000
    9.80    1.25600000   1.2480   1.4974   3.6403   2.5510   0.0000   0.0000
# log(age) Mini Mact logl logt logg Composition Phase
    9.85    0.80000000   0.8000  -0.5977   3.6747   4.5900   0.0000   0.0000
    9.85    0.90100000   0.9010  -0.3054   3.7163   4.5160   0.0000   0.0000
    9.85    1.01400000   1.0140   0.0240   3.7519   4.3810   0.0000   0.0000
    9.85    1.06300000   1.0630   0.1648   3.7606   4.2950   0.0000   0.0000
    9.85    1.06400000   1.0640   0.1664   3.7607   4.2940   0.0000   0.0000
    9.85    1.06400000   1.0640   0.1679   3.7608   4.2930   0.0000   0.0000
    9.85    1.06500000   1.0650   0.1695   3.7608   4.2920   0.0000   0.0000
    9.85    1.06500000   1.0650   0.1711   3.7609   4.2910   0.0000   0.0000
    9.85    1.06600000   1.0660   0.1727   3.7610   4.2900   0.0000   0.0000
    9.85    1.06600000   1.0660   0.1743   3.7611   4.2890   0.0000   0.0000
    9.85    1.06700000   1.0670   0.1758   3.7611   4.2880   0.0000   0.0000
    9.85    1.06700000   1.0670   0.1774   3.7612   4.2870   0.0000   0.0000
    9.85    1.06800000   1.0680   0.1790   3.7613   4.2860   0.0000   0.0000
    9.85    1.06900000   1.0690   0.1806   3.7614   4.2850   0.0000   0.0000
    9.85    1.06900000   1.0690   0.1823   3.7614   4.2830   0.0000   0.0000
    9.85    1.07000000   1.0700   0.1839   3.7615   4.2820   0.0000   0.0000
    9.85    1.07000000   1.0700   0.1855   3.7616   4.2810   0.0000   0.0000
    9.85    1.07100000   1.0710   0.1871   3.7617   4.2800   0.0000   0.0000
    9.85    1.07100000   1.0710   0.1887   3.7617   4.2790   0.0000   0.0000
    9.85    1.07200000   1.0720   0.1903   3.7618   4.2780   0.0000   0.0000
    9.85    1.07200000   1.0720   0.1920   3.7619   4.2770   0.0000   0.0000
    9.85    1.07300000   1.0730   0.1936   3.7619   4.2760   0.0000   0.0000
    9.85    1.07300000   1.0730   0.1952   3.7620   4.2750   0.0000   0.0000
    9.85    1.07400000   1.0740   0.1969   3.7621   4.2730   0.0000   0.0000
    9.85    1.07400000   1.0740   0.1985   3.7622   4.2720   0.0000   0.0000
    9.85    1.07500000   1.0750   0.2002   3.7622   4.2710   0.0000   0.0000
    9.85    1.07500000   1.0750   0.2018   3.7623   4.2700   0.0000   0.0000
    9.85    1.07600000   1.0760   0.2035   3.7624   4.2690   0.0000   0.0000
    9.85    1.07600000   1.0760   0.2051   3.7625   4.2680   0.0000   0.0000
    9.85    1.07700000   1.0770   0.2068   3.7625   4.2670   0.0000   0.0000
    9.85    1.07800000   1.0780   0.2084   3.7626   4.2650   0.0000   0.0000
    9.85    1.07800000   1.0780   0.2101   3.7627   4.2640   0.0000   0.0000
    9.85    1.07900000   1.0790   0.2118   3.7628   4.2630   0.0000   0.0000
    9.85    1.07900000   1.0790   0.2134   3.7628   4.2620   0.0000   0.0000
    9.85    1.08000000   1.0800   0.2151   3.7629   4.2610   0.0000   0.0000
    9.85    1.08000000   1.0800   0.2168   3.7630   4.2600   0.0000   0.0000
    9.85    1.08100000   1.0810   0.2185   3.7631   4.2580   0.0000   0.0000
    9.85    1.08100000   1.0810   0.2202   3.7631   4.2570   0.0000   0.0000
    9.85    1.08200000   1.0820   0.2218   3.7632   4.2560   0.0000   0.0000
    9.85    1.08200000   1.0820   0.2235   3.7633   4.2550   0.0000   0.0000
    9.85    1.08300000   1.0830   0.2252   3.7633   4.2540   0.0000   0.0000
    9.85    1.08300000   1.0830   0.2269   3.7634   4.2520   0.0000   0.0000
    9.85    1.08400000   1.0840   0.2286   3.7635   4.2510   0.0000   0.0000
    9.85    1.08400000   1.0840   0.2303   3.7635   4.2500   0.0000   0.0000
    9.85    1.08500000   1.0850   0.2320   3.7636   4.2490   0.0000   0.0000
    9.85    1.08600000   1.0860   0.2337   3.7637   4.2480   0.0000   0.0000
    9.85    1.08600000   1.0860   0.2354   3.7637   4.2460   0.0000   0.0000
    9.85    1.08700000   1.0870   0.2371   3.7638   4.2450   0.0000   0.0000
    9.85    1.08700000   1.0870   0.2388   3.7638   4.2440   0.0000   0.0000
    9.85    1.08800000   1.0880   0.2406   3.7639   4.2430   0.0000   0.0000
    9.85    1.08800000   1.0880   0.2423   3.7640   4.2410   0.0000   0.0000
    9.85    1.08900000   1.0890   0.2440   3.7640   4.2400   0.0000   0.0000
    9.85    1.08900000   1.0890   0.2457   3.7641   4.2390   0.0000   0.0000
    9.85    1.09000000   1.0900   0.2475   3.7641   4.2370   0.0000   0.0000
    9.85    1.09000000   1.0900   0.2492   3.7642   4.2360   0.0000   0.0000
    9.85    1.09100000   1.0910   0.2509   3.7642   4.2350   0.0000   0.0000
    9.85    1.09100000   1.0910   0.2527   3.7643   4.2330   0.0000   0.0000
    9.85    1.09200000   1.0920   0.2544   3.7643   4.2320   0.0000   0.0000
    9.85    1.09300000   1.0930   0.2562   3.7644   4.2310   0.0000   0.0000
    9.85    1.09300000   1.0930   0.2579   3.7644   4.2290   0.0000   0.0000
    9.85    1.09400000   1.0940   0.2596   3.7645   4.2280   0.0000   0.0000
    9.85    1.09400000   1.0940   0.2614   3.7645   4.2270   0.0000   0.0000
    9.85    1.09500000   1.0950   0.2632   3.7646   4.2250   0.0000   0.0000
    9.85    1.09500000   1.0950   0.2649   3.7646   4.2240   0.0000   0.0000
    9.85    1.09600000   1.0960   0.2667   3.7647   4.2230   0.0000   0.0000
    9.85    1.09600000   1.0960   0.2685   3.7647   4.2210   0.0000   0.0000
    9.85    1.09700000   1.0970   0.2703   3.7648   4.2200   0.0000   0.0000
    9.85    1.09700000   1.0970   0.2720   3.7648   4.2180   0.0000   0.0000
    9.85    1.09800000   1.0980   0.2738   3.7648   4.2170   0.0000   0.0000
    9.85    1.09900000   1.0990   0.2756   3.7649   4.2160   0.0000   0.0000
    9.85    1.09900000   1.0990   0.2774   3.7649   4.2140   0.0000   0.0000
    9.85    1.10000000   1.1000   0.2792   3.7649   4.2130   0.0000   0.0000
    9.85    1.10000000   1.1000   0.2810   3.7650   4.2110   0.0000   0.0000
    9.85    1.10100000   1.1010   0.2826   3.7649   4.2100   0.0000   0.0000
    9.85    1.10100000   1.1010   0.2842   3.7649   4.2080   0.0000   0.0000
    9.85    1.10200000   1.1020   0.2859   3.7648   4.2060   0.0000   0.0000
    9.85    1.10200000   1.1020   0.2875   3.7648   4.2050   0.0000   0.0000
    9.85    1.10300000   1.1030   0.2892   3.7647   4.2030   0.0000   0.0000
    9.85    1.10300000   1.1030   0.2908   3.7647   4.2020   0.0000   0.0000
    9.85    1.10400000   1.1040   0.2924   3.7647   4.2000   0.0000   0.0000
    9.85    1.10400000   1.1040   0.2941   3.7646   4.1980   0.0000   0.0000
    9.85    1.10500000   1.1050   0.2957   3.7646   4.1970   0.0000   0.0000
    9.85    1.10600000   1.1060   0.2974   3.7645   4.1950   0.0000   0.0000
    9.85    1.10600000   1.1060   0.2990   3.7645   4.1940   0.0000   0.0000
    9.85    1.10700000   1.1070   0.3007   3.7644   4.1920   0.0000   0.0000
    9.85    1.10700000   1.1070   0.3023   3.7644   4.1900   0.0000   0.0000
    9.85    1.10800000   1.1080   0.3040   3.7643   4.1890   0.0000   0.0000
    9.85    1.10800000   1.1080   0.3056   3.7643   4.1870   0.0000   0.0000
    9.85    1.10900000   1.1090   0.3073   3.7642   4.1850   0.0000   0.0000
    9.85    1.10900000   1.1090   0.3090   3.7641   4.1840   0.0000   0.0000
    9.85    1.11000000   1.1100   0.3106   3.7641   4.1820   0.0000   0.0000
    9.85    1.11100000   1.1110   0.3123   3.7640   4.1800   0.0000   0.0000
    9.85    1.11100000   1.1110   0.3139   3.7640   4.1790   0.0000   0.0000
    9.85    1.11200000   1.1120   0.3156   3.7639   4.1770   0.0000   0.0000
    9.85    1.11200000   1.1120   0.3173   3.7638   4.1750   0.0000   0.0000
    9.85    1.11300000   1.1130   0.3189   3.7638   4.1740   0.0000   0.0000
    9.85    1.11300000   1.1130   0.3206   3.7637   4.1720   0.0000   0.0000
    9.85    1.11400000   1.1140   0.3223   3.7637   4.1700   0.0000   0.0000
    9.85    1.11400000   1.1140   0.3239   3.7636   4.1680   0.0000   0.0000
    9.85    1.11500000   1.1150   0.3256   3.7635   4.1670   0.0000   0.0000
    9.85    1.11500000   1.1150   0.3273   3.7635   4.1650   0.0000   0.0000
    9.85    1.11600000   1.1160   0.3290   3.7634   4.1630   0.0000   0.0000
    9.85    1.11700000   1.1170   0.3306   3.7633   4.1620   0.0000   0.0000
    9.85    1.11700000   1.1170   0.3323   3.7633   4.1600   0.0000   0.0000
    9.85    1.11800000   1.1180   0.3340   3.7632   4.1580   0.0000   0.0000
    9.85    1.11800000   1.1180   0.3357   3.7631   4.1560   0.0000   0.0000
    9.85    1.11900000   1.1190   0.3374   3.7631   4.1550   0.0000   0.0000
    9.85    1.11900000   1.1190   0.3390   3.7630   4.1530   0.0000   0.0000
    9.85    1.12000000   1.1200   0.3407   3.7629   4.1510   0.0000   0.0000
    9.85    1.12000000   1.1200   0.3424   3.7629   4.1490   0.0000   0.0000
    9.85    1.12100000   1.1210   0.3441   3.7628   4.1480   0.0000   0.0000
    9.85    1.12200000   1.1220   0.3458   3.7627   4.1460   0.0000   0.0000
    9.85    1.12200000   1.1220   0.3475   3.7626   4.1440   0.0000   0.0000
    9.85    1.12300000   1.1230   0.3492   3.7626   4.1420   0.0000   0.0000
    9.85    1.12300000   1.1230   0.3509   3.7625   4.1400   0.0000   0.0000
    9.85    1.12400000   1.1240   0.3526   3.7624   4.1390   0.0000   0.0000
    9.85    1.12400000   1.1240   0.3543   3.7623   4.1370   0.0000   0.0000
    9.85    1.12500000   1.1250   0.3559   3.7622   4.1350   0.0000   0.0000
    9.85    1.12500000   1.1250   0.3576   3.7621   4.1330   0.0000   0.0000
    9.85    1.12600000   1.1260   0.3593   3.7620   4.1310   0.0000   0.0000
    9.85    1.12700000   1.1270   0.3610   3.7619   4.1290   0.0000   0.0000
    9.85    1.12700000   1.1270   0.3627   3.7619   4.1280   0.0000   0.0000
    9.85    1.12800000   1.1280   0.3644   3.7618   4.1260   0.0000   0.0000
    9.85    1.12800000   1.1280   0.3661   3.7617   4.1240   0.0000   0.0000
    9.85    1.12900000   1.1290   0.3678   3.7616   4.1220   0.0000   0.0000
    9.85    1.12900000   1.1290   0.3695   3.7614   4.1200   0.0000   0.0000
    9.85    1.13000000   1.1300   0.3712   3.7613   4.1180   0.0000   0.0000
    9.85    1.13000000   1.1300   0.3729   3.7612   4.1160   0.0000   0.0000
    9.85    1.13100000   1.1310   0.3746   3.7611   4.1140   0.0000   0.0000
    9.85    1.13200000   1.1320   0.3763   3.7610   4.1120   0.0000   0.0000
    9.85    1.13200000   1.1320   0.3780   3.7609   4.1100   0.0000   0.0000
    9.85    1.13300000   1.1330   0.3797   3.7607   4.1080   0.0000   0.0000
    9.85    1.13300000   1.1330   0.3814   3.7606   4.1060   0.0000   0.0000
    9.85    1.13400000   1.1340   0.3831   3.7605   4.1040   0.0000   0.0000
    9.85    1.13400000   1.1340   0.3848   3.7604   4.1020   0.0000   0.0000
    9.85    1.13500000   1.1350   0.3865   3.7602   4.1000   0.0000   0.0000
    9.85    1.13500000   1.1350   0.3882   3.7601   4.0980   0.0000   0.0000
    9.85    1.13600000   1.1360   0.3899   3.7600   4.0960   0.0000   0.0000
    9.85    1.13700000   1.1370   0.3916   3.7598   4.0940   0.0000   0.0000
    9.85    1.13700000   1.1370   0.3933   3.7597   4.0920   0.0000   0.0000
    9.85    1.13800000   1.1380   0.3950   3.7595   4.0900   0.0000   0.0000
    9.85    1.13800000   1.1380   0.3967   3.7594   4.0880   0.0000   0.0000
    9.85    1.13900000   1.1390   0.3984   3.7592   4.0860   0.0000   0.0000
    9.85    1.13900000   1.1390   0.4001   3.7591   4.0840   0.0000   0.0000
    9.85    1.14000000   1.1400   0.4018   3.7589   4.0820   0.0000   0.0000
    9.85    1.14100000   1.1410   0.4035   3.7587   4.0800   0.0000   0.0000
    9.85    1.14100000   1.1410   0.4052   3.7586   4.0770   0.0000   0.0000
    9.85    1.14200000   1.1420   0.4069   3.7584   4.0750   0.0000   0.0000
    9.85    1.14200000   1.1420   0.4085   3.7582   4.0730   0.0000   0.0000
    9.85    1.14300000   1.1430   0.4102   3.7580   4.0710   0.0000   0.0000
    9.85    1.14300000   1.1430   0.4119   3.7578   4.0690   0.0000   0.0000
    9.85    1.14400000   1.1440   0.4135   3.7576   4.0660   0.0000   0.0000
    9.85    1.14400000   1.1440   0.4152   3.7574   4.0640   0.0000   0.0000
    9.85    1.14500000   1.1450   0.4169   3.7572   4.0620   0.0000   0.0000
    9.85    1.14600000   1.1460   0.4185   3.7570   4.0590   0.0000   0.0000
    9.85    1.14600000   1.1460   0.4202   3.7568   4.0570   0.0000   0.0000
    9.85    1.14700000   1.1470   0.4218   3.7566   4.0550   0.0000   0.0000
    9.85    1.14700000   1.1470   0.4235   3.7563   4.0530   0.0000   0.0000
    9.85    1.14800000   1.1480   0.4251   3.7561   4.0500   0.0000   0.0000
    9.85    1.14800000   1.1480   0.4267   3.7559   4.0480   0.0000   0.0000
    9.85    1.14900000   1.1490   0.4283   3.7556   4.0460   0.0000   0.0000
    9.85    1.15000000   1.1500   0.4299   3.7554   4.0430   0.0000   0.0000
    9.85    1.15000000   1.1500   0.4315   3.7551   4.0410   0.0000   0.0000
    9.85    1.15100000   1.1510   0.4331   3.7549   4.0380   0.0000   0.0000
    9.85    1.15100000   1.1510   0.4347   3.7546   4.0360   0.0000   0.0000
    9.85    1.15200000   1.1520   0.4363   3.7544   4.0330   0.0000   0.0000
    9.85    1.15200000   1.1520   0.4378   3.7541   4.0310   0.0000   0.0000
    9.85    1.15300000   1.1530   0.4394   3.7538   4.0290   0.0000   0.0000
    9.85    1.15400000   1.1540   0.4409   3.7535   4.0260   0.0000   0.0000
    9.85    1.15400000   1.1540   0.4424   3.7532   4.0230   0.0000   0.0000
    9.85    1.15500000   1.1550   0.4439   3.7529   4.0210   0.0000   0.0000
    9.85    1.15500000   1.1550   0.4454   3.7525   4.0180   0.0000   0.0000
    9.85    1.15600000   1.1560   0.4469   3.7522   4.0160   0.0000   0.0000
    9.85    1.15600000   1.1560   0.4483   3.7519   4.0130   0.0000   0.0000
    9.85    1.15700000   1.1570   0.4497   3.7515   4.0110   0.0000   0.0000
    9.85    1.15800000   1.1580   0.4511   3.7511   4.0080   0.0000   0.0000
    9.85    1.15800000   1.1580   0.4525   3.7508   4.0050   0.0000   0.0000
    9.85    1.15900000   1.1590   0.4539   3.7504   4.0030   0.0000   0.0000
    9.85    1.15900000   1.1590   0.4552   3.7500   4.0000   0.0000   0.0000
    9.85    1.16000000   1.1600   0.4566   3.7496   3.9970   0.0000   0.0000
    9.85    1.16000000   1.1600   0.4579   3.7492   3.9940   0.0000   0.0000
    9.85    1.16100000   1.1610   0.4592   3.7487   3.9910   0.0000   0.0000
    9.85    1.16200000   1.1620   0.4605   3.7482   3.9880   0.0000   0.0000
    9.85    1.16200000   1.1620   0.4617   3.7477   3.9860   0.0000   0.0000
    9.85    1.16300000   1.1630   0.4628   3.7472   3.9830   0.0000   0.0000
    9.85    1.16300000   1.1630   0.4640   3.7467   3.9800   0.0000   0.0000
    9.85    1.16400000   1.1640   0.4650   3.7462   3.9770   0.0000   0.0000
    9.85    1.16400000   1.1640   0.4661   3.7456   3.9730   0.0000   0.0000
    9.85    1.16500000   1.1650   0.4670   3.7450   3.9700   0.0000   0.0000
    9.85    1.16600000   1.1660   0.4680   3.7444   3.9670   0.0000   0.0000
    9.85    1.16600000   1.1660   0.4689   3.7438   3.9640   0.0000   0.0000
    9.85    1.16700000   1.1670   0.4697   3.7432   3.9610   0.0000   0.0000
    9.85    1.16700000   1.1670   0.4705   3.7425   3.9580   0.0000   0.0000
    9.85    1.16800000   1.1680   0.4712   3.7419   3.9550   0.0000   0.0000
    9.85    1.16800000   1.1680   0.4718   3.7412   3.9510   0.0000   0.0000
    9.85    1.16900000   1.1690   0.4723   3.7404   3.9480   0.0000   0.0000
    9.85    1.17000000   1.1700   0.4728   3.7397   3.9450   0.0000   0.0000
    9.85    1.17000000   1.1700   0.4732   3.7389   3.9420   0.0000   0.0000
    9.85    1.17100000   1.1710   0.4735   3.7381   3.9380   0.0000   0.0000
    9.85    1.17100000   1.1710   0.4737   3.7372   3.9350   0.0000   0.0000
    9.85    1.17200000   1.1720   0.4738   3.7364   3.9320   0.0000   0.0000
    9.85    1.17300000   1.1730   0.4738   3.7355   3.9280   0.0000   0.0000
    9.85    1.17300000   1.1730   0.4738   3.7346   3.9250   0.0000   0.0000
    9.85    1.17400000   1.1740   0.4736   3.7336   3.9210   0.0000   0.0000
    9.85    1.17400000   1.1740   0.4734   3.7326   3.9180   0.0000   0.0000
    9.85    1.17500000   1.1750   0.4730   3.7314   3.9140   0.0000   0.0000
    9.85    1.17500000   1.1750   0.4724   3.7301   3.9090   0.0000   0.0000
    9.85    1.17600000   1.1760   0.4718   3.7288   3.9050   0.0000   0.0000
    9.85    1.17700000   1.1770   0.4710   3.7275   3.9010   0.0000   0.0000
    9.85    1.17700000   1.1770   0.4701   3.7261   3.8960   0.0000   0.0000
    9.85    1.17800000   1.1780   0.4691   3.7247   3.8920   0.0000   0.0000
    9.85    1.17800000   1.1780   0.4680   3.7233   3.8870   0.0000   0.0000
    9.85    1.17900000   1.1790   0.4668   3.7218   3.8830   0.0000   0.0000
    9.85    1.17900000   1.1790   0.4656   3.7203   3.8780   0.0000   0.0000
    9.85    1.18000000   1.1800   0.4641   3.7187   3.8730   0.0000   0.0000
    9.85    1.18100000   1.1810   0.4626   3.7171   3.8690   0.0000   0.0000
    9.85    1.18100000   1.1810   0.4611   3.7154   3.8640   0.0000   0.0000
    9.85    1.18200000   1.1820   0.4595   3.7138   3.8590   0.0000   0.0000
    9.85    1.18200000   1.1820   0.4575   3.7118   3.8530   0.0000   0.0000
    9.85    1.18300000   1.1830   0.4555   3.7097   3.8470   0.0000   0.0000
    9.85    1.18400000   1.1840   0.4531   3.7073   3.8400   0.0000   0.0000
    9.85    1.18400000   1.1840   0.4507   3.7048   3.8330   0.0000   0.0000
    9.85    1.18500000   1.1850   0.4489   3.7024   3.8250   0.0000   0.0000
    9.85    1.18500000   1.1850   0.4472   3.7000   3.8180   0.0000   0.0000
    9.85    1.18600000   1.1860   0.4461   3.6972   3.8080   0.0000   0.0000
    9.85    1.18600000   1.1860   0.4459   3.6946   3.7980   0.0000   0.0000
    9.85    1.18700000   1.1870   0.4491   3.6928   3.7870   0.0000   0.0000
    9.85    1.18800000   1.1880   0.4523   3.6909   3.7770   0.0000   0.0000
    9.85    1.18800000   1.1880   0.4575   3.6891   3.7650   0.0000   0.0000
    9.85    1.18900000   1.1890   0.4628   3.6872   3.7520   0.0000   0.0000
    9.85    1.18900000   1.1890   0.4701   3.6857   3.7390   0.0000   0.0000
    9.85    1.19000000   1.1900   0.4786   3.6845   3.7260   0.0000   0.0000
    9.85    1.19100000   1.1900   0.4876   3.6834   3.7120   0.0000   0.0000
    9.85    1.19100000   1.1910   0.4974   3.6822   3.6980   0.0000   0.0000
    9.85    1.19200000   1.1920   0.5074   3.6811   3.6840   0.0000   0.0000
    9.85    1.19200000   1.1920   0.5189   3.6801   3.6690   0.0000   0.0000
    9.85    1.19300000   1.1930   0.5305   3.6792   3.6540   0.0000   0.0000
    9.85    1.19400000   1.1930   0.5431   3.6784   3.6380   0.0000   0.0000
    9.85    1.19400000   1.1940   0.5562   3.6777   3.6230   0.0000   0.0000
    9.85    1.19500000   1.1940   0.5699   3.6772   3.6070   0.0000   0.0000
    9.85    1.19500000   1.1950   0.5846   3.6770   3.5920   0.0000   0.0000
    9.85    1.19600000   1.1950   0.5995   3.6768   3.5760   0.0000   0.0000
    9.85    1.19600000   1.1960   0.6157   3.6766   3.5590   0.0000   0.0000
    9.85    1.19700000   1.1960   0.6319   3.6763   3.5420   0.0000   0.0000
    9.85    1.19800000   1.1970   0.6475   3.6755   3.5230   0.0000   0.0000
    9.85    1.19800000   1.1970   0.6631   3.6745   3.5040   0.0000   0.0000
    9.85    1.19900000   1.1980   0.6797   3.6736   3.4840   0.0000   0.0000
    9.85    1.19900000   1.1990   0.6974   3.6729   3.4640   0.0000   0.0000
    9.85    1.20000000   1.1990   0.7157   3.6722   3.4430   0.0000   0.0000
    9.85    1.20100000   1.2000   0.7361   3.6718   3.4210   0.0000   0.0000
    9.85    1.20100000   1.2000   0.7565   3.6714   3.3990   0.0000   0.0000
    9.85    1.20200000   1.2010   0.7783   3.6707   3.3750   0.0000   0.0000
    9.85    1.20200000   1.2010   0.8002   3.6699   3.3500   0.0000   0.0000
    9.85    1.20300000   1.2020   0.8241   3.6691   3.3230   0.0000   0.0000
    9.85    1.20400000   1.2020   0.8493   3.6684   3.2950   0.0000   0.0000
    9.85    1.20400000   1.2030   0.8753   3.6675   3.2660   0.0000   0.0000
    9.85    1.20500000   1.2030   0.9036   3.6664   3.2330   0.0000   0.0000
    9.85    1.20500000   1.2040   0.9318   3.6653   3.2010   0.0000   0.0000
    9.85    1.20600000   1.2040   0.9650   3.6645   3.1640   0.0000   0.0000
    9.85    1.20700000   1.2040   0.9982   3.6636   3.1280   0.0000   0.0000
    9.85    1.20700000   1.2050   1.0343   3.6622   3.0860   0.0000   0.0000
    9.85    1.20800000   1.2050   1.0719   3.6606   3.0420   0.0000   0.0000
    9.85    1.20800000   1.2050   1.1119   3.6589   2.9960   0.0000   0.0000
    9.85    1.20900000   1.2060   1.1560   3.6569   2.9440   0.0000   0.0000
    9.85    1.21000000   1.2060   1.1996   3.6550   2.8930   0.0000   0.0000
    9.85    1.21000000   1.2060   1.2301   3.6535   2.8560   0.0000   0.0000
    9.85    1.21100000   1.2060   1.2604   3.6520   2.8200   0.0000   0.0000
    9.85    1.21100000   1.2060   1.2903   3.6506   2.7850   0.0000   0.0000
    9.85    1.21200000   1.2060   1.3201   3.6493   2.7500   0.0000   0.0000
    9.85    1.21300000   1.2060   1.3685   3.6469   2.6920   0.0000   0.0000
    9.85    1.21300000   1.2060   1.4443   3.6428   2.5990   0.0000   0.0000
# log(age) Mini Mact logl logt logg Composition Phase
    9.90    0.80000000   0.8000  -0.5875   3.6758   4.5850   0.0000   0.0000
    9.90    0.90100000   0.9010  -0.2872   3.7178   4.5040   0.0000   0.0000
    9.90    1.01400000   1.0140   0.0555   3.7522   4.3500   0.0000   0.0000
    9.90    1.03700000   1.0370   0.1254   3.7558   4.3050   0.0000   0.0000
    9.90    1.03800000   1.0380   0.1270   3.7559   4.3040   0.0000   0.0000
    9.90    1.03800000   1.0380   0.1286   3.7559   4.3020   0.0000   0.0000
    9.90    1.03900000   1.0390   0.1302   3.7560   4.3010   0.0000   0.0000
    9.90    1.03900000   1.0390   0.1319   3.7561   4.3000   0.0000   0.0000
    9.90    1.04000000   1.0400   0.1335   3.7562   4.2990   0.0000   0.0000
    9.90    1.04000000   1.0400   0.1351   3.7563   4.2980   0.0000   0.0000
    9.90    1.04100000   1.0410   0.1368   3.7563   4.2970   0.0000   0.0000
    9.90    1.04100000   1.0410   0.1384   3.7564   4.2960   0.0000   0.0000
    9.90    1.04200000   1.0420   0.1401   3.7565   4.2950   0.0000   0.0000
    9.90    1.04200000   1.0420   0.1417   3.7566   4.2940   0.0000   0.0000
    9.90    1.04300000   1.0430   0.1434   3.7566   4.2920   0.0000   0.0000
    9.90    1.04300000   1.0430   0.1451   3.7567   4.2910   0.0000   0.0000
    9.90    1.04400000   1.0440   0.1467   3.7568   4.2900   0.0000   0.0000
    9.90    1.04500000   1.0450   0.1484   3.7569   4.2890   0.0000   0.0000
    9.90    1.04500000   1.0450   0.1501   3.7569   4.2880   0.0000   0.0000
    9.90    1.04600000   1.0460   0.1517   3.7570   4.2870   0.0000   0.0000
    9.90    1.04600000   1.0460   0.1534   3.7571   4.2850   0.0000   0.0000
    9.90    1.04700000   1.0470   0.1551   3.7572   4.2840   0.0000   0.0000
    9.90    1.04700000   1.0470   0.1568   3.7572   4.2830   0.0000   0.0000
    9.90    1.04800000   1.0480   0.1585   3.7573   4.2820   0.0000   0.0000
    9.90    1.04800000   1.0480   0.1602   3.7574   4.2810   0.0000   0.0000
    9.90    1.04900000   1.0490   0.1619   3.7575   4.2800   0.0000   0.0000
    9.90    1.04900000   1.0490   0.1636   3.7575   4.2780   0.0000   0.0000
    9.90    1.05000000   1.0500   0.1653   3.7576   4.2770   0.0000   0.0000
    9.90    1.05000000   1.0500   0.1670   3.7577   4.2760   0.0000   0.0000
    9.90    1.05100000   1.0510   0.1687   3.7578   4.2750   0.0000   0.0000
    9.90    1.05100000   1.0510   0.1704   3.7578   4.2740   0.0000   0.0000
    9.90    1.05200000   1.0520   0.1721   3.7579   4.2720   0.0000   0.0000
    9.90    1.05200000   1.0520   0.1738   3.7580   4.2710   0.0000   0.0000
    9.90    1.05300000   1.0530   0.1756   3.7581   4.2700   0.0000   0.0000
    9.90    1.05300000   1.0530   0.1773   3.7582   4.2690   0.0000   0.0000
    9.90    1.05400000   1.0540   0.1790   3.7582   4.2680   0.0000   0.0000
    9.90    1.05400000   1.0540   0.1808   3.7583   4.2660   0.0000   0.0000
    9.90    1.05500000   1.0550   0.1825   3.7584   4.2650   0.0000   0.0000
    9.90    1.05500000   1.0550   0.1842   3.7584   4.2640   0.0000   0.0000
    9.90    1.05600000   1.0560   0.1860   3.7585   4.2630   0.0000   0.0000
    9.90    1.05600000   1.0560   0.1877   3.7586   4.2610   0.0000   0.0000
    9.90    1.05700000   1.0570   0.1895   3.7586   4.2600   0.0000   0.0000
    9.90    1.05800000   1.0580   0.1912   3.7587   4.2590   0.0000   0.0000
    9.90    1.05800000   1.0580   0.1930   3.7588   4.2580   0.0000   0.0000
    9.90    1.05900000   1.0590   0.1947   3.7589   4.2560   0.0000   0.0000
    9.90    1.05900000   1.0590   0.1965   3.7589   4.2550   0.0000   0.0000
    9.90    1.06000000   1.0600   0.1983   3.7590   4.2540   0.0000   0.0000
    9.90    1.06000000   1.0600   0.2000   3.7590   4.2520   0.0000   0.0000
    9.90    1.06100000   1.0610   0.2018   3.7591   4.2510   0.0000   0.0000
    9.90    1.06100000   1.0610   0.2036   3.7592   4.2500   0.0000   0.0000
    9.90    1.06200000   1.0620   0.2054   3.7592   4.2490   0.0000   0.0000
    9.90    1.06200000   1.0620   0.2072   3.7593   4.2470   0.0000   0.0000
    9.90    1.06300000   1.0630   0.2089   3.7593   4.2460   0.0000   0.0000
    9.90    1.06300000   1.0630   0.2107   3.7594   4.2440   0.0000   0.0000
    9.90    1.06400000   1.0640   0.2125   3.7595   4.2430   0.0000   0.0000
    9.90    1.06400000   1.0640   0.2143   3.7595   4.2420   0.0000   0.0000
    9.90    1.06500000   1.0650   0.2161   3.7596   4.2400   0.0000   0.0000
    9.90    1.06500000   1.0650   0.2179   3.7596   4.2390   0.0000   0.0000
    9.90    1.06600000   1.0660   0.2197   3.7597   4.2380   0.0000   0.0000
    9.90    1.06600000   1.0660   0.2216   3.7597   4.2360   0.0000   0.0000
    9.90    1.06700000   1.0670   0.2234   3.7598   4.2350   0.0000   0.0000
    9.90    1.06700000   1.0670   0.2252   3.7598   4.2330   0.0000   0.0000
    9.90    1.06800000   1.0680   0.2270   3.7599   4.2320   0.0000   0.0000
    9.90    1.06900000   1.0690   0.2288   3.7599   4.2310   0.0000   0.0000
    9.90    1.06900000   1.0690   0.2307   3.7600   4.2290   0.0000   0.0000
    9.90    1.07000000   1.0700   0.2325   3.7600   4.2280   0.0000   0.0000
    9.90    1.07000000   1.0700   0.2344   3.7601   4.2260   0.0000   0.0000
    9.90    1.07100000   1.0710   0.2362   3.7601   4.2250   0.0000   0.0000
    9.90    1.07100000   1.0710   0.2381   3.7601   4.2230   0.0000   0.0000
    9.90    1.07200000   1.0720   0.2399   3.7602   4.2220   0.0000   0.0000
    9.90    1.07200000   1.0720   0.2418   3.7602   4.2200   0.0000   0.0000
    9.90    1.07300000   1.0730   0.2436   3.7602   4.2190   0.0000   0.0000
    9.90    1.07300000   1.0730   0.2455   3.7603   4.2170   0.0000   0.0000
    9.90    1.07400000   1.0740   0.2474   3.7603   4.2160   0.0000   0.0000
    9.90    1.07400000   1.0740   0.2493   3.7603   4.2140   0.0000   0.0000
    9.90    1.07500000   1.0750   0.2512   3.7604   4.2130   0.0000   0.0000
    9.90    1.07500000   1.0750   0.2530   3.7604   4.2110   0.0000   0.0000
    9.90    1.07600000   1.0760   0.2549   3.7604   4.2100   0.0000   0.0000
    9.90    1.07600000   1.0760   0.2568   3.7605   4.2080   0.0000   0.0000
    9.90    1.07700000   1.0770   0.2587   3.7605   4.2060   0.0000   0.0000
    9.90    1.07800000   1.0780   0.2606   3.7605   4.2050   0.0000   0.0000
    9.90    1.07800000   1.0780   0.2626   3.7605   4.2030   0.0000   0.0000
    9.90    1.07900000   1.0790   0.2645   3.7605   4.2020   0.0000   0.0000
    9.90    1.07900000   1.0790   0.2664   3.7606   4.2000   0.0000   0.0000
    9.90    1.08000000   1.0800   0.2683   3.7606   4.1980   0.0000   0.0000
    9.90    1.08000000   1.0800   0.2703   3.7606   4.1970   0.0000   0.0000
    9.90    1.08100000   1.0810   0.2722   3.7606   4.1950   0.0000   0.0000
    9.90    1.08100000   1.0810   0.2742   3.7607   4.1930   0.0000   0.0000
    9.90    1.08200000   1.0820   0.2761   3.7607   4.1920   0.0000   0.0000
    9.90    1.08200000   1.0820   0.2781   3.7607   4.1900   0.0000   0.0000
    9.90    1.08300000   1.0830   0.2800   3.7607   4.1880   0.0000   0.0000
    9.90    1.08300000   1.0830   0.2820   3.7607   4.1870   0.0000   0.0000
    9.90    1.08400000   1.0840   0.2840   3.7608   4.1850   0.0000   0.0000
    9.90    1.08400000   1.0840   0.2859   3.7608   4.1830   0.0000   0.0000
    9.90    1.08500000   1.0850   0.2879   3.7608   4.1820   0.0000   0.0000
    9.90    1.08600000   1.0860   0.2899   3.7608   4.1800   0.0000   0.0000
    9.90    1.08600000   1.0860   0.2919   3.7608   4.1780   0.0000   0.0000
    9.90    1.08700000   1.0870   0.2939   3.7608   4.1760   0.0000   0.0000
    9.90    1.08700000   1.0870   0.2959   3.7608   4.1750   0.0000   0.0000
    9.90    1.08800000   1.0880   0.2979   3.7608   4.1730   0.0000   0.0000
    9.90    1.08800000   1.0880   0.2999   3.7608   4.1710   0.0000   0.0000
    9.90    1.08900000   1.0890   0.3020   3.7608   4.1690   0.0000   0.0000
    9.90    1.08900000   1.0890   0.3040   3.7607   4.1670   0.0000   0.0000
    9.90    1.09000000   1.0900   0.3060   3.7607   4.1650   0.0000   0.0000
    9.90    1.09000000   1.0900   0.3080   3.7607   4.1630   0.0000   0.0000
    9.90    1.09100000   1.0910   0.3101   3.7607   4.1610   0.0000   0.0000
    9.90    1.09100000   1.0910   0.3121   3.7606   4.1590   0.0000   0.0000
    9.90    1.09200000   1.0920   0.3142   3.7606   4.1570   0.0000   0.0000
    9.90    1.09300000   1.0930   0.3163   3.7606   4.1550   0.0000   0.0000
    9.90    1.09300000   1.0930   0.3183   3.7605   4.1530   0.0000   0.0000
    9.90    1.09400000   1.0940   0.3204   3.7605   4.1510   0.0000   0.0000
    9.90    1.09400000   1.0940   0.3225   3.7605   4.1490   0.0000   0.0000
    9.90    1.09500000   1.0950   0.3245   3.7604   4.1470   0.0000   0.0000
    9.90    1.09500000   1.0950   0.3266   3.7604   4.1450   0.0000   0.0000
    9.90    1.09600000   1.0960   0.3287   3.7603   4.1430   0.0000   0.0000
    9.90    1.09600000   1.0960   0.3308   3.7603   4.1410   0.0000   0.0000
    9.90    1.09700000   1.0970   0.3329   3.7602   4.1390   0.0000   0.0000
    9.90    1.09700000   1.0970   0.3350   3.7602   4.1370   0.0000   0.0000
    9.90    1.09800000   1.0980   0.3371   3.7601   4.1350   0.0000   0.0000
    9.90    1.09900000   1.0990   0.3393   3.7600   4.1330   0.0000   0.0000
    9.90    1.09900000   1.0990   0.3414   3.7600   4.1300   0.0000   0.0000
    9.90    1.10000000   1.1000   0.3435   3.7599   4.1280   0.0000   0.0000
    9.90    1.10000000   1.1000   0.3456   3.7598   4.1260   0.0000   0.0000
    9.90    1.10100000   1.1010   0.3474   3.7596   4.1240   0.0000   0.0000
    9.90    1.10100000   1.1010   0.3492   3.7595   4.1220   0.0000   0.0000
    9.90    1.10200000   1.1020   0.3510   3.7593   4.1190   0.0000   0.0000
    9.90    1.10200000   1.1020   0.3527   3.7592   4.1170   0.0000   0.0000
    9.90    1.10300000   1.1030   0.3545   3.7590   4.1150   0.0000   0.0000
    9.90    1.10300000   1.1030   0.3563   3.7588   4.1130   0.0000   0.0000
    9.90    1.10400000   1.1040   0.3581   3.7586   4.1100   0.0000   0.0000
    9.90    1.10400000   1.1040   0.3599   3.7585   4.1080   0.0000   0.0000
    9.90    1.10500000   1.1050   0.3617   3.7583   4.1060   0.0000   0.0000
    9.90    1.10600000   1.1060   0.3635   3.7581   4.1030   0.0000   0.0000
    9.90    1.10600000   1.1060   0.3653   3.7579   4.1010   0.0000   0.0000
    9.90    1.10700000   1.1070   0.3671   3.7577   4.0990   0.0000   0.0000
    9.90    1.10700000   1.1070   0.3688   3.7575   4.0960   0.0000   0.0000
    9.90    1.10800000   1.1080   0.3706   3.7573   4.0940   0.0000   0.0000
    9.90    1.10800000   1.1080   0.3724   3.7571   4.0920   0.0000   0.0000
    9.90    1.10900000   1.1090   0.3742   3.7569   4.0890   0.0000   0.0000
    9.90    1.10900000   1.1090   0.3759   3.7567   4.0870   0.0000   0.0000
    9.90    1.11000000   1.1100   0.3777   3.7564   4.0840   0.0000   0.0000
    9.90    1.11100000   1.1110   0.3795   3.7562   4.0820   0.0000   0.0000
    9.90    1.11100000   1.1110   0.3812   3.7560   4.0790   0.0000   0.0000
    9.90    1.11200000   1.1120   0.3829   3.7557   4.0770   0.0000   0.0000
    9.90    1.11200000   1.1120   0.3847   3.7555   4.0740   0.0000   0.0000
    9.90    1.11300000   1.1130   0.3864   3.7552   4.0720   0.0000   0.0000
    9.90    1.11300000   1.1130   0.3881   3.7550   4.0690   0.0000   0.0000
    9.90    1.11400000   1.1140   0.3899   3.7547   4.0670   0.0000   0.0000
    9.90    1.11400000   1.1140   0.3916   3.7544   4.0640   0.0000   0.0000
    9.90    1.11500000   1.1150   0.3933   3.7541   4.0610   0.0000   0.0000
    9.90    1.11500000   1.1150   0.3950   3.7538   4.0590   0.0000   0.0000
    9.90    1.11600000   1.1160   0.3967   3.7535   4.0560   0.0000   0.0000
    9.90    1.11700000   1.1170   0.3983   3.7532   4.0530   0.0000   0.0000
    9.90    1.11700000   1.1170   0.4000   3.7529   4.0510   0.0000   0.0000
    9.90    1.11800000   1.1180   0.4017   3.7526   4.0480   0.0000   0.0000
    9.90    1.11800000   1.1180   0.4033   3.7523   4.0450   0.0000   0.0000
    9.90    1.11900000   1.1190   0.4049   3.7519   4.0430   0.0000   0.0000
    9.90    1.11900000   1.1190   0.4065   3.7516   4.0400   0.0000   0.0000
    9.90    1.12000000   1.1200   0.4081   3.7512   4.0370   0.0000   0.0000
    9.90    1.12000000   1.1200   0.4097   3.7509   4.0340   0.0000   0.0000
    9.90    1.12100000   1.1210   0.4112   3.7505   4.0310   0.0000   0.0000
    9.90    1.12200000   1.1220   0.4128   3.7501   4.0280   0.0000   0.0000
    9.90    1.12200000   1.1220   0.4143   3.7497   4.0250   0.0000   0.0000
    9.90    1.12300000   1.1230   0.4157   3.7493   4.0230   0.0000   0.0000
    9.90    1.12300000   1.1230   0.4172   3.7488   4.0200   0.0000   0.0000
    9.90    1.12400000   1.1240   0.4187   3.7484   4.0170   0.0000   0.0000
    9.90    1.12400000   1.1240   0.4201   3.7479   4.0140   0.0000   0.0000
    9.90    1.12500000   1.1250   0.4214   3.7475   4.0110   0.0000   0.0000
    9.90    1.12500000   1.1250   0.4228   3.7470   4.0070   0.0000   0.0000
    9.90    1.12600000   1.1260   0.4241   3.7465   4.0040   0.0000   0.0000
    9.90    1.12700000   1.1270   0.4254   3.7460   4.0010   0.0000   0.0000
    9.90    1.12700000   1.1270   0.4266   3.7455   3.9980   0.0000   0.0000
    9.90    1.12800000   1.1280   0.4278   3.7449   3.9950   0.0000   0.0000
    9.90    1.12800000   1.1280   0.4290   3.7443   3.9920   0.0000   0.0000
    9.90    1.12900000   1.1290   0.4301   3.7437   3.9880   0.0000   0.0000
    9.90    1.12900000   1.1290   0.4312   3.7431   3.9850   0.0000   0.0000
    9.90    1.13000000   1.1300   0.4322   3.7425   3.9820   0.0000   0.0000
    9.90    1.13000000   1.1300   0.4332   3.7419   3.9780   0.0000   0.0000
    9.90    1.13100000   1.1310   0.4342   3.7412   3.9750   0.0000   0.0000
    9.90    1.13200000   1.1320   0.4351   3.7404   3.9710   0.0000   0.0000
    9.90    1.13200000   1.1320   0.4360   3.7397   3.9680   0.0000   0.0000
    9.90    1.13300000   1.1330   0.4367   3.7389   3.9640   0.0000   0.0000
    9.90    1.13300000   1.1330   0.4374   3.7380   3.9600   0.0000   0.0000
    9.90    1.13400000   1.1340   0.4380   3.7371   3.9560   0.0000   0.0000
    9.90    1.13400000   1.1340   0.4385   3.7361   3.9520   0.0000   0.0000
    9.90    1.13500000   1.1350   0.4389   3.7351   3.9480   0.0000   0.0000
    9.90    1.13500000   1.1350   0.4393   3.7342   3.9430   0.0000   0.0000
    9.90    1.13600000   1.1360   0.4396   3.7331   3.9390   0.0000   0.0000
    9.90    1.13700000   1.1370   0.4397   3.7320   3.9350   0.0000   0.0000
    9.90    1.13700000   1.1370   0.4399   3.7309   3.9310   0.0000   0.0000
    9.90    1.13800000   1.1380   0.4398   3.7297   3.9260   0.0000   0.0000
    9.90    1.13800000   1.1380   0.4396   3.7285   3.9220   0.0000   0.0000
    9.90    1.13900000   1.1390   0.4394   3.7273   3.9170   0.0000   0.0000
    9.90    1.13900000   1.1390   0.4389   3.7260   3.9130   0.0000   0.0000
    9.90    1.14000000   1.1400   0.4383   3.7246   3.9080   0.0000   0.0000
    9.90    1.14100000   1.1410   0.4376   3.7232   3.9030   0.0000   0.0000
    9.90    1.14100000   1.1410   0.4366   3.7218   3.8990   0.0000   0.0000
    9.90    1.14200000   1.1420   0.4357   3.7203   3.8940   0.0000   0.0000
    9.90    1.14200000   1.1420   0.4341   3.7184   3.8880   0.0000   0.0000
    9.90    1.14300000   1.1430   0.4326   3.7165   3.8820   0.0000   0.0000
    9.90    1.14300000   1.1430   0.4308   3.7144   3.8760   0.0000   0.0000
    9.90    1.14400000   1.1440   0.4285   3.7121   3.8690   0.0000   0.0000
    9.90    1.14400000   1.1440   0.4263   3.7098   3.8630   0.0000   0.0000
    9.90    1.14500000   1.1450   0.4243   3.7074   3.8550   0.0000   0.0000
    9.90    1.14600000   1.1460   0.4223   3.7050   3.8480   0.0000   0.0000
    9.90    1.14600000   1.1460   0.4208   3.7024   3.8390   0.0000   0.0000
    9.90    1.14700000   1.1470   0.4198   3.6997   3.8290   0.0000   0.0000
    9.90    1.14700000   1.1470   0.4191   3.6970   3.8200   0.0000   0.0000
    9.90    1.14800000   1.1480   0.4219   3.6949   3.8090   0.0000   0.0000
    9.90    1.14800000   1.1480   0.4247   3.6929   3.7980   0.0000   0.0000
    9.90    1.14900000   1.1490   0.4297   3.6909   3.7850   0.0000   0.0000
    9.90    1.15000000   1.1490   0.4349   3.6889   3.7720   0.0000   0.0000
    9.90    1.15000000   1.1500   0.4425   3.6874   3.7590   0.0000   0.0000
    9.90    1.15100000   1.1510   0.4507   3.6859   3.7450   0.0000   0.0000
    9.90    1.15100000   1.1510   0.4602   3.6846   3.7300   0.0000   0.0000
    9.90    1.15200000   1.1520   0.4704   3.6833   3.7150   0.0000   0.0000
    9.90    1.15200000   1.1520   0.4816   3.6821   3.6990   0.0000   0.0000
    9.90    1.15300000   1.1530   0.4937   3.6811   3.6830   0.0000   0.0000
    9.90    1.15400000   1.1530   0.5064   3.6801   3.6670   0.0000   0.0000
    9.90    1.15400000   1.1540   0.5202   3.6793   3.6500   0.0000   0.0000
    9.90    1.15500000   1.1540   0.5343   3.6786   3.6330   0.0000   0.0000
    9.90    1.15500000   1.1550   0.5496   3.6781   3.6160   0.0000   0.0000
    9.90    1.15600000   1.1550   0.5652   3.6777   3.5990   0.0000   0.0000
    9.90    1.15600000   1.1560   0.5821   3.6774   3.5810   0.0000   0.0000
    9.90    1.15700000   1.1560   0.5990   3.6770   3.5630   0.0000   0.0000
    9.90    1.15800000   1.1570   0.6160   3.6762   3.5430   0.0000   0.0000
    9.90    1.15800000   1.1570   0.6329   3.6753   3.5230   0.0000   0.0000
    9.90    1.15900000   1.1580   0.6515   3.6746   3.5010   0.0000   0.0000
    9.90    1.15900000   1.1580   0.6705   3.6739   3.4800   0.0000   0.0000
    9.90    1.16000000   1.1590   0.6912   3.6734   3.4570   0.0000   0.0000
    9.90    1.16000000   1.1590   0.7127   3.6729   3.4340   0.0000   0.0000
    9.90    1.16100000   1.1600   0.7351   3.6723   3.4090   0.0000   0.0000
    9.90    1.16200000   1.1600   0.7583   3.6715   3.3830   0.0000   0.0000
    9.90    1.16200000   1.1610   0.7827   3.6707   3.3560   0.0000   0.0000
    9.90    1.16300000   1.1610   0.8091   3.6700   3.3270   0.0000   0.0000
    9.90    1.16300000   1.1620   0.8363   3.6691   3.2960   0.0000   0.0000
    9.90    1.16400000   1.1620   0.8661   3.6680   3.2620   0.0000   0.0000
    9.90    1.16400000   1.1630   0.8962   3.6670   3.2280   0.0000   0.0000
    9.90    1.16500000   1.1630   0.9308   3.6660   3.1900   0.0000   0.0000
    9.90    1.16600000   1.1630   0.9654   3.6650   3.1510   0.0000   0.0000
    9.90    1.16600000   1.1640   1.0041   3.6635   3.1070   0.0000   0.0000
    9.90    1.16700000   1.1640   1.0431   3.6619   3.0610   0.0000   0.0000
    9.90    1.16700000   1.1640   1.0876   3.6600   3.0090   0.0000   0.0000
    9.90    1.16800000   1.1650   1.1339   3.6579   2.9550   0.0000   0.0000
    9.90    1.16800000   1.1650   1.1748   3.6561   2.9070   0.0000   0.0000
    9.90    1.16900000   1.1650   1.2119   3.6544   2.8630   0.0000   0.0000
    9.90    1.17000000   1.1650   1.2441   3.6529   2.8250   0.0000   0.0000
    9.90    1.17000000   1.1650   1.2703   3.6518   2.7940   0.0000   0.0000
    9.90    1.17100000   1.1650   1.3070   3.6501   2.7510   0.0000   0.0000
    9.90    1.17100000   1.1650   1.3723   3.6466   2.6720   0.0000   0.0000
# log(age) Mini Mact logl logt logg Composition Phase
    9.95    0.80000000   0.8000  -0.5756   3.6770   4.5780   0.0000   0.0000
    9.95    0.90100000   0.9010  -0.2659   3.7194   4.4890   0.0000   0.0000
    9.95    1.01200000   1.0120   0.0858   3.7510   4.3140   0.0000   0.0000
    9.95    1.01300000   1.0130   0.0875   3.7510   4.3130   0.0000   0.0000
    9.95    1.01300000   1.0130   0.0891   3.7511   4.3120   0.0000   0.0000
    9.95    1.01400000   1.0140   0.0908   3.7512   4.3110   0.0000   0.0000
    9.95    1.01400000   1.0140   0.0925   3.7513   4.3100   0.0000   0.0000
    9.95    1.01500000   1.0150   0.0942   3.7514   4.3080   0.0000   0.0000
    9.95    1.01500000   1.0150   0.0959   3.7514   4.3070   0.0000   0.0000
    9.95    1.01600000   1.0160   0.0976   3.7515   4.3060   0.0000   0.0000
    9.95    1.01600000   1.0160   0.0993   3.7516   4.3050   0.0000   0.0000
    9.95    1.01700000   1.0170   0.1010   3.7517   4.3040   0.0000   0.0000
    9.95    1.01700000   1.0170   0.1027   3.7518   4.3030   0.0000   0.0000
    9.95    1.01800000   1.0180   0.1044   3.7518   4.3010   0.0000   0.0000
    9.95    1.01800000   1.0180   0.1061   3.7519   4.3000   0.0000   0.0000
    9.95    1.01900000   1.0190   0.1079   3.7520   4.2990   0.0000   0.0000
    9.95    1.01900000   1.0190   0.1096   3.7521   4.2980   0.0000   0.0000
    9.95    1.02000000   1.0200   0.1113   3.7521   4.2970   0.0000   0.0000
    9.95    1.02000000   1.0200   0.1131   3.7522   4.2950   0.0000   0.0000
    9.95    1.02100000   1.0210   0.1148   3.7523   4.2940   0.0000   0.0000
    9.95    1.02100000   1.0210   0.1165   3.7524   4.2930   0.0000   0.0000
    9.95    1.02200000   1.0220   0.1183   3.7524   4.2920   0.0000   0.0000
    9.95    1.02200000   1.0220   0.1200   3.7525   4.2900   0.0000   0.0000
    9.95    1.02300000   1.0230   0.1218   3.7526   4.2890   0.0000   0.0000
    9.95    1.02300000   1.0230   0.1236   3.7527   4.2880   0.0000   0.0000
    9.95    1.02400000   1.0240   0.1253   3.7527   4.2870   0.0000   0.0000
    9.95    1.02400000   1.0240   0.1271   3.7528   4.2860   0.0000   0.0000
    9.95    1.02500000   1.0250   0.1289   3.7529   4.2840   0.0000   0.0000
    9.95    1.02500000   1.0250   0.1306   3.7530   4.2830   0.0000   0.0000
    9.95    1.02600000   1.0260   0.1324   3.7531   4.2820   0.0000   0.0000
    9.95    1.02600000   1.0260   0.1342   3.7532   4.2810   0.0000   0.0000
    9.95    1.02700000   1.0270   0.1360   3.7532   4.2790   0.0000   0.0000
    9.95    1.02700000   1.0270   0.1378   3.7533   4.2780   0.0000   0.0000
    9.95    1.02800000   1.0280   0.1395   3.7534   4.2770   0.0000   0.0000
    9.95    1.02800000   1.0280   0.1413   3.7535   4.2760   0.0000   0.0000
    9.95    1.02900000   1.0290   0.1431   3.7535   4.2740   0.0000   0.0000
    9.95    1.02900000   1.0290   0.1449   3.7536   4.2730   0.0000   0.0000
    9.95    1.03000000   1.0300   0.1467   3.7537   4.2720   0.0000   0.0000
    9.95    1.03000000   1.0300   0.1485   3.7537   4.2700   0.0000   0.0000
    9.95    1.03100000   1.0310   0.1503   3.7538   4.2690   0.0000   0.0000
    9.95    1.03100000   1.0310   0.1522   3.7539   4.2680   0.0000   0.0000
    9.95    1.03200000   1.0320   0.1540   3.7540   4.2660   0.0000   0.0000
    9.95    1.03200000   1.0320   0.1558   3.7540   4.2650   0.0000   0.0000
    9.95    1.03300000   1.0330   0.1576   3.7541   4.2640   0.0000   0.0000
    9.95    1.03300000   1.0330   0.1595   3.7542   4.2620   0.0000   0.0000
    9.95    1.03400000   1.0340   0.1613   3.7543   4.2610   0.0000   0.0000
    9.95    1.03400000   1.0340   0.1631   3.7543   4.2600   0.0000   0.0000
    9.95    1.03500000   1.0350   0.1650   3.7544   4.2580   0.0000   0.0000
    9.95    1.03500000   1.0350   0.1668   3.7544   4.2570   0.0000   0.0000
    9.95    1.03600000   1.0360   0.1687   3.7545   4.2560   0.0000   0.0000
    9.95    1.03600000   1.0360   0.1705   3.7546   4.2540   0.0000   0.0000
    9.95    1.03700000   1.0370   0.1724   3.7546   4.2530   0.0000   0.0000
    9.95    1.03700000   1.0370   0.1742   3.7547   4.2510   0.0000   0.0000
    9.95    1.03800000   1.0380   0.1761   3.7548   4.2500   0.0000   0.0000
    9.95    1.03800000   1.0380   0.1780   3.7548   4.2490   0.0000   0.0000
    9.95    1.03900000   1.0390   0.1798   3.7549   4.2470   0.0000   0.0000
    9.95    1.03900000   1.0390   0.1817   3.7549   4.2460   0.0000   0.0000
    9.95    1.04000000   1.0400   0.1836   3.7550   4.2440   0.0000   0.0000
    9.95    1.04000000   1.0400   0.1855   3.7550   4.2430   0.0000   0.0000
    9.95    1.04100000   1.0410   0.1874   3.7551   4.2410   0.0000   0.0000
    9.95    1.04100000   1.0410   0.1893   3.7551   4.2400   0.0000   0.0000
    9.95    1.04200000   1.0420   0.1912   3.7552   4.2380   0.0000   0.0000
    9.95    1.04200000   1.0420   0.1931   3.7552   4.2370   0.0000   0.0000
    9.95    1.04300000   1.0430   0.1950   3.7553   4.2350   0.0000   0.0000
    9.95    1.04300000   1.0430   0.1969   3.7553   4.2340   0.0000   0.0000
    9.95    1.04400000   1.0440   0.1988   3.7554   4.2320   0.0000   0.0000
    9.95    1.04500000   1.0450   0.2007   3.7554   4.2310   0.0000   0.0000
    9.95    1.04500000   1.0450   0.2027   3.7554   4.2290   0.0000   0.0000
    9.95    1.04600000   1.0460   0.2046   3.7555   4.2280   0.0000   0.0000
    9.95    1.04600000   1.0460   0.2065   3.7555   4.2260   0.0000   0.0000
    9.95    1.04700000   1.0470   0.2085   3.7556   4.2240   0.0000   0.0000
    9.95    1.04700000   1.0470   0.2104   3.7556   4.2230   0.0000   0.0000
    9.95    1.04800000   1.0480   0.2124   3.7556   4.2210   0.0000   0.0000
    9.95    1.04800000   1.0480   0.2143   3.7557   4.2200   0.0000   0.0000
    9.95    1.04900000   1.0490   0.2163   3.7557   4.2180   0.0000   0.0000
    9.95    1.04900000   1.0490   0.2183   3.7557   4.2160   0.0000   0.0000
    9.95    1.05000000   1.0500   0.2202   3.7557   4.2150   0.0000   0.0000
    9.95    1.05000000   1.0500   0.2222   3.7558   4.2130   0.0000   0.0000
    9.95    1.05100000   1.0510   0.2242   3.7558   4.2110   0.0000   0.0000
    9.95    1.05100000   1.0510   0.2262   3.7558   4.2100   0.0000   0.0000
    9.95    1.05200000   1.0520   0.2282   3.7558   4.2080   0.0000   0.0000
    9.95    1.05200000   1.0520   0.2302   3.7559   4.2060   0.0000   0.0000
    9.95    1.05300000   1.0530   0.2322   3.7559   4.2050   0.0000   0.0000
    9.95    1.05300000   1.0530   0.2342   3.7559   4.2030   0.0000   0.0000
    9.95    1.05400000   1.0540   0.2362   3.7559   4.2010   0.0000   0.0000
    9.95    1.05400000   1.0540   0.2383   3.7559   4.1990   0.0000   0.0000
    9.95    1.05500000   1.0550   0.2403   3.7559   4.1980   0.0000   0.0000
    9.95    1.05500000   1.0550   0.2423   3.7560   4.1960   0.0000   0.0000
    9.95    1.05600000   1.0560   0.2444   3.7560   4.1940   0.0000   0.0000
    9.95    1.05600000   1.0560   0.2464   3.7560   4.1920   0.0000   0.0000
    9.95    1.05700000   1.0570   0.2485   3.7560   4.1910   0.0000   0.0000
    9.95    1.05800000   1.0580   0.2505   3.7560   4.1890   0.0000   0.0000
    9.95    1.05800000   1.0580   0.2526   3.7560   4.1870   0.0000   0.0000
    9.95    1.05900000   1.0590   0.2546   3.7560   4.1850   0.0000   0.0000
    9.95    1.05900000   1.0590   0.2567   3.7560   4.1830   0.0000   0.0000
    9.95    1.06000000   1.0600   0.2588   3.7560   4.1810   0.0000   0.0000
    9.95    1.06000000   1.0600   0.2609   3.7559   4.1790   0.0000   0.0000
    9.95    1.06100000   1.0610   0.2630   3.7559   4.1770   0.0000   0.0000
    9.95    1.06100000   1.0610   0.2651   3.7559   4.1750   0.0000   0.0000
    9.95    1.06200000   1.0620   0.2672   3.7559   4.1730   0.0000   0.0000
    9.95    1.06200000   1.0620   0.2693   3.7558   4.1710   0.0000   0.0000
    9.95    1.06300000   1.0630   0.2714   3.7558   4.1690   0.0000   0.0000
    9.95    1.06300000   1.0630   0.2736   3.7558   4.1670   0.0000   0.0000
    9.95    1.06400000   1.0640   0.2757   3.7557   4.1650   0.0000   0.0000
    9.95    1.06400000   1.0640   0.2778   3.7557   4.1630   0.0000   0.0000
    9.95    1.06500000   1.0650   0.2800   3.7556   4.1610   0.0000   0.0000
    9.95    1.06500000   1.0650   0.2821   3.7556   4.1590   0.0000   0.0000
    9.95    1.06600000   1.0660   0.2843   3.7555   4.1570   0.0000   0.0000
    9.95    1.06600000   1.0660   0.2864   3.7555   4.1540   0.0000   0.0000
    9.95    1.06700000   1.0670   0.2886   3.7554   4.1520   0.0000   0.0000
    9.95    1.06700000   1.0670   0.2907   3.7554   4.1500   0.0000   0.0000
    9.95    1.06800000   1.0680   0.2929   3.7553   4.1480   0.0000   0.0000
    9.95    1.06900000   1.0690   0.2951   3.7552   4.1460   0.0000   0.0000
    9.95    1.06900000   1.0690   0.2973   3.7552   4.1430   0.0000   0.0000
    9.95    1.07000000   1.0700   0.2995   3.7551   4.1410   0.0000   0.0000
    9.95    1.07000000   1.0700   0.3017   3.7550   4.1390   0.0000   0.0000
    9.95    1.07100000   1.0710   0.3039   3.7549   4.1360   0.0000   0.0000
    9.95    1.07100000   1.0710   0.3061   3.7549   4.1340   0.0000   0.0000
    9.95    1.07200000   1.0720   0.3083   3.7548   4.1320   0.0000   0.0000
    9.95    1.07200000   1.0720   0.3105   3.7547   4.1290   0.0000   0.0000
    9.95    1.07300000   1.0730   0.3127   3.7546   4.1270   0.0000   0.0000
    9.95    1.07300000   1.0730   0.3150   3.7544   4.1240   0.0000   0.0000
    9.95    1.07400000   1.0740   0.3172   3.7543   4.1220   0.0000   0.0000
    9.95    1.07400000   1.0740   0.3194   3.7542   4.1200   0.0000   0.0000
    9.95    1.07500000   1.0750   0.3217   3.7541   4.1170   0.0000   0.0000
    9.95    1.07500000   1.0750   0.3239   3.7539   4.1140   0.0000   0.0000
    9.95    1.07600000   1.0760   0.3262   3.7538   4.1120   0.0000   0.0000
    9.95    1.07600000   1.0760   0.3284   3.7537   4.1090   0.0000   0.0000
    9.95    1.07700000   1.0770   0.3307   3.7535   4.1070   0.0000   0.0000
    9.95    1.07800000   1.0780   0.3329   3.7534   4.1040   0.0000   0.0000
    9.95    1.07800000   1.0780   0.3352   3.7532   4.1010   0.0000   0.0000
    9.95    1.07900000   1.0790   0.3375   3.7530   4.0980   0.0000   0.0000
    9.95    1.07900000   1.0790   0.3397   3.7528   4.0960   0.0000   0.0000
    9.95    1.08000000   1.0800   0.3420   3.7527   4.0930   0.0000   0.0000
    9.95    1.08000000   1.0800   0.3442   3.7525   4.0900   0.0000   0.0000
    9.95    1.08100000   1.0810   0.3465   3.7523   4.0870   0.0000   0.0000
    9.95    1.08100000   1.0810   0.3488   3.7521   4.0840   0.0000   0.0000
    9.95    1.08200000   1.0820   0.3510   3.7519   4.0820   0.0000   0.0000
    9.95    1.08200000   1.0820   0.3533   3.7517   4.0790   0.0000   0.0000
    9.95    1.08300000   1.0830   0.3556   3.7514   4.0760   0.0000   0.0000
    9.95    1.08300000   1.0830   0.3578   3.7512   4.0730   0.0000   0.0000
    9.95    1.08400000   1.0840   0.3601   3.7510   4.0700   0.0000   0.0000
    9.95    1.08400000   1.0840   0.3623   3.7507   4.0670   0.0000   0.0000
    9.95    1.08500000   1.0850   0.3646   3.7504   4.0640   0.0000   0.0000
    9.95    1.08600000   1.0860   0.3668   3.7502   4.0600   0.0000   0.0000
    9.95    1.08600000   1.0860   0.3690   3.7499   4.0570   0.0000   0.0000
    9.95    1.08700000   1.0870   0.3712   3.7496   4.0540   0.0000   0.0000
    9.95    1.08700000   1.0870   0.3734   3.7493   4.0510   0.0000   0.0000
    9.95    1.08800000   1.0880   0.3756   3.7490   4.0480   0.0000   0.0000
    9.95    1.08800000   1.0880   0.3778   3.7486   4.0440   0.0000   0.0000
    9.95    1.08900000   1.0890   0.3799   3.7483   4.0410   0.0000   0.0000
    9.95    1.08900000   1.0890   0.3821   3.7479   4.0380   0.0000   0.0000
    9.95    1.09000000   1.0900   0.3842   3.7475   4.0340   0.0000   0.0000
    9.95    1.09000000   1.0900   0.3863   3.7471   4.0310   0.0000   0.0000
    9.95    1.09100000   1.0910   0.3883   3.7466   4.0270   0.0000   0.0000
    9.95    1.09100000   1.0910   0.3904   3.7462   4.0230   0.0000   0.0000
    9.95    1.09200000   1.0920   0.3925   3.7457   4.0200   0.0000   0.0000
    9.95    1.09300000   1.0930   0.3944   3.7451   4.0160   0.0000   0.0000
    9.95    1.09300000   1.0930   0.3964   3.7446   4.0120   0.0000   0.0000
    9.95    1.09400000   1.0940   0.3983   3.7440   4.0070   0.0000   0.0000
    9.95    1.09400000   1.0940   0.4001   3.7433   4.0030   0.0000   0.0000
    9.95    1.09500000   1.0950   0.4019   3.7426   3.9990   0.0000   0.0000
    9.95    1.09500000   1.0950   0.4036   3.7419   3.9940   0.0000   0.0000
    9.95    1.09600000   1.0960   0.4052   3.7411   3.9900   0.0000   0.0000
    9.95    1.09600000   1.0960   0.4068   3.7404   3.9860   0.0000   0.0000
    9.95    1.09700000   1.0970   0.4082   3.7395   3.9810   0.0000   0.0000
    9.95    1.09700000   1.0970   0.4096   3.7386   3.9760   0.0000   0.0000
    9.95    1.09800000   1.0980   0.4108   3.7377   3.9720   0.0000   0.0000
    9.95    1.09900000   1.0990   0.4118   3.7367   3.9670   0.0000   0.0000
    9.95    1.09900000   1.0990   0.4127   3.7356   3.9620   0.0000   0.0000
    9.95    1.10000000   1.1000   0.4135   3.7345   3.9570   0.0000   0.0000
    9.95    1.10000000   1.1000   0.4138   3.7333   3.9520   0.0000   0.0000
    9.95    1.10100000   1.1010   0.4138   3.7322   3.9470   0.0000   0.0000
    9.95    1.10100000   1.1010   0.4137   3.7309   3.9430   0.0000   0.0000
    9.95    1.10200000   1.1020   0.4131   3.7296   3.9380   0.0000   0.0000
    9.95    1.10200000   1.1020   0.4126   3.7282   3.9340   0.0000   0.0000
    9.95    1.10300000   1.1030   0.4120   3.7268   3.9290   0.0000   0.0000
    9.95    1.10300000   1.1030   0.4107   3.7250   3.9230   0.0000   0.0000
    9.95    1.10400000   1.1040   0.4095   3.7232   3.9170   0.0000   0.0000
    9.95    1.10400000   1.1040   0.4082   3.7213   3.9110   0.0000   0.0000
    9.95    1.10500000   1.1050   0.4061   3.7192   3.9050   0.0000   0.0000
    9.95    1.10600000   1.1060   0.4040   3.7170   3.8980   0.0000   0.0000
    9.95    1.10600000   1.1060   0.4019   3.7148   3.8920   0.0000   0.0000
    9.95    1.10700000   1.1070   0.3997   3.7124   3.8850   0.0000   0.0000
    9.95    1.10700000   1.1070   0.3976   3.7100   3.8780   0.0000   0.0000
    9.95    1.10800000   1.1080   0.3954   3.7076   3.8700   0.0000   0.0000
    9.95    1.10800000   1.1080   0.3944   3.7049   3.8610   0.0000   0.0000
    9.95    1.10900000   1.1090   0.3935   3.7022   3.8510   0.0000   0.0000
    9.95    1.10900000   1.1090   0.3926   3.6994   3.8410   0.0000   0.0000
    9.95    1.11000000   1.1100   0.3947   3.6971   3.8300   0.0000   0.0000
    9.95    1.11100000   1.1100   0.3971   3.6949   3.8190   0.0000   0.0000
    9.95    1.11100000   1.1110   0.4019   3.6928   3.8060   0.0000   0.0000
    9.95    1.11200000   1.1110   0.4069   3.6907   3.7930   0.0000   0.0000
    9.95    1.11200000   1.1120   0.4147   3.6889   3.7780   0.0000   0.0000
    9.95    1.11300000   1.1130   0.4227   3.6871   3.7630   0.0000   0.0000
    9.95    1.11300000   1.1130   0.4332   3.6856   3.7470   0.0000   0.0000
    9.95    1.11400000   1.1140   0.4438   3.6842   3.7310   0.0000   0.0000
    9.95    1.11400000   1.1140   0.4565   3.6830   3.7130   0.0000   0.0000
    9.95    1.11500000   1.1150   0.4693   3.6818   3.6960   0.0000   0.0000
    9.95    1.11500000   1.1150   0.4838   3.6809   3.6780   0.0000   0.0000
    9.95    1.11600000   1.1160   0.4985   3.6800   3.6600   0.0000   0.0000
    9.95    1.11700000   1.1160   0.5146   3.6793   3.6410   0.0000   0.0000
    9.95    1.11700000   1.1170   0.5308   3.6786   3.6220   0.0000   0.0000
    9.95    1.11800000   1.1170   0.5486   3.6781   3.6030   0.0000   0.0000
    9.95    1.11800000   1.1180   0.5665   3.6776   3.5830   0.0000   0.0000
    9.95    1.11900000   1.1180   0.5851   3.6769   3.5620   0.0000   0.0000
    9.95    1.11900000   1.1190   0.6039   3.6762   3.5400   0.0000   0.0000
    9.95    1.12000000   1.1190   0.6243   3.6756   3.5180   0.0000   0.0000
    9.95    1.12000000   1.1200   0.6451   3.6750   3.4950   0.0000   0.0000
    9.95    1.12100000   1.1200   0.6678   3.6745   3.4700   0.0000   0.0000
    9.95    1.12200000   1.1200   0.6908   3.6739   3.4450   0.0000   0.0000
    9.95    1.12200000   1.1210   0.7156   3.6731   3.4170   0.0000   0.0000
    9.95    1.12300000   1.1210   0.7409   3.6724   3.3890   0.0000   0.0000
    9.95    1.12300000   1.1220   0.7687   3.6716   3.3580   0.0000   0.0000
    9.95    1.12400000   1.1220   0.7970   3.6707   3.3270   0.0000   0.0000
    9.95    1.12400000   1.1230   0.8286   3.6696   3.2910   0.0000   0.0000
    9.95    1.12500000   1.1230   0.8609   3.6686   3.2550   0.0000   0.0000
    9.95    1.12500000   1.1240   0.8972   3.6675   3.2140   0.0000   0.0000
    9.95    1.12600000   1.1240   0.9341   3.6663   3.1730   0.0000   0.0000
    9.95    1.12700000   1.1240   0.9748   3.6647   3.1260   0.0000   0.0000
    9.95    1.12700000   1.1250   1.0167   3.6631   3.0780   0.0000   0.0000
    9.95    1.12800000   1.1250   1.0655   3.6610   3.0200   0.0000   0.0000
    9.95    1.12800000   1.1250   1.1137   3.6589   2.9640   0.0000   0.0000
    9.95    1.12900000   1.1250   1.1586   3.6570   2.9110   0.0000   0.0000
    9.95    1.12900000   1.1250   1.1999   3.6552   2.8630   0.0000   0.0000
    9.95    1.13000000   1.1250   1.2219   3.6543   2.8370   0.0000   0.0000
    9.95    1.13000000   1.1250   1.2482   3.6531   2.8060   0.0000   0.0000
    9.95    1.13100000   1.1250   1.3011   3.6504   2.7430   0.0000   0.0000
# log(age) Mini Mact logl logt logg Composition Phase
   10.00    0.80000000   0.8000  -0.5617   3.6785   4.5700   0.0000   0.0000
   10.00    0.90100000   0.9010  -0.2405   3.7211   4.4710   0.0000   0.0000
   10.00    0.98700000   0.9870   0.0474   3.7460   4.3220   0.0000   0.0000
   10.00    0.98800000   0.9880   0.0491   3.7460   4.3210   0.0000   0.0000
   10.00    0.98800000   0.9880   0.0508   3.7461   4.3200   0.0000   0.0000
   10.00    0.98900000   0.9890   0.0524   3.7462   4.3190   0.0000   0.0000
   10.00    0.98900000   0.9890   0.0541   3.7463   4.3170   0.0000   0.0000
   10.00    0.99000000   0.9900   0.0558   3.7464   4.3160   0.0000   0.0000
   10.00    0.99000000   0.9900   0.0575   3.7465   4.3150   0.0000   0.0000
   10.00    0.99100000   0.9910   0.0592   3.7466   4.3140   0.0000   0.0000
   10.00    0.99100000   0.9910   0.0609   3.7467   4.3130   0.0000   0.0000
   10.00    0.99200000   0.9920   0.0627   3.7467   4.3120   0.0000   0.0000
   10.00    0.99200000   0.9920   0.0644   3.7468   4.3110   0.0000   0.0000
   10.00    0.99300000   0.9930   0.0661   3.7469   4.3090   0.0000   0.0000
   10.00    0.99300000   0.9930   0.0678   3.7470   4.3080   0.0000   0.0000
   10.00    0.99400000   0.9940   0.0696   3.7471   4.3070   0.0000   0.0000
   10.00    0.99400000   0.9940   0.0713   3.7472   4.3060   0.0000   0.0000
   10.00    0.99500000   0.9950   0.0731   3.7473   4.3050   0.0000   0.0000
   10.00    0.99500000   0.9950   0.0748   3.7474   4.3030   0.0000   0.0000
   10.00    0.99600000   0.9960   0.0766   3.7474   4.3020   0.0000   0.0000
   10.00    0.99600000   0.9960   0.0784   3.7475   4.3010   0.0000   0.0000
   10.00    0.99700000   0.9970   0.0801   3.7476   4.3000   0.0000   0.0000
   10.00    0.99700000   0.9970   0.0819   3.7477   4.2990   0.0000   0.0000
   10.00    0.99800000   0.9980   0.0837   3.7478   4.2970   0.0000   0.0000
   10.00    0.99800000   0.9980   0.0855   3.7479   4.2960   0.0000   0.0000
   10.00    0.99900000   0.9990   0.0872   3.7480   4.2950   0.0000   0.0000
   10.00    0.99900000   0.9990   0.0890   3.7480   4.2940   0.0000   0.0000
   10.00    1.00000000   1.0000   0.0908   3.7481   4.2930   0.0000   0.0000
   10.00    1.00000000   1.0000   0.0926   3.7482   4.2910   0.0000   0.0000
   10.00    1.00100000   1.0010   0.0944   3.7483   4.2900   0.0000   0.0000
   10.00    1.00100000   1.0010   0.0963   3.7484   4.2890   0.0000   0.0000
   10.00    1.00200000   1.0020   0.0981   3.7485   4.2870   0.0000   0.0000
   10.00    1.00200000   1.0020   0.1000   3.7485   4.2860   0.0000   0.0000
   10.00    1.00300000   1.0030   0.1019   3.7486   4.2850   0.0000   0.0000
   10.00    1.00300000   1.0030   0.1037   3.7487   4.2830   0.0000   0.0000
   10.00    1.00400000   1.0040   0.1056   3.7488   4.2820   0.0000   0.0000
   10.00    1.00400000   1.0040   0.1075   3.7488   4.2810   0.0000   0.0000
   10.00    1.00500000   1.0050   0.1093   3.7489   4.2790   0.0000   0.0000
   10.00    1.00500000   1.0050   0.1112   3.7490   4.2780   0.0000   0.0000
   10.00    1.00600000   1.0060   0.1131   3.7491   4.2770   0.0000   0.0000
   10.00    1.00600000   1.0060   0.1150   3.7492   4.2750   0.0000   0.0000
   10.00    1.00700000   1.0070   0.1169   3.7492   4.2740   0.0000   0.0000
   10.00    1.00700000   1.0070   0.1188   3.7493   4.2720   0.0000   0.0000
   10.00    1.00800000   1.0080   0.1207   3.7494   4.2710   0.0000   0.0000
   10.00    1.00800000   1.0080   0.1226   3.7495   4.2700   0.0000   0.0000
   10.00    1.00900000   1.0090   0.1245   3.7495   4.2680   0.0000   0.0000
   10.00    1.00900000   1.0090   0.1264   3.7496   4.2670   0.0000   0.0000
   10.00    1.01000000   1.0100   0.1283   3.7497   4.2650   0.0000   0.0000
   10.00    1.01000000   1.0100   0.1303   3.7497   4.2640   0.0000   0.0000
   10.00    1.01100000   1.0110   0.1322   3.7498   4.2630   0.0000   0.0000
   10.00    1.01100000   1.0110   0.1341   3.7499   4.2610   0.0000   0.0000
   10.00    1.01200000   1.0120   0.1361   3.7499   4.2600   0.0000   0.0000
   10.00    1.01200000   1.0120   0.1380   3.7500   4.2580   0.0000   0.0000
   10.00    1.01300000   1.0130   0.1399   3.7501   4.2570   0.0000   0.0000
   10.00    1.01300000   1.0130   0.1419   3.7501   4.2550   0.0000   0.0000
   10.00    1.01400000   1.0140   0.1438   3.7502   4.2540   0.0000   0.0000
   10.00    1.01400000   1.0140   0.1458   3.7502   4.2520   0.0000   0.0000
   10.00    1.01500000   1.0150   0.1478   3.7503   4.2510   0.0000   0.0000
   10.00    1.01500000   1.0150   0.1497   3.7503   4.2490   0.0000   0.0000
   10.00    1.01600000   1.0160   0.1517   3.7504   4.2480   0.0000   0.0000
   10.00    1.01600000   1.0160   0.1537   3.7504   4.2460   0.0000   0.0000
   10.00    1.01700000   1.0170   0.1557   3.7505   4.2440   0.0000   0.0000
   10.00    1.01700000   1.0170   0.1577   3.7505   4.2430   0.0000   0.0000
   10.00    1.01800000   1.0180   0.1597   3.7506   4.2410   0.0000   0.0000
   10.00    1.01800000   1.0180   0.1617   3.7506   4.2400   0.0000   0.0000
   10.00    1.01900000   1.0190   0.1637   3.7507   4.2380   0.0000   0.0000
   10.00    1.01900000   1.0190   0.1657   3.7507   4.2360   0.0000   0.0000
   10.00    1.02000000   1.0200   0.1677   3.7508   4.2350   0.0000   0.0000
   10.00    1.02000000   1.0200   0.1697   3.7508   4.2330   0.0000   0.0000
   10.00    1.02100000   1.0210   0.1717   3.7508   4.2310   0.0000   0.0000
   10.00    1.02100000   1.0210   0.1738   3.7509   4.2300   0.0000   0.0000
   10.00    1.02200000   1.0220   0.1758   3.7509   4.2280   0.0000   0.0000
   10.00    1.02200000   1.0220   0.1779   3.7509   4.2260   0.0000   0.0000
   10.00    1.02300000   1.0230   0.1799   3.7510   4.2250   0.0000   0.0000
   10.00    1.02300000   1.0230   0.1820   3.7510   4.2230   0.0000   0.0000
   10.00    1.02400000   1.0240   0.1840   3.7510   4.2210   0.0000   0.0000
   10.00    1.02400000   1.0240   0.1861   3.7511   4.2190   0.0000   0.0000
   10.00    1.02500000   1.0250   0.1882   3.7511   4.2180   0.0000   0.0000
   10.00    1.02500000   1.0250   0.1902   3.7511   4.2160   0.0000   0.0000
   10.00    1.02600000   1.0260   0.1923   3.7511   4.2140   0.0000   0.0000
   10.00    1.02600000   1.0260   0.1944   3.7511   4.2120   0.0000   0.0000
   10.00    1.02700000   1.0270   0.1965   3.7512   4.2100   0.0000   0.0000
   10.00    1.02700000   1.0270   0.1986   3.7511   4.2090   0.0000   0.0000
   10.00    1.02800000   1.0280   0.2007   3.7511   4.2070   0.0000   0.0000
   10.00    1.02800000   1.0280   0.2028   3.7512   4.2050   0.0000   0.0000
   10.00    1.02900000   1.0290   0.2049   3.7512   4.2030   0.0000   0.0000
   10.00    1.02900000   1.0290   0.2071   3.7512   4.2010   0.0000   0.0000
   10.00    1.03000000   1.0300   0.2092   3.7512   4.1990   0.0000   0.0000
   10.00    1.03000000   1.0300   0.2113   3.7512   4.1970   0.0000   0.0000
   10.00    1.03100000   1.0310   0.2135   3.7512   4.1950   0.0000   0.0000
   10.00    1.03100000   1.0310   0.2156   3.7511   4.1930   0.0000   0.0000
   10.00    1.03200000   1.0320   0.2178   3.7511   4.1910   0.0000   0.0000
   10.00    1.03200000   1.0320   0.2200   3.7511   4.1890   0.0000   0.0000
   10.00    1.03300000   1.0330   0.2221   3.7511   4.1870   0.0000   0.0000
   10.00    1.03300000   1.0330   0.2243   3.7511   4.1850   0.0000   0.0000
   10.00    1.03400000   1.0340   0.2265   3.7510   4.1830   0.0000   0.0000
   10.00    1.03400000   1.0340   0.2287   3.7510   4.1810   0.0000   0.0000
   10.00    1.03500000   1.0350   0.2309   3.7510   4.1790   0.0000   0.0000
   10.00    1.03500000   1.0350   0.2331   3.7509   4.1770   0.0000   0.0000
   10.00    1.03600000   1.0360   0.2353   3.7509   4.1740   0.0000   0.0000
   10.00    1.03600000   1.0360   0.2375   3.7508   4.1720   0.0000   0.0000
   10.00    1.03700000   1.0370   0.2397   3.7508   4.1700   0.0000   0.0000
   10.00    1.03700000   1.0370   0.2420   3.7507   4.1680   0.0000   0.0000
   10.00    1.03800000   1.0380   0.2442   3.7507   4.1660   0.0000   0.0000
   10.00    1.03800000   1.0380   0.2464   3.7506   4.1630   0.0000   0.0000
   10.00    1.03900000   1.0390   0.2487   3.7505   4.1610   0.0000   0.0000
   10.00    1.03900000   1.0390   0.2509   3.7505   4.1590   0.0000   0.0000
   10.00    1.04000000   1.0400   0.2532   3.7504   4.1560   0.0000   0.0000
   10.00    1.04000000   1.0400   0.2555   3.7503   4.1540   0.0000   0.0000
   10.00    1.04100000   1.0410   0.2577   3.7502   4.1520   0.0000   0.0000
   10.00    1.04100000   1.0410   0.2600   3.7501   4.1490   0.0000   0.0000
   10.00    1.04200000   1.0420   0.2623   3.7500   4.1470   0.0000   0.0000
   10.00    1.04200000   1.0420   0.2646   3.7499   4.1440   0.0000   0.0000
   10.00    1.04300000   1.0430   0.2669   3.7498   4.1420   0.0000   0.0000
   10.00    1.04300000   1.0430   0.2692   3.7497   4.1390   0.0000   0.0000
   10.00    1.04400000   1.0440   0.2715   3.7496   4.1370   0.0000   0.0000
   10.00    1.04500000   1.0450   0.2738   3.7495   4.1340   0.0000   0.0000
   10.00    1.04500000   1.0450   0.2761   3.7494   4.1310   0.0000   0.0000
   10.00    1.04600000   1.0460   0.2784   3.7492   4.1290   0.0000   0.0000
   10.00    1.04600000   1.0460   0.2807   3.7491   4.1260   0.0000   0.0000
   10.00    1.04700000   1.0470   0.2830   3.7489   4.1230   0.0000   0.0000
   10.00    1.04700000   1.0470   0.2854   3.7488   4.1210   0.0000   0.0000
   10.00    1.04800000   1.0480   0.2877   3.7486   4.1180   0.0000   0.0000
   10.00    1.04800000   1.0480   0.2900   3.7484   4.1150   0.0000   0.0000
   10.00    1.04900000   1.0490   0.2924   3.7483   4.1120   0.0000   0.0000
   10.00    1.04900000   1.0490   0.2947   3.7481   4.1090   0.0000   0.0000
   10.00    1.05000000   1.0500   0.2970   3.7479   4.1060   0.0000   0.0000
   10.00    1.05000000   1.0500   0.2994   3.7477   4.1040   0.0000   0.0000
   10.00    1.05100000   1.0510   0.3017   3.7475   4.1010   0.0000   0.0000
   10.00    1.05100000   1.0510   0.3041   3.7473   4.0980   0.0000   0.0000
   10.00    1.05200000   1.0520   0.3064   3.7470   4.0950   0.0000   0.0000
   10.00    1.05200000   1.0520   0.3088   3.7468   4.0920   0.0000   0.0000
   10.00    1.05300000   1.0530   0.3111   3.7466   4.0880   0.0000   0.0000
   10.00    1.05300000   1.0530   0.3134   3.7463   4.0850   0.0000   0.0000
   10.00    1.05400000   1.0540   0.3158   3.7460   4.0820   0.0000   0.0000
   10.00    1.05400000   1.0540   0.3181   3.7458   4.0790   0.0000   0.0000
   10.00    1.05500000   1.0550   0.3204   3.7455   4.0760   0.0000   0.0000
   10.00    1.05500000   1.0550   0.3227   3.7452   4.0730   0.0000   0.0000
   10.00    1.05600000   1.0560   0.3251   3.7449   4.0690   0.0000   0.0000
   10.00    1.05600000   1.0560   0.3274   3.7446   4.0660   0.0000   0.0000
   10.00    1.05700000   1.0570   0.3296   3.7443   4.0630   0.0000   0.0000
   10.00    1.05800000   1.0580   0.3319   3.7439   4.0590   0.0000   0.0000
   10.00    1.05800000   1.0580   0.3342   3.7436   4.0560   0.0000   0.0000
   10.00    1.05900000   1.0590   0.3364   3.7432   4.0520   0.0000   0.0000
   10.00    1.05900000   1.0590   0.3386   3.7428   4.0490   0.0000   0.0000
   10.00    1.06000000   1.0600   0.3408   3.7424   4.0450   0.0000   0.0000
   10.00    1.06000000   1.0600   0.3430   3.7420   4.0410   0.0000   0.0000
   10.00    1.06100000   1.0610   0.3452   3.7415   4.0370   0.0000   0.0000
   10.00    1.06100000   1.0610   0.3473   3.7410   4.0330   0.0000   0.0000
   10.00    1.06200000   1.0620   0.3494   3.7405   4.0290   0.0000   0.0000
   10.00    1.06200000   1.0620   0.3515   3.7399   4.0250   0.0000   0.0000
   10.00    1.06300000   1.0630   0.3534   3.7393   4.0210   0.0000   0.0000
   10.00    1.06300000   1.0630   0.3554   3.7386   4.0170   0.0000   0.0000
   10.00    1.06400000   1.0640   0.3573   3.7379   4.0120   0.0000   0.0000
   10.00    1.06400000   1.0640   0.3591   3.7372   4.0080   0.0000   0.0000
   10.00    1.06500000   1.0650   0.3609   3.7365   4.0030   0.0000   0.0000
   10.00    1.06500000   1.0650   0.3624   3.7356   3.9990   0.0000   0.0000
   10.00    1.06600000   1.0660   0.3640   3.7348   3.9940   0.0000   0.0000
   10.00    1.06600000   1.0660   0.3654   3.7339   3.9890   0.0000   0.0000
   10.00    1.06700000   1.0670   0.3666   3.7328   3.9840   0.0000   0.0000
   10.00    1.06700000   1.0670   0.3678   3.7318   3.9790   0.0000   0.0000
   10.00    1.06800000   1.0680   0.3687   3.7306   3.9730   0.0000   0.0000
   10.00    1.06900000   1.0690   0.3694   3.7294   3.9680   0.0000   0.0000
   10.00    1.06900000   1.0690   0.3701   3.7282   3.9630   0.0000   0.0000
   10.00    1.07000000   1.0700   0.3702   3.7268   3.9570   0.0000   0.0000
   10.00    1.07000000   1.0700   0.3703   3.7253   3.9510   0.0000   0.0000
   10.00    1.07100000   1.0710   0.3700   3.7237   3.9450   0.0000   0.0000
   10.00    1.07100000   1.0710   0.3694   3.7218   3.9390   0.0000   0.0000
   10.00    1.07200000   1.0720   0.3688   3.7199   3.9320   0.0000   0.0000
   10.00    1.07200000   1.0720   0.3675   3.7177   3.9240   0.0000   0.0000
   10.00    1.07300000   1.0730   0.3660   3.7154   3.9170   0.0000   0.0000
   10.00    1.07300000   1.0730   0.3644   3.7131   3.9090   0.0000   0.0000
   10.00    1.07400000   1.0740   0.3628   3.7105   3.9010   0.0000   0.0000
   10.00    1.07400000   1.0740   0.3611   3.7079   3.8920   0.0000   0.0000
   10.00    1.07500000   1.0750   0.3602   3.7051   3.8820   0.0000   0.0000
   10.00    1.07500000   1.0750   0.3599   3.7021   3.8710   0.0000   0.0000
   10.00    1.07600000   1.0760   0.3596   3.6992   3.8600   0.0000   0.0000
   10.00    1.07600000   1.0760   0.3623   3.6966   3.8470   0.0000   0.0000
   10.00    1.07700000   1.0770   0.3661   3.6940   3.8330   0.0000   0.0000
   10.00    1.07800000   1.0770   0.3716   3.6916   3.8180   0.0000   0.0000
   10.00    1.07800000   1.0780   0.3795   3.6894   3.8020   0.0000   0.0000
   10.00    1.07900000   1.0780   0.3885   3.6873   3.7840   0.0000   0.0000
   10.00    1.07900000   1.0790   0.4004   3.6855   3.7660   0.0000   0.0000
   10.00    1.08000000   1.0790   0.4136   3.6839   3.7460   0.0000   0.0000
   10.00    1.08000000   1.0800   0.4282   3.6824   3.7260   0.0000   0.0000
   10.00    1.08100000   1.0800   0.4449   3.6812   3.7040   0.0000   0.0000
   10.00    1.08100000   1.0810   0.4623   3.6801   3.6830   0.0000   0.0000
   10.00    1.08200000   1.0810   0.4813   3.6791   3.6600   0.0000   0.0000
   10.00    1.08200000   1.0820   0.5014   3.6784   3.6370   0.0000   0.0000
   10.00    1.08300000   1.0820   0.5223   3.6777   3.6140   0.0000   0.0000
   10.00    1.08300000   1.0830   0.5449   3.6770   3.5890   0.0000   0.0000
   10.00    1.08400000   1.0830   0.5681   3.6763   3.5630   0.0000   0.0000
   10.00    1.08400000   1.0840   0.5927   3.6756   3.5360   0.0000   0.0000
   10.00    1.08500000   1.0840   0.6191   3.6750   3.5070   0.0000   0.0000
   10.00    1.08600000   1.0850   0.6463   3.6744   3.4770   0.0000   0.0000
   10.00    1.08600000   1.0850   0.6761   3.6736   3.4450   0.0000   0.0000
   10.00    1.08700000   1.0860   0.7072   3.6728   3.4100   0.0000   0.0000
   10.00    1.08700000   1.0860   0.7402   3.6719   3.3740   0.0000   0.0000
   10.00    1.08800000   1.0860   0.7770   3.6708   3.3330   0.0000   0.0000
   10.00    1.08800000   1.0870   0.8155   3.6696   3.2900   0.0000   0.0000
   10.00    1.08900000   1.0870   0.8585   3.6683   3.2420   0.0000   0.0000
   10.00    1.08900000   1.0870   0.9041   3.6668   3.1900   0.0000   0.0000
   10.00    1.09000000   1.0880   0.9522   3.6651   3.1360   0.0000   0.0000
   10.00    1.09000000   1.0880   1.0093   3.6628   3.0690   0.0000   0.0000
   10.00    1.09100000   1.0880   1.0680   3.6604   3.0010   0.0000   0.0000
   10.00    1.09100000   1.0880   1.1276   3.6580   2.9320   0.0000   0.0000
   10.00    1.09200000   1.0880   1.1657   3.6565   2.8880   0.0000   0.0000
   10.00    1.09300000   1.0880   1.1905   3.6555   2.8590   0.0000   0.0000
   10.00    1.09300000   1.0880   1.2399   3.6532   2.8000   0.0000   0.0000
# log(age) Mini Mact logl logt logg Composition Phase
   10.05    0.80000000   0.8000  -0.5454   3.6802   4.5600   0.0000   0.0000
   10.05    0.90100000   0.9010  -0.2101   3.7230   4.4480   0.0000   0.0000
   10.05    0.96100000   0.9610   0.0036   3.7404   4.3320   0.0000   0.0000
   10.05    0.96200000   0.9620   0.0053   3.7405   4.3310   0.0000   0.0000
   10.05    0.96200000   0.9620   0.0071   3.7406   4.3300   0.0000   0.0000
   10.05    0.96300000   0.9630   0.0088   3.7407   4.3290   0.0000   0.0000
   10.05    0.96300000   0.9630   0.0105   3.7408   4.3270   0.0000   0.0000
   10.05    0.96400000   0.9640   0.0123   3.7409   4.3260   0.0000   0.0000
   10.05    0.96400000   0.9640   0.0140   3.7410   4.3250   0.0000   0.0000
   10.05    0.96500000   0.9650   0.0158   3.7411   4.3240   0.0000   0.0000
   10.05    0.96500000   0.9650   0.0176   3.7412   4.3230   0.0000   0.0000
   10.05    0.96600000   0.9660   0.0193   3.7413   4.3210   0.0000   0.0000
   10.05    0.96600000   0.9660   0.0211   3.7413   4.3200   0.0000   0.0000
   10.05    0.96700000   0.9670   0.0229   3.7414   4.3190   0.0000   0.0000
   10.05    0.96700000   0.9670   0.0247   3.7415   4.3180   0.0000   0.0000
   10.05    0.96800000   0.9680   0.0265   3.7416   4.3170   0.0000   0.0000
   10.05    0.96800000   0.9680   0.0283   3.7417   4.3150   0.0000   0.0000
   10.05    0.96900000   0.9690   0.0301   3.7418   4.3140   0.0000   0.0000
   10.05    0.96900000   0.9690   0.0319   3.7419   4.3130   0.0000   0.0000
   10.05    0.96900000   0.9690   0.0337   3.7420   4.3120   0.0000   0.0000
   10.05    0.97000000   0.9700   0.0355   3.7421   4.3110   0.0000   0.0000
   10.05    0.97000000   0.9700   0.0373   3.7422   4.3090   0.0000   0.0000
   10.05    0.97100000   0.9710   0.0391   3.7423   4.3080   0.0000   0.0000
   10.05    0.97100000   0.9710   0.0410   3.7423   4.3070   0.0000   0.0000
   10.05    0.97200000   0.9720   0.0428   3.7424   4.3060   0.0000   0.0000
   10.05    0.97200000   0.9720   0.0446   3.7425   4.3040   0.0000   0.0000
   10.05    0.97300000   0.9730   0.0464   3.7426   4.3030   0.0000   0.0000
   10.05    0.97300000   0.9730   0.0483   3.7427   4.3020   0.0000   0.0000
   10.05    0.97400000   0.9740   0.0501   3.7428   4.3010   0.0000   0.0000
   10.05    0.97400000   0.9740   0.0519   3.7429   4.2990   0.0000   0.0000
   10.05    0.97500000   0.9750   0.0538   3.7430   4.2980   0.0000   0.0000
   10.05    0.97500000   0.9750   0.0556   3.7431   4.2970   0.0000   0.0000
   10.05    0.97600000   0.9760   0.0575   3.7432   4.2950   0.0000   0.0000
   10.05    0.97600000   0.9760   0.0594   3.7433   4.2940   0.0000   0.0000
   10.05    0.97700000   0.9770   0.0612   3.7434   4.2930   0.0000   0.0000
   10.05    0.97700000   0.9770   0.0631   3.7434   4.2920   0.0000   0.0000
   10.05    0.97800000   0.9780   0.0650   3.7435   4.2900   0.0000   0.0000
   10.05    0.97800000   0.9780   0.0668   3.7436   4.2890   0.0000   0.0000
   10.05    0.97900000   0.9790   0.0687   3.7437   4.2880   0.0000   0.0000
   10.05    0.97900000   0.9790   0.0706   3.7438   4.2860   0.0000   0.0000
   10.05    0.98000000   0.9800   0.0725   3.7439   4.2850   0.0000   0.0000
   10.05    0.98000000   0.9800   0.0744   3.7440   4.2840   0.0000   0.0000
   10.05    0.98100000   0.9810   0.0763   3.7441   4.2820   0.0000   0.0000
   10.05    0.98100000   0.9810   0.0782   3.7441   4.2810   0.0000   0.0000
   10.05    0.98200000   0.9820   0.0802   3.7442   4.2800   0.0000   0.0000
   10.05    0.98200000   0.9820   0.0821   3.7443   4.2780   0.0000   0.0000
   10.05    0.98200000   0.9820   0.0840   3.7444   4.2770   0.0000   0.0000
   10.05    0.98300000   0.9830   0.0859   3.7445   4.2750   0.0000   0.0000
   10.05    0.98300000   0.9830   0.0879   3.7445   4.2740   0.0000   0.0000
   10.05    0.98400000   0.9840   0.0898   3.7446   4.2730   0.0000   0.0000
   10.05    0.98400000   0.9840   0.0918   3.7447   4.2710   0.0000   0.0000
   10.05    0.98500000   0.9850   0.0937   3.7448   4.2700   0.0000   0.0000
   10.05    0.98500000   0.9850   0.0957   3.7449   4.2680   0.0000   0.0000
   10.05    0.98600000   0.9860   0.0976   3.7449   4.2670   0.0000   0.0000
   10.05    0.98600000   0.9860   0.0996   3.7450   4.2650   0.0000   0.0000
   10.05    0.98700000   0.9870   0.1016   3.7451   4.2640   0.0000   0.0000
   10.05    0.98700000   0.9870   0.1035   3.7451   4.2620   0.0000   0.0000
   10.05    0.98800000   0.9880   0.1055   3.7452   4.2610   0.0000   0.0000
   10.05    0.98800000   0.9880   0.1075   3.7453   4.2590   0.0000   0.0000
   10.05    0.98900000   0.9890   0.1095   3.7453   4.2580   0.0000   0.0000
   10.05    0.98900000   0.9890   0.1115   3.7454   4.2560   0.0000   0.0000
   10.05    0.99000000   0.9900   0.1135   3.7455   4.2550   0.0000   0.0000
   10.05    0.99000000   0.9900   0.1155   3.7455   4.2530   0.0000   0.0000
   10.05    0.99100000   0.9910   0.1175   3.7456   4.2520   0.0000   0.0000
   10.05    0.99100000   0.9910   0.1196   3.7456   4.2500   0.0000   0.0000
   10.05    0.99200000   0.9920   0.1216   3.7457   4.2490   0.0000   0.0000
   10.05    0.99200000   0.9920   0.1236   3.7458   4.2470   0.0000   0.0000
   10.05    0.99300000   0.9930   0.1257   3.7458   4.2450   0.0000   0.0000
   10.05    0.99300000   0.9930   0.1277   3.7459   4.2440   0.0000   0.0000
   10.05    0.99400000   0.9940   0.1297   3.7459   4.2420   0.0000   0.0000
   10.05    0.99400000   0.9940   0.1318   3.7460   4.2410   0.0000   0.0000
   10.05    0.99500000   0.9950   0.1339   3.7460   4.2390   0.0000   0.0000
   10.05    0.99500000   0.9950   0.1359   3.7461   4.2370   0.0000   0.0000
   10.05    0.99600000   0.9960   0.1380   3.7461   4.2350   0.0000   0.0000
   10.05    0.99600000   0.9960   0.1401   3.7461   4.2340   0.0000   0.0000
   10.05    0.99700000   0.9970   0.1422   3.7462   4.2320   0.0000   0.0000
   10.05    0.99700000   0.9970   0.1443   3.7462   4.2300   0.0000   0.0000
   10.05    0.99800000   0.9980   0.1464   3.7463   4.2290   0.0000   0.0000
   10.05    0.99800000   0.9980   0.1485   3.7463   4.2270   0.0000   0.0000
   10.05    0.99900000   0.9990   0.1506   3.7463   4.2250   0.0000   0.0000
   10.05    0.99900000   0.9990   0.1527   3.7463   4.2230   0.0000   0.0000
   10.05    1.00000000   1.0000   0.1548   3.7463   4.2210   0.0000   0.0000
   10.05    1.00000000   1.0000   0.1569   3.7463   4.2190   0.0000   0.0000
   10.05    1.00100000   1.0010   0.1591   3.7463   4.2170   0.0000   0.0000
   10.05    1.00100000   1.0010   0.1613   3.7464   4.2160   0.0000   0.0000
   10.05    1.00200000   1.0020   0.1635   3.7464   4.2140   0.0000   0.0000
   10.05    1.00200000   1.0020   0.1658   3.7464   4.2120   0.0000   0.0000
   10.05    1.00300000   1.0030   0.1680   3.7464   4.2100   0.0000   0.0000
   10.05    1.00300000   1.0030   0.1702   3.7464   4.2080   0.0000   0.0000
   10.05    1.00400000   1.0040   0.1724   3.7463   4.2050   0.0000   0.0000
   10.05    1.00400000   1.0040   0.1747   3.7463   4.2030   0.0000   0.0000
   10.05    1.00500000   1.0050   0.1769   3.7463   4.2010   0.0000   0.0000
   10.05    1.00500000   1.0050   0.1792   3.7463   4.1990   0.0000   0.0000
   10.05    1.00600000   1.0060   0.1814   3.7462   4.1970   0.0000   0.0000
   10.05    1.00600000   1.0060   0.1837   3.7462   4.1950   0.0000   0.0000
   10.05    1.00700000   1.0070   0.1860   3.7462   4.1930   0.0000   0.0000
   10.05    1.00700000   1.0070   0.1883   3.7461   4.1900   0.0000   0.0000
   10.05    1.00800000   1.0080   0.1905   3.7461   4.1880   0.0000   0.0000
   10.05    1.00800000   1.0080   0.1928   3.7460   4.1860   0.0000   0.0000
   10.05    1.00900000   1.0090   0.1951   3.7460   4.1830   0.0000   0.0000
   10.05    1.00900000   1.0090   0.1974   3.7459   4.1810   0.0000   0.0000
   10.05    1.01000000   1.0100   0.1998   3.7459   4.1790   0.0000   0.0000
   10.05    1.01000000   1.0100   0.2021   3.7458   4.1760   0.0000   0.0000
   10.05    1.01100000   1.0110   0.2044   3.7457   4.1740   0.0000   0.0000
   10.05    1.01100000   1.0110   0.2067   3.7457   4.1720   0.0000   0.0000
   10.05    1.01200000   1.0120   0.2091   3.7456   4.1690   0.0000   0.0000
   10.05    1.01200000   1.0120   0.2114   3.7455   4.1670   0.0000   0.0000
   10.05    1.01300000   1.0130   0.2138   3.7454   4.1640   0.0000   0.0000
   10.05    1.01300000   1.0130   0.2161   3.7453   4.1620   0.0000   0.0000
   10.05    1.01400000   1.0140   0.2185   3.7452   4.1590   0.0000   0.0000
   10.05    1.01400000   1.0140   0.2209   3.7451   4.1570   0.0000   0.0000
   10.05    1.01500000   1.0150   0.2232   3.7450   4.1540   0.0000   0.0000
   10.05    1.01500000   1.0150   0.2256   3.7449   4.1510   0.0000   0.0000
   10.05    1.01600000   1.0160   0.2280   3.7448   4.1490   0.0000   0.0000
   10.05    1.01600000   1.0160   0.2304   3.7447   4.1460   0.0000   0.0000
   10.05    1.01700000   1.0170   0.2328   3.7445   4.1430   0.0000   0.0000
   10.05    1.01700000   1.0170   0.2352   3.7444   4.1410   0.0000   0.0000
   10.05    1.01800000   1.0180   0.2376   3.7442   4.1380   0.0000   0.0000
   10.05    1.01800000   1.0180   0.2400   3.7440   4.1350   0.0000   0.0000
   10.05    1.01900000   1.0190   0.2424   3.7439   4.1320   0.0000   0.0000
   10.05    1.01900000   1.0190   0.2449   3.7437   4.1290   0.0000   0.0000
   10.05    1.02000000   1.0200   0.2473   3.7435   4.1260   0.0000   0.0000
   10.05    1.02000000   1.0200   0.2497   3.7433   4.1230   0.0000   0.0000
   10.05    1.02100000   1.0210   0.2521   3.7431   4.1200   0.0000   0.0000
   10.05    1.02100000   1.0210   0.2545   3.7429   4.1170   0.0000   0.0000
   10.05    1.02200000   1.0220   0.2570   3.7426   4.1140   0.0000   0.0000
   10.05    1.02200000   1.0220   0.2594   3.7424   4.1110   0.0000   0.0000
   10.05    1.02300000   1.0230   0.2618   3.7422   4.1070   0.0000   0.0000
   10.05    1.02300000   1.0230   0.2643   3.7419   4.1040   0.0000   0.0000
   10.05    1.02400000   1.0240   0.2667   3.7417   4.1010   0.0000   0.0000
   10.05    1.02400000   1.0240   0.2691   3.7414   4.0980   0.0000   0.0000
   10.05    1.02500000   1.0250   0.2716   3.7411   4.0940   0.0000   0.0000
   10.05    1.02500000   1.0250   0.2740   3.7408   4.0910   0.0000   0.0000
   10.05    1.02600000   1.0260   0.2764   3.7406   4.0880   0.0000   0.0000
   10.05    1.02600000   1.0260   0.2789   3.7403   4.0840   0.0000   0.0000
   10.05    1.02700000   1.0270   0.2813   3.7400   4.0810   0.0000   0.0000
   10.05    1.02700000   1.0270   0.2837   3.7396   4.0770   0.0000   0.0000
   10.05    1.02800000   1.0280   0.2861   3.7393   4.0740   0.0000   0.0000
   10.05    1.02800000   1.0280   0.2885   3.7389   4.0700   0.0000   0.0000
   10.05    1.02900000   1.0290   0.2908   3.7386   4.0670   0.0000   0.0000
   10.05    1.02900000   1.0290   0.2932   3.7382   4.0630   0.0000   0.0000
   10.05    1.03000000   1.0300   0.2955   3.7377   4.0590   0.0000   0.0000
   10.05    1.03000000   1.0300   0.2978   3.7373   4.0550   0.0000   0.0000
   10.05    1.03100000   1.0310   0.3001   3.7368   4.0510   0.0000   0.0000
   10.05    1.03100000   1.0310   0.3023   3.7363   4.0470   0.0000   0.0000
   10.05    1.03200000   1.0320   0.3045   3.7358   4.0430   0.0000   0.0000
   10.05    1.03200000   1.0320   0.3067   3.7352   4.0390   0.0000   0.0000
   10.05    1.03300000   1.0330   0.3088   3.7346   4.0340   0.0000   0.0000
   10.05    1.03300000   1.0330   0.3109   3.7340   4.0300   0.0000   0.0000
   10.05    1.03400000   1.0340   0.3129   3.7332   4.0250   0.0000   0.0000
   10.05    1.03400000   1.0340   0.3148   3.7325   4.0210   0.0000   0.0000
   10.05    1.03500000   1.0350   0.3167   3.7317   4.0160   0.0000   0.0000
   10.05    1.03500000   1.0350   0.3184   3.7309   4.0110   0.0000   0.0000
   10.05    1.03600000   1.0360   0.3201   3.7300   4.0060   0.0000   0.0000
   10.05    1.03600000   1.0360   0.3215   3.7289   4.0010   0.0000   0.0000
   10.05    1.03700000   1.0370   0.3230   3.7279   3.9950   0.0000   0.0000
   10.05    1.03700000   1.0370   0.3241   3.7267   3.9900   0.0000   0.0000
   10.05    1.03800000   1.0380   0.3251   3.7255   3.9840   0.0000   0.0000
   10.05    1.03800000   1.0380   0.3260   3.7242   3.9780   0.0000   0.0000
   10.05    1.03900000   1.0390   0.3265   3.7227   3.9720   0.0000   0.0000
   10.05    1.03900000   1.0390   0.3271   3.7213   3.9660   0.0000   0.0000
   10.05    1.04000000   1.0400   0.3271   3.7195   3.9590   0.0000   0.0000
   10.05    1.04000000   1.0400   0.3270   3.7177   3.9520   0.0000   0.0000
   10.05    1.04100000   1.0410   0.3267   3.7157   3.9440   0.0000   0.0000
   10.05    1.04100000   1.0410   0.3261   3.7136   3.9370   0.0000   0.0000
   10.05    1.04200000   1.0420   0.3254   3.7114   3.9290   0.0000   0.0000
   10.05    1.04200000   1.0420   0.3247   3.7090   3.9200   0.0000   0.0000
   10.05    1.04300000   1.0430   0.3238   3.7065   3.9110   0.0000   0.0000
   10.05    1.04300000   1.0430   0.3237   3.7038   3.9010   0.0000   0.0000
   10.05    1.04400000   1.0440   0.3240   3.7010   3.8890   0.0000   0.0000
   10.05    1.04500000   1.0450   0.3247   3.6982   3.8780   0.0000   0.0000
   10.05    1.04500000   1.0450   0.3274   3.6955   3.8650   0.0000   0.0000
   10.05    1.04600000   1.0460   0.3318   3.6929   3.8500   0.0000   0.0000
   10.05    1.04600000   1.0460   0.3373   3.6905   3.8350   0.0000   0.0000
   10.05    1.04700000   1.0470   0.3455   3.6882   3.8180   0.0000   0.0000
   10.05    1.04700000   1.0470   0.3554   3.6861   3.8000   0.0000   0.0000
   10.05    1.04800000   1.0480   0.3668   3.6842   3.7810   0.0000   0.0000
   10.05    1.04800000   1.0480   0.3810   3.6826   3.7610   0.0000   0.0000
   10.05    1.04900000   1.0480   0.3965   3.6811   3.7390   0.0000   0.0000
   10.05    1.04900000   1.0490   0.4134   3.6798   3.7180   0.0000   0.0000
   10.05    1.05000000   1.0490   0.4323   3.6788   3.6950   0.0000   0.0000
   10.05    1.05000000   1.0500   0.4522   3.6778   3.6710   0.0000   0.0000
   10.05    1.05100000   1.0500   0.4734   3.6770   3.6470   0.0000   0.0000
   10.05    1.05100000   1.0510   0.4962   3.6762   3.6210   0.0000   0.0000
   10.05    1.05200000   1.0510   0.5198   3.6755   3.5950   0.0000   0.0000
   10.05    1.05200000   1.0520   0.5449   3.6749   3.5670   0.0000   0.0000
   10.05    1.05300000   1.0520   0.5717   3.6742   3.5380   0.0000   0.0000
   10.05    1.05300000   1.0530   0.5997   3.6736   3.5080   0.0000   0.0000
   10.05    1.05400000   1.0530   0.6298   3.6729   3.4750   0.0000   0.0000
   10.05    1.05400000   1.0530   0.6617   3.6721   3.4400   0.0000   0.0000
   10.05    1.05500000   1.0540   0.6951   3.6712   3.4030   0.0000   0.0000
   10.05    1.05500000   1.0540   0.7327   3.6702   3.3620   0.0000   0.0000
   10.05    1.05600000   1.0540   0.7730   3.6691   3.3170   0.0000   0.0000
   10.05    1.05600000   1.0550   0.8155   3.6679   3.2700   0.0000   0.0000
   10.05    1.05700000   1.0550   0.8631   3.6663   3.2160   0.0000   0.0000
   10.05    1.05800000   1.0550   0.9151   3.6645   3.1570   0.0000   0.0000
   10.05    1.05800000   1.0560   0.9723   3.6624   3.0920   0.0000   0.0000
   10.05    1.05900000   1.0560   1.0328   3.6600   3.0220   0.0000   0.0000
   10.05    1.05900000   1.0560   1.0863   3.6579   2.9600   0.0000   0.0000
   10.05    1.06000000   1.0560   1.1267   3.6564   2.9130   0.0000   0.0000
   10.05    1.06000000   1.0550   1.1815   3.6539   2.8490   0.0000   0.0000
# log(age) Mini Mact logl logt logg Composition Phase
   10.10    0.80000000   0.8000  -0.5261   3.6821   4.5490   0.0000   0.0000
   10.10    0.90100000   0.9010  -0.1731   3.7249   4.4180   0.0000   0.0000
   10.10    0.93700000   0.9370  -0.0385   3.7350   4.3410   0.0000   0.0000
   10.10    0.93700000   0.9370  -0.0367   3.7351   4.3400   0.0000   0.0000
   10.10    0.93700000   0.9370  -0.0349   3.7352   4.3390   0.0000   0.0000
   10.10    0.93800000   0.9380  -0.0331   3.7353   4.3370   0.0000   0.0000
   10.10    0.93800000   0.9380  -0.0313   3.7354   4.3360   0.0000   0.0000
   10.10    0.93900000   0.9390  -0.0295   3.7355   4.3350   0.0000   0.0000
   10.10    0.93900000   0.9390  -0.0277   3.7356   4.3340   0.0000   0.0000
   10.10    0.94000000   0.9400  -0.0259   3.7357   4.3330   0.0000   0.0000
   10.10    0.94000000   0.9400  -0.0241   3.7357   4.3310   0.0000   0.0000
   10.10    0.94100000   0.9410  -0.0223   3.7358   4.3300   0.0000   0.0000
   10.10    0.94100000   0.9410  -0.0204   3.7359   4.3290   0.0000   0.0000
   10.10    0.94200000   0.9420  -0.0186   3.7360   4.3280   0.0000   0.0000
   10.10    0.94200000   0.9420  -0.0167   3.7361   4.3260   0.0000   0.0000
   10.10    0.94300000   0.9430  -0.0149   3.7362   4.3250   0.0000   0.0000
   10.10    0.94300000   0.9430  -0.0130   3.7363   4.3240   0.0000   0.0000
   10.10    0.94300000   0.9430  -0.0112   3.7364   4.3230   0.0000   0.0000
   10.10    0.94400000   0.9440  -0.0093   3.7365   4.3210   0.0000   0.0000
   10.10    0.94400000   0.9440  -0.0074   3.7366   4.3200   0.0000   0.0000
   10.10    0.94500000   0.9450  -0.0055   3.7367   4.3190   0.0000   0.0000
   10.10    0.94500000   0.9450  -0.0037   3.7368   4.3170   0.0000   0.0000
   10.10    0.94600000   0.9460  -0.0018   3.7369   4.3160   0.0000   0.0000
   10.10    0.94600000   0.9460   0.0001   3.7370   4.3150   0.0000   0.0000
   10.10    0.94700000   0.9470   0.0020   3.7371   4.3140   0.0000   0.0000
   10.10    0.94700000   0.9470   0.0039   3.7372   4.3120   0.0000   0.0000
   10.10    0.94800000   0.9480   0.0058   3.7373   4.3110   0.0000   0.0000
   10.10    0.94800000   0.9480   0.0077   3.7374   4.3100   0.0000   0.0000
   10.10    0.94900000   0.9490   0.0096   3.7375   4.3080   0.0000   0.0000
   10.10    0.94900000   0.9490   0.0115   3.7376   4.3070   0.0000   0.0000
   10.10    0.95000000   0.9500   0.0134   3.7377   4.3060   0.0000   0.0000
   10.10    0.95000000   0.9500   0.0153   3.7378   4.3050   0.0000   0.0000
   10.10    0.95000000   0.9500   0.0172   3.7379   4.3030   0.0000   0.0000
   10.10    0.95100000   0.9510   0.0191   3.7380   4.3020   0.0000   0.0000
   10.10    0.95100000   0.9510   0.0211   3.7381   4.3010   0.0000   0.0000
   10.10    0.95200000   0.9520   0.0230   3.7382   4.2990   0.0000   0.0000
   10.10    0.95200000   0.9520   0.0249   3.7383   4.2980   0.0000   0.0000
   10.10    0.95300000   0.9530   0.0269   3.7384   4.2970   0.0000   0.0000
   10.10    0.95300000   0.9530   0.0288   3.7385   4.2950   0.0000   0.0000
   10.10    0.95400000   0.9540   0.0308   3.7385   4.2940   0.0000   0.0000
   10.10    0.95400000   0.9540   0.0328   3.7386   4.2920   0.0000   0.0000
   10.10    0.95500000   0.9550   0.0347   3.7387   4.2910   0.0000   0.0000
   10.10    0.95500000   0.9550   0.0367   3.7388   4.2900   0.0000   0.0000
   10.10    0.95600000   0.9560   0.0387   3.7389   4.2880   0.0000   0.0000
   10.10    0.95600000   0.9560   0.0407   3.7390   4.2870   0.0000   0.0000
   10.10    0.95700000   0.9570   0.0427   3.7391   4.2850   0.0000   0.0000
   10.10    0.95700000   0.9570   0.0447   3.7392   4.2840   0.0000   0.0000
   10.10    0.95800000   0.9580   0.0467   3.7392   4.2820   0.0000   0.0000
   10.10    0.95800000   0.9580   0.0487   3.7393   4.2810   0.0000   0.0000
   10.10    0.95900000   0.9590   0.0507   3.7394   4.2790   0.0000   0.0000
   10.10    0.95900000   0.9590   0.0527   3.7395   4.2780   0.0000   0.0000
   10.10    0.95900000   0.9590   0.0548   3.7396   4.2760   0.0000   0.0000
   10.10    0.96000000   0.9600   0.0568   3.7396   4.2750   0.0000   0.0000
   10.10    0.96000000   0.9600   0.0588   3.7397   4.2730   0.0000   0.0000
   10.10    0.96100000   0.9610   0.0609   3.7398   4.2720   0.0000   0.0000
   10.10    0.96100000   0.9610   0.0629   3.7398   4.2700   0.0000   0.0000
   10.10    0.96200000   0.9620   0.0650   3.7399   4.2690   0.0000   0.0000
   10.10    0.96200000   0.9620   0.0670   3.7400   4.2670   0.0000   0.0000
   10.10    0.96300000   0.9630   0.0691   3.7400   4.2660   0.0000   0.0000
   10.10    0.96300000   0.9630   0.0712   3.7401   4.2640   0.0000   0.0000
   10.10    0.96400000   0.9640   0.0733   3.7402   4.2620   0.0000   0.0000
   10.10    0.96400000   0.9640   0.0754   3.7402   4.2610   0.0000   0.0000
   10.10    0.96500000   0.9650   0.0774   3.7403   4.2590   0.0000   0.0000
   10.10    0.96500000   0.9650   0.0795   3.7404   4.2570   0.0000   0.0000
   10.10    0.96600000   0.9660   0.0817   3.7404   4.2560   0.0000   0.0000
   10.10    0.96600000   0.9660   0.0838   3.7405   4.2540   0.0000   0.0000
   10.10    0.96700000   0.9670   0.0859   3.7405   4.2520   0.0000   0.0000
   10.10    0.96700000   0.9670   0.0880   3.7406   4.2510   0.0000   0.0000
   10.10    0.96800000   0.9680   0.0901   3.7406   4.2490   0.0000   0.0000
   10.10    0.96800000   0.9680   0.0923   3.7407   4.2470   0.0000   0.0000
   10.10    0.96900000   0.9690   0.0944   3.7407   4.2460   0.0000   0.0000
   10.10    0.96900000   0.9690   0.0966   3.7408   4.2440   0.0000   0.0000
   10.10    0.96900000   0.9690   0.0987   3.7408   4.2420   0.0000   0.0000
   10.10    0.97000000   0.9700   0.1009   3.7409   4.2400   0.0000   0.0000
   10.10    0.97000000   0.9700   0.1031   3.7409   4.2380   0.0000   0.0000
   10.10    0.97100000   0.9710   0.1053   3.7409   4.2370   0.0000   0.0000
   10.10    0.97100000   0.9710   0.1075   3.7410   4.2350   0.0000   0.0000
   10.10    0.97200000   0.9720   0.1096   3.7410   4.2330   0.0000   0.0000
   10.10    0.97200000   0.9720   0.1118   3.7410   4.2310   0.0000   0.0000
   10.10    0.97300000   0.9730   0.1140   3.7410   4.2290   0.0000   0.0000
   10.10    0.97300000   0.9730   0.1163   3.7410   4.2270   0.0000   0.0000
   10.10    0.97400000   0.9740   0.1185   3.7410   4.2250   0.0000   0.0000
   10.10    0.97400000   0.9740   0.1207   3.7411   4.2230   0.0000   0.0000
   10.10    0.97500000   0.9750   0.1229   3.7411   4.2210   0.0000   0.0000
   10.10    0.97500000   0.9750   0.1252   3.7411   4.2190   0.0000   0.0000
   10.10    0.97600000   0.9760   0.1274   3.7411   4.2170   0.0000   0.0000
   10.10    0.97600000   0.9760   0.1297   3.7411   4.2150   0.0000   0.0000
   10.10    0.97700000   0.9770   0.1320   3.7411   4.2130   0.0000   0.0000
   10.10    0.97700000   0.9770   0.1342   3.7411   4.2110   0.0000   0.0000
   10.10    0.97800000   0.9780   0.1365   3.7410   4.2090   0.0000   0.0000
   10.10    0.97800000   0.9780   0.1388   3.7410   4.2070   0.0000   0.0000
   10.10    0.97900000   0.9790   0.1411   3.7410   4.2040   0.0000   0.0000
   10.10    0.97900000   0.9790   0.1434   3.7410   4.2020   0.0000   0.0000
   10.10    0.98000000   0.9800   0.1457   3.7409   4.2000   0.0000   0.0000
   10.10    0.98000000   0.9800   0.1481   3.7409   4.1980   0.0000   0.0000
   10.10    0.98100000   0.9810   0.1504   3.7409   4.1960   0.0000   0.0000
   10.10    0.98100000   0.9810   0.1527   3.7408   4.1930   0.0000   0.0000
   10.10    0.98200000   0.9820   0.1551   3.7408   4.1910   0.0000   0.0000
   10.10    0.98200000   0.9820   0.1574   3.7407   4.1890   0.0000   0.0000
   10.10    0.98200000   0.9820   0.1598   3.7407   4.1860   0.0000   0.0000
   10.10    0.98300000   0.9830   0.1621   3.7406   4.1840   0.0000   0.0000
   10.10    0.98300000   0.9830   0.1645   3.7405   4.1810   0.0000   0.0000
   10.10    0.98400000   0.9840   0.1669   3.7405   4.1790   0.0000   0.0000
   10.10    0.98400000   0.9840   0.1693   3.7404   4.1760   0.0000   0.0000
   10.10    0.98500000   0.9850   0.1717   3.7403   4.1740   0.0000   0.0000
   10.10    0.98500000   0.9850   0.1741   3.7402   4.1710   0.0000   0.0000
   10.10    0.98600000   0.9860   0.1765   3.7401   4.1690   0.0000   0.0000
   10.10    0.98600000   0.9860   0.1789   3.7400   4.1660   0.0000   0.0000
   10.10    0.98700000   0.9870   0.1813   3.7399   4.1640   0.0000   0.0000
   10.10    0.98700000   0.9870   0.1837   3.7398   4.1610   0.0000   0.0000
   10.10    0.98800000   0.9880   0.1862   3.7397   4.1580   0.0000   0.0000
   10.10    0.98800000   0.9880   0.1886   3.7395   4.1550   0.0000   0.0000
   10.10    0.98900000   0.9890   0.1911   3.7394   4.1530   0.0000   0.0000
   10.10    0.98900000   0.9890   0.1935   3.7392   4.1500   0.0000   0.0000
   10.10    0.99000000   0.9900   0.1959   3.7391   4.1470   0.0000   0.0000
   10.10    0.99000000   0.9900   0.1984   3.7389   4.1440   0.0000   0.0000
   10.10    0.99100000   0.9910   0.2008   3.7387   4.1410   0.0000   0.0000
   10.10    0.99100000   0.9910   0.2033   3.7385   4.1380   0.0000   0.0000
   10.10    0.99200000   0.9920   0.2057   3.7383   4.1350   0.0000   0.0000
   10.10    0.99200000   0.9920   0.2082   3.7381   4.1320   0.0000   0.0000
   10.10    0.99300000   0.9930   0.2107   3.7379   4.1290   0.0000   0.0000
   10.10    0.99300000   0.9930   0.2131   3.7377   4.1260   0.0000   0.0000
   10.10    0.99400000   0.9940   0.2156   3.7374   4.1220   0.0000   0.0000
   10.10    0.99400000   0.9940   0.2181   3.7372   4.1190   0.0000   0.0000
   10.10    0.99500000   0.9950   0.2206   3.7369   4.1160   0.0000   0.0000
   10.10    0.99500000   0.9950   0.2231   3.7366   4.1120   0.0000   0.0000
   10.10    0.99600000   0.9960   0.2255   3.7364   4.1090   0.0000   0.0000
   10.10    0.99600000   0.9960   0.2280   3.7361   4.1060   0.0000   0.0000
   10.10    0.99700000   0.9970   0.2305   3.7358   4.1020   0.0000   0.0000
   10.10    0.99700000   0.9970   0.2330   3.7355   4.0990   0.0000   0.0000
   10.10    0.99800000   0.9980   0.2355   3.7352   4.0950   0.0000   0.0000
   10.10    0.99800000   0.9980   0.2379   3.7349   4.0920   0.0000   0.0000
   10.10    0.99900000   0.9990   0.2404   3.7346   4.0880   0.0000   0.0000
   10.10    0.99900000   0.9990   0.2429   3.7343   4.0850   0.0000   0.0000
   10.10    1.00000000   1.0000   0.2453   3.7339   4.0810   0.0000   0.0000
   10.10    1.00000000   1.0000   0.2477   3.7335   4.0770   0.0000   0.0000
   10.10    1.00100000   1.0010   0.2502   3.7331   4.0730   0.0000   0.0000
   10.10    1.00100000   1.0010   0.2527   3.7326   4.0690   0.0000   0.0000
   10.10    1.00200000   1.0020   0.2551   3.7322   4.0650   0.0000   0.0000
   10.10    1.00200000   1.0020   0.2575   3.7317   4.0610   0.0000   0.0000
   10.10    1.00300000   1.0030   0.2598   3.7311   4.0570   0.0000   0.0000
   10.10    1.00300000   1.0030   0.2621   3.7306   4.0520   0.0000   0.0000
   10.10    1.00400000   1.0040   0.2644   3.7300   4.0480   0.0000   0.0000
   10.10    1.00400000   1.0040   0.2666   3.7293   4.0430   0.0000   0.0000
   10.10    1.00500000   1.0050   0.2688   3.7286   4.0390   0.0000   0.0000
   10.10    1.00500000   1.0050   0.2709   3.7278   4.0340   0.0000   0.0000
   10.10    1.00600000   1.0060   0.2729   3.7270   4.0290   0.0000   0.0000
   10.10    1.00600000   1.0060   0.2748   3.7261   4.0230   0.0000   0.0000
   10.10    1.00700000   1.0070   0.2765   3.7251   4.0180   0.0000   0.0000
   10.10    1.00700000   1.0070   0.2782   3.7240   4.0120   0.0000   0.0000
   10.10    1.00800000   1.0080   0.2797   3.7228   4.0060   0.0000   0.0000
   10.10    1.00800000   1.0080   0.2811   3.7215   3.9990   0.0000   0.0000
   10.10    1.00900000   1.0090   0.2823   3.7201   3.9930   0.0000   0.0000
   10.10    1.00900000   1.0090   0.2833   3.7187   3.9860   0.0000   0.0000
   10.10    1.01000000   1.0100   0.2842   3.7171   3.9790   0.0000   0.0000
   10.10    1.01000000   1.0100   0.2849   3.7154   3.9720   0.0000   0.0000
   10.10    1.01100000   1.0110   0.2855   3.7136   3.9650   0.0000   0.0000
   10.10    1.01100000   1.0110   0.2859   3.7117   3.9570   0.0000   0.0000
   10.10    1.01200000   1.0120   0.2862   3.7098   3.9490   0.0000   0.0000
   10.10    1.01200000   1.0120   0.2864   3.7074   3.9400   0.0000   0.0000
   10.10    1.01300000   1.0130   0.2865   3.7051   3.9300   0.0000   0.0000
   10.10    1.01300000   1.0130   0.2872   3.7025   3.9190   0.0000   0.0000
   10.10    1.01400000   1.0140   0.2882   3.6998   3.9080   0.0000   0.0000
   10.10    1.01400000   1.0140   0.2898   3.6971   3.8960   0.0000   0.0000
   10.10    1.01500000   1.0150   0.2926   3.6944   3.8820   0.0000   0.0000
   10.10    1.01500000   1.0150   0.2973   3.6918   3.8670   0.0000   0.0000
   10.10    1.01600000   1.0160   0.3034   3.6893   3.8520   0.0000   0.0000
   10.10    1.01600000   1.0160   0.3112   3.6870   3.8350   0.0000   0.0000
   10.10    1.01700000   1.0170   0.3218   3.6849   3.8160   0.0000   0.0000
   10.10    1.01700000   1.0170   0.3341   3.6829   3.7960   0.0000   0.0000
   10.10    1.01800000   1.0170   0.3482   3.6812   3.7750   0.0000   0.0000
   10.10    1.01800000   1.0180   0.3650   3.6797   3.7530   0.0000   0.0000
   10.10    1.01900000   1.0180   0.3833   3.6785   3.7300   0.0000   0.0000
   10.10    1.01900000   1.0190   0.4030   3.6774   3.7060   0.0000   0.0000
   10.10    1.02000000   1.0190   0.4244   3.6764   3.6800   0.0000   0.0000
   10.10    1.02000000   1.0200   0.4474   3.6755   3.6540   0.0000   0.0000
   10.10    1.02100000   1.0200   0.4715   3.6748   3.6270   0.0000   0.0000
   10.10    1.02100000   1.0210   0.4971   3.6741   3.5990   0.0000   0.0000
   10.10    1.02200000   1.0210   0.5245   3.6734   3.5690   0.0000   0.0000
   10.10    1.02200000   1.0210   0.5532   3.6728   3.5380   0.0000   0.0000
   10.10    1.02300000   1.0220   0.5837   3.6722   3.5060   0.0000   0.0000
   10.10    1.02300000   1.0220   0.6162   3.6714   3.4700   0.0000   0.0000
   10.10    1.02400000   1.0230   0.6509   3.6705   3.4320   0.0000   0.0000
   10.10    1.02400000   1.0230   0.6883   3.6697   3.3910   0.0000   0.0000
   10.10    1.02500000   1.0230   0.7300   3.6687   3.3460   0.0000   0.0000
   10.10    1.02500000   1.0240   0.7745   3.6674   3.2960   0.0000   0.0000
   10.10    1.02600000   1.0240   0.8218   3.6658   3.2430   0.0000   0.0000
   10.10    1.02600000   1.0240   0.8777   3.6641   3.1800   0.0000   0.0000
   10.10    1.02700000   1.0240   0.9372   3.6620   3.1120   0.0000   0.0000
   10.10    1.02700000   1.0240   0.9991   3.6596   3.0410   0.0000   0.0000
   10.10    1.02800000   1.0240   1.0570   3.6575   2.9740   0.0000   0.0000
   10.10    1.02800000   1.0240   1.1209   3.6548   2.9000   0.0000   0.0000
# log(age) Mini Mact logl logt logg Composition Phase
   10.15    0.80000000   0.8000  -0.5030   3.6844   4.5350   0.0000   0.0000
   10.15    0.90100000   0.9010  -0.1274   3.7264   4.3790   0.0000   0.0000
   10.15    0.91200000   0.9120  -0.0825   3.7294   4.3510   0.0000   0.0000
   10.15    0.91200000   0.9120  -0.0807   3.7295   4.3500   0.0000   0.0000
   10.15    0.91300000   0.9130  -0.0788   3.7296   4.3490   0.0000   0.0000
   10.15    0.91300000   0.9130  -0.0769   3.7297   4.3470   0.0000   0.0000
   10.15    0.91400000   0.9140  -0.0751   3.7299   4.3460   0.0000   0.0000
   10.15    0.91400000   0.9140  -0.0732   3.7300   4.3450   0.0000   0.0000
   10.15    0.91500000   0.9150  -0.0713   3.7301   4.3440   0.0000   0.0000
   10.15    0.91500000   0.9150  -0.0695   3.7302   4.3430   0.0000   0.0000
   10.15    0.91500000   0.9150  -0.0676   3.7303   4.3410   0.0000   0.0000
   10.15    0.91600000   0.9160  -0.0657   3.7303   4.3400   0.0000   0.0000
   10.15    0.91600000   0.9160  -0.0638   3.7304   4.3390   0.0000   0.0000
   10.15    0.91700000   0.9170  -0.0619   3.7305   4.3370   0.0000   0.0000
   10.15    0.91700000   0.9170  -0.0600   3.7306   4.3360   0.0000   0.0000
   10.15    0.91800000   0.9180  -0.0581   3.7307   4.3350   0.0000   0.0000
   10.15    0.91800000   0.9180  -0.0562   3.7309   4.3330   0.0000   0.0000
   10.15    0.91900000   0.9190  -0.0542   3.7310   4.3320   0.0000   0.0000
   10.15    0.91900000   0.9190  -0.0523   3.7311   4.3310   0.0000   0.0000
   10.15    0.92000000   0.9200  -0.0504   3.7312   4.3300   0.0000   0.0000
   10.15    0.92000000   0.9200  -0.0484   3.7313   4.3280   0.0000   0.0000
   10.15    0.92000000   0.9200  -0.0465   3.7314   4.3270   0.0000   0.0000
   10.15    0.92100000   0.9210  -0.0445   3.7315   4.3260   0.0000   0.0000
   10.15    0.92100000   0.9210  -0.0426   3.7316   4.3240   0.0000   0.0000
   10.15    0.92200000   0.9220  -0.0406   3.7317   4.3230   0.0000   0.0000
   10.15    0.92200000   0.9220  -0.0387   3.7318   4.3220   0.0000   0.0000
   10.15    0.92300000   0.9230  -0.0367   3.7319   4.3200   0.0000   0.0000
   10.15    0.92300000   0.9230  -0.0348   3.7320   4.3190   0.0000   0.0000
   10.15    0.92400000   0.9240  -0.0328   3.7321   4.3180   0.0000   0.0000
   10.15    0.92400000   0.9240  -0.0308   3.7322   4.3160   0.0000   0.0000
   10.15    0.92500000   0.9250  -0.0289   3.7323   4.3150   0.0000   0.0000
   10.15    0.92500000   0.9250  -0.0269   3.7324   4.3140   0.0000   0.0000
   10.15    0.92500000   0.9250  -0.0249   3.7325   4.3120   0.0000   0.0000
   10.15    0.92600000   0.9260  -0.0229   3.7326   4.3110   0.0000   0.0000
   10.15    0.92600000   0.9260  -0.0209   3.7327   4.3100   0.0000   0.0000
   10.15    0.92700000   0.9270  -0.0189   3.7328   4.3080   0.0000   0.0000
   10.15    0.92700000   0.9270  -0.0169   3.7329   4.3070   0.0000   0.0000
   10.15    0.92800000   0.9280  -0.0149   3.7330   4.3050   0.0000   0.0000
   10.15    0.92800000   0.9280  -0.0129   3.7331   4.3040   0.0000   0.0000
   10.15    0.92900000   0.9290  -0.0108   3.7332   4.3020   0.0000   0.0000
   10.15    0.92900000   0.9290  -0.0088   3.7333   4.3010   0.0000   0.0000
   10.15    0.93000000   0.9300  -0.0067   3.7334   4.3000   0.0000   0.0000
   10.15    0.93000000   0.9300  -0.0047   3.7335   4.2980   0.0000   0.0000
   10.15    0.93100000   0.9310  -0.0026   3.7336   4.2970   0.0000   0.0000
   10.15    0.93100000   0.9310  -0.0006   3.7337   4.2950   0.0000   0.0000
   10.15    0.93100000   0.9310   0.0015   3.7338   4.2940   0.0000   0.0000
   10.15    0.93200000   0.9320   0.0036   3.7339   4.2920   0.0000   0.0000
   10.15    0.93200000   0.9320   0.0057   3.7339   4.2910   0.0000   0.0000
   10.15    0.93300000   0.9330   0.0077   3.7340   4.2890   0.0000   0.0000
   10.15    0.93300000   0.9330   0.0098   3.7341   4.2880   0.0000   0.0000
   10.15    0.93400000   0.9340   0.0119   3.7342   4.2860   0.0000   0.0000
   10.15    0.93400000   0.9340   0.0140   3.7343   4.2840   0.0000   0.0000
   10.15    0.93500000   0.9350   0.0162   3.7343   4.2830   0.0000   0.0000
   10.15    0.93500000   0.9350   0.0183   3.7344   4.2810   0.0000   0.0000
   10.15    0.93600000   0.9360   0.0204   3.7345   4.2800   0.0000   0.0000
   10.15    0.93600000   0.9360   0.0225   3.7346   4.2780   0.0000   0.0000
   10.15    0.93700000   0.9370   0.0247   3.7346   4.2760   0.0000   0.0000
   10.15    0.93700000   0.9370   0.0268   3.7347   4.2750   0.0000   0.0000
   10.15    0.93700000   0.9370   0.0290   3.7348   4.2730   0.0000   0.0000
   10.15    0.93800000   0.9380   0.0311   3.7348   4.2710   0.0000   0.0000
   10.15    0.93800000   0.9380   0.0333   3.7349   4.2700   0.0000   0.0000
   10.15    0.93900000   0.9390   0.0355   3.7350   4.2680   0.0000   0.0000
   10.15    0.93900000   0.9390   0.0377   3.7350   4.2660   0.0000   0.0000
   10.15    0.94000000   0.9400   0.0399   3.7351   4.2640   0.0000   0.0000
   10.15    0.94000000   0.9400   0.0421   3.7351   4.2630   0.0000   0.0000
   10.15    0.94100000   0.9410   0.0443   3.7352   4.2610   0.0000   0.0000
   10.15    0.94100000   0.9410   0.0465   3.7353   4.2590   0.0000   0.0000
   10.15    0.94200000   0.9420   0.0487   3.7353   4.2570   0.0000   0.0000
   10.15    0.94200000   0.9420   0.0509   3.7354   4.2560   0.0000   0.0000
   10.15    0.94300000   0.9430   0.0531   3.7354   4.2540   0.0000   0.0000
   10.15    0.94300000   0.9430   0.0554   3.7355   4.2520   0.0000   0.0000
   10.15    0.94300000   0.9430   0.0576   3.7355   4.2500   0.0000   0.0000
   10.15    0.94400000   0.9440   0.0599   3.7355   4.2480   0.0000   0.0000
   10.15    0.94400000   0.9440   0.0622   3.7356   4.2460   0.0000   0.0000
   10.15    0.94500000   0.9450   0.0644   3.7356   4.2440   0.0000   0.0000
   10.15    0.94500000   0.9450   0.0667   3.7356   4.2420   0.0000   0.0000
   10.15    0.94600000   0.9460   0.0690   3.7356   4.2400   0.0000   0.0000
   10.15    0.94600000   0.9460   0.0713   3.7357   4.2380   0.0000   0.0000
   10.15    0.94700000   0.9470   0.0736   3.7357   4.2360   0.0000   0.0000
   10.15    0.94700000   0.9470   0.0759   3.7357   4.2340   0.0000   0.0000
   10.15    0.94800000   0.9480   0.0782   3.7357   4.2320   0.0000   0.0000
   10.15    0.94800000   0.9480   0.0805   3.7357   4.2300   0.0000   0.0000
   10.15    0.94900000   0.9490   0.0829   3.7357   4.2280   0.0000   0.0000
   10.15    0.94900000   0.9490   0.0852   3.7357   4.2260   0.0000   0.0000
   10.15    0.95000000   0.9500   0.0876   3.7357   4.2240   0.0000   0.0000
   10.15    0.95000000   0.9500   0.0899   3.7357   4.2220   0.0000   0.0000
   10.15    0.95000000   0.9500   0.0923   3.7357   4.2200   0.0000   0.0000
   10.15    0.95100000   0.9510   0.0947   3.7357   4.2170   0.0000   0.0000
   10.15    0.95100000   0.9510   0.0971   3.7357   4.2150   0.0000   0.0000
   10.15    0.95200000   0.9520   0.0995   3.7357   4.2130   0.0000   0.0000
   10.15    0.95200000   0.9520   0.1019   3.7357   4.2110   0.0000   0.0000
   10.15    0.95300000   0.9530   0.1043   3.7356   4.2080   0.0000   0.0000
   10.15    0.95300000   0.9530   0.1067   3.7356   4.2060   0.0000   0.0000
   10.15    0.95400000   0.9540   0.1091   3.7355   4.2030   0.0000   0.0000
   10.15    0.95400000   0.9540   0.1116   3.7355   4.2010   0.0000   0.0000
   10.15    0.95500000   0.9550   0.1140   3.7354   4.1990   0.0000   0.0000
   10.15    0.95500000   0.9550   0.1165   3.7354   4.1960   0.0000   0.0000
   10.15    0.95600000   0.9560   0.1189   3.7353   4.1940   0.0000   0.0000
   10.15    0.95600000   0.9560   0.1214   3.7353   4.1910   0.0000   0.0000
   10.15    0.95700000   0.9570   0.1239   3.7352   4.1890   0.0000   0.0000
   10.15    0.95700000   0.9570   0.1264   3.7351   4.1860   0.0000   0.0000
   10.15    0.95800000   0.9580   0.1288   3.7350   4.1830   0.0000   0.0000
   10.15    0.95800000   0.9580   0.1314   3.7349   4.1810   0.0000   0.0000
   10.15    0.95900000   0.9590   0.1339   3.7348   4.1780   0.0000   0.0000
   10.15    0.95900000   0.9590   0.1364   3.7347   4.1750   0.0000   0.0000
   10.15    0.95900000   0.9590   0.1390   3.7346   4.1720   0.0000   0.0000
   10.15    0.96000000   0.9600   0.1415   3.7345   4.1700   0.0000   0.0000
   10.15    0.96000000   0.9600   0.1441   3.7343   4.1670   0.0000   0.0000
   10.15    0.96100000   0.9610   0.1466   3.7342   4.1640   0.0000   0.0000
   10.15    0.96100000   0.9610   0.1491   3.7341   4.1610   0.0000   0.0000
   10.15    0.96200000   0.9620   0.1516   3.7339   4.1580   0.0000   0.0000
   10.15    0.96200000   0.9620   0.1542   3.7337   4.1550   0.0000   0.0000
   10.15    0.96300000   0.9630   0.1568   3.7335   4.1520   0.0000   0.0000
   10.15    0.96300000   0.9630   0.1593   3.7334   4.1490   0.0000   0.0000
   10.15    0.96400000   0.9640   0.1619   3.7332   4.1460   0.0000   0.0000
   10.15    0.96400000   0.9640   0.1645   3.7329   4.1420   0.0000   0.0000
   10.15    0.96500000   0.9650   0.1671   3.7327   4.1390   0.0000   0.0000
   10.15    0.96500000   0.9650   0.1697   3.7325   4.1360   0.0000   0.0000
   10.15    0.96600000   0.9660   0.1722   3.7322   4.1320   0.0000   0.0000
   10.15    0.96600000   0.9660   0.1748   3.7320   4.1290   0.0000   0.0000
   10.15    0.96700000   0.9670   0.1774   3.7317   4.1250   0.0000   0.0000
   10.15    0.96700000   0.9670   0.1800   3.7314   4.1220   0.0000   0.0000
   10.15    0.96800000   0.9680   0.1826   3.7311   4.1180   0.0000   0.0000
   10.15    0.96800000   0.9680   0.1852   3.7308   4.1150   0.0000   0.0000
   10.15    0.96900000   0.9690   0.1879   3.7305   4.1110   0.0000   0.0000
   10.15    0.96900000   0.9690   0.1905   3.7302   4.1080   0.0000   0.0000
   10.15    0.96900000   0.9690   0.1931   3.7299   4.1040   0.0000   0.0000
   10.15    0.97000000   0.9700   0.1957   3.7295   4.1000   0.0000   0.0000
   10.15    0.97000000   0.9700   0.1982   3.7291   4.0960   0.0000   0.0000
   10.15    0.97100000   0.9710   0.2008   3.7288   4.0920   0.0000   0.0000
   10.15    0.97100000   0.9710   0.2034   3.7284   4.0880   0.0000   0.0000
   10.15    0.97200000   0.9720   0.2059   3.7279   4.0840   0.0000   0.0000
   10.15    0.97200000   0.9720   0.2085   3.7275   4.0800   0.0000   0.0000
   10.15    0.97300000   0.9730   0.2110   3.7270   4.0760   0.0000   0.0000
   10.15    0.97300000   0.9730   0.2135   3.7265   4.0720   0.0000   0.0000
   10.15    0.97400000   0.9740   0.2159   3.7259   4.0670   0.0000   0.0000
   10.15    0.97400000   0.9740   0.2184   3.7253   4.0630   0.0000   0.0000
   10.15    0.97500000   0.9750   0.2207   3.7247   4.0580   0.0000   0.0000
   10.15    0.97500000   0.9750   0.2231   3.7240   4.0530   0.0000   0.0000
   10.15    0.97600000   0.9760   0.2254   3.7233   4.0480   0.0000   0.0000
   10.15    0.97600000   0.9760   0.2276   3.7225   4.0430   0.0000   0.0000
   10.15    0.97700000   0.9770   0.2297   3.7217   4.0380   0.0000   0.0000
   10.15    0.97700000   0.9770   0.2318   3.7207   4.0320   0.0000   0.0000
   10.15    0.97800000   0.9780   0.2338   3.7197   4.0260   0.0000   0.0000
   10.15    0.97800000   0.9780   0.2355   3.7185   4.0200   0.0000   0.0000
   10.15    0.97900000   0.9790   0.2373   3.7173   4.0130   0.0000   0.0000
   10.15    0.97900000   0.9790   0.2389   3.7159   4.0070   0.0000   0.0000
   10.15    0.98000000   0.9800   0.2404   3.7145   4.0000   0.0000   0.0000
   10.15    0.98000000   0.9800   0.2418   3.7129   3.9920   0.0000   0.0000
   10.15    0.98100000   0.9810   0.2430   3.7113   3.9850   0.0000   0.0000
   10.15    0.98100000   0.9810   0.2443   3.7096   3.9770   0.0000   0.0000
   10.15    0.98200000   0.9820   0.2455   3.7078   3.9680   0.0000   0.0000
   10.15    0.98200000   0.9820   0.2467   3.7059   3.9600   0.0000   0.0000
   10.15    0.98200000   0.9820   0.2478   3.7037   3.9500   0.0000   0.0000
   10.15    0.98300000   0.9830   0.2490   3.7015   3.9400   0.0000   0.0000
   10.15    0.98300000   0.9830   0.2509   3.6990   3.9290   0.0000   0.0000
   10.15    0.98400000   0.9840   0.2529   3.6965   3.9170   0.0000   0.0000
   10.15    0.98400000   0.9840   0.2560   3.6939   3.9040   0.0000   0.0000
   10.15    0.98500000   0.9850   0.2602   3.6913   3.8890   0.0000   0.0000
   10.15    0.98500000   0.9850   0.2659   3.6888   3.8740   0.0000   0.0000
   10.15    0.98600000   0.9860   0.2737   3.6865   3.8570   0.0000   0.0000
   10.15    0.98600000   0.9860   0.2833   3.6843   3.8390   0.0000   0.0000
   10.15    0.98700000   0.9870   0.2946   3.6822   3.8190   0.0000   0.0000
   10.15    0.98700000   0.9870   0.3087   3.6804   3.7980   0.0000   0.0000
   10.15    0.98800000   0.9880   0.3251   3.6789   3.7760   0.0000   0.0000
   10.15    0.98800000   0.9880   0.3432   3.6775   3.7530   0.0000   0.0000
   10.15    0.98900000   0.9890   0.3630   3.6764   3.7280   0.0000   0.0000
   10.15    0.98900000   0.9890   0.3849   3.6753   3.7030   0.0000   0.0000
   10.15    0.99000000   0.9900   0.4082   3.6744   3.6760   0.0000   0.0000
   10.15    0.99000000   0.9900   0.4329   3.6736   3.6480   0.0000   0.0000
   10.15    0.99100000   0.9900   0.4591   3.6729   3.6190   0.0000   0.0000
   10.15    0.99100000   0.9910   0.4871   3.6724   3.5890   0.0000   0.0000
   10.15    0.99200000   0.9910   0.5166   3.6718   3.5580   0.0000   0.0000
   10.15    0.99200000   0.9920   0.5477   3.6713   3.5250   0.0000   0.0000
   10.15    0.99300000   0.9920   0.5807   3.6704   3.4880   0.0000   0.0000
   10.15    0.99300000   0.9920   0.6167   3.6697   3.4500   0.0000   0.0000
   10.15    0.99400000   0.9930   0.6553   3.6690   3.4080   0.0000   0.0000
   10.15    0.99400000   0.9930   0.6969   3.6680   3.3630   0.0000   0.0000
   10.15    0.99500000   0.9930   0.7433   3.6666   3.3110   0.0000   0.0000
   10.15    0.99500000   0.9930   0.7945   3.6651   3.2540   0.0000   0.0000
   10.15    0.99600000   0.9940   0.8508   3.6635   3.1920   0.0000   0.0000
   10.15    0.99600000   0.9940   0.9145   3.6612   3.1190   0.0000   0.0000
   10.15    0.99700000   0.9940   0.9860   3.6586   3.0370   0.0000   0.0000
   10.15    0.99700000   0.9940   1.0610   3.6556   2.9500   0.0000   0.0000
# log(age) Mini Mact logl logt logg Composition Phase
   10.20    0.80000000   0.8000  -0.4753   3.6870   4.5170   0.0000   0.0000
   10.20    0.88700000   0.8870  -0.1274   3.7233   4.3600   0.0000   0.0000
   10.20    0.88800000   0.8880  -0.1255   3.7235   4.3590   0.0000   0.0000
   10.20    0.88800000   0.8880  -0.1236   3.7236   4.3580   0.0000   0.0000
   10.20    0.88900000   0.8890  -0.1218   3.7237   4.3560   0.0000   0.0000
   10.20    0.88900000   0.8890  -0.1199   3.7239   4.3550   0.0000   0.0000
   10.20    0.89000000   0.8900  -0.1180   3.7240   4.3540   0.0000   0.0000
   10.20    0.89000000   0.8900  -0.1161   3.7241   4.3530   0.0000   0.0000
   10.20    0.89100000   0.8910  -0.1142   3.7242   4.3520   0.0000   0.0000
   10.20    0.89100000   0.8910  -0.1123   3.7243   4.3500   0.0000   0.0000
   10.20    0.89100000   0.8910  -0.1104   3.7244   4.3490   0.0000   0.0000
   10.20    0.89200000   0.8920  -0.1085   3.7246   4.3480   0.0000   0.0000
   10.20    0.89200000   0.8920  -0.1065   3.7247   4.3470   0.0000   0.0000
   10.20    0.89300000   0.8930  -0.1046   3.7248   4.3460   0.0000   0.0000
   10.20    0.89300000   0.8930  -0.1027   3.7249   4.3440   0.0000   0.0000
   10.20    0.89400000   0.8940  -0.1007   3.7251   4.3430   0.0000   0.0000
   10.20    0.89400000   0.8940  -0.0988   3.7252   4.3420   0.0000   0.0000
   10.20    0.89400000   0.8940  -0.0968   3.7253   4.3410   0.0000   0.0000
   10.20    0.89500000   0.8950  -0.0949   3.7254   4.3390   0.0000   0.0000
   10.20    0.89500000   0.8950  -0.0929   3.7256   4.3380   0.0000   0.0000
   10.20    0.89600000   0.8960  -0.0909   3.7257   4.3370   0.0000   0.0000
   10.20    0.89600000   0.8960  -0.0889   3.7258   4.3360   0.0000   0.0000
   10.20    0.89700000   0.8970  -0.0869   3.7259   4.3340   0.0000   0.0000
   10.20    0.89700000   0.8970  -0.0850   3.7261   4.3330   0.0000   0.0000
   10.20    0.89800000   0.8980  -0.0830   3.7262   4.3320   0.0000   0.0000
   10.20    0.89800000   0.8980  -0.0810   3.7263   4.3300   0.0000   0.0000
   10.20    0.89800000   0.8980  -0.0791   3.7264   4.3290   0.0000   0.0000
   10.20    0.89900000   0.8990  -0.0771   3.7266   4.3280   0.0000   0.0000
   10.20    0.89900000   0.8990  -0.0751   3.7267   4.3270   0.0000   0.0000
   10.20    0.90000000   0.9000  -0.0731   3.7268   4.3250   0.0000   0.0000
   10.20    0.90000000   0.9000  -0.0711   3.7269   4.3240   0.0000   0.0000
   10.20    0.90100000   0.9010  -0.0690   3.7270   4.3230   0.0000   0.0000
   10.20    0.90100000   0.9010  -0.0670   3.7271   4.3210   0.0000   0.0000
   10.20    0.90200000   0.9020  -0.0649   3.7273   4.3200   0.0000   0.0000
   10.20    0.90200000   0.9020  -0.0628   3.7274   4.3180   0.0000   0.0000
   10.20    0.90200000   0.9020  -0.0607   3.7275   4.3170   0.0000   0.0000
   10.20    0.90300000   0.9030  -0.0586   3.7276   4.3160   0.0000   0.0000
   10.20    0.90300000   0.9030  -0.0565   3.7277   4.3140   0.0000   0.0000
   10.20    0.90400000   0.9040  -0.0544   3.7278   4.3130   0.0000   0.0000
   10.20    0.90400000   0.9040  -0.0523   3.7279   4.3110   0.0000   0.0000
   10.20    0.90500000   0.9050  -0.0502   3.7280   4.3100   0.0000   0.0000
   10.20    0.90500000   0.9050  -0.0481   3.7281   4.3080   0.0000   0.0000
   10.20    0.90600000   0.9060  -0.0459   3.7282   4.3070   0.0000   0.0000
   10.20    0.90600000   0.9060  -0.0438   3.7283   4.3050   0.0000   0.0000
   10.20    0.90600000   0.9060  -0.0416   3.7284   4.3030   0.0000   0.0000
   10.20    0.90700000   0.9070  -0.0395   3.7285   4.3020   0.0000   0.0000
   10.20    0.90700000   0.9070  -0.0373   3.7286   4.3000   0.0000   0.0000
   10.20    0.90800000   0.9080  -0.0352   3.7287   4.2990   0.0000   0.0000
   10.20    0.90800000   0.9080  -0.0330   3.7287   4.2970   0.0000   0.0000
   10.20    0.90900000   0.9090  -0.0308   3.7288   4.2950   0.0000   0.0000
   10.20    0.90900000   0.9090  -0.0286   3.7289   4.2940   0.0000   0.0000
   10.20    0.91000000   0.9100  -0.0264   3.7290   4.2920   0.0000   0.0000
   10.20    0.91000000   0.9100  -0.0242   3.7291   4.2900   0.0000   0.0000
   10.20    0.91100000   0.9110  -0.0220   3.7291   4.2890   0.0000   0.0000
   10.20    0.91100000   0.9110  -0.0198   3.7292   4.2870   0.0000   0.0000
   10.20    0.91100000   0.9110  -0.0176   3.7293   4.2850   0.0000   0.0000
   10.20    0.91200000   0.9120  -0.0153   3.7294   4.2840   0.0000   0.0000
   10.20    0.91200000   0.9120  -0.0131   3.7294   4.2820   0.0000   0.0000
   10.20    0.91300000   0.9130  -0.0108   3.7295   4.2800   0.0000   0.0000
   10.20    0.91300000   0.9130  -0.0086   3.7296   4.2780   0.0000   0.0000
   10.20    0.91400000   0.9140  -0.0063   3.7296   4.2770   0.0000   0.0000
   10.20    0.91400000   0.9140  -0.0040   3.7297   4.2750   0.0000   0.0000
   10.20    0.91500000   0.9150  -0.0017   3.7298   4.2730   0.0000   0.0000
   10.20    0.91500000   0.9150   0.0005   3.7298   4.2710   0.0000   0.0000
   10.20    0.91500000   0.9150   0.0028   3.7299   4.2690   0.0000   0.0000
   10.20    0.91600000   0.9160   0.0051   3.7299   4.2670   0.0000   0.0000
   10.20    0.91600000   0.9160   0.0075   3.7300   4.2660   0.0000   0.0000
   10.20    0.91700000   0.9170   0.0098   3.7300   4.2640   0.0000   0.0000
   10.20    0.91700000   0.9170   0.0121   3.7301   4.2620   0.0000   0.0000
   10.20    0.91800000   0.9180   0.0145   3.7301   4.2600   0.0000   0.0000
   10.20    0.91800000   0.9180   0.0168   3.7302   4.2580   0.0000   0.0000
   10.20    0.91900000   0.9190   0.0192   3.7302   4.2560   0.0000   0.0000
   10.20    0.91900000   0.9190   0.0215   3.7303   4.2540   0.0000   0.0000
   10.20    0.92000000   0.9200   0.0239   3.7303   4.2520   0.0000   0.0000
   10.20    0.92000000   0.9200   0.0263   3.7303   4.2500   0.0000   0.0000
   10.20    0.92000000   0.9200   0.0287   3.7304   4.2480   0.0000   0.0000
   10.20    0.92100000   0.9210   0.0311   3.7304   4.2460   0.0000   0.0000
   10.20    0.92100000   0.9210   0.0335   3.7304   4.2430   0.0000   0.0000
   10.20    0.92200000   0.9220   0.0359   3.7304   4.2410   0.0000   0.0000
   10.20    0.92200000   0.9220   0.0383   3.7304   4.2390   0.0000   0.0000
   10.20    0.92300000   0.9230   0.0408   3.7304   4.2370   0.0000   0.0000
   10.20    0.92300000   0.9230   0.0432   3.7304   4.2350   0.0000   0.0000
   10.20    0.92400000   0.9240   0.0457   3.7304   4.2320   0.0000   0.0000
   10.20    0.92400000   0.9240   0.0481   3.7304   4.2300   0.0000   0.0000
   10.20    0.92500000   0.9250   0.0506   3.7304   4.2280   0.0000   0.0000
   10.20    0.92500000   0.9250   0.0531   3.7304   4.2260   0.0000   0.0000
   10.20    0.92500000   0.9250   0.0556   3.7304   4.2230   0.0000   0.0000
   10.20    0.92600000   0.9260   0.0581   3.7304   4.2210   0.0000   0.0000
   10.20    0.92600000   0.9260   0.0606   3.7303   4.2180   0.0000   0.0000
   10.20    0.92700000   0.9270   0.0631   3.7303   4.2160   0.0000   0.0000
   10.20    0.92700000   0.9270   0.0657   3.7303   4.2140   0.0000   0.0000
   10.20    0.92800000   0.9280   0.0682   3.7302   4.2110   0.0000   0.0000
   10.20    0.92800000   0.9280   0.0708   3.7302   4.2090   0.0000   0.0000
   10.20    0.92900000   0.9290   0.0733   3.7301   4.2060   0.0000   0.0000
   10.20    0.92900000   0.9290   0.0759   3.7301   4.2030   0.0000   0.0000
   10.20    0.93000000   0.9300   0.0785   3.7300   4.2010   0.0000   0.0000
   10.20    0.93000000   0.9300   0.0811   3.7299   4.1980   0.0000   0.0000
   10.20    0.93100000   0.9310   0.0837   3.7298   4.1950   0.0000   0.0000
   10.20    0.93100000   0.9310   0.0863   3.7297   4.1930   0.0000   0.0000
   10.20    0.93100000   0.9310   0.0889   3.7296   4.1900   0.0000   0.0000
   10.20    0.93200000   0.9320   0.0916   3.7295   4.1870   0.0000   0.0000
   10.20    0.93200000   0.9320   0.0943   3.7294   4.1840   0.0000   0.0000
   10.20    0.93300000   0.9330   0.0970   3.7293   4.1810   0.0000   0.0000
   10.20    0.93300000   0.9330   0.0997   3.7292   4.1780   0.0000   0.0000
   10.20    0.93400000   0.9340   0.1023   3.7290   4.1750   0.0000   0.0000
   10.20    0.93400000   0.9340   0.1048   3.7289   4.1720   0.0000   0.0000
   10.20    0.93500000   0.9350   0.1075   3.7287   4.1690   0.0000   0.0000
   10.20    0.93500000   0.9350   0.1102   3.7286   4.1660   0.0000   0.0000
   10.20    0.93600000   0.9360   0.1129   3.7284   4.1630   0.0000   0.0000
   10.20    0.93600000   0.9360   0.1155   3.7282   4.1590   0.0000   0.0000
   10.20    0.93700000   0.9370   0.1182   3.7280   4.1560   0.0000   0.0000
   10.20    0.93700000   0.9370   0.1210   3.7277   4.1530   0.0000   0.0000
   10.20    0.93700000   0.9370   0.1237   3.7275   4.1490   0.0000   0.0000
   10.20    0.93800000   0.9380   0.1264   3.7273   4.1460   0.0000   0.0000
   10.20    0.93800000   0.9380   0.1291   3.7270   4.1420   0.0000   0.0000
   10.20    0.93900000   0.9390   0.1318   3.7267   4.1390   0.0000   0.0000
   10.20    0.93900000   0.9390   0.1345   3.7264   4.1350   0.0000   0.0000
   10.20    0.94000000   0.9400   0.1373   3.7261   4.1310   0.0000   0.0000
   10.20    0.94000000   0.9400   0.1400   3.7258   4.1280   0.0000   0.0000
   10.20    0.94100000   0.9410   0.1428   3.7255   4.1240   0.0000   0.0000
   10.20    0.94100000   0.9410   0.1455   3.7252   4.1200   0.0000   0.0000
   10.20    0.94200000   0.9420   0.1482   3.7248   4.1160   0.0000   0.0000
   10.20    0.94200000   0.9420   0.1510   3.7244   4.1120   0.0000   0.0000
   10.20    0.94300000   0.9430   0.1537   3.7240   4.1080   0.0000   0.0000
   10.20    0.94300000   0.9430   0.1565   3.7236   4.1030   0.0000   0.0000
   10.20    0.94300000   0.9430   0.1592   3.7232   4.0990   0.0000   0.0000
   10.20    0.94400000   0.9440   0.1619   3.7227   4.0950   0.0000   0.0000
   10.20    0.94400000   0.9440   0.1646   3.7222   4.0900   0.0000   0.0000
   10.20    0.94500000   0.9450   0.1673   3.7217   4.0860   0.0000   0.0000
   10.20    0.94500000   0.9450   0.1700   3.7212   4.0810   0.0000   0.0000
   10.20    0.94600000   0.9460   0.1726   3.7206   4.0760   0.0000   0.0000
   10.20    0.94600000   0.9460   0.1752   3.7199   4.0720   0.0000   0.0000
   10.20    0.94700000   0.9470   0.1778   3.7192   4.0660   0.0000   0.0000
   10.20    0.94700000   0.9470   0.1803   3.7185   4.0610   0.0000   0.0000
   10.20    0.94800000   0.9480   0.1828   3.7177   4.0560   0.0000   0.0000
   10.20    0.94800000   0.9480   0.1852   3.7169   4.0500   0.0000   0.0000
   10.20    0.94900000   0.9490   0.1876   3.7159   4.0440   0.0000   0.0000
   10.20    0.94900000   0.9490   0.1899   3.7149   4.0380   0.0000   0.0000
   10.20    0.95000000   0.9500   0.1920   3.7137   4.0310   0.0000   0.0000
   10.20    0.95000000   0.9500   0.1942   3.7124   4.0240   0.0000   0.0000
   10.20    0.95000000   0.9500   0.1962   3.7110   4.0170   0.0000   0.0000
   10.20    0.95100000   0.9510   0.1981   3.7096   4.0090   0.0000   0.0000
   10.20    0.95100000   0.9510   0.2000   3.7080   4.0010   0.0000   0.0000
   10.20    0.95200000   0.9520   0.2018   3.7063   3.9930   0.0000   0.0000
   10.20    0.95200000   0.9520   0.2037   3.7045   3.9840   0.0000   0.0000
   10.20    0.95300000   0.9530   0.2057   3.7027   3.9750   0.0000   0.0000
   10.20    0.95300000   0.9530   0.2078   3.7006   3.9650   0.0000   0.0000
   10.20    0.95400000   0.9540   0.2099   3.6985   3.9540   0.0000   0.0000
   10.20    0.95400000   0.9540   0.2126   3.6962   3.9430   0.0000   0.0000
   10.20    0.95500000   0.9550   0.2158   3.6938   3.9300   0.0000   0.0000
   10.20    0.95500000   0.9550   0.2197   3.6913   3.9170   0.0000   0.0000
   10.20    0.95600000   0.9560   0.2247   3.6888   3.9020   0.0000   0.0000
   10.20    0.95600000   0.9560   0.2322   3.6865   3.8850   0.0000   0.0000
   10.20    0.95700000   0.9570   0.2410   3.6842   3.8670   0.0000   0.0000
   10.20    0.95700000   0.9570   0.2514   3.6820   3.8490   0.0000   0.0000
   10.20    0.95800000   0.9580   0.2638   3.6800   3.8280   0.0000   0.0000
   10.20    0.95800000   0.9580   0.2794   3.6782   3.8060   0.0000   0.0000
   10.20    0.95900000   0.9580   0.2971   3.6767   3.7820   0.0000   0.0000
   10.20    0.95900000   0.9590   0.3168   3.6755   3.7580   0.0000   0.0000
   10.20    0.95900000   0.9590   0.3385   3.6743   3.7320   0.0000   0.0000
   10.20    0.96000000   0.9600   0.3623   3.6733   3.7040   0.0000   0.0000
   10.20    0.96000000   0.9600   0.3877   3.6725   3.6750   0.0000   0.0000
   10.20    0.96100000   0.9600   0.4144   3.6717   3.6460   0.0000   0.0000
   10.20    0.96100000   0.9610   0.4430   3.6711   3.6150   0.0000   0.0000
   10.20    0.96200000   0.9610   0.4737   3.6706   3.5820   0.0000   0.0000
   10.20    0.96200000   0.9620   0.5062   3.6700   3.5480   0.0000   0.0000
   10.20    0.96300000   0.9620   0.5405   3.6694   3.5110   0.0000   0.0000
   10.20    0.96300000   0.9620   0.5772   3.6686   3.4720   0.0000   0.0000
   10.20    0.96400000   0.9630   0.6177   3.6679   3.4280   0.0000   0.0000
   10.20    0.96400000   0.9630   0.6615   3.6670   3.3810   0.0000   0.0000
   10.20    0.96500000   0.9630   0.7088   3.6658   3.3290   0.0000   0.0000
   10.20    0.96500000   0.9630   0.7621   3.6642   3.2700   0.0000   0.0000
   10.20    0.96600000   0.9640   0.8231   3.6624   3.2020   0.0000   0.0000
   10.20    0.96600000   0.9640   0.8906   3.6603   3.1250   0.0000   0.0000
   10.20    0.96700000   0.9640   0.9629   3.6576   3.0420   0.0000   0.0000
   10.20    0.96700000   0.9630   1.0311   3.6552   2.9640   0.0000   0.0000
   10.20    0.96800000   0.9630   1.1105   3.6518   2.8710   0.0000   0.0000
