# log(age) Mini Mact logl logt logg Composition Phase
    6.00    0.80000000   0.8000  -0.4242   3.7305   4.6400   0.0000   0.0000
    6.00    0.88400000   0.8840  -0.2206   3.7598   4.5970   0.0000   0.0000
    6.00    0.97800000   0.9780  -0.0160   3.7857   4.5400   0.0000   0.0000
    6.00    1.08100000   1.0810   0.1885   3.8090   4.4720   0.0000   0.0000
    6.00    1.19400000   1.1940   0.3667   3.8293   4.4190   0.0000   0.0000
    6.00    1.32000000   1.3200   0.5535   3.8567   4.3850   0.0000   0.0000
    6.00    1.46000000   1.4600   0.7425   3.8962   4.3970   0.0000   0.0000
    6.00    1.61300000   1.6130   0.9278   3.9342   4.4180   0.0000   0.0000
    6.00    1.78300000   1.7830   1.1076   3.9711   4.4520   0.0000   0.0000
    6.00    1.97100000   1.9710   1.2819   4.0079   4.4680   0.0000   0.0000
    6.00    2.17900000   2.1790   1.4515   4.0411   4.4730   0.0000   0.0000
    6.00    2.40900000   2.4090   1.6203   4.0736   4.4770   0.0000   0.0000
    6.00    2.66300000   2.6630   1.7841   4.1035   4.4760   0.0000   0.0000
    6.00    2.94400000   2.9440   1.9451   4.1318   4.4710   0.0000   0.0000
    6.00    3.25400000   3.2540   2.1031   4.1588   4.4640   0.0000   0.0000
    6.00    3.59700000   3.5970   2.2605   4.1855   4.4570   0.0000   0.0000
    6.00    3.97600000   3.9760   2.4178   4.2123   4.4490   0.0000   0.0000
    6.00    4.39500000   4.3950   2.5685   4.2376   4.4430   0.0000   0.0000
    6.00    4.85800000   4.8580   2.7187   4.2629   4.4370   0.0000   0.0000
    6.00    5.37000000   5.3700   2.8658   4.2869   4.4300   0.0000   0.0000
    6.00    5.93600000   5.9360   3.0115   4.3105   4.4210   0.0000   0.0000
    6.00    6.56200000   6.5620   3.1573   4.3340   4.4130   0.0000   0.0000
    6.00    7.25400000   7.2540   3.3009   4.3571   4.4050   0.0000   0.0000
    6.00    8.01800000   8.0180   3.4408   4.3794   4.3970   0.0000   0.0000
    6.00    8.86400000   8.8640   3.5821   4.4012   4.3860   0.0000   0.0000
    6.00    9.79800000   9.7980   3.7180   4.4220   4.3760   0.0000   0.0000
    6.00   10.83100000  10.8300   3.8530   4.4426   4.3660   0.0000   0.0000
    6.00   11.97200000  11.9710   3.9890   4.4631   4.3550   0.0000   0.0000
    6.00   13.23400000  13.2310   4.1179   4.4817   4.3440   0.0000   0.0000
    6.00   14.62900000  14.6230   4.2474   4.5004   4.3330   0.0000   0.0000
    6.00   16.17100000  16.1630   4.3713   4.5176   4.3220   0.0000   0.0000
    6.00   17.87600000  17.8650   4.4939   4.5343   4.3100   0.0000   0.0000
    6.00   19.76000000  19.7460   4.6169   4.5511   4.2980   0.0000   0.0000
    6.00   21.84300000  21.8200   4.7326   4.5662   4.2860   0.0000   0.0000
    6.00   24.14500000  24.1080   4.8478   4.5810   4.2740   0.0000   0.0000
    6.00   26.69000000  26.6320   4.9581   4.5947   4.2620   0.0000   0.0000
    6.00   29.50400000  29.4150   5.0658   4.6078   4.2510   0.0000   0.0000
    6.00   32.61400000  32.4810   5.1724   4.6203   4.2380   0.0000   0.0000
    6.00   36.05100000  35.8570   5.2725   4.6312   4.2250   0.0000   0.0000
    6.00   39.85100000  39.5750   5.3725   4.6421   4.2120   0.0000   0.0000
    6.00   44.05200000  43.6620   5.4635   4.6508   4.1990   0.0000   0.0000
    6.00   48.69500000  48.1590   5.5541   4.6593   4.1850   0.0000   0.0000
    6.00   53.82800000  53.1010   5.6448   4.6676   4.1700   0.0000   0.0000
    6.00   59.50200000  58.5300   5.7354   4.6758   4.1550   0.0000   0.0000
    6.00   65.77300000  64.4970   5.8170   4.6817   4.1380   0.0000   0.0000
    6.00   72.70600000  71.0470   5.8979   4.6874   4.1220   0.0000   0.0000
    6.00   80.37000000  78.2290   5.9786   4.6928   4.1040   0.0000   0.0000
    6.00   88.84100000  86.1110   6.0564   4.6974   4.0860   0.0000   0.0000
    6.00   98.20600000  94.7640   6.1302   4.7014   4.0680   0.0000   0.0000
    6.00  108.55700000 104.2450   6.2041   4.7056   4.0510   0.0000   0.0000
    6.00  120.00000000 114.6240   6.2781   4.7101   4.0350   0.0000   0.0000
# log(age) Mini Mact logl logt logg Composition Phase
    6.05    0.80000000   0.8000  -0.4241   3.7305   4.6400   0.0000   0.0000
    6.05    0.88400000   0.8840  -0.2206   3.7598   4.5970   0.0000   0.0000
    6.05    0.97800000   0.9780  -0.0160   3.7857   4.5400   0.0000   0.0000
    6.05    1.08100000   1.0810   0.1885   3.8090   4.4720   0.0000   0.0000
    6.05    1.19400000   1.1940   0.3668   3.8293   4.4190   0.0000   0.0000
    6.05    1.32000000   1.3200   0.5535   3.8567   4.3850   0.0000   0.0000
    6.05    1.46000000   1.4600   0.7425   3.8962   4.3970   0.0000   0.0000
    6.05    1.61300000   1.6130   0.9278   3.9342   4.4180   0.0000   0.0000
    6.05    1.78300000   1.7830   1.1076   3.9711   4.4520   0.0000   0.0000
    6.05    1.97100000   1.9710   1.2819   4.0079   4.4680   0.0000   0.0000
    6.05    2.17900000   2.1790   1.4515   4.0411   4.4730   0.0000   0.0000
    6.05    2.40900000   2.4090   1.6203   4.0736   4.4770   0.0000   0.0000
    6.05    2.66300000   2.6630   1.7842   4.1035   4.4760   0.0000   0.0000
    6.05    2.94400000   2.9440   1.9451   4.1318   4.4710   0.0000   0.0000
    6.05    3.25400000   3.2540   2.1031   4.1588   4.4640   0.0000   0.0000
    6.05    3.59700000   3.5970   2.2605   4.1855   4.4570   0.0000   0.0000
    6.05    3.97600000   3.9760   2.4179   4.2123   4.4490   0.0000   0.0000
    6.05    4.39500000   4.3950   2.5685   4.2376   4.4430   0.0000   0.0000
    6.05    4.85800000   4.8580   2.7187   4.2629   4.4370   0.0000   0.0000
    6.05    5.37000000   5.3700   2.8658   4.2869   4.4290   0.0000   0.0000
    6.05    5.93600000   5.9360   3.0115   4.3105   4.4210   0.0000   0.0000
    6.05    6.56200000   6.5620   3.1573   4.3340   4.4130   0.0000   0.0000
    6.05    7.25400000   7.2540   3.3009   4.3571   4.4050   0.0000   0.0000
    6.05    8.01800000   8.0180   3.4417   4.3791   4.3950   0.0000   0.0000
    6.05    8.86400000   8.8640   3.5831   4.4009   4.3830   0.0000   0.0000
    6.05    9.79800000   9.7980   3.7190   4.4217   4.3740   0.0000   0.0000
    6.05   10.83100000  10.8300   3.8545   4.4423   4.3630   0.0000   0.0000
    6.05   11.97200000  11.9710   3.9906   4.4628   4.3520   0.0000   0.0000
    6.05   13.23400000  13.2300   4.1201   4.4814   4.3410   0.0000   0.0000
    6.05   14.62900000  14.6220   4.2497   4.5001   4.3290   0.0000   0.0000
    6.05   16.17100000  16.1620   4.3742   4.5173   4.3170   0.0000   0.0000
    6.05   17.87600000  17.8640   4.4971   4.5340   4.3060   0.0000   0.0000
    6.05   19.76000000  19.7440   4.6205   4.5507   4.2930   0.0000   0.0000
    6.05   21.84300000  21.8170   4.7368   4.5658   4.2810   0.0000   0.0000
    6.05   24.14500000  24.1040   4.8524   4.5806   4.2680   0.0000   0.0000
    6.05   26.69000000  26.6250   4.9632   4.5942   4.2550   0.0000   0.0000
    6.05   29.50400000  29.4030   5.0715   4.6072   4.2430   0.0000   0.0000
    6.05   32.61400000  32.4640   5.1789   4.6194   4.2280   0.0000   0.0000
    6.05   36.05100000  35.8300   5.2792   4.6302   4.2150   0.0000   0.0000
    6.05   39.85100000  39.5370   5.3793   4.6411   4.2010   0.0000   0.0000
    6.05   44.05200000  43.6080   5.4705   4.6496   4.1870   0.0000   0.0000
    6.05   48.69500000  48.0830   5.5615   4.6580   4.1720   0.0000   0.0000
    6.05   53.82800000  52.9970   5.6524   4.6661   4.1560   0.0000   0.0000
    6.05   59.50200000  58.3890   5.7433   4.6740   4.1380   0.0000   0.0000
    6.05   65.77300000  64.3100   5.8252   4.6797   4.1210   0.0000   0.0000
    6.05   72.70600000  70.8010   5.9063   4.6850   4.1020   0.0000   0.0000
    6.05   80.37000000  77.9090   5.9874   4.6903   4.0830   0.0000   0.0000
    6.05   88.84100000  85.6980   6.0654   4.6951   4.0650   0.0000   0.0000
    6.05   98.20600000  94.2400   6.1396   4.6994   4.0470   0.0000   0.0000
    6.05  108.55700000 103.5830   6.2139   4.7037   4.0290   0.0000   0.0000
    6.05  120.00000000 113.7920   6.2883   4.7087   4.0130   0.0000   0.0000
# log(age) Mini Mact logl logt logg Composition Phase
    6.10    0.80000000   0.8000  -0.4241   3.7305   4.6400   0.0000   0.0000
    6.10    0.88400000   0.8840  -0.2205   3.7598   4.5970   0.0000   0.0000
    6.10    0.97800000   0.9780  -0.0160   3.7857   4.5400   0.0000   0.0000
    6.10    1.08100000   1.0810   0.1885   3.8090   4.4720   0.0000   0.0000
    6.10    1.19400000   1.1940   0.3668   3.8293   4.4190   0.0000   0.0000
    6.10    1.32000000   1.3200   0.5535   3.8567   4.3850   0.0000   0.0000
    6.10    1.46000000   1.4600   0.7426   3.8962   4.3970   0.0000   0.0000
    6.10    1.61300000   1.6130   0.9278   3.9343   4.4180   0.0000   0.0000
    6.10    1.78300000   1.7830   1.1076   3.9711   4.4520   0.0000   0.0000
    6.10    1.97100000   1.9710   1.2819   4.0079   4.4670   0.0000   0.0000
    6.10    2.17900000   2.1790   1.4515   4.0411   4.4730   0.0000   0.0000
    6.10    2.40900000   2.4090   1.6203   4.0736   4.4770   0.0000   0.0000
    6.10    2.66300000   2.6630   1.7842   4.1035   4.4750   0.0000   0.0000
    6.10    2.94400000   2.9440   1.9451   4.1317   4.4710   0.0000   0.0000
    6.10    3.25400000   3.2540   2.1031   4.1588   4.4640   0.0000   0.0000
    6.10    3.59700000   3.5970   2.2605   4.1855   4.4570   0.0000   0.0000
    6.10    3.97600000   3.9760   2.4179   4.2122   4.4490   0.0000   0.0000
    6.10    4.39500000   4.3950   2.5685   4.2376   4.4430   0.0000   0.0000
    6.10    4.85800000   4.8580   2.7188   4.2628   4.4370   0.0000   0.0000
    6.10    5.37000000   5.3700   2.8658   4.2869   4.4290   0.0000   0.0000
    6.10    5.93600000   5.9360   3.0116   4.3105   4.4210   0.0000   0.0000
    6.10    6.56200000   6.5620   3.1573   4.3340   4.4130   0.0000   0.0000
    6.10    7.25400000   7.2540   3.3014   4.3570   4.4040   0.0000   0.0000
    6.10    8.01800000   8.0180   3.4427   4.3788   4.3920   0.0000   0.0000
    6.10    8.86400000   8.8640   3.5840   4.4007   4.3810   0.0000   0.0000
    6.10    9.79800000   9.7980   3.7201   4.4215   4.3710   0.0000   0.0000
    6.10   10.83100000  10.8300   3.8561   4.4419   4.3600   0.0000   0.0000
    6.10   11.97200000  11.9700   3.9925   4.4624   4.3490   0.0000   0.0000
    6.10   13.23400000  13.2300   4.1223   4.4811   4.3370   0.0000   0.0000
    6.10   14.62900000  14.6220   4.2525   4.4997   4.3250   0.0000   0.0000
    6.10   16.17100000  16.1610   4.3772   4.5170   4.3130   0.0000   0.0000
    6.10   17.87600000  17.8620   4.5006   4.5337   4.3010   0.0000   0.0000
    6.10   19.76000000  19.7420   4.6247   4.5504   4.2880   0.0000   0.0000
    6.10   21.84300000  21.8140   4.7415   4.5654   4.2740   0.0000   0.0000
    6.10   24.14500000  24.0980   4.8577   4.5801   4.2610   0.0000   0.0000
    6.10   26.69000000  26.6160   4.9690   4.5936   4.2470   0.0000   0.0000
    6.10   29.50400000  29.3900   5.0782   4.6062   4.2330   0.0000   0.0000
    6.10   32.61400000  32.4430   5.1860   4.6184   4.2170   0.0000   0.0000
    6.10   36.05100000  35.8000   5.2863   4.6293   4.2030   0.0000   0.0000
    6.10   39.85100000  39.4930   5.3870   4.6399   4.1880   0.0000   0.0000
    6.10   44.05200000  43.5450   5.4786   4.6483   4.1730   0.0000   0.0000
    6.10   48.69500000  47.9940   5.5699   4.6564   4.1560   0.0000   0.0000
    6.10   53.82800000  52.8750   5.6612   4.6642   4.1380   0.0000   0.0000
    6.10   59.50200000  58.2230   5.7524   4.6718   4.1190   0.0000   0.0000
    6.10   65.77300000  64.0890   5.8347   4.6772   4.0990   0.0000   0.0000
    6.10   72.70600000  70.5090   5.9161   4.6825   4.0800   0.0000   0.0000
    6.10   80.37000000  77.5260   5.9976   4.6877   4.0600   0.0000   0.0000
    6.10   88.84100000  85.2040   6.0760   4.6925   4.0400   0.0000   0.0000
    6.10   98.20600000  93.6130   6.1507   4.6973   4.0230   0.0000   0.0000
    6.10  108.55700000 102.7920   6.2256   4.7025   4.0070   0.0000   0.0000
    6.10  120.00000000 112.7990   6.3006   4.7088   3.9960   0.0000   0.0000
# log(age) Mini Mact logl logt logg Composition Phase
    6.15    0.80000000   0.8000  -0.4241   3.7305   4.6400   0.0000   0.0000
    6.15    0.88400000   0.8840  -0.2205   3.7598   4.5970   0.0000   0.0000
    6.15    0.97800000   0.9780  -0.0159   3.7857   4.5400   0.0000   0.0000
    6.15    1.08100000   1.0810   0.1886   3.8090   4.4720   0.0000   0.0000
    6.15    1.19400000   1.1940   0.3668   3.8293   4.4190   0.0000   0.0000
    6.15    1.32000000   1.3200   0.5535   3.8567   4.3850   0.0000   0.0000
    6.15    1.46000000   1.4600   0.7426   3.8962   4.3970   0.0000   0.0000
    6.15    1.61300000   1.6130   0.9278   3.9343   4.4180   0.0000   0.0000
    6.15    1.78300000   1.7830   1.1076   3.9711   4.4510   0.0000   0.0000
    6.15    1.97100000   1.9710   1.2819   4.0079   4.4670   0.0000   0.0000
    6.15    2.17900000   2.1790   1.4515   4.0411   4.4730   0.0000   0.0000
    6.15    2.40900000   2.4090   1.6203   4.0736   4.4770   0.0000   0.0000
    6.15    2.66300000   2.6630   1.7842   4.1034   4.4750   0.0000   0.0000
    6.15    2.94400000   2.9440   1.9451   4.1317   4.4710   0.0000   0.0000
    6.15    3.25400000   3.2540   2.1031   4.1588   4.4640   0.0000   0.0000
    6.15    3.59700000   3.5970   2.2605   4.1855   4.4570   0.0000   0.0000
    6.15    3.97600000   3.9760   2.4179   4.2122   4.4490   0.0000   0.0000
    6.15    4.39500000   4.3950   2.5685   4.2376   4.4430   0.0000   0.0000
    6.15    4.85800000   4.8580   2.7188   4.2628   4.4370   0.0000   0.0000
    6.15    5.37000000   5.3700   2.8658   4.2869   4.4290   0.0000   0.0000
    6.15    5.93600000   5.9360   3.0116   4.3104   4.4210   0.0000   0.0000
    6.15    6.56200000   6.5620   3.1573   4.3340   4.4130   0.0000   0.0000
    6.15    7.25400000   7.2540   3.3023   4.3567   4.4010   0.0000   0.0000
    6.15    8.01800000   8.0180   3.4436   4.3786   4.3900   0.0000   0.0000
    6.15    8.86400000   8.8640   3.5850   4.4004   4.3790   0.0000   0.0000
    6.15    9.79800000   9.7970   3.7217   4.4211   4.3680   0.0000   0.0000
    6.15   10.83100000  10.8300   3.8578   4.4416   4.3570   0.0000   0.0000
    6.15   11.97200000  11.9700   3.9948   4.4621   4.3450   0.0000   0.0000
    6.15   13.23400000  13.2300   4.1249   4.4807   4.3330   0.0000   0.0000
    6.15   14.62900000  14.6210   4.2554   4.4994   4.3210   0.0000   0.0000
    6.15   16.17100000  16.1590   4.3808   4.5166   4.3080   0.0000   0.0000
    6.15   17.87600000  17.8610   4.5048   4.5333   4.2950   0.0000   0.0000
    6.15   19.76000000  19.7400   4.6295   4.5500   4.2810   0.0000   0.0000
    6.15   21.84300000  21.8100   4.7468   4.5649   4.2670   0.0000   0.0000
    6.15   24.14500000  24.0920   4.8636   4.5796   4.2530   0.0000   0.0000
    6.15   26.69000000  26.6060   4.9757   4.5929   4.2380   0.0000   0.0000
    6.15   29.50400000  29.3740   5.0855   4.6054   4.2220   0.0000   0.0000
    6.15   32.61400000  32.4190   5.1938   4.6174   4.2050   0.0000   0.0000
    6.15   36.05100000  35.7640   5.2947   4.6281   4.1900   0.0000   0.0000
    6.15   39.85100000  39.4410   5.3958   4.6386   4.1740   0.0000   0.0000
    6.15   44.05200000  43.4700   5.4878   4.6466   4.1570   0.0000   0.0000
    6.15   48.69500000  47.8890   5.5795   4.6544   4.1380   0.0000   0.0000
    6.15   53.82800000  52.7310   5.6712   4.6619   4.1180   0.0000   0.0000
    6.15   59.50200000  58.0260   5.7630   4.6692   4.0960   0.0000   0.0000
    6.15   65.77300000  63.8250   5.8457   4.6746   4.0760   0.0000   0.0000
    6.15   72.70600000  70.1600   5.9276   4.6795   4.0540   0.0000   0.0000
    6.15   80.37000000  77.0680   6.0096   4.6846   4.0310   0.0000   0.0000
    6.15   88.84100000  84.6120   6.0885   4.6901   4.0130   0.0000   0.0000
    6.15   98.20600000  92.8590   6.1639   4.6958   3.9990   0.0000   0.0000
    6.15  108.55700000 101.8390   6.2394   4.7020   3.9850   0.0000   0.0000
    6.15  120.00000000 111.6040   6.3151   4.7096   3.9770   0.0000   0.0000
# log(age) Mini Mact logl logt logg Composition Phase
    6.20    0.80000000   0.8000  -0.4241   3.7305   4.6400   0.0000   0.0000
    6.20    0.88400000   0.8840  -0.2205   3.7598   4.5970   0.0000   0.0000
    6.20    0.97800000   0.9780  -0.0159   3.7857   4.5400   0.0000   0.0000
    6.20    1.08100000   1.0810   0.1886   3.8090   4.4720   0.0000   0.0000
    6.20    1.19400000   1.1940   0.3668   3.8293   4.4190   0.0000   0.0000
    6.20    1.32000000   1.3200   0.5536   3.8567   4.3850   0.0000   0.0000
    6.20    1.46000000   1.4600   0.7426   3.8962   4.3970   0.0000   0.0000
    6.20    1.61300000   1.6130   0.9278   3.9343   4.4180   0.0000   0.0000
    6.20    1.78300000   1.7830   1.1076   3.9711   4.4510   0.0000   0.0000
    6.20    1.97100000   1.9710   1.2819   4.0079   4.4670   0.0000   0.0000
    6.20    2.17900000   2.1790   1.4515   4.0410   4.4730   0.0000   0.0000
    6.20    2.40900000   2.4090   1.6203   4.0736   4.4770   0.0000   0.0000
    6.20    2.66300000   2.6630   1.7842   4.1034   4.4750   0.0000   0.0000
    6.20    2.94400000   2.9440   1.9451   4.1317   4.4710   0.0000   0.0000
    6.20    3.25400000   3.2540   2.1032   4.1587   4.4640   0.0000   0.0000
    6.20    3.59700000   3.5970   2.2605   4.1855   4.4560   0.0000   0.0000
    6.20    3.97600000   3.9760   2.4179   4.2122   4.4490   0.0000   0.0000
    6.20    4.39500000   4.3950   2.5686   4.2376   4.4430   0.0000   0.0000
    6.20    4.85800000   4.8580   2.7188   4.2628   4.4370   0.0000   0.0000
    6.20    5.37000000   5.3700   2.8658   4.2869   4.4290   0.0000   0.0000
    6.20    5.93600000   5.9360   3.0116   4.3104   4.4210   0.0000   0.0000
    6.20    6.56200000   6.5620   3.1580   4.3338   4.4110   0.0000   0.0000
    6.20    7.25400000   7.2540   3.3033   4.3565   4.3990   0.0000   0.0000
    6.20    8.01800000   8.0180   3.4446   4.3783   4.3880   0.0000   0.0000
    6.20    8.86400000   8.8640   3.5862   4.4001   4.3760   0.0000   0.0000
    6.20    9.79800000   9.7970   3.7233   4.4207   4.3650   0.0000   0.0000
    6.20   10.83100000  10.8290   3.8598   4.4412   4.3530   0.0000   0.0000
    6.20   11.97200000  11.9700   3.9971   4.4617   4.3420   0.0000   0.0000
    6.20   13.23400000  13.2290   4.1278   4.4804   4.3290   0.0000   0.0000
    6.20   14.62900000  14.6200   4.2590   4.4991   4.3160   0.0000   0.0000
    6.20   16.17100000  16.1580   4.3849   4.5163   4.3030   0.0000   0.0000
    6.20   17.87600000  17.8590   4.5094   4.5329   4.2890   0.0000   0.0000
    6.20   19.76000000  19.7380   4.6349   4.5496   4.2740   0.0000   0.0000
    6.20   21.84300000  21.8060   4.7529   4.5644   4.2590   0.0000   0.0000
    6.20   24.14500000  24.0850   4.8705   4.5789   4.2440   0.0000   0.0000
    6.20   26.69000000  26.5940   4.9833   4.5921   4.2270   0.0000   0.0000
    6.20   29.50400000  29.3550   5.0937   4.6044   4.2100   0.0000   0.0000
    6.20   32.61400000  32.3910   5.2027   4.6162   4.1920   0.0000   0.0000
    6.20   36.05100000  35.7220   5.3043   4.6267   4.1750   0.0000   0.0000
    6.20   39.85100000  39.3790   5.4060   4.6368   4.1560   0.0000   0.0000
    6.20   44.05200000  43.3820   5.4985   4.6446   4.1370   0.0000   0.0000
    6.20   48.69500000  47.7650   5.5907   4.6520   4.1160   0.0000   0.0000
    6.20   53.82800000  52.5580   5.6830   4.6592   4.0940   0.0000   0.0000
    6.20   59.50200000  57.7900   5.7754   4.6661   4.0700   0.0000   0.0000
    6.20   65.77300000  63.5070   5.8586   4.6712   4.0460   0.0000   0.0000
    6.20   72.70600000  69.7380   5.9411   4.6764   4.0240   0.0000   0.0000
    6.20   80.37000000  76.5140   6.0237   4.6820   4.0020   0.0000   0.0000
    6.20   88.84100000  83.8920   6.1034   4.6880   3.9840   0.0000   0.0000
    6.20   98.20600000  91.9470   6.1795   4.6950   3.9730   0.0000   0.0000
    6.20  108.55700000 100.6860   6.2558   4.7032   3.9650   0.0000   0.0000
    6.20  120.00000000 110.1570   6.3324   4.7125   3.9620   0.0000   0.0000
# log(age) Mini Mact logl logt logg Composition Phase
    6.25    0.80000000   0.8000  -0.4240   3.7305   4.6400   0.0000   0.0000
    6.25    0.88400000   0.8840  -0.2204   3.7598   4.5970   0.0000   0.0000
    6.25    0.97800000   0.9780  -0.0159   3.7857   4.5400   0.0000   0.0000
    6.25    1.08100000   1.0810   0.1886   3.8090   4.4720   0.0000   0.0000
    6.25    1.19400000   1.1940   0.3669   3.8293   4.4180   0.0000   0.0000
    6.25    1.32000000   1.3200   0.5536   3.8567   4.3850   0.0000   0.0000
    6.25    1.46000000   1.4600   0.7426   3.8962   4.3970   0.0000   0.0000
    6.25    1.61300000   1.6130   0.9279   3.9343   4.4180   0.0000   0.0000
    6.25    1.78300000   1.7830   1.1076   3.9711   4.4510   0.0000   0.0000
    6.25    1.97100000   1.9710   1.2819   4.0079   4.4670   0.0000   0.0000
    6.25    2.17900000   2.1790   1.4515   4.0410   4.4730   0.0000   0.0000
    6.25    2.40900000   2.4090   1.6203   4.0736   4.4770   0.0000   0.0000
    6.25    2.66300000   2.6630   1.7842   4.1034   4.4750   0.0000   0.0000
    6.25    2.94400000   2.9440   1.9451   4.1317   4.4710   0.0000   0.0000
    6.25    3.25400000   3.2540   2.1032   4.1587   4.4640   0.0000   0.0000
    6.25    3.59700000   3.5970   2.2605   4.1855   4.4560   0.0000   0.0000
    6.25    3.97600000   3.9760   2.4179   4.2122   4.4490   0.0000   0.0000
    6.25    4.39500000   4.3950   2.5686   4.2376   4.4430   0.0000   0.0000
    6.25    4.85800000   4.8580   2.7188   4.2628   4.4370   0.0000   0.0000
    6.25    5.37000000   5.3700   2.8659   4.2869   4.4290   0.0000   0.0000
    6.25    5.93600000   5.9360   3.0116   4.3104   4.4210   0.0000   0.0000
    6.25    6.56200000   6.5620   3.1589   4.3336   4.4090   0.0000   0.0000
    6.25    7.25400000   7.2540   3.3042   4.3562   4.3970   0.0000   0.0000
    6.25    8.01800000   8.0180   3.4455   4.3780   4.3850   0.0000   0.0000
    6.25    8.86400000   8.8640   3.5878   4.3997   4.3730   0.0000   0.0000
    6.25    9.79800000   9.7970   3.7249   4.4204   4.3620   0.0000   0.0000
    6.25   10.83100000  10.8290   3.8621   4.4408   4.3500   0.0000   0.0000
    6.25   11.97200000  11.9700   4.0000   4.4614   4.3370   0.0000   0.0000
    6.25   13.23400000  13.2280   4.1312   4.4801   4.3240   0.0000   0.0000
    6.25   14.62900000  14.6180   4.2629   4.4987   4.3110   0.0000   0.0000
    6.25   16.17100000  16.1560   4.3894   4.5159   4.2970   0.0000   0.0000
    6.25   17.87600000  17.8560   4.5148   4.5325   4.2820   0.0000   0.0000
    6.25   19.76000000  19.7350   4.6410   4.5491   4.2660   0.0000   0.0000
    6.25   21.84300000  21.8000   4.7598   4.5638   4.2500   0.0000   0.0000
    6.25   24.14500000  24.0770   4.8783   4.5782   4.2330   0.0000   0.0000
    6.25   26.69000000  26.5810   4.9920   4.5912   4.2150   0.0000   0.0000
    6.25   29.50400000  29.3340   5.1032   4.6032   4.1960   0.0000   0.0000
    6.25   32.61400000  32.3580   5.2130   4.6148   4.1760   0.0000   0.0000
    6.25   36.05100000  35.6720   5.3152   4.6249   4.1570   0.0000   0.0000
    6.25   39.85100000  39.3060   5.4177   4.6347   4.1360   0.0000   0.0000
    6.25   44.05200000  43.2770   5.5108   4.6421   4.1140   0.0000   0.0000
    6.25   48.69500000  47.6150   5.6037   4.6492   4.0910   0.0000   0.0000
    6.25   53.82800000  52.3490   5.6966   4.6559   4.0650   0.0000   0.0000
    6.25   59.50200000  57.5030   5.7898   4.6624   4.0380   0.0000   0.0000
    6.25   65.77300000  63.1220   5.8738   4.6678   4.0150   0.0000   0.0000
    6.25   72.70600000  69.2250   5.9570   4.6732   3.9900   0.0000   0.0000
    6.25   80.37000000  75.8340   6.0406   4.6794   3.9690   0.0000   0.0000
    6.25   88.84100000  83.0110   6.1213   4.6867   3.9530   0.0000   0.0000
    6.25   98.20600000  90.8260   6.1984   4.6956   3.9470   0.0000   0.0000
    6.25  108.55700000  99.2730   6.2760   4.7058   3.9460   0.0000   0.0000
    6.25  120.00000000 108.3750   6.3546   4.7179   3.9510   0.0000   0.0000
# log(age) Mini Mact logl logt logg Composition Phase
    6.30    0.80000000   0.8000  -0.4240   3.7305   4.6400   0.0000   0.0000
    6.30    0.88400000   0.8840  -0.2204   3.7598   4.5970   0.0000   0.0000
    6.30    0.97800000   0.9780  -0.0159   3.7857   4.5400   0.0000   0.0000
    6.30    1.08100000   1.0810   0.1886   3.8090   4.4720   0.0000   0.0000
    6.30    1.19400000   1.1940   0.3669   3.8293   4.4180   0.0000   0.0000
    6.30    1.32000000   1.3200   0.5536   3.8567   4.3850   0.0000   0.0000
    6.30    1.46000000   1.4600   0.7426   3.8962   4.3970   0.0000   0.0000
    6.30    1.61300000   1.6130   0.9279   3.9343   4.4180   0.0000   0.0000
    6.30    1.78300000   1.7830   1.1076   3.9712   4.4510   0.0000   0.0000
    6.30    1.97100000   1.9710   1.2819   4.0079   4.4670   0.0000   0.0000
    6.30    2.17900000   2.1790   1.4515   4.0410   4.4730   0.0000   0.0000
    6.30    2.40900000   2.4090   1.6203   4.0736   4.4770   0.0000   0.0000
    6.30    2.66300000   2.6630   1.7842   4.1034   4.4750   0.0000   0.0000
    6.30    2.94400000   2.9440   1.9451   4.1317   4.4700   0.0000   0.0000
    6.30    3.25400000   3.2540   2.1032   4.1587   4.4640   0.0000   0.0000
    6.30    3.59700000   3.5970   2.2605   4.1855   4.4560   0.0000   0.0000
    6.30    3.97600000   3.9760   2.4179   4.2122   4.4490   0.0000   0.0000
    6.30    4.39500000   4.3950   2.5686   4.2376   4.4430   0.0000   0.0000
    6.30    4.85800000   4.8580   2.7188   4.2628   4.4370   0.0000   0.0000
    6.30    5.37000000   5.3700   2.8659   4.2869   4.4290   0.0000   0.0000
    6.30    5.93600000   5.9360   3.0124   4.3102   4.4190   0.0000   0.0000
    6.30    6.56200000   6.5620   3.1598   4.3333   4.4060   0.0000   0.0000
    6.30    7.25400000   7.2540   3.3051   4.3559   4.3940   0.0000   0.0000
    6.30    8.01800000   8.0180   3.4469   4.3777   4.3820   0.0000   0.0000
    6.30    8.86400000   8.8630   3.5894   4.3994   4.3700   0.0000   0.0000
    6.30    9.79800000   9.7970   3.7271   4.4200   4.3580   0.0000   0.0000
    6.30   10.83100000  10.8290   3.8646   4.4405   4.3460   0.0000   0.0000
    6.30   11.97200000  11.9690   4.0031   4.4610   4.3330   0.0000   0.0000
    6.30   13.23400000  13.2280   4.1349   4.4797   4.3190   0.0000   0.0000
    6.30   14.62900000  14.6170   4.2673   4.4984   4.3050   0.0000   0.0000
    6.30   16.17100000  16.1540   4.3946   4.5155   4.2900   0.0000   0.0000
    6.30   17.87600000  17.8540   4.5208   4.5321   4.2740   0.0000   0.0000
    6.30   19.76000000  19.7310   4.6481   4.5485   4.2570   0.0000   0.0000
    6.30   21.84300000  21.7950   4.7679   4.5632   4.2400   0.0000   0.0000
    6.30   24.14500000  24.0670   4.8873   4.5773   4.2210   0.0000   0.0000
    6.30   26.69000000  26.5650   5.0020   4.5900   4.2000   0.0000   0.0000
    6.30   29.50400000  29.3080   5.1141   4.6018   4.1790   0.0000   0.0000
    6.30   32.61400000  32.3190   5.2249   4.6130   4.1560   0.0000   0.0000
    6.30   36.05100000  35.6130   5.3279   4.6227   4.1350   0.0000   0.0000
    6.30   39.85100000  39.2190   5.4313   4.6321   4.1110   0.0000   0.0000
    6.30   44.05200000  43.1490   5.5251   4.6391   4.0870   0.0000   0.0000
    6.30   48.69500000  47.4340   5.6188   4.6457   4.0600   0.0000   0.0000
    6.30   53.82800000  52.0960   5.7126   4.6522   4.0320   0.0000   0.0000
    6.30   59.50200000  57.1520   5.8068   4.6583   4.0000   0.0000   0.0000
    6.30   65.77300000  62.6470   5.8917   4.6639   3.9750   0.0000   0.0000
    6.30   72.70600000  68.5890   5.9761   4.6702   3.9530   0.0000   0.0000
    6.30   80.37000000  74.9900   6.0609   4.6778   3.9330   0.0000   0.0000
    6.30   88.84100000  81.9130   6.1430   4.6872   3.9230   0.0000   0.0000
    6.30   98.20600000  89.4300   6.2218   4.6990   3.9270   0.0000   0.0000
    6.30  108.55700000  97.5060   6.3012   4.7126   3.9370   0.0000   0.0000
    6.30  120.00000000 106.1530   6.3817   4.7295   3.9580   0.0000   0.0000
# log(age) Mini Mact logl logt logg Composition Phase
    6.35    0.80000000   0.8000  -0.4240   3.7305   4.6400   0.0000   0.0000
    6.35    0.88400000   0.8840  -0.2204   3.7598   4.5970   0.0000   0.0000
    6.35    0.97800000   0.9780  -0.0158   3.7857   4.5400   0.0000   0.0000
    6.35    1.08100000   1.0810   0.1886   3.8090   4.4720   0.0000   0.0000
    6.35    1.19400000   1.1940   0.3669   3.8293   4.4180   0.0000   0.0000
    6.35    1.32000000   1.3200   0.5536   3.8567   4.3850   0.0000   0.0000
    6.35    1.46000000   1.4600   0.7427   3.8962   4.3970   0.0000   0.0000
    6.35    1.61300000   1.6130   0.9279   3.9343   4.4180   0.0000   0.0000
    6.35    1.78300000   1.7830   1.1077   3.9712   4.4510   0.0000   0.0000
    6.35    1.97100000   1.9710   1.2819   4.0079   4.4670   0.0000   0.0000
    6.35    2.17900000   2.1790   1.4515   4.0410   4.4730   0.0000   0.0000
    6.35    2.40900000   2.4090   1.6203   4.0736   4.4770   0.0000   0.0000
    6.35    2.66300000   2.6630   1.7842   4.1034   4.4750   0.0000   0.0000
    6.35    2.94400000   2.9440   1.9451   4.1317   4.4700   0.0000   0.0000
    6.35    3.25400000   3.2540   2.1032   4.1587   4.4640   0.0000   0.0000
    6.35    3.59700000   3.5970   2.2606   4.1855   4.4560   0.0000   0.0000
    6.35    3.97600000   3.9760   2.4180   4.2122   4.4490   0.0000   0.0000
    6.35    4.39500000   4.3950   2.5686   4.2375   4.4430   0.0000   0.0000
    6.35    4.85800000   4.8580   2.7189   4.2628   4.4370   0.0000   0.0000
    6.35    5.37000000   5.3700   2.8659   4.2868   4.4290   0.0000   0.0000
    6.35    5.93600000   5.9360   3.0133   4.3100   4.4170   0.0000   0.0000
    6.35    6.56200000   6.5620   3.1608   4.3330   4.4040   0.0000   0.0000
    6.35    7.25400000   7.2540   3.3061   4.3557   4.3920   0.0000   0.0000
    6.35    8.01800000   8.0180   3.4485   4.3774   4.3790   0.0000   0.0000
    6.35    8.86400000   8.8630   3.5912   4.3990   4.3660   0.0000   0.0000
    6.35    9.79800000   9.7970   3.7293   4.4196   4.3540   0.0000   0.0000
    6.35   10.83100000  10.8290   3.8675   4.4401   4.3420   0.0000   0.0000
    6.35   11.97200000  11.9690   4.0068   4.4607   4.3280   0.0000   0.0000
    6.35   13.23400000  13.2270   4.1391   4.4794   4.3140   0.0000   0.0000
    6.35   14.62900000  14.6160   4.2724   4.4980   4.2980   0.0000   0.0000
    6.35   16.17100000  16.1520   4.4006   4.5151   4.2830   0.0000   0.0000
    6.35   17.87600000  17.8510   4.5277   4.5316   4.2660   0.0000   0.0000
    6.35   19.76000000  19.7270   4.6562   4.5479   4.2470   0.0000   0.0000
    6.35   21.84300000  21.7880   4.7771   4.5623   4.2270   0.0000   0.0000
    6.35   24.14500000  24.0560   4.8978   4.5763   4.2060   0.0000   0.0000
    6.35   26.69000000  26.5460   5.0135   4.5887   4.1840   0.0000   0.0000
    6.35   29.50400000  29.2780   5.1267   4.6000   4.1590   0.0000   0.0000
    6.35   32.61400000  32.2720   5.2386   4.6108   4.1340   0.0000   0.0000
    6.35   36.05100000  35.5410   5.3426   4.6201   4.1090   0.0000   0.0000
    6.35   39.85100000  39.1130   5.4470   4.6289   4.0820   0.0000   0.0000
    6.35   44.05200000  42.9940   5.5418   4.6354   4.0540   0.0000   0.0000
    6.35   48.69500000  47.2110   5.6365   4.6415   4.0230   0.0000   0.0000
    6.35   53.82800000  51.7820   5.7315   4.6476   3.9910   0.0000   0.0000
    6.35   59.50200000  56.7140   5.8270   4.6536   3.9570   0.0000   0.0000
    6.35   65.77300000  62.0520   5.9132   4.6602   3.9320   0.0000   0.0000
    6.35   72.70600000  67.7900   5.9990   4.6682   3.9130   0.0000   0.0000
    6.35   80.37000000  73.9250   6.0854   4.6782   3.9000   0.0000   0.0000
    6.35   88.84100000  80.5240   6.1694   4.6914   3.9020   0.0000   0.0000
    6.35   98.20600000  87.6650   6.2504   4.7073   3.9190   0.0000   0.0000
    6.35  108.55700000  95.2790   6.3324   4.7258   3.9450   0.0000   0.0000
    6.35  120.00000000 103.3650   6.4154   4.7462   3.9780   0.0000   9.0000
# log(age) Mini Mact logl logt logg Composition Phase
    6.40    0.80000000   0.8000  -0.4240   3.7305   4.6400   0.0000   0.0000
    6.40    0.88400000   0.8840  -0.2204   3.7598   4.5970   0.0000   0.0000
    6.40    0.97800000   0.9780  -0.0158   3.7857   4.5400   0.0000   0.0000
    6.40    1.08100000   1.0810   0.1887   3.8090   4.4720   0.0000   0.0000
    6.40    1.19400000   1.1940   0.3669   3.8293   4.4180   0.0000   0.0000
    6.40    1.32000000   1.3200   0.5536   3.8567   4.3850   0.0000   0.0000
    6.40    1.46000000   1.4600   0.7427   3.8962   4.3970   0.0000   0.0000
    6.40    1.61300000   1.6130   0.9279   3.9343   4.4180   0.0000   0.0000
    6.40    1.78300000   1.7830   1.1077   3.9712   4.4510   0.0000   0.0000
    6.40    1.97100000   1.9710   1.2819   4.0079   4.4670   0.0000   0.0000
    6.40    2.17900000   2.1790   1.4515   4.0410   4.4730   0.0000   0.0000
    6.40    2.40900000   2.4090   1.6203   4.0735   4.4760   0.0000   0.0000
    6.40    2.66300000   2.6630   1.7842   4.1034   4.4750   0.0000   0.0000
    6.40    2.94400000   2.9440   1.9451   4.1317   4.4700   0.0000   0.0000
    6.40    3.25400000   3.2540   2.1032   4.1587   4.4630   0.0000   0.0000
    6.40    3.59700000   3.5970   2.2606   4.1854   4.4560   0.0000   0.0000
    6.40    3.97600000   3.9760   2.4180   4.2122   4.4490   0.0000   0.0000
    6.40    4.39500000   4.3950   2.5686   4.2375   4.4430   0.0000   0.0000
    6.40    4.85800000   4.8580   2.7189   4.2628   4.4370   0.0000   0.0000
    6.40    5.37000000   5.3700   2.8667   4.2866   4.4270   0.0000   0.0000
    6.40    5.93600000   5.9360   3.0142   4.3097   4.4140   0.0000   0.0000
    6.40    6.56200000   6.5620   3.1617   4.3328   4.4020   0.0000   0.0000
    6.40    7.25400000   7.2540   3.3077   4.3553   4.3890   0.0000   0.0000
    6.40    8.01800000   8.0180   3.4501   4.3770   4.3760   0.0000   0.0000
    6.40    8.86400000   8.8630   3.5934   4.3986   4.3630   0.0000   0.0000
    6.40    9.79800000   9.7970   3.7321   4.4193   4.3500   0.0000   0.0000
    6.40   10.83100000  10.8290   3.8709   4.4398   4.3370   0.0000   0.0000
    6.40   11.97200000  11.9680   4.0109   4.4603   4.3220   0.0000   0.0000
    6.40   13.23400000  13.2260   4.1441   4.4790   4.3070   0.0000   0.0000
    6.40   14.62900000  14.6140   4.2783   4.4976   4.2910   0.0000   0.0000
    6.40   16.17100000  16.1500   4.4074   4.5146   4.2740   0.0000   0.0000
    6.40   17.87600000  17.8480   4.5357   4.5310   4.2560   0.0000   0.0000
    6.40   19.76000000  19.7230   4.6656   4.5471   4.2340   0.0000   0.0000
    6.40   21.84300000  21.7800   4.7878   4.5613   4.2130   0.0000   0.0000
    6.40   24.14500000  24.0420   4.9099   4.5749   4.1890   0.0000   0.0000
    6.40   26.69000000  26.5230   5.0269   4.5869   4.1630   0.0000   0.0000
    6.40   29.50400000  29.2410   5.1413   4.5979   4.1360   0.0000   0.0000
    6.40   32.61400000  32.2160   5.2545   4.6080   4.1070   0.0000   0.0000
    6.40   36.05100000  35.4540   5.3597   4.6167   4.0780   0.0000   0.0000
    6.40   39.85100000  38.9830   5.4655   4.6246   4.0450   0.0000   0.0000
    6.40   44.05200000  42.8020   5.5615   4.6307   4.0130   0.0000   0.0000
    6.40   48.69500000  46.9350   5.6575   4.6366   3.9790   0.0000   0.0000
    6.40   53.82800000  51.3880   5.7541   4.6425   3.9430   0.0000   0.0000
    6.40   59.50200000  56.1620   5.8513   4.6489   3.9070   0.0000   0.0000
    6.40   65.77300000  61.2970   5.9392   4.6574   3.8860   0.0000   0.0000
    6.40   72.70600000  66.7690   6.0269   4.6684   3.8750   0.0000   0.0000
    6.40   80.37000000  72.5540   6.1155   4.6832   3.8770   0.0000   0.0000
    6.40   88.84100000  78.7290   6.2021   4.7013   3.8950   0.0000   0.0000
    6.40   98.20600000  85.3930   6.2860   4.7212   3.9240   0.0000   0.0000
    6.40  108.55700000  92.4260   6.3710   4.7442   3.9650   0.0000   9.0000
    6.40  120.00000000  99.8110   6.4569   4.5968   4.0010   0.0000   9.0000
# log(age) Mini Mact logl logt logg Composition Phase
    6.45    0.80000000   0.8000  -0.4239   3.7305   4.6400   0.0000   0.0000
    6.45    0.88400000   0.8840  -0.2203   3.7598   4.5970   0.0000   0.0000
    6.45    0.97800000   0.9780  -0.0158   3.7857   4.5400   0.0000   0.0000
    6.45    1.08100000   1.0810   0.1887   3.8090   4.4720   0.0000   0.0000
    6.45    1.19400000   1.1940   0.3670   3.8293   4.4180   0.0000   0.0000
    6.45    1.32000000   1.3200   0.5537   3.8567   4.3850   0.0000   0.0000
    6.45    1.46000000   1.4600   0.7427   3.8962   4.3970   0.0000   0.0000
    6.45    1.61300000   1.6130   0.9279   3.9343   4.4180   0.0000   0.0000
    6.45    1.78300000   1.7830   1.1077   3.9712   4.4510   0.0000   0.0000
    6.45    1.97100000   1.9710   1.2819   4.0079   4.4670   0.0000   0.0000
    6.45    2.17900000   2.1790   1.4515   4.0410   4.4730   0.0000   0.0000
    6.45    2.40900000   2.4090   1.6203   4.0735   4.4760   0.0000   0.0000
    6.45    2.66300000   2.6630   1.7842   4.1034   4.4750   0.0000   0.0000
    6.45    2.94400000   2.9440   1.9451   4.1317   4.4700   0.0000   0.0000
    6.45    3.25400000   3.2540   2.1032   4.1587   4.4630   0.0000   0.0000
    6.45    3.59700000   3.5970   2.2606   4.1854   4.4560   0.0000   0.0000
    6.45    3.97600000   3.9760   2.4180   4.2122   4.4490   0.0000   0.0000
    6.45    4.39500000   4.3950   2.5687   4.2375   4.4430   0.0000   0.0000
    6.45    4.85800000   4.8580   2.7189   4.2628   4.4360   0.0000   0.0000
    6.45    5.37000000   5.3700   2.8676   4.2864   4.4240   0.0000   0.0000
    6.45    5.93600000   5.9360   3.0151   4.3095   4.4120   0.0000   0.0000
    6.45    6.56200000   6.5620   3.1627   4.3325   4.3990   0.0000   0.0000
    6.45    7.25400000   7.2540   3.3092   4.3550   4.3860   0.0000   0.0000
    6.45    8.01800000   8.0180   3.4520   4.3766   4.3730   0.0000   0.0000
    6.45    8.86400000   8.8630   3.5956   4.3982   4.3590   0.0000   0.0000
    6.45    9.79800000   9.7970   3.7350   4.4189   4.3460   0.0000   0.0000
    6.45   10.83100000  10.8280   3.8746   4.4394   4.3320   0.0000   0.0000
    6.45   11.97200000  11.9680   4.0156   4.4599   4.3160   0.0000   0.0000
    6.45   13.23400000  13.2250   4.1497   4.4786   4.3000   0.0000   0.0000
    6.45   14.62900000  14.6120   4.2850   4.4971   4.2830   0.0000   0.0000
    6.45   16.17100000  16.1470   4.4152   4.5141   4.2640   0.0000   0.0000
    6.45   17.87600000  17.8440   4.5449   4.5302   4.2440   0.0000   0.0000
    6.45   19.76000000  19.7170   4.6765   4.5461   4.2200   0.0000   0.0000
    6.45   21.84300000  21.7700   4.8001   4.5599   4.1950   0.0000   0.0000
    6.45   24.14500000  24.0260   4.9239   4.5732   4.1680   0.0000   0.0000
    6.45   26.69000000  26.4960   5.0425   4.5847   4.1390   0.0000   0.0000
    6.45   29.50400000  29.1970   5.1583   4.5950   4.1080   0.0000   0.0000
    6.45   32.61400000  32.1460   5.2731   4.6044   4.0740   0.0000   0.0000
    6.45   36.05100000  35.3460   5.3798   4.6124   4.0400   0.0000   0.0000
    6.45   39.85100000  38.8210   5.4873   4.6196   4.0020   0.0000   0.0000
    6.45   44.05200000  42.5610   5.5848   4.6250   3.9640   0.0000   0.0000
    6.45   48.69500000  46.5830   5.6826   4.6306   3.9250   0.0000   0.0000
    6.45   53.82800000  50.8840   5.7811   4.6371   3.8870   0.0000   0.0000
    6.45   59.50200000  55.4480   5.8807   4.6446   3.8490   0.0000   0.0000
    6.45   65.77300000  60.3160   5.9709   4.6569   3.8400   0.0000   0.0000
    6.45   72.70600000  65.4320   6.0612   4.6731   3.8450   0.0000   0.0000
    6.45   80.37000000  70.7440   6.1525   4.6941   3.8690   0.0000   0.0000
    6.45   88.84100000  76.3540   6.2426   4.7060   3.9070   0.0000   0.0000
    6.45   98.20600000  82.4010   6.3306   4.6696   3.9430   0.0000   9.0000
    6.45  108.55700000  88.6650   6.4202   4.6390   3.9740   0.0000   9.0000
    6.45  120.00000000  95.0860   6.5078   4.6026   3.9940   0.0000   9.0000
# log(age) Mini Mact logl logt logg Composition Phase
    6.50    0.80000000   0.8000  -0.4239   3.7305   4.6400   0.0000   0.0000
    6.50    0.88400000   0.8840  -0.2203   3.7598   4.5970   0.0000   0.0000
    6.50    0.97800000   0.9780  -0.0157   3.7857   4.5400   0.0000   0.0000
    6.50    1.08100000   1.0810   0.1887   3.8090   4.4720   0.0000   0.0000
    6.50    1.19400000   1.1940   0.3670   3.8293   4.4180   0.0000   0.0000
    6.50    1.32000000   1.3200   0.5537   3.8567   4.3850   0.0000   0.0000
    6.50    1.46000000   1.4600   0.7427   3.8962   4.3970   0.0000   0.0000
    6.50    1.61300000   1.6130   0.9280   3.9343   4.4180   0.0000   0.0000
    6.50    1.78300000   1.7830   1.1077   3.9712   4.4510   0.0000   0.0000
    6.50    1.97100000   1.9710   1.2819   4.0079   4.4670   0.0000   0.0000
    6.50    2.17900000   2.1790   1.4515   4.0410   4.4730   0.0000   0.0000
    6.50    2.40900000   2.4090   1.6203   4.0735   4.4760   0.0000   0.0000
    6.50    2.66300000   2.6630   1.7842   4.1034   4.4750   0.0000   0.0000
    6.50    2.94400000   2.9440   1.9451   4.1317   4.4700   0.0000   0.0000
    6.50    3.25400000   3.2540   2.1032   4.1587   4.4630   0.0000   0.0000
    6.50    3.59700000   3.5970   2.2606   4.1854   4.4560   0.0000   0.0000
    6.50    3.97600000   3.9760   2.4180   4.2122   4.4490   0.0000   0.0000
    6.50    4.39500000   4.3950   2.5687   4.2375   4.4420   0.0000   0.0000
    6.50    4.85800000   4.8580   2.7198   4.2625   4.4340   0.0000   0.0000
    6.50    5.37000000   5.3700   2.8685   4.2861   4.4220   0.0000   0.0000
    6.50    5.93600000   5.9360   3.0160   4.3092   4.4100   0.0000   0.0000
    6.50    6.56200000   6.5620   3.1643   4.3322   4.3960   0.0000   0.0000
    6.50    7.25400000   7.2540   3.3108   4.3546   4.3820   0.0000   0.0000
    6.50    8.01800000   8.0180   3.4542   4.3762   4.3690   0.0000   0.0000
    6.50    8.86400000   8.8630   3.5986   4.3979   4.3540   0.0000   0.0000
    6.50    9.79800000   9.7970   3.7386   4.4186   4.3410   0.0000   0.0000
    6.50   10.83100000  10.8280   3.8788   4.4391   4.3260   0.0000   0.0000
    6.50   11.97200000  11.9670   4.0210   4.4596   4.3090   0.0000   0.0000
    6.50   13.23400000  13.2240   4.1560   4.4781   4.2920   0.0000   0.0000
    6.50   14.62900000  14.6100   4.2925   4.4966   4.2730   0.0000   0.0000
    6.50   16.17100000  16.1430   4.4243   4.5134   4.2530   0.0000   0.0000
    6.50   17.87600000  17.8390   4.5556   4.5294   4.2300   0.0000   0.0000
    6.50   19.76000000  19.7110   4.6890   4.5448   4.2020   0.0000   0.0000
    6.50   21.84300000  21.7590   4.8145   4.5583   4.1750   0.0000   0.0000
    6.50   24.14500000  24.0070   4.9402   4.5709   4.1430   0.0000   0.0000
    6.50   26.69000000  26.4630   5.0605   4.5818   4.1100   0.0000   0.0000
    6.50   29.50400000  29.1430   5.1782   4.5913   4.0730   0.0000   0.0000
    6.50   32.61400000  32.0610   5.2948   4.6000   4.0340   0.0000   0.0000
    6.50   36.05100000  35.2120   5.4035   4.6068   3.9930   0.0000   0.0000
    6.50   39.85100000  38.6170   5.5133   4.6128   3.9460   0.0000   0.0000
    6.50   44.05200000  42.2520   5.6128   4.6179   3.9030   0.0000   0.0000
    6.50   48.69500000  46.1280   5.7129   4.6240   3.8610   0.0000   0.0000
    6.50   53.82800000  50.2240   5.8140   4.6319   3.8230   0.0000   0.0000
    6.50   59.50200000  54.4990   5.9165   4.6431   3.7940   0.0000   0.0000
    6.50   65.77300000  58.9990   6.0097   4.6613   3.8040   0.0000   0.0000
    6.50   72.70600000  63.6230   6.1036   4.6848   3.8330   0.0000   0.0000
    6.50   80.37000000  68.2740   6.2011   4.7135   3.8800   0.0000   9.0000
    6.50   88.84100000  73.0780   6.3029   4.5862   3.9240   0.0000   9.0000
    6.50   98.20600000  78.2240   6.3983   4.6072   3.9900   0.0000   9.0000
    6.50  108.55700000  83.3480   6.4949   4.6101   3.9900   0.0000   9.0000
    6.50  115.23700000  85.5650   6.5531   4.6224   4.1210   0.0000   9.0000
    6.50  115.28500000  85.5650   6.5532   4.6250   4.1270   0.0000   9.0000
    6.50  115.33300000  85.5650   6.5534   4.6272   4.1320   0.0000   9.0000
    6.50  115.38100000  85.5650   6.5536   4.6294   4.1370   0.0000   9.0000
    6.50  115.42900000  85.5680   6.5538   4.6317   4.1430   0.0000   9.0000
    6.50  115.47800000  85.5710   6.5539   4.6344   4.1490   0.0000   9.0000
    6.50  115.52600000  85.5760   6.5541   4.6370   4.1550   0.0000   9.0000
    6.50  115.57400000  85.5810   6.5543   4.6397   4.1600   0.0000   9.0000
    6.50  115.62200000  85.5890   6.5544   4.6434   4.1690   0.0000   9.0000
    6.50  115.67100000  85.5970   6.5545   4.6471   4.1780   0.0000   9.0000
    6.50  115.71900000  85.6070   6.5547   4.6508   4.1860   0.0000   9.0000
    6.50  115.76700000  85.6170   6.5548   4.6549   4.1960   0.0000   9.0000
    6.50  115.81600000  85.6310   6.5548   4.6600   4.2080   0.0000   9.0000
    6.50  115.86400000  85.6450   6.5549   4.6652   4.2200   0.0000   9.0000
    6.50  115.91200000  85.6600   6.5549   4.6703   4.2320   0.0000   9.0000
    6.50  115.96100000  85.6750   6.5550   4.6754   4.2440   0.0000   9.0000
    6.50  116.00900000  85.6940   6.5570   4.7011   4.3020   0.0000   9.0000
    6.50  116.05800000  85.7140   6.5593   4.7301   4.3690   0.0000   9.0000
    6.50  116.10600000  85.7340   6.5616   4.7591   4.4350   0.0000   9.0000
    6.50  116.15500000  85.7550   6.5639   4.7882   4.5010   0.0000   9.0000
    6.50  116.20300000  85.7770   6.5662   4.8173   4.5670   0.0000   9.0000
    6.50  116.25200000  85.7980   6.5686   4.8465   4.6330   0.0000   9.0000
    6.50  116.30000000  85.8210   6.5709   4.8757   4.6990   0.0000   9.0000
    6.50  116.34900000  85.8440   6.5732   4.9049   4.7650   0.0000   9.0000
    6.50  116.39700000  85.7780   6.5783   4.3390   4.8280   0.0000   0.0000
    6.50  116.44600000  85.4170   6.5798   4.3407   4.8550   0.0000   0.0000
    6.50  116.49500000  85.0560   6.5769   4.3429   4.8750   0.0000   0.0000
    6.50  116.54300000  84.6980   6.5736   4.3452   4.8960   0.0000   0.0000
    6.50  116.59200000  84.3420   6.5716   4.3451   4.8950   0.0000   0.0000
    6.50  116.64100000  83.9860   6.5695   4.3452   4.8960   0.0000   0.0000
    6.50  116.68900000  83.6310   6.5673   4.3454   4.8980   0.0000   0.0000
    6.50  116.73800000  83.2760   6.5651   4.3456   4.8990   0.0000   0.0000
    6.50  116.78700000  82.9230   6.5629   4.3458   4.9010   0.0000   0.0000
    6.50  116.83600000  82.5710   6.5607   4.3460   4.9020   0.0000   0.0000
    6.50  116.88400000  82.2200   6.5585   4.3462   4.9040   0.0000   0.0000
    6.50  116.93300000  81.8710   6.5563   4.3464   4.9050   0.0000   0.0000
    6.50  116.98200000  81.5220   6.5540   4.3466   4.9070   0.0000   0.0000
    6.50  117.03100000  81.1840   6.5519   4.3468   4.9020   0.0000   0.0000
    6.50  117.08000000  80.8480   6.5498   4.3470   4.8950   0.0000   0.0000
    6.50  117.12900000  80.5140   6.5476   4.3472   4.8880   0.0000   0.0000
    6.50  117.17800000  80.1810   6.5455   4.3475   4.8810   0.0000   0.0000
    6.50  117.22700000  79.8490   6.5433   4.3477   4.8750   0.0000   0.0000
    6.50  117.27600000  79.5180   6.5412   4.3479   4.8680   0.0000   0.0000
    6.50  117.32500000  79.1880   6.5390   4.3481   4.8610   0.0000   0.0000
    6.50  117.37400000  78.8640   6.5368   4.3482   4.8510   0.0000   0.0000
    6.50  117.42300000  78.5510   6.5346   4.3479   4.8360   0.0000   0.0000
    6.50  117.47200000  78.2390   6.5324   4.3477   4.8200   0.0000   0.0000
    6.50  117.52100000  77.9280   6.5302   4.3475   4.8040   0.0000   0.0000
    6.50  117.57000000  77.6180   6.5280   4.3473   4.7890   0.0000   0.0000
    6.50  117.61900000  77.3080   6.5257   4.3471   4.7730   0.0000   0.0000
    6.50  117.66800000  77.0000   6.5235   4.3469   4.7580   0.0000   0.0000
    6.50  117.71700000  76.6930   6.5213   4.3467   4.7420   0.0000   0.0000
    6.50  117.76600000  76.4070   6.5192   4.3425   4.6890   0.0000   0.0000
    6.50  120.00000000  71.5210   6.4906   4.2102   2.7000   0.0000   0.0000
# log(age) Mini Mact logl logt logg Composition Phase
    6.55    0.80000000   0.8000  -0.4239   3.7305   4.6400   0.0000   0.0000
    6.55    0.88400000   0.8840  -0.2203   3.7598   4.5970   0.0000   0.0000
    6.55    0.97800000   0.9780  -0.0157   3.7857   4.5400   0.0000   0.0000
    6.55    1.08100000   1.0810   0.1887   3.8090   4.4720   0.0000   0.0000
    6.55    1.19400000   1.1940   0.3670   3.8293   4.4180   0.0000   0.0000
    6.55    1.32000000   1.3200   0.5537   3.8567   4.3850   0.0000   0.0000
    6.55    1.46000000   1.4600   0.7427   3.8962   4.3970   0.0000   0.0000
    6.55    1.61300000   1.6130   0.9280   3.9343   4.4180   0.0000   0.0000
    6.55    1.78300000   1.7830   1.1077   3.9712   4.4510   0.0000   0.0000
    6.55    1.97100000   1.9710   1.2819   4.0079   4.4670   0.0000   0.0000
    6.55    2.17900000   2.1790   1.4514   4.0410   4.4720   0.0000   0.0000
    6.55    2.40900000   2.4090   1.6203   4.0735   4.4760   0.0000   0.0000
    6.55    2.66300000   2.6630   1.7842   4.1034   4.4750   0.0000   0.0000
    6.55    2.94400000   2.9440   1.9451   4.1316   4.4700   0.0000   0.0000
    6.55    3.25400000   3.2540   2.1032   4.1587   4.4630   0.0000   0.0000
    6.55    3.59700000   3.5970   2.2606   4.1854   4.4560   0.0000   0.0000
    6.55    3.97600000   3.9760   2.4180   4.2122   4.4480   0.0000   0.0000
    6.55    4.39500000   4.3950   2.5688   4.2375   4.4420   0.0000   0.0000
    6.55    4.85800000   4.8580   2.7207   4.2623   4.4320   0.0000   0.0000
    6.55    5.37000000   5.3700   2.8694   4.2859   4.4200   0.0000   0.0000
    6.55    5.93600000   5.9360   3.0171   4.3089   4.4070   0.0000   0.0000
    6.55    6.56200000   6.5620   3.1659   4.3318   4.3930   0.0000   0.0000
    6.55    7.25400000   7.2540   3.3129   4.3542   4.3790   0.0000   0.0000
    6.55    8.01800000   8.0180   3.4567   4.3758   4.3650   0.0000   0.0000
    6.55    8.86400000   8.8630   3.6017   4.3975   4.3500   0.0000   0.0000
    6.55    9.79800000   9.7970   3.7425   4.4182   4.3350   0.0000   0.0000
    6.55   10.83100000  10.8280   3.8837   4.4387   4.3200   0.0000   0.0000
    6.55   11.97200000  11.9670   4.0271   4.4591   4.3020   0.0000   0.0000
    6.55   13.23400000  13.2220   4.1633   4.4776   4.2830   0.0000   0.0000
    6.55   14.62900000  14.6070   4.3014   4.4960   4.2620   0.0000   0.0000
    6.55   16.17100000  16.1400   4.4348   4.5126   4.2390   0.0000   0.0000
    6.55   17.87600000  17.8340   4.5680   4.5281   4.2130   0.0000   0.0000
    6.55   19.76000000  19.7030   4.7038   4.5432   4.1820   0.0000   0.0000
    6.55   21.84300000  21.7450   4.8313   4.5561   4.1500   0.0000   0.0000
    6.55   24.14500000  23.9830   4.9593   4.5680   4.1130   0.0000   0.0000
    6.55   26.69000000  26.4220   5.0819   4.5780   4.0730   0.0000   0.0000
    6.55   29.50400000  29.0750   5.2018   4.5865   4.0310   0.0000   0.0000
    6.55   32.61400000  31.9520   5.3208   4.5938   3.9820   0.0000   0.0000
    6.55   36.05100000  35.0400   5.4319   4.5993   3.9330   0.0000   0.0000
    6.55   39.85100000  38.3540   5.5444   4.6039   3.8760   0.0000   0.0000
    6.55   44.05200000  41.8490   5.6466   4.6093   3.8280   0.0000   0.0000
    6.55   48.69500000  45.5240   5.7496   4.6172   3.7860   0.0000   0.0000
    6.55   53.82800000  49.3310   5.8543   4.6293   3.7580   0.0000   0.0000
    6.55   59.50200000  53.1870   5.9604   4.6475   3.7510   0.0000   0.0000
    6.55   65.77300000  57.1530   6.0582   4.6726   3.7830   0.0000   0.0000
    6.55   72.70600000  61.0310   6.1643   4.6180   3.8310   0.0000   9.0000
    6.55   80.37000000  64.7120   6.2788   4.6236   3.9540   0.0000   9.0000
    6.55   88.84100000  68.4580   6.3969   4.6294   4.0270   0.0000   9.0000
    6.55   91.70600000  66.1000   6.4061   4.4251   4.2130   0.0000   9.0000
    6.55   91.74400000  65.9740   6.4052   4.4267   4.2180   0.0000   9.0000
    6.55   91.78300000  65.8490   6.4042   4.4283   4.2230   0.0000   9.0000
    6.55   91.82100000  65.7250   6.4033   4.4298   4.2280   0.0000   9.0000
    6.55   91.85900000  65.6020   6.4024   4.4312   4.2330   0.0000   9.0000
    6.55   91.89800000  65.4790   6.4015   4.4326   4.2380   0.0000   9.0000
    6.55   91.93600000  65.3590   6.4006   4.4342   4.2430   0.0000   9.0000
    6.55   91.97400000  65.2400   6.3997   4.4359   4.2490   0.0000   9.0000
    6.55   92.01300000  65.1220   6.3988   4.4376   4.2550   0.0000   9.0000
    6.55   92.05100000  65.0040   6.3979   4.4394   4.2610   0.0000   9.0000
    6.55   92.09000000  64.8910   6.3970   4.4416   4.2690   0.0000   9.0000
    6.55   92.12800000  64.7780   6.3961   4.4438   4.2770   0.0000   9.0000
    6.55   92.16700000  64.6660   6.3952   4.4461   4.2850   0.0000   9.0000
    6.55   92.20500000  64.5560   6.3944   4.4486   4.2940   0.0000   9.0000
    6.55   92.24400000  64.4500   6.3935   4.4516   4.3060   0.0000   9.0000
    6.55   92.28200000  64.3450   6.3926   4.4547   4.3180   0.0000   9.0000
    6.55   92.32100000  64.2400   6.3917   4.4578   4.3300   0.0000   9.0000
    6.55   92.35900000  64.1360   6.3915   4.4636   4.3560   0.0000   9.0000
    6.55   92.39800000  64.0350   6.3932   4.4786   4.4300   0.0000   9.0000
    6.55   92.43600000  63.9340   6.3949   4.4937   4.5040   0.0000   9.0000
    6.55   92.47500000  63.8330   6.3967   4.5088   4.5780   0.0000   9.0000
    6.55   92.51400000  63.7330   6.3984   4.5240   4.6520   0.0000   9.0000
    6.55   92.55200000  63.6340   6.4002   4.5392   4.7260   0.0000   9.0000
    6.55   92.59100000  63.5350   6.4019   4.5545   4.8000   0.0000   9.0000
    6.55   92.63000000  63.4370   6.4037   4.5699   4.8740   0.0000   9.0000
    6.55   92.66800000  63.3010   6.4100   4.4232   4.9850   0.0000   9.0000
    6.55   92.70700000  63.1070   6.4132   4.4256   5.0180   0.0000   9.0000
    6.55   92.74600000  62.9130   6.4100   4.4289   5.0440   0.0000   9.0000
    6.55   92.78400000  62.7210   6.4069   4.4301   5.0490   0.0000   9.0000
    6.55   92.82300000  62.5310   6.4055   4.4305   5.0510   0.0000   9.0000
    6.55   92.86200000  62.3410   6.4039   4.4311   5.0550   0.0000   9.0000
    6.55   92.90100000  62.1510   6.4022   4.4318   5.0590   0.0000   9.0000
    6.55   92.94000000  61.9610   6.4005   4.4324   5.0630   0.0000   9.0000
    6.55   92.97800000  61.7710   6.3989   4.4330   5.0670   0.0000   9.0000
    6.55   93.01700000  61.5820   6.3972   4.4336   5.0710   0.0000   9.0000
    6.55   93.05600000  61.3940   6.3955   4.4342   5.0750   0.0000   9.0000
    6.55   93.09500000  61.2050   6.3938   4.4348   5.0790   0.0000   9.0000
    6.55   93.13400000  61.0210   6.3922   4.4349   5.0750   0.0000   9.0000
    6.55   93.17300000  60.8380   6.3907   4.4348   5.0700   0.0000   9.0000
    6.55   93.21200000  60.6540   6.3891   4.4348   5.0650   0.0000   9.0000
    6.55   93.25100000  60.4720   6.3875   4.4347   5.0590   0.0000   9.0000
    6.55   93.28900000  60.2890   6.3859   4.4347   5.0540   0.0000   9.0000
    6.55   93.32800000  60.1070   6.3843   4.4346   5.0490   0.0000   9.0000
    6.55   93.36700000  59.9250   6.3827   4.4346   5.0440   0.0000   9.0000
    6.55   93.40600000  59.7490   6.3812   4.4347   5.0380   0.0000   9.0000
    6.55   93.44500000  59.5730   6.3796   4.4348   5.0320   0.0000   9.0000
    6.55   93.48400000  59.3970   6.3781   4.4349   5.0270   0.0000   9.0000
    6.55   93.52300000  59.2220   6.3765   4.4350   5.0210   0.0000   9.0000
    6.55   93.56300000  59.0470   6.3749   4.4351   5.0150   0.0000   9.0000
    6.55   93.60200000  58.8720   6.3733   4.4352   5.0090   0.0000   9.0000
    6.55   93.64100000  58.6990   6.3718   4.4350   5.0010   0.0000   9.0000
    6.55   93.68000000  58.5330   6.3702   4.4340   4.9840   0.0000   9.0000
    6.55   93.71900000  58.3670   6.3686   4.4329   4.9670   0.0000   9.0000
    6.55   95.77600000  54.7030   6.3418   4.5065   3.8790   0.0000   9.0000
    6.55   98.20600000  52.8840   6.3361   4.6141   4.8460   0.0000   9.0000
    6.55  100.69700000  51.4580   6.3316   4.6027   4.9830   0.0000   9.0000
    6.55  103.25200000  49.4150   6.3196   4.6716   5.4760   0.0000   9.0000
    6.55  105.87100000  48.0880   6.3169   4.7298   5.5000   0.0000   9.0000
    6.55  108.55700000  47.5830   6.3286   4.7806   5.5420   0.0000   9.0000
# log(age) Mini Mact logl logt logg Composition Phase
    6.60    0.80000000   0.8000  -0.4238   3.7305   4.6400   0.0000   0.0000
    6.60    0.88400000   0.8840  -0.2202   3.7598   4.5970   0.0000   0.0000
    6.60    0.97800000   0.9780  -0.0157   3.7857   4.5400   0.0000   0.0000
    6.60    1.08100000   1.0810   0.1888   3.8090   4.4720   0.0000   0.0000
    6.60    1.19400000   1.1940   0.3670   3.8293   4.4180   0.0000   0.0000
    6.60    1.32000000   1.3200   0.5537   3.8567   4.3850   0.0000   0.0000
    6.60    1.46000000   1.4600   0.7428   3.8962   4.3970   0.0000   0.0000
    6.60    1.61300000   1.6130   0.9280   3.9343   4.4180   0.0000   0.0000
    6.60    1.78300000   1.7830   1.1077   3.9712   4.4510   0.0000   0.0000
    6.60    1.97100000   1.9710   1.2819   4.0079   4.4670   0.0000   0.0000
    6.60    2.17900000   2.1790   1.4514   4.0410   4.4720   0.0000   0.0000
    6.60    2.40900000   2.4090   1.6203   4.0735   4.4760   0.0000   0.0000
    6.60    2.66300000   2.6630   1.7842   4.1034   4.4750   0.0000   0.0000
    6.60    2.94400000   2.9440   1.9451   4.1316   4.4700   0.0000   0.0000
    6.60    3.25400000   3.2540   2.1032   4.1587   4.4630   0.0000   0.0000
    6.60    3.59700000   3.5970   2.2606   4.1854   4.4560   0.0000   0.0000
    6.60    3.97600000   3.9760   2.4180   4.2122   4.4480   0.0000   0.0000
    6.60    4.39500000   4.3950   2.5697   4.2372   4.4400   0.0000   0.0000
    6.60    4.85800000   4.8580   2.7216   4.2620   4.4290   0.0000   0.0000
    6.60    5.37000000   5.3700   2.8704   4.2856   4.4180   0.0000   0.0000
    6.60    5.93600000   5.9360   3.0187   4.3086   4.4040   0.0000   0.0000
    6.60    6.56200000   6.5620   3.1674   4.3315   4.3900   0.0000   0.0000
    6.60    7.25400000   7.2540   3.3151   4.3538   4.3750   0.0000   0.0000
    6.60    8.01800000   8.0180   3.4596   4.3754   4.3600   0.0000   0.0000
    6.60    8.86400000   8.8630   3.6053   4.3971   4.3450   0.0000   0.0000
    6.60    9.79800000   9.7970   3.7470   4.4178   4.3290   0.0000   0.0000
    6.60   10.83100000  10.8270   3.8894   4.4383   4.3130   0.0000   0.0000
    6.60   11.97200000  11.9660   4.0339   4.4586   4.2930   0.0000   0.0000
    6.60   13.23400000  13.2200   4.1717   4.4770   4.2720   0.0000   0.0000
    6.60   14.62900000  14.6040   4.3116   4.4952   4.2490   0.0000   0.0000
    6.60   16.17100000  16.1350   4.4469   4.5115   4.2230   0.0000   0.0000
    6.60   17.87600000  17.8270   4.5824   4.5267   4.1930   0.0000   0.0000
    6.60   19.76000000  19.6940   4.7208   4.5410   4.1570   0.0000   0.0000
    6.60   21.84300000  21.7280   4.8508   4.5532   4.1190   0.0000   0.0000
    6.60   24.14500000  23.9540   4.9820   4.5641   4.0750   0.0000   0.0000
    6.60   26.69000000  26.3700   5.1073   4.5729   4.0280   0.0000   0.0000
    6.60   29.50400000  28.9890   5.2298   4.5800   3.9760   0.0000   0.0000
    6.60   32.61400000  31.8140   5.3517   4.5857   3.9180   0.0000   0.0000
    6.60   36.05100000  34.8170   5.4659   4.5894   3.8550   0.0000   0.0000
    6.60   39.85100000  38.0070   5.5821   4.5921   3.7840   0.0000   0.0000
    6.60   44.05200000  41.3080   5.6879   4.5994   3.7360   0.0000   0.0000
    6.60   48.69500000  44.6960   5.7947   4.6114   3.7030   0.0000   0.0000
    6.60   53.82800000  48.0720   5.9032   4.6298   3.6940   0.0000   0.0000
    6.60   59.50200000  51.2630   6.0135   4.6544   3.7060   0.0000   0.0000
    6.60   65.77300000  54.3980   6.1234   4.6452   3.7550   0.0000   9.0000
    6.60   72.28300000  55.0460   6.2250   4.4987   3.9630   0.0000   9.0000
    6.60   72.31300000  54.9660   6.2246   4.4991   3.9680   0.0000   9.0000
    6.60   72.34300000  54.8850   6.2242   4.4994   3.9720   0.0000   9.0000
    6.60   72.37300000  54.8030   6.2237   4.4999   3.9770   0.0000   9.0000
    6.60   72.40300000  54.7210   6.2233   4.5005   3.9830   0.0000   9.0000
    6.60   72.43400000  54.6390   6.2228   4.5010   3.9880   0.0000   9.0000
    6.60   72.46400000  54.5570   6.2224   4.5017   3.9930   0.0000   9.0000
    6.60   72.49400000  54.4750   6.2220   4.5025   4.0000   0.0000   9.0000
    6.60   72.52400000  54.3930   6.2215   4.5033   4.0060   0.0000   9.0000
    6.60   72.55500000  54.3110   6.2211   4.5042   4.0130   0.0000   9.0000
    6.60   72.58500000  54.2300   6.2207   4.5053   4.0210   0.0000   9.0000
    6.60   72.61500000  54.1480   6.2203   4.5064   4.0290   0.0000   9.0000
    6.60   72.64600000  54.0670   6.2199   4.5075   4.0370   0.0000   9.0000
    6.60   72.67600000  53.9870   6.2195   4.5092   4.0470   0.0000   9.0000
    6.60   72.70600000  53.9080   6.2192   4.5110   4.0590   0.0000   9.0000
    6.60   72.73700000  53.8280   6.2189   4.5128   4.0710   0.0000   9.0000
    6.60   72.76700000  53.7490   6.2186   4.5146   4.0830   0.0000   9.0000
    6.60   72.79700000  53.6700   6.2205   4.5224   4.1350   0.0000   9.0000
    6.60   72.82800000  53.5920   6.2229   4.5315   4.1960   0.0000   9.0000
    6.60   72.85800000  53.5140   6.2253   4.5406   4.2560   0.0000   9.0000
    6.60   72.88900000  53.4350   6.2277   4.5497   4.3170   0.0000   9.0000
    6.60   72.91900000  53.3570   6.2300   4.5588   4.3790   0.0000   9.0000
    6.60   72.95000000  53.2780   6.2324   4.5679   4.4400   0.0000   9.0000
    6.60   72.98000000  53.1990   6.2348   4.5770   4.5010   0.0000   9.0000
    6.60   73.01100000  53.1350   6.2391   4.5805   4.5500   0.0000   9.0000
    6.60   73.04100000  53.0730   6.2483   4.5560   4.4730   0.0000   9.0000
    6.60   73.07200000  53.0090   6.2574   4.5102   4.2890   0.0000   9.0000
    6.60   73.10200000  52.9450   6.2625   4.4391   4.0050   0.0000   9.0000
    6.60   73.13300000  52.7760   6.2648   4.3127   3.4990   0.0000   0.0000
    6.60   73.16300000  52.5350   6.2657   4.2114   3.0930   0.0000   0.0000
    6.60   73.19400000  52.2200   6.2699   4.2187   3.1190   0.0000   0.0000
    6.60   73.22400000  51.8480   6.2698   4.2189   3.1200   0.0000   0.0000
    6.60   73.25500000  51.4800   6.2697   4.2190   3.1210   0.0000   0.0000
    6.60   73.28500000  51.1160   6.2696   4.2192   3.1220   0.0000   0.0000
    6.60   73.31600000  50.7560   6.2695   4.2193   3.1240   0.0000   0.0000
    6.60   73.34700000  50.4000   6.2694   4.2195   3.1250   0.0000   0.0000
    6.60   73.37700000  50.0480   6.2692   4.2197   3.1260   0.0000   0.0000
    6.60   73.40800000  49.7060   6.2690   4.2203   3.1300   0.0000   0.0000
    6.60   73.43900000  49.4960   6.2679   4.2295   3.1760   0.0000   0.0000
    6.60   73.46900000  49.2870   6.2668   4.2386   3.2210   0.0000   0.0000
    6.60   73.50000000  49.0800   6.2656   4.2477   3.2660   0.0000   0.0000
    6.60   73.53100000  48.8740   6.2645   4.2568   3.3110   0.0000   0.0000
    6.60   73.56100000  48.6690   6.2634   4.2657   3.3560   0.0000   0.0000
    6.60   73.59200000  48.4660   6.2622   4.2747   3.4000   0.0000   0.0000
    6.60   73.62300000  48.2950   6.2612   4.2820   3.4430   0.0000   0.0000
    6.60   73.65400000  48.1940   6.2603   4.2859   3.4840   0.0000   0.0000
    6.60   73.68400000  48.0930   6.2594   4.2898   3.5240   0.0000   0.0000
    6.60   73.71500000  47.9920   6.2585   4.2937   3.5640   0.0000   0.0000
    6.60   73.74600000  47.8910   6.2577   4.2976   3.6040   0.0000   0.0000
    6.60   73.77700000  47.7900   6.2568   4.3014   3.6440   0.0000   0.0000
    6.60   73.80700000  47.6890   6.2559   4.3053   3.6830   0.0000   0.0000
    6.60   73.83800000  47.5890   6.2550   4.3095   3.7170   0.0000   0.0000
    6.60   73.86900000  47.4890   6.2541   4.3141   3.7460   0.0000   0.0000
    6.60   73.90000000  47.3880   6.2531   4.3187   3.7750   0.0000   0.0000
    6.60   74.55100000  45.3450   6.2329   4.3622   3.9610   0.0000   0.0000
    6.60   76.44200000  43.7250   6.2249   4.3908   3.6080   0.0000   0.0000
    6.60   78.38100000  42.2200   6.2147   4.6275   4.6940   0.0000   9.0000
    6.60   80.37000000  40.7450   6.2046   4.6383   5.1020   0.0000   9.0000
    6.60   82.40900000  38.5750   6.1858   4.6899   5.3770   0.0000   9.0000
    6.60   84.50000000  36.9860   6.1769   4.7615   5.5100   0.0000   9.0000
# log(age) Mini Mact logl logt logg Composition Phase
    6.65    0.80000000   0.8000  -0.4238   3.7305   4.6400   0.0000   0.0000
    6.65    0.88400000   0.8840  -0.2202   3.7598   4.5970   0.0000   0.0000
    6.65    0.97800000   0.9780  -0.0156   3.7857   4.5400   0.0000   0.0000
    6.65    1.08100000   1.0810   0.1888   3.8090   4.4720   0.0000   0.0000
    6.65    1.19400000   1.1940   0.3671   3.8293   4.4180   0.0000   0.0000
    6.65    1.32000000   1.3200   0.5538   3.8567   4.3850   0.0000   0.0000
    6.65    1.46000000   1.4600   0.7428   3.8962   4.3970   0.0000   0.0000
    6.65    1.61300000   1.6130   0.9280   3.9343   4.4180   0.0000   0.0000
    6.65    1.78300000   1.7830   1.1077   3.9712   4.4510   0.0000   0.0000
    6.65    1.97100000   1.9710   1.2818   4.0079   4.4670   0.0000   0.0000
    6.65    2.17900000   2.1790   1.4514   4.0410   4.4720   0.0000   0.0000
    6.65    2.40900000   2.4090   1.6203   4.0735   4.4760   0.0000   0.0000
    6.65    2.66300000   2.6630   1.7842   4.1033   4.4750   0.0000   0.0000
    6.65    2.94400000   2.9440   1.9451   4.1316   4.4700   0.0000   0.0000
    6.65    3.25400000   3.2540   2.1032   4.1587   4.4630   0.0000   0.0000
    6.65    3.59700000   3.5970   2.2606   4.1854   4.4560   0.0000   0.0000
    6.65    3.97600000   3.9760   2.4183   4.2121   4.4480   0.0000   0.0000
    6.65    4.39500000   4.3950   2.5705   4.2369   4.4370   0.0000   0.0000
    6.65    4.85800000   4.8580   2.7225   4.2618   4.4270   0.0000   0.0000
    6.65    5.37000000   5.3700   2.8715   4.2853   4.4150   0.0000   0.0000
    6.65    5.93600000   5.9360   3.0202   4.3082   4.4010   0.0000   0.0000
    6.65    6.56200000   6.5620   3.1696   4.3310   4.3860   0.0000   0.0000
    6.65    7.25400000   7.2540   3.3177   4.3533   4.3700   0.0000   0.0000
    6.65    8.01800000   8.0180   3.4629   4.3750   4.3550   0.0000   0.0000
    6.65    8.86400000   8.8630   3.6094   4.3967   4.3390   0.0000   0.0000
    6.65    9.79800000   9.7960   3.7520   4.4174   4.3230   0.0000   0.0000
    6.65   10.83100000  10.8270   3.8957   4.4378   4.3040   0.0000   0.0000
    6.65   11.97200000  11.9650   4.0420   4.4580   4.2830   0.0000   0.0000
    6.65   13.23400000  13.2190   4.1814   4.4763   4.2600   0.0000   0.0000
    6.65   14.62900000  14.6000   4.3234   4.4942   4.2330   0.0000   0.0000
    6.65   16.17100000  16.1290   4.4611   4.5101   4.2030   0.0000   0.0000
    6.65   17.87600000  17.8190   4.5992   4.5247   4.1680   0.0000   0.0000
    6.65   19.76000000  19.6830   4.7408   4.5383   4.1260   0.0000   0.0000
    6.65   21.84300000  21.7070   4.8742   4.5494   4.0810   0.0000   0.0000
    6.65   24.14500000  23.9170   5.0090   4.5588   4.0280   0.0000   0.0000
    6.65   26.69000000  26.3050   5.1377   4.5660   3.9700   0.0000   0.0000
    6.65   29.50400000  28.8770   5.2635   4.5710   3.9060   0.0000   0.0000
    6.65   32.61400000  31.6330   5.3892   4.5740   3.8310   0.0000   0.0000
    6.65   36.05100000  34.5200   5.5076   4.5756   3.7530   0.0000   0.0000
    6.65   39.85100000  37.5410   5.6285   4.5764   3.6630   0.0000   0.0000
    6.65   44.05200000  40.5610   5.7384   4.5869   3.6200   0.0000   0.0000
    6.65   48.69500000  43.5080   5.8498   4.6029   3.5960   0.0000   0.0000
    6.65   53.82800000  46.1780   5.9626   4.6202   3.5750   0.0000   0.0000
    6.65   57.09200000  47.4750   6.0314   4.6384   3.5900   0.0000   9.0000
    6.65   57.11600000  47.4830   6.0320   4.6389   3.5920   0.0000   9.0000
    6.65   57.14000000  47.4920   6.0326   4.6395   3.5940   0.0000   9.0000
    6.65   57.16400000  47.5000   6.0332   4.6401   3.5950   0.0000   9.0000
    6.65   57.18700000  47.5080   6.0338   4.6409   3.5980   0.0000   9.0000
    6.65   57.21100000  47.5160   6.0343   4.6416   3.6000   0.0000   9.0000
    6.65   57.23500000  47.5240   6.0349   4.6425   3.6030   0.0000   9.0000
    6.65   57.25900000  47.5320   6.0356   4.6435   3.6070   0.0000   9.0000
    6.65   57.28300000  47.5400   6.0362   4.6445   3.6100   0.0000   9.0000
    6.65   57.30700000  47.5480   6.0368   4.6458   3.6150   0.0000   9.0000
    6.65   57.33100000  47.5560   6.0375   4.6472   3.6200   0.0000   9.0000
    6.65   57.35500000  47.5630   6.0382   4.6488   3.6250   0.0000   9.0000
    6.65   57.37900000  47.5710   6.0389   4.6506   3.6320   0.0000   9.0000
    6.65   57.40300000  47.5790   6.0397   4.6525   3.6390   0.0000   9.0000
    6.65   57.42700000  47.5870   6.0405   4.6549   3.6480   0.0000   9.0000
    6.65   57.45100000  47.5950   6.0413   4.6572   3.6560   0.0000   9.0000
    6.65   57.47500000  47.6030   6.0424   4.6603   3.6680   0.0000   9.0000
    6.65   57.49900000  47.6100   6.0435   4.6639   3.6810   0.0000   9.0000
    6.65   57.52300000  47.6180   6.0446   4.6675   3.6940   0.0000   9.0000
    6.65   57.54700000  47.6260   6.0488   4.6796   3.7390   0.0000   9.0000
    6.65   57.57100000  47.6340   6.0535   4.6933   3.7890   0.0000   9.0000
    6.65   57.59500000  47.6420   6.0583   4.7070   3.8390   0.0000   9.0000
    6.65   57.61900000  47.6500   6.0630   4.7207   3.8890   0.0000   9.0000
    6.65   57.64300000  47.6580   6.0677   4.7344   3.9390   0.0000   9.0000
    6.65   57.66700000  47.6660   6.0711   4.7366   3.9440   0.0000   9.0000
    6.65   57.69100000  47.6740   6.0836   4.6852   3.7270   0.0000   9.0000
    6.65   57.71500000  47.6800   6.1010   4.5975   3.3580   0.0000   9.0000
    6.65   57.73900000  47.6870   6.1162   4.4653   2.8150   0.0000   9.0000
    6.65   57.76300000  47.6210   6.1254   4.2760   2.0470   0.0000   0.0000
    6.65   57.78800000  47.3430   6.1350   3.9114   0.5770   0.0000   0.0000
    6.65   57.81200000  46.9570   6.1433   3.8885   0.4730   0.0000   0.0000
    6.65   57.83600000  46.2430   6.1459   3.8812   0.4350   0.0000   0.0000
    6.65   57.86000000  45.4980   6.1481   3.8761   0.4050   0.0000   0.0000
    6.65   57.88400000  44.7640   6.1503   3.8710   0.3750   0.0000   0.0000
    6.65   57.90800000  44.0430   6.1525   3.8659   0.3460   0.0000   0.0000
    6.65   57.93300000  43.3330   6.1548   3.8609   0.3170   0.0000   0.0000
    6.65   57.95700000  42.6340   6.1570   3.8559   0.2880   0.0000   0.0000
    6.65   57.98100000  42.2440   6.1562   3.8819   0.4120   0.0000   0.0000
    6.65   58.00500000  41.8690   6.1554   3.9088   0.5420   0.0000   0.0000
    6.65   58.02900000  41.4980   6.1545   3.9357   0.6720   0.0000   0.0000
    6.65   58.05400000  41.1300   6.1537   3.9626   0.8020   0.0000   0.0000
    6.65   58.07800000  40.7670   6.1528   3.9894   0.9310   0.0000   0.0000
    6.65   58.10200000  40.5940   6.1525   4.0057   1.0490   0.0000   0.0000
    6.65   58.12600000  40.5170   6.1523   4.0166   1.1590   0.0000   0.0000
    6.65   58.15100000  40.4400   6.1522   4.0275   1.2700   0.0000   0.0000
    6.65   58.17500000  40.3630   6.1520   4.0384   1.3810   0.0000   0.0000
    6.65   58.19900000  40.2860   6.1519   4.0492   1.4920   0.0000   0.0000
    6.65   58.22400000  40.2060   6.1517   4.0609   1.5930   0.0000   0.0000
    6.65   58.24800000  40.1190   6.1514   4.0743   1.6710   0.0000   0.0000
    6.65   58.27200000  40.0330   6.1512   4.0877   1.7490   0.0000   0.0000
    6.65   58.29700000  39.9480   6.1509   4.1011   1.8270   0.0000   0.0000
    6.65   58.32100000  39.8620   6.1506   4.1144   1.9050   0.0000   0.0000
    6.65   58.34500000  39.7780   6.1504   4.1277   1.9820   0.0000   0.0000
    6.65   58.37000000  39.6860   6.1500   4.1350   2.0250   0.0000   0.0000
    6.65   59.50200000  37.0070   6.1393   4.3877   3.1870   0.0000   0.0000
    6.65   61.01100000  36.7210   6.1376   4.6012   3.9950   0.0000   9.0000
    6.65   62.55900000  36.6390   6.1414   4.6499   4.2200   0.0000   9.0000
    6.65   64.14600000  36.1980   6.1477   4.6320   4.2980   0.0000   9.0000
    6.65   65.77300000  35.5640   6.1520   4.6514   4.4050   0.0000   9.0000
    6.65   67.44200000  33.9190   6.1879   4.6893   5.2570   0.0000   9.0000
# log(age) Mini Mact logl logt logg Composition Phase
    6.70    0.80000000   0.8000  -0.4238   3.7305   4.6400   0.0000   0.0000
    6.70    0.88400000   0.8840  -0.2202   3.7598   4.5970   0.0000   0.0000
    6.70    0.97800000   0.9780  -0.0156   3.7857   4.5400   0.0000   0.0000
    6.70    1.08100000   1.0810   0.1888   3.8090   4.4720   0.0000   0.0000
    6.70    1.19400000   1.1940   0.3671   3.8293   4.4180   0.0000   0.0000
    6.70    1.32000000   1.3200   0.5538   3.8567   4.3850   0.0000   0.0000
    6.70    1.46000000   1.4600   0.7428   3.8962   4.3970   0.0000   0.0000
    6.70    1.61300000   1.6130   0.9280   3.9343   4.4180   0.0000   0.0000
    6.70    1.78300000   1.7830   1.1077   3.9712   4.4510   0.0000   0.0000
    6.70    1.97100000   1.9710   1.2818   4.0079   4.4670   0.0000   0.0000
    6.70    2.17900000   2.1790   1.4514   4.0410   4.4720   0.0000   0.0000
    6.70    2.40900000   2.4090   1.6203   4.0735   4.4760   0.0000   0.0000
    6.70    2.66300000   2.6630   1.7842   4.1033   4.4740   0.0000   0.0000
    6.70    2.94400000   2.9440   1.9451   4.1316   4.4700   0.0000   0.0000
    6.70    3.25400000   3.2540   2.1032   4.1586   4.4630   0.0000   0.0000
    6.70    3.59700000   3.5970   2.2606   4.1854   4.4560   0.0000   0.0000
    6.70    3.97600000   3.9760   2.4191   4.2118   4.4450   0.0000   0.0000
    6.70    4.39500000   4.3950   2.5714   4.2367   4.4350   0.0000   0.0000
    6.70    4.85800000   4.8580   2.7234   4.2615   4.4250   0.0000   0.0000
    6.70    5.37000000   5.3700   2.8730   4.2850   4.4120   0.0000   0.0000
    6.70    5.93600000   5.9360   3.0218   4.3079   4.3980   0.0000   0.0000
    6.70    6.56200000   6.5620   3.1718   4.3306   4.3820   0.0000   0.0000
    6.70    7.25400000   7.2540   3.3207   4.3529   4.3660   0.0000   0.0000
    6.70    8.01800000   8.0180   3.4666   4.3746   4.3500   0.0000   0.0000
    6.70    8.86400000   8.8630   3.6141   4.3963   4.3330   0.0000   0.0000
    6.70    9.79800000   9.7960   3.7579   4.4170   4.3150   0.0000   0.0000
    6.70   10.83100000  10.8270   3.9030   4.4373   4.2950   0.0000   0.0000
    6.70   11.97200000  11.9640   4.0511   4.4573   4.2710   0.0000   0.0000
    6.70   13.23400000  13.2160   4.1926   4.4754   4.2450   0.0000   0.0000
    6.70   14.62900000  14.5960   4.3371   4.4930   4.2150   0.0000   0.0000
    6.70   16.17100000  16.1230   4.4776   4.5083   4.1800   0.0000   0.0000
    6.70   17.87600000  17.8100   4.6190   4.5221   4.1390   0.0000   0.0000
    6.70   19.76000000  19.6690   4.7647   4.5345   4.0880   0.0000   0.0000
    6.70   21.84300000  21.6810   4.9020   4.5441   4.0330   0.0000   0.0000
    6.70   24.14500000  23.8690   5.0413   4.5516   3.9670   0.0000   0.0000
    6.70   26.69000000  26.2190   5.1743   4.5560   3.8940   0.0000   0.0000
    6.70   29.50400000  28.7310   5.3045   4.5579   3.8110   0.0000   0.0000
    6.70   32.61400000  31.3920   5.4350   4.5571   3.7120   0.0000   0.0000
    6.70   36.05100000  34.1210   5.5587   4.5555   3.6100   0.0000   0.0000
    6.70   39.85100000  36.9080   5.6854   4.5524   3.4940   0.0000   0.0000
    6.70   44.05200000  39.4950   5.8005   4.5619   3.4390   0.0000   0.0000
    6.70   46.70400000  40.8480   5.8702   4.5789   3.4500   0.0000   0.0000
    6.70   46.72300000  40.8570   5.8708   4.5794   3.4510   0.0000   0.0000
    6.70   46.74300000  40.8660   5.8714   4.5799   3.4530   0.0000   0.0000
    6.70   46.76200000  40.8750   5.8719   4.5805   3.4550   0.0000   0.0000
    6.70   46.78200000  40.8840   5.8725   4.5811   3.4560   0.0000   0.0000
    6.70   46.80100000  40.8930   5.8731   4.5818   3.4590   0.0000   0.0000
    6.70   46.82100000  40.9020   5.8738   4.5826   3.4610   0.0000   0.0000
    6.70   46.84000000  40.9100   5.8744   4.5833   3.4640   0.0000   0.0000
    6.70   46.86000000  40.9190   5.8750   4.5843   3.4670   0.0000   0.0000
    6.70   46.87900000  40.9280   5.8757   4.5853   3.4700   0.0000   0.0000
    6.70   46.89900000  40.9370   5.8764   4.5866   3.4740   0.0000   0.0000
    6.70   46.91900000  40.9450   5.8771   4.5880   3.4790   0.0000   0.0000
    6.70   46.93800000  40.9540   5.8778   4.5895   3.4840   0.0000   0.0000
    6.70   46.95800000  40.9630   5.8786   4.5912   3.4900   0.0000   0.0000
    6.70   46.97700000  40.9710   5.8794   4.5930   3.4970   0.0000   0.0000
    6.70   46.99700000  40.9800   5.8804   4.5953   3.5050   0.0000   0.0000
    6.70   47.01700000  40.9890   5.8814   4.5976   3.5130   0.0000   0.0000
    6.70   47.03600000  40.9970   5.8826   4.6007   3.5240   0.0000   0.0000
    6.70   47.05600000  41.0060   5.8839   4.6042   3.5370   0.0000   0.0000
    6.70   47.07600000  41.0140   5.8853   4.6079   3.5510   0.0000   0.0000
    6.70   47.09500000  41.0220   5.8906   4.6199   3.5940   0.0000   0.0000
    6.70   47.11500000  41.0310   5.8958   4.6320   3.6370   0.0000   0.0000
    6.70   47.13500000  41.0390   5.9011   4.6441   3.6800   0.0000   0.0000
    6.70   47.15400000  41.0470   5.9063   4.6562   3.7230   0.0000   0.0000
    6.70   47.17400000  41.0550   5.9098   4.6638   3.7510   0.0000   0.0000
    6.70   47.19400000  41.0640   5.9165   4.6292   3.6050   0.0000   0.0000
    6.70   47.21300000  41.0720   5.9334   4.5564   3.2970   0.0000   0.0000
    6.70   47.23300000  41.0800   5.9505   4.4552   2.8760   0.0000   0.0000
    6.70   47.25300000  41.0780   5.9629   4.3137   2.2970   0.0000   0.0000
    6.70   47.27300000  40.9420   5.9715   4.0635   1.2860   0.0000   0.0000
    6.70   47.29200000  40.7540   5.9807   3.8778   0.5310   0.0000   0.0000
    6.70   47.31200000  40.2500   5.9820   3.8308   0.3370   0.0000   0.0000
    6.70   47.33200000  39.6110   5.9839   3.8147   0.2640   0.0000   0.0000
    6.70   47.35200000  38.9820   5.9858   3.7986   0.1900   0.0000   0.0000
    6.70   47.37100000  38.3620   5.9877   3.7826   0.1170   0.0000   0.0000
    6.70   47.39100000  37.7530   5.9896   3.7666   0.0450   0.0000   0.0000
    6.70   47.41100000  37.1530   5.9915   3.7506  -0.0280   0.0000   0.0000
    6.70   47.43100000  36.6000   5.9925   3.7508  -0.0310   0.0000   0.0000
    6.70   47.45100000  36.1290   5.9918   3.7827   0.1030   0.0000   0.0000
    6.70   47.47000000  35.6650   5.9911   3.8146   0.2360   0.0000   0.0000
    6.70   47.49000000  35.2080   5.9904   3.8464   0.3700   0.0000   0.0000
    6.70   47.51000000  34.7560   5.9897   3.8782   0.5040   0.0000   0.0000
    6.70   47.53000000  34.3120   5.9890   3.9100   0.6370   0.0000   0.0000
    6.70   47.55000000  34.1670   5.9889   3.9297   0.7420   0.0000   0.0000
    6.70   47.57000000  34.0830   5.9888   3.9469   0.8400   0.0000   0.0000
    6.70   47.58900000  33.9990   5.9888   3.9640   0.9380   0.0000   0.0000
    6.70   47.60900000  33.9160   5.9888   3.9811   1.0370   0.0000   0.0000
    6.70   47.62900000  33.8330   5.9887   3.9982   1.1350   0.0000   0.0000
    6.70   47.64900000  33.7360   5.9885   4.0179   1.2380   0.0000   0.0000
    6.70   47.66900000  33.6040   5.9879   4.0432   1.3500   0.0000   0.0000
    6.70   47.68900000  33.4740   5.9872   4.0685   1.4620   0.0000   0.0000
    6.70   47.70900000  33.3440   5.9865   4.0938   1.5730   0.0000   0.0000
    6.70   47.72900000  33.2160   5.9859   4.1190   1.6850   0.0000   0.0000
    6.70   47.74900000  33.0870   5.9852   4.1441   1.7960   0.0000   0.0000
    6.70   47.76900000  32.9290   5.9843   4.1590   1.8620   0.0000   0.0000
    6.70   48.69500000  30.9980   5.9818   4.3277   2.6180   0.0000   0.0000
    6.70   49.93000000  30.4740   5.9920   4.4183   3.0540   0.0000   9.0000
    6.70   51.19700000  30.2450   6.0109   4.4340   3.0350   0.0000   9.0000
    6.70   52.49600000  30.0690   6.0347   4.3984   2.9280   0.0000   0.0000
    6.70   53.82800000  29.2160   6.0650   4.2614   2.8500   0.0000   0.0000
# log(age) Mini Mact logl logt logg Composition Phase
    6.75    0.80000000   0.8000  -0.4238   3.7305   4.6400   0.0000   0.0000
    6.75    0.88400000   0.8840  -0.2202   3.7598   4.5970   0.0000   0.0000
    6.75    0.97800000   0.9780  -0.0156   3.7857   4.5400   0.0000   0.0000
    6.75    1.08100000   1.0810   0.1888   3.8090   4.4720   0.0000   0.0000
    6.75    1.19400000   1.1940   0.3671   3.8293   4.4180   0.0000   0.0000
    6.75    1.32000000   1.3200   0.5538   3.8567   4.3850   0.0000   0.0000
    6.75    1.46000000   1.4600   0.7428   3.8962   4.3970   0.0000   0.0000
    6.75    1.61300000   1.6130   0.9280   3.9343   4.4180   0.0000   0.0000
    6.75    1.78300000   1.7830   1.1077   3.9712   4.4510   0.0000   0.0000
    6.75    1.97100000   1.9710   1.2818   4.0079   4.4670   0.0000   0.0000
    6.75    2.17900000   2.1790   1.4514   4.0410   4.4720   0.0000   0.0000
    6.75    2.40900000   2.4090   1.6203   4.0735   4.4760   0.0000   0.0000
    6.75    2.66300000   2.6630   1.7842   4.1033   4.4740   0.0000   0.0000
    6.75    2.94400000   2.9440   1.9451   4.1316   4.4700   0.0000   0.0000
    6.75    3.25400000   3.2540   2.1032   4.1586   4.4630   0.0000   0.0000
    6.75    3.59700000   3.5970   2.2609   4.1853   4.4550   0.0000   0.0000
    6.75    3.97600000   3.9760   2.4199   4.2115   4.4430   0.0000   0.0000
    6.75    4.39500000   4.3950   2.5723   4.2364   4.4330   0.0000   0.0000
    6.75    4.85800000   4.8580   2.7245   4.2612   4.4220   0.0000   0.0000
    6.75    5.37000000   5.3700   2.8746   4.2846   4.4090   0.0000   0.0000
    6.75    5.93600000   5.9360   3.0239   4.3074   4.3930   0.0000   0.0000
    6.75    6.56200000   6.5620   3.1745   4.3301   4.3770   0.0000   0.0000
    6.75    7.25400000   7.2540   3.3241   4.3525   4.3610   0.0000   0.0000
    6.75    8.01800000   8.0180   3.4708   4.3742   4.3440   0.0000   0.0000
    6.75    8.86400000   8.8630   3.6194   4.3959   4.3260   0.0000   0.0000
    6.75    9.79800000   9.7960   3.7646   4.4165   4.3070   0.0000   0.0000
    6.75   10.83100000  10.8260   3.9113   4.4366   4.2840   0.0000   0.0000
    6.75   11.97200000  11.9630   4.0617   4.4565   4.2570   0.0000   0.0000
    6.75   13.23400000  13.2140   4.2055   4.4742   4.2280   0.0000   0.0000
    6.75   14.62900000  14.5900   4.3532   4.4913   4.1920   0.0000   0.0000
    6.75   16.17100000  16.1150   4.4970   4.5059   4.1520   0.0000   0.0000
    6.75   17.87600000  17.7980   4.6424   4.5187   4.1020   0.0000   0.0000
    6.75   19.76000000  19.6510   4.7932   4.5293   4.0400   0.0000   0.0000
    6.75   21.84300000  21.6470   4.9354   4.5369   3.9720   0.0000   0.0000
    6.75   24.14500000  23.8080   5.0806   4.5409   3.8860   0.0000   0.0000
    6.75   26.69000000  26.1070   5.2191   4.5409   3.7880   0.0000   0.0000
    6.75   29.50400000  28.5370   5.3544   4.5377   3.6760   0.0000   0.0000
    6.75   32.61400000  31.0730   5.4918   4.5297   3.5370   0.0000   0.0000
    6.75   36.05100000  33.5910   5.6221   4.5206   3.3910   0.0000   0.0000
    6.75   38.36500000  35.1400   5.7069   4.5256   3.3380   0.0000   0.0000
    6.75   38.38100000  35.1500   5.7075   4.5260   3.3390   0.0000   0.0000
    6.75   38.39700000  35.1600   5.7082   4.5264   3.3410   0.0000   0.0000
    6.75   38.41300000  35.1700   5.7088   4.5269   3.3420   0.0000   0.0000
    6.75   38.42900000  35.1800   5.7095   4.5274   3.3430   0.0000   0.0000
    6.75   38.44600000  35.1910   5.7102   4.5279   3.3440   0.0000   0.0000
    6.75   38.46200000  35.2010   5.7108   4.5284   3.3460   0.0000   0.0000
    6.75   38.47800000  35.2110   5.7115   4.5290   3.3480   0.0000   0.0000
    6.75   38.49400000  35.2210   5.7122   4.5297   3.3500   0.0000   0.0000
    6.75   38.51000000  35.2310   5.7129   4.5304   3.3520   0.0000   0.0000
    6.75   38.52600000  35.2410   5.7136   4.5312   3.3550   0.0000   0.0000
    6.75   38.54200000  35.2510   5.7144   4.5322   3.3580   0.0000   0.0000
    6.75   38.55800000  35.2610   5.7152   4.5333   3.3610   0.0000   0.0000
    6.75   38.57400000  35.2710   5.7160   4.5347   3.3650   0.0000   0.0000
    6.75   38.59000000  35.2810   5.7169   4.5362   3.3700   0.0000   0.0000
    6.75   38.60600000  35.2910   5.7179   4.5380   3.3760   0.0000   0.0000
    6.75   38.62300000  35.3010   5.7189   4.5399   3.3820   0.0000   0.0000
    6.75   38.63900000  35.3110   5.7201   4.5423   3.3910   0.0000   0.0000
    6.75   38.65500000  35.3210   5.7213   4.5448   3.3990   0.0000   0.0000
    6.75   38.67100000  35.3310   5.7230   4.5484   3.4120   0.0000   0.0000
    6.75   38.68700000  35.3410   5.7247   4.5521   3.4250   0.0000   0.0000
    6.75   38.70300000  35.3500   5.7297   4.5610   3.4560   0.0000   0.0000
    6.75   38.71900000  35.3600   5.7361   4.5723   3.4940   0.0000   0.0000
    6.75   38.73600000  35.3690   5.7426   4.5836   3.5330   0.0000   0.0000
    6.75   38.75200000  35.3780   5.7490   4.5949   3.5720   0.0000   0.0000
    6.75   38.76800000  35.3880   5.7502   4.5783   3.5050   0.0000   0.0000
    6.75   38.78400000  35.3970   5.7666   4.5122   3.2250   0.0000   0.0000
    6.75   38.80000000  35.4070   5.7874   4.4172   2.8240   0.0000   0.0000
    6.75   38.81700000  35.4080   5.8013   4.2966   2.3260   0.0000   0.0000
    6.75   38.83300000  35.3420   5.8120   4.1109   1.5710   0.0000   0.0000
    6.75   38.84900000  35.2300   5.8195   3.8555   0.5410   0.0000   0.0000
    6.75   38.86500000  34.6790   5.8206   3.8036   0.3250   0.0000   0.0000
    6.75   38.88100000  34.1100   5.8223   3.7699   0.1810   0.0000   0.0000
    6.75   38.89800000  33.5490   5.8239   3.7363   0.0380   0.0000   0.0000
    6.75   38.91400000  32.9950   5.8256   3.7029  -0.1050   0.0000   0.0000
    6.75   38.93000000  32.4490   5.8273   3.6696  -0.2470   0.0000   0.0000
    6.75   38.94600000  31.9090   5.8288   3.6434  -0.3600   0.0000   0.0000
    6.75   38.96300000  31.3560   5.8282   3.6787  -0.2260   0.0000   0.0000
    6.75   38.97900000  30.8110   5.8276   3.7142  -0.0910   0.0000   0.0000
    6.75   38.99500000  30.2750   5.8271   3.7499   0.0450   0.0000   0.0000
    6.75   39.01200000  29.7480   5.8265   3.7857   0.1810   0.0000   0.0000
    6.75   39.02800000  29.2490   5.8259   3.8210   0.3150   0.0000   0.0000
    6.75   39.04400000  29.1190   5.8259   3.8439   0.4050   0.0000   0.0000
    6.75   39.06000000  28.9900   5.8260   3.8669   0.4950   0.0000   0.0000
    6.75   39.07700000  28.8630   5.8260   3.8900   0.5850   0.0000   0.0000
    6.75   39.09300000  28.7370   5.8260   3.9132   0.6760   0.0000   0.0000
    6.75   39.10900000  28.6110   5.8260   3.9367   0.7680   0.0000   0.0000
    6.75   39.12600000  28.4170   5.8249   3.9747   0.9180   0.0000   0.0000
    6.75   39.14200000  28.2250   5.8239   4.0128   1.0690   0.0000   0.0000
    6.75   39.15800000  28.0350   5.8228   4.0509   1.2200   0.0000   0.0000
    6.75   39.17500000  27.8470   5.8218   4.0892   1.3710   0.0000   0.0000
    6.75   39.19100000  27.6600   5.8207   4.1273   1.5210   0.0000   0.0000
    6.75   39.20700000  27.4420   5.8192   4.1478   1.6010   0.0000   0.0000
    6.75   39.22400000  27.2250   5.8176   4.1683   1.6810   0.0000   0.0000
    6.75   39.85100000  25.9700   5.8237   4.2721   2.0700   0.0000   0.0000
    6.75   40.86200000  25.2080   5.8403   4.2030   2.0260   0.0000   0.0000
    6.75   41.89900000  24.4540   5.8581   4.1605   1.6840   0.0000   0.0000
    6.75   42.96200000  23.7390   5.8773   4.0257   1.1230   0.0000   0.0000
# log(age) Mini Mact logl logt logg Composition Phase
    6.80    0.80000000   0.8000  -0.4237   3.7305   4.6400   0.0000   0.0000
    6.80    0.88400000   0.8840  -0.2201   3.7598   4.5970   0.0000   0.0000
    6.80    0.97800000   0.9780  -0.0156   3.7857   4.5390   0.0000   0.0000
    6.80    1.08100000   1.0810   0.1889   3.8090   4.4720   0.0000   0.0000
    6.80    1.19400000   1.1940   0.3671   3.8293   4.4180   0.0000   0.0000
    6.80    1.32000000   1.3200   0.5538   3.8567   4.3850   0.0000   0.0000
    6.80    1.46000000   1.4600   0.7428   3.8962   4.3970   0.0000   0.0000
    6.80    1.61300000   1.6130   0.9281   3.9343   4.4180   0.0000   0.0000
    6.80    1.78300000   1.7830   1.1078   3.9712   4.4510   0.0000   0.0000
    6.80    1.97100000   1.9710   1.2818   4.0078   4.4670   0.0000   0.0000
    6.80    2.17900000   2.1790   1.4514   4.0410   4.4720   0.0000   0.0000
    6.80    2.40900000   2.4090   1.6203   4.0735   4.4760   0.0000   0.0000
    6.80    2.66300000   2.6630   1.7842   4.1033   4.4740   0.0000   0.0000
    6.80    2.94400000   2.9440   1.9451   4.1316   4.4700   0.0000   0.0000
    6.80    3.25400000   3.2540   2.1032   4.1586   4.4630   0.0000   0.0000
    6.80    3.59700000   3.5970   2.2617   4.1850   4.4520   0.0000   0.0000
    6.80    3.97600000   3.9760   2.4208   4.2113   4.4410   0.0000   0.0000
    6.80    4.39500000   4.3950   2.5731   4.2362   4.4300   0.0000   0.0000
    6.80    4.85800000   4.8580   2.7261   4.2609   4.4190   0.0000   0.0000
    6.80    5.37000000   5.3700   2.8762   4.2843   4.4050   0.0000   0.0000
    6.80    5.93600000   5.9360   3.0261   4.3069   4.3890   0.0000   0.0000
    6.80    6.56200000   6.5620   3.1775   4.3297   4.3720   0.0000   0.0000
    6.80    7.25400000   7.2540   3.3280   4.3521   4.3550   0.0000   0.0000
    6.80    8.01800000   8.0180   3.4757   4.3738   4.3380   0.0000   0.0000
    6.80    8.86400000   8.8630   3.6255   4.3954   4.3180   0.0000   0.0000
    6.80    9.79800000   9.7960   3.7722   4.4159   4.2970   0.0000   0.0000
    6.80   10.83100000  10.8250   3.9210   4.4359   4.2720   0.0000   0.0000
    6.80   11.97200000  11.9610   4.0740   4.4554   4.2410   0.0000   0.0000
    6.80   13.23400000  13.2100   4.2207   4.4728   4.2070   0.0000   0.0000
    6.80   14.62900000  14.5840   4.3721   4.4892   4.1660   0.0000   0.0000
    6.80   16.17100000  16.1050   4.5201   4.5028   4.1170   0.0000   0.0000
    6.80   17.87600000  17.7830   4.6704   4.5140   4.0560   0.0000   0.0000
    6.80   19.76000000  19.6280   4.8276   4.5222   3.9780   0.0000   0.0000
    6.80   21.84300000  21.6030   4.9762   4.5262   3.8900   0.0000   0.0000
    6.80   24.14500000  23.7270   5.1284   4.5241   3.7710   0.0000   0.0000
    6.80   26.69000000  25.9590   5.2731   4.5176   3.6390   0.0000   0.0000
    6.80   29.50400000  28.2860   5.4165   4.5038   3.4710   0.0000   0.0000
    6.80   32.15400000  30.3490   5.5458   4.4990   3.3430   0.0000   0.0000
    6.80   32.16700000  30.3590   5.5465   4.4994   3.3440   0.0000   0.0000
    6.80   32.18100000  30.3680   5.5471   4.4998   3.3450   0.0000   0.0000
    6.80   32.19400000  30.3780   5.5478   4.5003   3.3460   0.0000   0.0000
    6.80   32.20800000  30.3870   5.5485   4.5009   3.3480   0.0000   0.0000
    6.80   32.22100000  30.3970   5.5491   4.5015   3.3500   0.0000   0.0000
    6.80   32.23400000  30.4060   5.5498   4.5022   3.3520   0.0000   0.0000
    6.80   32.24800000  30.4150   5.5505   4.5028   3.3540   0.0000   0.0000
    6.80   32.26100000  30.4250   5.5512   4.5035   3.3560   0.0000   0.0000
    6.80   32.27500000  30.4340   5.5520   4.5043   3.3580   0.0000   0.0000
    6.80   32.28800000  30.4440   5.5527   4.5051   3.3610   0.0000   0.0000
    6.80   32.30200000  30.4530   5.5535   4.5064   3.3640   0.0000   0.0000
    6.80   32.31500000  30.4630   5.5544   4.5077   3.3680   0.0000   0.0000
    6.80   32.32900000  30.4720   5.5553   4.5094   3.3730   0.0000   0.0000
    6.80   32.34200000  30.4810   5.5564   4.5114   3.3780   0.0000   0.0000
    6.80   32.35600000  30.4910   5.5575   4.5135   3.3850   0.0000   0.0000
    6.80   32.36900000  30.5000   5.5587   4.5158   3.3920   0.0000   0.0000
    6.80   32.38300000  30.5090   5.5600   4.5183   3.4010   0.0000   0.0000
    6.80   32.39600000  30.5190   5.5618   4.5217   3.4120   0.0000   0.0000
    6.80   32.41000000  30.5280   5.5636   4.5252   3.4240   0.0000   0.0000
    6.80   32.42300000  30.5370   5.5688   4.5331   3.4500   0.0000   0.0000
    6.80   32.43700000  30.5460   5.5749   4.5422   3.4800   0.0000   0.0000
    6.80   32.45100000  30.5550   5.5810   4.5514   3.5110   0.0000   0.0000
    6.80   32.46400000  30.5640   5.5871   4.5606   3.5410   0.0000   0.0000
    6.80   32.47800000  30.5730   5.5901   4.5506   3.4990   0.0000   0.0000
    6.80   32.49100000  30.5820   5.6042   4.4997   3.2830   0.0000   0.0000
    6.80   32.50500000  30.5910   5.6208   4.4292   2.9860   0.0000   0.0000
    6.80   32.51800000  30.5970   5.6353   4.3446   2.6270   0.0000   0.0000
    6.80   32.53200000  30.5970   5.6468   4.2328   2.1660   0.0000   0.0000
    6.80   32.54500000  30.5580   5.6592   4.0853   1.5580   0.0000   0.0000
    6.80   32.55900000  30.3860   5.6639   3.9823   1.1390   0.0000   0.0000
    6.80   32.57300000  30.1410   5.6645   3.9166   0.8720   0.0000   0.0000
    6.80   32.58600000  29.8970   5.6650   3.8511   0.6060   0.0000   0.0000
    6.80   32.60000000  29.6530   5.6656   3.7857   0.3400   0.0000   0.0000
    6.80   32.61400000  29.4110   5.6662   3.7204   0.0750   0.0000   0.0000
    6.80   32.62700000  29.1700   5.6668   3.6553  -0.1900   0.0000   0.0000
    6.80   32.64100000  28.8770   5.6671   3.6284  -0.3020   0.0000   0.0000
    6.80   32.65400000  28.5450   5.6671   3.6318  -0.2930   0.0000   0.0000
    6.80   32.66800000  28.2170   5.6672   3.6353  -0.2840   0.0000   0.0000
    6.80   32.68200000  27.8920   5.6672   3.6390  -0.2750   0.0000   0.0000
    6.80   32.69500000  27.5690   5.6672   3.6428  -0.2650   0.0000   0.0000
    6.80   32.70900000  27.2560   5.6672   3.6470  -0.2530   0.0000   0.0000
    6.80   32.72300000  26.9640   5.6669   3.6523  -0.2360   0.0000   0.0000
    6.80   32.73600000  26.6770   5.6666   3.6576  -0.2190   0.0000   0.0000
    6.80   32.75000000  26.3930   5.6663   3.6630  -0.2020   0.0000   0.0000
    6.80   32.76400000  26.1130   5.6660   3.6685  -0.1840   0.0000   0.0000
    6.80   32.77700000  25.8360   5.6657   3.6740  -0.1660   0.0000   0.0000
    6.80   32.79100000  25.5540   5.6653   3.6915  -0.1010   0.0000   0.0000
    6.80   32.80500000  25.2740   5.6647   3.7111  -0.0270   0.0000   0.0000
    6.80   32.81800000  24.9970   5.6642   3.7308   0.0480   0.0000   0.0000
    6.80   32.83200000  24.7230   5.6637   3.7506   0.1230   0.0000   0.0000
    6.80   32.84600000  24.4530   5.6632   3.7704   0.1980   0.0000   0.0000
    6.80   32.86000000  24.2750   5.6631   3.7912   0.2780   0.0000   0.0000
    6.80   32.87300000  24.1830   5.6634   3.8130   0.3630   0.0000   0.0000
    6.80   33.44100000  21.4730   5.6616   4.2320   1.9890   0.0000   0.0000
    6.80   34.28900000  19.4010   5.6708   4.2229   1.9700   0.0000   0.0000
    6.80   35.15900000  18.1760   5.6899   4.1831   1.7040   0.0000   0.0000
    6.80   36.05100000  17.4630   5.7157   4.1424   1.4870   0.0000   0.0000
# log(age) Mini Mact logl logt logg Composition Phase
    6.85    0.80000000   0.8000  -0.4237   3.7305   4.6400   0.0000   0.0000
    6.85    0.88400000   0.8840  -0.2201   3.7598   4.5970   0.0000   0.0000
    6.85    0.97800000   0.9780  -0.0155   3.7857   4.5390   0.0000   0.0000
    6.85    1.08100000   1.0810   0.1889   3.8090   4.4720   0.0000   0.0000
    6.85    1.19400000   1.1940   0.3672   3.8293   4.4180   0.0000   0.0000
    6.85    1.32000000   1.3200   0.5539   3.8567   4.3850   0.0000   0.0000
    6.85    1.46000000   1.4600   0.7429   3.8962   4.3970   0.0000   0.0000
    6.85    1.61300000   1.6130   0.9281   3.9343   4.4180   0.0000   0.0000
    6.85    1.78300000   1.7830   1.1078   3.9712   4.4510   0.0000   0.0000
    6.85    1.97100000   1.9710   1.2818   4.0078   4.4670   0.0000   0.0000
    6.85    2.17900000   2.1790   1.4514   4.0410   4.4720   0.0000   0.0000
    6.85    2.40900000   2.4090   1.6203   4.0735   4.4760   0.0000   0.0000
    6.85    2.66300000   2.6630   1.7842   4.1033   4.4740   0.0000   0.0000
    6.85    2.94400000   2.9440   1.9451   4.1316   4.4700   0.0000   0.0000
    6.85    3.25400000   3.2540   2.1036   4.1585   4.4620   0.0000   0.0000
    6.85    3.59700000   3.5970   2.2625   4.1848   4.4500   0.0000   0.0000
    6.85    3.97600000   3.9760   2.4216   4.2110   4.4380   0.0000   0.0000
    6.85    4.39500000   4.3950   2.5743   4.2359   4.4280   0.0000   0.0000
    6.85    4.85800000   4.8580   2.7276   4.2605   4.4160   0.0000   0.0000
    6.85    5.37000000   5.3700   2.8783   4.2838   4.4010   0.0000   0.0000
    6.85    5.93600000   5.9360   3.0289   4.3065   4.3850   0.0000   0.0000
    6.85    6.56200000   6.5620   3.1810   4.3292   4.3670   0.0000   0.0000
    6.85    7.25400000   7.2540   3.3324   4.3517   4.3490   0.0000   0.0000
    6.85    8.01800000   8.0180   3.4812   4.3733   4.3310   0.0000   0.0000
    6.85    8.86400000   8.8630   3.6324   4.3949   4.3100   0.0000   0.0000
    6.85    9.79800000   9.7950   3.7809   4.4152   4.2860   0.0000   0.0000
    6.85   10.83100000  10.8240   3.9321   4.4350   4.2580   0.0000   0.0000
    6.85   11.97200000  11.9600   4.0882   4.4541   4.2220   0.0000   0.0000
    6.85   13.23400000  13.2060   4.2384   4.4709   4.1830   0.0000   0.0000
    6.85   14.62900000  14.5760   4.3946   4.4864   4.1320   0.0000   0.0000
    6.85   16.17100000  16.0930   4.5477   4.4985   4.0730   0.0000   0.0000
    6.85   17.87600000  17.7650   4.7043   4.5075   3.9980   0.0000   0.0000
    6.85   19.76000000  19.5990   4.8697   4.5117   3.8950   0.0000   0.0000
    6.85   21.84300000  21.5450   5.0263   4.5094   3.7740   0.0000   0.0000
    6.85   24.14500000  23.6220   5.1869   4.4975   3.6060   0.0000   0.0000
    6.85   26.69000000  25.7740   5.3412   4.4782   3.4070   0.0000   0.0000
    6.85   27.44800000  26.3840   5.3829   4.4862   3.4040   0.0000   0.0000
    6.85   27.45900000  26.3930   5.3837   4.4867   3.4060   0.0000   0.0000
    6.85   27.47000000  26.4020   5.3844   4.4871   3.4070   0.0000   0.0000
    6.85   27.48200000  26.4110   5.3852   4.4875   3.4080   0.0000   0.0000
    6.85   27.49300000  26.4200   5.3859   4.4880   3.4090   0.0000   0.0000
    6.85   27.50500000  26.4290   5.3866   4.4885   3.4100   0.0000   0.0000
    6.85   27.51600000  26.4380   5.3874   4.4891   3.4120   0.0000   0.0000
    6.85   27.52800000  26.4470   5.3881   4.4897   3.4140   0.0000   0.0000
    6.85   27.53900000  26.4560   5.3888   4.4903   3.4160   0.0000   0.0000
    6.85   27.55100000  26.4650   5.3896   4.4910   3.4180   0.0000   0.0000
    6.85   27.56200000  26.4750   5.3904   4.4918   3.4200   0.0000   0.0000
    6.85   27.57400000  26.4840   5.3911   4.4926   3.4230   0.0000   0.0000
    6.85   27.58500000  26.4930   5.3920   4.4938   3.4270   0.0000   0.0000
    6.85   27.59700000  26.5020   5.3928   4.4951   3.4310   0.0000   0.0000
    6.85   27.60800000  26.5110   5.3937   4.4968   3.4350   0.0000   0.0000
    6.85   27.62000000  26.5200   5.3947   4.4990   3.4410   0.0000   0.0000
    6.85   27.63200000  26.5290   5.3958   4.5013   3.4470   0.0000   0.0000
    6.85   27.64300000  26.5380   5.3971   4.5038   3.4540   0.0000   0.0000
    6.85   27.65500000  26.5470   5.3985   4.5063   3.4610   0.0000   0.0000
    6.85   27.66600000  26.5560   5.4004   4.5097   3.4720   0.0000   0.0000
    6.85   27.67800000  26.5650   5.4024   4.5131   3.4830   0.0000   0.0000
    6.85   27.68900000  26.5740   5.4073   4.5197   3.5040   0.0000   0.0000
    6.85   27.70100000  26.5830   5.4142   4.5284   3.5310   0.0000   0.0000
    6.85   27.71200000  26.5920   5.4211   4.5371   3.5590   0.0000   0.0000
    6.85   27.72400000  26.6000   5.4280   4.5458   3.5860   0.0000   0.0000
    6.85   27.73600000  26.6090   5.4325   4.5256   3.5020   0.0000   0.0000
    6.85   27.74700000  26.6180   5.4488   4.4746   3.2810   0.0000   0.0000
    6.85   27.75900000  26.6270   5.4668   4.4091   3.0000   0.0000   0.0000
    6.85   27.77000000  26.6330   5.4816   4.3320   2.6690   0.0000   0.0000
    6.85   27.78200000  26.6340   5.4942   4.2351   2.2640   0.0000   0.0000
    6.85   27.79400000  26.6030   5.5067   4.1404   1.8720   0.0000   0.0000
    6.85   27.80500000  26.5220   5.5088   4.1024   1.7160   0.0000   0.0000
    6.85   27.81700000  26.4400   5.5110   4.0642   1.5600   0.0000   0.0000
    6.85   27.82800000  26.3580   5.5131   4.0257   1.4020   0.0000   0.0000
    6.85   27.84000000  26.2750   5.5152   3.9871   1.2440   0.0000   0.0000
    6.85   27.85200000  26.1920   5.5173   3.9482   1.0850   0.0000   0.0000
    6.85   27.86300000  26.0970   5.5189   3.9189   0.9640   0.0000   0.0000
    6.85   27.87500000  25.9710   5.5193   3.9179   0.9580   0.0000   0.0000
    6.85   27.88700000  25.8440   5.5197   3.9170   0.9520   0.0000   0.0000
    6.85   27.89800000  25.7160   5.5201   3.9161   0.9460   0.0000   0.0000
    6.85   27.91000000  25.5880   5.5205   3.9152   0.9400   0.0000   0.0000
    6.85   27.92100000  25.4590   5.5209   3.9144   0.9340   0.0000   0.0000
    6.85   27.93300000  25.3240   5.5211   3.9148   0.9330   0.0000   0.0000
    6.85   27.94500000  25.1890   5.5213   3.9152   0.9320   0.0000   0.0000
    6.85   27.95600000  25.0530   5.5215   3.9156   0.9310   0.0000   0.0000
    6.85   27.96800000  24.9170   5.5217   3.9160   0.9300   0.0000   0.0000
    6.85   27.98000000  24.7810   5.5218   3.9164   0.9290   0.0000   0.0000
    6.85   27.99200000  24.6420   5.5220   3.9224   0.9510   0.0000   0.0000
    6.85   28.00300000  24.5030   5.5221   3.9294   0.9760   0.0000   0.0000
    6.85   28.01500000  24.3630   5.5222   3.9365   1.0020   0.0000   0.0000
    6.85   28.02700000  24.2230   5.5224   3.9437   1.0280   0.0000   0.0000
    6.85   28.03800000  24.0830   5.5225   3.9509   1.0540   0.0000   0.0000
    6.85   28.05000000  24.0070   5.5229   3.9597   1.0870   0.0000   0.0000
    6.85   28.06200000  23.9630   5.5236   3.9694   1.1250   0.0000   0.0000
    6.85   28.77400000  20.4920   5.5310   4.1730   1.8640   0.0000   0.0000
    6.85   29.50400000  17.5730   5.5382   4.1786   1.8120   0.0000   0.0000
    6.85   30.25200000  15.2250   5.5489   4.3327   2.3560   0.0000   0.0000
# log(age) Mini Mact logl logt logg Composition Phase
    6.90    0.80000000   0.8000  -0.4237   3.7305   4.6400   0.0000   0.0000
    6.90    0.88400000   0.8840  -0.2201   3.7598   4.5970   0.0000   0.0000
    6.90    0.97800000   0.9780  -0.0155   3.7857   4.5390   0.0000   0.0000
    6.90    1.08100000   1.0810   0.1889   3.8090   4.4720   0.0000   0.0000
    6.90    1.19400000   1.1940   0.3672   3.8293   4.4180   0.0000   0.0000
    6.90    1.32000000   1.3200   0.5539   3.8567   4.3850   0.0000   0.0000
    6.90    1.46000000   1.4600   0.7429   3.8962   4.3970   0.0000   0.0000
    6.90    1.61300000   1.6130   0.9281   3.9344   4.4180   0.0000   0.0000
    6.90    1.78300000   1.7830   1.1078   3.9712   4.4510   0.0000   0.0000
    6.90    1.97100000   1.9710   1.2818   4.0078   4.4670   0.0000   0.0000
    6.90    2.17900000   2.1790   1.4514   4.0409   4.4720   0.0000   0.0000
    6.90    2.40900000   2.4090   1.6203   4.0735   4.4760   0.0000   0.0000
    6.90    2.66300000   2.6630   1.7842   4.1033   4.4740   0.0000   0.0000
    6.90    2.94400000   2.9440   1.9452   4.1316   4.4690   0.0000   0.0000
    6.90    3.25400000   3.2540   2.1044   4.1583   4.4600   0.0000   0.0000
    6.90    3.59700000   3.5970   2.2633   4.1845   4.4480   0.0000   0.0000
    6.90    3.97600000   3.9760   2.4224   4.2107   4.4360   0.0000   0.0000
    6.90    4.39500000   4.3950   2.5758   4.2355   4.4250   0.0000   0.0000
    6.90    4.85800000   4.8580   2.7292   4.2602   4.4130   0.0000   0.0000
    6.90    5.37000000   5.3700   2.8805   4.2833   4.3970   0.0000   0.0000
    6.90    5.93600000   5.9360   3.0319   4.3060   4.3800   0.0000   0.0000
    6.90    6.56200000   6.5620   3.1850   4.3288   4.3610   0.0000   0.0000
    6.90    7.25400000   7.2540   3.3374   4.3512   4.3420   0.0000   0.0000
    6.90    8.01800000   8.0180   3.4876   4.3728   4.3220   0.0000   0.0000
    6.90    8.86400000   8.8630   3.6404   4.3943   4.2990   0.0000   0.0000
    6.90    9.79800000   9.7950   3.7910   4.4144   4.2730   0.0000   0.0000
    6.90   10.83100000  10.8230   3.9450   4.4338   4.2400   0.0000   0.0000
    6.90   11.97200000  11.9580   4.1049   4.4525   4.1990   0.0000   0.0000
    6.90   13.23400000  13.2020   4.2595   4.4684   4.1520   0.0000   0.0000
    6.90   14.62900000  14.5670   4.4214   4.4825   4.0910   0.0000   0.0000
    6.90   16.17100000  16.0770   4.5810   4.4925   4.0160   0.0000   0.0000
    6.90   17.87600000  17.7400   4.7457   4.4977   3.9190   0.0000   0.0000
    6.90   19.76000000  19.5610   4.9221   4.4948   3.7780   0.0000   0.0000
    6.90   21.84300000  21.4700   5.0887   4.4812   3.6000   0.0000   0.0000
    6.90   23.76500000  23.1650   5.2308   4.4731   3.4570   0.0000   0.0000
    6.90   23.77500000  23.1730   5.2316   4.4735   3.4580   0.0000   0.0000
    6.90   23.78500000  23.1820   5.2323   4.4738   3.4580   0.0000   0.0000
    6.90   23.79500000  23.1900   5.2331   4.4740   3.4580   0.0000   0.0000
    6.90   23.80500000  23.1990   5.2340   4.4746   3.4600   0.0000   0.0000
    6.90   23.81500000  23.2070   5.2349   4.4751   3.4620   0.0000   0.0000
    6.90   23.82500000  23.2160   5.2358   4.4757   3.4630   0.0000   0.0000
    6.90   23.83500000  23.2240   5.2367   4.4762   3.4650   0.0000   0.0000
    6.90   23.84500000  23.2330   5.2375   4.4769   3.4670   0.0000   0.0000
    6.90   23.85500000  23.2420   5.2383   4.4775   3.4690   0.0000   0.0000
    6.90   23.86500000  23.2500   5.2391   4.4783   3.4710   0.0000   0.0000
    6.90   23.87500000  23.2590   5.2399   4.4791   3.4740   0.0000   0.0000
    6.90   23.88500000  23.2670   5.2408   4.4801   3.4770   0.0000   0.0000
    6.90   23.89500000  23.2760   5.2417   4.4812   3.4810   0.0000   0.0000
    6.90   23.90500000  23.2840   5.2426   4.4825   3.4850   0.0000   0.0000
    6.90   23.91400000  23.2930   5.2435   4.4838   3.4900   0.0000   0.0000
    6.90   23.92400000  23.3010   5.2445   4.4862   3.4960   0.0000   0.0000
    6.90   23.93400000  23.3100   5.2456   4.4888   3.5020   0.0000   0.0000
    6.90   23.94400000  23.3180   5.2471   4.4918   3.5100   0.0000   0.0000
    6.90   23.95400000  23.3270   5.2488   4.4949   3.5180   0.0000   0.0000
    6.90   23.96400000  23.3350   5.2511   4.4988   3.5300   0.0000   0.0000
    6.90   23.97400000  23.3440   5.2536   4.5029   3.5420   0.0000   0.0000
    6.90   23.98400000  23.3520   5.2617   4.5120   3.5690   0.0000   0.0000
    6.90   23.99500000  23.3610   5.2705   4.5216   3.5980   0.0000   0.0000
    6.90   24.00500000  23.3690   5.2792   4.5312   3.6260   0.0000   0.0000
    6.90   24.01500000  23.3770   5.2861   4.5009   3.4990   0.0000   0.0000
    6.90   24.02500000  23.3860   5.3103   4.4427   3.2360   0.0000   0.0000
    6.90   24.03500000  23.3940   5.3306   4.3700   2.9210   0.0000   0.0000
    6.90   24.04500000  23.3990   5.3463   4.2862   2.5620   0.0000   0.0000
    6.90   24.05500000  23.4040   5.3606   4.2287   2.3170   0.0000   0.0000
    6.90   24.06500000  23.4090   5.3646   4.2135   2.2520   0.0000   0.0000
    6.90   24.07500000  23.4150   5.3686   4.1983   2.1870   0.0000   0.0000
    6.90   24.08500000  23.4200   5.3725   4.1831   2.1220   0.0000   0.0000
    6.90   24.09500000  23.4250   5.3765   4.1678   2.0570   0.0000   0.0000
    6.90   24.10500000  23.4310   5.3795   4.1574   2.0120   0.0000   0.0000
    6.90   24.11500000  23.4360   5.3802   4.1573   2.0110   0.0000   0.0000
    6.90   24.12500000  23.4420   5.3809   4.1573   2.0100   0.0000   0.0000
    6.90   24.13500000  23.4470   5.3816   4.1573   2.0100   0.0000   0.0000
    6.90   24.14500000  23.4530   5.3823   4.1572   2.0090   0.0000   0.0000
    6.90   24.15500000  23.4580   5.3831   4.1571   2.0080   0.0000   0.0000
    6.90   24.16500000  23.4630   5.3839   4.1570   2.0070   0.0000   0.0000
    6.90   24.17600000  23.4690   5.3846   4.1569   2.0060   0.0000   0.0000
    6.90   24.18600000  23.4740   5.3854   4.1567   2.0040   0.0000   0.0000
    6.90   24.19600000  23.4800   5.3861   4.1566   2.0030   0.0000   0.0000
    6.90   24.20600000  23.4850   5.3869   4.1564   2.0020   0.0000   0.0000
    6.90   24.21600000  23.4900   5.3877   4.1563   2.0000   0.0000   0.0000
    6.90   24.22600000  23.4960   5.3884   4.1561   1.9990   0.0000   0.0000
    6.90   24.23600000  23.5010   5.3892   4.1559   1.9980   0.0000   0.0000
    6.90   24.24600000  23.5060   5.3900   4.1556   1.9960   0.0000   0.0000
    6.90   24.25600000  23.5120   5.3908   4.1553   1.9940   0.0000   0.0000
    6.90   24.26700000  23.5170   5.3916   4.1550   1.9920   0.0000   0.0000
    6.90   24.27700000  23.5220   5.3923   4.1547   1.9900   0.0000   0.0000
    6.90   24.28700000  23.5270   5.3931   4.1543   1.9870   0.0000   0.0000
    6.90   24.75800000  21.9480   5.4102   4.1013   1.7270   0.0000   0.0000
    6.90   25.38600000  19.0030   5.4225   4.0460   1.4310   0.0000   0.0000
    6.90   26.03000000  17.1470   5.4386   4.1925   1.9560   0.0000   0.0000
# log(age) Mini Mact logl logt logg Composition Phase
    6.95    0.80000000   0.8000  -0.4236   3.7305   4.6400   0.0000   0.0000
    6.95    0.88400000   0.8840  -0.2200   3.7598   4.5970   0.0000   0.0000
    6.95    0.97800000   0.9780  -0.0155   3.7857   4.5390   0.0000   0.0000
    6.95    1.08100000   1.0810   0.1889   3.8090   4.4720   0.0000   0.0000
    6.95    1.19400000   1.1940   0.3672   3.8293   4.4180   0.0000   0.0000
    6.95    1.32000000   1.3200   0.5539   3.8567   4.3850   0.0000   0.0000
    6.95    1.46000000   1.4600   0.7429   3.8962   4.3970   0.0000   0.0000
    6.95    1.61300000   1.6130   0.9281   3.9344   4.4180   0.0000   0.0000
    6.95    1.78300000   1.7830   1.1078   3.9712   4.4510   0.0000   0.0000
    6.95    1.97100000   1.9710   1.2818   4.0078   4.4670   0.0000   0.0000
    6.95    2.17900000   2.1790   1.4514   4.0409   4.4720   0.0000   0.0000
    6.95    2.40900000   2.4090   1.6203   4.0734   4.4760   0.0000   0.0000
    6.95    2.66300000   2.6630   1.7842   4.1033   4.4740   0.0000   0.0000
    6.95    2.94400000   2.9440   1.9455   4.1314   4.4680   0.0000   0.0000
    6.95    3.25400000   3.2540   2.1051   4.1580   4.4570   0.0000   0.0000
    6.95    3.59700000   3.5970   2.2641   4.1843   4.4460   0.0000   0.0000
    6.95    3.97600000   3.9760   2.4237   4.2104   4.4330   0.0000   0.0000
    6.95    4.39500000   4.3950   2.5773   4.2352   4.4210   0.0000   0.0000
    6.95    4.85800000   4.8580   2.7314   4.2597   4.4080   0.0000   0.0000
    6.95    5.37000000   5.3700   2.8833   4.2828   4.3920   0.0000   0.0000
    6.95    5.93600000   5.9360   3.0354   4.3055   4.3740   0.0000   0.0000
    6.95    6.56200000   6.5620   3.1894   4.3283   4.3550   0.0000   0.0000
    6.95    7.25400000   7.2540   3.3431   4.3507   4.3350   0.0000   0.0000
    6.95    8.01800000   8.0180   3.4948   4.3722   4.3130   0.0000   0.0000
    6.95    8.86400000   8.8630   3.6496   4.3935   4.2870   0.0000   0.0000
    6.95    9.79800000   9.7940   3.8027   4.4134   4.2570   0.0000   0.0000
    6.95   10.83100000  10.8220   3.9600   4.4324   4.2200   0.0000   0.0000
    6.95   11.97200000  11.9550   4.1247   4.4503   4.1710   0.0000   0.0000
    6.95   13.23400000  13.1960   4.2849   4.4651   4.1140   0.0000   0.0000
    6.95   14.62900000  14.5550   4.4538   4.4771   4.0370   0.0000   0.0000
    6.95   16.17100000  16.0570   4.6218   4.4836   3.9410   0.0000   0.0000
    6.95   17.87600000  17.7080   4.7974   4.4824   3.8070   0.0000   0.0000
    6.95   19.76000000  19.5110   4.9879   4.4658   3.5990   0.0000   0.0000
    6.95   21.07200000  20.7000   5.1019   4.4619   3.4960   0.0000   0.0000
    6.95   21.08100000  20.7080   5.1028   4.4622   3.4970   0.0000   0.0000
    6.95   21.09000000  20.7160   5.1036   4.4626   3.4980   0.0000   0.0000
    6.95   21.09900000  20.7240   5.1045   4.4631   3.4990   0.0000   0.0000
    6.95   21.10800000  20.7310   5.1053   4.4636   3.5010   0.0000   0.0000
    6.95   21.11600000  20.7390   5.1062   4.4642   3.5020   0.0000   0.0000
    6.95   21.12500000  20.7470   5.1070   4.4648   3.5040   0.0000   0.0000
    6.95   21.13400000  20.7550   5.1078   4.4655   3.5060   0.0000   0.0000
    6.95   21.14300000  20.7620   5.1085   4.4662   3.5080   0.0000   0.0000
    6.95   21.15200000  20.7700   5.1094   4.4670   3.5110   0.0000   0.0000
    6.95   21.16100000  20.7780   5.1103   4.4679   3.5140   0.0000   0.0000
    6.95   21.16900000  20.7860   5.1112   4.4688   3.5170   0.0000   0.0000
    6.95   21.17800000  20.7940   5.1121   4.4698   3.5200   0.0000   0.0000
    6.95   21.18700000  20.8010   5.1131   4.4708   3.5240   0.0000   0.0000
    6.95   21.19600000  20.8090   5.1141   4.4718   3.5270   0.0000   0.0000
    6.95   21.20500000  20.8170   5.1151   4.4733   3.5320   0.0000   0.0000
    6.95   21.21400000  20.8250   5.1162   4.4752   3.5370   0.0000   0.0000
    6.95   21.22300000  20.8320   5.1174   4.4773   3.5420   0.0000   0.0000
    6.95   21.23100000  20.8400   5.1191   4.4800   3.5490   0.0000   0.0000
    6.95   21.24000000  20.8480   5.1210   4.4830   3.5570   0.0000   0.0000
    6.95   21.24900000  20.8560   5.1236   4.4869   3.5680   0.0000   0.0000
    6.95   21.25800000  20.8630   5.1269   4.4914   3.5810   0.0000   0.0000
    6.95   21.26700000  20.8710   5.1353   4.4999   3.6060   0.0000   0.0000
    6.95   21.27600000  20.8790   5.1437   4.5083   3.6300   0.0000   0.0000
    6.95   21.28500000  20.8860   5.1510   4.5156   3.6510   0.0000   0.0000
    6.95   21.29400000  20.8940   5.1590   4.4842   3.5150   0.0000   0.0000
    6.95   21.30200000  20.9020   5.1851   4.4314   3.2720   0.0000   0.0000
    6.95   21.31100000  20.9100   5.2056   4.3680   2.9950   0.0000   0.0000
    6.95   21.32000000  20.9150   5.2202   4.2988   2.6910   0.0000   0.0000
    6.95   21.32900000  20.9200   5.2351   4.2460   2.4650   0.0000   0.0000
    6.95   21.33800000  20.9250   5.2391   4.2341   2.4120   0.0000   0.0000
    6.95   21.34700000  20.9310   5.2431   4.2221   2.3600   0.0000   0.0000
    6.95   21.35600000  20.9360   5.2471   4.2101   2.3080   0.0000   0.0000
    6.95   21.36500000  20.9410   5.2511   4.1981   2.2550   0.0000   0.0000
    6.95   21.37400000  20.9470   5.2550   4.1861   2.2030   0.0000   0.0000
    6.95   21.38300000  20.9520   5.2561   4.1849   2.1970   0.0000   0.0000
    6.95   21.39200000  20.9580   5.2569   4.1848   2.1960   0.0000   0.0000
    6.95   21.40100000  20.9630   5.2577   4.1847   2.1950   0.0000   0.0000
    6.95   21.40900000  20.9680   5.2585   4.1846   2.1940   0.0000   0.0000
    6.95   21.41800000  20.9740   5.2593   4.1845   2.1930   0.0000   0.0000
    6.95   21.42700000  20.9790   5.2601   4.1843   2.1920   0.0000   0.0000
    6.95   21.43600000  20.9840   5.2610   4.1842   2.1910   0.0000   0.0000
    6.95   21.44500000  20.9900   5.2618   4.1841   2.1900   0.0000   0.0000
    6.95   21.45400000  20.9950   5.2626   4.1840   2.1880   0.0000   0.0000
    6.95   21.46300000  21.0010   5.2634   4.1838   2.1870   0.0000   0.0000
    6.95   21.47200000  21.0060   5.2642   4.1836   2.1850   0.0000   0.0000
    6.95   21.48100000  21.0110   5.2650   4.1834   2.1840   0.0000   0.0000
    6.95   21.49000000  21.0170   5.2659   4.1832   2.1820   0.0000   0.0000
    6.95   21.49900000  21.0220   5.2667   4.1830   2.1800   0.0000   0.0000
    6.95   21.50800000  21.0270   5.2675   4.1827   2.1790   0.0000   0.0000
    6.95   21.51700000  21.0320   5.2683   4.1824   2.1770   0.0000   0.0000
    6.95   21.52600000  21.0380   5.2691   4.1822   2.1750   0.0000   0.0000
    6.95   21.53500000  21.0430   5.2700   4.1819   2.1730   0.0000   0.0000
    6.95   21.84300000  20.8200   5.2927   4.1554   2.0390   0.0000   0.0000
    6.95   22.39700000  19.5420   5.3230   4.0929   1.7310   0.0000   0.0000
    6.95   22.96500000  17.6790   5.3427   4.0736   1.5900   0.0000   0.0000
# log(age) Mini Mact logl logt logg Composition Phase
    7.00    0.80000000   0.8000  -0.4236   3.7305   4.6400   0.0000   0.0000
    7.00    0.88400000   0.8840  -0.2200   3.7598   4.5970   0.0000   0.0000
    7.00    0.97800000   0.9780  -0.0154   3.7857   4.5390   0.0000   0.0000
    7.00    1.08100000   1.0810   0.1890   3.8090   4.4720   0.0000   0.0000
    7.00    1.19400000   1.1940   0.3672   3.8293   4.4180   0.0000   0.0000
    7.00    1.32000000   1.3200   0.5539   3.8567   4.3850   0.0000   0.0000
    7.00    1.46000000   1.4600   0.7429   3.8962   4.3970   0.0000   0.0000
    7.00    1.61300000   1.6130   0.9281   3.9344   4.4180   0.0000   0.0000
    7.00    1.78300000   1.7830   1.1078   3.9712   4.4510   0.0000   0.0000
    7.00    1.97100000   1.9710   1.2818   4.0078   4.4660   0.0000   0.0000
    7.00    2.17900000   2.1790   1.4514   4.0409   4.4720   0.0000   0.0000
    7.00    2.40900000   2.4090   1.6203   4.0734   4.4760   0.0000   0.0000
    7.00    2.66300000   2.6630   1.7842   4.1033   4.4740   0.0000   0.0000
    7.00    2.94400000   2.9440   1.9463   4.1312   4.4660   0.0000   0.0000
    7.00    3.25400000   3.2540   2.1059   4.1578   4.4550   0.0000   0.0000
    7.00    3.59700000   3.5970   2.2649   4.1840   4.4440   0.0000   0.0000
    7.00    3.97600000   3.9760   2.4251   4.2101   4.4300   0.0000   0.0000
    7.00    4.39500000   4.3950   2.5790   4.2348   4.4180   0.0000   0.0000
    7.00    4.85800000   4.8580   2.7336   4.2592   4.4040   0.0000   0.0000
    7.00    5.37000000   5.3700   2.8864   4.2823   4.3870   0.0000   0.0000
    7.00    5.93600000   5.9360   3.0395   4.3050   4.3680   0.0000   0.0000
    7.00    6.56200000   6.5620   3.1945   4.3278   4.3480   0.0000   0.0000
    7.00    7.25400000   7.2540   3.3497   4.3501   4.3260   0.0000   0.0000
    7.00    8.01800000   8.0180   3.5030   4.3715   4.3020   0.0000   0.0000
    7.00    8.86400000   8.8630   3.6602   4.3927   4.2740   0.0000   0.0000
    7.00    9.79800000   9.7940   3.8163   4.4122   4.2390   0.0000   0.0000
    7.00   10.83100000  10.8210   3.9778   4.4306   4.1960   0.0000   0.0000
    7.00   11.97200000  11.9520   4.1485   4.4475   4.1370   0.0000   0.0000
    7.00   13.23400000  13.1880   4.3155   4.4604   4.0650   0.0000   0.0000
    7.00   14.62900000  14.5390   4.4935   4.4690   3.9660   0.0000   0.0000
    7.00   16.17100000  16.0300   4.6727   4.4695   3.8350   0.0000   0.0000
    7.00   17.87600000  17.6640   4.8631   4.4559   3.6380   0.0000   0.0000
    7.00   18.92800000  18.6630   4.9792   4.4487   3.5210   0.0000   0.0000
    7.00   18.93600000  18.6700   4.9801   4.4491   3.5220   0.0000   0.0000
    7.00   18.94400000  18.6780   4.9810   4.4495   3.5230   0.0000   0.0000
    7.00   18.95200000  18.6850   4.9820   4.4498   3.5240   0.0000   0.0000
    7.00   18.96000000  18.6930   4.9829   4.4501   3.5240   0.0000   0.0000
    7.00   18.96800000  18.7000   4.9839   4.4505   3.5250   0.0000   0.0000
    7.00   18.97600000  18.7080   4.9849   4.4509   3.5260   0.0000   0.0000
    7.00   18.98400000  18.7150   4.9860   4.4515   3.5270   0.0000   0.0000
    7.00   18.99200000  18.7220   4.9870   4.4521   3.5290   0.0000   0.0000
    7.00   19.00000000  18.7300   4.9880   4.4528   3.5310   0.0000   0.0000
    7.00   19.00700000  18.7370   4.9890   4.4536   3.5330   0.0000   0.0000
    7.00   19.01500000  18.7450   4.9899   4.4545   3.5360   0.0000   0.0000
    7.00   19.02300000  18.7520   4.9909   4.4556   3.5400   0.0000   0.0000
    7.00   19.03100000  18.7600   4.9920   4.4567   3.5430   0.0000   0.0000
    7.00   19.03900000  18.7670   4.9932   4.4579   3.5470   0.0000   0.0000
    7.00   19.04700000  18.7750   4.9943   4.4590   3.5510   0.0000   0.0000
    7.00   19.05500000  18.7820   4.9955   4.4601   3.5560   0.0000   0.0000
    7.00   19.06300000  18.7900   4.9969   4.4618   3.5610   0.0000   0.0000
    7.00   19.07100000  18.7970   4.9983   4.4638   3.5670   0.0000   0.0000
    7.00   19.07900000  18.8050   5.0003   4.4668   3.5740   0.0000   0.0000
    7.00   19.08700000  18.8120   5.0027   4.4703   3.5840   0.0000   0.0000
    7.00   19.09500000  18.8200   5.0062   4.4752   3.5980   0.0000   0.0000
    7.00   19.10300000  18.8270   5.0134   4.4829   3.6190   0.0000   0.0000
    7.00   19.11100000  18.8340   5.0241   4.4930   3.6490   0.0000   0.0000
    7.00   19.11900000  18.8420   5.0309   4.4995   3.6670   0.0000   0.0000
    7.00   19.12700000  18.8490   5.0501   4.4540   3.4590   0.0000   0.0000
    7.00   19.13500000  18.8570   5.0820   4.3871   3.1550   0.0000   0.0000
    7.00   19.14300000  18.8630   5.1011   4.3126   2.8230   0.0000   0.0000
    7.00   19.15100000  18.8680   5.1185   4.2499   2.5530   0.0000   0.0000
    7.00   19.15900000  18.8730   5.1236   4.2366   2.4940   0.0000   0.0000
    7.00   19.16700000  18.8780   5.1287   4.2233   2.4350   0.0000   0.0000
    7.00   19.17500000  18.8830   5.1338   4.2100   2.3770   0.0000   0.0000
    7.00   19.18300000  18.8880   5.1366   4.2040   2.3490   0.0000   0.0000
    7.00   19.19100000  18.8930   5.1377   4.2038   2.3480   0.0000   0.0000
    7.00   19.19900000  18.8980   5.1387   4.2037   2.3470   0.0000   0.0000
    7.00   19.20700000  18.9030   5.1398   4.2036   2.3450   0.0000   0.0000
    7.00   19.21500000  18.9080   5.1408   4.2034   2.3440   0.0000   0.0000
    7.00   19.22300000  18.9130   5.1419   4.2033   2.3420   0.0000   0.0000
    7.00   19.23100000  18.9170   5.1430   4.2031   2.3400   0.0000   0.0000
    7.00   19.23900000  18.9220   5.1440   4.2029   2.3380   0.0000   0.0000
    7.00   19.24700000  18.9270   5.1451   4.2027   2.3360   0.0000   0.0000
    7.00   19.25500000  18.9320   5.1461   4.2024   2.3340   0.0000   0.0000
    7.00   19.26300000  18.9370   5.1472   4.2022   2.3320   0.0000   0.0000
    7.00   19.27100000  18.9420   5.1482   4.2018   2.3300   0.0000   0.0000
    7.00   19.27900000  18.9470   5.1493   4.2015   2.3270   0.0000   0.0000
    7.00   19.28700000  18.9520   5.1504   4.2011   2.3240   0.0000   0.0000
    7.00   19.29500000  18.9570   5.1514   4.2007   2.3220   0.0000   0.0000
    7.00   19.30300000  18.9620   5.1525   4.2002   2.3190   0.0000   0.0000
    7.00   19.31100000  18.9660   5.1535   4.1997   2.3160   0.0000   0.0000
    7.00   19.32000000  18.9710   5.1545   4.1992   2.3130   0.0000   0.0000
    7.00   19.32800000  18.9760   5.1556   4.1986   2.3100   0.0000   0.0000
    7.00   19.33600000  18.9810   5.1566   4.1981   2.3060   0.0000   0.0000
    7.00   19.76000000  19.2300   5.2085   4.1504   2.0690   0.0000   0.0000
    7.00   20.26100000  18.3880   5.2454   4.0458   1.5930   0.0000   0.0000
    7.00   20.77500000  14.4520   5.2483   3.6105  -0.2550   0.0000   0.0000
# log(age) Mini Mact logl logt logg Composition Phase
    7.05    0.80000000   0.8000  -0.4236   3.7305   4.6400   0.0000   0.0000
    7.05    0.88400000   0.8840  -0.2200   3.7598   4.5970   0.0000   0.0000
    7.05    0.97800000   0.9780  -0.0154   3.7857   4.5390   0.0000   0.0000
    7.05    1.08100000   1.0810   0.1890   3.8090   4.4720   0.0000   0.0000
    7.05    1.19400000   1.1940   0.3673   3.8293   4.4180   0.0000   0.0000
    7.05    1.32000000   1.3200   0.5540   3.8567   4.3850   0.0000   0.0000
    7.05    1.46000000   1.4600   0.7429   3.8962   4.3970   0.0000   0.0000
    7.05    1.61300000   1.6130   0.9281   3.9344   4.4180   0.0000   0.0000
    7.05    1.78300000   1.7830   1.1078   3.9712   4.4510   0.0000   0.0000
    7.05    1.97100000   1.9710   1.2818   4.0078   4.4660   0.0000   0.0000
    7.05    2.17900000   2.1790   1.4514   4.0409   4.4720   0.0000   0.0000
    7.05    2.40900000   2.4090   1.6203   4.0734   4.4760   0.0000   0.0000
    7.05    2.66300000   2.6630   1.7844   4.1032   4.4730   0.0000   0.0000
    7.05    2.94400000   2.9440   1.9470   4.1310   4.4640   0.0000   0.0000
    7.05    3.25400000   3.2540   2.1066   4.1576   4.4530   0.0000   0.0000
    7.05    3.59700000   3.5970   2.2661   4.1837   4.4410   0.0000   0.0000
    7.05    3.97600000   3.9760   2.4266   4.2098   4.4270   0.0000   0.0000
    7.05    4.39500000   4.3950   2.5811   4.2343   4.4140   0.0000   0.0000
    7.05    4.85800000   4.8580   2.7364   4.2586   4.3990   0.0000   0.0000
    7.05    5.37000000   5.3700   2.8899   4.2818   4.3820   0.0000   0.0000
    7.05    5.93600000   5.9360   3.0440   4.3045   4.3620   0.0000   0.0000
    7.05    6.56200000   6.5620   3.2004   4.3273   4.3400   0.0000   0.0000
    7.05    7.25400000   7.2540   3.3572   4.3495   4.3160   0.0000   0.0000
    7.05    8.01800000   8.0180   3.5127   4.3708   4.2900   0.0000   0.0000
    7.05    8.86400000   8.8630   3.6724   4.3916   4.2570   0.0000   0.0000
    7.05    9.79800000   9.7930   3.8322   4.4106   4.2180   0.0000   0.0000
    7.05   10.83100000  10.8190   3.9989   4.4282   4.1660   0.0000   0.0000
    7.05   11.97200000  11.9480   4.1773   4.4433   4.0920   0.0000   0.0000
    7.05   13.23400000  13.1780   4.3529   4.4533   4.0010   0.0000   0.0000
    7.05   14.62900000  14.5180   4.5432   4.4564   3.8670   0.0000   0.0000
    7.05   16.17100000  15.9910   4.7381   4.4458   3.6760   0.0000   0.0000
    7.05   17.23800000  17.0030   4.8698   4.4373   3.5410   0.0000   0.0000
    7.05   17.24500000  17.0100   4.8707   4.4376   3.5420   0.0000   0.0000
    7.05   17.25300000  17.0170   4.8716   4.4380   3.5430   0.0000   0.0000
    7.05   17.26000000  17.0230   4.8725   4.4384   3.5440   0.0000   0.0000
    7.05   17.26700000  17.0300   4.8735   4.4387   3.5440   0.0000   0.0000
    7.05   17.27400000  17.0370   4.8745   4.4391   3.5450   0.0000   0.0000
    7.05   17.28100000  17.0440   4.8755   4.4395   3.5460   0.0000   0.0000
    7.05   17.28900000  17.0510   4.8766   4.4400   3.5470   0.0000   0.0000
    7.05   17.29600000  17.0570   4.8776   4.4406   3.5490   0.0000   0.0000
    7.05   17.30300000  17.0640   4.8787   4.4412   3.5500   0.0000   0.0000
    7.05   17.31000000  17.0710   4.8797   4.4419   3.5520   0.0000   0.0000
    7.05   17.31700000  17.0780   4.8808   4.4427   3.5550   0.0000   0.0000
    7.05   17.32500000  17.0850   4.8818   4.4436   3.5580   0.0000   0.0000
    7.05   17.33200000  17.0910   4.8829   4.4447   3.5610   0.0000   0.0000
    7.05   17.33900000  17.0980   4.8841   4.4458   3.5650   0.0000   0.0000
    7.05   17.34600000  17.1050   4.8853   4.4471   3.5690   0.0000   0.0000
    7.05   17.35400000  17.1120   4.8865   4.4482   3.5730   0.0000   0.0000
    7.05   17.36100000  17.1190   4.8877   4.4493   3.5770   0.0000   0.0000
    7.05   17.36800000  17.1250   4.8894   4.4513   3.5830   0.0000   0.0000
    7.05   17.37500000  17.1320   4.8913   4.4536   3.5890   0.0000   0.0000
    7.05   17.38300000  17.1390   4.8938   4.4570   3.5980   0.0000   0.0000
    7.05   17.39000000  17.1460   4.8973   4.4616   3.6110   0.0000   0.0000
    7.05   17.39700000  17.1530   4.9026   4.4676   3.6290   0.0000   0.0000
    7.05   17.40400000  17.1590   4.9137   4.4777   3.6580   0.0000   0.0000
    7.05   17.41200000  17.1660   4.9249   4.4878   3.6870   0.0000   0.0000
    7.05   17.41900000  17.1730   4.9346   4.4527   3.5300   0.0000   0.0000
    7.05   17.42600000  17.1800   4.9690   4.3933   3.2510   0.0000   0.0000
    7.05   17.43400000  17.1860   4.9903   4.3275   2.9590   0.0000   0.0000
    7.05   17.44100000  17.1910   5.0062   4.2550   2.6460   0.0000   0.0000
    7.05   17.44800000  17.1960   5.0146   4.2324   2.5470   0.0000   0.0000
    7.05   17.45500000  17.2010   5.0198   4.2189   2.4870   0.0000   0.0000
    7.05   17.46300000  17.2050   5.0228   4.2124   2.4580   0.0000   0.0000
    7.05   17.47000000  17.2100   5.0239   4.2121   2.4560   0.0000   0.0000
    7.05   17.47700000  17.2140   5.0251   4.2117   2.4530   0.0000   0.0000
    7.05   17.48500000  17.2190   5.0263   4.2112   2.4500   0.0000   0.0000
    7.05   17.49200000  17.2230   5.0275   4.2107   2.4470   0.0000   0.0000
    7.05   17.49900000  17.2280   5.0286   4.2104   2.4440   0.0000   0.0000
    7.05   17.50700000  17.2320   5.0297   4.2099   2.4410   0.0000   0.0000
    7.05   17.51400000  17.2370   5.0310   4.2092   2.4370   0.0000   0.0000
    7.05   17.52100000  17.2410   5.0322   4.2085   2.4330   0.0000   0.0000
    7.05   17.52800000  17.2450   5.0332   4.2080   2.4300   0.0000   0.0000
    7.05   17.53600000  17.2500   5.0344   4.2073   2.4260   0.0000   0.0000
    7.05   17.54300000  17.2540   5.0355   4.2065   2.4210   0.0000   0.0000
    7.05   17.55000000  17.2590   5.0367   4.2056   2.4170   0.0000   0.0000
    7.05   17.55800000  17.2630   5.0378   4.2048   2.4130   0.0000   0.0000
    7.05   17.56500000  17.2680   5.0389   4.2039   2.4090   0.0000   0.0000
    7.05   17.57200000  17.2720   5.0400   4.2031   2.4040   0.0000   0.0000
    7.05   17.58000000  17.2760   5.0411   4.2023   2.4000   0.0000   0.0000
    7.05   17.58700000  17.2810   5.0422   4.2014   2.3950   0.0000   0.0000
    7.05   17.59400000  17.2850   5.0434   4.2004   2.3900   0.0000   0.0000
    7.05   17.60200000  17.2890   5.0445   4.1994   2.3850   0.0000   0.0000
    7.05   17.60900000  17.2940   5.0455   4.1984   2.3800   0.0000   0.0000
    7.05   17.61700000  17.2980   5.0466   4.1975   2.3750   0.0000   0.0000
    7.05   17.87600000  17.4690   5.0884   4.1558   2.1690   0.0000   0.0000
    7.05   18.32900000  17.7270   5.1492   4.0733   1.7840   0.0000   0.0000
    7.05   18.79400000  14.5770   5.1593   3.6031  -0.1920   0.0000   0.0000
# log(age) Mini Mact logl logt logg Composition Phase
    7.10    0.80000000   0.8000  -0.4236   3.7305   4.6400   0.0000   0.0000
    7.10    0.88400000   0.8840  -0.2200   3.7598   4.5970   0.0000   0.0000
    7.10    0.97800000   0.9780  -0.0154   3.7857   4.5390   0.0000   0.0000
    7.10    1.08100000   1.0810   0.1890   3.8090   4.4720   0.0000   0.0000
    7.10    1.19400000   1.1940   0.3673   3.8293   4.4180   0.0000   0.0000
    7.10    1.32000000   1.3200   0.5540   3.8567   4.3850   0.0000   0.0000
    7.10    1.46000000   1.4600   0.7430   3.8962   4.3970   0.0000   0.0000
    7.10    1.61300000   1.6130   0.9282   3.9344   4.4180   0.0000   0.0000
    7.10    1.78300000   1.7830   1.1078   3.9712   4.4510   0.0000   0.0000
    7.10    1.97100000   1.9710   1.2818   4.0078   4.4660   0.0000   0.0000
    7.10    2.17900000   2.1790   1.4514   4.0409   4.4720   0.0000   0.0000
    7.10    2.40900000   2.4090   1.6203   4.0734   4.4750   0.0000   0.0000
    7.10    2.66300000   2.6630   1.7850   4.1030   4.4720   0.0000   0.0000
    7.10    2.94400000   2.9440   1.9477   4.1308   4.4620   0.0000   0.0000
    7.10    3.25400000   3.2540   2.1074   4.1574   4.4510   0.0000   0.0000
    7.10    3.59700000   3.5970   2.2676   4.1834   4.4380   0.0000   0.0000
    7.10    3.97600000   3.9760   2.4283   4.2094   4.4240   0.0000   0.0000
    7.10    4.39500000   4.3950   2.5833   4.2338   4.4100   0.0000   0.0000
    7.10    4.85800000   4.8580   2.7394   4.2581   4.3940   0.0000   0.0000
    7.10    5.37000000   5.3700   2.8940   4.2813   4.3760   0.0000   0.0000
    7.10    5.93600000   5.9360   3.0491   4.3040   4.3550   0.0000   0.0000
    7.10    6.56200000   6.5620   3.2071   4.3267   4.3310   0.0000   0.0000
    7.10    7.25400000   7.2540   3.3659   4.3488   4.3050   0.0000   0.0000
    7.10    8.01800000   8.0180   3.5238   4.3698   4.2750   0.0000   0.0000
    7.10    8.86400000   8.8620   3.6868   4.3903   4.2380   0.0000   0.0000
    7.10    9.79800000   9.7920   3.8511   4.4086   4.1910   0.0000   0.0000
    7.10   10.83100000  10.8170   4.0243   4.4249   4.1280   0.0000   0.0000
    7.10   11.97200000  11.9430   4.2125   4.4372   4.0340   0.0000   0.0000
    7.10   13.23400000  13.1650   4.3995   4.4425   3.9120   0.0000   0.0000
    7.10   14.62900000  14.4870   4.6070   4.4353   3.7200   0.0000   0.0000
    7.10   15.70500000  15.4970   4.7611   4.4262   3.5630   0.0000   0.0000
    7.10   15.71200000  15.5030   4.7621   4.4266   3.5630   0.0000   0.0000
    7.10   15.71900000  15.5090   4.7630   4.4269   3.5640   0.0000   0.0000
    7.10   15.72500000  15.5160   4.7641   4.4272   3.5650   0.0000   0.0000
    7.10   15.73200000  15.5220   4.7651   4.4276   3.5650   0.0000   0.0000
    7.10   15.73800000  15.5280   4.7661   4.4280   3.5660   0.0000   0.0000
    7.10   15.74500000  15.5340   4.7672   4.4285   3.5670   0.0000   0.0000
    7.10   15.75100000  15.5400   4.7682   4.4290   3.5690   0.0000   0.0000
    7.10   15.75800000  15.5460   4.7693   4.4296   3.5700   0.0000   0.0000
    7.10   15.76500000  15.5530   4.7704   4.4303   3.5720   0.0000   0.0000
    7.10   15.77100000  15.5590   4.7714   4.4310   3.5740   0.0000   0.0000
    7.10   15.77800000  15.5650   4.7726   4.4318   3.5760   0.0000   0.0000
    7.10   15.78400000  15.5710   4.7738   4.4327   3.5790   0.0000   0.0000
    7.10   15.79100000  15.5770   4.7750   4.4338   3.5830   0.0000   0.0000
    7.10   15.79800000  15.5840   4.7763   4.4350   3.5870   0.0000   0.0000
    7.10   15.80400000  15.5900   4.7775   4.4362   3.5910   0.0000   0.0000
    7.10   15.81100000  15.5960   4.7787   4.4373   3.5940   0.0000   0.0000
    7.10   15.81700000  15.6020   4.7803   4.4388   3.5990   0.0000   0.0000
    7.10   15.82400000  15.6080   4.7822   4.4408   3.6050   0.0000   0.0000
    7.10   15.83100000  15.6150   4.7848   4.4438   3.6130   0.0000   0.0000
    7.10   15.83700000  15.6210   4.7881   4.4478   3.6250   0.0000   0.0000
    7.10   15.84400000  15.6270   4.7923   4.4529   3.6400   0.0000   0.0000
    7.10   15.85000000  15.6330   4.8032   4.4625   3.6670   0.0000   0.0000
    7.10   15.85700000  15.6390   4.8148   4.4725   3.6960   0.0000   0.0000
    7.10   15.86400000  15.6450   4.8199   4.4493   3.5930   0.0000   0.0000
    7.10   15.87000000  15.6520   4.8550   4.3956   3.3340   0.0000   0.0000
    7.10   15.87700000  15.6580   4.8793   4.3367   3.0700   0.0000   0.0000
    7.10   15.88400000  15.6630   4.8926   4.2721   2.7910   0.0000   0.0000
    7.10   15.89000000  15.6680   4.9057   4.2280   2.5990   0.0000   0.0000
    7.10   15.89700000  15.6720   4.9091   4.2206   2.5660   0.0000   0.0000
    7.10   15.90300000  15.6770   4.9109   4.2187   2.5570   0.0000   0.0000
    7.10   15.91000000  15.6810   4.9123   4.2177   2.5510   0.0000   0.0000
    7.10   15.91700000  15.6850   4.9140   4.2158   2.5410   0.0000   0.0000
    7.10   15.92300000  15.6890   4.9155   4.2142   2.5340   0.0000   0.0000
    7.10   15.93000000  15.6930   4.9170   4.2125   2.5260   0.0000   0.0000
    7.10   15.93700000  15.6970   4.9184   4.2109   2.5170   0.0000   0.0000
    7.10   15.94300000  15.7010   4.9200   4.2090   2.5080   0.0000   0.0000
    7.10   15.95000000  15.7050   4.9214   4.2074   2.5000   0.0000   0.0000
    7.10   15.95700000  15.7090   4.9227   4.2057   2.4930   0.0000   0.0000
    7.10   15.96300000  15.7130   4.9241   4.2041   2.4840   0.0000   0.0000
    7.10   15.97000000  15.7170   4.9254   4.2024   2.4770   0.0000   0.0000
    7.10   15.97700000  15.7210   4.9267   4.2007   2.4680   0.0000   0.0000
    7.10   15.98300000  15.7250   4.9281   4.1987   2.4590   0.0000   0.0000
    7.10   15.99000000  15.7280   4.9295   4.1967   2.4500   0.0000   0.0000
    7.10   15.99700000  15.7320   4.9308   4.1950   2.4420   0.0000   0.0000
    7.10   16.00300000  15.7370   4.9329   4.1914   2.4250   0.0000   0.0000
    7.10   16.01000000  15.7420   4.9379   4.1817   2.3800   0.0000   0.0000
    7.10   16.01700000  15.7480   4.9424   4.1733   2.3410   0.0000   0.0000
    7.10   16.02300000  15.7530   4.9436   4.1715   2.3330   0.0000   0.0000
    7.10   16.03000000  15.7580   4.9448   4.1700   2.3260   0.0000   0.0000
    7.10   16.03700000  15.7640   4.9459   4.1690   2.3220   0.0000   0.0000
    7.10   16.04400000  15.7690   4.9470   4.1683   2.3180   0.0000   0.0000
    7.10   16.17100000  15.8710   4.9685   4.1621   2.2730   0.0000   0.0000
    7.10   16.58200000  16.1710   5.0353   4.1042   1.9820   0.0000   0.0000
    7.10   17.00200000  15.7390   5.0651   3.7737   0.6180   0.0000   0.0000
# log(age) Mini Mact logl logt logg Composition Phase
    7.15    0.80000000   0.8000  -0.4235   3.7305   4.6400   0.0000   0.0000
    7.15    0.88400000   0.8840  -0.2199   3.7598   4.5970   0.0000   0.0000
    7.15    0.97800000   0.9780  -0.0153   3.7857   4.5390   0.0000   0.0000
    7.15    1.08100000   1.0810   0.1890   3.8090   4.4710   0.0000   0.0000
    7.15    1.19400000   1.1940   0.3673   3.8293   4.4180   0.0000   0.0000
    7.15    1.32000000   1.3200   0.5540   3.8567   4.3850   0.0000   0.0000
    7.15    1.46000000   1.4600   0.7430   3.8962   4.3970   0.0000   0.0000
    7.15    1.61300000   1.6130   0.9282   3.9344   4.4180   0.0000   0.0000
    7.15    1.78300000   1.7830   1.1078   3.9712   4.4510   0.0000   0.0000
    7.15    1.97100000   1.9710   1.2818   4.0078   4.4660   0.0000   0.0000
    7.15    2.17900000   2.1790   1.4514   4.0409   4.4720   0.0000   0.0000
    7.15    2.40900000   2.4090   1.6203   4.0734   4.4750   0.0000   0.0000
    7.15    2.66300000   2.6630   1.7856   4.1028   4.4700   0.0000   0.0000
    7.15    2.94400000   2.9440   1.9484   4.1306   4.4600   0.0000   0.0000
    7.15    3.25400000   3.2540   2.1086   4.1571   4.4480   0.0000   0.0000
    7.15    3.59700000   3.5970   2.2690   4.1831   4.4350   0.0000   0.0000
    7.15    3.97600000   3.9760   2.4304   4.2089   4.4190   0.0000   0.0000
    7.15    4.39500000   4.3950   2.5860   4.2333   4.4040   0.0000   0.0000
    7.15    4.85800000   4.8580   2.7429   4.2575   4.3880   0.0000   0.0000
    7.15    5.37000000   5.3700   2.8985   4.2808   4.3690   0.0000   0.0000
    7.15    5.93600000   5.9360   3.0551   4.3034   4.3470   0.0000   0.0000
    7.15    6.56200000   6.5620   3.2148   4.3260   4.3210   0.0000   0.0000
    7.15    7.25400000   7.2540   3.3760   4.3480   4.2920   0.0000   0.0000
    7.15    8.01800000   8.0180   3.5368   4.3686   4.2580   0.0000   0.0000
    7.15    8.86400000   8.8620   3.7037   4.3886   4.2150   0.0000   0.0000
    7.15    9.79800000   9.7910   3.8737   4.4059   4.1590   0.0000   0.0000
    7.15   10.83100000  10.8140   4.0552   4.4201   4.0790   0.0000   0.0000
    7.15   11.97200000  11.9360   4.2563   4.4279   3.9540   0.0000   0.0000
    7.15   13.23400000  13.1470   4.4592   4.4243   3.7820   0.0000   0.0000
    7.15   14.37500000  14.2080   4.6498   4.4133   3.5840   0.0000   0.0000
    7.15   14.38100000  14.2140   4.6509   4.4136   3.5840   0.0000   0.0000
    7.15   14.38700000  14.2190   4.6521   4.4139   3.5840   0.0000   0.0000
    7.15   14.39300000  14.2250   4.6532   4.4142   3.5840   0.0000   0.0000
    7.15   14.39900000  14.2300   4.6543   4.4145   3.5850   0.0000   0.0000
    7.15   14.40500000  14.2360   4.6554   4.4149   3.5850   0.0000   0.0000
    7.15   14.41100000  14.2410   4.6566   4.4153   3.5860   0.0000   0.0000
    7.15   14.41700000  14.2460   4.6578   4.4158   3.5870   0.0000   0.0000
    7.15   14.42300000  14.2520   4.6590   4.4163   3.5880   0.0000   0.0000
    7.15   14.42900000  14.2570   4.6602   4.4169   3.5900   0.0000   0.0000
    7.15   14.43500000  14.2630   4.6614   4.4176   3.5910   0.0000   0.0000
    7.15   14.44100000  14.2680   4.6627   4.4183   3.5930   0.0000   0.0000
    7.15   14.44700000  14.2740   4.6639   4.4191   3.5950   0.0000   0.0000
    7.15   14.45300000  14.2790   4.6653   4.4200   3.5980   0.0000   0.0000
    7.15   14.45900000  14.2850   4.6668   4.4211   3.6010   0.0000   0.0000
    7.15   14.46500000  14.2900   4.6682   4.4224   3.6050   0.0000   0.0000
    7.15   14.47100000  14.2960   4.6697   4.4239   3.6100   0.0000   0.0000
    7.15   14.47700000  14.3010   4.6711   4.4252   3.6140   0.0000   0.0000
    7.15   14.48300000  14.3070   4.6729   4.4267   3.6190   0.0000   0.0000
    7.15   14.48900000  14.3120   4.6752   4.4289   3.6260   0.0000   0.0000
    7.15   14.49600000  14.3180   4.6786   4.4326   3.6360   0.0000   0.0000
    7.15   14.50200000  14.3230   4.6832   4.4378   3.6520   0.0000   0.0000
    7.15   14.50800000  14.3290   4.6924   4.4462   3.6760   0.0000   0.0000
    7.15   14.51400000  14.3340   4.7062   4.4575   3.7080   0.0000   0.0000
    7.15   14.52000000  14.3390   4.7124   4.4357   3.6090   0.0000   0.0000
    7.15   14.52600000  14.3450   4.7515   4.3787   3.3320   0.0000   0.0000
    7.15   14.53200000  14.3500   4.7759   4.3178   3.0590   0.0000   0.0000
    7.15   14.53800000  14.3550   4.7881   4.2485   2.7640   0.0000   0.0000
    7.15   14.54400000  14.3610   4.8076   4.1973   2.5360   0.0000   0.0000
    7.15   14.55000000  14.3660   4.8143   4.1847   2.4780   0.0000   0.0000
    7.15   14.55600000  14.3700   4.8206   4.1730   2.4230   0.0000   0.0000
    7.15   14.56200000  14.3750   4.8221   4.1709   2.4130   0.0000   0.0000
    7.15   14.56800000  14.3800   4.8235   4.1690   2.4040   0.0000   0.0000
    7.15   14.57400000  14.3850   4.8249   4.1678   2.3990   0.0000   0.0000
    7.15   14.58000000  14.3900   4.8262   4.1670   2.3950   0.0000   0.0000
    7.15   14.58700000  14.3950   4.8275   4.1666   2.3910   0.0000   0.0000
    7.15   14.59300000  14.4000   4.8289   4.1662   2.3880   0.0000   0.0000
    7.15   14.59900000  14.4050   4.8302   4.1659   2.3850   0.0000   0.0000
    7.15   14.60500000  14.4100   4.8315   4.1656   2.3830   0.0000   0.0000
    7.15   14.61100000  14.4150   4.8329   4.1653   2.3800   0.0000   0.0000
    7.15   14.61700000  14.4190   4.8342   4.1650   2.3780   0.0000   0.0000
    7.15   14.62300000  14.4240   4.8356   4.1647   2.3750   0.0000   0.0000
    7.15   14.62900000  14.4290   4.8370   4.1645   2.3730   0.0000   0.0000
    7.15   14.63500000  14.4340   4.8383   4.1642   2.3710   0.0000   0.0000
    7.15   14.64200000  14.4390   4.8397   4.1639   2.3690   0.0000   0.0000
    7.15   14.64800000  14.4440   4.8411   4.1636   2.3670   0.0000   0.0000
    7.15   14.65400000  14.4480   4.8424   4.1633   2.3640   0.0000   0.0000
    7.15   14.66000000  14.4530   4.8438   4.1632   2.3620   0.0000   0.0000
    7.15   14.66600000  14.4580   4.8452   4.1629   2.3600   0.0000   0.0000
    7.15   14.67200000  14.4630   4.8466   4.1626   2.3570   0.0000   0.0000
    7.15   14.67800000  14.4680   4.8479   4.1623   2.3540   0.0000   0.0000
    7.15   14.68400000  14.4720   4.8493   4.1619   2.3520   0.0000   0.0000
    7.15   15.00000000  14.7030   4.9176   4.1186   2.1160   0.0000   0.0000
    7.15   15.38100000  14.9210   4.9783   3.9815   1.5130   0.0000   0.0000
# log(age) Mini Mact logl logt logg Composition Phase
    7.20    0.80000000   0.8000  -0.4235   3.7305   4.6400   0.0000   0.0000
    7.20    0.88400000   0.8840  -0.2199   3.7598   4.5970   0.0000   0.0000
    7.20    0.97800000   0.9780  -0.0153   3.7857   4.5390   0.0000   0.0000
    7.20    1.08100000   1.0810   0.1891   3.8090   4.4710   0.0000   0.0000
    7.20    1.19400000   1.1940   0.3673   3.8293   4.4180   0.0000   0.0000
    7.20    1.32000000   1.3200   0.5540   3.8567   4.3850   0.0000   0.0000
    7.20    1.46000000   1.4600   0.7430   3.8962   4.3970   0.0000   0.0000
    7.20    1.61300000   1.6130   0.9282   3.9344   4.4180   0.0000   0.0000
    7.20    1.78300000   1.7830   1.1078   3.9712   4.4510   0.0000   0.0000
    7.20    1.97100000   1.9710   1.2818   4.0078   4.4660   0.0000   0.0000
    7.20    2.17900000   2.1790   1.4514   4.0409   4.4720   0.0000   0.0000
    7.20    2.40900000   2.4090   1.6210   4.0733   4.4740   0.0000   0.0000
    7.20    2.66300000   2.6630   1.7863   4.1026   4.4680   0.0000   0.0000
    7.20    2.94400000   2.9440   1.9491   4.1304   4.4580   0.0000   0.0000
    7.20    3.25400000   3.2540   2.1100   4.1567   4.4450   0.0000   0.0000
    7.20    3.59700000   3.5970   2.2707   4.1827   4.4310   0.0000   0.0000
    7.20    3.97600000   3.9760   2.4326   4.2084   4.4150   0.0000   0.0000
    7.20    4.39500000   4.3950   2.5890   4.2327   4.3990   0.0000   0.0000
    7.20    4.85800000   4.8580   2.7470   4.2570   4.3820   0.0000   0.0000
    7.20    5.37000000   5.3700   2.9037   4.2802   4.3620   0.0000   0.0000
    7.20    5.93600000   5.9360   3.0618   4.3028   4.3380   0.0000   0.0000
    7.20    6.56200000   6.5620   3.2237   4.3252   4.3100   0.0000   0.0000
    7.20    7.25400000   7.2540   3.3878   4.3469   4.2760   0.0000   0.0000
    7.20    8.01800000   8.0180   3.5520   4.3671   4.2370   0.0000   0.0000
    7.20    8.86400000   8.8620   3.7239   4.3863   4.1860   0.0000   0.0000
    7.20    9.79800000   9.7900   3.9008   4.4020   4.1170   0.0000   0.0000
    7.20   10.83100000  10.8100   4.0930   4.4130   4.0140   0.0000   0.0000
    7.20   11.97200000  11.9260   4.3119   4.4126   3.8390   0.0000   0.0000
    7.20   13.23400000  13.1180   4.5395   4.3998   3.6060   0.0000   0.0000
    7.20   13.25100000  13.1330   4.5428   4.4005   3.6060   0.0000   0.0000
    7.20   13.25600000  13.1380   4.5439   4.4007   3.6060   0.0000   0.0000
    7.20   13.26200000  13.1430   4.5451   4.4010   3.6060   0.0000   0.0000
    7.20   13.26800000  13.1480   4.5462   4.4013   3.6060   0.0000   0.0000
    7.20   13.27300000  13.1540   4.5473   4.4016   3.6070   0.0000   0.0000
    7.20   13.27900000  13.1590   4.5485   4.4020   3.6070   0.0000   0.0000
    7.20   13.28400000  13.1640   4.5497   4.4024   3.6080   0.0000   0.0000
    7.20   13.29000000  13.1690   4.5508   4.4028   3.6090   0.0000   0.0000
    7.20   13.29500000  13.1740   4.5520   4.4033   3.6100   0.0000   0.0000
    7.20   13.30100000  13.1790   4.5533   4.4039   3.6110   0.0000   0.0000
    7.20   13.30600000  13.1840   4.5545   4.4045   3.6130   0.0000   0.0000
    7.20   13.31200000  13.1890   4.5558   4.4052   3.6140   0.0000   0.0000
    7.20   13.31700000  13.1950   4.5570   4.4060   3.6160   0.0000   0.0000
    7.20   13.32300000  13.2000   4.5584   4.4068   3.6190   0.0000   0.0000
    7.20   13.32900000  13.2050   4.5598   4.4078   3.6220   0.0000   0.0000
    7.20   13.33400000  13.2100   4.5613   4.4090   3.6250   0.0000   0.0000
    7.20   13.34000000  13.2150   4.5628   4.4103   3.6290   0.0000   0.0000
    7.20   13.34500000  13.2200   4.5643   4.4118   3.6340   0.0000   0.0000
    7.20   13.35100000  13.2250   4.5659   4.4132   3.6390   0.0000   0.0000
    7.20   13.35600000  13.2300   4.5678   4.4151   3.6450   0.0000   0.0000
    7.20   13.36200000  13.2350   4.5704   4.4176   3.6520   0.0000   0.0000
    7.20   13.36800000  13.2410   4.5742   4.4213   3.6630   0.0000   0.0000
    7.20   13.37300000  13.2460   4.5798   4.4272   3.6810   0.0000   0.0000
    7.20   13.37900000  13.2510   4.5920   4.4371   3.7080   0.0000   0.0000
    7.20   13.38400000  13.2560   4.5991   4.4440   3.7290   0.0000   0.0000
    7.20   13.39000000  13.2610   4.6198   4.4038   3.5380   0.0000   0.0000
    7.20   13.39600000  13.2660   4.6542   4.3528   3.2920   0.0000   0.0000
    7.20   13.40100000  13.2710   4.6725   4.2988   3.0530   0.0000   0.0000
    7.20   13.40700000  13.2760   4.6812   4.2346   2.7830   0.0000   0.0000
    7.20   13.41200000  13.2810   4.6999   4.1815   2.5480   0.0000   0.0000
    7.20   13.41800000  13.2860   4.7071   4.1693   2.4900   0.0000   0.0000
    7.20   13.42400000  13.2900   4.7144   4.1570   2.4320   0.0000   0.0000
    7.20   13.42900000  13.2950   4.7165   4.1541   2.4180   0.0000   0.0000
    7.20   13.43500000  13.3000   4.7180   4.1523   2.4090   0.0000   0.0000
    7.20   13.44000000  13.3050   4.7194   4.1508   2.4020   0.0000   0.0000
    7.20   13.44600000  13.3090   4.7208   4.1493   2.3950   0.0000   0.0000
    7.20   13.45200000  13.3140   4.7222   4.1483   2.3900   0.0000   0.0000
    7.20   13.45700000  13.3190   4.7236   4.1474   2.3840   0.0000   0.0000
    7.20   13.46300000  13.3230   4.7250   4.1465   2.3790   0.0000   0.0000
    7.20   13.46800000  13.3280   4.7264   4.1456   2.3750   0.0000   0.0000
    7.20   13.47400000  13.3330   4.7279   4.1451   2.3710   0.0000   0.0000
    7.20   13.48000000  13.3380   4.7293   4.1445   2.3670   0.0000   0.0000
    7.20   13.48500000  13.3420   4.7308   4.1440   2.3640   0.0000   0.0000
    7.20   13.49100000  13.3470   4.7322   4.1435   2.3610   0.0000   0.0000
    7.20   13.49700000  13.3520   4.7337   4.1430   2.3570   0.0000   0.0000
    7.20   13.50200000  13.3560   4.7351   4.1424   2.3540   0.0000   0.0000
    7.20   13.50800000  13.3610   4.7366   4.1418   2.3500   0.0000   0.0000
    7.20   13.51400000  13.3660   4.7380   4.1412   2.3470   0.0000   0.0000
    7.20   13.51900000  13.3700   4.7394   4.1405   2.3430   0.0000   0.0000
    7.20   13.52500000  13.3750   4.7409   4.1400   2.3400   0.0000   0.0000
    7.20   13.53000000  13.3790   4.7423   4.1397   2.3360   0.0000   0.0000
    7.20   13.53600000  13.3840   4.7438   4.1391   2.3330   0.0000   0.0000
    7.20   13.54200000  13.3890   4.7452   4.1386   2.3290   0.0000   0.0000
    7.20   13.57000000  13.4120   4.7525   4.1359   2.3120   0.0000   0.0000
    7.20   13.91400000  13.6700   4.8356   4.0754   1.9940   0.0000   0.0000
    7.20   14.26700000  13.7410   4.8928   3.7762   0.7410   0.0000   0.0000
# log(age) Mini Mact logl logt logg Composition Phase
    7.25    0.80000000   0.8000  -0.4235   3.7305   4.6400   0.0000   0.0000
    7.25    0.88400000   0.8840  -0.2199   3.7598   4.5970   0.0000   0.0000
    7.25    0.97800000   0.9780  -0.0153   3.7857   4.5390   0.0000   0.0000
    7.25    1.08100000   1.0810   0.1891   3.8090   4.4710   0.0000   0.0000
    7.25    1.19400000   1.1940   0.3674   3.8293   4.4180   0.0000   0.0000
    7.25    1.32000000   1.3200   0.5541   3.8567   4.3850   0.0000   0.0000
    7.25    1.46000000   1.4600   0.7430   3.8962   4.3970   0.0000   0.0000
    7.25    1.61300000   1.6130   0.9282   3.9344   4.4180   0.0000   0.0000
    7.25    1.78300000   1.7830   1.1079   3.9712   4.4510   0.0000   0.0000
    7.25    1.97100000   1.9710   1.2818   4.0078   4.4660   0.0000   0.0000
    7.25    2.17900000   2.1790   1.4514   4.0409   4.4720   0.0000   0.0000
    7.25    2.40900000   2.4090   1.6216   4.0731   4.4720   0.0000   0.0000
    7.25    2.66300000   2.6630   1.7869   4.1024   4.4660   0.0000   0.0000
    7.25    2.94400000   2.9440   1.9502   4.1301   4.4560   0.0000   0.0000
    7.25    3.25400000   3.2540   2.1114   4.1564   4.4420   0.0000   0.0000
    7.25    3.59700000   3.5970   2.2727   4.1823   4.4270   0.0000   0.0000
    7.25    3.97600000   3.9760   2.4352   4.2078   4.4100   0.0000   0.0000
    7.25    4.39500000   4.3950   2.5925   4.2321   4.3930   0.0000   0.0000
    7.25    4.85800000   4.8580   2.7516   4.2565   4.3750   0.0000   0.0000
    7.25    5.37000000   5.3700   2.9097   4.2796   4.3530   0.0000   0.0000
    7.25    5.93600000   5.9360   3.0697   4.3021   4.3270   0.0000   0.0000
    7.25    6.56200000   6.5620   3.2341   4.3244   4.2960   0.0000   0.0000
    7.25    7.25400000   7.2540   3.4015   4.3455   4.2570   0.0000   0.0000
    7.25    8.01800000   8.0180   3.5699   4.3652   4.2120   0.0000   0.0000
    7.25    8.86400000   8.8610   3.7479   4.3831   4.1500   0.0000   0.0000
    7.25    9.79800000   9.7880   3.9338   4.3966   4.0630   0.0000   0.0000
    7.25   10.83100000  10.8050   4.1404   4.4020   3.9240   0.0000   0.0000
    7.25   11.97200000  11.9110   4.3851   4.3871   3.6670   0.0000   0.0000
    7.25   12.22000000  12.1440   4.4369   4.3878   3.6270   0.0000   0.0000
    7.25   12.22500000  12.1490   4.4381   4.3881   3.6280   0.0000   0.0000
    7.25   12.23000000  12.1540   4.4392   4.3884   3.6280   0.0000   0.0000
    7.25   12.23500000  12.1580   4.4403   4.3887   3.6280   0.0000   0.0000
    7.25   12.24000000  12.1630   4.4415   4.3890   3.6290   0.0000   0.0000
    7.25   12.24500000  12.1680   4.4427   4.3894   3.6290   0.0000   0.0000
    7.25   12.25000000  12.1730   4.4439   4.3899   3.6300   0.0000   0.0000
    7.25   12.25600000  12.1780   4.4451   4.3904   3.6310   0.0000   0.0000
    7.25   12.26100000  12.1820   4.4463   4.3909   3.6330   0.0000   0.0000
    7.25   12.26600000  12.1870   4.4476   4.3915   3.6340   0.0000   0.0000
    7.25   12.27100000  12.1920   4.4489   4.3922   3.6360   0.0000   0.0000
    7.25   12.27600000  12.1970   4.4501   4.3929   3.6380   0.0000   0.0000
    7.25   12.28100000  12.2010   4.4514   4.3937   3.6400   0.0000   0.0000
    7.25   12.28600000  12.2060   4.4528   4.3945   3.6420   0.0000   0.0000
    7.25   12.29100000  12.2110   4.4544   4.3956   3.6450   0.0000   0.0000
    7.25   12.29700000  12.2160   4.4558   4.3968   3.6490   0.0000   0.0000
    7.25   12.30200000  12.2210   4.4573   4.3982   3.6530   0.0000   0.0000
    7.25   12.30700000  12.2250   4.4590   4.3997   3.6580   0.0000   0.0000
    7.25   12.31200000  12.2300   4.4609   4.4014   3.6640   0.0000   0.0000
    7.25   12.31700000  12.2350   4.4626   4.4034   3.6700   0.0000   0.0000
    7.25   12.32200000  12.2400   4.4659   4.4063   3.6790   0.0000   0.0000
    7.25   12.32700000  12.2450   4.4706   4.4107   3.6920   0.0000   0.0000
    7.25   12.33300000  12.2490   4.4778   4.4173   3.7110   0.0000   0.0000
    7.25   12.33800000  12.2540   4.4917   4.4277   3.7390   0.0000   0.0000
    7.25   12.34300000  12.2590   4.4890   4.4176   3.6990   0.0000   0.0000
    7.25   12.34800000  12.2640   4.5273   4.3744   3.4790   0.0000   0.0000
    7.25   12.35300000  12.2680   4.5548   4.3293   3.2640   0.0000   0.0000
    7.25   12.35800000  12.2730   4.5684   4.2806   3.0510   0.0000   0.0000
    7.25   12.36400000  12.2780   4.5743   4.2206   2.8010   0.0000   0.0000
    7.25   12.36900000  12.2820   4.5921   4.1657   2.5590   0.0000   0.0000
    7.25   12.37400000  12.2870   4.5998   4.1537   2.5020   0.0000   0.0000
    7.25   12.37900000  12.2920   4.6076   4.1418   2.4460   0.0000   0.0000
    7.25   12.38400000  12.2960   4.6110   4.1371   2.4230   0.0000   0.0000
    7.25   12.38900000  12.3010   4.6125   4.1355   2.4140   0.0000   0.0000
    7.25   12.39500000  12.3050   4.6139   4.1339   2.4060   0.0000   0.0000
    7.25   12.40000000  12.3100   4.6154   4.1323   2.3980   0.0000   0.0000
    7.25   12.40500000  12.3140   4.6169   4.1307   2.3910   0.0000   0.0000
    7.25   12.41000000  12.3190   4.6183   4.1293   2.3830   0.0000   0.0000
    7.25   12.41500000  12.3230   4.6198   4.1278   2.3760   0.0000   0.0000
    7.25   12.42000000  12.3280   4.6212   4.1265   2.3700   0.0000   0.0000
    7.25   12.42600000  12.3320   4.6227   4.1253   2.3640   0.0000   0.0000
    7.25   12.43100000  12.3370   4.6243   4.1245   2.3590   0.0000   0.0000
    7.25   12.43600000  12.3410   4.6258   4.1238   2.3540   0.0000   0.0000
    7.25   12.44100000  12.3450   4.6273   4.1230   2.3500   0.0000   0.0000
    7.25   12.44600000  12.3500   4.6288   4.1223   2.3460   0.0000   0.0000
    7.25   12.45200000  12.3540   4.6304   4.1216   2.3410   0.0000   0.0000
    7.25   12.45700000  12.3590   4.6319   4.1208   2.3370   0.0000   0.0000
    7.25   12.46200000  12.3630   4.6334   4.1199   2.3320   0.0000   0.0000
    7.25   12.46700000  12.3680   4.6349   4.1190   2.3270   0.0000   0.0000
    7.25   12.47200000  12.3720   4.6364   4.1181   2.3230   0.0000   0.0000
    7.25   12.47800000  12.3770   4.6379   4.1172   2.3190   0.0000   0.0000
    7.25   12.48300000  12.3810   4.6394   4.1165   2.3140   0.0000   0.0000
    7.25   12.48800000  12.3860   4.6409   4.1159   2.3090   0.0000   0.0000
    7.25   12.58800000  12.4690   4.6696   4.1026   2.2290   0.0000   0.0000
    7.25   12.90700000  12.7100   4.7541   4.0257   1.8440   0.0000   0.0000
    7.25   13.23400000  12.5780   4.7877   3.5902   0.0640   0.0000   0.0000
# log(age) Mini Mact logl logt logg Composition Phase
    7.30    0.80000000   0.8000  -0.4235   3.7306   4.6400   0.0000   0.0000
    7.30    0.88400000   0.8840  -0.2199   3.7598   4.5970   0.0000   0.0000
    7.30    0.97800000   0.9780  -0.0153   3.7857   4.5390   0.0000   0.0000
    7.30    1.08100000   1.0810   0.1891   3.8090   4.4710   0.0000   0.0000
    7.30    1.19400000   1.1940   0.3674   3.8293   4.4180   0.0000   0.0000
    7.30    1.32000000   1.3200   0.5541   3.8567   4.3850   0.0000   0.0000
    7.30    1.46000000   1.4600   0.7430   3.8962   4.3970   0.0000   0.0000
    7.30    1.61300000   1.6130   0.9282   3.9344   4.4180   0.0000   0.0000
    7.30    1.78300000   1.7830   1.1079   3.9712   4.4510   0.0000   0.0000
    7.30    1.97100000   1.9710   1.2818   4.0078   4.4660   0.0000   0.0000
    7.30    2.17900000   2.1790   1.4520   4.0409   4.4710   0.0000   0.0000
    7.30    2.40900000   2.4090   1.6223   4.0730   4.4700   0.0000   0.0000
    7.30    2.66300000   2.6630   1.7875   4.1022   4.4640   0.0000   0.0000
    7.30    2.94400000   2.9440   1.9516   4.1298   4.4530   0.0000   0.0000
    7.30    3.25400000   3.2540   2.1130   4.1560   4.4390   0.0000   0.0000
    7.30    3.59700000   3.5970   2.2748   4.1818   4.4230   0.0000   0.0000
    7.30    3.97600000   3.9760   2.4381   4.2072   4.4050   0.0000   0.0000
    7.30    4.39500000   4.3950   2.5964   4.2315   4.3870   0.0000   0.0000
    7.30    4.85800000   4.8580   2.7568   4.2559   4.3680   0.0000   0.0000
    7.30    5.37000000   5.3700   2.9166   4.2789   4.3440   0.0000   0.0000
    7.30    5.93600000   5.9360   3.0788   4.3013   4.3150   0.0000   0.0000
    7.30    6.56200000   6.5620   3.2462   4.3232   4.2790   0.0000   0.0000
    7.30    7.25400000   7.2540   3.4175   4.3438   4.2350   0.0000   0.0000
    7.30    8.01800000   8.0170   3.5911   4.3624   4.1800   0.0000   0.0000
    7.30    8.86400000   8.8610   3.7767   4.3788   4.1050   0.0000   0.0000
    7.30    9.79800000   9.7860   3.9746   4.3883   3.9910   0.0000   0.0000
    7.30   10.83100000  10.7970   4.2013   4.3832   3.7900   0.0000   0.0000
    7.30   11.39200000  11.3380   4.3362   4.3744   3.6440   0.0000   0.0000
    7.30   11.39700000  11.3430   4.3375   4.3745   3.6440   0.0000   0.0000
    7.30   11.40200000  11.3470   4.3388   4.3747   3.6440   0.0000   0.0000
    7.30   11.40600000  11.3520   4.3401   4.3750   3.6440   0.0000   0.0000
    7.30   11.41100000  11.3560   4.3414   4.3752   3.6440   0.0000   0.0000
    7.30   11.41600000  11.3610   4.3427   4.3755   3.6440   0.0000   0.0000
    7.30   11.42100000  11.3660   4.3441   4.3759   3.6440   0.0000   0.0000
    7.30   11.42500000  11.3700   4.3454   4.3763   3.6440   0.0000   0.0000
    7.30   11.43000000  11.3750   4.3468   4.3767   3.6450   0.0000   0.0000
    7.30   11.43500000  11.3790   4.3482   4.3772   3.6460   0.0000   0.0000
    7.30   11.44000000  11.3840   4.3496   4.3777   3.6470   0.0000   0.0000
    7.30   11.44400000  11.3880   4.3510   4.3784   3.6490   0.0000   0.0000
    7.30   11.44900000  11.3930   4.3526   4.3791   3.6500   0.0000   0.0000
    7.30   11.45400000  11.3970   4.3541   4.3799   3.6520   0.0000   0.0000
    7.30   11.45900000  11.4020   4.3556   4.3808   3.6550   0.0000   0.0000
    7.30   11.46400000  11.4070   4.3572   4.3819   3.6580   0.0000   0.0000
    7.30   11.46800000  11.4110   4.3590   4.3831   3.6610   0.0000   0.0000
    7.30   11.47300000  11.4160   4.3608   4.3847   3.6660   0.0000   0.0000
    7.30   11.47800000  11.4200   4.3627   4.3864   3.6720   0.0000   0.0000
    7.30   11.48300000  11.4250   4.3650   4.3885   3.6780   0.0000   0.0000
    7.30   11.48800000  11.4290   4.3673   4.3909   3.6870   0.0000   0.0000
    7.30   11.49200000  11.4340   4.3710   4.3944   3.6970   0.0000   0.0000
    7.30   11.49700000  11.4380   4.3776   4.4005   3.7150   0.0000   0.0000
    7.30   11.50200000  11.4430   4.3912   4.4111   3.7450   0.0000   0.0000
    7.30   11.50700000  11.4480   4.3890   4.4079   3.7320   0.0000   0.0000
    7.30   11.51200000  11.4520   4.4347   4.3586   3.4800   0.0000   0.0000
    7.30   11.51600000  11.4570   4.4630   4.3070   3.2370   0.0000   0.0000
    7.30   11.52100000  11.4610   4.4729   4.2441   2.9700   0.0000   0.0000
    7.30   11.52600000  11.4660   4.4659   4.1385   2.5480   0.0000   0.0000
    7.30   11.53100000  11.4700   4.4669   4.0801   2.3100   0.0000   0.0000
    7.30   11.53600000  11.4730   4.4909   4.0656   2.2270   0.0000   0.0000
    7.30   11.54000000  11.4770   4.5000   4.0598   2.1940   0.0000   0.0000
    7.30   11.54500000  11.4810   4.5011   4.0590   2.1890   0.0000   0.0000
    7.30   11.55000000  11.4850   4.5023   4.0579   2.1830   0.0000   0.0000
    7.30   11.55500000  11.4890   4.5036   4.0568   2.1780   0.0000   0.0000
    7.30   11.56000000  11.4930   4.5050   4.0558   2.1720   0.0000   0.0000
    7.30   11.56500000  11.4960   4.5065   4.0548   2.1670   0.0000   0.0000
    7.30   11.56900000  11.5000   4.5081   4.0539   2.1620   0.0000   0.0000
    7.30   11.57400000  11.5040   4.5097   4.0533   2.1580   0.0000   0.0000
    7.30   11.57900000  11.5080   4.5115   4.0530   2.1550   0.0000   0.0000
    7.30   11.58400000  11.5120   4.5133   4.0527   2.1520   0.0000   0.0000
    7.30   11.58900000  11.5160   4.5151   4.0525   2.1500   0.0000   0.0000
    7.30   11.59400000  11.5200   4.5169   4.0522   2.1470   0.0000   0.0000
    7.30   11.59800000  11.5240   4.5188   4.0518   2.1430   0.0000   0.0000
    7.30   11.60300000  11.5280   4.5206   4.0510   2.1380   0.0000   0.0000
    7.30   11.60800000  11.5310   4.5225   4.0503   2.1340   0.0000   0.0000
    7.30   11.61300000  11.5350   4.5245   4.0498   2.1310   0.0000   0.0000
    7.30   11.61800000  11.5390   4.5264   4.0495   2.1280   0.0000   0.0000
    7.30   11.62300000  11.5430   4.5284   4.0492   2.1250   0.0000   0.0000
    7.30   11.62700000  11.5470   4.5304   4.0489   2.1220   0.0000   0.0000
    7.30   11.63200000  11.5510   4.5324   4.0487   2.1180   0.0000   0.0000
    7.30   11.63700000  11.5550   4.5344   4.0485   2.1150   0.0000   0.0000
    7.30   11.67600000  11.5870   4.5507   4.0463   2.0910   0.0000   0.0000
    7.30   11.97200000  11.8160   4.6709   3.9701   1.6740   0.0000   0.0000
    7.30   12.27600000  11.5030   4.7550   3.5834   0.0300   0.0000   0.0000
# log(age) Mini Mact logl logt logg Composition Phase
    7.35    0.80000000   0.8000  -0.4234   3.7306   4.6400   0.0000   0.0000
    7.35    0.88400000   0.8840  -0.2198   3.7598   4.5970   0.0000   0.0000
    7.35    0.97800000   0.9780  -0.0152   3.7857   4.5390   0.0000   0.0000
    7.35    1.08100000   1.0810   0.1891   3.8090   4.4710   0.0000   0.0000
    7.35    1.19400000   1.1940   0.3674   3.8293   4.4180   0.0000   0.0000
    7.35    1.32000000   1.3200   0.5541   3.8567   4.3850   0.0000   0.0000
    7.35    1.46000000   1.4600   0.7430   3.8962   4.3970   0.0000   0.0000
    7.35    1.61300000   1.6130   0.9283   3.9344   4.4180   0.0000   0.0000
    7.35    1.78300000   1.7830   1.1079   3.9713   4.4510   0.0000   0.0000
    7.35    1.97100000   1.9710   1.2818   4.0078   4.4660   0.0000   0.0000
    7.35    2.17900000   2.1790   1.4529   4.0408   4.4690   0.0000   0.0000
    7.35    2.40900000   2.4090   1.6229   4.0728   4.4690   0.0000   0.0000
    7.35    2.66300000   2.6630   1.7884   4.1020   4.4620   0.0000   0.0000
    7.35    2.94400000   2.9440   1.9530   4.1295   4.4490   0.0000   0.0000
    7.35    3.25400000   3.2540   2.1151   4.1556   4.4350   0.0000   0.0000
    7.35    3.59700000   3.5970   2.2774   4.1812   4.4180   0.0000   0.0000
    7.35    3.97600000   3.9760   2.4416   4.2066   4.3990   0.0000   0.0000
    7.35    4.39500000   4.3950   2.6010   4.2309   4.3800   0.0000   0.0000
    7.35    4.85800000   4.8580   2.7628   4.2552   4.3590   0.0000   0.0000
    7.35    5.37000000   5.3700   2.9246   4.2781   4.3330   0.0000   0.0000
    7.35    5.93600000   5.9360   3.0892   4.3002   4.3010   0.0000   0.0000
    7.35    6.56200000   6.5620   3.2603   4.3216   4.2600   0.0000   0.0000
    7.35    7.25400000   7.2540   3.4364   4.3415   4.2070   0.0000   0.0000
    7.35    8.01800000   8.0170   3.6166   4.3588   4.1410   0.0000   0.0000
    7.35    8.86400000   8.8600   3.8121   4.3725   4.0460   0.0000   0.0000
    7.35    9.79800000   9.7820   4.0260   4.3751   3.8890   0.0000   0.0000
    7.35   10.68300000  10.6430   4.2455   4.3622   3.6590   0.0000   0.0000
    7.35   10.68700000  10.6470   4.2468   4.3624   3.6590   0.0000   0.0000
    7.35   10.69100000  10.6510   4.2481   4.3626   3.6580   0.0000   0.0000
    7.35   10.69600000  10.6560   4.2494   4.3628   3.6580   0.0000   0.0000
    7.35   10.70000000  10.6600   4.2507   4.3631   3.6580   0.0000   0.0000
    7.35   10.70500000  10.6640   4.2520   4.3634   3.6580   0.0000   0.0000
    7.35   10.70900000  10.6690   4.2533   4.3637   3.6590   0.0000   0.0000
    7.35   10.71400000  10.6730   4.2547   4.3641   3.6590   0.0000   0.0000
    7.35   10.71800000  10.6770   4.2561   4.3645   3.6600   0.0000   0.0000
    7.35   10.72300000  10.6810   4.2575   4.3650   3.6600   0.0000   0.0000
    7.35   10.72700000  10.6860   4.2589   4.3655   3.6610   0.0000   0.0000
    7.35   10.73200000  10.6900   4.2603   4.3662   3.6630   0.0000   0.0000
    7.35   10.73600000  10.6940   4.2619   4.3669   3.6640   0.0000   0.0000
    7.35   10.74100000  10.6990   4.2634   4.3677   3.6670   0.0000   0.0000
    7.35   10.74500000  10.7030   4.2649   4.3686   3.6690   0.0000   0.0000
    7.35   10.75000000  10.7070   4.2666   4.3696   3.6720   0.0000   0.0000
    7.35   10.75400000  10.7120   4.2684   4.3709   3.6750   0.0000   0.0000
    7.35   10.75900000  10.7160   4.2702   4.3724   3.6800   0.0000   0.0000
    7.35   10.76300000  10.7200   4.2722   4.3741   3.6850   0.0000   0.0000
    7.35   10.76800000  10.7250   4.2744   4.3761   3.6920   0.0000   0.0000
    7.35   10.77200000  10.7290   4.2769   4.3785   3.7000   0.0000   0.0000
    7.35   10.77700000  10.7330   4.2803   4.3818   3.7100   0.0000   0.0000
    7.35   10.78100000  10.7370   4.2863   4.3873   3.7260   0.0000   0.0000
    7.35   10.78600000  10.7420   4.2984   4.3968   3.7530   0.0000   0.0000
    7.35   10.79000000  10.7460   4.3013   4.4017   3.7690   0.0000   0.0000
    7.35   10.79500000  10.7500   4.3363   4.3567   3.5450   0.0000   0.0000
    7.35   10.79900000  10.7550   4.3666   4.3103   3.3220   0.0000   0.0000
    7.35   10.80400000  10.7590   4.3800   4.2561   3.0860   0.0000   0.0000
    7.35   10.80800000  10.7630   4.3749   4.1702   2.7410   0.0000   0.0000
    7.35   10.81300000  10.7670   4.2944   3.9783   2.0470   0.0000   0.0000
    7.35   10.81700000  10.7700   4.3384   3.9601   1.9290   0.0000   0.0000
    7.35   10.82200000  10.7730   4.3839   3.9453   1.8230   0.0000   0.0000
    7.35   10.82600000  10.7760   4.3851   3.9445   1.8190   0.0000   0.0000
    7.35   10.83100000  10.7790   4.3848   3.9443   1.8180   0.0000   0.0000
    7.35   10.83500000  10.7820   4.3850   3.9438   1.8160   0.0000   0.0000
    7.35   10.84000000  10.7850   4.3853   3.9434   1.8140   0.0000   0.0000
    7.35   10.84400000  10.7880   4.3859   3.9430   1.8120   0.0000   0.0000
    7.35   10.84900000  10.7910   4.3866   3.9426   1.8090   0.0000   0.0000
    7.35   10.85300000  10.7940   4.3875   3.9422   1.8080   0.0000   0.0000
    7.35   10.85800000  10.7970   4.3886   3.9420   1.8060   0.0000   0.0000
    7.35   10.86200000  10.8000   4.3898   3.9421   1.8050   0.0000   0.0000
    7.35   10.86700000  10.8030   4.3910   3.9422   1.8040   0.0000   0.0000
    7.35   10.87200000  10.8060   4.3923   3.9423   1.8030   0.0000   0.0000
    7.35   10.87600000  10.8090   4.3938   3.9423   1.8020   0.0000   0.0000
    7.35   10.88100000  10.8120   4.3954   3.9424   1.8010   0.0000   0.0000
    7.35   10.88500000  10.8150   4.3967   3.9414   1.7960   0.0000   0.0000
    7.35   10.89000000  10.8180   4.3982   3.9407   1.7920   0.0000   0.0000
    7.35   10.89400000  10.8210   4.3999   3.9405   1.7900   0.0000   0.0000
    7.35   10.89900000  10.8250   4.4016   3.9405   1.7880   0.0000   0.0000
    7.35   10.90300000  10.8280   4.4033   3.9405   1.7860   0.0000   0.0000
    7.35   10.90800000  10.8310   4.4051   3.9405   1.7840   0.0000   0.0000
    7.35   10.91200000  10.8340   4.4069   3.9406   1.7830   0.0000   0.0000
    7.35   10.91700000  10.8370   4.4087   3.9406   1.7810   0.0000   0.0000
    7.35   11.10500000  10.9760   4.5266   4.0201   1.9920   0.0000   0.0000
    7.35   11.38700000  11.0110   4.5841   3.6563   0.4760   0.0000   0.0000
# log(age) Mini Mact logl logt logg Composition Phase
    7.40    0.80000000   0.8000  -0.4234   3.7306   4.6400   0.0000   0.0000
    7.40    0.88400000   0.8840  -0.2198   3.7598   4.5970   0.0000   0.0000
    7.40    0.97800000   0.9780  -0.0152   3.7857   4.5390   0.0000   0.0000
    7.40    1.08100000   1.0810   0.1892   3.8090   4.4710   0.0000   0.0000
    7.40    1.19400000   1.1940   0.3674   3.8293   4.4180   0.0000   0.0000
    7.40    1.32000000   1.3200   0.5541   3.8567   4.3840   0.0000   0.0000
    7.40    1.46000000   1.4600   0.7431   3.8962   4.3970   0.0000   0.0000
    7.40    1.61300000   1.6130   0.9283   3.9344   4.4180   0.0000   0.0000
    7.40    1.78300000   1.7830   1.1079   3.9713   4.4510   0.0000   0.0000
    7.40    1.97100000   1.9710   1.2822   4.0078   4.4660   0.0000   0.0000
    7.40    2.17900000   2.1790   1.4537   4.0408   4.4680   0.0000   0.0000
    7.40    2.40900000   2.4090   1.6236   4.0727   4.4670   0.0000   0.0000
    7.40    2.66300000   2.6630   1.7897   4.1017   4.4590   0.0000   0.0000
    7.40    2.94400000   2.9440   1.9545   4.1291   4.4460   0.0000   0.0000
    7.40    3.25400000   3.2540   2.1171   4.1552   4.4310   0.0000   0.0000
    7.40    3.59700000   3.5970   2.2803   4.1806   4.4120   0.0000   0.0000
    7.40    3.97600000   3.9760   2.4454   4.2059   4.3920   0.0000   0.0000
    7.40    4.39500000   4.3950   2.6062   4.2303   4.3730   0.0000   0.0000
    7.40    4.85800000   4.8580   2.7699   4.2545   4.3500   0.0000   0.0000
    7.40    5.37000000   5.3700   2.9338   4.2772   4.3210   0.0000   0.0000
    7.40    5.93600000   5.9360   3.1015   4.2989   4.2840   0.0000   0.0000
    7.40    6.56200000   6.5620   3.2767   4.3197   4.2360   0.0000   0.0000
    7.40    7.25400000   7.2530   3.4589   4.3384   4.1730   0.0000   0.0000
    7.40    8.01800000   8.0170   3.6474   4.3538   4.0920   0.0000   0.0000
    7.40    8.86400000   8.8590   3.8561   4.3628   3.9650   0.0000   0.0000
    7.40    9.79800000   9.7770   4.0932   4.3525   3.7340   0.0000   0.0000
    7.40   10.01700000   9.9900   4.1547   4.3501   3.6740   0.0000   0.0000
    7.40   10.02100000   9.9940   4.1560   4.3503   3.6730   0.0000   0.0000
    7.40   10.02600000   9.9980   4.1573   4.3505   3.6730   0.0000   0.0000
    7.40   10.03000000  10.0020   4.1586   4.3507   3.6730   0.0000   0.0000
    7.40   10.03400000  10.0060   4.1599   4.3509   3.6730   0.0000   0.0000
    7.40   10.03800000  10.0100   4.1613   4.3512   3.6730   0.0000   0.0000
    7.40   10.04200000  10.0140   4.1626   4.3516   3.6730   0.0000   0.0000
    7.40   10.04700000  10.0180   4.1639   4.3519   3.6740   0.0000   0.0000
    7.40   10.05100000  10.0220   4.1653   4.3523   3.6740   0.0000   0.0000
    7.40   10.05500000  10.0270   4.1668   4.3528   3.6750   0.0000   0.0000
    7.40   10.05900000  10.0310   4.1682   4.3533   3.6760   0.0000   0.0000
    7.40   10.06300000  10.0350   4.1696   4.3540   3.6770   0.0000   0.0000
    7.40   10.06800000  10.0390   4.1711   4.3547   3.6790   0.0000   0.0000
    7.40   10.07200000  10.0430   4.1727   4.3555   3.6810   0.0000   0.0000
    7.40   10.07600000  10.0470   4.1743   4.3564   3.6830   0.0000   0.0000
    7.40   10.08000000  10.0510   4.1759   4.3574   3.6860   0.0000   0.0000
    7.40   10.08400000  10.0550   4.1777   4.3586   3.6900   0.0000   0.0000
    7.40   10.08900000  10.0590   4.1796   4.3601   3.6940   0.0000   0.0000
    7.40   10.09300000  10.0630   4.1816   4.3617   3.6990   0.0000   0.0000
    7.40   10.09700000  10.0670   4.1838   4.3637   3.7050   0.0000   0.0000
    7.40   10.10100000  10.0710   4.1865   4.3661   3.7130   0.0000   0.0000
    7.40   10.10500000  10.0750   4.1896   4.3692   3.7230   0.0000   0.0000
    7.40   10.11000000  10.0790   4.1949   4.3741   3.7380   0.0000   0.0000
    7.40   10.11400000  10.0830   4.2055   4.3825   3.7610   0.0000   0.0000
    7.40   10.11800000  10.0870   4.2203   4.3936   3.7920   0.0000   0.0000
    7.40   10.12200000  10.0920   4.2385   4.3522   3.6000   0.0000   0.0000
    7.40   10.12700000  10.0960   4.2715   4.3101   3.3920   0.0000   0.0000
    7.40   10.13100000  10.1000   4.2871   4.2634   3.1830   0.0000   0.0000
    7.40   10.13500000  10.1040   4.2880   4.1960   2.9070   0.0000   0.0000
    7.40   10.13900000  10.1080   4.2556   4.0584   2.3820   0.0000   0.0000
    7.40   10.14300000  10.1110   4.1578   3.8551   1.6610   0.0000   0.0000
    7.40   10.14800000  10.1130   4.2244   3.8399   1.5330   0.0000   0.0000
    7.40   10.15200000  10.1150   4.2710   3.8292   1.4430   0.0000   0.0000
    7.40   10.15600000  10.1170   4.2695   3.8295   1.4460   0.0000   0.0000
    7.40   10.16000000  10.1200   4.2681   3.8298   1.4480   0.0000   0.0000
    7.40   10.16500000  10.1220   4.2674   3.8299   1.4500   0.0000   0.0000
    7.40   10.16900000  10.1240   4.2668   3.8301   1.4510   0.0000   0.0000
    7.40   10.17300000  10.1260   4.2667   3.8302   1.4520   0.0000   0.0000
    7.40   10.17700000  10.1280   4.2667   3.8304   1.4520   0.0000   0.0000
    7.40   10.18200000  10.1310   4.2670   3.8305   1.4530   0.0000   0.0000
    7.40   10.18600000  10.1330   4.2675   3.8308   1.4540   0.0000   0.0000
    7.40   10.19000000  10.1350   4.2681   3.8312   1.4540   0.0000   0.0000
    7.40   10.19400000  10.1380   4.2688   3.8316   1.4550   0.0000   0.0000
    7.40   10.19900000  10.1400   4.2696   3.8320   1.4570   0.0000   0.0000
    7.40   10.20300000  10.1420   4.2708   3.8324   1.4570   0.0000   0.0000
    7.40   10.20700000  10.1450   4.2720   3.8327   1.4570   0.0000   0.0000
    7.40   10.21100000  10.1470   4.2730   3.8319   1.4530   0.0000   0.0000
    7.40   10.21600000  10.1490   4.2740   3.8309   1.4480   0.0000   0.0000
    7.40   10.22000000  10.1520   4.2754   3.8311   1.4480   0.0000   0.0000
    7.40   10.22400000  10.1540   4.2768   3.8313   1.4470   0.0000   0.0000
    7.40   10.22900000  10.1570   4.2783   3.8316   1.4470   0.0000   0.0000
    7.40   10.23300000  10.1590   4.2799   3.8319   1.4470   0.0000   0.0000
    7.40   10.23700000  10.1620   4.2815   3.8323   1.4470   0.0000   0.0000
    7.40   10.24100000  10.1640   4.2831   3.8326   1.4460   0.0000   0.0000
    7.40   10.30100000  10.1980   4.3086   3.8365   1.4380   0.0000   0.0000
    7.40   10.56300000  10.3930   4.4896   3.9646   1.7880   0.0000   0.0000
# log(age) Mini Mact logl logt logg Composition Phase
    7.45    0.80000000   0.8000  -0.4234   3.7306   4.6400   0.0000   0.0000
    7.45    0.88400000   0.8840  -0.2198   3.7598   4.5970   0.0000   0.0000
    7.45    0.97800000   0.9780  -0.0152   3.7857   4.5390   0.0000   0.0000
    7.45    1.08100000   1.0810   0.1892   3.8090   4.4710   0.0000   0.0000
    7.45    1.19400000   1.1940   0.3675   3.8293   4.4180   0.0000   0.0000
    7.45    1.32000000   1.3200   0.5542   3.8567   4.3840   0.0000   0.0000
    7.45    1.46000000   1.4600   0.7431   3.8962   4.3970   0.0000   0.0000
    7.45    1.61300000   1.6130   0.9283   3.9344   4.4180   0.0000   0.0000
    7.45    1.78300000   1.7830   1.1079   3.9713   4.4510   0.0000   0.0000
    7.45    1.97100000   1.9710   1.2832   4.0079   4.4640   0.0000   0.0000
    7.45    2.17900000   2.1790   1.4546   4.0408   4.4660   0.0000   0.0000
    7.45    2.40900000   2.4090   1.6243   4.0726   4.4650   0.0000   0.0000
    7.45    2.66300000   2.6630   1.7910   4.1014   4.4560   0.0000   0.0000
    7.45    2.94400000   2.9440   1.9565   4.1287   4.4420   0.0000   0.0000
    7.45    3.25400000   3.2540   2.1197   4.1546   4.4260   0.0000   0.0000
    7.45    3.59700000   3.5970   2.2836   4.1799   4.4060   0.0000   0.0000
    7.45    3.97600000   3.9760   2.4499   4.2053   4.3850   0.0000   0.0000
    7.45    4.39500000   4.3950   2.6122   4.2296   4.3640   0.0000   0.0000
    7.45    4.85800000   4.8580   2.7779   4.2536   4.3380   0.0000   0.0000
    7.45    5.37000000   5.3700   2.9444   4.2761   4.3060   0.0000   0.0000
    7.45    5.93600000   5.9360   3.1157   4.2973   4.2630   0.0000   0.0000
    7.45    6.56200000   6.5620   3.2962   4.3172   4.2070   0.0000   0.0000
    7.45    7.25400000   7.2530   3.4858   4.3343   4.1310   0.0000   0.0000
    7.45    8.01800000   8.0160   3.6851   4.3464   4.0260   0.0000   0.0000
    7.45    8.86400000   8.8570   3.9121   4.3468   3.8470   0.0000   0.0000
    7.45    9.39700000   9.3810   4.0653   4.3382   3.6880   0.0000   0.0000
    7.45    9.40100000   9.3850   4.0666   4.3383   3.6880   0.0000   0.0000
    7.45    9.40500000   9.3890   4.0679   4.3386   3.6880   0.0000   0.0000
    7.45    9.40900000   9.3930   4.0692   4.3388   3.6870   0.0000   0.0000
    7.45    9.41300000   9.3960   4.0705   4.3391   3.6880   0.0000   0.0000
    7.45    9.41700000   9.4000   4.0718   4.3394   3.6880   0.0000   0.0000
    7.45    9.42100000   9.4040   4.0732   4.3398   3.6880   0.0000   0.0000
    7.45    9.42500000   9.4080   4.0746   4.3402   3.6890   0.0000   0.0000
    7.45    9.42900000   9.4120   4.0760   4.3406   3.6890   0.0000   0.0000
    7.45    9.43300000   9.4160   4.0775   4.3412   3.6900   0.0000   0.0000
    7.45    9.43700000   9.4190   4.0789   4.3418   3.6920   0.0000   0.0000
    7.45    9.44100000   9.4230   4.0804   4.3425   3.6930   0.0000   0.0000
    7.45    9.44400000   9.4270   4.0820   4.3433   3.6950   0.0000   0.0000
    7.45    9.44800000   9.4310   4.0836   4.3442   3.6970   0.0000   0.0000
    7.45    9.45200000   9.4350   4.0853   4.3452   3.7000   0.0000   0.0000
    7.45    9.45600000   9.4390   4.0871   4.3464   3.7040   0.0000   0.0000
    7.45    9.46000000   9.4420   4.0890   4.3478   3.7080   0.0000   0.0000
    7.45    9.46400000   9.4460   4.0910   4.3494   3.7130   0.0000   0.0000
    7.45    9.46800000   9.4500   4.0932   4.3513   3.7190   0.0000   0.0000
    7.45    9.47200000   9.4540   4.0959   4.3536   3.7260   0.0000   0.0000
    7.45    9.47600000   9.4580   4.0990   4.3566   3.7350   0.0000   0.0000
    7.45    9.48000000   9.4620   4.1034   4.3609   3.7490   0.0000   0.0000
    7.45    9.48400000   9.4650   4.1124   4.3682   3.7700   0.0000   0.0000
    7.45    9.48800000   9.4690   4.1313   4.3808   3.8030   0.0000   0.0000
    7.45    9.49200000   9.4730   4.1384   4.3464   3.6520   0.0000   0.0000
    7.45    9.49600000   9.4770   4.1768   4.3070   3.4490   0.0000   0.0000
    7.45    9.50000000   9.4810   4.1939   4.2662   3.2620   0.0000   0.0000
    7.45    9.50400000   9.4850   4.1994   4.2118   3.0340   0.0000   0.0000
    7.45    9.50800000   9.4880   4.1859   4.1169   2.6620   0.0000   0.0000
    7.45    9.51200000   9.4920   4.1006   3.8669   1.7390   0.0000   0.0000
    7.45    9.51600000   9.4940   4.0374   3.7349   1.2720   0.0000   0.0000
    7.45    9.52000000   9.4960   4.1240   3.7195   1.1230   0.0000   0.0000
    7.45    9.52400000   9.4970   4.1559   3.7140   1.0690   0.0000   0.0000
    7.45    9.52800000   9.4990   4.1532   3.7148   1.0750   0.0000   0.0000
    7.45    9.53200000   9.5000   4.1510   3.7156   1.0810   0.0000   0.0000
    7.45    9.53600000   9.5020   4.1493   3.7163   1.0850   0.0000   0.0000
    7.45    9.54000000   9.5030   4.1481   3.7170   1.0890   0.0000   0.0000
    7.45    9.54400000   9.5050   4.1473   3.7176   1.0930   0.0000   0.0000
    7.45    9.54800000   9.5070   4.1467   3.7182   1.0960   0.0000   0.0000
    7.45    9.55200000   9.5080   4.1465   3.7188   1.0990   0.0000   0.0000
    7.45    9.55600000   9.5100   4.1464   3.7195   1.1010   0.0000   0.0000
    7.45    9.56000000   9.5120   4.1465   3.7202   1.1040   0.0000   0.0000
    7.45    9.56400000   9.5130   4.1467   3.7209   1.1070   0.0000   0.0000
    7.45    9.56800000   9.5150   4.1471   3.7216   1.1090   0.0000   0.0000
    7.45    9.57200000   9.5170   4.1479   3.7223   1.1110   0.0000   0.0000
    7.45    9.57600000   9.5190   4.1488   3.7229   1.1130   0.0000   0.0000
    7.45    9.58000000   9.5200   4.1495   3.7225   1.1110   0.0000   0.0000
    7.45    9.58400000   9.5220   4.1500   3.7213   1.1060   0.0000   0.0000
    7.45    9.58800000   9.5240   4.1510   3.7215   1.1050   0.0000   0.0000
    7.45    9.59200000   9.5260   4.1522   3.7220   1.1070   0.0000   0.0000
    7.45    9.59600000   9.5280   4.1534   3.7226   1.1080   0.0000   0.0000
    7.45    9.60000000   9.5290   4.1548   3.7232   1.1090   0.0000   0.0000
    7.45    9.60400000   9.5310   4.1562   3.7238   1.1100   0.0000   0.0000
    7.45    9.79800000   9.6480   4.3423   3.9823   1.9930   0.0000   0.0000
    7.45   10.04700000   9.7240   4.4218   3.7423   0.9380   0.0000   0.0000
# log(age) Mini Mact logl logt logg Composition Phase
    7.50    0.80000000   0.8000  -0.4233   3.7306   4.6400   0.0000   0.0000
    7.50    0.88400000   0.8840  -0.2197   3.7598   4.5970   0.0000   0.0000
    7.50    0.97800000   0.9780  -0.0151   3.7857   4.5390   0.0000   0.0000
    7.50    1.08100000   1.0810   0.1892   3.8090   4.4710   0.0000   0.0000
    7.50    1.19400000   1.1940   0.3675   3.8293   4.4180   0.0000   0.0000
    7.50    1.32000000   1.3200   0.5542   3.8567   4.3840   0.0000   0.0000
    7.50    1.46000000   1.4600   0.7431   3.8962   4.3970   0.0000   0.0000
    7.50    1.61300000   1.6130   0.9283   3.9344   4.4180   0.0000   0.0000
    7.50    1.78300000   1.7830   1.1082   3.9713   4.4500   0.0000   0.0000
    7.50    1.97100000   1.9710   1.2842   4.0080   4.4630   0.0000   0.0000
    7.50    2.17900000   2.1790   1.4555   4.0408   4.4650   0.0000   0.0000
    7.50    2.40900000   2.4090   1.6255   4.0723   4.4630   0.0000   0.0000
    7.50    2.66300000   2.6630   1.7922   4.1011   4.4530   0.0000   0.0000
    7.50    2.94400000   2.9440   1.9585   4.1283   4.4380   0.0000   0.0000
    7.50    3.25400000   3.2540   2.1224   4.1539   4.4200   0.0000   0.0000
    7.50    3.59700000   3.5970   2.2874   4.1792   4.4000   0.0000   0.0000
    7.50    3.97600000   3.9760   2.4552   4.2046   4.3770   0.0000   0.0000
    7.50    4.39500000   4.3950   2.6192   4.2288   4.3540   0.0000   0.0000
    7.50    4.85800000   4.8580   2.7871   4.2527   4.3260   0.0000   0.0000
    7.50    5.37000000   5.3700   2.9568   4.2747   4.2880   0.0000   0.0000
    7.50    5.93600000   5.9360   3.1324   4.2951   4.2380   0.0000   0.0000
    7.50    6.56200000   6.5620   3.3194   4.3137   4.1710   0.0000   0.0000
    7.50    7.25400000   7.2530   3.5186   4.3285   4.0760   0.0000   0.0000
    7.50    8.01800000   8.0150   3.7323   4.3349   3.9340   0.0000   0.0000
    7.50    8.81200000   8.8040   3.9725   4.3253   3.7010   0.0000   0.0000
    7.50    8.81600000   8.8070   3.9737   4.3254   3.7010   0.0000   0.0000
    7.50    8.81900000   8.8110   3.9751   4.3256   3.7010   0.0000   0.0000
    7.50    8.82300000   8.8150   3.9764   4.3258   3.7000   0.0000   0.0000
    7.50    8.82700000   8.8180   3.9778   4.3261   3.7000   0.0000   0.0000
    7.50    8.83000000   8.8220   3.9792   4.3264   3.7000   0.0000   0.0000
    7.50    8.83400000   8.8250   3.9805   4.3267   3.7010   0.0000   0.0000
    7.50    8.83800000   8.8290   3.9819   4.3270   3.7010   0.0000   0.0000
    7.50    8.84100000   8.8330   3.9834   4.3274   3.7010   0.0000   0.0000
    7.50    8.84500000   8.8360   3.9848   4.3279   3.7020   0.0000   0.0000
    7.50    8.84900000   8.8400   3.9863   4.3284   3.7030   0.0000   0.0000
    7.50    8.85300000   8.8440   3.9879   4.3291   3.7040   0.0000   0.0000
    7.50    8.85600000   8.8470   3.9894   4.3298   3.7060   0.0000   0.0000
    7.50    8.86000000   8.8510   3.9910   4.3305   3.7080   0.0000   0.0000
    7.50    8.86400000   8.8550   3.9927   4.3315   3.7100   0.0000   0.0000
    7.50    8.86700000   8.8580   3.9944   4.3325   3.7130   0.0000   0.0000
    7.50    8.87100000   8.8620   3.9963   4.3338   3.7160   0.0000   0.0000
    7.50    8.87500000   8.8660   3.9982   4.3352   3.7200   0.0000   0.0000
    7.50    8.87800000   8.8690   4.0004   4.3368   3.7250   0.0000   0.0000
    7.50    8.88200000   8.8730   4.0027   4.3388   3.7320   0.0000   0.0000
    7.50    8.88600000   8.8770   4.0056   4.3412   3.7390   0.0000   0.0000
    7.50    8.89000000   8.8800   4.0090   4.3444   3.7490   0.0000   0.0000
    7.50    8.89300000   8.8840   4.0136   4.3490   3.7640   0.0000   0.0000
    7.50    8.89700000   8.8880   4.0239   4.3568   3.7860   0.0000   0.0000
    7.50    8.90100000   8.8910   4.0420   4.3689   3.8180   0.0000   0.0000
    7.50    8.90400000   8.8950   4.0532   4.3288   3.6390   0.0000   0.0000
    7.50    8.90800000   8.8990   4.0890   4.2924   3.4510   0.0000   0.0000
    7.50    8.91200000   8.9020   4.1041   4.2540   3.2760   0.0000   0.0000
    7.50    8.91600000   8.9060   4.1087   4.2014   3.0560   0.0000   0.0000
    7.50    8.91900000   8.9100   4.0882   4.1057   2.6880   0.0000   0.0000
    7.50    8.92300000   8.9130   4.0297   3.9047   1.9350   0.0000   0.0000
    7.50    8.92700000   8.9160   3.9798   3.7717   1.4500   0.0000   0.0000
    7.50    8.93100000   8.9190   3.8538   3.6429   1.0600   0.0000   0.0000
    7.50    8.93400000   8.9190   3.9649   3.6253   0.8780   0.0000   0.0000
    7.50    8.93800000   8.9200   4.0453   3.6124   0.7460   0.0000   0.0000
    7.50    8.94200000   8.9210   4.0412   3.6129   0.7520   0.0000   0.0000
    7.50    8.94500000   8.9220   4.0374   3.6134   0.7580   0.0000   0.0000
    7.50    8.94900000   8.9230   4.0347   3.6138   0.7620   0.0000   0.0000
    7.50    8.95300000   8.9240   4.0323   3.6142   0.7660   0.0000   0.0000
    7.50    8.95700000   8.9250   4.0307   3.6146   0.7690   0.0000   0.0000
    7.50    8.96000000   8.9260   4.0293   3.6149   0.7720   0.0000   0.0000
    7.50    8.96400000   8.9270   4.0283   3.6152   0.7740   0.0000   0.0000
    7.50    8.96800000   8.9280   4.0275   3.6154   0.7760   0.0000   0.0000
    7.50    8.97200000   8.9290   4.0267   3.6157   0.7780   0.0000   0.0000
    7.50    8.97500000   8.9300   4.0264   3.6160   0.7790   0.0000   0.0000
    7.50    8.97900000   8.9310   4.0262   3.6162   0.7810   0.0000   0.0000
    7.50    8.98300000   8.9320   4.0267   3.6164   0.7810   0.0000   0.0000
    7.50    8.98700000   8.9330   4.0272   3.6164   0.7810   0.0000   0.0000
    7.50    8.99000000   8.9340   4.0270   3.6142   0.7720   0.0000   0.0000
    7.50    8.99400000   8.9350   4.0272   3.6128   0.7660   0.0000   0.0000
    7.50    8.99800000   8.9360   4.0279   3.6130   0.7670   0.0000   0.0000
    7.50    9.00200000   8.9380   4.0287   3.6135   0.7680   0.0000   0.0000
    7.50    9.00500000   8.9390   4.0298   3.6144   0.7700   0.0000   0.0000
    7.50    9.00900000   8.9400   4.0310   3.6152   0.7730   0.0000   0.0000
    7.50    9.01300000   8.9410   4.0322   3.6161   0.7750   0.0000   0.0000
    7.50    9.08900000   8.9660   4.0659   3.6332   0.8110   0.0000   0.0000
    7.50    9.31900000   9.1480   4.3093   3.9766   1.9860   0.0000   0.0000
# log(age) Mini Mact logl logt logg Composition Phase
    7.55    0.80000000   0.8000  -0.4233   3.7306   4.6400   0.0000   0.0000
    7.55    0.88400000   0.8840  -0.2197   3.7598   4.5970   0.0000   0.0000
    7.55    0.97800000   0.9780  -0.0151   3.7857   4.5390   0.0000   0.0000
    7.55    1.08100000   1.0810   0.1892   3.8090   4.4710   0.0000   0.0000
    7.55    1.19400000   1.1940   0.3675   3.8293   4.4180   0.0000   0.0000
    7.55    1.32000000   1.3200   0.5542   3.8567   4.3840   0.0000   0.0000
    7.55    1.46000000   1.4600   0.7431   3.8962   4.3970   0.0000   0.0000
    7.55    1.61300000   1.6130   0.9286   3.9345   4.4180   0.0000   0.0000
    7.55    1.78300000   1.7830   1.1090   3.9714   4.4490   0.0000   0.0000
    7.55    1.97100000   1.9710   1.2853   4.0080   4.4620   0.0000   0.0000
    7.55    2.17900000   2.1790   1.4564   4.0407   4.4630   0.0000   0.0000
    7.55    2.40900000   2.4090   1.6267   4.0721   4.4600   0.0000   0.0000
    7.55    2.66300000   2.6630   1.7942   4.1007   4.4490   0.0000   0.0000
    7.55    2.94400000   2.9440   1.9610   4.1277   4.4330   0.0000   0.0000
    7.55    3.25400000   3.2540   2.1256   4.1532   4.4140   0.0000   0.0000
    7.55    3.59700000   3.5970   2.2919   4.1785   4.3930   0.0000   0.0000
    7.55    3.97600000   3.9760   2.4611   4.2039   4.3690   0.0000   0.0000
    7.55    4.39500000   4.3950   2.6271   4.2279   4.3430   0.0000   0.0000
    7.55    4.85800000   4.8580   2.7978   4.2515   4.3100   0.0000   0.0000
    7.55    5.37000000   5.3700   2.9712   4.2729   4.2670   0.0000   0.0000
    7.55    5.93600000   5.9360   3.1522   4.2924   4.2080   0.0000   0.0000
    7.55    6.56200000   6.5620   3.3472   4.3092   4.1260   0.0000   0.0000
    7.55    7.25400000   7.2530   3.5590   4.3199   4.0030   0.0000   0.0000
    7.55    8.01800000   8.0140   3.7933   4.3154   3.7980   0.0000   0.0000
    7.55    8.28000000   8.2740   3.8820   4.3116   3.7100   0.0000   0.0000
    7.55    8.28400000   8.2780   3.8833   4.3118   3.7100   0.0000   0.0000
    7.55    8.28700000   8.2810   3.8847   4.3120   3.7090   0.0000   0.0000
    7.55    8.29100000   8.2850   3.8860   4.3122   3.7090   0.0000   0.0000
    7.55    8.29400000   8.2880   3.8874   4.3125   3.7090   0.0000   0.0000
    7.55    8.29800000   8.2920   3.8888   4.3128   3.7090   0.0000   0.0000
    7.55    8.30100000   8.2950   3.8902   4.3131   3.7100   0.0000   0.0000
    7.55    8.30500000   8.2980   3.8916   4.3135   3.7100   0.0000   0.0000
    7.55    8.30800000   8.3020   3.8931   4.3139   3.7110   0.0000   0.0000
    7.55    8.31200000   8.3050   3.8945   4.3144   3.7110   0.0000   0.0000
    7.55    8.31500000   8.3090   3.8961   4.3150   3.7120   0.0000   0.0000
    7.55    8.31900000   8.3120   3.8976   4.3157   3.7140   0.0000   0.0000
    7.55    8.32200000   8.3160   3.8992   4.3164   3.7160   0.0000   0.0000
    7.55    8.32600000   8.3190   3.9009   4.3173   3.7180   0.0000   0.0000
    7.55    8.32900000   8.3230   3.9026   4.3183   3.7200   0.0000   0.0000
    7.55    8.33300000   8.3260   3.9045   4.3194   3.7230   0.0000   0.0000
    7.55    8.33600000   8.3290   3.9064   4.3208   3.7270   0.0000   0.0000
    7.55    8.33900000   8.3330   3.9086   4.3224   3.7320   0.0000   0.0000
    7.55    8.34300000   8.3360   3.9109   4.3244   3.7380   0.0000   0.0000
    7.55    8.34600000   8.3400   3.9137   4.3267   3.7450   0.0000   0.0000
    7.55    8.35000000   8.3430   3.9172   4.3297   3.7550   0.0000   0.0000
    7.55    8.35300000   8.3470   3.9215   4.3339   3.7680   0.0000   0.0000
    7.55    8.35700000   8.3500   3.9299   4.3407   3.7880   0.0000   0.0000
    7.55    8.36000000   8.3540   3.9476   4.3523   3.8180   0.0000   0.0000
    7.55    8.36400000   8.3570   3.9469   4.3288   3.7210   0.0000   0.0000
    7.55    8.36700000   8.3600   3.9863   4.2975   3.5500   0.0000   0.0000
    7.55    8.37100000   8.3640   4.0053   4.2686   3.4110   0.0000   0.0000
    7.55    8.37400000   8.3670   4.0151   4.2333   3.2550   0.0000   0.0000
    7.55    8.37800000   8.3710   4.0155   4.1810   3.0410   0.0000   0.0000
    7.55    8.38100000   8.3740   3.9718   4.0598   2.5930   0.0000   0.0000
    7.55    8.38500000   8.3780   3.9648   3.9023   1.9630   0.0000   0.0000
    7.55    8.38800000   8.3800   3.9111   3.7334   1.3380   0.0000   0.0000
    7.55    8.39200000   8.3830   3.9084   3.7330   1.3400   0.0000   0.0000
    7.55    8.39500000   8.3850   3.9065   3.7335   1.3440   0.0000   0.0000
    7.55    8.39900000   8.3880   3.9053   3.7340   1.3470   0.0000   0.0000
    7.55    8.40200000   8.3900   3.9043   3.7345   1.3500   0.0000   0.0000
    7.55    8.40600000   8.3930   3.9041   3.7351   1.3530   0.0000   0.0000
    7.55    8.40900000   8.3950   3.8872   3.7061   1.2530   0.0000   0.0000
    7.55    8.41300000   8.3980   3.7986   3.6407   1.0800   0.0000   0.0000
    7.55    8.41600000   8.4000   3.7987   3.6404   1.0790   0.0000   0.0000
    7.55    8.42000000   8.4030   3.7987   3.6407   1.0800   0.0000   0.0000
    7.55    8.42300000   8.4050   3.7989   3.6409   1.0810   0.0000   0.0000
    7.55    8.42700000   8.4070   3.8434   3.6340   1.0090   0.0000   0.0000
    7.55    8.43000000   8.4080   3.9342   3.6196   0.8600   0.0000   0.0000
    7.55    8.43400000   8.4090   3.9529   3.6166   0.8300   0.0000   0.0000
    7.55    8.43800000   8.4110   3.9497   3.6171   0.8350   0.0000   0.0000
    7.55    8.44100000   8.4120   3.9475   3.6175   0.8380   0.0000   0.0000
    7.55    8.44500000   8.4130   3.9456   3.6178   0.8420   0.0000   0.0000
    7.55    8.44800000   8.4140   3.9443   3.6181   0.8440   0.0000   0.0000
    7.55    8.45200000   8.4150   3.9433   3.6184   0.8470   0.0000   0.0000
    7.55    8.45500000   8.4170   3.9427   3.6187   0.8480   0.0000   0.0000
    7.55    8.45900000   8.4180   3.9422   3.6189   0.8500   0.0000   0.0000
    7.55    8.46200000   8.4190   3.9417   3.6192   0.8520   0.0000   0.0000
    7.55    8.46600000   8.4200   3.9417   3.6195   0.8530   0.0000   0.0000
    7.55    8.46900000   8.4220   3.9418   3.6197   0.8540   0.0000   0.0000
    7.55    8.64400000   8.5030   4.1543   3.9517   2.0310   0.0000   0.0000
    7.55    8.86400000   8.6620   4.2242   3.5961   0.4890   0.0000   0.0000
# log(age) Mini Mact logl logt logg Composition Phase
    7.60    0.80000000   0.8000  -0.4233   3.7306   4.6400   0.0000   0.0000
    7.60    0.88400000   0.8840  -0.2197   3.7598   4.5970   0.0000   0.0000
    7.60    0.97800000   0.9780  -0.0151   3.7857   4.5390   0.0000   0.0000
    7.60    1.08100000   1.0810   0.1892   3.8090   4.4710   0.0000   0.0000
    7.60    1.19400000   1.1940   0.3676   3.8293   4.4180   0.0000   0.0000
    7.60    1.32000000   1.3200   0.5542   3.8568   4.3840   0.0000   0.0000
    7.60    1.46000000   1.4600   0.7438   3.8963   4.3970   0.0000   0.0000
    7.60    1.61300000   1.6130   0.9293   3.9345   4.4170   0.0000   0.0000
    7.60    1.78300000   1.7830   1.1098   3.9715   4.4490   0.0000   0.0000
    7.60    1.97100000   1.9710   1.2863   4.0081   4.4610   0.0000   0.0000
    7.60    2.17900000   2.1790   1.4575   4.0407   4.4620   0.0000   0.0000
    7.60    2.40900000   2.4090   1.6279   4.0718   4.4570   0.0000   0.0000
    7.60    2.66300000   2.6630   1.7962   4.1003   4.4450   0.0000   0.0000
    7.60    2.94400000   2.9440   1.9637   4.1270   4.4280   0.0000   0.0000
    7.60    3.25400000   3.2540   2.1294   4.1525   4.4070   0.0000   0.0000
    7.60    3.59700000   3.5970   2.2970   4.1778   4.3850   0.0000   0.0000
    7.60    3.97600000   3.9760   2.4680   4.2031   4.3590   0.0000   0.0000
    7.60    4.39500000   4.3950   2.6363   4.2269   4.3300   0.0000   0.0000
    7.60    4.85800000   4.8580   2.8103   4.2500   4.2920   0.0000   0.0000
    7.60    5.37000000   5.3700   2.9881   4.2705   4.2410   0.0000   0.0000
    7.60    5.93600000   5.9360   3.1758   4.2887   4.1710   0.0000   0.0000
    7.60    6.56200000   6.5620   3.3811   4.3027   4.0670   0.0000   0.0000
    7.60    7.25400000   7.2530   3.6099   4.3060   3.8980   0.0000   0.0000
    7.60    7.77800000   7.7740   3.7903   4.2978   3.7190   0.0000   0.0000
    7.60    7.78100000   7.7770   3.7916   4.2979   3.7190   0.0000   0.0000
    7.60    7.78400000   7.7800   3.7929   4.2981   3.7190   0.0000   0.0000
    7.60    7.78800000   7.7830   3.7943   4.2983   3.7180   0.0000   0.0000
    7.60    7.79100000   7.7870   3.7956   4.2986   3.7180   0.0000   0.0000
    7.60    7.79400000   7.7900   3.7970   4.2989   3.7180   0.0000   0.0000
    7.60    7.79700000   7.7930   3.7984   4.2992   3.7180   0.0000   0.0000
    7.60    7.80100000   7.7960   3.7998   4.2995   3.7190   0.0000   0.0000
    7.60    7.80400000   7.8000   3.8012   4.3000   3.7190   0.0000   0.0000
    7.60    7.80700000   7.8030   3.8027   4.3004   3.7200   0.0000   0.0000
    7.60    7.81000000   7.8060   3.8042   4.3010   3.7210   0.0000   0.0000
    7.60    7.81400000   7.8090   3.8058   4.3016   3.7220   0.0000   0.0000
    7.60    7.81700000   7.8130   3.8074   4.3023   3.7240   0.0000   0.0000
    7.60    7.82000000   7.8160   3.8090   4.3031   3.7250   0.0000   0.0000
    7.60    7.82300000   7.8190   3.8108   4.3041   3.7280   0.0000   0.0000
    7.60    7.82700000   7.8220   3.8126   4.3051   3.7310   0.0000   0.0000
    7.60    7.83000000   7.8260   3.8146   4.3064   3.7340   0.0000   0.0000
    7.60    7.83300000   7.8290   3.8167   4.3080   3.7390   0.0000   0.0000
    7.60    7.83600000   7.8320   3.8191   4.3098   3.7440   0.0000   0.0000
    7.60    7.84000000   7.8350   3.8218   4.3121   3.7510   0.0000   0.0000
    7.60    7.84300000   7.8390   3.8252   4.3149   3.7600   0.0000   0.0000
    7.60    7.84600000   7.8420   3.8295   4.3189   3.7730   0.0000   0.0000
    7.60    7.85000000   7.8450   3.8368   4.3250   3.7910   0.0000   0.0000
    7.60    7.85300000   7.8480   3.8518   4.3352   3.8180   0.0000   0.0000
    7.60    7.85600000   7.8520   3.8448   4.3253   3.7840   0.0000   0.0000
    7.60    7.85900000   7.8550   3.8862   4.2954   3.6170   0.0000   0.0000
    7.60    7.86300000   7.8580   3.9080   4.2718   3.4970   0.0000   0.0000
    7.60    7.86600000   7.8610   3.9196   4.2462   3.3790   0.0000   0.0000
    7.60    7.86900000   7.8650   3.9263   4.2126   3.2340   0.0000   0.0000
    7.60    7.87300000   7.8680   3.9243   4.1619   3.0280   0.0000   0.0000
    7.60    7.87600000   7.8710   3.8952   4.0638   2.6590   0.0000   0.0000
    7.60    7.87900000   7.8740   3.7828   3.8604   1.9500   0.0000   0.0000
    7.60    7.88200000   7.8770   3.8409   3.6965   1.2330   0.0000   0.0000
    7.60    7.88600000   7.8790   3.8412   3.6936   1.2220   0.0000   0.0000
    7.60    7.88900000   7.8810   3.8379   3.6943   1.2280   0.0000   0.0000
    7.60    7.89200000   7.8840   3.8354   3.6949   1.2330   0.0000   0.0000
    7.60    7.89600000   7.8860   3.8336   3.6954   1.2370   0.0000   0.0000
    7.60    7.89900000   7.8880   3.8321   3.6959   1.2400   0.0000   0.0000
    7.60    7.90200000   7.8910   3.8310   3.6964   1.2440   0.0000   0.0000
    7.60    7.90500000   7.8930   3.8298   3.6969   1.2470   0.0000   0.0000
    7.60    7.90900000   7.8950   3.8288   3.6974   1.2500   0.0000   0.0000
    7.60    7.91200000   7.8980   3.8286   3.6980   1.2530   0.0000   0.0000
    7.60    7.91500000   7.9000   3.8284   3.6985   1.2550   0.0000   0.0000
    7.60    7.91900000   7.9020   3.8277   3.6991   1.2580   0.0000   0.0000
    7.60    7.92200000   7.9050   3.8135   3.6745   1.1740   0.0000   0.0000
    7.60    7.92500000   7.9070   3.7696   3.6426   1.0900   0.0000   0.0000
    7.60    7.92900000   7.9100   3.7565   3.6356   1.0750   0.0000   0.0000
    7.60    7.93200000   7.9120   3.7563   3.6358   1.0770   0.0000   0.0000
    7.60    7.93500000   7.9140   3.7562   3.6361   1.0780   0.0000   0.0000
    7.60    7.93900000   7.9170   3.7563   3.6364   1.0790   0.0000   0.0000
    7.60    7.94200000   7.9190   3.7564   3.6366   1.0800   0.0000   0.0000
    7.60    7.94500000   7.9210   3.7566   3.6369   1.0810   0.0000   0.0000
    7.60    7.94800000   7.9240   3.7568   3.6371   1.0820   0.0000   0.0000
    7.60    7.95200000   7.9250   3.8150   3.6280   0.9870   0.0000   0.0000
    7.60    7.95500000   7.9270   3.8638   3.6204   0.9080   0.0000   0.0000
    7.60    7.95800000   7.9280   3.8617   3.6208   0.9120   0.0000   0.0000
    7.60    8.01800000   7.9550   3.8659   3.6234   0.9200   0.0000   0.0000
    7.60    8.22200000   8.0900   4.1220   3.9730   2.1100   0.0000   0.0000
# log(age) Mini Mact logl logt logg Composition Phase
    7.65    0.80000000   0.8000  -0.4233   3.7306   4.6400   0.0000   0.0000
    7.65    0.88400000   0.8840  -0.2197   3.7598   4.5970   0.0000   0.0000
    7.65    0.97800000   0.9780  -0.0150   3.7857   4.5390   0.0000   0.0000
    7.65    1.08100000   1.0810   0.1893   3.8090   4.4710   0.0000   0.0000
    7.65    1.19400000   1.1940   0.3676   3.8294   4.4180   0.0000   0.0000
    7.65    1.32000000   1.3200   0.5543   3.8568   4.3840   0.0000   0.0000
    7.65    1.46000000   1.4600   0.7444   3.8963   4.3960   0.0000   0.0000
    7.65    1.61300000   1.6130   0.9300   3.9346   4.4170   0.0000   0.0000
    7.65    1.78300000   1.7830   1.1106   3.9715   4.4480   0.0000   0.0000
    7.65    1.97100000   1.9710   1.2873   4.0082   4.4600   0.0000   0.0000
    7.65    2.17900000   2.1790   1.4587   4.0406   4.4590   0.0000   0.0000
    7.65    2.40900000   2.4090   1.6297   4.0715   4.4540   0.0000   0.0000
    7.65    2.66300000   2.6630   1.7984   4.0998   4.4410   0.0000   0.0000
    7.65    2.94400000   2.9440   1.9667   4.1263   4.4220   0.0000   0.0000
    7.65    3.25400000   3.2540   2.1338   4.1517   4.4000   0.0000   0.0000
    7.65    3.59700000   3.5970   2.3028   4.1770   4.3760   0.0000   0.0000
    7.65    3.97600000   3.9760   2.4758   4.2022   4.3480   0.0000   0.0000
    7.65    4.39500000   4.3950   2.6469   4.2257   4.3150   0.0000   0.0000
    7.65    4.85800000   4.8580   2.8247   4.2480   4.2700   0.0000   0.0000
    7.65    5.37000000   5.3700   3.0083   4.2675   4.2100   0.0000   0.0000
    7.65    5.93600000   5.9360   3.2041   4.2837   4.1240   0.0000   0.0000
    7.65    6.56200000   6.5620   3.4230   4.2930   3.9880   0.0000   0.0000
    7.65    7.25400000   7.2520   3.6777   4.2836   3.7440   0.0000   0.0000
    7.65    7.30600000   7.3040   3.6986   4.2840   3.7280   0.0000   0.0000
    7.65    7.30900000   7.3070   3.6998   4.2841   3.7280   0.0000   0.0000
    7.65    7.31200000   7.3100   3.7012   4.2843   3.7280   0.0000   0.0000
    7.65    7.31500000   7.3130   3.7025   4.2845   3.7270   0.0000   0.0000
    7.65    7.31800000   7.3160   3.7038   4.2847   3.7270   0.0000   0.0000
    7.65    7.32100000   7.3190   3.7052   4.2850   3.7270   0.0000   0.0000
    7.65    7.32400000   7.3220   3.7066   4.2853   3.7270   0.0000   0.0000
    7.65    7.32700000   7.3250   3.7080   4.2856   3.7270   0.0000   0.0000
    7.65    7.33000000   7.3280   3.7094   4.2860   3.7280   0.0000   0.0000
    7.65    7.33300000   7.3310   3.7109   4.2864   3.7280   0.0000   0.0000
    7.65    7.33600000   7.3340   3.7124   4.2869   3.7290   0.0000   0.0000
    7.65    7.33900000   7.3370   3.7140   4.2875   3.7300   0.0000   0.0000
    7.65    7.34200000   7.3400   3.7156   4.2882   3.7320   0.0000   0.0000
    7.65    7.34500000   7.3430   3.7172   4.2889   3.7330   0.0000   0.0000
    7.65    7.34800000   7.3460   3.7190   4.2898   3.7360   0.0000   0.0000
    7.65    7.35100000   7.3490   3.7207   4.2909   3.7380   0.0000   0.0000
    7.65    7.35500000   7.3520   3.7227   4.2921   3.7420   0.0000   0.0000
    7.65    7.35800000   7.3550   3.7248   4.2936   3.7460   0.0000   0.0000
    7.65    7.36100000   7.3580   3.7272   4.2953   3.7510   0.0000   0.0000
    7.65    7.36400000   7.3610   3.7298   4.2975   3.7580   0.0000   0.0000
    7.65    7.36700000   7.3640   3.7331   4.3001   3.7660   0.0000   0.0000
    7.65    7.37000000   7.3670   3.7372   4.3037   3.7770   0.0000   0.0000
    7.65    7.37300000   7.3710   3.7436   4.3092   3.7930   0.0000   0.0000
    7.65    7.37600000   7.3740   3.7560   4.3181   3.8180   0.0000   0.0000
    7.65    7.37900000   7.3770   3.7581   4.3220   3.8320   0.0000   0.0000
    7.65    7.38200000   7.3800   3.7891   4.2894   3.6640   0.0000   0.0000
    7.65    7.38500000   7.3830   3.8130   4.2685   3.5530   0.0000   0.0000
    7.65    7.38800000   7.3860   3.8252   4.2486   3.4580   0.0000   0.0000
    7.65    7.39100000   7.3890   3.8331   4.2243   3.3500   0.0000   0.0000
    7.65    7.39500000   7.3920   3.8375   4.1918   3.2120   0.0000   0.0000
    7.65    7.39800000   7.3950   3.8345   4.1432   3.0160   0.0000   0.0000
    7.65    7.40100000   7.3980   3.8121   4.0582   2.6930   0.0000   0.0000
    7.65    7.40400000   7.4010   3.6891   3.8349   1.9150   0.0000   0.0000
    7.65    7.40700000   7.4040   3.7702   3.6582   1.1240   0.0000   0.0000
    7.65    7.41000000   7.4060   3.7712   3.6562   1.1150   0.0000   0.0000
    7.65    7.41300000   7.4080   3.7709   3.6549   1.1100   0.0000   0.0000
    7.65    7.41600000   7.4100   3.7676   3.6556   1.1160   0.0000   0.0000
    7.65    7.41900000   7.4120   3.7646   3.6562   1.1220   0.0000   0.0000
    7.65    7.42200000   7.4140   3.7625   3.6568   1.1260   0.0000   0.0000
    7.65    7.42500000   7.4160   3.7606   3.6573   1.1300   0.0000   0.0000
    7.65    7.42900000   7.4190   3.7591   3.6577   1.1340   0.0000   0.0000
    7.65    7.43200000   7.4210   3.7578   3.6582   1.1370   0.0000   0.0000
    7.65    7.43500000   7.4230   3.7567   3.6587   1.1400   0.0000   0.0000
    7.65    7.43800000   7.4250   3.7556   3.6592   1.1430   0.0000   0.0000
    7.65    7.44100000   7.4270   3.7542   3.6597   1.1470   0.0000   0.0000
    7.65    7.44400000   7.4300   3.7533   3.6602   1.1500   0.0000   0.0000
    7.65    7.44700000   7.4320   3.7531   3.6608   1.1530   0.0000   0.0000
    7.65    7.45000000   7.4340   3.7529   3.6614   1.1550   0.0000   0.0000
    7.65    7.45300000   7.4360   3.7527   3.6619   1.1580   0.0000   0.0000
    7.65    7.45700000   7.4380   3.7521   3.6624   1.1610   0.0000   0.0000
    7.65    7.46000000   7.4410   3.7514   3.6631   1.1640   0.0000   0.0000
    7.65    7.46300000   7.4430   3.7434   3.6495   1.1180   0.0000   0.0000
    7.65    7.46600000   7.4450   3.7277   3.6375   1.0860   0.0000   0.0000
    7.65    7.46900000   7.4470   3.7142   3.6309   1.0730   0.0000   0.0000
    7.65    7.47200000   7.4500   3.7141   3.6310   1.0730   0.0000   0.0000
    7.65    7.47500000   7.4520   3.7138   3.6313   1.0750   0.0000   0.0000
    7.65    7.47800000   7.4540   3.7138   3.6315   1.0760   0.0000   0.0000
    7.65    7.62700000   7.5380   3.9088   3.7767   1.4840   0.0000   0.0000
    7.65    7.82000000   7.6930   4.0798   3.9180   1.9020   0.0000   0.0000
# log(age) Mini Mact logl logt logg Composition Phase
    7.70    0.80000000   0.8000  -0.4232   3.7306   4.6400   0.0000   0.0000
    7.70    0.88400000   0.8840  -0.2196   3.7598   4.5970   0.0000   0.0000
    7.70    0.97800000   0.9780  -0.0150   3.7857   4.5390   0.0000   0.0000
    7.70    1.08100000   1.0810   0.1893   3.8090   4.4710   0.0000   0.0000
    7.70    1.19400000   1.1940   0.3676   3.8294   4.4180   0.0000   0.0000
    7.70    1.32000000   1.3200   0.5550   3.8568   4.3840   0.0000   0.0000
    7.70    1.46000000   1.4600   0.7451   3.8964   4.3960   0.0000   0.0000
    7.70    1.61300000   1.6130   0.9307   3.9347   4.4160   0.0000   0.0000
    7.70    1.78300000   1.7830   1.1114   3.9716   4.4470   0.0000   0.0000
    7.70    1.97100000   1.9710   1.2884   4.0082   4.4580   0.0000   0.0000
    7.70    2.17900000   2.1790   1.4599   4.0405   4.4570   0.0000   0.0000
    7.70    2.40900000   2.4090   1.6318   4.0712   4.4500   0.0000   0.0000
    7.70    2.66300000   2.6630   1.8007   4.0992   4.4360   0.0000   0.0000
    7.70    2.94400000   2.9440   1.9704   4.1255   4.4150   0.0000   0.0000
    7.70    3.25400000   3.2540   2.1388   4.1510   4.3920   0.0000   0.0000
    7.70    3.59700000   3.5970   2.3096   4.1762   4.3660   0.0000   0.0000
    7.70    3.97600000   3.9760   2.4850   4.2011   4.3350   0.0000   0.0000
    7.70    4.39500000   4.3950   2.6592   4.2241   4.2960   0.0000   0.0000
    7.70    4.85800000   4.8580   2.8418   4.2455   4.2440   0.0000   0.0000
    7.70    5.37000000   5.3700   3.0322   4.2635   4.1700   0.0000   0.0000
    7.70    5.93600000   5.9360   3.2386   4.2767   4.0620   0.0000   0.0000
    7.70    6.56200000   6.5620   3.4761   4.2771   3.8730   0.0000   0.0000
    7.70    6.87100000   6.8700   3.6054   4.2699   3.7390   0.0000   0.0000
    7.70    6.87300000   6.8730   3.6068   4.2700   3.7380   0.0000   0.0000
    7.70    6.87600000   6.8760   3.6081   4.2701   3.7370   0.0000   0.0000
    7.70    6.87900000   6.8780   3.6096   4.2702   3.7360   0.0000   0.0000
    7.70    6.88200000   6.8810   3.6110   4.2704   3.7360   0.0000   0.0000
    7.70    6.88500000   6.8840   3.6124   4.2705   3.7350   0.0000   0.0000
    7.70    6.88800000   6.8870   3.6139   4.2708   3.7350   0.0000   0.0000
    7.70    6.89100000   6.8900   3.6153   4.2710   3.7350   0.0000   0.0000
    7.70    6.89400000   6.8930   3.6168   4.2713   3.7350   0.0000   0.0000
    7.70    6.89600000   6.8960   3.6184   4.2717   3.7350   0.0000   0.0000
    7.70    6.89900000   6.8990   3.6199   4.2721   3.7350   0.0000   0.0000
    7.70    6.90200000   6.9010   3.6215   4.2725   3.7360   0.0000   0.0000
    7.70    6.90500000   6.9040   3.6232   4.2731   3.7370   0.0000   0.0000
    7.70    6.90800000   6.9070   3.6249   4.2738   3.7380   0.0000   0.0000
    7.70    6.91100000   6.9100   3.6267   4.2745   3.7400   0.0000   0.0000
    7.70    6.91400000   6.9130   3.6285   4.2754   3.7420   0.0000   0.0000
    7.70    6.91700000   6.9160   3.6306   4.2765   3.7440   0.0000   0.0000
    7.70    6.92000000   6.9190   3.6326   4.2778   3.7480   0.0000   0.0000
    7.70    6.92200000   6.9220   3.6350   4.2794   3.7520   0.0000   0.0000
    7.70    6.92500000   6.9240   3.6376   4.2813   3.7580   0.0000   0.0000
    7.70    6.92800000   6.9270   3.6406   4.2839   3.7660   0.0000   0.0000
    7.70    6.93100000   6.9300   3.6447   4.2871   3.7760   0.0000   0.0000
    7.70    6.93400000   6.9330   3.6503   4.2920   3.7910   0.0000   0.0000
    7.70    6.93700000   6.9360   3.6603   4.3000   3.8140   0.0000   0.0000
    7.70    6.94000000   6.9390   3.6804   4.3128   3.8470   0.0000   0.0000
    7.70    6.94300000   6.9420   3.6953   4.2800   3.6950   0.0000   0.0000
    7.70    6.94600000   6.9450   3.7251   4.2575   3.5710   0.0000   0.0000
    7.70    6.94900000   6.9480   3.7370   4.2383   3.4800   0.0000   0.0000
    7.70    6.95100000   6.9500   3.7446   4.2149   3.3750   0.0000   0.0000
    7.70    6.95400000   6.9530   3.7492   4.1829   3.2380   0.0000   0.0000
    7.70    6.95700000   6.9560   3.7470   4.1344   3.0420   0.0000   0.0000
    7.70    6.96000000   6.9590   3.7270   4.0500   2.7190   0.0000   0.0000
    7.70    6.96300000   6.9620   3.6361   3.8576   2.0340   0.0000   0.0000
    7.70    6.96600000   6.9640   3.6989   3.6230   1.0270   0.0000   0.0000
    7.70    6.96900000   6.9660   3.7002   3.6209   1.0180   0.0000   0.0000
    7.70    6.97200000   6.9680   3.7011   3.6191   1.0100   0.0000   0.0000
    7.70    6.97500000   6.9700   3.6973   3.6195   1.0150   0.0000   0.0000
    7.70    6.97800000   6.9720   3.6936   3.6200   1.0210   0.0000   0.0000
    7.70    6.98100000   6.9740   3.6911   3.6203   1.0250   0.0000   0.0000
    7.70    6.98300000   6.9760   3.6888   3.6206   1.0280   0.0000   0.0000
    7.70    6.98600000   6.9780   3.6868   3.6208   1.0310   0.0000   0.0000
    7.70    6.98900000   6.9790   3.6852   3.6210   1.0340   0.0000   0.0000
    7.70    6.99200000   6.9810   3.6837   3.6213   1.0370   0.0000   0.0000
    7.70    6.99500000   6.9830   3.6826   3.6215   1.0390   0.0000   0.0000
    7.70    6.99800000   6.9850   3.6815   3.6218   1.0410   0.0000   0.0000
    7.70    7.00100000   6.9870   3.6801   3.6220   1.0440   0.0000   0.0000
    7.70    7.00400000   6.9890   3.6787   3.6225   1.0470   0.0000   0.0000
    7.70    7.00700000   6.9910   3.6778   3.6230   1.0500   0.0000   0.0000
    7.70    7.01000000   6.9930   3.6777   3.6236   1.0530   0.0000   0.0000
    7.70    7.01300000   6.9960   3.6775   3.6243   1.0560   0.0000   0.0000
    7.70    7.01600000   6.9980   3.6773   3.6248   1.0580   0.0000   0.0000
    7.70    7.01800000   7.0000   3.6771   3.6253   1.0600   0.0000   0.0000
    7.70    7.02100000   7.0020   3.6765   3.6258   1.0630   0.0000   0.0000
    7.70    7.02400000   7.0040   3.6757   3.6264   1.0670   0.0000   0.0000
    7.70    7.02700000   7.0060   3.6751   3.6268   1.0690   0.0000   0.0000
    7.70    7.03000000   7.0080   3.6745   3.6265   1.0680   0.0000   0.0000
    7.70    7.03300000   7.0100   3.6736   3.6262   1.0680   0.0000   0.0000
    7.70    7.07400000   7.0400   3.6724   3.6293   1.0840   0.0000   0.0000
    7.70    7.25400000   7.1670   3.9260   3.9411   2.1180   0.0000   0.0000
# log(age) Mini Mact logl logt logg Composition Phase
    7.75    0.80000000   0.8000  -0.4232   3.7306   4.6390   0.0000   0.0000
    7.75    0.88400000   0.8840  -0.2196   3.7598   4.5970   0.0000   0.0000
    7.75    0.97800000   0.9780  -0.0150   3.7857   4.5390   0.0000   0.0000
    7.75    1.08100000   1.0810   0.1893   3.8090   4.4710   0.0000   0.0000
    7.75    1.19400000   1.1940   0.3678   3.8294   4.4180   0.0000   0.0000
    7.75    1.32000000   1.3200   0.5558   3.8569   4.3830   0.0000   0.0000
    7.75    1.46000000   1.4600   0.7458   3.8964   4.3950   0.0000   0.0000
    7.75    1.61300000   1.6130   0.9314   3.9347   4.4160   0.0000   0.0000
    7.75    1.78300000   1.7830   1.1122   3.9717   4.4460   0.0000   0.0000
    7.75    1.97100000   1.9710   1.2896   4.0083   4.4570   0.0000   0.0000
    7.75    2.17900000   2.1790   1.4615   4.0403   4.4550   0.0000   0.0000
    7.75    2.40900000   2.4090   1.6338   4.0708   4.4460   0.0000   0.0000
    7.75    2.66300000   2.6630   1.8038   4.0984   4.4300   0.0000   0.0000
    7.75    2.94400000   2.9440   1.9747   4.1247   4.4080   0.0000   0.0000
    7.75    3.25400000   3.2540   2.1445   4.1501   4.3830   0.0000   0.0000
    7.75    3.59700000   3.5970   2.3173   4.1752   4.3550   0.0000   0.0000
    7.75    3.97600000   3.9760   2.4954   4.1999   4.3190   0.0000   0.0000
    7.75    4.39500000   4.3950   2.6735   4.2221   4.2750   0.0000   0.0000
    7.75    4.85800000   4.8580   2.8618   4.2423   4.2120   0.0000   0.0000
    7.75    5.37000000   5.3700   3.0609   4.2582   4.1210   0.0000   0.0000
    7.75    5.93600000   5.9360   3.2813   4.2660   3.9790   0.0000   0.0000
    7.75    6.50800000   6.5070   3.5239   4.2564   3.7420   0.0000   0.0000
    7.75    6.51000000   6.5100   3.5252   4.2564   3.7410   0.0000   0.0000
    7.75    6.51300000   6.5120   3.5267   4.2566   3.7410   0.0000   0.0000
    7.75    6.51600000   6.5150   3.5281   4.2567   3.7400   0.0000   0.0000
    7.75    6.51800000   6.5180   3.5295   4.2569   3.7400   0.0000   0.0000
    7.75    6.52100000   6.5210   3.5309   4.2571   3.7390   0.0000   0.0000
    7.75    6.52400000   6.5230   3.5324   4.2573   3.7390   0.0000   0.0000
    7.75    6.52700000   6.5260   3.5338   4.2576   3.7390   0.0000   0.0000
    7.75    6.52900000   6.5290   3.5354   4.2579   3.7390   0.0000   0.0000
    7.75    6.53200000   6.5310   3.5369   4.2583   3.7390   0.0000   0.0000
    7.75    6.53500000   6.5340   3.5385   4.2588   3.7400   0.0000   0.0000
    7.75    6.53800000   6.5370   3.5402   4.2593   3.7410   0.0000   0.0000
    7.75    6.54000000   6.5400   3.5419   4.2599   3.7420   0.0000   0.0000
    7.75    6.54300000   6.5420   3.5437   4.2606   3.7430   0.0000   0.0000
    7.75    6.54600000   6.5450   3.5455   4.2615   3.7450   0.0000   0.0000
    7.75    6.54800000   6.5480   3.5475   4.2625   3.7470   0.0000   0.0000
    7.75    6.55100000   6.5510   3.5495   4.2636   3.7500   0.0000   0.0000
    7.75    6.55400000   6.5530   3.5518   4.2651   3.7540   0.0000   0.0000
    7.75    6.55700000   6.5560   3.5543   4.2668   3.7590   0.0000   0.0000
    7.75    6.55900000   6.5590   3.5572   4.2691   3.7660   0.0000   0.0000
    7.75    6.56200000   6.5610   3.5608   4.2721   3.7750   0.0000   0.0000
    7.75    6.56500000   6.5640   3.5657   4.2761   3.7870   0.0000   0.0000
    7.75    6.56800000   6.5670   3.5737   4.2827   3.8070   0.0000   0.0000
    7.75    6.57000000   6.5700   3.5901   4.2938   3.8370   0.0000   0.0000
    7.75    6.57300000   6.5720   3.5875   4.2805   3.7840   0.0000   0.0000
    7.75    6.57600000   6.5750   3.6326   4.2557   3.6350   0.0000   0.0000
    7.75    6.57900000   6.5780   3.6487   4.2394   3.5510   0.0000   0.0000
    7.75    6.58100000   6.5810   3.6574   4.2229   3.4730   0.0000   0.0000
    7.75    6.58400000   6.5830   3.6639   4.2017   3.3790   0.0000   0.0000
    7.75    6.58700000   6.5860   3.6679   4.1735   3.2590   0.0000   0.0000
    7.75    6.59000000   6.5890   3.6666   4.1324   3.0920   0.0000   0.0000
    7.75    6.59200000   6.5920   3.6524   4.0645   2.8300   0.0000   0.0000
    7.75    6.59500000   6.5940   3.5947   3.9269   2.3310   0.0000   0.0000
    7.75    6.59800000   6.5970   3.4136   3.6487   1.3920   0.0000   0.0000
    7.75    6.60100000   6.5990   3.6205   3.6254   1.0920   0.0000   0.0000
    7.75    6.60300000   6.6010   3.6202   3.6239   1.0860   0.0000   0.0000
    7.75    6.60600000   6.6030   3.6184   3.6233   1.0860   0.0000   0.0000
    7.75    6.60900000   6.6040   3.6146   3.6238   1.0920   0.0000   0.0000
    7.75    6.61200000   6.6060   3.6110   3.6243   1.0970   0.0000   0.0000
    7.75    6.61400000   6.6080   3.6088   3.6245   1.1010   0.0000   0.0000
    7.75    6.61700000   6.6100   3.6066   3.6248   1.1040   0.0000   0.0000
    7.75    6.62000000   6.6120   3.6048   3.6250   1.1070   0.0000   0.0000
    7.75    6.62300000   6.6140   3.6031   3.6253   1.1100   0.0000   0.0000
    7.75    6.62600000   6.6160   3.6016   3.6255   1.1120   0.0000   0.0000
    7.75    6.62800000   6.6180   3.6006   3.6257   1.1140   0.0000   0.0000
    7.75    6.63100000   6.6200   3.5996   3.6260   1.1160   0.0000   0.0000
    7.75    6.63400000   6.6220   3.5984   3.6261   1.1180   0.0000   0.0000
    7.75    6.63700000   6.6240   3.5971   3.6263   1.1200   0.0000   0.0000
    7.75    6.63900000   6.6260   3.5962   3.6266   1.1220   0.0000   0.0000
    7.75    6.64200000   6.6270   3.5960   3.6269   1.1240   0.0000   0.0000
    7.75    6.64500000   6.6290   3.5958   3.6273   1.1260   0.0000   0.0000
    7.75    6.64800000   6.6310   3.5956   3.6275   1.1270   0.0000   0.0000
    7.75    6.65000000   6.6330   3.5955   3.6277   1.1280   0.0000   0.0000
    7.75    6.65300000   6.6350   3.5950   3.6280   1.1300   0.0000   0.0000
    7.75    6.65600000   6.6370   3.5945   3.6283   1.1320   0.0000   0.0000
    7.75    6.65900000   6.6390   3.5942   3.6286   1.1340   0.0000   0.0000
    7.75    6.66200000   6.6410   3.5941   3.6288   1.1350   0.0000   0.0000
    7.75    6.66400000   6.6430   3.5942   3.6291   1.1360   0.0000   0.0000
    7.75    6.72900000   6.6880   3.6076   3.6339   1.1450   0.0000   0.0000
    7.75    6.89900000   6.8160   3.8836   3.9428   2.1350   0.0000   0.0000
# log(age) Mini Mact logl logt logg Composition Phase
    7.80    0.80000000   0.8000  -0.4232   3.7306   4.6390   0.0000   0.0000
    7.80    0.88400000   0.8840  -0.2196   3.7598   4.5970   0.0000   0.0000
    7.80    0.97800000   0.9780  -0.0150   3.7857   4.5390   0.0000   0.0000
    7.80    1.08100000   1.0810   0.1893   3.8090   4.4710   0.0000   0.0000
    7.80    1.19400000   1.1940   0.3685   3.8294   4.4170   0.0000   0.0000
    7.80    1.32000000   1.3200   0.5565   3.8570   4.3830   0.0000   0.0000
    7.80    1.46000000   1.4600   0.7464   3.8965   4.3950   0.0000   0.0000
    7.80    1.61300000   1.6130   0.9320   3.9348   4.4150   0.0000   0.0000
    7.80    1.78300000   1.7830   1.1132   3.9718   4.4450   0.0000   0.0000
    7.80    1.97100000   1.9710   1.2909   4.0083   4.4550   0.0000   0.0000
    7.80    2.17900000   2.1790   1.4637   4.0402   4.4520   0.0000   0.0000
    7.80    2.40900000   2.4090   1.6360   4.0703   4.4420   0.0000   0.0000
    7.80    2.66300000   2.6630   1.8072   4.0976   4.4230   0.0000   0.0000
    7.80    2.94400000   2.9440   1.9795   4.1239   4.4000   0.0000   0.0000
    7.80    3.25400000   3.2540   2.1512   4.1492   4.3730   0.0000   0.0000
    7.80    3.59700000   3.5970   2.3262   4.1741   4.3420   0.0000   0.0000
    7.80    3.97600000   3.9760   2.5076   4.1982   4.3010   0.0000   0.0000
    7.80    4.39500000   4.3950   2.6901   4.2195   4.2480   0.0000   0.0000
    7.80    4.85800000   4.8580   2.8859   4.2381   4.1720   0.0000   0.0000
    7.80    5.37000000   5.3700   3.0960   4.2505   4.0570   0.0000   0.0000
    7.80    5.93600000   5.9360   3.3355   4.2485   3.8570   0.0000   0.0000
    7.80    6.16100000   6.1610   3.4410   4.2427   3.7470   0.0000   0.0000
    7.80    6.16400000   6.1630   3.4423   4.2428   3.7460   0.0000   0.0000
    7.80    6.16600000   6.1660   3.4437   4.2429   3.7450   0.0000   0.0000
    7.80    6.16900000   6.1680   3.4452   4.2431   3.7450   0.0000   0.0000
    7.80    6.17200000   6.1710   3.4465   4.2432   3.7440   0.0000   0.0000
    7.80    6.17400000   6.1740   3.4480   4.2434   3.7440   0.0000   0.0000
    7.80    6.17700000   6.1760   3.4495   4.2437   3.7440   0.0000   0.0000
    7.80    6.17900000   6.1790   3.4509   4.2439   3.7430   0.0000   0.0000
    7.80    6.18200000   6.1810   3.4524   4.2442   3.7430   0.0000   0.0000
    7.80    6.18400000   6.1840   3.4540   4.2446   3.7440   0.0000   0.0000
    7.80    6.18700000   6.1860   3.4556   4.2450   3.7440   0.0000   0.0000
    7.80    6.19000000   6.1890   3.4572   4.2455   3.7450   0.0000   0.0000
    7.80    6.19200000   6.1920   3.4589   4.2461   3.7450   0.0000   0.0000
    7.80    6.19500000   6.1940   3.4607   4.2467   3.7470   0.0000   0.0000
    7.80    6.19700000   6.1970   3.4625   4.2475   3.7480   0.0000   0.0000
    7.80    6.20000000   6.1990   3.4643   4.2484   3.7510   0.0000   0.0000
    7.80    6.20300000   6.2020   3.4665   4.2496   3.7530   0.0000   0.0000
    7.80    6.20500000   6.2050   3.4686   4.2509   3.7570   0.0000   0.0000
    7.80    6.20800000   6.2070   3.4711   4.2525   3.7610   0.0000   0.0000
    7.80    6.21000000   6.2100   3.4738   4.2545   3.7670   0.0000   0.0000
    7.80    6.21300000   6.2120   3.4770   4.2571   3.7750   0.0000   0.0000
    7.80    6.21500000   6.2150   3.4816   4.2607   3.7860   0.0000   0.0000
    7.80    6.21800000   6.2180   3.4880   4.2660   3.8010   0.0000   0.0000
    7.80    6.22100000   6.2200   3.5000   4.2749   3.8270   0.0000   0.0000
    7.80    6.22300000   6.2230   3.5094   4.2818   3.8460   0.0000   0.0000
    7.80    6.22600000   6.2250   3.5378   4.2524   3.6940   0.0000   0.0000
    7.80    6.22800000   6.2280   3.5598   4.2364   3.6060   0.0000   0.0000
    7.80    6.23100000   6.2300   3.5702   4.2231   3.5400   0.0000   0.0000
    7.80    6.23400000   6.2330   3.5774   4.2082   3.4700   0.0000   0.0000
    7.80    6.23600000   6.2360   3.5830   4.1895   3.3880   0.0000   0.0000
    7.80    6.23900000   6.2380   3.5866   4.1643   3.2810   0.0000   0.0000
    7.80    6.24100000   6.2410   3.5860   4.1293   3.1380   0.0000   0.0000
    7.80    6.24400000   6.2430   3.5758   4.0736   2.9210   0.0000   0.0000
    7.80    6.24700000   6.2460   3.5371   3.9707   2.5430   0.0000   0.0000
    7.80    6.24900000   6.2490   3.3663   3.7146   1.6810   0.0000   0.0000
    7.80    6.25200000   6.2510   3.5426   3.6293   1.1620   0.0000   0.0000
    7.80    6.25500000   6.2530   3.5408   3.6283   1.1600   0.0000   0.0000
    7.80    6.25700000   6.2540   3.5391   3.6274   1.1580   0.0000   0.0000
    7.80    6.26000000   6.2560   3.5357   3.6276   1.1620   0.0000   0.0000
    7.80    6.26200000   6.2580   3.5320   3.6281   1.1680   0.0000   0.0000
    7.80    6.26500000   6.2600   3.5287   3.6285   1.1730   0.0000   0.0000
    7.80    6.26800000   6.2620   3.5266   3.6287   1.1760   0.0000   0.0000
    7.80    6.27000000   6.2640   3.5245   3.6290   1.1800   0.0000   0.0000
    7.80    6.27300000   6.2660   3.5227   3.6293   1.1820   0.0000   0.0000
    7.80    6.27500000   6.2680   3.5210   3.6295   1.1850   0.0000   0.0000
    7.80    6.27800000   6.2690   3.5195   3.6297   1.1880   0.0000   0.0000
    7.80    6.28100000   6.2710   3.5186   3.6299   1.1900   0.0000   0.0000
    7.80    6.28300000   6.2730   3.5177   3.6301   1.1920   0.0000   0.0000
    7.80    6.28600000   6.2750   3.5167   3.6303   1.1930   0.0000   0.0000
    7.80    6.28900000   6.2770   3.5156   3.6305   1.1950   0.0000   0.0000
    7.80    6.29100000   6.2790   3.5146   3.6307   1.1970   0.0000   0.0000
    7.80    6.29400000   6.2810   3.5143   3.6310   1.1990   0.0000   0.0000
    7.80    6.29600000   6.2830   3.5140   3.6313   1.2010   0.0000   0.0000
    7.80    6.29900000   6.2850   3.5138   3.6316   1.2020   0.0000   0.0000
    7.80    6.30200000   6.2870   3.5138   3.6318   1.2030   0.0000   0.0000
    7.80    6.30400000   6.2890   3.5136   3.6320   1.2040   0.0000   0.0000
    7.80    6.30700000   6.2910   3.5133   3.6322   1.2060   0.0000   0.0000
    7.80    6.31000000   6.2930   3.5129   3.6325   1.2070   0.0000   0.0000
    7.80    6.31200000   6.2940   3.5128   3.6328   1.2080   0.0000   0.0000
    7.80    6.40000000   6.3570   3.5370   3.6404   1.2190   0.0000   0.0000
    7.80    6.56200000   6.4820   3.8172   3.9181   2.0750   0.0000   0.0000
# log(age) Mini Mact logl logt logg Composition Phase
    7.85    0.80000000   0.8000  -0.4232   3.7306   4.6390   0.0000   0.0000
    7.85    0.88400000   0.8840  -0.2195   3.7599   4.5970   0.0000   0.0000
    7.85    0.97800000   0.9780  -0.0149   3.7857   4.5390   0.0000   0.0000
    7.85    1.08100000   1.0810   0.1897   3.8090   4.4710   0.0000   0.0000
    7.85    1.19400000   1.1940   0.3692   3.8295   4.4170   0.0000   0.0000
    7.85    1.32000000   1.3200   0.5572   3.8570   4.3830   0.0000   0.0000
    7.85    1.46000000   1.4600   0.7471   3.8966   4.3940   0.0000   0.0000
    7.85    1.61300000   1.6130   0.9329   3.9349   4.4140   0.0000   0.0000
    7.85    1.78300000   1.7830   1.1145   3.9718   4.4430   0.0000   0.0000
    7.85    1.97100000   1.9710   1.2921   4.0083   4.4540   0.0000   0.0000
    7.85    2.17900000   2.1790   1.4659   4.0400   4.4480   0.0000   0.0000
    7.85    2.40900000   2.4090   1.6389   4.0696   4.4360   0.0000   0.0000
    7.85    2.66300000   2.6630   1.8111   4.0968   4.4160   0.0000   0.0000
    7.85    2.94400000   2.9440   1.9851   4.1231   4.3910   0.0000   0.0000
    7.85    3.25400000   3.2540   2.1588   4.1482   4.3620   0.0000   0.0000
    7.85    3.59700000   3.5970   2.3365   4.1727   4.3260   0.0000   0.0000
    7.85    3.97600000   3.9760   2.5217   4.1961   4.2790   0.0000   0.0000
    7.85    4.39500000   4.3950   2.7094   4.2164   4.2170   0.0000   0.0000
    7.85    4.85800000   4.8580   2.9150   4.2323   4.1210   0.0000   0.0000
    7.85    5.37000000   5.3700   3.1396   4.2388   3.9680   0.0000   0.0000
    7.85    5.83600000   5.8350   3.3594   4.2292   3.7510   0.0000   0.0000
    7.85    5.83800000   5.8380   3.3608   4.2293   3.7500   0.0000   0.0000
    7.85    5.84100000   5.8400   3.3622   4.2294   3.7490   0.0000   0.0000
    7.85    5.84300000   5.8430   3.3636   4.2296   3.7490   0.0000   0.0000
    7.85    5.84500000   5.8450   3.3651   4.2298   3.7480   0.0000   0.0000
    7.85    5.84800000   5.8480   3.3665   4.2300   3.7480   0.0000   0.0000
    7.85    5.85000000   5.8500   3.3680   4.2302   3.7480   0.0000   0.0000
    7.85    5.85300000   5.8520   3.3695   4.2305   3.7480   0.0000   0.0000
    7.85    5.85500000   5.8550   3.3710   4.2309   3.7480   0.0000   0.0000
    7.85    5.85800000   5.8570   3.3726   4.2313   3.7480   0.0000   0.0000
    7.85    5.86000000   5.8600   3.3743   4.2317   3.7490   0.0000   0.0000
    7.85    5.86300000   5.8620   3.3759   4.2323   3.7490   0.0000   0.0000
    7.85    5.86500000   5.8650   3.3776   4.2329   3.7500   0.0000   0.0000
    7.85    5.86700000   5.8670   3.3795   4.2336   3.7520   0.0000   0.0000
    7.85    5.87000000   5.8700   3.3813   4.2345   3.7540   0.0000   0.0000
    7.85    5.87200000   5.8720   3.3834   4.2355   3.7560   0.0000   0.0000
    7.85    5.87500000   5.8740   3.3855   4.2367   3.7590   0.0000   0.0000
    7.85    5.87700000   5.8770   3.3878   4.2382   3.7630   0.0000   0.0000
    7.85    5.88000000   5.8790   3.3905   4.2400   3.7690   0.0000   0.0000
    7.85    5.88200000   5.8820   3.3935   4.2423   3.7750   0.0000   0.0000
    7.85    5.88500000   5.8840   3.3975   4.2454   3.7850   0.0000   0.0000
    7.85    5.88700000   5.8870   3.4031   4.2498   3.7980   0.0000   0.0000
    7.85    5.89000000   5.8890   3.4129   4.2574   3.8190   0.0000   0.0000
    7.85    5.89200000   5.8920   3.4315   4.2692   3.8500   0.0000   0.0000
    7.85    5.89400000   5.8940   3.4383   4.2485   3.7570   0.0000   0.0000
    7.85    5.89700000   5.8970   3.4707   4.2312   3.6520   0.0000   0.0000
    7.85    5.89900000   5.8990   3.4831   4.2199   3.5920   0.0000   0.0000
    7.85    5.90200000   5.9010   3.4909   4.2078   3.5340   0.0000   0.0000
    7.85    5.90400000   5.9040   3.4970   4.1945   3.4730   0.0000   0.0000
    7.85    5.90700000   5.9060   3.5020   4.1776   3.3980   0.0000   0.0000
    7.85    5.90900000   5.9090   3.5053   4.1554   3.3040   0.0000   0.0000
    7.85    5.91200000   5.9110   3.5053   4.1253   3.1800   0.0000   0.0000
    7.85    5.91400000   5.9140   3.4975   4.0775   2.9930   0.0000   0.0000
    7.85    5.91700000   5.9160   3.4712   3.9997   2.7030   0.0000   0.0000
    7.85    5.91900000   5.9190   3.3752   3.8300   2.1140   0.0000   0.0000
    7.85    5.92200000   5.9210   3.3964   3.6408   1.3300   0.0000   0.0000
    7.85    5.92400000   5.9230   3.4631   3.6321   1.2290   0.0000   0.0000
    7.85    5.92700000   5.9250   3.4600   3.6317   1.2310   0.0000   0.0000
    7.85    5.92900000   5.9260   3.4568   3.6314   1.2330   0.0000   0.0000
    7.85    5.93100000   5.9280   3.4530   3.6319   1.2390   0.0000   0.0000
    7.85    5.93400000   5.9300   3.4493   3.6323   1.2440   0.0000   0.0000
    7.85    5.93600000   5.9320   3.4465   3.6327   1.2490   0.0000   0.0000
    7.85    5.93900000   5.9340   3.4445   3.6330   1.2520   0.0000   0.0000
    7.85    5.94100000   5.9360   3.4424   3.6332   1.2550   0.0000   0.0000
    7.85    5.94400000   5.9380   3.4407   3.6335   1.2580   0.0000   0.0000
    7.85    5.94600000   5.9390   3.4390   3.6337   1.2610   0.0000   0.0000
    7.85    5.94900000   5.9410   3.4374   3.6339   1.2630   0.0000   0.0000
    7.85    5.95100000   5.9430   3.4366   3.6341   1.2650   0.0000   0.0000
    7.85    5.95400000   5.9450   3.4358   3.6343   1.2670   0.0000   0.0000
    7.85    5.95600000   5.9470   3.4349   3.6345   1.2690   0.0000   0.0000
    7.85    5.95900000   5.9490   3.4340   3.6347   1.2700   0.0000   0.0000
    7.85    5.96100000   5.9510   3.4331   3.6349   1.2720   0.0000   0.0000
    7.85    5.96400000   5.9530   3.4326   3.6352   1.2740   0.0000   0.0000
    7.85    5.96600000   5.9540   3.4323   3.6354   1.2760   0.0000   0.0000
    7.85    5.96900000   5.9560   3.4320   3.6357   1.2770   0.0000   0.0000
    7.85    5.97100000   5.9580   3.4320   3.6359   1.2780   0.0000   0.0000
    7.85    5.97400000   5.9600   3.4319   3.6360   1.2790   0.0000   0.0000
    7.85    5.97600000   5.9620   3.4318   3.6362   1.2800   0.0000   0.0000
    7.85    5.97900000   5.9640   3.4317   3.6365   1.2810   0.0000   0.0000
    7.85    5.98100000   5.9660   3.4315   3.6367   1.2820   0.0000   0.0000
    7.85    6.08700000   6.0440   3.4770   3.6480   1.2880   0.0000   0.0000
    7.85    6.24100000   6.1630   3.7488   3.8718   1.9340   0.0000   0.0000
# log(age) Mini Mact logl logt logg Composition Phase
    7.90    0.80000000   0.8000  -0.4231   3.7306   4.6390   0.0000   0.0000
    7.90    0.88400000   0.8840  -0.2195   3.7599   4.5960   0.0000   0.0000
    7.90    0.97800000   0.9780  -0.0149   3.7858   4.5390   0.0000   0.0000
    7.90    1.08100000   1.0810   0.1903   3.8090   4.4700   0.0000   0.0000
    7.90    1.19400000   1.1940   0.3699   3.8295   4.4160   0.0000   0.0000
    7.90    1.32000000   1.3200   0.5579   3.8571   4.3820   0.0000   0.0000
    7.90    1.46000000   1.4600   0.7482   3.8966   4.3940   0.0000   0.0000
    7.90    1.61300000   1.6130   0.9342   3.9350   4.4130   0.0000   0.0000
    7.90    1.78300000   1.7830   1.1159   3.9719   4.4420   0.0000   0.0000
    7.90    1.97100000   1.9710   1.2944   4.0083   4.4510   0.0000   0.0000
    7.90    2.17900000   2.1790   1.4681   4.0395   4.4440   0.0000   0.0000
    7.90    2.40900000   2.4090   1.6421   4.0689   4.4300   0.0000   0.0000
    7.90    2.66300000   2.6630   1.8157   4.0960   4.4080   0.0000   0.0000
    7.90    2.94400000   2.9440   1.9916   4.1221   4.3810   0.0000   0.0000
    7.90    3.25400000   3.2540   2.1675   4.1470   4.3490   0.0000   0.0000
    7.90    3.59700000   3.5970   2.3485   4.1710   4.3080   0.0000   0.0000
    7.90    3.97600000   3.9760   2.5380   4.1934   4.2530   0.0000   0.0000
    7.90    4.39500000   4.3950   2.7331   4.2120   4.1770   0.0000   0.0000
    7.90    4.85800000   4.8580   2.9503   4.2240   4.0530   0.0000   0.0000
    7.90    5.37000000   5.3700   3.1951   4.2196   3.8380   0.0000   0.0000
    7.90    5.52500000   5.5250   3.2765   4.2155   3.7550   0.0000   0.0000
    7.90    5.52700000   5.5270   3.2778   4.2156   3.7540   0.0000   0.0000
    7.90    5.53000000   5.5290   3.2793   4.2158   3.7540   0.0000   0.0000
    7.90    5.53200000   5.5320   3.2807   4.2159   3.7530   0.0000   0.0000
    7.90    5.53400000   5.5340   3.2821   4.2161   3.7530   0.0000   0.0000
    7.90    5.53700000   5.5360   3.2836   4.2163   3.7520   0.0000   0.0000
    7.90    5.53900000   5.5390   3.2851   4.2166   3.7520   0.0000   0.0000
    7.90    5.54100000   5.5410   3.2865   4.2168   3.7520   0.0000   0.0000
    7.90    5.54400000   5.5430   3.2881   4.2171   3.7520   0.0000   0.0000
    7.90    5.54600000   5.5460   3.2896   4.2175   3.7520   0.0000   0.0000
    7.90    5.54800000   5.5480   3.2913   4.2180   3.7530   0.0000   0.0000
    7.90    5.55000000   5.5500   3.2929   4.2184   3.7530   0.0000   0.0000
    7.90    5.55300000   5.5530   3.2946   4.2190   3.7540   0.0000   0.0000
    7.90    5.55500000   5.5550   3.2964   4.2197   3.7560   0.0000   0.0000
    7.90    5.55700000   5.5570   3.2983   4.2206   3.7570   0.0000   0.0000
    7.90    5.56000000   5.5600   3.3003   4.2215   3.7590   0.0000   0.0000
    7.90    5.56200000   5.5620   3.3024   4.2226   3.7620   0.0000   0.0000
    7.90    5.56400000   5.5640   3.3046   4.2240   3.7660   0.0000   0.0000
    7.90    5.56700000   5.5660   3.3072   4.2256   3.7700   0.0000   0.0000
    7.90    5.56900000   5.5690   3.3100   4.2276   3.7760   0.0000   0.0000
    7.90    5.57100000   5.5710   3.3136   4.2305   3.7840   0.0000   0.0000
    7.90    5.57400000   5.5730   3.3186   4.2342   3.7950   0.0000   0.0000
    7.90    5.57600000   5.5760   3.3259   4.2399   3.8120   0.0000   0.0000
    7.90    5.57800000   5.5780   3.3414   4.2504   3.8400   0.0000   0.0000
    7.90    5.58100000   5.5800   3.3412   4.2459   3.8220   0.0000   0.0000
    7.90    5.58300000   5.5830   3.3804   4.2247   3.6930   0.0000   0.0000
    7.90    5.58500000   5.5850   3.3962   4.2133   3.6300   0.0000   0.0000
    7.90    5.58800000   5.5870   3.4047   4.2041   3.5830   0.0000   0.0000
    7.90    5.59000000   5.5900   3.4111   4.1933   3.5320   0.0000   0.0000
    7.90    5.59200000   5.5920   3.4165   4.1814   3.4770   0.0000   0.0000
    7.90    5.59500000   5.5940   3.4209   4.1665   3.4120   0.0000   0.0000
    7.90    5.59700000   5.5970   3.4241   4.1466   3.3270   0.0000   0.0000
    7.90    5.59900000   5.5990   3.4244   4.1207   3.2200   0.0000   0.0000
    7.90    5.60200000   5.6010   3.4186   4.0798   3.0590   0.0000   0.0000
    7.90    5.60400000   5.6040   3.3994   4.0169   2.8220   0.0000   0.0000
    7.90    5.60600000   5.6060   3.3349   3.8907   2.3760   0.0000   0.0000
    7.90    5.60900000   5.6080   3.0946   3.6723   1.7350   0.0000   0.0000
    7.90    5.61100000   5.6100   3.3867   3.6354   1.2950   0.0000   0.0000
    7.90    5.61300000   5.6120   3.3824   3.6354   1.3000   0.0000   0.0000
    7.90    5.61600000   5.6140   3.3781   3.6354   1.3040   0.0000   0.0000
    7.90    5.61800000   5.6160   3.3741   3.6357   1.3090   0.0000   0.0000
    7.90    5.62000000   5.6170   3.3703   3.6361   1.3150   0.0000   0.0000
    7.90    5.62300000   5.6190   3.3666   3.6366   1.3210   0.0000   0.0000
    7.90    5.62500000   5.6210   3.3643   3.6369   1.3240   0.0000   0.0000
    7.90    5.62700000   5.6230   3.3623   3.6372   1.3280   0.0000   0.0000
    7.90    5.63000000   5.6250   3.3604   3.6375   1.3310   0.0000   0.0000
    7.90    5.63200000   5.6270   3.3586   3.6377   1.3340   0.0000   0.0000
    7.90    5.63500000   5.6280   3.3569   3.6379   1.3360   0.0000   0.0000
    7.90    5.63700000   5.6300   3.3554   3.6382   1.3390   0.0000   0.0000
    7.90    5.63900000   5.6320   3.3546   3.6384   1.3410   0.0000   0.0000
    7.90    5.64200000   5.6340   3.3539   3.6385   1.3420   0.0000   0.0000
    7.90    5.64400000   5.6360   3.3531   3.6387   1.3440   0.0000   0.0000
    7.90    5.64600000   5.6380   3.3524   3.6389   1.3460   0.0000   0.0000
    7.90    5.64900000   5.6390   3.3516   3.6391   1.3470   0.0000   0.0000
    7.90    5.65100000   5.6410   3.3510   3.6393   1.3490   0.0000   0.0000
    7.90    5.65300000   5.6430   3.3506   3.6396   1.3500   0.0000   0.0000
    7.90    5.65600000   5.6450   3.3502   3.6398   1.3520   0.0000   0.0000
    7.90    5.65800000   5.6470   3.3501   3.6400   1.3530   0.0000   0.0000
    7.90    5.66000000   5.6490   3.3501   3.6401   1.3540   0.0000   0.0000
    7.90    5.66300000   5.6500   3.3502   3.6403   1.3540   0.0000   0.0000
    7.90    5.66500000   5.6520   3.3502   3.6405   1.3550   0.0000   0.0000
    7.90    5.79000000   5.7480   3.4575   3.7376   1.6530   0.0000   0.0000
    7.90    5.93600000   5.8600   3.6782   3.8126   1.7400   0.0000   0.0000
# log(age) Mini Mact logl logt logg Composition Phase
    7.95    0.80000000   0.8000  -0.4231   3.7306   4.6390   0.0000   0.0000
    7.95    0.88400000   0.8840  -0.2195   3.7599   4.5960   0.0000   0.0000
    7.95    0.97800000   0.9780  -0.0149   3.7858   4.5390   0.0000   0.0000
    7.95    1.08100000   1.0810   0.1910   3.8091   4.4700   0.0000   0.0000
    7.95    1.19400000   1.1940   0.3706   3.8295   4.4160   0.0000   0.0000
    7.95    1.32000000   1.3200   0.5587   3.8572   4.3820   0.0000   0.0000
    7.95    1.46000000   1.4600   0.7493   3.8967   4.3930   0.0000   0.0000
    7.95    1.61300000   1.6130   0.9355   3.9350   4.4120   0.0000   0.0000
    7.95    1.78300000   1.7830   1.1173   3.9720   4.4400   0.0000   0.0000
    7.95    1.97100000   1.9710   1.2966   4.0082   4.4480   0.0000   0.0000
    7.95    2.17900000   2.1790   1.4706   4.0390   4.4390   0.0000   0.0000
    7.95    2.40900000   2.4090   1.6456   4.0680   4.4230   0.0000   0.0000
    7.95    2.66300000   2.6630   1.8210   4.0951   4.4000   0.0000   0.0000
    7.95    2.94400000   2.9440   1.9990   4.1211   4.3690   0.0000   0.0000
    7.95    3.25400000   3.2540   2.1776   4.1456   4.3330   0.0000   0.0000
    7.95    3.59700000   3.5970   2.3622   4.1689   4.2860   0.0000   0.0000
    7.95    3.97600000   3.9760   2.5565   4.1903   4.2220   0.0000   0.0000
    7.95    4.39500000   4.3950   2.7617   4.2060   4.1250   0.0000   0.0000
    7.95    4.85800000   4.8580   2.9941   4.2114   3.9610   0.0000   0.0000
    7.95    5.23100000   5.2310   3.1936   4.2019   3.7600   0.0000   0.0000
    7.95    5.23300000   5.2330   3.1949   4.2020   3.7590   0.0000   0.0000
    7.95    5.23500000   5.2350   3.1964   4.2021   3.7580   0.0000   0.0000
    7.95    5.23800000   5.2370   3.1978   4.2023   3.7580   0.0000   0.0000
    7.95    5.24000000   5.2400   3.1992   4.2024   3.7570   0.0000   0.0000
    7.95    5.24200000   5.2420   3.2006   4.2026   3.7570   0.0000   0.0000
    7.95    5.24400000   5.2440   3.2021   4.2029   3.7570   0.0000   0.0000
    7.95    5.24600000   5.2460   3.2036   4.2031   3.7560   0.0000   0.0000
    7.95    5.24800000   5.2480   3.2051   4.2034   3.7560   0.0000   0.0000
    7.95    5.25100000   5.2510   3.2067   4.2038   3.7560   0.0000   0.0000
    7.95    5.25300000   5.2530   3.2083   4.2042   3.7570   0.0000   0.0000
    7.95    5.25500000   5.2550   3.2100   4.2047   3.7570   0.0000   0.0000
    7.95    5.25700000   5.2570   3.2116   4.2052   3.7580   0.0000   0.0000
    7.95    5.25900000   5.2590   3.2134   4.2058   3.7590   0.0000   0.0000
    7.95    5.26200000   5.2620   3.2153   4.2066   3.7610   0.0000   0.0000
    7.95    5.26400000   5.2640   3.2171   4.2075   3.7630   0.0000   0.0000
    7.95    5.26600000   5.2660   3.2193   4.2085   3.7650   0.0000   0.0000
    7.95    5.26800000   5.2680   3.2215   4.2098   3.7680   0.0000   0.0000
    7.95    5.27000000   5.2700   3.2239   4.2113   3.7720   0.0000   0.0000
    7.95    5.27300000   5.2720   3.2266   4.2131   3.7780   0.0000   0.0000
    7.95    5.27500000   5.2750   3.2299   4.2155   3.7850   0.0000   0.0000
    7.95    5.27700000   5.2770   3.2343   4.2189   3.7940   0.0000   0.0000
    7.95    5.27900000   5.2790   3.2409   4.2237   3.8080   0.0000   0.0000
    7.95    5.28100000   5.2810   3.2524   4.2321   3.8320   0.0000   0.0000
    7.95    5.28400000   5.2840   3.2697   4.2431   3.8600   0.0000   0.0000
    7.95    5.28600000   5.2860   3.2881   4.2180   3.7370   0.0000   0.0000
    7.95    5.28800000   5.2880   3.3098   4.2060   3.6640   0.0000   0.0000
    7.95    5.29000000   5.2900   3.3189   4.1974   3.6200   0.0000   0.0000
    7.95    5.29200000   5.2920   3.3253   4.1895   3.5810   0.0000   0.0000
    7.95    5.29500000   5.2950   3.3308   4.1807   3.5390   0.0000   0.0000
    7.95    5.29700000   5.2970   3.3357   4.1690   3.4860   0.0000   0.0000
    7.95    5.29900000   5.2990   3.3398   4.1563   3.4290   0.0000   0.0000
    7.95    5.30100000   5.3010   3.3428   4.1381   3.3510   0.0000   0.0000
    7.95    5.30400000   5.3030   3.3435   4.1153   3.2570   0.0000   0.0000
    7.95    5.30600000   5.3060   3.3393   4.0806   3.1200   0.0000   0.0000
    7.95    5.30800000   5.3080   3.3245   4.0280   2.9200   0.0000   0.0000
    7.95    5.31000000   5.3100   3.2797   3.9328   2.5780   0.0000   0.0000
    7.95    5.31200000   5.3120   3.1238   3.7249   1.8950   0.0000   0.0000
    7.95    5.31500000   5.3140   3.2658   3.6411   1.4150   0.0000   0.0000
    7.95    5.31700000   5.3160   3.3061   3.6387   1.3650   0.0000   0.0000
    7.95    5.31900000   5.3180   3.3007   3.6391   1.3730   0.0000   0.0000
    7.95    5.32100000   5.3190   3.2953   3.6395   1.3800   0.0000   0.0000
    7.95    5.32300000   5.3210   3.2914   3.6399   1.3850   0.0000   0.0000
    7.95    5.32600000   5.3230   3.2877   3.6404   1.3910   0.0000   0.0000
    7.95    5.32800000   5.3250   3.2840   3.6408   1.3970   0.0000   0.0000
    7.95    5.33000000   5.3270   3.2821   3.6411   1.4000   0.0000   0.0000
    7.95    5.33200000   5.3280   3.2802   3.6414   1.4030   0.0000   0.0000
    7.95    5.33500000   5.3300   3.2783   3.6417   1.4060   0.0000   0.0000
    7.95    5.33700000   5.3320   3.2766   3.6419   1.4090   0.0000   0.0000
    7.95    5.33900000   5.3340   3.2749   3.6422   1.4120   0.0000   0.0000
    7.95    5.34100000   5.3350   3.2733   3.6424   1.4150   0.0000   0.0000
    7.95    5.34400000   5.3370   3.2726   3.6426   1.4160   0.0000   0.0000
    7.95    5.34600000   5.3390   3.2719   3.6427   1.4180   0.0000   0.0000
    7.95    5.34800000   5.3410   3.2712   3.6429   1.4190   0.0000   0.0000
    7.95    5.35000000   5.3430   3.2706   3.6431   1.4210   0.0000   0.0000
    7.95    5.35200000   5.3440   3.2700   3.6433   1.4220   0.0000   0.0000
    7.95    5.35500000   5.3460   3.2694   3.6435   1.4240   0.0000   0.0000
    7.95    5.35700000   5.3480   3.2690   3.6437   1.4250   0.0000   0.0000
    7.95    5.35900000   5.3500   3.2685   3.6439   1.4270   0.0000   0.0000
    7.95    5.36100000   5.3520   3.2682   3.6441   1.4280   0.0000   0.0000
    7.95    5.36400000   5.3530   3.2683   3.6443   1.4290   0.0000   0.0000
    7.95    5.36600000   5.3550   3.2683   3.6444   1.4290   0.0000   0.0000
    7.95    5.36800000   5.3570   3.2684   3.6446   1.4300   0.0000   0.0000
    7.95    5.37000000   5.3590   3.2686   3.6447   1.4310   0.0000   0.0000
    7.95    5.50700000   5.4660   3.3844   3.7264   1.6550   0.0000   0.0000
    7.95    5.64600000   5.5700   3.5576   3.6917   1.3500   0.0000   0.0000
# log(age) Mini Mact logl logt logg Composition Phase
    8.00    0.80000000   0.8000  -0.4231   3.7306   4.6390   0.0000   0.0000
    8.00    0.88400000   0.8840  -0.2195   3.7599   4.5960   0.0000   0.0000
    8.00    0.97800000   0.9780  -0.0143   3.7858   4.5390   0.0000   0.0000
    8.00    1.08100000   1.0810   0.1917   3.8091   4.4690   0.0000   0.0000
    8.00    1.19400000   1.1940   0.3713   3.8296   4.4150   0.0000   0.0000
    8.00    1.32000000   1.3200   0.5598   3.8572   4.3810   0.0000   0.0000
    8.00    1.46000000   1.4600   0.7504   3.8968   4.3920   0.0000   0.0000
    8.00    1.61300000   1.6130   0.9368   3.9351   4.4110   0.0000   0.0000
    8.00    1.78300000   1.7830   1.1188   3.9719   4.4380   0.0000   0.0000
    8.00    1.97100000   1.9710   1.2989   4.0080   4.4440   0.0000   0.0000
    8.00    2.17900000   2.1790   1.4737   4.0385   4.4340   0.0000   0.0000
    8.00    2.40900000   2.4090   1.6498   4.0672   4.4160   0.0000   0.0000
    8.00    2.66300000   2.6630   1.8270   4.0941   4.3900   0.0000   0.0000
    8.00    2.94400000   2.9440   2.0075   4.1198   4.3560   0.0000   0.0000
    8.00    3.25400000   3.2540   2.1893   4.1439   4.3150   0.0000   0.0000
    8.00    3.59700000   3.5970   2.3782   4.1663   4.2600   0.0000   0.0000
    8.00    3.97600000   3.9760   2.5799   4.1859   4.1820   0.0000   0.0000
    8.00    4.39500000   4.3950   2.7964   4.1974   4.0570   0.0000   0.0000
    8.00    4.85800000   4.8580   3.0502   4.1908   3.8250   0.0000   0.0000
    8.00    4.95500000   4.9550   3.1101   4.1881   3.7640   0.0000   0.0000
    8.00    4.95700000   4.9570   3.1116   4.1882   3.7640   0.0000   0.0000
    8.00    4.95900000   4.9590   3.1130   4.1883   3.7630   0.0000   0.0000
    8.00    4.96100000   4.9610   3.1145   4.1884   3.7620   0.0000   0.0000
    8.00    4.96300000   4.9630   3.1161   4.1886   3.7620   0.0000   0.0000
    8.00    4.96500000   4.9650   3.1176   4.1888   3.7610   0.0000   0.0000
    8.00    4.96700000   4.9670   3.1191   4.1890   3.7610   0.0000   0.0000
    8.00    4.96900000   4.9690   3.1207   4.1893   3.7600   0.0000   0.0000
    8.00    4.97100000   4.9710   3.1222   4.1896   3.7600   0.0000   0.0000
    8.00    4.97300000   4.9730   3.1239   4.1899   3.7600   0.0000   0.0000
    8.00    4.97500000   4.9750   3.1256   4.1904   3.7610   0.0000   0.0000
    8.00    4.97700000   4.9770   3.1274   4.1909   3.7610   0.0000   0.0000
    8.00    4.97900000   4.9790   3.1292   4.1914   3.7620   0.0000   0.0000
    8.00    4.98200000   4.9820   3.1311   4.1921   3.7630   0.0000   0.0000
    8.00    4.98400000   4.9840   3.1331   4.1930   3.7650   0.0000   0.0000
    8.00    4.98600000   4.9860   3.1351   4.1939   3.7670   0.0000   0.0000
    8.00    4.98800000   4.9880   3.1374   4.1950   3.7690   0.0000   0.0000
    8.00    4.99000000   4.9900   3.1398   4.1964   3.7730   0.0000   0.0000
    8.00    4.99200000   4.9920   3.1426   4.1981   3.7770   0.0000   0.0000
    8.00    4.99400000   4.9940   3.1455   4.2002   3.7830   0.0000   0.0000
    8.00    4.99600000   4.9960   3.1496   4.2032   3.7920   0.0000   0.0000
    8.00    4.99800000   4.9980   3.1554   4.2073   3.8040   0.0000   0.0000
    8.00    5.00000000   5.0000   3.1653   4.2146   3.8250   0.0000   0.0000
    8.00    5.00200000   5.0020   3.1827   4.2258   3.8540   0.0000   0.0000
    8.00    5.00400000   5.0040   3.1887   4.2122   3.7910   0.0000   0.0000
    8.00    5.00700000   5.0070   3.2231   4.1969   3.6920   0.0000   0.0000
    8.00    5.00900000   5.0090   3.2339   4.1893   3.6500   0.0000   0.0000
    8.00    5.01100000   5.0110   3.2401   4.1832   3.6180   0.0000   0.0000
    8.00    5.01300000   5.0130   3.2454   4.1754   3.5810   0.0000   0.0000
    8.00    5.01500000   5.0150   3.2504   4.1677   3.5430   0.0000   0.0000
    8.00    5.01700000   5.0170   3.2549   4.1572   3.4960   0.0000   0.0000
    8.00    5.01900000   5.0190   3.2587   4.1461   3.4460   0.0000   0.0000
    8.00    5.02100000   5.0210   3.2615   4.1298   3.3770   0.0000   0.0000
    8.00    5.02300000   5.0230   3.2624   4.1093   3.2910   0.0000   0.0000
    8.00    5.02500000   5.0250   3.2595   4.0799   3.1740   0.0000   0.0000
    8.00    5.02800000   5.0270   3.2481   4.0356   3.0050   0.0000   0.0000
    8.00    5.03000000   5.0300   3.2164   3.9622   2.7380   0.0000   0.0000
    8.00    5.03200000   5.0320   3.1202   3.8143   2.2360   0.0000   0.0000
    8.00    5.03400000   5.0340   3.0759   3.6538   1.6330   0.0000   0.0000
    8.00    5.03600000   5.0350   3.2302   3.6414   1.4290   0.0000   0.0000
    8.00    5.03800000   5.0370   3.2245   3.6423   1.4380   0.0000   0.0000
    8.00    5.04000000   5.0390   3.2181   3.6430   1.4480   0.0000   0.0000
    8.00    5.04200000   5.0410   3.2125   3.6437   1.4560   0.0000   0.0000
    8.00    5.04400000   5.0420   3.2087   3.6442   1.4620   0.0000   0.0000
    8.00    5.04600000   5.0440   3.2050   3.6446   1.4680   0.0000   0.0000
    8.00    5.04900000   5.0460   3.2018   3.6450   1.4720   0.0000   0.0000
    8.00    5.05100000   5.0470   3.1999   3.6453   1.4760   0.0000   0.0000
    8.00    5.05300000   5.0490   3.1981   3.6456   1.4790   0.0000   0.0000
    8.00    5.05500000   5.0510   3.1963   3.6459   1.4820   0.0000   0.0000
    8.00    5.05700000   5.0530   3.1945   3.6461   1.4850   0.0000   0.0000
    8.00    5.05900000   5.0540   3.1928   3.6464   1.4880   0.0000   0.0000
    8.00    5.06100000   5.0560   3.1912   3.6466   1.4900   0.0000   0.0000
    8.00    5.06300000   5.0580   3.1906   3.6468   1.4920   0.0000   0.0000
    8.00    5.06500000   5.0600   3.1900   3.6469   1.4930   0.0000   0.0000
    8.00    5.06800000   5.0610   3.1893   3.6471   1.4950   0.0000   0.0000
    8.00    5.07000000   5.0630   3.1888   3.6473   1.4960   0.0000   0.0000
    8.00    5.07200000   5.0650   3.1883   3.6475   1.4970   0.0000   0.0000
    8.00    5.07400000   5.0660   3.1879   3.6477   1.4990   0.0000   0.0000
    8.00    5.07600000   5.0680   3.1874   3.6479   1.5000   0.0000   0.0000
    8.00    5.07800000   5.0700   3.1869   3.6481   1.5020   0.0000   0.0000
    8.00    5.08000000   5.0720   3.1864   3.6483   1.5030   0.0000   0.0000
    8.00    5.08200000   5.0730   3.1864   3.6484   1.5040   0.0000   0.0000
    8.00    5.08500000   5.0750   3.1865   3.6485   1.5040   0.0000   0.0000
    8.00    5.10800000   5.0950   3.1894   3.6501   1.5090   0.0000   0.0000
    8.00    5.23800000   5.1990   3.3219   3.7069   1.6160   0.0000   0.0000
    8.00    5.37000000   5.2920   3.6150   3.6143   0.9570   0.0000   0.0000
# log(age) Mini Mact logl logt logg Composition Phase
    8.05    0.80000000   0.8000  -0.4230   3.7306   4.6390   0.0000   0.0000
    8.05    0.88400000   0.8840  -0.2194   3.7599   4.5960   0.0000   0.0000
    8.05    0.97800000   0.9780  -0.0136   3.7858   4.5380   0.0000   0.0000
    8.05    1.08100000   1.0810   0.1924   3.8091   4.4690   0.0000   0.0000
    8.05    1.19400000   1.1940   0.3721   3.8296   4.4150   0.0000   0.0000
    8.05    1.32000000   1.3200   0.5609   3.8573   4.3800   0.0000   0.0000
    8.05    1.46000000   1.4600   0.7517   3.8969   4.3910   0.0000   0.0000
    8.05    1.61300000   1.6130   0.9381   3.9351   4.4100   0.0000   0.0000
    8.05    1.78300000   1.7830   1.1203   3.9719   4.4360   0.0000   0.0000
    8.05    1.97100000   1.9710   1.3013   4.0077   4.4410   0.0000   0.0000
    8.05    2.17900000   2.1790   1.4769   4.0377   4.4270   0.0000   0.0000
    8.05    2.40900000   2.4090   1.6549   4.0663   4.4070   0.0000   0.0000
    8.05    2.66300000   2.6630   1.8342   4.0931   4.3790   0.0000   0.0000
    8.05    2.94400000   2.9440   2.0174   4.1183   4.3410   0.0000   0.0000
    8.05    3.25400000   3.2540   2.2028   4.1418   4.2940   0.0000   0.0000
    8.05    3.59700000   3.5970   2.3967   4.1630   4.2300   0.0000   0.0000
    8.05    3.97600000   3.9760   2.6079   4.1797   4.1300   0.0000   0.0000
    8.05    4.39500000   4.3950   2.8392   4.1842   3.9640   0.0000   0.0000
    8.05    4.71200000   4.7120   3.0316   4.1741   3.7650   0.0000   0.0000
    8.05    4.71400000   4.7140   3.0330   4.1742   3.7640   0.0000   0.0000
    8.05    4.71600000   4.7160   3.0345   4.1742   3.7630   0.0000   0.0000
    8.05    4.71800000   4.7180   3.0360   4.1744   3.7630   0.0000   0.0000
    8.05    4.72000000   4.7200   3.0375   4.1746   3.7620   0.0000   0.0000
    8.05    4.72200000   4.7220   3.0390   4.1748   3.7620   0.0000   0.0000
    8.05    4.72400000   4.7240   3.0406   4.1750   3.7610   0.0000   0.0000
    8.05    4.72600000   4.7260   3.0422   4.1753   3.7610   0.0000   0.0000
    8.05    4.72800000   4.7280   3.0438   4.1756   3.7610   0.0000   0.0000
    8.05    4.73000000   4.7300   3.0454   4.1759   3.7610   0.0000   0.0000
    8.05    4.73200000   4.7320   3.0471   4.1764   3.7610   0.0000   0.0000
    8.05    4.73400000   4.7340   3.0490   4.1769   3.7620   0.0000   0.0000
    8.05    4.73600000   4.7360   3.0507   4.1774   3.7630   0.0000   0.0000
    8.05    4.73800000   4.7380   3.0526   4.1781   3.7640   0.0000   0.0000
    8.05    4.74000000   4.7400   3.0547   4.1790   3.7660   0.0000   0.0000
    8.05    4.74200000   4.7420   3.0567   4.1799   3.7680   0.0000   0.0000
    8.05    4.74400000   4.7440   3.0590   4.1810   3.7700   0.0000   0.0000
    8.05    4.74600000   4.7460   3.0615   4.1824   3.7740   0.0000   0.0000
    8.05    4.74800000   4.7480   3.0643   4.1841   3.7780   0.0000   0.0000
    8.05    4.75000000   4.7500   3.0673   4.1862   3.7840   0.0000   0.0000
    8.05    4.75200000   4.7520   3.0714   4.1892   3.7930   0.0000   0.0000
    8.05    4.75400000   4.7540   3.0771   4.1933   3.8040   0.0000   0.0000
    8.05    4.75600000   4.7560   3.0865   4.2001   3.8230   0.0000   0.0000
    8.05    4.75800000   4.7580   3.1054   4.2122   3.8550   0.0000   0.0000
    8.05    4.76000000   4.7600   3.1171   4.1968   3.7790   0.0000   0.0000
    8.05    4.76200000   4.7620   3.1468   4.1830   3.6910   0.0000   0.0000
    8.05    4.76400000   4.7640   3.1563   4.1762   3.6530   0.0000   0.0000
    8.05    4.76600000   4.7660   3.1624   4.1704   3.6230   0.0000   0.0000
    8.05    4.76800000   4.7680   3.1677   4.1627   3.5860   0.0000   0.0000
    8.05    4.77000000   4.7700   3.1727   4.1550   3.5480   0.0000   0.0000
    8.05    4.77200000   4.7720   3.1772   4.1451   3.5040   0.0000   0.0000
    8.05    4.77400000   4.7740   3.1811   4.1336   3.4520   0.0000   0.0000
    8.05    4.77600000   4.7760   3.1840   4.1175   3.3840   0.0000   0.0000
    8.05    4.77800000   4.7780   3.1847   4.0969   3.2980   0.0000   0.0000
    8.05    4.78000000   4.7800   3.1813   4.0659   3.1740   0.0000   0.0000
    8.05    4.78200000   4.7820   3.1679   4.0185   2.9940   0.0000   0.0000
    8.05    4.78400000   4.7840   3.1288   3.9366   2.7010   0.0000   0.0000
    8.05    4.78600000   4.7860   2.9962   3.7549   2.0990   0.0000   0.0000
    8.05    4.78800000   4.7880   3.0593   3.6500   1.6120   0.0000   0.0000
    8.05    4.79000000   4.7890   3.1608   3.6433   1.4840   0.0000   0.0000
    8.05    4.79200000   4.7910   3.1530   3.6443   1.4960   0.0000   0.0000
    8.05    4.79400000   4.7930   3.1452   3.6453   1.5080   0.0000   0.0000
    8.05    4.79600000   4.7940   3.1379   3.6463   1.5190   0.0000   0.0000
    8.05    4.79800000   4.7960   3.1343   3.6467   1.5250   0.0000   0.0000
    8.05    4.80000000   4.7970   3.1306   3.6472   1.5300   0.0000   0.0000
    8.05    4.80200000   4.7990   3.1269   3.6477   1.5360   0.0000   0.0000
    8.05    4.80400000   4.8010   3.1250   3.6480   1.5400   0.0000   0.0000
    8.05    4.80600000   4.8020   3.1233   3.6483   1.5430   0.0000   0.0000
    8.05    4.80800000   4.8040   3.1216   3.6486   1.5460   0.0000   0.0000
    8.05    4.81000000   4.8060   3.1199   3.6489   1.5490   0.0000   0.0000
    8.05    4.81200000   4.8070   3.1183   3.6491   1.5510   0.0000   0.0000
    8.05    4.81400000   4.8090   3.1167   3.6494   1.5540   0.0000   0.0000
    8.05    4.81600000   4.8110   3.1153   3.6496   1.5570   0.0000   0.0000
    8.05    4.81800000   4.8120   3.1147   3.6498   1.5580   0.0000   0.0000
    8.05    4.82000000   4.8140   3.1141   3.6500   1.5600   0.0000   0.0000
    8.05    4.82200000   4.8160   3.1135   3.6502   1.5610   0.0000   0.0000
    8.05    4.82400000   4.8170   3.1130   3.6504   1.5630   0.0000   0.0000
    8.05    4.82600000   4.8190   3.1126   3.6506   1.5640   0.0000   0.0000
    8.05    4.82800000   4.8210   3.1121   3.6508   1.5660   0.0000   0.0000
    8.05    4.83000000   4.8220   3.1116   3.6510   1.5670   0.0000   0.0000
    8.05    4.83200000   4.8240   3.1111   3.6512   1.5690   0.0000   0.0000
    8.05    4.83400000   4.8250   3.1105   3.6514   1.5700   0.0000   0.0000
    8.05    4.83600000   4.8270   3.1106   3.6516   1.5710   0.0000   0.0000
    8.05    4.85800000   4.8460   3.1129   3.6534   1.5770   0.0000   0.0000
    8.05    4.98200000   4.9440   3.2723   3.6885   1.5700   0.0000   0.0000
# log(age) Mini Mact logl logt logg Composition Phase
    8.10    0.80000000   0.8000  -0.4230   3.7306   4.6390   0.0000   0.0000
    8.10    0.88400000   0.8840  -0.2192   3.7599   4.5960   0.0000   0.0000
    8.10    0.97800000   0.9780  -0.0129   3.7859   4.5370   0.0000   0.0000
    8.10    1.08100000   1.0810   0.1930   3.8092   4.4680   0.0000   0.0000
    8.10    1.19400000   1.1940   0.3732   3.8297   4.4140   0.0000   0.0000
    8.10    1.32000000   1.3200   0.5620   3.8574   4.3790   0.0000   0.0000
    8.10    1.46000000   1.4600   0.7532   3.8970   4.3900   0.0000   0.0000
    8.10    1.61300000   1.6130   0.9394   3.9351   4.4080   0.0000   0.0000
    8.10    1.78300000   1.7830   1.1225   3.9720   4.4340   0.0000   0.0000
    8.10    1.97100000   1.9710   1.3044   4.0074   4.4360   0.0000   0.0000
    8.10    2.17900000   2.1790   1.4805   4.0368   4.4200   0.0000   0.0000
    8.10    2.40900000   2.4090   1.6604   4.0653   4.3980   0.0000   0.0000
    8.10    2.66300000   2.6630   1.8421   4.0918   4.3660   0.0000   0.0000
    8.10    2.94400000   2.9440   2.0287   4.1166   4.3230   0.0000   0.0000
    8.10    3.25400000   3.2540   2.2185   4.1391   4.2680   0.0000   0.0000
    8.10    3.59700000   3.5970   2.4192   4.1587   4.1900   0.0000   0.0000
    8.10    3.97600000   3.9760   2.6420   4.1707   4.0620   0.0000   0.0000
    8.10    4.39500000   4.3950   2.8936   4.1629   3.8260   0.0000   0.0000
    8.10    4.48200000   4.4820   2.9531   4.1600   3.7660   0.0000   0.0000
    8.10    4.48400000   4.4840   2.9545   4.1601   3.7650   0.0000   0.0000
    8.10    4.48600000   4.4860   2.9559   4.1602   3.7640   0.0000   0.0000
    8.10    4.48800000   4.4880   2.9575   4.1604   3.7630   0.0000   0.0000
    8.10    4.49000000   4.4900   2.9590   4.1606   3.7630   0.0000   0.0000
    8.10    4.49100000   4.4910   2.9605   4.1608   3.7620   0.0000   0.0000
    8.10    4.49300000   4.4930   2.9621   4.1610   3.7620   0.0000   0.0000
    8.10    4.49500000   4.4950   2.9637   4.1613   3.7620   0.0000   0.0000
    8.10    4.49700000   4.4970   2.9653   4.1616   3.7620   0.0000   0.0000
    8.10    4.49900000   4.4990   2.9670   4.1619   3.7620   0.0000   0.0000
    8.10    4.50100000   4.5010   2.9686   4.1623   3.7620   0.0000   0.0000
    8.10    4.50300000   4.5030   2.9705   4.1629   3.7630   0.0000   0.0000
    8.10    4.50500000   4.5050   2.9723   4.1634   3.7630   0.0000   0.0000
    8.10    4.50700000   4.5070   2.9742   4.1641   3.7650   0.0000   0.0000
    8.10    4.50800000   4.5080   2.9763   4.1650   3.7660   0.0000   0.0000
    8.10    4.51000000   4.5100   2.9783   4.1659   3.7680   0.0000   0.0000
    8.10    4.51200000   4.5120   2.9807   4.1670   3.7710   0.0000   0.0000
    8.10    4.51400000   4.5140   2.9832   4.1685   3.7740   0.0000   0.0000
    8.10    4.51600000   4.5160   2.9860   4.1702   3.7790   0.0000   0.0000
    8.10    4.51800000   4.5180   2.9891   4.1723   3.7850   0.0000   0.0000
    8.10    4.52000000   4.5200   2.9932   4.1752   3.7930   0.0000   0.0000
    8.10    4.52200000   4.5220   2.9987   4.1792   3.8040   0.0000   0.0000
    8.10    4.52300000   4.5230   3.0075   4.1855   3.8220   0.0000   0.0000
    8.10    4.52500000   4.5250   3.0259   4.1972   3.8530   0.0000   0.0000
    8.10    4.52700000   4.5270   3.0342   4.1849   3.7930   0.0000   0.0000
    8.10    4.52900000   4.5290   3.0669   4.1715   3.7040   0.0000   0.0000
    8.10    4.53100000   4.5310   3.0764   4.1654   3.6690   0.0000   0.0000
    8.10    4.53300000   4.5330   3.0824   4.1596   3.6390   0.0000   0.0000
    8.10    4.53500000   4.5350   3.0876   4.1537   3.6090   0.0000   0.0000
    8.10    4.53700000   4.5370   3.0925   4.1469   3.5760   0.0000   0.0000
    8.10    4.53900000   4.5390   3.0969   4.1396   3.5410   0.0000   0.0000
    8.10    4.54100000   4.5410   3.1011   4.1294   3.4950   0.0000   0.0000
    8.10    4.54200000   4.5420   3.1045   4.1185   3.4470   0.0000   0.0000
    8.10    4.54400000   4.5440   3.1069   4.1025   3.3790   0.0000   0.0000
    8.10    4.54600000   4.5460   3.1073   4.0821   3.2940   0.0000   0.0000
    8.10    4.54800000   4.5480   3.1034   4.0521   3.1760   0.0000   0.0000
    8.10    4.55000000   4.5500   3.0899   4.0067   3.0040   0.0000   0.0000
    8.10    4.55200000   4.5520   3.0524   3.9300   2.7290   0.0000   0.0000
    8.10    4.55400000   4.5540   2.9318   3.7651   2.1830   0.0000   0.0000
    8.10    4.55600000   4.5560   2.9348   3.6584   1.7480   0.0000   0.0000
    8.10    4.55800000   4.5570   3.0890   3.6459   1.5440   0.0000   0.0000
    8.10    4.56000000   4.5590   3.0871   3.6456   1.5450   0.0000   0.0000
    8.10    4.56100000   4.5600   3.0788   3.6466   1.5580   0.0000   0.0000
    8.10    4.56300000   4.5620   3.0705   3.6477   1.5710   0.0000   0.0000
    8.10    4.56500000   4.5630   3.0636   3.6486   1.5820   0.0000   0.0000
    8.10    4.56700000   4.5650   3.0603   3.6491   1.5870   0.0000   0.0000
    8.10    4.56900000   4.5670   3.0571   3.6495   1.5920   0.0000   0.0000
    8.10    4.57100000   4.5680   3.0539   3.6500   1.5970   0.0000   0.0000
    8.10    4.57300000   4.5700   3.0514   3.6503   1.6010   0.0000   0.0000
    8.10    4.57500000   4.5710   3.0500   3.6506   1.6040   0.0000   0.0000
    8.10    4.57700000   4.5730   3.0486   3.6509   1.6060   0.0000   0.0000
    8.10    4.57900000   4.5740   3.0473   3.6511   1.6090   0.0000   0.0000
    8.10    4.58100000   4.5760   3.0459   3.6514   1.6110   0.0000   0.0000
    8.10    4.58200000   4.5780   3.0447   3.6516   1.6140   0.0000   0.0000
    8.10    4.58400000   4.5790   3.0434   3.6519   1.6160   0.0000   0.0000
    8.10    4.58600000   4.5810   3.0421   3.6521   1.6180   0.0000   0.0000
    8.10    4.58800000   4.5820   3.0412   3.6523   1.6200   0.0000   0.0000
    8.10    4.59000000   4.5840   3.0408   3.6525   1.6220   0.0000   0.0000
    8.10    4.59200000   4.5860   3.0403   3.6527   1.6230   0.0000   0.0000
    8.10    4.59400000   4.5870   3.0399   3.6528   1.6240   0.0000   0.0000
    8.10    4.59600000   4.5890   3.0395   3.6530   1.6260   0.0000   0.0000
    8.10    4.59800000   4.5900   3.0391   3.6532   1.6270   0.0000   0.0000
    8.10    4.60000000   4.5920   3.0387   3.6534   1.6280   0.0000   0.0000
    8.10    4.60200000   4.5940   3.0384   3.6536   1.6290   0.0000   0.0000
    8.10    4.60400000   4.5950   3.0380   3.6538   1.6310   0.0000   0.0000
    8.10    4.62100000   4.6100   3.0378   3.6553   1.6380   0.0000   0.0000
    8.10    4.73800000   4.7060   3.1479   3.6767   1.6240   0.0000   0.0000
# log(age) Mini Mact logl logt logg Composition Phase
    8.15    0.80000000   0.8000  -0.4230   3.7306   4.6390   0.0000   0.0000
    8.15    0.88400000   0.8840  -0.2186   3.7599   4.5960   0.0000   0.0000
    8.15    0.97800000   0.9780  -0.0122   3.7859   4.5370   0.0000   0.0000
    8.15    1.08100000   1.0810   0.1939   3.8092   4.4680   0.0000   0.0000
    8.15    1.19400000   1.1940   0.3743   3.8298   4.4130   0.0000   0.0000
    8.15    1.32000000   1.3200   0.5634   3.8576   4.3780   0.0000   0.0000
    8.15    1.46000000   1.4600   0.7547   3.8971   4.3890   0.0000   0.0000
    8.15    1.61300000   1.6130   0.9414   3.9353   4.4070   0.0000   0.0000
    8.15    1.78300000   1.7830   1.1260   3.9724   4.4310   0.0000   0.0000
    8.15    1.97100000   1.9710   1.3074   4.0067   4.4300   0.0000   0.0000
    8.15    2.17900000   2.1790   1.4853   4.0360   4.4120   0.0000   0.0000
    8.15    2.40900000   2.4090   1.6671   4.0643   4.3870   0.0000   0.0000
    8.15    2.66300000   2.6630   1.8515   4.0904   4.3510   0.0000   0.0000
    8.15    2.94400000   2.9440   2.0419   4.1146   4.3020   0.0000   0.0000
    8.15    3.25400000   3.2540   2.2368   4.1358   4.2370   0.0000   0.0000
    8.15    3.59700000   3.5970   2.4462   4.1525   4.1400   0.0000   0.0000
    8.15    3.97600000   3.9760   2.6836   4.1570   3.9670   0.0000   0.0000
    8.15    4.26300000   4.2630   2.8745   4.1460   3.7660   0.0000   0.0000
    8.15    4.26500000   4.2650   2.8760   4.1461   3.7660   0.0000   0.0000
    8.15    4.26700000   4.2670   2.8774   4.1462   3.7650   0.0000   0.0000
    8.15    4.26800000   4.2680   2.8789   4.1463   3.7640   0.0000   0.0000
    8.15    4.27000000   4.2700   2.8805   4.1465   3.7630   0.0000   0.0000
    8.15    4.27200000   4.2720   2.8820   4.1467   3.7630   0.0000   0.0000
    8.15    4.27400000   4.2740   2.8836   4.1470   3.7630   0.0000   0.0000
    8.15    4.27600000   4.2760   2.8852   4.1472   3.7620   0.0000   0.0000
    8.15    4.27700000   4.2770   2.8868   4.1476   3.7620   0.0000   0.0000
    8.15    4.27900000   4.2790   2.8885   4.1479   3.7630   0.0000   0.0000
    8.15    4.28100000   4.2810   2.8901   4.1483   3.7630   0.0000   0.0000
    8.15    4.28300000   4.2830   2.8920   4.1489   3.7630   0.0000   0.0000
    8.15    4.28400000   4.2840   2.8938   4.1494   3.7640   0.0000   0.0000
    8.15    4.28600000   4.2860   2.8958   4.1501   3.7650   0.0000   0.0000
    8.15    4.28800000   4.2880   2.8978   4.1510   3.7670   0.0000   0.0000
    8.15    4.29000000   4.2900   2.9000   4.1520   3.7690   0.0000   0.0000
    8.15    4.29200000   4.2920   2.9023   4.1530   3.7710   0.0000   0.0000
    8.15    4.29300000   4.2930   2.9049   4.1545   3.7750   0.0000   0.0000
    8.15    4.29500000   4.2950   2.9077   4.1562   3.7800   0.0000   0.0000
    8.15    4.29700000   4.2970   2.9109   4.1583   3.7860   0.0000   0.0000
    8.15    4.29900000   4.2990   2.9149   4.1611   3.7930   0.0000   0.0000
    8.15    4.30100000   4.3010   2.9204   4.1651   3.8050   0.0000   0.0000
    8.15    4.30200000   4.3020   2.9287   4.1710   3.8210   0.0000   0.0000
    8.15    4.30400000   4.3040   2.9465   4.1823   3.8500   0.0000   0.0000
    8.15    4.30600000   4.3060   2.9531   4.1729   3.8050   0.0000   0.0000
    8.15    4.30800000   4.3080   2.9873   4.1597   3.7150   0.0000   0.0000
    8.15    4.31000000   4.3100   2.9970   4.1540   3.6810   0.0000   0.0000
    8.15    4.31100000   4.3110   3.0028   4.1487   3.6530   0.0000   0.0000
    8.15    4.31300000   4.3130   3.0077   4.1440   3.6290   0.0000   0.0000
    8.15    4.31500000   4.3150   3.0124   4.1380   3.5990   0.0000   0.0000
    8.15    4.31700000   4.3170   3.0168   4.1314   3.5670   0.0000   0.0000
    8.15    4.31900000   4.3190   3.0209   4.1244   3.5340   0.0000   0.0000
    8.15    4.32000000   4.3200   3.0247   4.1148   3.4920   0.0000   0.0000
    8.15    4.32200000   4.3220   3.0278   4.1037   3.4430   0.0000   0.0000
    8.15    4.32400000   4.3240   3.0299   4.0877   3.3750   0.0000   0.0000
    8.15    4.32600000   4.3260   3.0299   4.0678   3.2930   0.0000   0.0000
    8.15    4.32800000   4.3280   3.0257   4.0394   3.1810   0.0000   0.0000
    8.15    4.32900000   4.3290   3.0121   3.9957   3.0160   0.0000   0.0000
    8.15    4.33100000   4.3310   2.9760   3.9235   2.7590   0.0000   0.0000
    8.15    4.33300000   4.3330   2.8667   3.7747   2.2660   0.0000   0.0000
    8.15    4.33500000   4.3350   2.8009   3.6681   1.9000   0.0000   0.0000
    8.15    4.33700000   4.3360   2.9904   3.6499   1.6380   0.0000   0.0000
    8.15    4.33800000   4.3380   3.0216   3.6467   1.5940   0.0000   0.0000
    8.15    4.34000000   4.3390   3.0130   3.6479   1.6070   0.0000   0.0000
    8.15    4.34200000   4.3410   3.0044   3.6490   1.6210   0.0000   0.0000
    8.15    4.34400000   4.3420   2.9957   3.6501   1.6340   0.0000   0.0000
    8.15    4.34600000   4.3440   2.9892   3.6510   1.6440   0.0000   0.0000
    8.15    4.34800000   4.3450   2.9863   3.6514   1.6490   0.0000   0.0000
    8.15    4.34900000   4.3470   2.9834   3.6519   1.6530   0.0000   0.0000
    8.15    4.35100000   4.3480   2.9805   3.6523   1.6580   0.0000   0.0000
    8.15    4.35300000   4.3500   2.9776   3.6527   1.6630   0.0000   0.0000
    8.15    4.35500000   4.3510   2.9763   3.6530   1.6650   0.0000   0.0000
    8.15    4.35700000   4.3530   2.9752   3.6532   1.6680   0.0000   0.0000
    8.15    4.35800000   4.3540   2.9740   3.6534   1.6700   0.0000   0.0000
    8.15    4.36000000   4.3560   2.9729   3.6537   1.6720   0.0000   0.0000
    8.15    4.36200000   4.3580   2.9718   3.6539   1.6740   0.0000   0.0000
    8.15    4.36400000   4.3590   2.9708   3.6541   1.6760   0.0000   0.0000
    8.15    4.36600000   4.3610   2.9698   3.6544   1.6790   0.0000   0.0000
    8.15    4.36800000   4.3620   2.9687   3.6546   1.6810   0.0000   0.0000
    8.15    4.36900000   4.3640   2.9677   3.6548   1.6830   0.0000   0.0000
    8.15    4.37100000   4.3650   2.9671   3.6550   1.6840   0.0000   0.0000
    8.15    4.37300000   4.3670   2.9668   3.6552   1.6850   0.0000   0.0000
    8.15    4.37500000   4.3680   2.9664   3.6553   1.6860   0.0000   0.0000
    8.15    4.37700000   4.3700   2.9661   3.6555   1.6880   0.0000   0.0000
    8.15    4.37900000   4.3710   2.9658   3.6557   1.6890   0.0000   0.0000
    8.15    4.38000000   4.3730   2.9655   3.6558   1.6900   0.0000   0.0000
    8.15    4.39500000   4.3850   2.9642   3.6572   1.6980   0.0000   0.0000
    8.15    4.50700000   4.4780   3.0380   3.6717   1.6920   0.0000   0.0000
    8.15    4.62100000   4.5600   3.3682   3.6259   1.1860   0.0000   0.0000
# log(age) Mini Mact logl logt logg Composition Phase
    8.20    0.80000000   0.8000  -0.4230   3.7306   4.6390   0.0000   0.0000
    8.20    0.88400000   0.8840  -0.2179   3.7600   4.5950   0.0000   0.0000
    8.20    0.97800000   0.9780  -0.0115   3.7859   4.5360   0.0000   0.0000
    8.20    1.08100000   1.0810   0.1949   3.8093   4.4670   0.0000   0.0000
    8.20    1.19400000   1.1940   0.3754   3.8299   4.4120   0.0000   0.0000
    8.20    1.32000000   1.3200   0.5649   3.8577   4.3770   0.0000   0.0000
    8.20    1.46000000   1.4600   0.7566   3.8972   4.3870   0.0000   0.0000
    8.20    1.61300000   1.6130   0.9445   3.9357   4.4050   0.0000   0.0000
    8.20    1.78300000   1.7830   1.1292   3.9724   4.4280   0.0000   0.0000
    8.20    1.97100000   1.9710   1.3108   4.0059   4.4240   0.0000   0.0000
    8.20    2.17900000   2.1790   1.4905   4.0351   4.4040   0.0000   0.0000
    8.20    2.40900000   2.4090   1.6746   4.0630   4.3750   0.0000   0.0000
    8.20    2.66300000   2.6630   1.8622   4.0887   4.3340   0.0000   0.0000
    8.20    2.94400000   2.9440   2.0572   4.1119   4.2770   0.0000   0.0000
    8.20    3.25400000   3.2540   2.2587   4.1314   4.1990   0.0000   0.0000
    8.20    3.59700000   3.5970   2.4788   4.1437   4.0730   0.0000   0.0000
    8.20    3.97600000   3.9760   2.7363   4.1350   3.8290   0.0000   0.0000
    8.20    4.05500000   4.0550   2.7960   4.1319   3.7670   0.0000   0.0000
    8.20    4.05600000   4.0560   2.7974   4.1320   3.7660   0.0000   0.0000
    8.20    4.05800000   4.0580   2.7989   4.1321   3.7650   0.0000   0.0000
    8.20    4.06000000   4.0600   2.8004   4.1323   3.7650   0.0000   0.0000
    8.20    4.06200000   4.0620   2.8020   4.1325   3.7640   0.0000   0.0000
    8.20    4.06300000   4.0630   2.8035   4.1327   3.7640   0.0000   0.0000
    8.20    4.06500000   4.0650   2.8051   4.1329   3.7630   0.0000   0.0000
    8.20    4.06700000   4.0670   2.8067   4.1332   3.7630   0.0000   0.0000
    8.20    4.06800000   4.0680   2.8083   4.1335   3.7630   0.0000   0.0000
    8.20    4.07000000   4.0700   2.8100   4.1339   3.7630   0.0000   0.0000
    8.20    4.07200000   4.0720   2.8116   4.1343   3.7640   0.0000   0.0000
    8.20    4.07300000   4.0730   2.8135   4.1349   3.7640   0.0000   0.0000
    8.20    4.07500000   4.0750   2.8154   4.1354   3.7650   0.0000   0.0000
    8.20    4.07700000   4.0770   2.8173   4.1361   3.7660   0.0000   0.0000
    8.20    4.07900000   4.0790   2.8194   4.1370   3.7680   0.0000   0.0000
    8.20    4.08000000   4.0800   2.8216   4.1380   3.7700   0.0000   0.0000
    8.20    4.08200000   4.0820   2.8239   4.1391   3.7720   0.0000   0.0000
    8.20    4.08400000   4.0840   2.8265   4.1404   3.7760   0.0000   0.0000
    8.20    4.08500000   4.0850   2.8294   4.1422   3.7800   0.0000   0.0000
    8.20    4.08700000   4.0870   2.8327   4.1444   3.7860   0.0000   0.0000
    8.20    4.08900000   4.0890   2.8367   4.1471   3.7940   0.0000   0.0000
    8.20    4.09000000   4.0900   2.8419   4.1510   3.8050   0.0000   0.0000
    8.20    4.09200000   4.0920   2.8503   4.1567   3.8210   0.0000   0.0000
    8.20    4.09400000   4.0940   2.8670   4.1674   3.8480   0.0000   0.0000
    8.20    4.09600000   4.0960   2.8725   4.1617   3.8200   0.0000   0.0000
    8.20    4.09700000   4.0970   2.9081   4.1474   3.7230   0.0000   0.0000
    8.20    4.09900000   4.0990   2.9177   4.1421   3.6910   0.0000   0.0000
    8.20    4.10100000   4.1010   2.9232   4.1375   3.6670   0.0000   0.0000
    8.20    4.10200000   4.1020   2.9280   4.1336   3.6460   0.0000   0.0000
    8.20    4.10400000   4.1040   2.9325   4.1285   3.6200   0.0000   0.0000
    8.20    4.10600000   4.1060   2.9367   4.1228   3.5920   0.0000   0.0000
    8.20    4.10800000   4.1080   2.9408   4.1175   3.5660   0.0000   0.0000
    8.20    4.10900000   4.1090   2.9448   4.1096   3.5300   0.0000   0.0000
    8.20    4.11100000   4.1110   2.9482   4.1003   3.4890   0.0000   0.0000
    8.20    4.11300000   4.1130   2.9511   4.0895   3.4410   0.0000   0.0000
    8.20    4.11400000   4.1140   2.9528   4.0743   3.3770   0.0000   0.0000
    8.20    4.11600000   4.1160   2.9526   4.0546   3.2960   0.0000   0.0000
    8.20    4.11800000   4.1180   2.9480   4.0270   3.1880   0.0000   0.0000
    8.20    4.12000000   4.1200   2.9345   3.9854   3.0310   0.0000   0.0000
    8.20    4.12100000   4.1210   2.8997   3.9171   2.7880   0.0000   0.0000
    8.20    4.12300000   4.1230   2.8007   3.7838   2.3480   0.0000   0.0000
    8.20    4.12500000   4.1250   2.6738   3.6785   2.0470   0.0000   0.0000
    8.20    4.12600000   4.1260   2.8846   3.6553   1.7440   0.0000   0.0000
    8.20    4.12800000   4.1280   2.9564   3.6479   1.6420   0.0000   0.0000
    8.20    4.13000000   4.1290   2.9475   3.6491   1.6560   0.0000   0.0000
    8.20    4.13200000   4.1310   2.9386   3.6502   1.6700   0.0000   0.0000
    8.20    4.13300000   4.1320   2.9297   3.6514   1.6830   0.0000   0.0000
    8.20    4.13500000   4.1330   2.9208   3.6526   1.6970   0.0000   0.0000
    8.20    4.13700000   4.1350   2.9149   3.6534   1.7060   0.0000   0.0000
    8.20    4.13900000   4.1360   2.9123   3.6538   1.7110   0.0000   0.0000
    8.20    4.14000000   4.1380   2.9096   3.6542   1.7150   0.0000   0.0000
    8.20    4.14200000   4.1390   2.9070   3.6546   1.7200   0.0000   0.0000
    8.20    4.14400000   4.1410   2.9043   3.6550   1.7240   0.0000   0.0000
    8.20    4.14500000   4.1420   2.9024   3.6554   1.7280   0.0000   0.0000
    8.20    4.14700000   4.1440   2.9014   3.6556   1.7300   0.0000   0.0000
    8.20    4.14900000   4.1450   2.9004   3.6558   1.7320   0.0000   0.0000
    8.20    4.15100000   4.1460   2.8995   3.6560   1.7340   0.0000   0.0000
    8.20    4.15200000   4.1480   2.8985   3.6562   1.7360   0.0000   0.0000
    8.20    4.15400000   4.1490   2.8975   3.6565   1.7380   0.0000   0.0000
    8.20    4.15600000   4.1510   2.8967   3.6567   1.7390   0.0000   0.0000
    8.20    4.15800000   4.1520   2.8959   3.6569   1.7410   0.0000   0.0000
    8.20    4.15900000   4.1540   2.8951   3.6571   1.7430   0.0000   0.0000
    8.20    4.16100000   4.1550   2.8943   3.6573   1.7450   0.0000   0.0000
    8.20    4.16300000   4.1570   2.8934   3.6575   1.7470   0.0000   0.0000
    8.20    4.16500000   4.1580   2.8931   3.6577   1.7480   0.0000   0.0000
    8.20    4.16600000   4.1600   2.8928   3.6578   1.7490   0.0000   0.0000
    8.20    4.16800000   4.1610   2.8926   3.6580   1.7500   0.0000   0.0000
    8.20    4.18000000   4.1720   2.8913   3.6591   1.7570   0.0000   0.0000
    8.20    4.28600000   4.2610   2.9398   3.6711   1.7660   0.0000   0.0000
    8.20    4.39500000   4.3430   3.1580   3.6728   1.5640   0.0000   0.0000
# log(age) Mini Mact logl logt logg Composition Phase
    8.25    0.80000000   0.8000  -0.4225   3.7306   4.6390   0.0000   0.0000
    8.25    0.88400000   0.8840  -0.2172   3.7600   4.5950   0.0000   0.0000
    8.25    0.97800000   0.9780  -0.0108   3.7860   4.5360   0.0000   0.0000
    8.25    1.08100000   1.0810   0.1960   3.8093   4.4660   0.0000   0.0000
    8.25    1.19400000   1.1940   0.3768   3.8299   4.4110   0.0000   0.0000
    8.25    1.32000000   1.3200   0.5666   3.8578   4.3760   0.0000   0.0000
    8.25    1.46000000   1.4600   0.7586   3.8973   4.3860   0.0000   0.0000
    8.25    1.61300000   1.6130   0.9473   3.9360   4.4030   0.0000   0.0000
    8.25    1.78300000   1.7830   1.1320   3.9721   4.4240   0.0000   0.0000
    8.25    1.97100000   1.9710   1.3150   4.0052   4.4160   0.0000   0.0000
    8.25    2.17900000   2.1790   1.4966   4.0341   4.3940   0.0000   0.0000
    8.25    2.40900000   2.4090   1.6833   4.0616   4.3610   0.0000   0.0000
    8.25    2.66300000   2.6630   1.8746   4.0866   4.3140   0.0000   0.0000
    8.25    2.94400000   2.9440   2.0752   4.1085   4.2460   0.0000   0.0000
    8.25    3.25400000   3.2540   2.2847   4.1253   4.1490   0.0000   0.0000
    8.25    3.59700000   3.5970   2.5183   4.1303   3.9820   0.0000   0.0000
    8.25    3.86300000   3.8630   2.7169   4.1174   3.7670   0.0000   0.0000
    8.25    3.86500000   3.8650   2.7184   4.1175   3.7660   0.0000   0.0000
    8.25    3.86600000   3.8660   2.7199   4.1176   3.7650   0.0000   0.0000
    8.25    3.86800000   3.8680   2.7214   4.1178   3.7650   0.0000   0.0000
    8.25    3.86900000   3.8690   2.7229   4.1179   3.7640   0.0000   0.0000
    8.25    3.87100000   3.8710   2.7246   4.1181   3.7630   0.0000   0.0000
    8.25    3.87300000   3.8730   2.7262   4.1183   3.7630   0.0000   0.0000
    8.25    3.87400000   3.8740   2.7279   4.1186   3.7630   0.0000   0.0000
    8.25    3.87600000   3.8760   2.7296   4.1189   3.7620   0.0000   0.0000
    8.25    3.87800000   3.8780   2.7313   4.1193   3.7620   0.0000   0.0000
    8.25    3.87900000   3.8790   2.7331   4.1197   3.7630   0.0000   0.0000
    8.25    3.88100000   3.8810   2.7348   4.1201   3.7630   0.0000   0.0000
    8.25    3.88200000   3.8820   2.7370   4.1208   3.7640   0.0000   0.0000
    8.25    3.88400000   3.8840   2.7389   4.1214   3.7650   0.0000   0.0000
    8.25    3.88600000   3.8860   2.7411   4.1222   3.7660   0.0000   0.0000
    8.25    3.88700000   3.8870   2.7433   4.1232   3.7680   0.0000   0.0000
    8.25    3.88900000   3.8890   2.7458   4.1244   3.7710   0.0000   0.0000
    8.25    3.89100000   3.8910   2.7484   4.1257   3.7740   0.0000   0.0000
    8.25    3.89200000   3.8920   2.7514   4.1275   3.7780   0.0000   0.0000
    8.25    3.89400000   3.8940   2.7550   4.1298   3.7840   0.0000   0.0000
    8.25    3.89500000   3.8950   2.7591   4.1325   3.7920   0.0000   0.0000
    8.25    3.89700000   3.8970   2.7644   4.1365   3.8040   0.0000   0.0000
    8.25    3.89900000   3.8990   2.7736   4.1426   3.8200   0.0000   0.0000
    8.25    3.90000000   3.9000   2.7913   4.1538   3.8490   0.0000   0.0000
    8.25    3.90200000   3.9020   2.8000   4.1460   3.8080   0.0000   0.0000
    8.25    3.90400000   3.9040   2.8329   4.1335   3.7220   0.0000   0.0000
    8.25    3.90500000   3.9050   2.8413   4.1289   3.6940   0.0000   0.0000
    8.25    3.90700000   3.9070   2.8466   4.1245   3.6710   0.0000   0.0000
    8.25    3.90800000   3.9080   2.8513   4.1208   3.6500   0.0000   0.0000
    8.25    3.91000000   3.9100   2.8558   4.1158   3.6250   0.0000   0.0000
    8.25    3.91200000   3.9120   2.8601   4.1102   3.5970   0.0000   0.0000
    8.25    3.91300000   3.9130   2.8643   4.1049   3.5710   0.0000   0.0000
    8.25    3.91500000   3.9150   2.8682   4.0972   3.5360   0.0000   0.0000
    8.25    3.91700000   3.9170   2.8717   4.0883   3.4960   0.0000   0.0000
    8.25    3.91800000   3.9180   2.8746   4.0769   3.4460   0.0000   0.0000
    8.25    3.92000000   3.9200   2.8763   4.0622   3.3840   0.0000   0.0000
    8.25    3.92200000   3.9220   2.8758   4.0414   3.2990   0.0000   0.0000
    8.25    3.92300000   3.9230   2.8707   4.0127   3.1870   0.0000   0.0000
    8.25    3.92500000   3.9250   2.8551   3.9690   3.0240   0.0000   0.0000
    8.25    3.92600000   3.9260   2.8147   3.8954   2.7650   0.0000   0.0000
    8.25    3.92800000   3.9280   2.6925   3.7537   2.3130   0.0000   0.0000
    8.25    3.93000000   3.9300   2.6537   3.6734   2.0260   0.0000   0.0000
    8.25    3.93100000   3.9310   2.8215   3.6571   1.7930   0.0000   0.0000
    8.25    3.93300000   3.9320   2.8921   3.6496   1.6920   0.0000   0.0000
    8.25    3.93500000   3.9340   2.8819   3.6509   1.7080   0.0000   0.0000
    8.25    3.93600000   3.9350   2.8718   3.6521   1.7230   0.0000   0.0000
    8.25    3.93800000   3.9360   2.8617   3.6534   1.7380   0.0000   0.0000
    8.25    3.94000000   3.9380   2.8516   3.6547   1.7540   0.0000   0.0000
    8.25    3.94100000   3.9390   2.8450   3.6556   1.7640   0.0000   0.0000
    8.25    3.94300000   3.9410   2.8421   3.6560   1.7690   0.0000   0.0000
    8.25    3.94500000   3.9420   2.8393   3.6564   1.7730   0.0000   0.0000
    8.25    3.94600000   3.9430   2.8364   3.6569   1.7780   0.0000   0.0000
    8.25    3.94800000   3.9450   2.8336   3.6573   1.7830   0.0000   0.0000
    8.25    3.94900000   3.9460   2.8313   3.6577   1.7870   0.0000   0.0000
    8.25    3.95100000   3.9470   2.8301   3.6579   1.7890   0.0000   0.0000
    8.25    3.95300000   3.9490   2.8290   3.6581   1.7910   0.0000   0.0000
    8.25    3.95400000   3.9500   2.8279   3.6584   1.7940   0.0000   0.0000
    8.25    3.95600000   3.9520   2.8268   3.6586   1.7960   0.0000   0.0000
    8.25    3.95800000   3.9530   2.8257   3.6589   1.7980   0.0000   0.0000
    8.25    3.95900000   3.9540   2.8247   3.6591   1.8000   0.0000   0.0000
    8.25    3.96100000   3.9560   2.8238   3.6593   1.8020   0.0000   0.0000
    8.25    3.96300000   3.9570   2.8229   3.6595   1.8040   0.0000   0.0000
    8.25    3.96400000   3.9590   2.8220   3.6597   1.8060   0.0000   0.0000
    8.25    3.96600000   3.9600   2.8212   3.6600   1.8080   0.0000   0.0000
    8.25    3.96800000   3.9610   2.8204   3.6602   1.8090   0.0000   0.0000
    8.25    3.96900000   3.9630   2.8201   3.6603   1.8110   0.0000   0.0000
    8.25    3.97100000   3.9640   2.8197   3.6605   1.8120   0.0000   0.0000
    8.25    3.97600000   3.9680   2.8188   3.6610   1.8150   0.0000   0.0000
    8.25    4.07700000   4.0540   2.8510   3.6733   1.8420   0.0000   0.0000
    8.25    4.18000000   4.1350   3.1183   3.7195   1.7710   0.0000   0.0000
# log(age) Mini Mact logl logt logg Composition Phase
    8.30    0.80000000   0.8000  -0.4218   3.7306   4.6380   0.0000   0.0000
    8.30    0.88400000   0.8840  -0.2165   3.7600   4.5940   0.0000   0.0000
    8.30    0.97800000   0.9780  -0.0098   3.7860   4.5350   0.0000   0.0000
    8.30    1.08100000   1.0810   0.1970   3.8094   4.4650   0.0000   0.0000
    8.30    1.19400000   1.1940   0.3783   3.8300   4.4100   0.0000   0.0000
    8.30    1.32000000   1.3200   0.5685   3.8579   4.3750   0.0000   0.0000
    8.30    1.46000000   1.4600   0.7610   3.8975   4.3840   0.0000   0.0000
    8.30    1.61300000   1.6130   0.9499   3.9359   4.4000   0.0000   0.0000
    8.30    1.78300000   1.7830   1.1352   3.9717   4.4190   0.0000   0.0000
    8.30    1.97100000   1.9710   1.3198   4.0043   4.4080   0.0000   0.0000
    8.30    2.17900000   2.1790   1.5035   4.0329   4.3820   0.0000   0.0000
    8.30    2.40900000   2.4090   1.6935   4.0601   4.3450   0.0000   0.0000
    8.30    2.66300000   2.6630   1.8891   4.0840   4.2890   0.0000   0.0000
    8.30    2.94400000   2.9440   2.0963   4.1041   4.2080   0.0000   0.0000
    8.30    3.25400000   3.2540   2.3159   4.1167   4.0850   0.0000   0.0000
    8.30    3.59700000   3.5970   2.5671   4.1084   3.8480   0.0000   0.0000
    8.30    3.68500000   3.6850   2.6398   4.1030   3.7660   0.0000   0.0000
    8.30    3.68700000   3.6870   2.6413   4.1030   3.7650   0.0000   0.0000
    8.30    3.68800000   3.6880   2.6428   4.1031   3.7640   0.0000   0.0000
    8.30    3.69000000   3.6900   2.6442   4.1032   3.7630   0.0000   0.0000
    8.30    3.69100000   3.6910   2.6458   4.1034   3.7620   0.0000   0.0000
    8.30    3.69300000   3.6930   2.6475   4.1036   3.7620   0.0000   0.0000
    8.30    3.69400000   3.6940   2.6491   4.1038   3.7610   0.0000   0.0000
    8.30    3.69600000   3.6960   2.6507   4.1040   3.7610   0.0000   0.0000
    8.30    3.69700000   3.6970   2.6524   4.1043   3.7610   0.0000   0.0000
    8.30    3.69900000   3.6990   2.6541   4.1047   3.7610   0.0000   0.0000
    8.30    3.70000000   3.7000   2.6559   4.1051   3.7610   0.0000   0.0000
    8.30    3.70200000   3.7020   2.6576   4.1055   3.7610   0.0000   0.0000
    8.30    3.70300000   3.7030   2.6597   4.1061   3.7620   0.0000   0.0000
    8.30    3.70500000   3.7050   2.6617   4.1067   3.7630   0.0000   0.0000
    8.30    3.70700000   3.7070   2.6638   4.1075   3.7640   0.0000   0.0000
    8.30    3.70800000   3.7080   2.6661   4.1084   3.7660   0.0000   0.0000
    8.30    3.71000000   3.7100   2.6684   4.1095   3.7680   0.0000   0.0000
    8.30    3.71100000   3.7110   2.6711   4.1108   3.7710   0.0000   0.0000
    8.30    3.71300000   3.7130   2.6740   4.1125   3.7750   0.0000   0.0000
    8.30    3.71400000   3.7140   2.6775   4.1146   3.7810   0.0000   0.0000
    8.30    3.71600000   3.7160   2.6814   4.1172   3.7880   0.0000   0.0000
    8.30    3.71700000   3.7170   2.6864   4.1207   3.7980   0.0000   0.0000
    8.30    3.71900000   3.7190   2.6943   4.1259   3.8120   0.0000   0.0000
    8.30    3.72100000   3.7210   2.7090   4.1354   3.8370   0.0000   0.0000
    8.30    3.72200000   3.7220   2.7216   4.1425   3.8540   0.0000   0.0000
    8.30    3.72400000   3.7240   2.7504   4.1233   3.7440   0.0000   0.0000
    8.30    3.72500000   3.7250   2.7622   4.1171   3.7070   0.0000   0.0000
    8.30    3.72700000   3.7270   2.7679   4.1137   3.6870   0.0000   0.0000
    8.30    3.72800000   3.7280   2.7726   4.1097   3.6650   0.0000   0.0000
    8.30    3.73000000   3.7300   2.7770   4.1060   3.6450   0.0000   0.0000
    8.30    3.73100000   3.7310   2.7813   4.1014   3.6210   0.0000   0.0000
    8.30    3.73300000   3.7330   2.7854   4.0960   3.5950   0.0000   0.0000
    8.30    3.73500000   3.7350   2.7893   4.0908   3.5700   0.0000   0.0000
    8.30    3.73600000   3.7360   2.7931   4.0832   3.5350   0.0000   0.0000
    8.30    3.73800000   3.7380   2.7964   4.0752   3.4990   0.0000   0.0000
    8.30    3.73900000   3.7390   2.7991   4.0635   3.4480   0.0000   0.0000
    8.30    3.74100000   3.7410   2.8006   4.0497   3.3890   0.0000   0.0000
    8.30    3.74200000   3.7420   2.8001   4.0301   3.3100   0.0000   0.0000
    8.30    3.74400000   3.7440   2.7953   4.0032   3.2040   0.0000   0.0000
    8.30    3.74500000   3.7450   2.7818   3.9638   3.0570   0.0000   0.0000
    8.30    3.74700000   3.7470   2.7474   3.8992   2.8280   0.0000   0.0000
    8.30    3.74900000   3.7490   2.6541   3.7817   2.4450   0.0000   0.0000
    8.30    3.75000000   3.7500   2.4890   3.6892   2.2340   0.0000   0.0000
    8.30    3.75200000   3.7520   2.6948   3.6649   1.9300   0.0000   0.0000
    8.30    3.75300000   3.7530   2.8167   3.6554   1.7710   0.0000   0.0000
    8.30    3.75500000   3.7540   2.8308   3.6519   1.7430   0.0000   0.0000
    8.30    3.75600000   3.7550   2.8194   3.6532   1.7590   0.0000   0.0000
    8.30    3.75800000   3.7570   2.8082   3.6545   1.7760   0.0000   0.0000
    8.30    3.76000000   3.7580   2.7969   3.6559   1.7930   0.0000   0.0000
    8.30    3.76100000   3.7590   2.7856   3.6572   1.8090   0.0000   0.0000
    8.30    3.76300000   3.7610   2.7821   3.6577   1.8150   0.0000   0.0000
    8.30    3.76400000   3.7620   2.7789   3.6581   1.8200   0.0000   0.0000
    8.30    3.76600000   3.7630   2.7758   3.6586   1.8250   0.0000   0.0000
    8.30    3.76700000   3.7650   2.7726   3.6590   1.8300   0.0000   0.0000
    8.30    3.76900000   3.7660   2.7695   3.6595   1.8360   0.0000   0.0000
    8.30    3.77100000   3.7670   2.7679   3.6598   1.8380   0.0000   0.0000
    8.30    3.77200000   3.7690   2.7662   3.6600   1.8410   0.0000   0.0000
    8.30    3.77400000   3.7700   2.7646   3.6603   1.8440   0.0000   0.0000
    8.30    3.77500000   3.7710   2.7630   3.6606   1.8470   0.0000   0.0000
    8.30    3.77700000   3.7730   2.7614   3.6609   1.8500   0.0000   0.0000
    8.30    3.77800000   3.7740   2.7600   3.6612   1.8530   0.0000   0.0000
    8.30    3.78000000   3.7750   2.7587   3.6614   1.8550   0.0000   0.0000
    8.30    3.78200000   3.7770   2.7574   3.6617   1.8580   0.0000   0.0000
    8.30    3.78300000   3.7780   2.7561   3.6619   1.8600   0.0000   0.0000
    8.30    3.78500000   3.7790   2.7549   3.6622   1.8630   0.0000   0.0000
    8.30    3.78600000   3.7810   2.7537   3.6624   1.8650   0.0000   0.0000
    8.30    3.78800000   3.7820   2.7528   3.6627   1.8670   0.0000   0.0000
    8.30    3.79000000   3.7830   2.7519   3.6629   1.8690   0.0000   0.0000
    8.30    3.79100000   3.7850   2.7510   3.6631   1.8710   0.0000   0.0000
    8.30    3.87800000   3.8590   2.7578   3.6765   1.9260   0.0000   0.0000
    8.30    3.97600000   3.9370   3.0382   3.7514   1.9630   0.0000   0.0000
# log(age) Mini Mact logl logt logg Composition Phase
    8.35    0.80000000   0.8000  -0.4211   3.7307   4.6380   0.0000   0.0000
    8.35    0.88400000   0.8840  -0.2158   3.7601   4.5940   0.0000   0.0000
    8.35    0.97800000   0.9780  -0.0087   3.7861   4.5340   0.0000   0.0000
    8.35    1.08100000   1.0810   0.1984   3.8095   4.4640   0.0000   0.0000
    8.35    1.19400000   1.1940   0.3799   3.8301   4.4090   0.0000   0.0000
    8.35    1.32000000   1.3200   0.5706   3.8581   4.3740   0.0000   0.0000
    8.35    1.46000000   1.4600   0.7635   3.8976   4.3820   0.0000   0.0000
    8.35    1.61300000   1.6130   0.9527   3.9357   4.3970   0.0000   0.0000
    8.35    1.78300000   1.7830   1.1393   3.9713   4.4130   0.0000   0.0000
    8.35    1.97100000   1.9710   1.3253   4.0034   4.3990   0.0000   0.0000
    8.35    2.17900000   2.1790   1.5116   4.0316   4.3690   0.0000   0.0000
    8.35    2.40900000   2.4090   1.7051   4.0581   4.3260   0.0000   0.0000
    8.35    2.66300000   2.6630   1.9060   4.0807   4.2600   0.0000   0.0000
    8.35    2.94400000   2.9440   2.1213   4.0981   4.1600   0.0000   0.0000
    8.35    3.25400000   3.2540   2.3534   4.1035   3.9960   0.0000   0.0000
    8.35    3.51700000   3.5170   2.5642   4.0886   3.7640   0.0000   0.0000
    8.35    3.51800000   3.5180   2.5656   4.0886   3.7630   0.0000   0.0000
    8.35    3.52000000   3.5200   2.5671   4.0887   3.7620   0.0000   0.0000
    8.35    3.52100000   3.5210   2.5687   4.0888   3.7610   0.0000   0.0000
    8.35    3.52200000   3.5220   2.5703   4.0890   3.7600   0.0000   0.0000
    8.35    3.52400000   3.5240   2.5719   4.0892   3.7600   0.0000   0.0000
    8.35    3.52500000   3.5250   2.5735   4.0894   3.7590   0.0000   0.0000
    8.35    3.52700000   3.5270   2.5752   4.0897   3.7590   0.0000   0.0000
    8.35    3.52800000   3.5280   2.5769   4.0900   3.7590   0.0000   0.0000
    8.35    3.53000000   3.5300   2.5787   4.0904   3.7590   0.0000   0.0000
    8.35    3.53100000   3.5310   2.5805   4.0909   3.7590   0.0000   0.0000
    8.35    3.53300000   3.5330   2.5825   4.0914   3.7600   0.0000   0.0000
    8.35    3.53400000   3.5340   2.5844   4.0920   3.7610   0.0000   0.0000
    8.35    3.53600000   3.5360   2.5866   4.0928   3.7620   0.0000   0.0000
    8.35    3.53700000   3.5370   2.5888   4.0937   3.7630   0.0000   0.0000
    8.35    3.53900000   3.5390   2.5912   4.0947   3.7660   0.0000   0.0000
    8.35    3.54000000   3.5400   2.5938   4.0959   3.7680   0.0000   0.0000
    8.35    3.54200000   3.5420   2.5967   4.0974   3.7720   0.0000   0.0000
    8.35    3.54300000   3.5430   2.6000   4.0994   3.7770   0.0000   0.0000
    8.35    3.54500000   3.5450   2.6038   4.1018   3.7840   0.0000   0.0000
    8.35    3.54600000   3.5460   2.6086   4.1051   3.7930   0.0000   0.0000
    8.35    3.54800000   3.5480   2.6156   4.1099   3.8060   0.0000   0.0000
    8.35    3.54900000   3.5490   2.6269   4.1172   3.8250   0.0000   0.0000
    8.35    3.55100000   3.5510   2.6488   4.1301   3.8570   0.0000   0.0000
    8.35    3.55200000   3.5520   2.6629   4.1140   3.7760   0.0000   0.0000
    8.35    3.55400000   3.5540   2.6828   4.1060   3.7220   0.0000   0.0000
    8.35    3.55500000   3.5550   2.6893   4.1026   3.7010   0.0000   0.0000
    8.35    3.55600000   3.5560   2.6940   4.0992   3.6820   0.0000   0.0000
    8.35    3.55800000   3.5580   2.6984   4.0955   3.6630   0.0000   0.0000
    8.35    3.55900000   3.5590   2.7026   4.0915   3.6410   0.0000   0.0000
    8.35    3.56100000   3.5610   2.7067   4.0872   3.6190   0.0000   0.0000
    8.35    3.56200000   3.5620   2.7106   4.0821   3.5940   0.0000   0.0000
    8.35    3.56400000   3.5640   2.7143   4.0767   3.5680   0.0000   0.0000
    8.35    3.56500000   3.5650   2.7179   4.0692   3.5340   0.0000   0.0000
    8.35    3.56700000   3.5670   2.7210   4.0616   3.4990   0.0000   0.0000
    8.35    3.56800000   3.5680   2.7235   4.0502   3.4500   0.0000   0.0000
    8.35    3.57000000   3.5700   2.7250   4.0371   3.3950   0.0000   0.0000
    8.35    3.57100000   3.5710   2.7244   4.0187   3.3200   0.0000   0.0000
    8.35    3.57300000   3.5730   2.7200   3.9935   3.2210   0.0000   0.0000
    8.35    3.57400000   3.5740   2.7078   3.9571   3.0840   0.0000   0.0000
    8.35    3.57600000   3.5760   2.6788   3.9007   2.8830   0.0000   0.0000
    8.35    3.57700000   3.5770   2.6024   3.8011   2.5560   0.0000   0.0000
    8.35    3.57900000   3.5790   2.4167   3.7058   2.3530   0.0000   0.0000
    8.35    3.58000000   3.5800   2.5710   3.6718   2.0610   0.0000   0.0000
    8.35    3.58200000   3.5820   2.6906   3.6611   1.8990   0.0000   0.0000
    8.35    3.58300000   3.5830   2.7870   3.6528   1.7700   0.0000   0.0000
    8.35    3.58500000   3.5840   2.7686   3.6543   1.7940   0.0000   0.0000
    8.35    3.58600000   3.5850   2.7560   3.6556   1.8120   0.0000   0.0000
    8.35    3.58800000   3.5860   2.7435   3.6570   1.8300   0.0000   0.0000
    8.35    3.58900000   3.5880   2.7309   3.6583   1.8480   0.0000   0.0000
    8.35    3.59100000   3.5890   2.7224   3.6593   1.8610   0.0000   0.0000
    8.35    3.59200000   3.5900   2.7189   3.6598   1.8670   0.0000   0.0000
    8.35    3.59400000   3.5910   2.7154   3.6603   1.8720   0.0000   0.0000
    8.35    3.59500000   3.5930   2.7119   3.6607   1.8780   0.0000   0.0000
    8.35    3.59700000   3.5940   2.7083   3.6612   1.8830   0.0000   0.0000
    8.35    3.59800000   3.5950   2.7058   3.6616   1.8880   0.0000   0.0000
    8.35    3.60000000   3.5960   2.7037   3.6619   1.8910   0.0000   0.0000
    8.35    3.60100000   3.5980   2.7015   3.6623   1.8950   0.0000   0.0000
    8.35    3.60300000   3.5990   2.6994   3.6626   1.8990   0.0000   0.0000
    8.35    3.60400000   3.6000   2.6972   3.6629   1.9020   0.0000   0.0000
    8.35    3.60600000   3.6020   2.6953   3.6632   1.9050   0.0000   0.0000
    8.35    3.60700000   3.6030   2.6936   3.6635   1.9090   0.0000   0.0000
    8.35    3.60900000   3.6040   2.6918   3.6639   1.9120   0.0000   0.0000
    8.35    3.61000000   3.6050   2.6901   3.6642   1.9150   0.0000   0.0000
    8.35    3.61200000   3.6070   2.6884   3.6645   1.9180   0.0000   0.0000
    8.35    3.61300000   3.6080   2.6868   3.6647   1.9210   0.0000   0.0000
    8.35    3.61500000   3.6090   2.6852   3.6650   1.9240   0.0000   0.0000
    8.35    3.61600000   3.6110   2.6836   3.6653   1.9260   0.0000   0.0000
    8.35    3.61800000   3.6120   2.6821   3.6656   1.9290   0.0000   0.0000
    8.35    3.61900000   3.6130   2.6806   3.6658   1.9320   0.0000   0.0000
    8.35    3.68800000   3.6730   2.6537   3.6801   2.0230   0.0000   0.0000
    8.35    3.78200000   3.7490   2.9163   3.7374   2.0060   0.0000   0.0000
# log(age) Mini Mact logl logt logg Composition Phase
    8.40    0.80000000   0.8000  -0.4205   3.7307   4.6370   0.0000   0.0000
    8.40    0.88400000   0.8840  -0.2150   3.7601   4.5930   0.0000   0.0000
    8.40    0.97800000   0.9780  -0.0077   3.7862   4.5330   0.0000   0.0000
    8.40    1.08100000   1.0810   0.1998   3.8096   4.4630   0.0000   0.0000
    8.40    1.19400000   1.1940   0.3818   3.8303   4.4070   0.0000   0.0000
    8.40    1.32000000   1.3200   0.5729   3.8583   4.3720   0.0000   0.0000
    8.40    1.46000000   1.4600   0.7664   3.8977   4.3800   0.0000   0.0000
    8.40    1.61300000   1.6130   0.9565   3.9357   4.3930   0.0000   0.0000
    8.40    1.78300000   1.7830   1.1438   3.9706   4.4060   0.0000   0.0000
    8.40    1.97100000   1.9710   1.3317   4.0023   4.3880   0.0000   0.0000
    8.40    2.17900000   2.1790   1.5210   4.0302   4.3550   0.0000   0.0000
    8.40    2.40900000   2.4090   1.7186   4.0556   4.3030   0.0000   0.0000
    8.40    2.66300000   2.6630   1.9259   4.0765   4.2240   0.0000   0.0000
    8.40    2.94400000   2.9440   2.1511   4.0897   4.0980   0.0000   0.0000
    8.40    3.25400000   3.2540   2.3989   4.0820   3.8670   0.0000   0.0000
    8.40    3.35500000   3.3550   2.4871   4.0741   3.7620   0.0000   0.0000
    8.40    3.35600000   3.3560   2.4885   4.0741   3.7610   0.0000   0.0000
    8.40    3.35700000   3.3570   2.4900   4.0742   3.7610   0.0000   0.0000
    8.40    3.35900000   3.3590   2.4915   4.0743   3.7600   0.0000   0.0000
    8.40    3.36000000   3.3600   2.4932   4.0745   3.7590   0.0000   0.0000
    8.40    3.36200000   3.3620   2.4947   4.0746   3.7580   0.0000   0.0000
    8.40    3.36300000   3.3630   2.4963   4.0749   3.7580   0.0000   0.0000
    8.40    3.36400000   3.3640   2.4980   4.0751   3.7580   0.0000   0.0000
    8.40    3.36600000   3.3660   2.4998   4.0754   3.7570   0.0000   0.0000
    8.40    3.36700000   3.3670   2.5015   4.0758   3.7570   0.0000   0.0000
    8.40    3.36900000   3.3690   2.5033   4.0762   3.7580   0.0000   0.0000
    8.40    3.37000000   3.3700   2.5053   4.0767   3.7580   0.0000   0.0000
    8.40    3.37100000   3.3710   2.5072   4.0773   3.7590   0.0000   0.0000
    8.40    3.37300000   3.3730   2.5093   4.0780   3.7600   0.0000   0.0000
    8.40    3.37400000   3.3740   2.5115   4.0789   3.7610   0.0000   0.0000
    8.40    3.37600000   3.3760   2.5139   4.0799   3.7630   0.0000   0.0000
    8.40    3.37700000   3.3770   2.5165   4.0810   3.7660   0.0000   0.0000
    8.40    3.37800000   3.3780   2.5193   4.0824   3.7690   0.0000   0.0000
    8.40    3.38000000   3.3800   2.5226   4.0843   3.7740   0.0000   0.0000
    8.40    3.38100000   3.3810   2.5263   4.0866   3.7800   0.0000   0.0000
    8.40    3.38300000   3.3830   2.5308   4.0895   3.7880   0.0000   0.0000
    8.40    3.38400000   3.3840   2.5367   4.0937   3.7990   0.0000   0.0000
    8.40    3.38600000   3.3860   2.5464   4.0999   3.8160   0.0000   0.0000
    8.40    3.38700000   3.3870   2.5655   4.1114   3.8440   0.0000   0.0000
    8.40    3.38800000   3.3880   2.5692   4.1074   3.8240   0.0000   0.0000
    8.40    3.39000000   3.3900   2.6028   4.0949   3.7380   0.0000   0.0000
    8.40    3.39100000   3.3910   2.6108   4.0907   3.7120   0.0000   0.0000
    8.40    3.39300000   3.3930   2.6157   4.0878   3.6950   0.0000   0.0000
    8.40    3.39400000   3.3940   2.6200   4.0846   3.6780   0.0000   0.0000
    8.40    3.39500000   3.3950   2.6240   4.0813   3.6600   0.0000   0.0000
    8.40    3.39700000   3.3970   2.6281   4.0777   3.6410   0.0000   0.0000
    8.40    3.39800000   3.3980   2.6320   4.0731   3.6170   0.0000   0.0000
    8.40    3.40000000   3.4000   2.6358   4.0683   3.5940   0.0000   0.0000
    8.40    3.40100000   3.4010   2.6393   4.0629   3.5680   0.0000   0.0000
    8.40    3.40300000   3.4030   2.6427   4.0554   3.5340   0.0000   0.0000
    8.40    3.40400000   3.4040   2.6456   4.0481   3.5010   0.0000   0.0000
    8.40    3.40500000   3.4050   2.6480   4.0372   3.4540   0.0000   0.0000
    8.40    3.40700000   3.4070   2.6493   4.0245   3.4000   0.0000   0.0000
    8.40    3.40800000   3.4080   2.6487   4.0074   3.3300   0.0000   0.0000
    8.40    3.41000000   3.4100   2.6446   3.9835   3.2370   0.0000   0.0000
    8.40    3.41100000   3.4110   2.6335   3.9499   3.1100   0.0000   0.0000
    8.40    3.41200000   3.4120   2.6082   3.8997   2.9310   0.0000   0.0000
    8.40    3.41400000   3.4140   2.5468   3.8141   2.6440   0.0000   0.0000
    8.40    3.41500000   3.4150   2.3808   3.7208   2.4290   0.0000   0.0000
    8.40    3.41700000   3.4170   2.4420   3.6797   2.2020   0.0000   0.0000
    8.40    3.41800000   3.4180   2.5703   3.6690   2.0310   0.0000   0.0000
    8.40    3.42000000   3.4190   2.6809   3.6594   1.8820   0.0000   0.0000
    8.40    3.42100000   3.4200   2.7194   3.6553   1.8270   0.0000   0.0000
    8.40    3.42200000   3.4220   2.7055   3.6567   1.8470   0.0000   0.0000
    8.40    3.42400000   3.4230   2.6915   3.6581   1.8660   0.0000   0.0000
    8.40    3.42500000   3.4240   2.6777   3.6595   1.8860   0.0000   0.0000
    8.40    3.42700000   3.4250   2.6638   3.6608   1.9060   0.0000   0.0000
    8.40    3.42800000   3.4260   2.6592   3.6614   1.9120   0.0000   0.0000
    8.40    3.43000000   3.4270   2.6553   3.6619   1.9190   0.0000   0.0000
    8.40    3.43100000   3.4290   2.6514   3.6624   1.9250   0.0000   0.0000
    8.40    3.43200000   3.4300   2.6475   3.6629   1.9310   0.0000   0.0000
    8.40    3.43400000   3.4310   2.6441   3.6634   1.9360   0.0000   0.0000
    8.40    3.43500000   3.4320   2.6413   3.6638   1.9410   0.0000   0.0000
    8.40    3.43700000   3.4340   2.6385   3.6642   1.9450   0.0000   0.0000
    8.40    3.43800000   3.4350   2.6358   3.6646   1.9500   0.0000   0.0000
    8.40    3.44000000   3.4360   2.6330   3.6650   1.9540   0.0000   0.0000
    8.40    3.44100000   3.4370   2.6306   3.6653   1.9580   0.0000   0.0000
    8.40    3.44300000   3.4380   2.6284   3.6657   1.9620   0.0000   0.0000
    8.40    3.44400000   3.4400   2.6262   3.6660   1.9660   0.0000   0.0000
    8.40    3.44500000   3.4410   2.6239   3.6664   1.9700   0.0000   0.0000
    8.40    3.44700000   3.4420   2.6217   3.6667   1.9730   0.0000   0.0000
    8.40    3.44800000   3.4430   2.6195   3.6671   1.9770   0.0000   0.0000
    8.40    3.45000000   3.4450   2.6172   3.6674   1.9810   0.0000   0.0000
    8.40    3.45100000   3.4460   2.6150   3.6677   1.9850   0.0000   0.0000
    8.40    3.45300000   3.4470   2.6128   3.6681   1.9880   0.0000   0.0000
    8.40    3.45400000   3.4480   2.6105   3.6684   1.9920   0.0000   0.0000
    8.40    3.50800000   3.4950   2.5499   3.6827   2.1160   0.0000   0.0000
    8.40    3.59700000   3.5710   2.7948   3.7239   2.0500   0.0000   0.0000
# log(age) Mini Mact logl logt logg Composition Phase
    8.45    0.80000000   0.8000  -0.4198   3.7308   4.6370   0.0000   0.0000
    8.45    0.88400000   0.8840  -0.2140   3.7602   4.5920   0.0000   0.0000
    8.45    0.97800000   0.9780  -0.0065   3.7862   4.5330   0.0000   0.0000
    8.45    1.08100000   1.0810   0.2014   3.8097   4.4620   0.0000   0.0000
    8.45    1.19400000   1.1940   0.3838   3.8304   4.4060   0.0000   0.0000
    8.45    1.32000000   1.3200   0.5756   3.8585   4.3700   0.0000   0.0000
    8.45    1.46000000   1.4600   0.7696   3.8979   4.3770   0.0000   0.0000
    8.45    1.61300000   1.6130   0.9603   3.9355   4.3880   0.0000   0.0000
    8.45    1.78300000   1.7830   1.1486   3.9698   4.3980   0.0000   0.0000
    8.45    1.97100000   1.9710   1.3391   4.0011   4.3770   0.0000   0.0000
    8.45    2.17900000   2.1790   1.5320   4.0286   4.3380   0.0000   0.0000
    8.45    2.40900000   2.4090   1.7345   4.0525   4.2760   0.0000   0.0000
    8.45    2.66300000   2.6630   1.9493   4.0708   4.1790   0.0000   0.0000
    8.45    2.94400000   2.9440   2.1866   4.0770   4.0140   0.0000   0.0000
    8.45    3.20000000   3.2000   2.4100   4.0596   3.7610   0.0000   0.0000
    8.45    3.20100000   3.2010   2.4114   4.0596   3.7600   0.0000   0.0000
    8.45    3.20300000   3.2030   2.4129   4.0597   3.7590   0.0000   0.0000
    8.45    3.20400000   3.2040   2.4144   4.0598   3.7580   0.0000   0.0000
    8.45    3.20500000   3.2050   2.4160   4.0599   3.7580   0.0000   0.0000
    8.45    3.20700000   3.2070   2.4176   4.0601   3.7570   0.0000   0.0000
    8.45    3.20800000   3.2080   2.4192   4.0603   3.7560   0.0000   0.0000
    8.45    3.20900000   3.2090   2.4208   4.0605   3.7560   0.0000   0.0000
    8.45    3.21100000   3.2110   2.4226   4.0608   3.7560   0.0000   0.0000
    8.45    3.21200000   3.2120   2.4243   4.0612   3.7560   0.0000   0.0000
    8.45    3.21300000   3.2130   2.4261   4.0616   3.7560   0.0000   0.0000
    8.45    3.21500000   3.2150   2.4281   4.0621   3.7560   0.0000   0.0000
    8.45    3.21600000   3.2160   2.4300   4.0626   3.7570   0.0000   0.0000
    8.45    3.21700000   3.2170   2.4321   4.0633   3.7580   0.0000   0.0000
    8.45    3.21900000   3.2190   2.4343   4.0641   3.7590   0.0000   0.0000
    8.45    3.22000000   3.2200   2.4366   4.0651   3.7610   0.0000   0.0000
    8.45    3.22100000   3.2210   2.4391   4.0662   3.7630   0.0000   0.0000
    8.45    3.22300000   3.2230   2.4419   4.0675   3.7660   0.0000   0.0000
    8.45    3.22400000   3.2240   2.4451   4.0692   3.7700   0.0000   0.0000
    8.45    3.22500000   3.2250   2.4487   4.0714   3.7760   0.0000   0.0000
    8.45    3.22700000   3.2270   2.4530   4.0741   3.7830   0.0000   0.0000
    8.45    3.22800000   3.2280   2.4583   4.0777   3.7930   0.0000   0.0000
    8.45    3.22900000   3.2290   2.4671   4.0834   3.8080   0.0000   0.0000
    8.45    3.23100000   3.2310   2.4807   4.0920   3.8310   0.0000   0.0000
    8.45    3.23200000   3.2320   2.5015   4.1031   3.8560   0.0000   0.0000
    8.45    3.23400000   3.2340   2.5210   4.0846   3.7590   0.0000   0.0000
    8.45    3.23500000   3.2350   2.5323   4.0790   3.7240   0.0000   0.0000
    8.45    3.23600000   3.2360   2.5374   4.0763   3.7080   0.0000   0.0000
    8.45    3.23800000   3.2380   2.5415   4.0738   3.6930   0.0000   0.0000
    8.45    3.23900000   3.2390   2.5457   4.0704   3.6750   0.0000   0.0000
    8.45    3.24000000   3.2400   2.5495   4.0669   3.6570   0.0000   0.0000
    8.45    3.24200000   3.2420   2.5535   4.0636   3.6380   0.0000   0.0000
    8.45    3.24300000   3.2430   2.5572   4.0592   3.6160   0.0000   0.0000
    8.45    3.24400000   3.2440   2.5608   4.0548   3.5950   0.0000   0.0000
    8.45    3.24600000   3.2460   2.5642   4.0491   3.5680   0.0000   0.0000
    8.45    3.24700000   3.2470   2.5674   4.0418   3.5350   0.0000   0.0000
    8.45    3.24800000   3.2480   2.5702   4.0347   3.5020   0.0000   0.0000
    8.45    3.25000000   3.2500   2.5724   4.0245   3.4580   0.0000   0.0000
    8.45    3.25100000   3.2510   2.5736   4.0120   3.4060   0.0000   0.0000
    8.45    3.25200000   3.2520   2.5730   3.9960   3.3400   0.0000   0.0000
    8.45    3.25400000   3.2540   2.5692   3.9734   3.2520   0.0000   0.0000
    8.45    3.25500000   3.2550   2.5592   3.9424   3.1350   0.0000   0.0000
    8.45    3.25700000   3.2570   2.5371   3.8975   2.9740   0.0000   0.0000
    8.45    3.25800000   3.2580   2.4851   3.8225   2.7210   0.0000   0.0000
    8.45    3.25900000   3.2590   2.3523   3.7326   2.4860   0.0000   0.0000
    8.45    3.26100000   3.2610   2.3100   3.6900   2.3550   0.0000   0.0000
    8.45    3.26200000   3.2620   2.4526   3.6758   2.1560   0.0000   0.0000
    8.45    3.26300000   3.2630   2.5592   3.6652   2.0060   0.0000   0.0000
    8.45    3.26500000   3.2640   2.6629   3.6577   1.8730   0.0000   0.0000
    8.45    3.26600000   3.2650   2.6567   3.6577   1.8790   0.0000   0.0000
    8.45    3.26700000   3.2660   2.6413   3.6591   1.9010   0.0000   0.0000
    8.45    3.26900000   3.2680   2.6259   3.6605   1.9220   0.0000   0.0000
    8.45    3.27000000   3.2690   2.6106   3.6620   1.9430   0.0000   0.0000
    8.45    3.27200000   3.2700   2.5999   3.6630   1.9580   0.0000   0.0000
    8.45    3.27300000   3.2710   2.5955   3.6635   1.9650   0.0000   0.0000
    8.45    3.27400000   3.2720   2.5912   3.6641   1.9710   0.0000   0.0000
    8.45    3.27600000   3.2730   2.5868   3.6646   1.9780   0.0000   0.0000
    8.45    3.27700000   3.2740   2.5827   3.6652   1.9840   0.0000   0.0000
    8.45    3.27800000   3.2760   2.5792   3.6656   1.9900   0.0000   0.0000
    8.45    3.28000000   3.2770   2.5757   3.6661   1.9950   0.0000   0.0000
    8.45    3.28100000   3.2780   2.5723   3.6665   2.0010   0.0000   0.0000
    8.45    3.28200000   3.2790   2.5689   3.6670   2.0060   0.0000   0.0000
    8.45    3.28400000   3.2800   2.5659   3.6674   2.0110   0.0000   0.0000
    8.45    3.28500000   3.2810   2.5631   3.6678   2.0160   0.0000   0.0000
    8.45    3.28700000   3.2830   2.5604   3.6682   2.0200   0.0000   0.0000
    8.45    3.28800000   3.2840   2.5576   3.6686   2.0250   0.0000   0.0000
    8.45    3.28900000   3.2850   2.5549   3.6690   2.0290   0.0000   0.0000
    8.45    3.29100000   3.2860   2.5519   3.6694   2.0340   0.0000   0.0000
    8.45    3.29200000   3.2870   2.5489   3.6698   2.0390   0.0000   0.0000
    8.45    3.29300000   3.2890   2.5459   3.6702   2.0430   0.0000   0.0000
    8.45    3.29500000   3.2900   2.5429   3.6706   2.0480   0.0000   0.0000
    8.45    3.29600000   3.2910   2.5395   3.6711   2.0530   0.0000   0.0000
    8.45    3.29800000   3.2920   2.5357   3.6716   2.0590   0.0000   0.0000
    8.45    3.33600000   3.3270   2.4540   3.6843   2.1970   0.0000   0.0000
    8.45    3.42100000   3.4000   2.6755   3.7155   2.1130   0.0000   0.0000
    8.45    3.50800000   3.4700   2.8738   3.6502   1.6590   0.0000   0.0000
# log(age) Mini Mact logl logt logg Composition Phase
    8.50    0.80000000   0.8000  -0.4191   3.7308   4.6360   0.0000   0.0000
    8.50    0.88400000   0.8840  -0.2130   3.7603   4.5920   0.0000   0.0000
    8.50    0.97800000   0.9780  -0.0051   3.7863   4.5320   0.0000   0.0000
    8.50    1.08100000   1.0810   0.2032   3.8098   4.4610   0.0000   0.0000
    8.50    1.19400000   1.1940   0.3861   3.8305   4.4040   0.0000   0.0000
    8.50    1.32000000   1.3200   0.5786   3.8587   4.3680   0.0000   0.0000
    8.50    1.46000000   1.4600   0.7732   3.8979   4.3740   0.0000   0.0000
    8.50    1.61300000   1.6130   0.9646   3.9351   4.3820   0.0000   0.0000
    8.50    1.78300000   1.7830   1.1548   3.9691   4.3890   0.0000   0.0000
    8.50    1.97100000   1.9710   1.3478   3.9999   4.3630   0.0000   0.0000
    8.50    2.17900000   2.1790   1.5444   4.0263   4.3170   0.0000   0.0000
    8.50    2.40900000   2.4090   1.7530   4.0486   4.2420   0.0000   0.0000
    8.50    2.66300000   2.6630   1.9771   4.0631   4.1220   0.0000   0.0000
    8.50    2.94400000   2.9440   2.2291   4.0565   3.8910   0.0000   0.0000
    8.50    3.05400000   3.0540   2.3343   4.0451   3.7590   0.0000   0.0000
    8.50    3.05500000   3.0550   2.3357   4.0451   3.7580   0.0000   0.0000
    8.50    3.05600000   3.0560   2.3373   4.0452   3.7570   0.0000   0.0000
    8.50    3.05800000   3.0580   2.3389   4.0454   3.7560   0.0000   0.0000
    8.50    3.05900000   3.0590   2.3404   4.0455   3.7550   0.0000   0.0000
    8.50    3.06000000   3.0600   2.3420   4.0457   3.7550   0.0000   0.0000
    8.50    3.06100000   3.0610   2.3436   4.0459   3.7540   0.0000   0.0000
    8.50    3.06300000   3.0630   2.3454   4.0462   3.7540   0.0000   0.0000
    8.50    3.06400000   3.0640   2.3471   4.0466   3.7540   0.0000   0.0000
    8.50    3.06500000   3.0650   2.3489   4.0469   3.7540   0.0000   0.0000
    8.50    3.06700000   3.0670   2.3509   4.0474   3.7540   0.0000   0.0000
    8.50    3.06800000   3.0680   2.3528   4.0480   3.7550   0.0000   0.0000
    8.50    3.06900000   3.0690   2.3549   4.0486   3.7560   0.0000   0.0000
    8.50    3.07000000   3.0700   2.3570   4.0493   3.7570   0.0000   0.0000
    8.50    3.07200000   3.0720   2.3593   4.0503   3.7590   0.0000   0.0000
    8.50    3.07300000   3.0730   2.3618   4.0513   3.7610   0.0000   0.0000
    8.50    3.07400000   3.0740   2.3646   4.0526   3.7630   0.0000   0.0000
    8.50    3.07500000   3.0750   2.3677   4.0542   3.7670   0.0000   0.0000
    8.50    3.07700000   3.0770   2.3712   4.0562   3.7720   0.0000   0.0000
    8.50    3.07800000   3.0780   2.3752   4.0587   3.7790   0.0000   0.0000
    8.50    3.07900000   3.0790   2.3804   4.0621   3.7880   0.0000   0.0000
    8.50    3.08100000   3.0810   2.3881   4.0672   3.8020   0.0000   0.0000
    8.50    3.08200000   3.0820   2.3992   4.0742   3.8200   0.0000   0.0000
    8.50    3.08300000   3.0830   2.4228   4.0876   3.8520   0.0000   0.0000
    8.50    3.08400000   3.0840   2.4344   4.0746   3.7860   0.0000   0.0000
    8.50    3.08600000   3.0860   2.4536   4.0671   3.7350   0.0000   0.0000
    8.50    3.08700000   3.0870   2.4593   4.0643   3.7180   0.0000   0.0000
    8.50    3.08800000   3.0880   2.4634   4.0618   3.7040   0.0000   0.0000
    8.50    3.09000000   3.0900   2.4674   4.0595   3.6900   0.0000   0.0000
    8.50    3.09100000   3.0910   2.4712   4.0564   3.6730   0.0000   0.0000
    8.50    3.09200000   3.0920   2.4749   4.0527   3.6540   0.0000   0.0000
    8.50    3.09400000   3.0940   2.4787   4.0497   3.6370   0.0000   0.0000
    8.50    3.09500000   3.0950   2.4823   4.0454   3.6160   0.0000   0.0000
    8.50    3.09600000   3.0960   2.4857   4.0413   3.5960   0.0000   0.0000
    8.50    3.09700000   3.0970   2.4889   4.0354   3.5680   0.0000   0.0000
    8.50    3.09900000   3.0990   2.4920   4.0284   3.5370   0.0000   0.0000
    8.50    3.10000000   3.1000   2.4948   4.0214   3.5050   0.0000   0.0000
    8.50    3.10100000   3.1010   2.4968   4.0119   3.4640   0.0000   0.0000
    8.50    3.10300000   3.1030   2.4979   3.9996   3.4120   0.0000   0.0000
    8.50    3.10400000   3.1040   2.4973   3.9845   3.3500   0.0000   0.0000
    8.50    3.10500000   3.1050   2.4937   3.9631   3.2660   0.0000   0.0000
    8.50    3.10600000   3.1060   2.4847   3.9347   3.1590   0.0000   0.0000
    8.50    3.10800000   3.1080   2.4650   3.8939   3.0120   0.0000   0.0000
    8.50    3.10900000   3.1090   2.4213   3.8282   2.7880   0.0000   0.0000
    8.50    3.11000000   3.1100   2.3124   3.7438   2.5520   0.0000   0.0000
    8.50    3.11200000   3.1120   2.1955   3.7009   2.4930   0.0000   0.0000
    8.50    3.11300000   3.1130   2.3358   3.6816   2.2750   0.0000   0.0000
    8.50    3.11400000   3.1140   2.4426   3.6733   2.1350   0.0000   0.0000
    8.50    3.11600000   3.1150   2.5462   3.6633   1.9920   0.0000   0.0000
    8.50    3.11700000   3.1160   2.6238   3.6575   1.8910   0.0000   0.0000
    8.50    3.11800000   3.1170   2.5929   3.6601   1.9330   0.0000   0.0000
    8.50    3.11900000   3.1180   2.5759   3.6616   1.9560   0.0000   0.0000
    8.50    3.12100000   3.1190   2.5590   3.6630   1.9790   0.0000   0.0000
    8.50    3.12200000   3.1210   2.5421   3.6645   2.0010   0.0000   0.0000
    8.50    3.12300000   3.1220   2.5362   3.6652   2.0100   0.0000   0.0000
    8.50    3.12500000   3.1230   2.5313   3.6657   2.0170   0.0000   0.0000
    8.50    3.12600000   3.1240   2.5265   3.6663   2.0250   0.0000   0.0000
    8.50    3.12700000   3.1250   2.5217   3.6669   2.0320   0.0000   0.0000
    8.50    3.12900000   3.1260   2.5174   3.6674   2.0390   0.0000   0.0000
    8.50    3.13000000   3.1270   2.5132   3.6680   2.0450   0.0000   0.0000
    8.50    3.13100000   3.1280   2.5089   3.6685   2.0520   0.0000   0.0000
    8.50    3.13300000   3.1290   2.5048   3.6690   2.0580   0.0000   0.0000
    8.50    3.13400000   3.1310   2.5011   3.6695   2.0640   0.0000   0.0000
    8.50    3.13500000   3.1320   2.4978   3.6700   2.0690   0.0000   0.0000
    8.50    3.13600000   3.1330   2.4945   3.6704   2.0750   0.0000   0.0000
    8.50    3.13800000   3.1340   2.4911   3.6709   2.0800   0.0000   0.0000
    8.50    3.13900000   3.1350   2.4877   3.6714   2.0850   0.0000   0.0000
    8.50    3.14000000   3.1360   2.4838   3.6718   2.0910   0.0000   0.0000
    8.50    3.14200000   3.1370   2.4800   3.6723   2.0970   0.0000   0.0000
    8.50    3.14300000   3.1380   2.4762   3.6728   2.1030   0.0000   0.0000
    8.50    3.14400000   3.1400   2.4724   3.6732   2.1090   0.0000   0.0000
    8.50    3.14600000   3.1410   2.4679   3.6738   2.1160   0.0000   0.0000
    8.50    3.14700000   3.1420   2.4632   3.6743   2.1230   0.0000   0.0000
    8.50    3.14800000   3.1430   2.4586   3.6749   2.1300   0.0000   0.0000
    8.50    3.17300000   3.1660   2.3745   3.6845   2.2550   0.0000   0.0000
    8.50    3.25400000   3.2370   2.5614   3.7157   2.2070   0.0000   0.0000
    8.50    3.33600000   3.3050   2.6571   3.6777   1.9650   0.0000   0.0000
# log(age) Mini Mact logl logt logg Composition Phase
    8.55    0.80000000   0.8000  -0.4181   3.7309   4.6360   0.0000   0.0000
    8.55    0.88400000   0.8840  -0.2119   3.7604   4.5910   0.0000   0.0000
    8.55    0.97800000   0.9780  -0.0037   3.7864   4.5310   0.0000   0.0000
    8.55    1.08100000   1.0810   0.2052   3.8099   4.4590   0.0000   0.0000
    8.55    1.19400000   1.1940   0.3887   3.8307   4.4020   0.0000   0.0000
    8.55    1.32000000   1.3200   0.5819   3.8590   4.3660   0.0000   0.0000
    8.55    1.46000000   1.4600   0.7772   3.8980   4.3700   0.0000   0.0000
    8.55    1.61300000   1.6130   0.9697   3.9347   4.3760   0.0000   0.0000
    8.55    1.78300000   1.7830   1.1617   3.9682   4.3790   0.0000   0.0000
    8.55    1.97100000   1.9710   1.3582   3.9986   4.3480   0.0000   0.0000
    8.55    2.17900000   2.1790   1.5589   4.0236   4.2920   0.0000   0.0000
    8.55    2.40900000   2.4090   1.7749   4.0435   4.2010   0.0000   0.0000
    8.55    2.66300000   2.6630   2.0102   4.0516   4.0450   0.0000   0.0000
    8.55    2.91700000   2.9170   2.2563   4.0310   3.7600   0.0000   0.0000
    8.55    2.91800000   2.9180   2.2578   4.0310   3.7590   0.0000   0.0000
    8.55    2.91900000   2.9190   2.2593   4.0310   3.7580   0.0000   0.0000
    8.55    2.92000000   2.9200   2.2608   4.0310   3.7570   0.0000   0.0000
    8.55    2.92200000   2.9220   2.2623   4.0311   3.7560   0.0000   0.0000
    8.55    2.92300000   2.9230   2.2640   4.0312   3.7550   0.0000   0.0000
    8.55    2.92400000   2.9240   2.2657   4.0314   3.7540   0.0000   0.0000
    8.55    2.92500000   2.9250   2.2673   4.0316   3.7540   0.0000   0.0000
    8.55    2.92600000   2.9260   2.2691   4.0319   3.7530   0.0000   0.0000
    8.55    2.92800000   2.9280   2.2709   4.0322   3.7530   0.0000   0.0000
    8.55    2.92900000   2.9290   2.2727   4.0325   3.7530   0.0000   0.0000
    8.55    2.93000000   2.9300   2.2748   4.0330   3.7530   0.0000   0.0000
    8.55    2.93100000   2.9310   2.2769   4.0335   3.7530   0.0000   0.0000
    8.55    2.93300000   2.9330   2.2790   4.0342   3.7540   0.0000   0.0000
    8.55    2.93400000   2.9340   2.2813   4.0349   3.7550   0.0000   0.0000
    8.55    2.93500000   2.9350   2.2837   4.0359   3.7570   0.0000   0.0000
    8.55    2.93600000   2.9360   2.2863   4.0369   3.7590   0.0000   0.0000
    8.55    2.93700000   2.9370   2.2893   4.0383   3.7620   0.0000   0.0000
    8.55    2.93900000   2.9390   2.2927   4.0400   3.7660   0.0000   0.0000
    8.55    2.94000000   2.9400   2.2965   4.0422   3.7720   0.0000   0.0000
    8.55    2.94100000   2.9410   2.3010   4.0451   3.7790   0.0000   0.0000
    8.55    2.94200000   2.9420   2.3068   4.0489   3.7890   0.0000   0.0000
    8.55    2.94400000   2.9440   2.3163   4.0549   3.8050   0.0000   0.0000
    8.55    2.94500000   2.9450   2.3308   4.0640   3.8290   0.0000   0.0000
    8.55    2.94600000   2.9460   2.3513   4.0739   3.8500   0.0000   0.0000
    8.55    2.94700000   2.9470   2.3739   4.0570   3.7550   0.0000   0.0000
    8.55    2.94800000   2.9480   2.3823   4.0524   3.7280   0.0000   0.0000
    8.55    2.95000000   2.9500   2.3868   4.0500   3.7130   0.0000   0.0000
    8.55    2.95100000   2.9510   2.3908   4.0478   3.7000   0.0000   0.0000
    8.55    2.95200000   2.9520   2.3948   4.0447   3.6830   0.0000   0.0000
    8.55    2.95300000   2.9530   2.3987   4.0412   3.6650   0.0000   0.0000
    8.55    2.95500000   2.9550   2.4027   4.0383   3.6480   0.0000   0.0000
    8.55    2.95600000   2.9560   2.4064   4.0341   3.6270   0.0000   0.0000
    8.55    2.95700000   2.9570   2.4099   4.0297   3.6060   0.0000   0.0000
    8.55    2.95800000   2.9580   2.4133   4.0244   3.5810   0.0000   0.0000
    8.55    2.96000000   2.9600   2.4165   4.0176   3.5490   0.0000   0.0000
    8.55    2.96100000   2.9610   2.4193   4.0107   3.5180   0.0000   0.0000
    8.55    2.96200000   2.9620   2.4216   4.0010   3.4760   0.0000   0.0000
    8.55    2.96300000   2.9630   2.4228   3.9893   3.4260   0.0000   0.0000
    8.55    2.96500000   2.9650   2.4224   3.9741   3.3640   0.0000   0.0000
    8.55    2.96600000   2.9660   2.4188   3.9527   3.2800   0.0000   0.0000
    8.55    2.96700000   2.9670   2.4098   3.9246   3.1740   0.0000   0.0000
    8.55    2.96800000   2.9680   2.3893   3.8827   3.0230   0.0000   0.0000
    8.55    2.96900000   2.9690   2.3430   3.8158   2.7970   0.0000   0.0000
    8.55    2.97100000   2.9710   2.2240   3.7378   2.5960   0.0000   0.0000
    8.55    2.97200000   2.9720   2.1314   3.7006   2.5360   0.0000   0.0000
    8.55    2.97300000   2.9730   2.2672   3.6841   2.3340   0.0000   0.0000
    8.55    2.97400000   2.9740   2.3770   3.6755   2.1900   0.0000   0.0000
    8.55    2.97600000   2.9750   2.4836   3.6650   2.0410   0.0000   0.0000
    8.55    2.97700000   2.9760   2.5742   3.6587   1.9260   0.0000   0.0000
    8.55    2.97800000   2.9770   2.5365   3.6619   1.9760   0.0000   0.0000
    8.55    2.97900000   2.9780   2.5154   3.6636   2.0040   0.0000   0.0000
    8.55    2.98100000   2.9790   2.4945   3.6653   2.0320   0.0000   0.0000
    8.55    2.98200000   2.9800   2.4785   3.6666   2.0540   0.0000   0.0000
    8.55    2.98300000   2.9810   2.4727   3.6673   2.0620   0.0000   0.0000
    8.55    2.98400000   2.9820   2.4669   3.6680   2.0710   0.0000   0.0000
    8.55    2.98600000   2.9830   2.4610   3.6686   2.0790   0.0000   0.0000
    8.55    2.98700000   2.9850   2.4554   3.6693   2.0880   0.0000   0.0000
    8.55    2.98800000   2.9860   2.4498   3.6700   2.0960   0.0000   0.0000
    8.55    2.98900000   2.9870   2.4443   3.6706   2.1050   0.0000   0.0000
    8.55    2.99100000   2.9880   2.4390   3.6713   2.1130   0.0000   0.0000
    8.55    2.99200000   2.9890   2.4346   3.6719   2.1200   0.0000   0.0000
    8.55    2.99300000   2.9900   2.4303   3.6724   2.1260   0.0000   0.0000
    8.55    2.99400000   2.9910   2.4260   3.6730   2.1330   0.0000   0.0000
    8.55    2.99600000   2.9920   2.4214   3.6736   2.1400   0.0000   0.0000
    8.55    2.99700000   2.9930   2.4163   3.6741   2.1480   0.0000   0.0000
    8.55    2.99800000   2.9940   2.4112   3.6747   2.1550   0.0000   0.0000
    8.55    2.99900000   2.9950   2.4061   3.6753   2.1630   0.0000   0.0000
    8.55    3.00100000   2.9960   2.4010   3.6759   2.1710   0.0000   0.0000
    8.55    3.00200000   2.9970   2.3956   3.6765   2.1790   0.0000   0.0000
    8.55    3.00300000   2.9990   2.3902   3.6772   2.1870   0.0000   0.0000
    8.55    3.00400000   3.0000   2.3848   3.6778   2.1950   0.0000   0.0000
    8.55    3.00600000   3.0010   2.3794   3.6784   2.2030   0.0000   0.0000
    8.55    3.00700000   3.0020   2.3737   3.6790   2.2110   0.0000   0.0000
    8.55    3.01800000   3.0120   2.3218   3.6835   2.2830   0.0000   0.0000
    8.55    3.09500000   3.0820   2.4512   3.7180   2.3050   0.0000   0.0000
    8.55    3.17300000   3.1480   2.5705   3.6938   2.0960   0.0000   0.0000
# log(age) Mini Mact logl logt logg Composition Phase
    8.60    0.80000000   0.8000  -0.4171   3.7310   4.6350   0.0000   0.0000
    8.60    0.88400000   0.8840  -0.2106   3.7605   4.5900   0.0000   0.0000
    8.60    0.97800000   0.9780  -0.0020   3.7866   4.5290   0.0000   0.0000
    8.60    1.08100000   1.0810   0.2074   3.8100   4.4570   0.0000   0.0000
    8.60    1.19400000   1.1940   0.3916   3.8309   4.4000   0.0000   0.0000
    8.60    1.32000000   1.3200   0.5856   3.8593   4.3630   0.0000   0.0000
    8.60    1.46000000   1.4600   0.7817   3.8980   4.3660   0.0000   0.0000
    8.60    1.61300000   1.6130   0.9754   3.9342   4.3680   0.0000   0.0000
    8.60    1.78300000   1.7830   1.1693   3.9671   4.3670   0.0000   0.0000
    8.60    1.97100000   1.9710   1.3694   3.9966   4.3300   0.0000   0.0000
    8.60    2.17900000   2.1790   1.5762   4.0203   4.2630   0.0000   0.0000
    8.60    2.40900000   2.4090   1.8006   4.0363   4.1480   0.0000   0.0000
    8.60    2.66300000   2.6630   2.0497   4.0335   3.9350   0.0000   0.0000
    8.60    2.79200000   2.7920   2.1825   4.0172   3.7600   0.0000   0.0000
    8.60    2.79300000   2.7930   2.1839   4.0172   3.7590   0.0000   0.0000
    8.60    2.79400000   2.7940   2.1855   4.0172   3.7580   0.0000   0.0000
    8.60    2.79500000   2.7950   2.1870   4.0172   3.7560   0.0000   0.0000
    8.60    2.79600000   2.7960   2.1885   4.0173   3.7550   0.0000   0.0000
    8.60    2.79700000   2.7970   2.1901   4.0174   3.7540   0.0000   0.0000
    8.60    2.79900000   2.7990   2.1918   4.0175   3.7540   0.0000   0.0000
    8.60    2.80000000   2.8000   2.1934   4.0177   3.7530   0.0000   0.0000
    8.60    2.80100000   2.8010   2.1952   4.0179   3.7520   0.0000   0.0000
    8.60    2.80200000   2.8020   2.1970   4.0182   3.7520   0.0000   0.0000
    8.60    2.80300000   2.8030   2.1988   4.0186   3.7520   0.0000   0.0000
    8.60    2.80400000   2.8040   2.2008   4.0190   3.7520   0.0000   0.0000
    8.60    2.80600000   2.8060   2.2029   4.0195   3.7520   0.0000   0.0000
    8.60    2.80700000   2.8070   2.2050   4.0201   3.7530   0.0000   0.0000
    8.60    2.80800000   2.8080   2.2073   4.0209   3.7540   0.0000   0.0000
    8.60    2.80900000   2.8090   2.2097   4.0218   3.7560   0.0000   0.0000
    8.60    2.81000000   2.8100   2.2124   4.0229   3.7580   0.0000   0.0000
    8.60    2.81100000   2.8110   2.2154   4.0242   3.7610   0.0000   0.0000
    8.60    2.81300000   2.8130   2.2187   4.0259   3.7640   0.0000   0.0000
    8.60    2.81400000   2.8140   2.2226   4.0281   3.7700   0.0000   0.0000
    8.60    2.81500000   2.8150   2.2270   4.0308   3.7770   0.0000   0.0000
    8.60    2.81600000   2.8160   2.2328   4.0346   3.7870   0.0000   0.0000
    8.60    2.81700000   2.8170   2.2418   4.0404   3.8030   0.0000   0.0000
    8.60    2.81800000   2.8180   2.2556   4.0488   3.8240   0.0000   0.0000
    8.60    2.82000000   2.8200   2.2833   4.0640   3.8600   0.0000   0.0000
    8.60    2.82100000   2.8210   2.2983   4.0449   3.7650   0.0000   0.0000
    8.60    2.82200000   2.8220   2.3087   4.0396   3.7320   0.0000   0.0000
    8.60    2.82300000   2.8230   2.3133   4.0374   3.7180   0.0000   0.0000
    8.60    2.82400000   2.8240   2.3173   4.0350   3.7040   0.0000   0.0000
    8.60    2.82600000   2.8260   2.3211   4.0323   3.6890   0.0000   0.0000
    8.60    2.82700000   2.8270   2.3249   4.0293   3.6730   0.0000   0.0000
    8.60    2.82800000   2.8280   2.3286   4.0261   3.6560   0.0000   0.0000
    8.60    2.82900000   2.8290   2.3323   4.0226   3.6370   0.0000   0.0000
    8.60    2.83000000   2.8300   2.3357   4.0183   3.6160   0.0000   0.0000
    8.60    2.83100000   2.8310   2.3390   4.0138   3.5940   0.0000   0.0000
    8.60    2.83300000   2.8330   2.3421   4.0081   3.5670   0.0000   0.0000
    8.60    2.83400000   2.8340   2.3450   4.0018   3.5380   0.0000   0.0000
    8.60    2.83500000   2.8350   2.3475   3.9937   3.5030   0.0000   0.0000
    8.60    2.83600000   2.8360   2.3492   3.9841   3.4610   0.0000   0.0000
    8.60    2.83700000   2.8370   2.3497   3.9713   3.4080   0.0000   0.0000
    8.60    2.83900000   2.8390   2.3483   3.9552   3.3430   0.0000   0.0000
    8.60    2.84000000   2.8400   2.3433   3.9332   3.2580   0.0000   0.0000
    8.60    2.84100000   2.8410   2.3320   3.9031   3.1460   0.0000   0.0000
    8.60    2.84200000   2.8420   2.3077   3.8589   2.9890   0.0000   0.0000
    8.60    2.84300000   2.8430   2.2532   3.7924   2.7730   0.0000   0.0000
    8.60    2.84400000   2.8440   2.1236   3.7317   2.6520   0.0000   0.0000
    8.60    2.84600000   2.8460   2.0719   3.7007   2.5770   0.0000   0.0000
    8.60    2.84700000   2.8470   2.1923   3.6860   2.3980   0.0000   0.0000
    8.60    2.84800000   2.8480   2.2957   3.6786   2.2640   0.0000   0.0000
    8.60    2.84900000   2.8490   2.3956   3.6692   2.1270   0.0000   0.0000
    8.60    2.85000000   2.8500   2.4920   3.6616   2.0010   0.0000   0.0000
    8.60    2.85200000   2.8510   2.5080   3.6611   1.9830   0.0000   0.0000
    8.60    2.85300000   2.8520   2.4783   3.6636   2.0220   0.0000   0.0000
    8.60    2.85400000   2.8530   2.4488   3.6660   2.0620   0.0000   0.0000
    8.60    2.85500000   2.8540   2.4243   3.6681   2.0950   0.0000   0.0000
    8.60    2.85600000   2.8550   2.4180   3.6688   2.1040   0.0000   0.0000
    8.60    2.85800000   2.8560   2.4116   3.6695   2.1130   0.0000   0.0000
    8.60    2.85900000   2.8570   2.4051   3.6702   2.1230   0.0000   0.0000
    8.60    2.86000000   2.8580   2.3978   3.6711   2.1340   0.0000   0.0000
    8.60    2.86100000   2.8590   2.3905   3.6719   2.1440   0.0000   0.0000
    8.60    2.86200000   2.8600   2.3835   3.6726   2.1550   0.0000   0.0000
    8.60    2.86400000   2.8610   2.3777   3.6733   2.1630   0.0000   0.0000
    8.60    2.86500000   2.8620   2.3719   3.6739   2.1720   0.0000   0.0000
    8.60    2.86600000   2.8630   2.3662   3.6745   2.1800   0.0000   0.0000
    8.60    2.86700000   2.8640   2.3596   3.6752   2.1900   0.0000   0.0000
    8.60    2.86800000   2.8650   2.3529   3.6759   2.1990   0.0000   0.0000
    8.60    2.87000000   2.8660   2.3462   3.6766   2.2090   0.0000   0.0000
    8.60    2.87100000   2.8670   2.3391   3.6773   2.2190   0.0000   0.0000
    8.60    2.87200000   2.8680   2.3317   3.6781   2.2300   0.0000   0.0000
    8.60    2.87300000   2.8690   2.3243   3.6789   2.2400   0.0000   0.0000
    8.60    2.87400000   2.8700   2.3167   3.6797   2.2510   0.0000   0.0000
    8.60    2.87600000   2.8710   2.3086   3.6804   2.2620   0.0000   0.0000
    8.60    2.87700000   2.8720   2.3006   3.6811   2.2730   0.0000   0.0000
    8.60    2.87800000   2.8730   2.2927   3.6818   2.2840   0.0000   0.0000
    8.60    2.87900000   2.8740   2.2851   3.6824   2.2940   0.0000   0.0000
    8.60    2.94400000   2.9330   2.3281   3.7196   2.4110   0.0000   0.0000
    8.60    3.01800000   2.9980   2.4800   3.7059   2.2140   0.0000   0.0000
# log(age) Mini Mact logl logt logg Composition Phase
    8.65    0.80000000   0.8000  -0.4161   3.7311   4.6340   0.0000   0.0000
    8.65    0.88400000   0.8840  -0.2092   3.7606   4.5890   0.0000   0.0000
    8.65    0.97800000   0.9780  -0.0001   3.7867   4.5280   0.0000   0.0000
    8.65    1.08100000   1.0810   0.2099   3.8102   4.4560   0.0000   0.0000
    8.65    1.19400000   1.1940   0.3949   3.8311   4.3980   0.0000   0.0000
    8.65    1.32000000   1.3200   0.5898   3.8596   4.3600   0.0000   0.0000
    8.65    1.46000000   1.4600   0.7868   3.8981   4.3610   0.0000   0.0000
    8.65    1.61300000   1.6130   0.9819   3.9337   4.3600   0.0000   0.0000
    8.65    1.78300000   1.7830   1.1786   3.9660   4.3540   0.0000   0.0000
    8.65    1.97100000   1.9710   1.3829   3.9942   4.3070   0.0000   0.0000
    8.65    2.17900000   2.1790   1.5962   4.0158   4.2260   0.0000   0.0000
    8.65    2.40900000   2.4090   1.8312   4.0261   4.0780   0.0000   0.0000
    8.65    2.66300000   2.6630   2.0978   4.0041   3.7720   0.0000   0.0000
    8.65    2.67300000   2.6730   2.1101   4.0033   3.7580   0.0000   0.0000
    8.65    2.67400000   2.6740   2.1116   4.0034   3.7570   0.0000   0.0000
    8.65    2.67500000   2.6750   2.1132   4.0034   3.7560   0.0000   0.0000
    8.65    2.67600000   2.6760   2.1147   4.0034   3.7550   0.0000   0.0000
    8.65    2.67700000   2.6770   2.1162   4.0035   3.7540   0.0000   0.0000
    8.65    2.67800000   2.6780   2.1179   4.0036   3.7530   0.0000   0.0000
    8.65    2.68000000   2.6800   2.1195   4.0038   3.7520   0.0000   0.0000
    8.65    2.68100000   2.6810   2.1213   4.0040   3.7520   0.0000   0.0000
    8.65    2.68200000   2.6820   2.1231   4.0043   3.7510   0.0000   0.0000
    8.65    2.68300000   2.6830   2.1249   4.0046   3.7510   0.0000   0.0000
    8.65    2.68400000   2.6840   2.1268   4.0050   3.7510   0.0000   0.0000
    8.65    2.68500000   2.6850   2.1288   4.0055   3.7510   0.0000   0.0000
    8.65    2.68600000   2.6860   2.1310   4.0061   3.7520   0.0000   0.0000
    8.65    2.68700000   2.6870   2.1333   4.0068   3.7530   0.0000   0.0000
    8.65    2.68900000   2.6890   2.1357   4.0077   3.7540   0.0000   0.0000
    8.65    2.69000000   2.6900   2.1384   4.0088   3.7570   0.0000   0.0000
    8.65    2.69100000   2.6910   2.1413   4.0101   3.7590   0.0000   0.0000
    8.65    2.69200000   2.6920   2.1447   4.0118   3.7630   0.0000   0.0000
    8.65    2.69300000   2.6930   2.1485   4.0139   3.7680   0.0000   0.0000
    8.65    2.69400000   2.6940   2.1531   4.0166   3.7750   0.0000   0.0000
    8.65    2.69500000   2.6950   2.1586   4.0202   3.7850   0.0000   0.0000
    8.65    2.69600000   2.6960   2.1672   4.0257   3.7990   0.0000   0.0000
    8.65    2.69800000   2.6980   2.1800   4.0336   3.8200   0.0000   0.0000
    8.65    2.69900000   2.6990   2.2085   4.0492   3.8560   0.0000   0.0000
    8.65    2.70000000   2.7000   2.2232   4.0330   3.7730   0.0000   0.0000
    8.65    2.70100000   2.7010   2.2351   4.0271   3.7370   0.0000   0.0000
    8.65    2.70200000   2.7020   2.2398   4.0246   3.7210   0.0000   0.0000
    8.65    2.70300000   2.7030   2.2437   4.0223   3.7080   0.0000   0.0000
    8.65    2.70400000   2.7040   2.2475   4.0198   3.6940   0.0000   0.0000
    8.65    2.70500000   2.7050   2.2512   4.0172   3.6790   0.0000   0.0000
    8.65    2.70700000   2.7070   2.2548   4.0138   3.6620   0.0000   0.0000
    8.65    2.70800000   2.7080   2.2583   4.0105   3.6440   0.0000   0.0000
    8.65    2.70900000   2.7090   2.2617   4.0070   3.6260   0.0000   0.0000
    8.65    2.71000000   2.7100   2.2649   4.0027   3.6050   0.0000   0.0000
    8.65    2.71100000   2.7110   2.2680   3.9978   3.5820   0.0000   0.0000
    8.65    2.71200000   2.7120   2.2708   3.9918   3.5550   0.0000   0.0000
    8.65    2.71300000   2.7130   2.2733   3.9851   3.5240   0.0000   0.0000
    8.65    2.71500000   2.7150   2.2754   3.9767   3.4880   0.0000   0.0000
    8.65    2.71600000   2.7160   2.2765   3.9665   3.4450   0.0000   0.0000
    8.65    2.71700000   2.7170   2.2763   3.9532   3.3900   0.0000   0.0000
    8.65    2.71800000   2.7180   2.2737   3.9366   3.3240   0.0000   0.0000
    8.65    2.71900000   2.7190   2.2672   3.9135   3.2360   0.0000   0.0000
    8.65    2.72000000   2.7200   2.2536   3.8817   3.1190   0.0000   0.0000
    8.65    2.72100000   2.7210   2.2255   3.8353   2.9580   0.0000   0.0000
    8.65    2.72200000   2.7220   2.1625   3.7726   2.7640   0.0000   0.0000
    8.65    2.72400000   2.7240   2.0270   3.7280   2.7140   0.0000   0.0000
    8.65    2.72500000   2.7250   2.0103   3.7012   2.6220   0.0000   0.0000
    8.65    2.72600000   2.7260   2.1187   3.6882   2.4610   0.0000   0.0000
    8.65    2.72700000   2.7270   2.2176   3.6812   2.3340   0.0000   0.0000
    8.65    2.72800000   2.7280   2.3130   3.6737   2.2090   0.0000   0.0000
    8.65    2.72900000   2.7290   2.4031   3.6657   2.0870   0.0000   0.0000
    8.65    2.73000000   2.7300   2.4949   3.6590   1.9690   0.0000   0.0000
    8.65    2.73200000   2.7300   2.4509   3.6628   2.0280   0.0000   0.0000
    8.65    2.73300000   2.7310   2.4086   3.6663   2.0840   0.0000   0.0000
    8.65    2.73400000   2.7320   2.3702   3.6695   2.1360   0.0000   0.0000
    8.65    2.73500000   2.7330   2.3632   3.6703   2.1460   0.0000   0.0000
    8.65    2.73600000   2.7340   2.3561   3.6711   2.1560   0.0000   0.0000
    8.65    2.73700000   2.7350   2.3476   3.6720   2.1690   0.0000   0.0000
    8.65    2.73800000   2.7360   2.3377   3.6730   2.1830   0.0000   0.0000
    8.65    2.74000000   2.7370   2.3281   3.6740   2.1970   0.0000   0.0000
    8.65    2.74100000   2.7380   2.3201   3.6747   2.2080   0.0000   0.0000
    8.65    2.74200000   2.7390   2.3122   3.6755   2.2190   0.0000   0.0000
    8.65    2.74300000   2.7400   2.3037   3.6763   2.2300   0.0000   0.0000
    8.65    2.74400000   2.7410   2.2946   3.6771   2.2430   0.0000   0.0000
    8.65    2.74500000   2.7420   2.2856   3.6779   2.2550   0.0000   0.0000
    8.65    2.74600000   2.7430   2.2759   3.6788   2.2690   0.0000   0.0000
    8.65    2.74800000   2.7440   2.2660   3.6797   2.2830   0.0000   0.0000
    8.65    2.74900000   2.7450   2.2559   3.6807   2.2970   0.0000   0.0000
    8.65    2.75000000   2.7460   2.2451   3.6816   2.3110   0.0000   0.0000
    8.65    2.75100000   2.7470   2.2342   3.6825   2.3260   0.0000   0.0000
    8.65    2.75200000   2.7480   2.2245   3.6833   2.3390   0.0000   0.0000
    8.65    2.75300000   2.7490   2.2150   3.6841   2.3520   0.0000   0.0000
    8.65    2.75400000   2.7500   2.2056   3.6848   2.3650   0.0000   0.0000
    8.65    2.75600000   2.7510   2.1961   3.6856   2.3770   0.0000   0.0000
    8.65    2.75700000   2.7520   2.1866   3.6864   2.3900   0.0000   0.0000
    8.65    2.75800000   2.7530   2.1760   3.6876   2.4060   0.0000   0.0000
    8.65    2.80000000   2.7920   2.1745   3.7162   2.5290   0.0000   0.0000
    8.65    2.87100000   2.8550   2.3443   3.7102   2.3460   0.0000   0.0000
    8.65    2.94400000   2.9160   2.5701   3.6656   1.9490   0.0000   0.0000
# log(age) Mini Mact logl logt logg Composition Phase
    8.70    0.80000000   0.8000  -0.4150   3.7312   4.6340   0.0000   0.0000
    8.70    0.88400000   0.8840  -0.2076   3.7607   4.5880   0.0000   0.0000
    8.70    0.97800000   0.9780   0.0020   3.7869   4.5270   0.0000   0.0000
    8.70    1.08100000   1.0810   0.2126   3.8104   4.4530   0.0000   0.0000
    8.70    1.19400000   1.1940   0.3985   3.8313   4.3950   0.0000   0.0000
    8.70    1.32000000   1.3200   0.5945   3.8599   4.3570   0.0000   0.0000
    8.70    1.46000000   1.4600   0.7925   3.8980   4.3550   0.0000   0.0000
    8.70    1.61300000   1.6130   0.9890   3.9328   4.3490   0.0000   0.0000
    8.70    1.78300000   1.7830   1.1888   3.9642   4.3370   0.0000   0.0000
    8.70    1.97100000   1.9710   1.3989   3.9914   4.2810   0.0000   0.0000
    8.70    2.17900000   2.1790   1.6195   4.0095   4.1780   0.0000   0.0000
    8.70    2.40900000   2.4090   1.8675   4.0104   3.9810   0.0000   0.0000
    8.70    2.55800000   2.5580   2.0364   3.9895   3.7580   0.0000   0.0000
    8.70    2.55900000   2.5590   2.0378   3.9895   3.7570   0.0000   0.0000
    8.70    2.56000000   2.5600   2.0393   3.9896   3.7560   0.0000   0.0000
    8.70    2.56100000   2.5610   2.0409   3.9896   3.7550   0.0000   0.0000
    8.70    2.56300000   2.5630   2.0424   3.9896   3.7530   0.0000   0.0000
    8.70    2.56400000   2.5640   2.0440   3.9897   3.7520   0.0000   0.0000
    8.70    2.56500000   2.5650   2.0456   3.9899   3.7520   0.0000   0.0000
    8.70    2.56600000   2.5660   2.0473   3.9901   3.7510   0.0000   0.0000
    8.70    2.56700000   2.5670   2.0491   3.9903   3.7510   0.0000   0.0000
    8.70    2.56800000   2.5680   2.0510   3.9907   3.7500   0.0000   0.0000
    8.70    2.56900000   2.5690   2.0528   3.9911   3.7500   0.0000   0.0000
    8.70    2.57000000   2.5700   2.0548   3.9915   3.7500   0.0000   0.0000
    8.70    2.57100000   2.5710   2.0570   3.9921   3.7510   0.0000   0.0000
    8.70    2.57200000   2.5720   2.0592   3.9928   3.7520   0.0000   0.0000
    8.70    2.57300000   2.5730   2.0617   3.9936   3.7530   0.0000   0.0000
    8.70    2.57400000   2.5740   2.0644   3.9947   3.7550   0.0000   0.0000
    8.70    2.57500000   2.5750   2.0672   3.9960   3.7580   0.0000   0.0000
    8.70    2.57600000   2.5760   2.0707   3.9976   3.7610   0.0000   0.0000
    8.70    2.57800000   2.5780   2.0743   3.9997   3.7670   0.0000   0.0000
    8.70    2.57900000   2.5790   2.0790   4.0023   3.7730   0.0000   0.0000
    8.70    2.58000000   2.5800   2.0844   4.0059   3.7830   0.0000   0.0000
    8.70    2.58100000   2.5810   2.0923   4.0110   3.7960   0.0000   0.0000
    8.70    2.58200000   2.5820   2.1046   4.0184   3.8150   0.0000   0.0000
    8.70    2.58300000   2.5830   2.1315   4.0333   3.8500   0.0000   0.0000
    8.70    2.58400000   2.5840   2.1454   4.0219   3.7880   0.0000   0.0000
    8.70    2.58500000   2.5850   2.1614   4.0148   3.7420   0.0000   0.0000
    8.70    2.58600000   2.5860   2.1664   4.0118   3.7250   0.0000   0.0000
    8.70    2.58700000   2.5870   2.1703   4.0098   3.7130   0.0000   0.0000
    8.70    2.58800000   2.5880   2.1740   4.0072   3.6980   0.0000   0.0000
    8.70    2.58900000   2.5890   2.1775   4.0045   3.6840   0.0000   0.0000
    8.70    2.59000000   2.5900   2.1810   4.0018   3.6690   0.0000   0.0000
    8.70    2.59200000   2.5920   2.1844   3.9985   3.6520   0.0000   0.0000
    8.70    2.59300000   2.5930   2.1877   3.9955   3.6360   0.0000   0.0000
    8.70    2.59400000   2.5940   2.1908   3.9913   3.6160   0.0000   0.0000
    8.70    2.59500000   2.5950   2.1939   3.9867   3.5940   0.0000   0.0000
    8.70    2.59600000   2.5960   2.1967   3.9820   3.5710   0.0000   0.0000
    8.70    2.59700000   2.5970   2.1992   3.9756   3.5420   0.0000   0.0000
    8.70    2.59800000   2.5980   2.2014   3.9690   3.5130   0.0000   0.0000
    8.70    2.59900000   2.5990   2.2029   3.9598   3.4730   0.0000   0.0000
    8.70    2.60000000   2.6000   2.2035   3.9496   3.4310   0.0000   0.0000
    8.70    2.60100000   2.6010   2.2024   3.9354   3.3730   0.0000   0.0000
    8.70    2.60200000   2.6020   2.1986   3.9178   3.3050   0.0000   0.0000
    8.70    2.60400000   2.6040   2.1907   3.8938   3.2140   0.0000   0.0000
    8.70    2.60500000   2.6050   2.1745   3.8604   3.0930   0.0000   0.0000
    8.70    2.60600000   2.6060   2.1416   3.8115   2.9270   0.0000   0.0000
    8.70    2.60700000   2.6070   2.0692   3.7577   2.7770   0.0000   0.0000
    8.70    2.60800000   2.6080   1.9350   3.7250   2.7750   0.0000   0.0000
    8.70    2.60900000   2.6090   1.9472   3.7019   2.6690   0.0000   0.0000
    8.70    2.61000000   2.6100   2.0461   3.6903   2.5230   0.0000   0.0000
    8.70    2.61100000   2.6110   2.1418   3.6836   2.4010   0.0000   0.0000
    8.70    2.61200000   2.6120   2.2338   3.6770   2.2830   0.0000   0.0000
    8.70    2.61300000   2.6130   2.3212   3.6696   2.1660   0.0000   0.0000
    8.70    2.61400000   2.6140   2.4068   3.6627   2.0530   0.0000   0.0000
    8.70    2.61500000   2.6140   2.4832   3.6574   1.9550   0.0000   0.0000
    8.70    2.61700000   2.6150   2.3793   3.6656   2.0920   0.0000   0.0000
    8.70    2.61800000   2.6160   2.3167   3.6709   2.1760   0.0000   0.0000
    8.70    2.61900000   2.6170   2.3082   3.6718   2.1880   0.0000   0.0000
    8.70    2.62000000   2.6180   2.3002   3.6727   2.2000   0.0000   0.0000
    8.70    2.62100000   2.6190   2.2867   3.6740   2.2190   0.0000   0.0000
    8.70    2.62200000   2.6200   2.2728   3.6754   2.2380   0.0000   0.0000
    8.70    2.62300000   2.6210   2.2611   3.6763   2.2540   0.0000   0.0000
    8.70    2.62400000   2.6220   2.2493   3.6772   2.2690   0.0000   0.0000
    8.70    2.62500000   2.6230   2.2364   3.6782   2.2870   0.0000   0.0000
    8.70    2.62600000   2.6240   2.2233   3.6793   2.3040   0.0000   0.0000
    8.70    2.62800000   2.6250   2.2094   3.6805   2.3230   0.0000   0.0000
    8.70    2.62900000   2.6260   2.1953   3.6817   2.3420   0.0000   0.0000
    8.70    2.63000000   2.6270   2.1802   3.6829   2.3620   0.0000   0.0000
    8.70    2.63100000   2.6280   2.1658   3.6840   2.3810   0.0000   0.0000
    8.70    2.63200000   2.6290   2.1532   3.6851   2.3980   0.0000   0.0000
    8.70    2.63300000   2.6300   2.1406   3.6861   2.4150   0.0000   0.0000
    8.70    2.63400000   2.6310   2.1278   3.6871   2.4320   0.0000   0.0000
    8.70    2.63500000   2.6320   2.1147   3.6883   2.4500   0.0000   0.0000
    8.70    2.63600000   2.6330   2.1006   3.6898   2.4700   0.0000   0.0000
    8.70    2.63700000   2.6340   2.0869   3.6912   2.4900   0.0000   0.0000
    8.70    2.63900000   2.6350   2.0739   3.6925   2.5080   0.0000   0.0000
    8.70    2.64000000   2.6360   2.0622   3.6936   2.5250   0.0000   0.0000
    8.70    2.64100000   2.6370   2.0509   3.6949   2.5410   0.0000   0.0000
    8.70    2.64200000   2.6380   2.0402   3.6962   2.5570   0.0000   0.0000
    8.70    2.66300000   2.6570   2.0173   3.7113   2.6450   0.0000   0.0000
    8.70    2.73000000   2.7190   2.1983   3.7119   2.4770   0.0000   0.0000
    8.70    2.80000000   2.7800   2.3315   3.6979   2.2960   0.0000   0.0000
# log(age) Mini Mact logl logt logg Composition Phase
    8.75    0.80000000   0.8000  -0.4136   3.7313   4.6330   0.0000   0.0000
    8.75    0.88400000   0.8840  -0.2060   3.7609   4.5870   0.0000   0.0000
    8.75    0.97800000   0.9780   0.0043   3.7870   4.5250   0.0000   0.0000
    8.75    1.08100000   1.0810   0.2158   3.8106   4.4510   0.0000   0.0000
    8.75    1.19400000   1.1940   0.4026   3.8315   4.3920   0.0000   0.0000
    8.75    1.32000000   1.3200   0.5998   3.8602   4.3530   0.0000   0.0000
    8.75    1.46000000   1.4600   0.7988   3.8979   4.3480   0.0000   0.0000
    8.75    1.61300000   1.6130   0.9977   3.9320   4.3370   0.0000   0.0000
    8.75    1.78300000   1.7830   1.2011   3.9626   4.3190   0.0000   0.0000
    8.75    1.97100000   1.9710   1.4172   3.9874   4.2480   0.0000   0.0000
    8.75    2.17900000   2.1790   1.6474   4.0007   4.1170   0.0000   0.0000
    8.75    2.40900000   2.4090   1.9101   3.9843   3.8360   0.0000   0.0000
    8.75    2.45000000   2.4500   1.9608   3.9764   3.7620   0.0000   0.0000
    8.75    2.45100000   2.4510   1.9623   3.9763   3.7610   0.0000   0.0000
    8.75    2.45200000   2.4520   1.9638   3.9762   3.7590   0.0000   0.0000
    8.75    2.45300000   2.4530   1.9653   3.9762   3.7580   0.0000   0.0000
    8.75    2.45400000   2.4540   1.9669   3.9762   3.7570   0.0000   0.0000
    8.75    2.45500000   2.4550   1.9685   3.9763   3.7550   0.0000   0.0000
    8.75    2.45600000   2.4560   1.9701   3.9763   3.7540   0.0000   0.0000
    8.75    2.45700000   2.4570   1.9717   3.9764   3.7530   0.0000   0.0000
    8.75    2.45800000   2.4580   1.9735   3.9766   3.7520   0.0000   0.0000
    8.75    2.45900000   2.4590   1.9753   3.9767   3.7520   0.0000   0.0000
    8.75    2.46000000   2.4600   1.9772   3.9770   3.7510   0.0000   0.0000
    8.75    2.46100000   2.4610   1.9791   3.9774   3.7510   0.0000   0.0000
    8.75    2.46200000   2.4620   1.9812   3.9778   3.7510   0.0000   0.0000
    8.75    2.46300000   2.4630   1.9834   3.9784   3.7510   0.0000   0.0000
    8.75    2.46400000   2.4640   1.9858   3.9791   3.7520   0.0000   0.0000
    8.75    2.46500000   2.4650   1.9882   3.9799   3.7530   0.0000   0.0000
    8.75    2.46600000   2.4660   1.9911   3.9810   3.7550   0.0000   0.0000
    8.75    2.46700000   2.4670   1.9941   3.9823   3.7580   0.0000   0.0000
    8.75    2.46800000   2.4680   1.9978   3.9841   3.7620   0.0000   0.0000
    8.75    2.46900000   2.4690   2.0017   3.9863   3.7670   0.0000   0.0000
    8.75    2.47000000   2.4700   2.0069   3.9892   3.7740   0.0000   0.0000
    8.75    2.47100000   2.4710   2.0129   3.9932   3.7850   0.0000   0.0000
    8.75    2.47200000   2.4720   2.0231   3.9995   3.8020   0.0000   0.0000
    8.75    2.47300000   2.4730   2.0395   4.0092   3.8260   0.0000   0.0000
    8.75    2.47400000   2.4740   2.0639   4.0204   3.8480   0.0000   0.0000
    8.75    2.47500000   2.4750   2.0843   4.0043   3.7600   0.0000   0.0000
    8.75    2.47600000   2.4760   2.0918   4.0002   3.7350   0.0000   0.0000
    8.75    2.47700000   2.4770   2.0961   3.9981   3.7220   0.0000   0.0000
    8.75    2.47800000   2.4780   2.1000   3.9954   3.7070   0.0000   0.0000
    8.75    2.47900000   2.4790   2.1037   3.9925   3.6910   0.0000   0.0000
    8.75    2.48000000   2.4800   2.1073   3.9902   3.6780   0.0000   0.0000
    8.75    2.48100000   2.4810   2.1108   3.9868   3.6600   0.0000   0.0000
    8.75    2.48200000   2.4820   2.1142   3.9832   3.6420   0.0000   0.0000
    8.75    2.48400000   2.4840   2.1174   3.9799   3.6250   0.0000   0.0000
    8.75    2.48500000   2.4850   2.1205   3.9752   3.6030   0.0000   0.0000
    8.75    2.48600000   2.4860   2.1234   3.9709   3.5820   0.0000   0.0000
    8.75    2.48700000   2.4870   2.1260   3.9645   3.5530   0.0000   0.0000
    8.75    2.48800000   2.4880   2.1282   3.9572   3.5210   0.0000   0.0000
    8.75    2.48900000   2.4890   2.1299   3.9492   3.4860   0.0000   0.0000
    8.75    2.49000000   2.4900   2.1306   3.9389   3.4420   0.0000   0.0000
    8.75    2.49100000   2.4910   2.1297   3.9256   3.3880   0.0000   0.0000
    8.75    2.49200000   2.4920   2.1262   3.9088   3.3230   0.0000   0.0000
    8.75    2.49300000   2.4930   2.1185   3.8851   3.2330   0.0000   0.0000
    8.75    2.49400000   2.4940   2.1028   3.8525   3.1150   0.0000   0.0000
    8.75    2.49500000   2.4950   2.0711   3.8051   2.9530   0.0000   0.0000
    8.75    2.49600000   2.4960   2.0008   3.7548   2.8140   0.0000   0.0000
    8.75    2.49700000   2.4970   1.8677   3.7267   2.8300   0.0000   0.0000
    8.75    2.49800000   2.4980   1.8741   3.7048   2.7340   0.0000   0.0000
    8.75    2.49900000   2.4990   1.9691   3.6929   2.5920   0.0000   0.0000
    8.75    2.50000000   2.5000   2.0669   3.6858   2.4660   0.0000   0.0000
    8.75    2.50100000   2.5010   2.1561   3.6798   2.3520   0.0000   0.0000
    8.75    2.50200000   2.5020   2.2406   3.6734   2.2420   0.0000   0.0000
    8.75    2.50300000   2.5030   2.3228   3.6664   2.1320   0.0000   0.0000
    8.75    2.50400000   2.5030   2.4083   3.6602   2.0220   0.0000   0.0000
    8.75    2.50500000   2.5040   2.3758   3.6628   2.0650   0.0000   0.0000
    8.75    2.50600000   2.5050   2.2734   3.6714   2.2020   0.0000   0.0000
    8.75    2.50700000   2.5060   2.2530   3.6733   2.2310   0.0000   0.0000
    8.75    2.50900000   2.5070   2.2402   3.6747   2.2490   0.0000   0.0000
    8.75    2.51000000   2.5080   2.2180   3.6767   2.2790   0.0000   0.0000
    8.75    2.51100000   2.5090   2.1985   3.6780   2.3040   0.0000   0.0000
    8.75    2.51200000   2.5090   2.1782   3.6794   2.3300   0.0000   0.0000
    8.75    2.51300000   2.5100   2.1569   3.6810   2.3580   0.0000   0.0000
    8.75    2.51400000   2.5110   2.1347   3.6827   2.3870   0.0000   0.0000
    8.75    2.51500000   2.5120   2.1129   3.6843   2.4160   0.0000   0.0000
    8.75    2.51600000   2.5130   2.0931   3.6860   2.4420   0.0000   0.0000
    8.75    2.51700000   2.5140   2.0746   3.6875   2.4670   0.0000   0.0000
    8.75    2.51800000   2.5150   2.0563   3.6888   2.4910   0.0000   0.0000
    8.75    2.51900000   2.5160   2.0387   3.6905   2.5160   0.0000   0.0000
    8.75    2.52000000   2.5170   2.0214   3.6922   2.5400   0.0000   0.0000
    8.75    2.52100000   2.5180   2.0046   3.6939   2.5630   0.0000   0.0000
    8.75    2.52200000   2.5190   1.9892   3.6952   2.5840   0.0000   0.0000
    8.75    2.52300000   2.5200   1.9748   3.6967   2.6050   0.0000   0.0000
    8.75    2.52400000   2.5210   1.9613   3.6984   2.6250   0.0000   0.0000
    8.75    2.52500000   2.5220   1.9498   3.6993   2.6410   0.0000   0.0000
    8.75    2.52600000   2.5230   1.9394   3.7004   2.6560   0.0000   0.0000
    8.75    2.52700000   2.5240   1.9299   3.7016   2.6700   0.0000   0.0000
    8.75    2.52900000   2.5250   1.9212   3.7028   2.6840   0.0000   0.0000
    8.75    2.53000000   2.5260   1.9145   3.7037   2.6950   0.0000   0.0000
    8.75    2.53300000   2.5290   1.9027   3.7066   2.7190   0.0000   0.0000
    8.75    2.59700000   2.5890   2.0508   3.7127   2.6060   0.0000   0.0000
    8.75    2.66300000   2.6480   2.2041   3.7056   2.4340   0.0000   0.0000
# log(age) Mini Mact logl logt logg Composition Phase
    8.80    0.80000000   0.8000  -0.4122   3.7315   4.6320   0.0000   0.0000
    8.80    0.88400000   0.8840  -0.2040   3.7611   4.5860   0.0000   0.0000
    8.80    0.97800000   0.9780   0.0069   3.7872   4.5230   0.0000   0.0000
    8.80    1.08100000   1.0810   0.2194   3.8108   4.4480   0.0000   0.0000
    8.80    1.19400000   1.1940   0.4073   3.8318   4.3880   0.0000   0.0000
    8.80    1.32000000   1.3200   0.6058   3.8606   4.3480   0.0000   0.0000
    8.80    1.46000000   1.4600   0.8059   3.8975   4.3390   0.0000   0.0000
    8.80    1.61300000   1.6130   1.0076   3.9308   4.3230   0.0000   0.0000
    8.80    1.78300000   1.7830   1.2155   3.9603   4.2960   0.0000   0.0000
    8.80    1.97100000   1.9710   1.4387   3.9822   4.2070   0.0000   0.0000
    8.80    2.17900000   2.1790   1.6802   3.9873   4.0330   0.0000   0.0000
    8.80    2.35000000   2.3500   1.8891   3.9636   3.7660   0.0000   0.0000
    8.80    2.35100000   2.3510   1.8906   3.9636   3.7640   0.0000   0.0000
    8.80    2.35200000   2.3520   1.8920   3.9635   3.7630   0.0000   0.0000
    8.80    2.35300000   2.3530   1.8935   3.9634   3.7610   0.0000   0.0000
    8.80    2.35400000   2.3540   1.8951   3.9635   3.7600   0.0000   0.0000
    8.80    2.35500000   2.3550   1.8967   3.9635   3.7590   0.0000   0.0000
    8.80    2.35600000   2.3560   1.8983   3.9635   3.7570   0.0000   0.0000
    8.80    2.35700000   2.3570   1.8999   3.9636   3.7560   0.0000   0.0000
    8.80    2.35800000   2.3580   1.9017   3.9638   3.7560   0.0000   0.0000
    8.80    2.35900000   2.3590   1.9035   3.9640   3.7550   0.0000   0.0000
    8.80    2.36000000   2.3600   1.9054   3.9642   3.7540   0.0000   0.0000
    8.80    2.36100000   2.3610   1.9073   3.9646   3.7540   0.0000   0.0000
    8.80    2.36200000   2.3620   1.9094   3.9650   3.7540   0.0000   0.0000
    8.80    2.36300000   2.3630   1.9115   3.9655   3.7540   0.0000   0.0000
    8.80    2.36400000   2.3640   1.9140   3.9662   3.7550   0.0000   0.0000
    8.80    2.36500000   2.3650   1.9164   3.9670   3.7560   0.0000   0.0000
    8.80    2.36600000   2.3660   1.9193   3.9681   3.7580   0.0000   0.0000
    8.80    2.36700000   2.3670   1.9223   3.9694   3.7610   0.0000   0.0000
    8.80    2.36800000   2.3680   1.9260   3.9711   3.7640   0.0000   0.0000
    8.80    2.36900000   2.3690   1.9300   3.9733   3.7700   0.0000   0.0000
    8.80    2.37000000   2.3700   1.9352   3.9763   3.7770   0.0000   0.0000
    8.80    2.37100000   2.3710   1.9414   3.9802   3.7870   0.0000   0.0000
    8.80    2.37200000   2.3720   1.9518   3.9866   3.8040   0.0000   0.0000
    8.80    2.37300000   2.3730   1.9689   3.9966   3.8290   0.0000   0.0000
    8.80    2.37400000   2.3740   1.9939   4.0072   3.8480   0.0000   0.0000
    8.80    2.37500000   2.3750   2.0134   3.9917   3.7630   0.0000   0.0000
    8.80    2.37600000   2.3760   2.0207   3.9878   3.7390   0.0000   0.0000
    8.80    2.37700000   2.3770   2.0248   3.9856   3.7260   0.0000   0.0000
    8.80    2.37800000   2.3780   2.0286   3.9833   3.7120   0.0000   0.0000
    8.80    2.37900000   2.3790   2.0323   3.9805   3.6970   0.0000   0.0000
    8.80    2.38000000   2.3800   2.0358   3.9784   3.6850   0.0000   0.0000
    8.80    2.38100000   2.3810   2.0392   3.9752   3.6680   0.0000   0.0000
    8.80    2.38200000   2.3820   2.0426   3.9717   3.6510   0.0000   0.0000
    8.80    2.38300000   2.3830   2.0457   3.9688   3.6350   0.0000   0.0000
    8.80    2.38400000   2.3840   2.0488   3.9644   3.6140   0.0000   0.0000
    8.80    2.38500000   2.3850   2.0517   3.9597   3.5920   0.0000   0.0000
    8.80    2.38600000   2.3860   2.0544   3.9548   3.5690   0.0000   0.0000
    8.80    2.38700000   2.3870   2.0567   3.9483   3.5390   0.0000   0.0000
    8.80    2.38800000   2.3880   2.0586   3.9414   3.5090   0.0000   0.0000
    8.80    2.38900000   2.3890   2.0598   3.9319   3.4690   0.0000   0.0000
    8.80    2.39000000   2.3900   2.0598   3.9214   3.4250   0.0000   0.0000
    8.80    2.39100000   2.3910   2.0579   3.9066   3.3660   0.0000   0.0000
    8.80    2.39200000   2.3920   2.0531   3.8884   3.2960   0.0000   0.0000
    8.80    2.39300000   2.3930   2.0431   3.8636   3.2040   0.0000   0.0000
    8.80    2.39400000   2.3940   2.0240   3.8306   3.0870   0.0000   0.0000
    8.80    2.39500000   2.3950   1.9855   3.7861   2.9430   0.0000   0.0000
    8.80    2.39600000   2.3960   1.9025   3.7469   2.8620   0.0000   0.0000
    8.80    2.39700000   2.3970   1.7834   3.7231   2.8810   0.0000   0.0000
    8.80    2.39800000   2.3980   1.8081   3.7069   2.7910   0.0000   0.0000
    8.80    2.39900000   2.3990   1.8837   3.6972   2.6770   0.0000   0.0000
    8.80    2.40000000   2.4000   1.9611   3.6902   2.5710   0.0000   0.0000
    8.80    2.40100000   2.4010   2.0352   3.6850   2.4760   0.0000   0.0000
    8.80    2.40200000   2.4010   2.1124   3.6797   2.3780   0.0000   0.0000
    8.80    2.40300000   2.4020   2.1897   3.6743   2.2800   0.0000   0.0000
    8.80    2.40400000   2.4030   2.2493   3.6701   2.2030   0.0000   0.0000
    8.80    2.40500000   2.4030   2.2840   3.6671   2.1560   0.0000   0.0000
    8.80    2.40600000   2.4040   2.3576   3.6610   2.0580   0.0000   0.0000
    8.80    2.40700000   2.4040   2.4395   3.6555   1.9550   0.0000   0.0000
    8.80    2.40800000   2.4030   2.5035   3.6506   1.8710   0.0000   0.0000
    8.80    2.40900000   2.4030   2.3968   3.6590   2.0110   0.0000   0.0000
    8.80    2.41000000   2.4040   2.3612   3.6623   2.0600   0.0000   0.0000
    8.80    2.41100000   2.4050   2.3401   3.6643   2.0890   0.0000   0.0000
    8.80    2.41200000   2.4050   2.3143   3.6662   2.1230   0.0000   0.0000
    8.80    2.41300000   2.4060   2.2882   3.6680   2.1570   0.0000   0.0000
    8.80    2.41400000   2.4070   2.2599   3.6701   2.1930   0.0000   0.0000
    8.80    2.41500000   2.4080   2.2318   3.6722   2.2300   0.0000   0.0000
    8.80    2.41600000   2.4090   2.2064   3.6744   2.2640   0.0000   0.0000
    8.80    2.41700000   2.4100   2.1820   3.6762   2.2960   0.0000   0.0000
    8.80    2.41800000   2.4110   2.1590   3.6783   2.3280   0.0000   0.0000
    8.80    2.41900000   2.4120   2.1366   3.6804   2.3590   0.0000   0.0000
    8.80    2.42000000   2.4130   2.1154   3.6822   2.3880   0.0000   0.0000
    8.80    2.42100000   2.4140   2.0960   3.6843   2.4150   0.0000   0.0000
    8.80    2.42200000   2.4150   2.0787   3.6860   2.4400   0.0000   0.0000
    8.80    2.42300000   2.4160   2.0635   3.6874   2.4610   0.0000   0.0000
    8.80    2.42400000   2.4170   2.0497   3.6890   2.4810   0.0000   0.0000
    8.80    2.42500000   2.4180   2.0375   3.6904   2.4990   0.0000   0.0000
    8.80    2.42600000   2.4190   2.0279   3.6917   2.5140   0.0000   0.0000
    8.80    2.42700000   2.4200   2.0207   3.6930   2.5270   0.0000   0.0000
    8.80    2.42800000   2.4210   2.0147   3.6943   2.5380   0.0000   0.0000
    8.80    2.42900000   2.4220   2.0106   3.6954   2.5470   0.0000   0.0000
    8.80    2.43000000   2.4230   2.0077   3.6966   2.5550   0.0000   0.0000
    8.80    2.43100000   2.4240   2.0056   3.6975   2.5610   0.0000   0.0000
    8.80    2.43200000   2.4250   2.0045   3.6983   2.5650   0.0000   0.0000
    8.80    2.47000000   2.4630   1.9884   3.7070   2.6230   0.0000   0.0000
    8.80    2.53300000   2.5220   2.0643   3.7095   2.5680   0.0000   0.0000
    8.80    2.59700000   2.5780   2.2195   3.6952   2.3650   0.0000   0.0000
# log(age) Mini Mact logl logt logg Composition Phase
    8.85    0.80000000   0.8000  -0.4106   3.7316   4.6310   0.0000   0.0000
    8.85    0.88400000   0.8840  -0.2019   3.7613   4.5850   0.0000   0.0000
    8.85    0.97800000   0.9780   0.0099   3.7874   4.5210   0.0000   0.0000
    8.85    1.08100000   1.0810   0.2234   3.8110   4.4450   0.0000   0.0000
    8.85    1.19400000   1.1940   0.4125   3.8321   4.3840   0.0000   0.0000
    8.85    1.32000000   1.3200   0.6126   3.8609   4.3430   0.0000   0.0000
    8.85    1.46000000   1.4600   0.8140   3.8970   4.3290   0.0000   0.0000
    8.85    1.61300000   1.6130   1.0186   3.9292   4.3060   0.0000   0.0000
    8.85    1.78300000   1.7830   1.2320   3.9574   4.2690   0.0000   0.0000
    8.85    1.97100000   1.9710   1.4635   3.9746   4.1530   0.0000   0.0000
    8.85    2.17900000   2.1790   1.7184   3.9661   3.9120   0.0000   0.0000
    8.85    2.25500000   2.2550   1.8173   3.9509   3.7690   0.0000   0.0000
    8.85    2.25600000   2.2560   1.8188   3.9508   3.7670   0.0000   0.0000
    8.85    2.25700000   2.2570   1.8203   3.9507   3.7660   0.0000   0.0000
    8.85    2.25800000   2.2580   1.8218   3.9507   3.7640   0.0000   0.0000
    8.85    2.25900000   2.2590   1.8233   3.9507   3.7630   0.0000   0.0000
    8.85    2.26000000   2.2600   1.8249   3.9507   3.7620   0.0000   0.0000
    8.85    2.26100000   2.2610   1.8265   3.9508   3.7610   0.0000   0.0000
    8.85    2.26200000   2.2620   1.8281   3.9508   3.7600   0.0000   0.0000
    8.85    2.26300000   2.2630   1.8299   3.9510   3.7590   0.0000   0.0000
    8.85    2.26400000   2.2640   1.8317   3.9512   3.7580   0.0000   0.0000
    8.85    2.26500000   2.2650   1.8336   3.9514   3.7570   0.0000   0.0000
    8.85    2.26600000   2.2660   1.8355   3.9518   3.7570   0.0000   0.0000
    8.85    2.26600000   2.2660   1.8376   3.9522   3.7570   0.0000   0.0000
    8.85    2.26700000   2.2670   1.8397   3.9527   3.7570   0.0000   0.0000
    8.85    2.26800000   2.2680   1.8421   3.9534   3.7580   0.0000   0.0000
    8.85    2.26900000   2.2690   1.8446   3.9541   3.7590   0.0000   0.0000
    8.85    2.27000000   2.2700   1.8475   3.9552   3.7610   0.0000   0.0000
    8.85    2.27100000   2.2710   1.8506   3.9565   3.7630   0.0000   0.0000
    8.85    2.27200000   2.2720   1.8542   3.9582   3.7670   0.0000   0.0000
    8.85    2.27300000   2.2730   1.8583   3.9604   3.7720   0.0000   0.0000
    8.85    2.27400000   2.2740   1.8636   3.9633   3.7790   0.0000   0.0000
    8.85    2.27500000   2.2750   1.8698   3.9672   3.7900   0.0000   0.0000
    8.85    2.27600000   2.2760   1.8804   3.9736   3.8060   0.0000   0.0000
    8.85    2.27700000   2.2770   1.8984   3.9840   3.8320   0.0000   0.0000
    8.85    2.27800000   2.2780   1.9239   3.9940   3.8480   0.0000   0.0000
    8.85    2.27900000   2.2790   1.9426   3.9790   3.7660   0.0000   0.0000
    8.85    2.28000000   2.2800   1.9496   3.9754   3.7430   0.0000   0.0000
    8.85    2.28100000   2.2810   1.9536   3.9732   3.7300   0.0000   0.0000
    8.85    2.28200000   2.2820   1.9573   3.9711   3.7180   0.0000   0.0000
    8.85    2.28300000   2.2830   1.9609   3.9684   3.7030   0.0000   0.0000
    8.85    2.28400000   2.2840   1.9643   3.9663   3.6910   0.0000   0.0000
    8.85    2.28500000   2.2850   1.9677   3.9634   3.6750   0.0000   0.0000
    8.85    2.28500000   2.2850   1.9710   3.9601   3.6590   0.0000   0.0000
    8.85    2.28600000   2.2860   1.9741   3.9574   3.6440   0.0000   0.0000
    8.85    2.28700000   2.2870   1.9772   3.9534   3.6240   0.0000   0.0000
    8.85    2.28800000   2.2880   1.9800   3.9492   3.6040   0.0000   0.0000
    8.85    2.28900000   2.2890   1.9828   3.9447   3.5830   0.0000   0.0000
    8.85    2.29000000   2.2900   1.9852   3.9390   3.5570   0.0000   0.0000
    8.85    2.29100000   2.2910   1.9872   3.9322   3.5260   0.0000   0.0000
    8.85    2.29200000   2.2920   1.9887   3.9247   3.4940   0.0000   0.0000
    8.85    2.29300000   2.2930   1.9893   3.9148   3.4520   0.0000   0.0000
    8.85    2.29400000   2.2940   1.9885   3.9030   3.4040   0.0000   0.0000
    8.85    2.29500000   2.2950   1.9855   3.8878   3.3450   0.0000   0.0000
    8.85    2.29600000   2.2960   1.9791   3.8676   3.2680   0.0000   0.0000
    8.85    2.29700000   2.2970   1.9666   3.8421   3.1750   0.0000   0.0000
    8.85    2.29800000   2.2980   1.9436   3.8099   3.0650   0.0000   0.0000
    8.85    2.29900000   2.2990   1.8969   3.7716   2.9530   0.0000   0.0000
    8.85    2.30000000   2.3000   1.8067   3.7405   2.9130   0.0000   0.0000
    8.85    2.30100000   2.3010   1.7135   3.7203   2.9220   0.0000   0.0000
    8.85    2.30200000   2.3020   1.7445   3.7080   2.8420   0.0000   0.0000
    8.85    2.30300000   2.3030   1.8101   3.6995   2.7420   0.0000   0.0000
    8.85    2.30400000   2.3040   1.8796   3.6936   2.6490   0.0000   0.0000
    8.85    2.30500000   2.3040   1.9481   3.6881   2.5580   0.0000   0.0000
    8.85    2.30600000   2.3050   2.0109   3.6838   2.4790   0.0000   0.0000
    8.85    2.30700000   2.3060   2.0751   3.6797   2.3980   0.0000   0.0000
    8.85    2.30800000   2.3070   2.1453   3.6746   2.3070   0.0000   0.0000
    8.85    2.30900000   2.3070   2.2140   3.6697   2.2190   0.0000   0.0000
    8.85    2.30900000   2.3080   2.2649   3.6663   2.1550   0.0000   0.0000
    8.85    2.31000000   2.3080   2.2543   3.6669   2.1680   0.0000   0.0000
    8.85    2.31100000   2.3090   2.2995   3.6633   2.1080   0.0000   0.0000
    8.85    2.31200000   2.3090   2.3679   3.6578   2.0180   0.0000   0.0000
    8.85    2.31300000   2.3090   2.4436   3.6528   1.9220   0.0000   0.0000
    8.85    2.31400000   2.3090   2.5234   3.6475   1.8210   0.0000   0.0000
    8.85    2.31500000   2.3060   2.5703   3.6427   1.7540   0.0000   0.0000
    8.85    2.31600000   2.3050   2.4899   3.6493   1.8610   0.0000   0.0000
    8.85    2.31700000   2.3060   2.4751   3.6509   1.8820   0.0000   0.0000
    8.85    2.31800000   2.3070   2.4487   3.6530   1.9180   0.0000   0.0000
    8.85    2.31900000   2.3080   2.4227   3.6548   1.9510   0.0000   0.0000
    8.85    2.32000000   2.3090   2.3942   3.6570   1.9880   0.0000   0.0000
    8.85    2.32100000   2.3100   2.3675   3.6591   2.0240   0.0000   0.0000
    8.85    2.32200000   2.3110   2.3430   3.6609   2.0560   0.0000   0.0000
    8.85    2.32300000   2.3120   2.3199   3.6631   2.0880   0.0000   0.0000
    8.85    2.32400000   2.3130   2.2979   3.6651   2.1180   0.0000   0.0000
    8.85    2.32500000   2.3140   2.2779   3.6670   2.1460   0.0000   0.0000
    8.85    2.32600000   2.3150   2.2603   3.6688   2.1710   0.0000   0.0000
    8.85    2.32700000   2.3160   2.2455   3.6702   2.1920   0.0000   0.0000
    8.85    2.32800000   2.3160   2.2321   3.6718   2.2110   0.0000   0.0000
    8.85    2.32900000   2.3170   2.2219   3.6731   2.2270   0.0000   0.0000
    8.85    2.33000000   2.3180   2.2145   3.6744   2.2400   0.0000   0.0000
    8.85    2.33100000   2.3190   2.2089   3.6756   2.2510   0.0000   0.0000
    8.85    2.33200000   2.3200   2.2056   3.6768   2.2590   0.0000   0.0000
    8.85    2.33300000   2.3210   2.2032   3.6778   2.2650   0.0000   0.0000
    8.85    2.33400000   2.3220   2.2021   3.6786   2.2700   0.0000   0.0000
    8.85    2.33500000   2.3230   2.2015   3.6793   2.2730   0.0000   0.0000
    8.85    2.33600000   2.3240   2.2010   3.6798   2.2760   0.0000   0.0000
    8.85    2.33700000   2.3250   2.2004   3.6802   2.2780   0.0000   0.0000
    8.85    2.33800000   2.3260   2.1999   3.6806   2.2810   0.0000   0.0000
    8.85    2.33900000   2.3270   2.1998   3.6809   2.2820   0.0000   0.0000
    8.85    2.34900000   2.3380   2.1951   3.6835   2.2990   0.0000   0.0000
    8.85    2.40900000   2.3960   2.1781   3.6926   2.3640   0.0000   0.0000
    8.85    2.47000000   2.4550   2.1619   3.6975   2.4100   0.0000   0.0000
# log(age) Mini Mact logl logt logg Composition Phase
    8.90    0.80000000   0.8000  -0.4089   3.7318   4.6300   0.0000   0.0000
    8.90    0.88400000   0.8840  -0.1996   3.7615   4.5830   0.0000   0.0000
    8.90    0.97800000   0.9780   0.0131   3.7877   4.5190   0.0000   0.0000
    8.90    1.08100000   1.0810   0.2278   3.8113   4.4420   0.0000   0.0000
    8.90    1.19400000   1.1940   0.4185   3.8324   4.3790   0.0000   0.0000
    8.90    1.32000000   1.3200   0.6202   3.8612   4.3360   0.0000   0.0000
    8.90    1.46000000   1.4600   0.8231   3.8962   4.3170   0.0000   0.0000
    8.90    1.61300000   1.6130   1.0317   3.9272   4.2850   0.0000   0.0000
    8.90    1.78300000   1.7830   1.2515   3.9533   4.2340   0.0000   0.0000
    8.90    1.97100000   1.9710   1.4935   3.9635   4.0800   0.0000   0.0000
    8.90    2.16400000   2.1640   1.7455   3.9381   3.7720   0.0000   0.0000
    8.90    2.16500000   2.1650   1.7470   3.9381   3.7710   0.0000   0.0000
    8.90    2.16600000   2.1660   1.7485   3.9380   3.7690   0.0000   0.0000
    8.90    2.16700000   2.1670   1.7500   3.9379   3.7680   0.0000   0.0000
    8.90    2.16700000   2.1670   1.7516   3.9379   3.7660   0.0000   0.0000
    8.90    2.16800000   2.1680   1.7532   3.9380   3.7650   0.0000   0.0000
    8.90    2.16900000   2.1690   1.7547   3.9380   3.7640   0.0000   0.0000
    8.90    2.17000000   2.1700   1.7563   3.9380   3.7630   0.0000   0.0000
    8.90    2.17100000   2.1710   1.7581   3.9382   3.7620   0.0000   0.0000
    8.90    2.17200000   2.1720   1.7599   3.9384   3.7610   0.0000   0.0000
    8.90    2.17300000   2.1730   1.7618   3.9386   3.7600   0.0000   0.0000
    8.90    2.17400000   2.1740   1.7637   3.9389   3.7600   0.0000   0.0000
    8.90    2.17500000   2.1750   1.7658   3.9393   3.7600   0.0000   0.0000
    8.90    2.17600000   2.1760   1.7679   3.9398   3.7600   0.0000   0.0000
    8.90    2.17700000   2.1770   1.7703   3.9405   3.7610   0.0000   0.0000
    8.90    2.17700000   2.1770   1.7728   3.9413   3.7620   0.0000   0.0000
    8.90    2.17800000   2.1780   1.7757   3.9423   3.7640   0.0000   0.0000
    8.90    2.17900000   2.1790   1.7788   3.9436   3.7660   0.0000   0.0000
    8.90    2.18000000   2.1800   1.7824   3.9452   3.7700   0.0000   0.0000
    8.90    2.18100000   2.1810   1.7865   3.9474   3.7750   0.0000   0.0000
    8.90    2.18200000   2.1820   1.7919   3.9503   3.7820   0.0000   0.0000
    8.90    2.18300000   2.1830   1.7983   3.9543   3.7920   0.0000   0.0000
    8.90    2.18400000   2.1840   1.8089   3.9605   3.8080   0.0000   0.0000
    8.90    2.18500000   2.1850   1.8278   3.9714   3.8340   0.0000   0.0000
    8.90    2.18600000   2.1860   1.8540   3.9808   3.8480   0.0000   0.0000
    8.90    2.18700000   2.1870   1.8719   3.9663   3.7680   0.0000   0.0000
    8.90    2.18700000   2.1870   1.8785   3.9630   3.7470   0.0000   0.0000
    8.90    2.18800000   2.1880   1.8824   3.9608   3.7340   0.0000   0.0000
    8.90    2.18900000   2.1890   1.8861   3.9589   3.7230   0.0000   0.0000
    8.90    2.19000000   2.1900   1.8895   3.9564   3.7090   0.0000   0.0000
    8.90    2.19100000   2.1910   1.8929   3.9542   3.6960   0.0000   0.0000
    8.90    2.19200000   2.1920   1.8963   3.9516   3.6820   0.0000   0.0000
    8.90    2.19300000   2.1930   1.8994   3.9485   3.6660   0.0000   0.0000
    8.90    2.19400000   2.1940   1.9026   3.9458   3.6520   0.0000   0.0000
    8.90    2.19500000   2.1950   1.9056   3.9423   3.6340   0.0000   0.0000
    8.90    2.19600000   2.1960   1.9085   3.9385   3.6160   0.0000   0.0000
    8.90    2.19700000   2.1970   1.9112   3.9339   3.5940   0.0000   0.0000
    8.90    2.19800000   2.1980   1.9136   3.9291   3.5720   0.0000   0.0000
    8.90    2.19800000   2.1980   1.9158   3.9230   3.5440   0.0000   0.0000
    8.90    2.19900000   2.1990   1.9175   3.9164   3.5150   0.0000   0.0000
    8.90    2.20000000   2.2000   1.9186   3.9076   3.4780   0.0000   0.0000
    8.90    2.20100000   2.2010   1.9185   3.8980   3.4380   0.0000   0.0000
    8.90    2.20200000   2.2020   1.9168   3.8845   3.3840   0.0000   0.0000
    8.90    2.20300000   2.2030   1.9126   3.8684   3.3220   0.0000   0.0000
    8.90    2.20400000   2.2040   1.9043   3.8471   3.2420   0.0000   0.0000
    8.90    2.20500000   2.2050   1.8893   3.8214   3.1510   0.0000   0.0000
    8.90    2.20600000   2.2060   1.8611   3.7913   3.0530   0.0000   0.0000
    8.90    2.20700000   2.2070   1.8081   3.7602   2.9760   0.0000   0.0000
    8.90    2.20800000   2.2080   1.7130   3.7363   2.9710   0.0000   0.0000
    8.90    2.20900000   2.2090   1.6449   3.7184   2.9650   0.0000   0.0000
    8.90    2.20900000   2.2090   1.6833   3.7089   2.8890   0.0000   0.0000
    8.90    2.21000000   2.2100   1.7418   3.7011   2.7990   0.0000   0.0000
    8.90    2.21100000   2.2110   1.8069   3.6959   2.7130   0.0000   0.0000
    8.90    2.21200000   2.2120   1.8700   3.6909   2.6300   0.0000   0.0000
    8.90    2.21300000   2.2130   1.9330   3.6863   2.5490   0.0000   0.0000
    8.90    2.21400000   2.2140   1.9895   3.6826   2.4770   0.0000   0.0000
    8.90    2.21500000   2.2140   2.0427   3.6797   2.4130   0.0000   0.0000
    8.90    2.21600000   2.2150   2.1099   3.6739   2.3220   0.0000   0.0000
    8.90    2.21700000   2.2160   2.1737   3.6696   2.2410   0.0000   0.0000
    8.90    2.21800000   2.2160   2.2377   3.6651   2.1600   0.0000   0.0000
    8.90    2.21900000   2.2160   2.2878   3.6618   2.0960   0.0000   0.0000
    8.90    2.22000000   2.2170   2.2780   3.6625   2.1090   0.0000   0.0000
    8.90    2.22100000   2.2170   2.2591   3.6638   2.1330   0.0000   0.0000
    8.90    2.22200000   2.2180   2.3107   3.6598   2.0660   0.0000   0.0000
    8.90    2.22200000   2.2180   2.3770   3.6547   1.9790   0.0000   0.0000
    8.90    2.22300000   2.2180   2.4491   3.6501   1.8880   0.0000   0.0000
    8.90    2.22400000   2.2170   2.5266   3.6448   1.7890   0.0000   0.0000
    8.90    2.22500000   2.2160   2.6069   3.6380   1.6820   0.0000   0.0000
    8.90    2.22600000   2.2120   2.6662   3.6326   1.6000   0.0000   0.0000
    8.90    2.22700000   2.2120   2.6060   3.6378   1.6810   0.0000   0.0000
    8.90    2.22800000   2.2130   2.5831   3.6398   1.7120   0.0000   0.0000
    8.90    2.22900000   2.2140   2.5569   3.6416   1.7460   0.0000   0.0000
    8.90    2.23000000   2.2150   2.5286   3.6438   1.7830   0.0000   0.0000
    8.90    2.23100000   2.2150   2.5039   3.6457   1.8160   0.0000   0.0000
    8.90    2.23200000   2.2160   2.4810   3.6478   1.8470   0.0000   0.0000
    8.90    2.23300000   2.2170   2.4597   3.6497   1.8760   0.0000   0.0000
    8.90    2.23400000   2.2180   2.4419   3.6516   1.9020   0.0000   0.0000
    8.90    2.23500000   2.2190   2.4274   3.6531   1.9220   0.0000   0.0000
    8.90    2.23500000   2.2200   2.4158   3.6545   1.9400   0.0000   0.0000
    8.90    2.23600000   2.2210   2.4082   3.6558   1.9530   0.0000   0.0000
    8.90    2.23700000   2.2220   2.4034   3.6570   1.9630   0.0000   0.0000
    8.90    2.23800000   2.2230   2.4008   3.6581   1.9700   0.0000   0.0000
    8.90    2.23900000   2.2240   2.3997   3.6588   1.9740   0.0000   0.0000
    8.90    2.24000000   2.2250   2.3991   3.6594   1.9770   0.0000   0.0000
    8.90    2.24100000   2.2260   2.3986   3.6599   1.9800   0.0000   0.0000
    8.90    2.24200000   2.2270   2.3981   3.6602   1.9820   0.0000   0.0000
    8.90    2.24300000   2.2280   2.3979   3.6607   1.9840   0.0000   0.0000
    8.90    2.24400000   2.2280   2.3974   3.6609   1.9860   0.0000   0.0000
    8.90    2.24500000   2.2290   2.3972   3.6613   1.9880   0.0000   0.0000
    8.90    2.24600000   2.2300   2.3964   3.6614   1.9890   0.0000   0.0000
    8.90    2.24700000   2.2310   2.3961   3.6617   1.9910   0.0000   0.0000
    8.90    2.24800000   2.2320   2.3958   3.6620   1.9920   0.0000   0.0000
    8.90    2.29100000   2.2750   2.3823   3.6689   2.0420   0.0000   0.0000
    8.90    2.34900000   2.3300   2.3718   3.6723   2.0760   0.0000   0.0000
# log(age) Mini Mact logl logt logg Composition Phase
    8.95    0.80000000   0.8000  -0.4070   3.7320   4.6290   0.0000   0.0000
    8.95    0.88400000   0.8840  -0.1969   3.7618   4.5810   0.0000   0.0000
    8.95    0.97800000   0.9780   0.0168   3.7879   4.5160   0.0000   0.0000
    8.95    1.08100000   1.0810   0.2329   3.8116   4.4380   0.0000   0.0000
    8.95    1.19400000   1.1940   0.4252   3.8327   4.3740   0.0000   0.0000
    8.95    1.32000000   1.3200   0.6288   3.8615   4.3290   0.0000   0.0000
    8.95    1.46000000   1.4600   0.8334   3.8950   4.3020   0.0000   0.0000
    8.95    1.61300000   1.6130   1.0462   3.9243   4.2590   0.0000   0.0000
    8.95    1.78300000   1.7830   1.2740   3.9476   4.1900   0.0000   0.0000
    8.95    1.97100000   1.9710   1.5280   3.9461   3.9790   0.0000   0.0000
    8.95    2.07600000   2.0760   1.6738   3.9254   3.7750   0.0000   0.0000
    8.95    2.07700000   2.0770   1.6753   3.9253   3.7740   0.0000   0.0000
    8.95    2.07800000   2.0780   1.6768   3.9252   3.7730   0.0000   0.0000
    8.95    2.07900000   2.0790   1.6783   3.9252   3.7710   0.0000   0.0000
    8.95    2.08000000   2.0800   1.6798   3.9252   3.7700   0.0000   0.0000
    8.95    2.08100000   2.0810   1.6814   3.9252   3.7690   0.0000   0.0000
    8.95    2.08100000   2.0810   1.6830   3.9252   3.7670   0.0000   0.0000
    8.95    2.08200000   2.0820   1.6846   3.9253   3.7660   0.0000   0.0000
    8.95    2.08300000   2.0830   1.6864   3.9254   3.7650   0.0000   0.0000
    8.95    2.08400000   2.0840   1.6881   3.9256   3.7640   0.0000   0.0000
    8.95    2.08500000   2.0850   1.6900   3.9258   3.7640   0.0000   0.0000
    8.95    2.08600000   2.0860   1.6919   3.9261   3.7630   0.0000   0.0000
    8.95    2.08700000   2.0870   1.6940   3.9265   3.7630   0.0000   0.0000
    8.95    2.08800000   2.0880   1.6961   3.9270   3.7630   0.0000   0.0000
    8.95    2.08800000   2.0880   1.6985   3.9276   3.7640   0.0000   0.0000
    8.95    2.08900000   2.0890   1.7010   3.9284   3.7650   0.0000   0.0000
    8.95    2.09000000   2.0900   1.7039   3.9294   3.7660   0.0000   0.0000
    8.95    2.09100000   2.0910   1.7070   3.9307   3.7690   0.0000   0.0000
    8.95    2.09200000   2.0920   1.7106   3.9323   3.7720   0.0000   0.0000
    8.95    2.09300000   2.0930   1.7148   3.9345   3.7770   0.0000   0.0000
    8.95    2.09400000   2.0940   1.7202   3.9373   3.7840   0.0000   0.0000
    8.95    2.09500000   2.0950   1.7268   3.9413   3.7940   0.0000   0.0000
    8.95    2.09500000   2.0950   1.7375   3.9476   3.8100   0.0000   0.0000
    8.95    2.09600000   2.0960   1.7573   3.9587   3.8370   0.0000   0.0000
    8.95    2.09700000   2.0970   1.7841   3.9677   3.8480   0.0000   0.0000
    8.95    2.09800000   2.0980   1.8012   3.9535   3.7710   0.0000   0.0000
    8.95    2.09900000   2.0990   1.8075   3.9504   3.7510   0.0000   0.0000
    8.95    2.10000000   2.1000   1.8113   3.9484   3.7390   0.0000   0.0000
    8.95    2.10100000   2.1010   1.8148   3.9467   3.7280   0.0000   0.0000
    8.95    2.10200000   2.1020   1.8182   3.9443   3.7150   0.0000   0.0000
    8.95    2.10200000   2.1020   1.8215   3.9420   3.7020   0.0000   0.0000
    8.95    2.10300000   2.1030   1.8248   3.9397   3.6890   0.0000   0.0000
    8.95    2.10400000   2.1040   1.8280   3.9368   3.6740   0.0000   0.0000
    8.95    2.10500000   2.1050   1.8310   3.9340   3.6590   0.0000   0.0000
    8.95    2.10600000   2.1060   1.8340   3.9310   3.6440   0.0000   0.0000
    8.95    2.10700000   2.1070   1.8368   3.9271   3.6250   0.0000   0.0000
    8.95    2.10800000   2.1080   1.8395   3.9233   3.6060   0.0000   0.0000
    8.95    2.10900000   2.1090   1.8421   3.9186   3.5840   0.0000   0.0000
    8.95    2.10900000   2.1090   1.8443   3.9136   3.5610   0.0000   0.0000
    8.95    2.11000000   2.1100   1.8462   3.9070   3.5320   0.0000   0.0000
    8.95    2.11100000   2.1110   1.8475   3.9000   3.5010   0.0000   0.0000
    8.95    2.11200000   2.1120   1.8480   3.8906   3.4620   0.0000   0.0000
    8.95    2.11300000   2.1130   1.8473   3.8800   3.4190   0.0000   0.0000
    8.95    2.11400000   2.1140   1.8447   3.8662   3.3640   0.0000   0.0000
    8.95    2.11500000   2.1150   1.8393   3.8486   3.2970   0.0000   0.0000
    8.95    2.11600000   2.1160   1.8288   3.8265   3.2160   0.0000   0.0000
    8.95    2.11600000   2.1160   1.8106   3.8019   3.1320   0.0000   0.0000
    8.95    2.11700000   2.1170   1.7778   3.7762   3.0560   0.0000   0.0000
    8.95    2.11800000   2.1180   1.7163   3.7519   3.0150   0.0000   0.0000
    8.95    2.11900000   2.1190   1.6234   3.7326   3.0270   0.0000   0.0000
    8.95    2.12000000   2.1200   1.5844   3.7179   3.0060   0.0000   0.0000
    8.95    2.12100000   2.1210   1.6224   3.7097   2.9350   0.0000   0.0000
    8.95    2.12200000   2.1220   1.6767   3.7028   2.8530   0.0000   0.0000
    8.95    2.12300000   2.1230   1.7373   3.6976   2.7710   0.0000   0.0000
    8.95    2.12400000   2.1230   1.7982   3.6930   2.6920   0.0000   0.0000
    8.95    2.12400000   2.1240   1.8578   3.6886   2.6150   0.0000   0.0000
    8.95    2.12500000   2.1250   1.9167   3.6846   2.5410   0.0000   0.0000
    8.95    2.12600000   2.1260   1.9690   3.6814   2.4750   0.0000   0.0000
    8.95    2.12700000   2.1260   2.0181   3.6786   2.4150   0.0000   0.0000
    8.95    2.12800000   2.1270   2.0772   3.6738   2.3370   0.0000   0.0000
    8.95    2.12900000   2.1280   2.1395   3.6689   2.2550   0.0000   0.0000
    8.95    2.13000000   2.1280   2.2002   3.6647   2.1780   0.0000   0.0000
    8.95    2.13100000   2.1290   2.2610   3.6606   2.1010   0.0000   0.0000
    8.95    2.13200000   2.1290   2.3141   3.6570   2.0330   0.0000   0.0000
    8.95    2.13200000   2.1290   2.3133   3.6572   2.0350   0.0000   0.0000
    8.95    2.13300000   2.1290   2.2474   3.6620   2.1200   0.0000   0.0000
    8.95    2.13400000   2.1300   2.2684   3.6607   2.0940   0.0000   0.0000
    8.95    2.13500000   2.1300   2.3211   3.6564   2.0240   0.0000   0.0000
    8.95    2.13600000   2.1300   2.3855   3.6517   1.9410   0.0000   0.0000
    8.95    2.13700000   2.1300   2.4551   3.6472   1.8530   0.0000   0.0000
    8.95    2.13800000   2.1300   2.5301   3.6420   1.7580   0.0000   0.0000
    8.95    2.13900000   2.1280   2.6104   3.6365   1.6550   0.0000   0.0000
    8.95    2.14000000   2.1260   2.6944   3.6282   1.5370   0.0000   0.0000
    8.95    2.14000000   2.1220   2.7619   3.6227   1.4470   0.0000   0.0000
    8.95    2.14100000   2.1220   2.7177   3.6266   1.5070   0.0000   0.0000
    8.95    2.14200000   2.1230   2.6910   3.6285   1.5410   0.0000   0.0000
    8.95    2.14300000   2.1240   2.6649   3.6305   1.5760   0.0000   0.0000
    8.95    2.14400000   2.1250   2.6422   3.6326   1.6070   0.0000   0.0000
    8.95    2.14500000   2.1260   2.6235   3.6344   1.6330   0.0000   0.0000
    8.95    2.14600000   2.1270   2.6099   3.6359   1.6520   0.0000   0.0000
    8.95    2.14700000   2.1280   2.6020   3.6372   1.6660   0.0000   0.0000
    8.95    2.14800000   2.1280   2.5984   3.6383   1.6740   0.0000   0.0000
    8.95    2.14900000   2.1290   2.5973   3.6391   1.6790   0.0000   0.0000
    8.95    2.14900000   2.1300   2.5968   3.6396   1.6810   0.0000   0.0000
    8.95    2.15000000   2.1310   2.5965   3.6399   1.6830   0.0000   0.0000
    8.95    2.15100000   2.1320   2.5961   3.6403   1.6850   0.0000   0.0000
    8.95    2.15200000   2.1330   2.5954   3.6405   1.6870   0.0000   0.0000
    8.95    2.15300000   2.1340   2.5952   3.6408   1.6880   0.0000   0.0000
    8.95    2.15400000   2.1350   2.5949   3.6411   1.6900   0.0000   0.0000
    8.95    2.15500000   2.1360   2.5943   3.6411   1.6910   0.0000   0.0000
    8.95    2.15600000   2.1370   2.5938   3.6411   1.6920   0.0000   0.0000
    8.95    2.15700000   2.1370   2.5933   3.6412   1.6930   0.0000   0.0000
    8.95    2.15800000   2.1380   2.5929   3.6414   1.6940   0.0000   0.0000
    8.95    2.15800000   2.1390   2.5925   3.6415   1.6950   0.0000   0.0000
    8.95    2.15900000   2.1400   2.5921   3.6417   1.6970   0.0000   0.0000
    8.95    2.16000000   2.1410   2.5918   3.6419   1.6980   0.0000   0.0000
    8.95    2.16100000   2.1420   2.5914   3.6421   1.6990   0.0000   0.0000
    8.95    2.17900000   2.1600   2.5866   3.6452   1.7200   0.0000   0.0000
# log(age) Mini Mact logl logt logg Composition Phase
    9.00    0.80000000   0.8000  -0.4049   3.7322   4.6280   0.0000   0.0000
    9.00    0.88400000   0.8840  -0.1939   3.7620   4.5800   0.0000   0.0000
    9.00    0.97800000   0.9780   0.0209   3.7881   4.5130   0.0000   0.0000
    9.00    1.08100000   1.0810   0.2387   3.8119   4.4340   0.0000   0.0000
    9.00    1.19400000   1.1940   0.4328   3.8331   4.3680   0.0000   0.0000
    9.00    1.32000000   1.3200   0.6384   3.8616   4.3200   0.0000   0.0000
    9.00    1.46000000   1.4600   0.8451   3.8932   4.2830   0.0000   0.0000
    9.00    1.61300000   1.6130   1.0641   3.9206   4.2270   0.0000   0.0000
    9.00    1.78300000   1.7830   1.3012   3.9392   4.1320   0.0000   0.0000
    9.00    1.97100000   1.9710   1.5684   3.9178   3.8280   0.0000   0.0000
    9.00    1.99200000   1.9920   1.6014   3.9127   3.7800   0.0000   0.0000
    9.00    1.99300000   1.9930   1.6030   3.9126   3.7780   0.0000   0.0000
    9.00    1.99400000   1.9940   1.6045   3.9126   3.7770   0.0000   0.0000
    9.00    1.99500000   1.9950   1.6061   3.9125   3.7750   0.0000   0.0000
    9.00    1.99500000   1.9950   1.6077   3.9125   3.7740   0.0000   0.0000
    9.00    1.99600000   1.9960   1.6093   3.9125   3.7720   0.0000   0.0000
    9.00    1.99700000   1.9970   1.6110   3.9125   3.7710   0.0000   0.0000
    9.00    1.99800000   1.9980   1.6126   3.9125   3.7700   0.0000   0.0000
    9.00    1.99900000   1.9990   1.6145   3.9126   3.7690   0.0000   0.0000
    9.00    2.00000000   2.0000   1.6163   3.9128   3.7680   0.0000   0.0000
    9.00    2.00000000   2.0000   1.6182   3.9130   3.7670   0.0000   0.0000
    9.00    2.00100000   2.0010   1.6201   3.9133   3.7660   0.0000   0.0000
    9.00    2.00200000   2.0020   1.6222   3.9137   3.7660   0.0000   0.0000
    9.00    2.00300000   2.0030   1.6243   3.9141   3.7660   0.0000   0.0000
    9.00    2.00400000   2.0040   1.6267   3.9147   3.7670   0.0000   0.0000
    9.00    2.00500000   2.0050   1.6292   3.9155   3.7680   0.0000   0.0000
    9.00    2.00500000   2.0050   1.6320   3.9165   3.7690   0.0000   0.0000
    9.00    2.00600000   2.0060   1.6352   3.9178   3.7720   0.0000   0.0000
    9.00    2.00700000   2.0070   1.6387   3.9193   3.7750   0.0000   0.0000
    9.00    2.00800000   2.0080   1.6431   3.9215   3.7800   0.0000   0.0000
    9.00    2.00900000   2.0090   1.6485   3.9244   3.7870   0.0000   0.0000
    9.00    2.01000000   2.0100   1.6552   3.9283   3.7970   0.0000   0.0000
    9.00    2.01100000   2.0110   1.6663   3.9347   3.8130   0.0000   0.0000
    9.00    2.01100000   2.0110   1.6868   3.9461   3.8400   0.0000   0.0000
    9.00    2.01200000   2.0120   1.7143   3.9545   3.8470   0.0000   0.0000
    9.00    2.01300000   2.0130   1.7306   3.9407   3.7730   0.0000   0.0000
    9.00    2.01400000   2.0140   1.7365   3.9379   3.7550   0.0000   0.0000
    9.00    2.01500000   2.0150   1.7401   3.9361   3.7430   0.0000   0.0000
    9.00    2.01600000   2.0160   1.7436   3.9345   3.7330   0.0000   0.0000
    9.00    2.01600000   2.0160   1.7469   3.9321   3.7200   0.0000   0.0000
    9.00    2.01700000   2.0170   1.7501   3.9297   3.7070   0.0000   0.0000
    9.00    2.01800000   2.0180   1.7533   3.9278   3.6960   0.0000   0.0000
    9.00    2.01900000   2.0190   1.7565   3.9250   3.6810   0.0000   0.0000
    9.00    2.02000000   2.0200   1.7595   3.9220   3.6660   0.0000   0.0000
    9.00    2.02100000   2.0210   1.7624   3.9196   3.6520   0.0000   0.0000
    9.00    2.02100000   2.0210   1.7653   3.9159   3.6340   0.0000   0.0000
    9.00    2.02200000   2.0220   1.7680   3.9126   3.6180   0.0000   0.0000
    9.00    2.02300000   2.0230   1.7705   3.9081   3.5960   0.0000   0.0000
    9.00    2.02400000   2.0240   1.7729   3.9037   3.5760   0.0000   0.0000
    9.00    2.02500000   2.0250   1.7749   3.8977   3.5490   0.0000   0.0000
    9.00    2.02600000   2.0260   1.7764   3.8911   3.5200   0.0000   0.0000
    9.00    2.02700000   2.0270   1.7773   3.8832   3.4860   0.0000   0.0000
    9.00    2.02700000   2.0270   1.7773   3.8742   3.4490   0.0000   0.0000
    9.00    2.02800000   2.0280   1.7757   3.8619   3.4000   0.0000   0.0000
    9.00    2.02900000   2.0290   1.7721   3.8477   3.3450   0.0000   0.0000
    9.00    2.03000000   2.0300   1.7651   3.8285   3.2730   0.0000   0.0000
    9.00    2.03100000   2.0310   1.7526   3.8061   3.1920   0.0000   0.0000
    9.00    2.03200000   2.0320   1.7310   3.7840   3.1200   0.0000   0.0000
    9.00    2.03200000   2.0320   1.6924   3.7643   3.0740   0.0000   0.0000
    9.00    2.03300000   2.0330   1.6248   3.7455   3.0620   0.0000   0.0000
    9.00    2.03400000   2.0340   1.5409   3.7297   3.0800   0.0000   0.0000
    9.00    2.03500000   2.0350   1.5251   3.7178   3.0470   0.0000   0.0000
    9.00    2.03600000   2.0360   1.5617   3.7103   2.9800   0.0000   0.0000
    9.00    2.03700000   2.0370   1.6126   3.7041   2.9040   0.0000   0.0000
    9.00    2.03800000   2.0370   1.6701   3.6989   2.8260   0.0000   0.0000
    9.00    2.03800000   2.0380   1.7295   3.6947   2.7500   0.0000   0.0000
    9.00    2.03900000   2.0390   1.7871   3.6906   2.6760   0.0000   0.0000
    9.00    2.04000000   2.0400   1.8440   3.6867   2.6040   0.0000   0.0000
    9.00    2.04100000   2.0410   1.8994   3.6831   2.5340   0.0000   0.0000
    9.00    2.04200000   2.0410   1.9492   3.6801   2.4720   0.0000   0.0000
    9.00    2.04300000   2.0420   1.9957   3.6774   2.4150   0.0000   0.0000
    9.00    2.04400000   2.0430   2.0466   3.6738   2.3500   0.0000   0.0000
    9.00    2.04400000   2.0430   2.1090   3.6681   2.2650   0.0000   0.0000
    9.00    2.04500000   2.0440   2.1668   3.6640   2.1910   0.0000   0.0000
    9.00    2.04600000   2.0440   2.2256   3.6600   2.1160   0.0000   0.0000
    9.00    2.04700000   2.0440   2.2841   3.6560   2.0420   0.0000   0.0000
    9.00    2.04800000   2.0450   2.3410   3.6521   1.9690   0.0000   0.0000
    9.00    2.04900000   2.0450   2.3358   3.6527   1.9770   0.0000   0.0000
    9.00    2.05000000   2.0450   2.2828   3.6568   2.0460   0.0000   0.0000
    9.00    2.05000000   2.0450   2.2386   3.6601   2.1040   0.0000   0.0000
    9.00    2.05100000   2.0460   2.2722   3.6580   2.0620   0.0000   0.0000
    9.00    2.05200000   2.0460   2.3303   3.6530   1.9840   0.0000   0.0000
    9.00    2.05300000   2.0460   2.3938   3.6486   1.9030   0.0000   0.0000
    9.00    2.05400000   2.0460   2.4615   3.6444   1.8180   0.0000   0.0000
    9.00    2.05500000   2.0450   2.5336   3.6393   1.7250   0.0000   0.0000
    9.00    2.05600000   2.0440   2.6131   3.6342   1.6260   0.0000   0.0000
    9.00    2.05600000   2.0420   2.6981   3.6266   1.5090   0.0000   0.0000
    9.00    2.05700000   2.0390   2.7896   3.6182   1.3840   0.0000   0.0000
    9.00    2.05800000   2.0360   2.8509   3.6133   1.3020   0.0000   0.0000
    9.00    2.05900000   2.0360   2.8259   3.6153   1.3350   0.0000   0.0000
    9.00    2.06000000   2.0370   2.8051   3.6172   1.3640   0.0000   0.0000
    9.00    2.06100000   2.0380   2.7962   3.6185   1.3780   0.0000   0.0000
    9.00    2.06200000   2.0390   2.7950   3.6193   1.3830   0.0000   0.0000
    9.00    2.06200000   2.0400   2.7946   3.6196   1.3850   0.0000   0.0000
    9.00    2.06300000   2.0410   2.7942   3.6199   1.3860   0.0000   0.0000
    9.00    2.06400000   2.0420   2.7937   3.6199   1.3870   0.0000   0.0000
    9.00    2.06500000   2.0420   2.7933   3.6201   1.3880   0.0000   0.0000
    9.00    2.06600000   2.0430   2.7929   3.6202   1.3900   0.0000   0.0000
    9.00    2.06700000   2.0440   2.7925   3.6204   1.3910   0.0000   0.0000
    9.00    2.06800000   2.0450   2.7922   3.6206   1.3920   0.0000   0.0000
    9.00    2.06800000   2.0460   2.7920   3.6208   1.3930   0.0000   0.0000
    9.00    2.06900000   2.0470   2.7917   3.6209   1.3940   0.0000   0.0000
    9.00    2.07000000   2.0480   2.7914   3.6211   1.3950   0.0000   0.0000
    9.00    2.07100000   2.0480   2.7912   3.6213   1.3970   0.0000   0.0000
    9.00    2.07200000   2.0490   2.7910   3.6214   1.3970   0.0000   0.0000
    9.00    2.07300000   2.0500   2.7908   3.6215   1.3980   0.0000   0.0000
    9.00    2.07400000   2.0510   2.7907   3.6217   1.3990   0.0000   0.0000
    9.00    2.07400000   2.0520   2.7905   3.6218   1.4000   0.0000   0.0000
    9.00    2.07500000   2.0530   2.7902   3.6219   1.4010   0.0000   0.0000
    9.00    2.07600000   2.0530   2.7900   3.6220   1.4020   0.0000   0.0000
    9.00    2.07700000   2.0540   2.7897   3.6221   1.4030   0.0000   0.0000
    9.00    2.07800000   2.0550   2.7895   3.6222   1.4030   0.0000   0.0000
# log(age) Mini Mact logl logt logg Composition Phase
    9.05    0.80000000   0.8000  -0.4025   3.7325   4.6270   0.0000   0.0000
    9.05    0.88400000   0.8840  -0.1906   3.7623   4.5770   0.0000   0.0000
    9.05    0.97800000   0.9780   0.0256   3.7884   4.5090   0.0000   0.0000
    9.05    1.08100000   1.0810   0.2452   3.8122   4.4280   0.0000   0.0000
    9.05    1.19400000   1.1940   0.4415   3.8335   4.3610   0.0000   0.0000
    9.05    1.32000000   1.3200   0.6493   3.8615   4.3080   0.0000   0.0000
    9.05    1.46000000   1.4600   0.8586   3.8908   4.2600   0.0000   0.0000
    9.05    1.61300000   1.6130   1.0844   3.9152   4.1850   0.0000   0.0000
    9.05    1.78300000   1.7830   1.3322   3.9262   4.0510   0.0000   0.0000
    9.05    1.91500000   1.9150   1.5299   3.9010   3.7870   0.0000   0.0000
    9.05    1.91500000   1.9150   1.5313   3.9009   3.7860   0.0000   0.0000
    9.05    1.91600000   1.9160   1.5329   3.9008   3.7840   0.0000   0.0000
    9.05    1.91700000   1.9170   1.5344   3.9007   3.7830   0.0000   0.0000
    9.05    1.91800000   1.9180   1.5360   3.9007   3.7810   0.0000   0.0000
    9.05    1.91900000   1.9190   1.5376   3.9007   3.7800   0.0000   0.0000
    9.05    1.91900000   1.9190   1.5393   3.9007   3.7780   0.0000   0.0000
    9.05    1.92000000   1.9200   1.5409   3.9007   3.7770   0.0000   0.0000
    9.05    1.92100000   1.9210   1.5426   3.9007   3.7760   0.0000   0.0000
    9.05    1.92200000   1.9220   1.5445   3.9009   3.7750   0.0000   0.0000
    9.05    1.92300000   1.9230   1.5464   3.9011   3.7740   0.0000   0.0000
    9.05    1.92300000   1.9230   1.5484   3.9014   3.7730   0.0000   0.0000
    9.05    1.92400000   1.9240   1.5505   3.9017   3.7730   0.0000   0.0000
    9.05    1.92500000   1.9250   1.5527   3.9022   3.7730   0.0000   0.0000
    9.05    1.92600000   1.9260   1.5551   3.9027   3.7730   0.0000   0.0000
    9.05    1.92700000   1.9270   1.5577   3.9035   3.7740   0.0000   0.0000
    9.05    1.92700000   1.9270   1.5605   3.9044   3.7750   0.0000   0.0000
    9.05    1.92800000   1.9280   1.5637   3.9056   3.7770   0.0000   0.0000
    9.05    1.92900000   1.9290   1.5674   3.9072   3.7800   0.0000   0.0000
    9.05    1.93000000   1.9300   1.5718   3.9092   3.7850   0.0000   0.0000
    9.05    1.93100000   1.9310   1.5772   3.9120   3.7920   0.0000   0.0000
    9.05    1.93200000   1.9320   1.5842   3.9161   3.8020   0.0000   0.0000
    9.05    1.93200000   1.9320   1.5955   3.9224   3.8180   0.0000   0.0000
    9.05    1.93300000   1.9330   1.6177   3.9345   3.8460   0.0000   0.0000
    9.05    1.93400000   1.9340   1.6455   3.9406   3.8430   0.0000   0.0000
    9.05    1.93500000   1.9350   1.6615   3.9287   3.7770   0.0000   0.0000
    9.05    1.93600000   1.9360   1.6667   3.9262   3.7610   0.0000   0.0000
    9.05    1.93600000   1.9360   1.6703   3.9244   3.7500   0.0000   0.0000
    9.05    1.93700000   1.9370   1.6737   3.9228   3.7390   0.0000   0.0000
    9.05    1.93800000   1.9380   1.6771   3.9204   3.7260   0.0000   0.0000
    9.05    1.93900000   1.9390   1.6804   3.9181   3.7140   0.0000   0.0000
    9.05    1.94000000   1.9400   1.6836   3.9161   3.7020   0.0000   0.0000
    9.05    1.94000000   1.9400   1.6868   3.9134   3.6870   0.0000   0.0000
    9.05    1.94100000   1.9410   1.6899   3.9105   3.6720   0.0000   0.0000
    9.05    1.94200000   1.9420   1.6929   3.9079   3.6580   0.0000   0.0000
    9.05    1.94300000   1.9430   1.6958   3.9043   3.6400   0.0000   0.0000
    9.05    1.94400000   1.9440   1.6986   3.9010   3.6240   0.0000   0.0000
    9.05    1.94400000   1.9440   1.7012   3.8964   3.6020   0.0000   0.0000
    9.05    1.94500000   1.9450   1.7035   3.8920   3.5810   0.0000   0.0000
    9.05    1.94600000   1.9460   1.7056   3.8861   3.5550   0.0000   0.0000
    9.05    1.94700000   1.9470   1.7072   3.8794   3.5260   0.0000   0.0000
    9.05    1.94800000   1.9480   1.7081   3.8716   3.4920   0.0000   0.0000
    9.05    1.94900000   1.9490   1.7081   3.8627   3.4550   0.0000   0.0000
    9.05    1.94900000   1.9490   1.7065   3.8507   3.4070   0.0000   0.0000
    9.05    1.95000000   1.9500   1.7029   3.8368   3.3530   0.0000   0.0000
    9.05    1.95100000   1.9510   1.6956   3.8189   3.2860   0.0000   0.0000
    9.05    1.95200000   1.9520   1.6828   3.7983   3.2130   0.0000   0.0000
    9.05    1.95300000   1.9530   1.6606   3.7782   3.1490   0.0000   0.0000
    9.05    1.95300000   1.9530   1.6210   3.7608   3.1130   0.0000   0.0000
    9.05    1.95400000   1.9540   1.5541   3.7444   3.1110   0.0000   0.0000
    9.05    1.95500000   1.9550   1.4761   3.7295   3.1270   0.0000   0.0000
    9.05    1.95600000   1.9560   1.4628   3.7184   3.0940   0.0000   0.0000
    9.05    1.95700000   1.9570   1.4976   3.7113   3.0310   0.0000   0.0000
    9.05    1.95800000   1.9570   1.5453   3.7055   2.9600   0.0000   0.0000
    9.05    1.95800000   1.9580   1.6004   3.7005   2.8850   0.0000   0.0000
    9.05    1.95900000   1.9590   1.6579   3.6963   2.8110   0.0000   0.0000
    9.05    1.96000000   1.9600   1.7143   3.6924   2.7390   0.0000   0.0000
    9.05    1.96100000   1.9600   1.7702   3.6886   2.6680   0.0000   0.0000
    9.05    1.96200000   1.9610   1.8243   3.6852   2.6000   0.0000   0.0000
    9.05    1.96200000   1.9620   1.8752   3.6821   2.5370   0.0000   0.0000
    9.05    1.96300000   1.9630   1.9240   3.6792   2.4770   0.0000   0.0000
    9.05    1.96400000   1.9630   1.9704   3.6765   2.4200   0.0000   0.0000
    9.05    1.96500000   1.9640   2.0271   3.6720   2.3450   0.0000   0.0000
    9.05    1.96600000   1.9640   2.0878   3.6668   2.2640   0.0000   0.0000
    9.05    1.96700000   1.9650   2.1455   3.6627   2.1900   0.0000   0.0000
    9.05    1.96700000   1.9650   2.2051   3.6587   2.1140   0.0000   0.0000
    9.05    1.96800000   1.9650   2.2641   3.6547   2.0390   0.0000   0.0000
    9.05    1.96900000   1.9660   2.3216   3.6507   1.9660   0.0000   0.0000
    9.05    1.97000000   1.9660   2.3218   3.6509   1.9670   0.0000   0.0000
    9.05    1.97100000   1.9660   2.2800   3.6542   2.0210   0.0000   0.0000
    9.05    1.97100000   1.9660   2.2067   3.6597   2.1170   0.0000   0.0000
    9.05    1.97200000   1.9660   2.2366   3.6579   2.0800   0.0000   0.0000
    9.05    1.97300000   1.9670   2.2861   3.6539   2.0150   0.0000   0.0000
    9.05    1.97400000   1.9670   2.3488   3.6490   1.9320   0.0000   0.0000
    9.05    1.97500000   1.9670   2.4168   3.6450   1.8480   0.0000   0.0000
    9.05    1.97600000   1.9660   2.4911   3.6400   1.7540   0.0000   0.0000
    9.05    1.97600000   1.9650   2.5707   3.6346   1.6520   0.0000   0.0000
    9.05    1.97700000   1.9640   2.6562   3.6290   1.5440   0.0000   0.0000
    9.05    1.97800000   1.9610   2.7537   3.6194   1.4080   0.0000   0.0000
    9.05    1.97900000   1.9560   2.8662   3.6096   1.2550   0.0000   0.0000
# log(age) Mini Mact logl logt logg Composition Phase
    9.10    0.80000000   0.8000  -0.3998   3.7328   4.6250   0.0000   0.0000
    9.10    0.88400000   0.8840  -0.1869   3.7626   4.5750   0.0000   0.0000
    9.10    0.97800000   0.9780   0.0309   3.7887   4.5050   0.0000   0.0000
    9.10    1.08100000   1.0810   0.2526   3.8126   4.4220   0.0000   0.0000
    9.10    1.19400000   1.1940   0.4513   3.8338   4.3520   0.0000   0.0000
    9.10    1.32000000   1.3200   0.6615   3.8610   4.2940   0.0000   0.0000
    9.10    1.46000000   1.4600   0.8742   3.8872   4.2300   0.0000   0.0000
    9.10    1.61300000   1.6130   1.1087   3.9074   4.1300   0.0000   0.0000
    9.10    1.78300000   1.7830   1.3674   3.9045   3.9310   0.0000   0.0000
    9.10    1.84100000   1.8410   1.4597   3.8891   3.7930   0.0000   0.0000
    9.10    1.84200000   1.8420   1.4613   3.8890   3.7920   0.0000   0.0000
    9.10    1.84300000   1.8430   1.4628   3.8889   3.7900   0.0000   0.0000
    9.10    1.84300000   1.8430   1.4643   3.8889   3.7890   0.0000   0.0000
    9.10    1.84400000   1.8440   1.4659   3.8888   3.7870   0.0000   0.0000
    9.10    1.84500000   1.8450   1.4676   3.8889   3.7860   0.0000   0.0000
    9.10    1.84600000   1.8460   1.4692   3.8889   3.7850   0.0000   0.0000
    9.10    1.84600000   1.8460   1.4709   3.8889   3.7830   0.0000   0.0000
    9.10    1.84700000   1.8470   1.4727   3.8890   3.7820   0.0000   0.0000
    9.10    1.84800000   1.8480   1.4746   3.8892   3.7810   0.0000   0.0000
    9.10    1.84900000   1.8490   1.4765   3.8894   3.7800   0.0000   0.0000
    9.10    1.84900000   1.8490   1.4786   3.8897   3.7800   0.0000   0.0000
    9.10    1.85000000   1.8500   1.4808   3.8901   3.7800   0.0000   0.0000
    9.10    1.85100000   1.8510   1.4830   3.8906   3.7800   0.0000   0.0000
    9.10    1.85200000   1.8520   1.4856   3.8913   3.7800   0.0000   0.0000
    9.10    1.85300000   1.8530   1.4882   3.8921   3.7810   0.0000   0.0000
    9.10    1.85300000   1.8530   1.4913   3.8931   3.7830   0.0000   0.0000
    9.10    1.85400000   1.8540   1.4947   3.8945   3.7850   0.0000   0.0000
    9.10    1.85500000   1.8550   1.4986   3.8962   3.7890   0.0000   0.0000
    9.10    1.85600000   1.8560   1.5033   3.8984   3.7940   0.0000   0.0000
    9.10    1.85600000   1.8560   1.5093   3.9017   3.8020   0.0000   0.0000
    9.10    1.85700000   1.8570   1.5179   3.9065   3.8130   0.0000   0.0000
    9.10    1.85800000   1.8580   1.5326   3.9145   3.8330   0.0000   0.0000
    9.10    1.85900000   1.8590   1.5640   3.9303   3.8670   0.0000   0.0000
    9.10    1.86000000   1.8600   1.5812   3.9214   3.8130   0.0000   0.0000
    9.10    1.86000000   1.8600   1.5939   3.9162   3.7770   0.0000   0.0000
    9.10    1.86100000   1.8610   1.5977   3.9144   3.7660   0.0000   0.0000
    9.10    1.86200000   1.8620   1.6011   3.9128   3.7560   0.0000   0.0000
    9.10    1.86300000   1.8630   1.6044   3.9110   3.7450   0.0000   0.0000
    9.10    1.86300000   1.8630   1.6077   3.9087   3.7320   0.0000   0.0000
    9.10    1.86400000   1.8640   1.6109   3.9067   3.7210   0.0000   0.0000
    9.10    1.86500000   1.8650   1.6141   3.9047   3.7090   0.0000   0.0000
    9.10    1.86600000   1.8660   1.6171   3.9023   3.6960   0.0000   0.0000
    9.10    1.86700000   1.8670   1.6201   3.8996   3.6820   0.0000   0.0000
    9.10    1.86700000   1.8670   1.6231   3.8972   3.6690   0.0000   0.0000
    9.10    1.86800000   1.8680   1.6259   3.8938   3.6520   0.0000   0.0000
    9.10    1.86900000   1.8690   1.6287   3.8908   3.6360   0.0000   0.0000
    9.10    1.87000000   1.8700   1.6313   3.8867   3.6170   0.0000   0.0000
    9.10    1.87000000   1.8700   1.6337   3.8823   3.5960   0.0000   0.0000
    9.10    1.87100000   1.8710   1.6358   3.8779   3.5750   0.0000   0.0000
    9.10    1.87200000   1.8720   1.6377   3.8718   3.5480   0.0000   0.0000
    9.10    1.87300000   1.8730   1.6391   3.8657   3.5220   0.0000   0.0000
    9.10    1.87400000   1.8740   1.6397   3.8573   3.4860   0.0000   0.0000
    9.10    1.87400000   1.8740   1.6394   3.8488   3.4510   0.0000   0.0000
    9.10    1.87500000   1.8750   1.6375   3.8374   3.4050   0.0000   0.0000
    9.10    1.87600000   1.8760   1.6336   3.8243   3.3540   0.0000   0.0000
    9.10    1.87700000   1.8770   1.6263   3.8091   3.2980   0.0000   0.0000
    9.10    1.87700000   1.8770   1.6135   3.7925   3.2400   0.0000   0.0000
    9.10    1.87800000   1.8780   1.5922   3.7758   3.1900   0.0000   0.0000
    9.10    1.87900000   1.8790   1.5556   3.7602   3.1600   0.0000   0.0000
    9.10    1.88000000   1.8800   1.4970   3.7460   3.1570   0.0000   0.0000
    9.10    1.88100000   1.8810   1.4271   3.7325   3.1710   0.0000   0.0000
    9.10    1.88100000   1.8810   1.3940   3.7206   3.1550   0.0000   0.0000
    9.10    1.88200000   1.8820   1.4225   3.7144   3.1020   0.0000   0.0000
    9.10    1.88300000   1.8830   1.4567   3.7087   3.0450   0.0000   0.0000
    9.10    1.88400000   1.8840   1.5045   3.7043   2.9800   0.0000   0.0000
    9.10    1.88500000   1.8840   1.5538   3.7004   2.9140   0.0000   0.0000
    9.10    1.88500000   1.8850   1.6041   3.6967   2.8490   0.0000   0.0000
    9.10    1.88600000   1.8860   1.6530   3.6934   2.7880   0.0000   0.0000
    9.10    1.88700000   1.8870   1.7013   3.6903   2.7270   0.0000   0.0000
    9.10    1.88800000   1.8870   1.7475   3.6875   2.6700   0.0000   0.0000
    9.10    1.88800000   1.8880   1.7923   3.6847   2.6140   0.0000   0.0000
    9.10    1.88900000   1.8890   1.8364   3.6820   2.5590   0.0000   0.0000
    9.10    1.89000000   1.8890   1.8815   3.6794   2.5040   0.0000   0.0000
    9.10    1.89100000   1.8900   1.9303   3.6760   2.4420   0.0000   0.0000
    9.10    1.89200000   1.8900   1.9846   3.6717   2.3700   0.0000   0.0000
    9.10    1.89200000   1.8910   2.0371   3.6679   2.3020   0.0000   0.0000
    9.10    1.89300000   1.8910   2.0900   3.6642   2.2350   0.0000   0.0000
    9.10    1.89400000   1.8920   2.1446   3.6605   2.1660   0.0000   0.0000
    9.10    1.89500000   1.8920   2.1976   3.6568   2.0980   0.0000   0.0000
    9.10    1.89600000   1.8920   2.2439   3.6536   2.0390   0.0000   0.0000
    9.10    1.89600000   1.8920   2.2511   3.6532   2.0300   0.0000   0.0000
    9.10    1.89700000   1.8930   2.2189   3.6557   2.0720   0.0000   0.0000
    9.10    1.89800000   1.8930   2.1551   3.6607   2.1560   0.0000   0.0000
    9.10    1.89900000   1.8930   2.1791   3.6591   2.1260   0.0000   0.0000
    9.10    1.90000000   1.8930   2.2181   3.6562   2.0750   0.0000   0.0000
    9.10    1.90000000   1.8940   2.2763   3.6514   1.9980   0.0000   0.0000
    9.10    1.90100000   1.8930   2.3422   3.6477   1.9170   0.0000   0.0000
    9.10    1.90200000   1.8930   2.4125   3.6436   1.8300   0.0000   0.0000
    9.10    1.90300000   1.8930   2.4892   3.6384   1.7330   0.0000   0.0000
    9.10    1.90400000   1.8910   2.5771   3.6321   1.6190   0.0000   0.0000
    9.10    1.90400000   1.8890   2.6735   3.6245   1.4920   0.0000   0.0000
    9.10    1.90500000   1.8850   2.7841   3.6139   1.3380   0.0000   0.0000
    9.10    1.90600000   1.8730   2.9310   3.6014   1.1380   0.0000   0.0000
# log(age) Mini Mact logl logt logg Composition Phase
    9.15    0.80000000   0.8000  -0.3968   3.7331   4.6230   0.0000   0.0000
    9.15    0.88400000   0.8840  -0.1827   3.7629   4.5720   0.0000   0.0000
    9.15    0.97800000   0.9780   0.0370   3.7890   4.5000   0.0000   0.0000
    9.15    1.08100000   1.0810   0.2611   3.8130   4.4160   0.0000   0.0000
    9.15    1.19400000   1.1940   0.4626   3.8342   4.3430   0.0000   0.0000
    9.15    1.32000000   1.3200   0.6752   3.8599   4.2760   0.0000   0.0000
    9.15    1.46000000   1.4600   0.8925   3.8820   4.1910   0.0000   0.0000
    9.15    1.61300000   1.6130   1.1366   3.8947   4.0520   0.0000   0.0000
    9.15    1.76900000   1.7690   1.3881   3.8773   3.8010   0.0000   0.0000
    9.15    1.77000000   1.7700   1.3896   3.8772   3.7990   0.0000   0.0000
    9.15    1.77100000   1.7710   1.3912   3.8771   3.7980   0.0000   0.0000
    9.15    1.77200000   1.7720   1.3927   3.8771   3.7960   0.0000   0.0000
    9.15    1.77200000   1.7720   1.3942   3.8770   3.7950   0.0000   0.0000
    9.15    1.77300000   1.7730   1.3958   3.8770   3.7930   0.0000   0.0000
    9.15    1.77400000   1.7740   1.3975   3.8771   3.7920   0.0000   0.0000
    9.15    1.77500000   1.7750   1.3992   3.8771   3.7910   0.0000   0.0000
    9.15    1.77500000   1.7750   1.4009   3.8771   3.7890   0.0000   0.0000
    9.15    1.77600000   1.7760   1.4028   3.8773   3.7880   0.0000   0.0000
    9.15    1.77700000   1.7770   1.4047   3.8775   3.7880   0.0000   0.0000
    9.15    1.77800000   1.7780   1.4068   3.8778   3.7870   0.0000   0.0000
    9.15    1.77800000   1.7780   1.4088   3.8781   3.7870   0.0000   0.0000
    9.15    1.77900000   1.7790   1.4111   3.8786   3.7870   0.0000   0.0000
    9.15    1.78000000   1.7800   1.4135   3.8792   3.7870   0.0000   0.0000
    9.15    1.78000000   1.7800   1.4161   3.8799   3.7880   0.0000   0.0000
    9.15    1.78100000   1.7810   1.4188   3.8807   3.7890   0.0000   0.0000
    9.15    1.78200000   1.7820   1.4220   3.8819   3.7900   0.0000   0.0000
    9.15    1.78300000   1.7830   1.4257   3.8834   3.7930   0.0000   0.0000
    9.15    1.78300000   1.7830   1.4298   3.8852   3.7970   0.0000   0.0000
    9.15    1.78400000   1.7840   1.4351   3.8879   3.8030   0.0000   0.0000
    9.15    1.78500000   1.7850   1.4419   3.8915   3.8120   0.0000   0.0000
    9.15    1.78600000   1.7860   1.4520   3.8970   3.8250   0.0000   0.0000
    9.15    1.78600000   1.7860   1.4713   3.9072   3.8490   0.0000   0.0000
    9.15    1.78700000   1.7870   1.5075   3.9221   3.8750   0.0000   0.0000
    9.15    1.78800000   1.7880   1.5201   3.9068   3.7970   0.0000   0.0000
    9.15    1.78900000   1.7890   1.5253   3.9042   3.7810   0.0000   0.0000
    9.15    1.78900000   1.7890   1.5286   3.9026   3.7710   0.0000   0.0000
    9.15    1.79000000   1.7900   1.5319   3.9011   3.7610   0.0000   0.0000
    9.15    1.79100000   1.7910   1.5350   3.8992   3.7500   0.0000   0.0000
    9.15    1.79200000   1.7920   1.5382   3.8972   3.7390   0.0000   0.0000
    9.15    1.79200000   1.7920   1.5414   3.8953   3.7280   0.0000   0.0000
    9.15    1.79300000   1.7930   1.5445   3.8933   3.7160   0.0000   0.0000
    9.15    1.79400000   1.7940   1.5475   3.8912   3.7040   0.0000   0.0000
    9.15    1.79500000   1.7950   1.5504   3.8885   3.6910   0.0000   0.0000
    9.15    1.79500000   1.7950   1.5533   3.8864   3.6790   0.0000   0.0000
    9.15    1.79600000   1.7960   1.5561   3.8833   3.6630   0.0000   0.0000
    9.15    1.79700000   1.7970   1.5588   3.8803   3.6480   0.0000   0.0000
    9.15    1.79800000   1.7980   1.5614   3.8768   3.6310   0.0000   0.0000
    9.15    1.79800000   1.7980   1.5638   3.8730   3.6130   0.0000   0.0000
    9.15    1.79900000   1.7990   1.5661   3.8686   3.5920   0.0000   0.0000
    9.15    1.80000000   1.8000   1.5681   3.8637   3.5690   0.0000   0.0000
    9.15    1.80100000   1.8010   1.5697   3.8576   3.5430   0.0000   0.0000
    9.15    1.80100000   1.8010   1.5708   3.8515   3.5160   0.0000   0.0000
    9.15    1.80200000   1.8020   1.5712   3.8433   3.4810   0.0000   0.0000
    9.15    1.80300000   1.8030   1.5707   3.8350   3.4470   0.0000   0.0000
    9.15    1.80400000   1.8040   1.5686   3.8246   3.4060   0.0000   0.0000
    9.15    1.80400000   1.8040   1.5643   3.8123   3.3580   0.0000   0.0000
    9.15    1.80500000   1.8050   1.5568   3.7998   3.3120   0.0000   0.0000
    9.15    1.80600000   1.8060   1.5443   3.7866   3.2680   0.0000   0.0000
    9.15    1.80700000   1.8070   1.5237   3.7732   3.2300   0.0000   0.0000
    9.15    1.80700000   1.8070   1.4897   3.7594   3.2050   0.0000   0.0000
    9.15    1.80800000   1.8080   1.4375   3.7468   3.2040   0.0000   0.0000
    9.15    1.80900000   1.8090   1.3755   3.7349   3.2160   0.0000   0.0000
    9.15    1.81000000   1.8100   1.3364   3.7233   3.2070   0.0000   0.0000
    9.15    1.81000000   1.8100   1.3510   3.7168   3.1660   0.0000   0.0000
    9.15    1.81100000   1.8110   1.3761   3.7115   3.1200   0.0000   0.0000
    9.15    1.81200000   1.8120   1.4157   3.7076   3.0650   0.0000   0.0000
    9.15    1.81300000   1.8130   1.4583   3.7039   3.0070   0.0000   0.0000
    9.15    1.81400000   1.8130   1.5026   3.7005   2.9500   0.0000   0.0000
    9.15    1.81400000   1.8140   1.5468   3.6973   2.8930   0.0000   0.0000
    9.15    1.81500000   1.8150   1.5892   3.6947   2.8400   0.0000   0.0000
    9.15    1.81600000   1.8150   1.6309   3.6921   2.7880   0.0000   0.0000
    9.15    1.81700000   1.8160   1.6703   3.6898   2.7390   0.0000   0.0000
    9.15    1.81700000   1.8170   1.7099   3.6873   2.6900   0.0000   0.0000
    9.15    1.81800000   1.8170   1.7495   3.6848   2.6410   0.0000   0.0000
    9.15    1.81900000   1.8180   1.7932   3.6822   2.5870   0.0000   0.0000
    9.15    1.82000000   1.8190   1.8378   3.6795   2.5310   0.0000   0.0000
    9.15    1.82000000   1.8190   1.8859   3.6761   2.4700   0.0000   0.0000
    9.15    1.82100000   1.8200   1.9337   3.6727   2.4080   0.0000   0.0000
    9.15    1.82200000   1.8200   1.9811   3.6694   2.3480   0.0000   0.0000
    9.15    1.82300000   1.8210   2.0306   3.6660   2.2850   0.0000   0.0000
    9.15    1.82300000   1.8210   2.0807   3.6625   2.2210   0.0000   0.0000
    9.15    1.82400000   1.8210   2.1287   3.6591   2.1600   0.0000   0.0000
    9.15    1.82500000   1.8220   2.1662   3.6565   2.1110   0.0000   0.0000
    9.15    1.82600000   1.8220   2.1825   3.6553   2.0900   0.0000   0.0000
    9.15    1.82600000   1.8220   2.1582   3.6573   2.1230   0.0000   0.0000
    9.15    1.82700000   1.8220   2.1086   3.6613   2.1880   0.0000   0.0000
    9.15    1.82800000   1.8230   2.1231   3.6603   2.1700   0.0000   0.0000
    9.15    1.82900000   1.8230   2.1513   3.6583   2.1340   0.0000   0.0000
    9.15    1.82900000   1.8230   2.2070   3.6539   2.0610   0.0000   0.0000
    9.15    1.83000000   1.8230   2.2684   3.6502   1.9840   0.0000   0.0000
    9.15    1.83100000   1.8230   2.3343   3.6468   1.9050   0.0000   0.0000
    9.15    1.83200000   1.8220   2.4105   3.6419   1.8090   0.0000   0.0000
    9.15    1.83300000   1.8210   2.4921   3.6363   1.7050   0.0000   0.0000
    9.15    1.83300000   1.8200   2.5868   3.6291   1.5810   0.0000   0.0000
    9.15    1.83400000   1.8160   2.6973   3.6194   1.4310   0.0000   0.0000
    9.15    1.83500000   1.8110   2.8190   3.6080   1.2620   0.0000   0.0000
    9.15    1.83600000   1.7920   3.0027   3.5925   1.0120   0.0000   0.0000
# log(age) Mini Mact logl logt logg Composition Phase
    9.20    0.80000000   0.8000  -0.3934   3.7335   4.6210   0.0000   0.0000
    9.20    0.88400000   0.8840  -0.1780   3.7633   4.5690   0.0000   0.0000
    9.20    0.97800000   0.9780   0.0438   3.7894   4.4950   0.0000   0.0000
    9.20    1.08100000   1.0810   0.2707   3.8135   4.4080   0.0000   0.0000
    9.20    1.19400000   1.1940   0.4753   3.8345   4.3310   0.0000   0.0000
    9.20    1.32000000   1.3200   0.6908   3.8580   4.2530   0.0000   0.0000
    9.20    1.46000000   1.4600   0.9139   3.8741   4.1380   0.0000   0.0000
    9.20    1.61300000   1.6130   1.1680   3.8733   3.9360   0.0000   0.0000
    9.20    1.70100000   1.7010   1.3180   3.8654   3.8070   0.0000   0.0000
    9.20    1.70200000   1.7020   1.3195   3.8654   3.8050   0.0000   0.0000
    9.20    1.70300000   1.7030   1.3210   3.8653   3.8040   0.0000   0.0000
    9.20    1.70300000   1.7030   1.3226   3.8652   3.8020   0.0000   0.0000
    9.20    1.70400000   1.7040   1.3241   3.8652   3.8000   0.0000   0.0000
    9.20    1.70500000   1.7050   1.3258   3.8652   3.7990   0.0000   0.0000
    9.20    1.70600000   1.7060   1.3275   3.8653   3.7980   0.0000   0.0000
    9.20    1.70600000   1.7060   1.3292   3.8653   3.7970   0.0000   0.0000
    9.20    1.70700000   1.7070   1.3310   3.8654   3.7960   0.0000   0.0000
    9.20    1.70800000   1.7080   1.3328   3.8656   3.7950   0.0000   0.0000
    9.20    1.70800000   1.7080   1.3348   3.8658   3.7940   0.0000   0.0000
    9.20    1.70900000   1.7090   1.3369   3.8662   3.7940   0.0000   0.0000
    9.20    1.71000000   1.7100   1.3391   3.8665   3.7930   0.0000   0.0000
    9.20    1.71100000   1.7110   1.3414   3.8671   3.7940   0.0000   0.0000
    9.20    1.71100000   1.7110   1.3441   3.8677   3.7940   0.0000   0.0000
    9.20    1.71200000   1.7120   1.3466   3.8685   3.7950   0.0000   0.0000
    9.20    1.71300000   1.7130   1.3497   3.8694   3.7960   0.0000   0.0000
    9.20    1.71300000   1.7130   1.3530   3.8707   3.7980   0.0000   0.0000
    9.20    1.71400000   1.7140   1.3568   3.8723   3.8010   0.0000   0.0000
    9.20    1.71500000   1.7150   1.3615   3.8744   3.8060   0.0000   0.0000
    9.20    1.71600000   1.7160   1.3671   3.8774   3.8130   0.0000   0.0000
    9.20    1.71600000   1.7160   1.3749   3.8814   3.8220   0.0000   0.0000
    9.20    1.71700000   1.7170   1.3890   3.8888   3.8400   0.0000   0.0000
    9.20    1.71800000   1.7180   1.4146   3.9018   3.8690   0.0000   0.0000
    9.20    1.71800000   1.7180   1.4410   3.9013   3.8400   0.0000   0.0000
    9.20    1.71900000   1.7190   1.4526   3.8941   3.7970   0.0000   0.0000
    9.20    1.72000000   1.7200   1.4564   3.8924   3.7860   0.0000   0.0000
    9.20    1.72100000   1.7210   1.4595   3.8909   3.7760   0.0000   0.0000
    9.20    1.72100000   1.7210   1.4627   3.8894   3.7670   0.0000   0.0000
    9.20    1.72200000   1.7220   1.4657   3.8874   3.7560   0.0000   0.0000
    9.20    1.72300000   1.7230   1.4688   3.8857   3.7460   0.0000   0.0000
    9.20    1.72300000   1.7230   1.4720   3.8838   3.7350   0.0000   0.0000
    9.20    1.72400000   1.7240   1.4750   3.8818   3.7230   0.0000   0.0000
    9.20    1.72500000   1.7250   1.4778   3.8800   3.7130   0.0000   0.0000
    9.20    1.72600000   1.7260   1.4807   3.8774   3.6990   0.0000   0.0000
    9.20    1.72600000   1.7260   1.4835   3.8755   3.6880   0.0000   0.0000
    9.20    1.72700000   1.7270   1.4862   3.8726   3.6740   0.0000   0.0000
    9.20    1.72800000   1.7280   1.4889   3.8698   3.6590   0.0000   0.0000
    9.20    1.72800000   1.7280   1.4915   3.8667   3.6440   0.0000   0.0000
    9.20    1.72900000   1.7290   1.4940   3.8629   3.6250   0.0000   0.0000
    9.20    1.73000000   1.7300   1.4963   3.8592   3.6080   0.0000   0.0000
    9.20    1.73100000   1.7310   1.4983   3.8550   3.5880   0.0000   0.0000
    9.20    1.73100000   1.7310   1.5002   3.8497   3.5640   0.0000   0.0000
    9.20    1.73200000   1.7320   1.5017   3.8444   3.5400   0.0000   0.0000
    9.20    1.73300000   1.7330   1.5025   3.8374   3.5110   0.0000   0.0000
    9.20    1.73400000   1.7340   1.5027   3.8298   3.4790   0.0000   0.0000
    9.20    1.73400000   1.7340   1.5019   3.8214   3.4440   0.0000   0.0000
    9.20    1.73500000   1.7350   1.4995   3.8121   3.4070   0.0000   0.0000
    9.20    1.73600000   1.7360   1.4950   3.8009   3.3640   0.0000   0.0000
    9.20    1.73600000   1.7360   1.4874   3.7912   3.3290   0.0000   0.0000
    9.20    1.73700000   1.7370   1.4750   3.7808   3.2960   0.0000   0.0000
    9.20    1.73800000   1.7380   1.4549   3.7702   3.2690   0.0000   0.0000
    9.20    1.73900000   1.7390   1.4231   3.7582   3.2500   0.0000   0.0000
    9.20    1.73900000   1.7390   1.3757   3.7470   3.2490   0.0000   0.0000
    9.20    1.74000000   1.7400   1.3199   3.7366   3.2610   0.0000   0.0000
    9.20    1.74100000   1.7410   1.2808   3.7258   3.2560   0.0000   0.0000
    9.20    1.74200000   1.7420   1.2822   3.7187   3.2260   0.0000   0.0000
    9.20    1.74200000   1.7420   1.3033   3.7141   3.1860   0.0000   0.0000
    9.20    1.74300000   1.7430   1.3317   3.7102   3.1420   0.0000   0.0000
    9.20    1.74400000   1.7440   1.3697   3.7071   3.0920   0.0000   0.0000
    9.20    1.74400000   1.7440   1.4085   3.7040   3.0410   0.0000   0.0000
    9.20    1.74500000   1.7450   1.4479   3.7009   2.9890   0.0000   0.0000
    9.20    1.74600000   1.7460   1.4865   3.6982   2.9400   0.0000   0.0000
    9.20    1.74700000   1.7460   1.5235   3.6961   2.8940   0.0000   0.0000
    9.20    1.74700000   1.7470   1.5593   3.6940   2.8500   0.0000   0.0000
    9.20    1.74800000   1.7480   1.5930   3.6920   2.8090   0.0000   0.0000
    9.20    1.74900000   1.7480   1.6279   3.6899   2.7660   0.0000   0.0000
    9.20    1.75000000   1.7490   1.6635   3.6876   2.7210   0.0000   0.0000
    9.20    1.75000000   1.7500   1.7053   3.6850   2.6690   0.0000   0.0000
    9.20    1.75100000   1.7500   1.7485   3.6824   2.6160   0.0000   0.0000
    9.20    1.75200000   1.7510   1.7913   3.6798   2.5630   0.0000   0.0000
    9.20    1.75200000   1.7510   1.8342   3.6772   2.5090   0.0000   0.0000
    9.20    1.75300000   1.7520   1.8775   3.6742   2.4540   0.0000   0.0000
    9.20    1.75400000   1.7520   1.9215   3.6712   2.3980   0.0000   0.0000
    9.20    1.75500000   1.7530   1.9679   3.6680   2.3390   0.0000   0.0000
    9.20    1.75500000   1.7530   2.0135   3.6647   2.2810   0.0000   0.0000
    9.20    1.75600000   1.7530   2.0577   3.6616   2.2240   0.0000   0.0000
    9.20    1.75700000   1.7540   2.0913   3.6591   2.1800   0.0000   0.0000
    9.20    1.75800000   1.7540   2.1153   3.6573   2.1490   0.0000   0.0000
    9.20    1.75800000   1.7540   2.0978   3.6588   2.1730   0.0000   0.0000
    9.20    1.75900000   1.7540   2.0604   3.6620   2.2230   0.0000   0.0000
    9.20    1.76000000   1.7550   2.0684   3.6614   2.2130   0.0000   0.0000
    9.20    1.76100000   1.7550   2.0855   3.6601   2.1910   0.0000   0.0000
    9.20    1.76100000   1.7550   2.1390   3.6562   2.1210   0.0000   0.0000
    9.20    1.76200000   1.7550   2.1954   3.6524   2.0500   0.0000   0.0000
    9.20    1.76300000   1.7550   2.2603   3.6493   1.9720   0.0000   0.0000
    9.20    1.76300000   1.7550   2.3311   3.6453   1.8860   0.0000   0.0000
    9.20    1.76400000   1.7540   2.4093   3.6403   1.7870   0.0000   0.0000
    9.20    1.76500000   1.7520   2.5007   3.6334   1.6680   0.0000   0.0000
    9.20    1.76600000   1.7500   2.5990   3.6256   1.5380   0.0000   0.0000
    9.20    1.76600000   1.7450   2.7263   3.6140   1.3630   0.0000   0.0000
    9.20    1.76700000   1.7380   2.8661   3.6013   1.1700   0.0000   0.0000
    9.20    1.76800000   1.7130   3.0798   3.5832   0.8780   0.0000   0.0000
# log(age) Mini Mact logl logt logg Composition Phase
    9.25    0.80000000   0.8000  -0.3896   3.7339   4.6190   0.0000   0.0000
    9.25    0.88400000   0.8840  -0.1726   3.7637   4.5650   0.0000   0.0000
    9.25    0.97800000   0.9780   0.0516   3.7898   4.4890   0.0000   0.0000
    9.25    1.08100000   1.0810   0.2818   3.8140   4.3990   0.0000   0.0000
    9.25    1.19400000   1.1940   0.4897   3.8347   4.3170   0.0000   0.0000
    9.25    1.32000000   1.3200   0.7085   3.8551   4.2240   0.0000   0.0000
    9.25    1.46000000   1.4600   0.9389   3.8612   4.0610   0.0000   0.0000
    9.25    1.59700000   1.5970   1.1863   3.8488   3.8120   0.0000   0.0000
    9.25    1.59700000   1.5970   1.1880   3.8490   3.8120   0.0000   0.0000
    9.25    1.59800000   1.5980   1.1898   3.8493   3.8120   0.0000   0.0000
    9.25    1.59900000   1.5990   1.1916   3.8496   3.8110   0.0000   0.0000
    9.25    1.59900000   1.5990   1.1935   3.8500   3.8110   0.0000   0.0000
    9.25    1.60000000   1.6000   1.1955   3.8504   3.8110   0.0000   0.0000
    9.25    1.60100000   1.6010   1.1974   3.8508   3.8110   0.0000   0.0000
    9.25    1.60100000   1.6010   1.1994   3.8512   3.8110   0.0000   0.0000
    9.25    1.60200000   1.6020   1.2014   3.8517   3.8110   0.0000   0.0000
    9.25    1.60300000   1.6030   1.2038   3.8523   3.8120   0.0000   0.0000
    9.25    1.60300000   1.6030   1.2061   3.8529   3.8120   0.0000   0.0000
    9.25    1.60400000   1.6040   1.2086   3.8536   3.8130   0.0000   0.0000
    9.25    1.60500000   1.6050   1.2112   3.8545   3.8140   0.0000   0.0000
    9.25    1.60500000   1.6050   1.2139   3.8554   3.8160   0.0000   0.0000
    9.25    1.60600000   1.6060   1.2168   3.8564   3.8170   0.0000   0.0000
    9.25    1.60700000   1.6070   1.2201   3.8576   3.8190   0.0000   0.0000
    9.25    1.60700000   1.6070   1.2237   3.8591   3.8220   0.0000   0.0000
    9.25    1.60800000   1.6080   1.2278   3.8608   3.8250   0.0000   0.0000
    9.25    1.60900000   1.6090   1.2323   3.8628   3.8290   0.0000   0.0000
    9.25    1.60900000   1.6090   1.2376   3.8651   3.8330   0.0000   0.0000
    9.25    1.61000000   1.6100   1.2442   3.8682   3.8400   0.0000   0.0000
    9.25    1.61100000   1.6110   1.2531   3.8727   3.8490   0.0000   0.0000
    9.25    1.61100000   1.6110   1.2648   3.8783   3.8610   0.0000   0.0000
    9.25    1.61200000   1.6120   1.2818   3.8858   3.8740   0.0000   0.0000
    9.25    1.61300000   1.6130   1.2979   3.8914   3.8810   0.0000   0.0000
    9.25    1.61300000   1.6130   1.3025   3.8836   3.8450   0.0000   0.0000
    9.25    1.61400000   1.6140   1.3082   3.8797   3.8240   0.0000   0.0000
    9.25    1.61500000   1.6150   1.3132   3.8780   3.8120   0.0000   0.0000
    9.25    1.61500000   1.6150   1.3160   3.8768   3.8050   0.0000   0.0000
    9.25    1.61600000   1.6160   1.3183   3.8762   3.8010   0.0000   0.0000
    9.25    1.61700000   1.6170   1.3205   3.8756   3.7960   0.0000   0.0000
    9.25    1.61700000   1.6170   1.3226   3.8750   3.7920   0.0000   0.0000
    9.25    1.61800000   1.6180   1.3247   3.8744   3.7880   0.0000   0.0000
    9.25    1.61900000   1.6190   1.3269   3.8739   3.7840   0.0000   0.0000
    9.25    1.61900000   1.6190   1.3291   3.8732   3.7790   0.0000   0.0000
    9.25    1.62000000   1.6200   1.3311   3.8724   3.7740   0.0000   0.0000
    9.25    1.62100000   1.6210   1.3332   3.8716   3.7690   0.0000   0.0000
    9.25    1.62200000   1.6220   1.3353   3.8709   3.7650   0.0000   0.0000
    9.25    1.62200000   1.6220   1.3374   3.8701   3.7600   0.0000   0.0000
    9.25    1.62300000   1.6230   1.3396   3.8697   3.7560   0.0000   0.0000
    9.25    1.62400000   1.6240   1.3417   3.8690   3.7520   0.0000   0.0000
    9.25    1.62400000   1.6240   1.3438   3.8682   3.7460   0.0000   0.0000
    9.25    1.62500000   1.6250   1.3458   3.8673   3.7410   0.0000   0.0000
    9.25    1.62600000   1.6260   1.3479   3.8665   3.7360   0.0000   0.0000
    9.25    1.62600000   1.6260   1.3499   3.8660   3.7320   0.0000   0.0000
    9.25    1.62700000   1.6270   1.3519   3.8652   3.7270   0.0000   0.0000
    9.25    1.62800000   1.6280   1.3539   3.8642   3.7220   0.0000   0.0000
    9.25    1.62800000   1.6280   1.3559   3.8632   3.7160   0.0000   0.0000
    9.25    1.62900000   1.6290   1.3579   3.8622   3.7100   0.0000   0.0000
    9.25    1.63000000   1.6300   1.3599   3.8615   3.7060   0.0000   0.0000
    9.25    1.63000000   1.6300   1.3619   3.8604   3.7000   0.0000   0.0000
    9.25    1.63100000   1.6310   1.3638   3.8593   3.6930   0.0000   0.0000
    9.25    1.63200000   1.6320   1.3658   3.8580   3.6870   0.0000   0.0000
    9.25    1.63200000   1.6320   1.3677   3.8567   3.6800   0.0000   0.0000
    9.25    1.63300000   1.6330   1.3697   3.8554   3.6730   0.0000   0.0000
    9.25    1.63400000   1.6340   1.3716   3.8543   3.6670   0.0000   0.0000
    9.25    1.63400000   1.6340   1.3734   3.8528   3.6590   0.0000   0.0000
    9.25    1.63500000   1.6350   1.3753   3.8511   3.6510   0.0000   0.0000
    9.25    1.63600000   1.6360   1.3771   3.8495   3.6430   0.0000   0.0000
    9.25    1.63600000   1.6360   1.3788   3.8481   3.6360   0.0000   0.0000
    9.25    1.63700000   1.6370   1.3806   3.8466   3.6280   0.0000   0.0000
    9.25    1.63800000   1.6380   1.3823   3.8447   3.6190   0.0000   0.0000
    9.25    1.63900000   1.6390   1.3839   3.8427   3.6100   0.0000   0.0000
    9.25    1.63900000   1.6390   1.3855   3.8410   3.6010   0.0000   0.0000
    9.25    1.64000000   1.6400   1.3870   3.8388   3.5910   0.0000   0.0000
    9.25    1.64100000   1.6410   1.3885   3.8363   3.5800   0.0000   0.0000
    9.25    1.64100000   1.6410   1.3898   3.8336   3.5680   0.0000   0.0000
    9.25    1.64200000   1.6420   1.3911   3.8315   3.5580   0.0000   0.0000
    9.25    1.64300000   1.6430   1.3921   3.8287   3.5460   0.0000   0.0000
    9.25    1.64300000   1.6430   1.3931   3.8256   3.5330   0.0000   0.0000
    9.25    1.64400000   1.6440   1.3938   3.8222   3.5190   0.0000   0.0000
    9.25    1.64500000   1.6450   1.3944   3.8190   3.5050   0.0000   0.0000
    9.25    1.64500000   1.6450   1.3947   3.8158   3.4920   0.0000   0.0000
    9.25    1.64600000   1.6460   1.3947   3.8119   3.4760   0.0000   0.0000
    9.25    1.64700000   1.6470   1.3944   3.8077   3.4600   0.0000   0.0000
    9.25    1.64700000   1.6470   1.3935   3.8037   3.4440   0.0000   0.0000
    9.25    1.64800000   1.6480   1.3922   3.7987   3.4250   0.0000   0.0000
    9.25    1.64900000   1.6490   1.3901   3.7939   3.4070   0.0000   0.0000
    9.25    1.65000000   1.6500   1.3873   3.7903   3.3950   0.0000   0.0000
    9.25    1.65000000   1.6500   1.3836   3.7860   3.3800   0.0000   0.0000
    9.25    1.65100000   1.6510   1.3786   3.7820   3.3690   0.0000   0.0000
    9.25    1.65200000   1.6520   1.3720   3.7771   3.3550   0.0000   0.0000
    9.25    1.65200000   1.6520   1.3635   3.7722   3.3420   0.0000   0.0000
    9.25    1.65300000   1.6530   1.3523   3.7677   3.3350   0.0000   0.0000
    9.25    1.65400000   1.6540   1.3385   3.7621   3.3250   0.0000   0.0000
    9.25    1.65400000   1.6540   1.3207   3.7565   3.3200   0.0000   0.0000
    9.25    1.65500000   1.6550   1.2991   3.7506   3.3170   0.0000   0.0000
    9.25    1.65600000   1.6560   1.2746   3.7453   3.3200   0.0000   0.0000
    9.25    1.65600000   1.6560   1.2481   3.7400   3.3250   0.0000   0.0000
    9.25    1.65700000   1.6570   1.2234   3.7349   3.3280   0.0000   0.0000
    9.25    1.65800000   1.6580   1.2041   3.7295   3.3260   0.0000   0.0000
    9.25    1.65800000   1.6580   1.1924   3.7245   3.3170   0.0000   0.0000
    9.25    1.65900000   1.6590   1.1893   3.7202   3.3030   0.0000   0.0000
    9.25    1.66000000   1.6600   1.1995   3.7178   3.2840   0.0000   0.0000
    9.25    1.66100000   1.6610   1.2103   3.7155   3.2640   0.0000   0.0000
    9.25    1.66100000   1.6610   1.2212   3.7132   3.2440   0.0000   0.0000
    9.25    1.66200000   1.6620   1.2378   3.7113   3.2200   0.0000   0.0000
    9.25    1.66300000   1.6630   1.2577   3.7097   3.1930   0.0000   0.0000
    9.25    1.66300000   1.6630   1.2775   3.7080   3.1670   0.0000   0.0000
    9.25    1.66400000   1.6640   1.2979   3.7064   3.1400   0.0000   0.0000
    9.25    1.66500000   1.6650   1.3190   3.7049   3.1130   0.0000   0.0000
    9.25    1.66500000   1.6650   1.3402   3.7033   3.0860   0.0000   0.0000
    9.25    1.66600000   1.6660   1.3615   3.7018   3.0590   0.0000   0.0000
    9.25    1.66700000   1.6670   1.3815   3.7005   3.0340   0.0000   0.0000
    9.25    1.66800000   1.6670   1.4011   3.6993   3.0100   0.0000   0.0000
    9.25    1.66800000   1.6680   1.4207   3.6981   2.9850   0.0000   0.0000
    9.25    1.66900000   1.6690   1.4397   3.6970   2.9620   0.0000   0.0000
    9.25    1.67000000   1.6690   1.4575   3.6960   2.9410   0.0000   0.0000
    9.25    1.67000000   1.6700   1.4754   3.6950   2.9190   0.0000   0.0000
    9.25    1.67100000   1.6710   1.4938   3.6940   2.8960   0.0000   0.0000
    9.25    1.67200000   1.6710   1.5134   3.6927   2.8720   0.0000   0.0000
    9.25    1.67200000   1.6720   1.5330   3.6915   2.8480   0.0000   0.0000
    9.25    1.67300000   1.6730   1.5534   3.6902   2.8220   0.0000   0.0000
    9.25    1.67400000   1.6730   1.5784   3.6888   2.7920   0.0000   0.0000
    9.25    1.67400000   1.6740   1.6034   3.6873   2.7610   0.0000   0.0000
    9.25    1.67500000   1.6740   1.6286   3.6858   2.7300   0.0000   0.0000
    9.25    1.67600000   1.6750   1.6525   3.6846   2.7010   0.0000   0.0000
    9.25    1.67700000   1.6760   1.6759   3.6834   2.6730   0.0000   0.0000
    9.25    1.67700000   1.6760   1.6993   3.6823   2.6450   0.0000   0.0000
    9.25    1.67800000   1.6770   1.7231   3.6809   2.6160   0.0000   0.0000
    9.25    1.67900000   1.6780   1.7473   3.6793   2.5860   0.0000   0.0000
    9.25    1.67900000   1.6780   1.7715   3.6777   2.5550   0.0000   0.0000
    9.25    1.68000000   1.6790   1.7964   3.6760   2.5240   0.0000   0.0000
    9.25    1.68100000   1.6790   1.8227   3.6742   2.4910   0.0000   0.0000
    9.25    1.68100000   1.6800   1.8490   3.6724   2.4570   0.0000   0.0000
    9.25    1.68200000   1.6800   1.8754   3.6706   2.4240   0.0000   0.0000
    9.25    1.68300000   1.6810   1.9007   3.6689   2.3920   0.0000   0.0000
    9.25    1.68400000   1.6810   1.9260   3.6671   2.3590   0.0000   0.0000
    9.25    1.68400000   1.6820   1.9513   3.6654   2.3270   0.0000   0.0000
    9.25    1.68500000   1.6820   1.9721   3.6639   2.3010   0.0000   0.0000
    9.25    1.68600000   1.6830   1.9913   3.6625   2.2760   0.0000   0.0000
    9.25    1.68600000   1.6830   2.0105   3.6611   2.2510   0.0000   0.0000
    9.25    1.68700000   1.6840   2.0165   3.6608   2.2440   0.0000   0.0000
    9.25    1.68800000   1.6840   2.0036   3.6620   2.2620   0.0000   0.0000
    9.25    1.68900000   1.6840   1.9905   3.6633   2.2800   0.0000   0.0000
    9.25    1.68900000   1.6850   1.9805   3.6644   2.2950   0.0000   0.0000
    9.25    1.69000000   1.6850   1.9898   3.6637   2.2830   0.0000   0.0000
    9.25    1.69100000   1.6860   1.9991   3.6630   2.2710   0.0000   0.0000
    9.25    1.69100000   1.6860   2.0083   3.6623   2.2590   0.0000   0.0000
    9.25    1.69200000   1.6870   2.0366   3.6603   2.2230   0.0000   0.0000
    9.25    1.69300000   1.6870   2.0683   3.6582   2.1830   0.0000   0.0000
    9.25    1.69300000   1.6870   2.1000   3.6560   2.1420   0.0000   0.0000
    9.25    1.69400000   1.6880   2.1358   3.6540   2.0990   0.0000   0.0000
    9.25    1.69500000   1.6880   2.1747   3.6522   2.0530   0.0000   0.0000
    9.25    1.69600000   1.6880   2.2137   3.6504   2.0070   0.0000   0.0000
    9.25    1.69600000   1.6880   2.2551   3.6483   1.9570   0.0000   0.0000
    9.25    1.69700000   1.6880   2.3025   3.6453   1.8970   0.0000   0.0000
    9.25    1.69800000   1.6880   2.3500   3.6424   1.8380   0.0000   0.0000
    9.25    1.69800000   1.6880   2.3977   3.6393   1.7780   0.0000   0.0000
    9.25    1.69900000   1.6870   2.4589   3.6344   1.6970   0.0000   0.0000
    9.25    1.70000000   1.6860   2.5203   3.6294   1.6150   0.0000   0.0000
    9.25    1.70100000   1.6830   2.6198   3.6210   1.4810   0.0000   0.0000
    9.25    1.70100000   1.6770   2.7594   3.6083   1.2890   0.0000   0.0000
    9.25    1.70200000   1.6650   2.9252   3.5936   1.0620   0.0000   0.0000
    9.25    1.70300000   1.6370   3.1613   3.5735   0.7380   0.0000   0.0000
# log(age) Mini Mact logl logt logg Composition Phase
    9.30    0.80000000   0.8000  -0.3853   3.7344   4.6170   0.0000   0.0000
    9.30    0.88400000   0.8840  -0.1665   3.7642   4.5610   0.0000   0.0000
    9.30    0.97800000   0.9780   0.0604   3.7902   4.4820   0.0000   0.0000
    9.30    1.08100000   1.0810   0.2946   3.8145   4.3880   0.0000   0.0000
    9.30    1.19400000   1.1940   0.5059   3.8345   4.3000   0.0000   0.0000
    9.30    1.32000000   1.3200   0.7284   3.8508   4.1870   0.0000   0.0000
    9.30    1.46000000   1.4600   0.9680   3.8398   3.9460   0.0000   0.0000
    9.30    1.48600000   1.4860   1.0199   3.8318   3.8700   0.0000   0.0000
    9.30    1.48700000   1.4870   1.0215   3.8317   3.8690   0.0000   0.0000
    9.30    1.48700000   1.4870   1.0231   3.8317   3.8670   0.0000   0.0000
    9.30    1.48800000   1.4880   1.0247   3.8317   3.8650   0.0000   0.0000
    9.30    1.48800000   1.4880   1.0264   3.8317   3.8640   0.0000   0.0000
    9.30    1.48900000   1.4890   1.0282   3.8317   3.8630   0.0000   0.0000
    9.30    1.49000000   1.4900   1.0300   3.8318   3.8610   0.0000   0.0000
    9.30    1.49000000   1.4900   1.0319   3.8319   3.8600   0.0000   0.0000
    9.30    1.49100000   1.4910   1.0340   3.8322   3.8590   0.0000   0.0000
    9.30    1.49200000   1.4920   1.0361   3.8324   3.8580   0.0000   0.0000
    9.30    1.49200000   1.4920   1.0383   3.8328   3.8580   0.0000   0.0000
    9.30    1.49300000   1.4930   1.0407   3.8332   3.8570   0.0000   0.0000
    9.30    1.49300000   1.4930   1.0433   3.8338   3.8570   0.0000   0.0000
    9.30    1.49400000   1.4940   1.0461   3.8344   3.8570   0.0000   0.0000
    9.30    1.49500000   1.4950   1.0491   3.8352   3.8570   0.0000   0.0000
    9.30    1.49500000   1.4950   1.0526   3.8363   3.8580   0.0000   0.0000
    9.30    1.49600000   1.4960   1.0564   3.8375   3.8600   0.0000   0.0000
    9.30    1.49700000   1.4970   1.0609   3.8391   3.8620   0.0000   0.0000
    9.30    1.49700000   1.4970   1.0663   3.8413   3.8650   0.0000   0.0000
    9.30    1.49800000   1.4980   1.0730   3.8441   3.8700   0.0000   0.0000
    9.30    1.49800000   1.4980   1.0815   3.8479   3.8770   0.0000   0.0000
    9.30    1.49900000   1.4990   1.0916   3.8528   3.8860   0.0000   0.0000
    9.30    1.50000000   1.5000   1.1068   3.8598   3.8990   0.0000   0.0000
    9.30    1.50000000   1.5000   1.1248   3.8665   3.9080   0.0000   0.0000
    9.30    1.50100000   1.5010   1.1340   3.8664   3.8990   0.0000   0.0000
    9.30    1.50200000   1.5020   1.1388   3.8623   3.8780   0.0000   0.0000
    9.30    1.50200000   1.5020   1.1429   3.8606   3.8670   0.0000   0.0000
    9.30    1.50300000   1.5030   1.1466   3.8594   3.8590   0.0000   0.0000
    9.30    1.50300000   1.5030   1.1491   3.8587   3.8540   0.0000   0.0000
    9.30    1.50400000   1.5040   1.1514   3.8581   3.8490   0.0000   0.0000
    9.30    1.50500000   1.5050   1.1536   3.8575   3.8450   0.0000   0.0000
    9.30    1.50500000   1.5050   1.1557   3.8570   3.8410   0.0000   0.0000
    9.30    1.50600000   1.5060   1.1578   3.8564   3.8370   0.0000   0.0000
    9.30    1.50700000   1.5070   1.1598   3.8560   3.8330   0.0000   0.0000
    9.30    1.50700000   1.5070   1.1619   3.8555   3.8290   0.0000   0.0000
    9.30    1.50800000   1.5080   1.1639   3.8551   3.8260   0.0000   0.0000
    9.30    1.50900000   1.5090   1.1659   3.8546   3.8220   0.0000   0.0000
    9.30    1.50900000   1.5090   1.1679   3.8541   3.8180   0.0000   0.0000
    9.30    1.51000000   1.5100   1.1699   3.8537   3.8150   0.0000   0.0000
    9.30    1.51000000   1.5100   1.1719   3.8532   3.8110   0.0000   0.0000
    9.30    1.51100000   1.5110   1.1738   3.8527   3.8070   0.0000   0.0000
    9.30    1.51200000   1.5120   1.1758   3.8522   3.8040   0.0000   0.0000
    9.30    1.51200000   1.5120   1.1777   3.8518   3.8000   0.0000   0.0000
    9.30    1.51300000   1.5130   1.1797   3.8513   3.7960   0.0000   0.0000
    9.30    1.51400000   1.5140   1.1816   3.8508   3.7930   0.0000   0.0000
    9.30    1.51400000   1.5140   1.1836   3.8503   3.7890   0.0000   0.0000
    9.30    1.51500000   1.5150   1.1855   3.8498   3.7850   0.0000   0.0000
    9.30    1.51500000   1.5150   1.1874   3.8493   3.7820   0.0000   0.0000
    9.30    1.51600000   1.5160   1.1893   3.8488   3.7780   0.0000   0.0000
    9.30    1.51700000   1.5170   1.1912   3.8482   3.7740   0.0000   0.0000
    9.30    1.51700000   1.5170   1.1931   3.8477   3.7700   0.0000   0.0000
    9.30    1.51800000   1.5180   1.1950   3.8471   3.7660   0.0000   0.0000
    9.30    1.51900000   1.5190   1.1969   3.8465   3.7620   0.0000   0.0000
    9.30    1.51900000   1.5190   1.1988   3.8458   3.7570   0.0000   0.0000
    9.30    1.52000000   1.5200   1.2007   3.8452   3.7530   0.0000   0.0000
    9.30    1.52100000   1.5210   1.2025   3.8445   3.7490   0.0000   0.0000
    9.30    1.52100000   1.5210   1.2044   3.8438   3.7440   0.0000   0.0000
    9.30    1.52200000   1.5220   1.2062   3.8430   3.7400   0.0000   0.0000
    9.30    1.52200000   1.5220   1.2081   3.8422   3.7350   0.0000   0.0000
    9.30    1.52300000   1.5230   1.2099   3.8414   3.7300   0.0000   0.0000
    9.30    1.52400000   1.5240   1.2117   3.8405   3.7250   0.0000   0.0000
    9.30    1.52400000   1.5240   1.2135   3.8396   3.7200   0.0000   0.0000
    9.30    1.52500000   1.5250   1.2153   3.8387   3.7140   0.0000   0.0000
    9.30    1.52600000   1.5260   1.2171   3.8378   3.7090   0.0000   0.0000
    9.30    1.52600000   1.5260   1.2188   3.8367   3.7030   0.0000   0.0000
    9.30    1.52700000   1.5270   1.2206   3.8357   3.6980   0.0000   0.0000
    9.30    1.52800000   1.5280   1.2223   3.8346   3.6920   0.0000   0.0000
    9.30    1.52800000   1.5280   1.2240   3.8335   3.6860   0.0000   0.0000
    9.30    1.52900000   1.5290   1.2257   3.8325   3.6800   0.0000   0.0000
    9.30    1.52900000   1.5290   1.2273   3.8315   3.6750   0.0000   0.0000
    9.30    1.53000000   1.5300   1.2289   3.8304   3.6690   0.0000   0.0000
    9.30    1.53100000   1.5310   1.2305   3.8293   3.6630   0.0000   0.0000
    9.30    1.53100000   1.5310   1.2321   3.8280   3.6570   0.0000   0.0000
    9.30    1.53200000   1.5320   1.2336   3.8268   3.6510   0.0000   0.0000
    9.30    1.53300000   1.5330   1.2351   3.8255   3.6440   0.0000   0.0000
    9.30    1.53300000   1.5330   1.2365   3.8241   3.6370   0.0000   0.0000
    9.30    1.53400000   1.5340   1.2379   3.8225   3.6300   0.0000   0.0000
    9.30    1.53500000   1.5350   1.2392   3.8209   3.6220   0.0000   0.0000
    9.30    1.53500000   1.5350   1.2405   3.8192   3.6150   0.0000   0.0000
    9.30    1.53600000   1.5360   1.2416   3.8176   3.6070   0.0000   0.0000
    9.30    1.53600000   1.5360   1.2427   3.8158   3.5990   0.0000   0.0000
    9.30    1.53700000   1.5370   1.2437   3.8139   3.5910   0.0000   0.0000
    9.30    1.53800000   1.5380   1.2446   3.8123   3.5840   0.0000   0.0000
    9.30    1.53800000   1.5380   1.2453   3.8105   3.5760   0.0000   0.0000
    9.30    1.53900000   1.5390   1.2460   3.8087   3.5680   0.0000   0.0000
    9.30    1.54000000   1.5400   1.2465   3.8068   3.5600   0.0000   0.0000
    9.30    1.54000000   1.5400   1.2467   3.8047   3.5520   0.0000   0.0000
    9.30    1.54100000   1.5410   1.2468   3.8025   3.5430   0.0000   0.0000
    9.30    1.54200000   1.5420   1.2466   3.8001   3.5340   0.0000   0.0000
    9.30    1.54200000   1.5420   1.2462   3.7975   3.5240   0.0000   0.0000
    9.30    1.54300000   1.5430   1.2454   3.7947   3.5140   0.0000   0.0000
    9.30    1.54400000   1.5440   1.2442   3.7919   3.5040   0.0000   0.0000
    9.30    1.54400000   1.5440   1.2426   3.7892   3.4950   0.0000   0.0000
    9.30    1.54500000   1.5450   1.2405   3.7868   3.4880   0.0000   0.0000
    9.30    1.54500000   1.5450   1.2376   3.7841   3.4800   0.0000   0.0000
    9.30    1.54600000   1.5460   1.2341   3.7813   3.4720   0.0000   0.0000
    9.30    1.54700000   1.5470   1.2299   3.7783   3.4650   0.0000   0.0000
    9.30    1.54700000   1.5470   1.2244   3.7747   3.4560   0.0000   0.0000
    9.30    1.54800000   1.5480   1.2178   3.7712   3.4490   0.0000   0.0000
    9.30    1.54900000   1.5490   1.2100   3.7678   3.4430   0.0000   0.0000
    9.30    1.54900000   1.5490   1.2008   3.7644   3.4390   0.0000   0.0000
    9.30    1.55000000   1.5500   1.1894   3.7605   3.4340   0.0000   0.0000
    9.30    1.55100000   1.5510   1.1756   3.7561   3.4310   0.0000   0.0000
    9.30    1.55100000   1.5510   1.1603   3.7518   3.4290   0.0000   0.0000
    9.30    1.55200000   1.5520   1.1436   3.7473   3.4280   0.0000   0.0000
    9.30    1.55300000   1.5530   1.1262   3.7424   3.4260   0.0000   0.0000
    9.30    1.55300000   1.5530   1.1087   3.7381   3.4260   0.0000   0.0000
    9.30    1.55400000   1.5540   1.0932   3.7342   3.4260   0.0000   0.0000
    9.30    1.55500000   1.5550   1.0805   3.7304   3.4240   0.0000   0.0000
    9.30    1.55500000   1.5550   1.0711   3.7267   3.4190   0.0000   0.0000
    9.30    1.55600000   1.5560   1.0655   3.7230   3.4100   0.0000   0.0000
    9.30    1.55600000   1.5560   1.0643   3.7198   3.3980   0.0000   0.0000
    9.30    1.55700000   1.5570   1.0691   3.7176   3.3850   0.0000   0.0000
    9.30    1.55800000   1.5580   1.0768   3.7159   3.3700   0.0000   0.0000
    9.30    1.55800000   1.5580   1.0846   3.7142   3.3560   0.0000   0.0000
    9.30    1.55900000   1.5590   1.0951   3.7126   3.3390   0.0000   0.0000
    9.30    1.56000000   1.5600   1.1079   3.7110   3.3200   0.0000   0.0000
    9.30    1.56000000   1.5600   1.1209   3.7095   3.3010   0.0000   0.0000
    9.30    1.56100000   1.5610   1.1351   3.7082   3.2820   0.0000   0.0000
    9.30    1.56200000   1.5620   1.1509   3.7074   3.2630   0.0000   0.0000
    9.30    1.56200000   1.5620   1.1668   3.7065   3.2440   0.0000   0.0000
    9.30    1.56300000   1.5630   1.1824   3.7056   3.2250   0.0000   0.0000
    9.30    1.56400000   1.5640   1.1966   3.7043   3.2060   0.0000   0.0000
    9.30    1.56400000   1.5640   1.2109   3.7029   3.1860   0.0000   0.0000
    9.30    1.56500000   1.5650   1.2253   3.7017   3.1670   0.0000   0.0000
    9.30    1.56600000   1.5650   1.2393   3.7007   3.1490   0.0000   0.0000
    9.30    1.56600000   1.5660   1.2535   3.6998   3.1320   0.0000   0.0000
    9.30    1.56700000   1.5670   1.2676   3.6989   3.1140   0.0000   0.0000
    9.30    1.56800000   1.5670   1.2830   3.6979   3.0950   0.0000   0.0000
    9.30    1.56800000   1.5680   1.2984   3.6970   3.0760   0.0000   0.0000
    9.30    1.56900000   1.5690   1.3139   3.6960   3.0570   0.0000   0.0000
    9.30    1.57000000   1.5690   1.3321   3.6951   3.0350   0.0000   0.0000
    9.30    1.57000000   1.5700   1.3505   3.6942   3.0130   0.0000   0.0000
    9.30    1.57100000   1.5700   1.3690   3.6933   2.9910   0.0000   0.0000
    9.30    1.57200000   1.5710   1.3869   3.6926   2.9710   0.0000   0.0000
    9.30    1.57200000   1.5720   1.4048   3.6918   2.9500   0.0000   0.0000
    9.30    1.57300000   1.5720   1.4228   3.6911   2.9290   0.0000   0.0000
    9.30    1.57300000   1.5730   1.4407   3.6899   2.9070   0.0000   0.0000
    9.30    1.57400000   1.5730   1.4587   3.6887   2.8840   0.0000   0.0000
    9.30    1.57500000   1.5740   1.4767   3.6874   2.8610   0.0000   0.0000
    9.30    1.57500000   1.5750   1.4958   3.6861   2.8370   0.0000   0.0000
    9.30    1.57600000   1.5750   1.5155   3.6849   2.8120   0.0000   0.0000
    9.30    1.57700000   1.5760   1.5352   3.6837   2.7880   0.0000   0.0000
    9.30    1.57700000   1.5760   1.5550   3.6825   2.7640   0.0000   0.0000
    9.30    1.57800000   1.5770   1.5748   3.6814   2.7400   0.0000   0.0000
    9.30    1.57900000   1.5770   1.5946   3.6803   2.7150   0.0000   0.0000
    9.30    1.57900000   1.5780   1.6134   3.6792   2.6930   0.0000   0.0000
    9.30    1.58000000   1.5790   1.6307   3.6782   2.6710   0.0000   0.0000
    9.30    1.58100000   1.5790   1.6480   3.6772   2.6500   0.0000   0.0000
    9.30    1.58100000   1.5800   1.6605   3.6765   2.6350   0.0000   0.0000
    9.30    1.58200000   1.5800   1.6626   3.6767   2.6340   0.0000   0.0000
    9.30    1.58300000   1.5810   1.6644   3.6769   2.6330   0.0000   0.0000
    9.30    1.58300000   1.5810   1.6689   3.6768   2.6280   0.0000   0.0000
    9.30    1.58400000   1.5820   1.6842   3.6760   2.6100   0.0000   0.0000
    9.30    1.58500000   1.5820   1.6994   3.6752   2.5920   0.0000   0.0000
    9.30    1.58500000   1.5830   1.7157   3.6743   2.5720   0.0000   0.0000
    9.30    1.58600000   1.5830   1.7431   3.6726   2.5380   0.0000   0.0000
    9.30    1.58700000   1.5840   1.7704   3.6709   2.5040   0.0000   0.0000
    9.30    1.58700000   1.5840   1.7979   3.6691   2.4690   0.0000   0.0000
    9.30    1.58800000   1.5840   1.8306   3.6675   2.4300   0.0000   0.0000
    9.30    1.58900000   1.5850   1.8635   3.6659   2.3910   0.0000   0.0000
    9.30    1.58900000   1.5850   1.8964   3.6643   2.3520   0.0000   0.0000
    9.30    1.59000000   1.5850   1.9278   3.6626   2.3140   0.0000   0.0000
    9.30    1.59100000   1.5860   1.9591   3.6610   2.2760   0.0000   0.0000
    9.30    1.59100000   1.5860   1.9906   3.6593   2.2380   0.0000   0.0000
    9.30    1.59200000   1.5860   2.0330   3.6562   2.1830   0.0000   0.0000
    9.30    1.59300000   1.5850   2.0787   3.6526   2.1230   0.0000   0.0000
    9.30    1.59300000   1.5850   2.1245   3.6490   2.0620   0.0000   0.0000
    9.30    1.59400000   1.5840   2.1676   3.6452   2.0040   0.0000   0.0000
    9.30    1.59500000   1.5830   2.2096   3.6414   1.9470   0.0000   0.0000
    9.30    1.59500000   1.5820   2.2523   3.6376   1.8880   0.0000   0.0000
    9.30    1.59600000   1.5770   2.3185   3.6320   1.7980   0.0000   0.0000
    9.30    1.59700000   1.5690   2.4042   3.6251   1.6830   0.0000   0.0000
    9.30    1.59700000   1.5610   2.4906   3.6181   1.5660   0.0000   0.0000
# log(age) Mini Mact logl logt logg Composition Phase
    9.35    0.80000000   0.8000  -0.3806   3.7349   4.6140   0.0000   0.0000
    9.35    0.88400000   0.8840  -0.1595   3.7648   4.5560   0.0000   0.0000
    9.35    0.97800000   0.9780   0.0706   3.7908   4.4740   0.0000   0.0000
    9.35    1.08100000   1.0810   0.3093   3.8150   4.3750   0.0000   0.0000
    9.35    1.19400000   1.1940   0.5242   3.8334   4.2780   0.0000   0.0000
    9.35    1.32000000   1.3200   0.7512   3.8438   4.1360   0.0000   0.0000
    9.35    1.42600000   1.4260   0.9469   3.8270   3.9060   0.0000   0.0000
    9.35    1.42700000   1.4270   0.9485   3.8270   3.9050   0.0000   0.0000
    9.35    1.42800000   1.4280   0.9501   3.8269   3.9030   0.0000   0.0000
    9.35    1.42800000   1.4280   0.9516   3.8269   3.9020   0.0000   0.0000
    9.35    1.42900000   1.4290   0.9532   3.8269   3.9000   0.0000   0.0000
    9.35    1.42900000   1.4290   0.9550   3.8270   3.8990   0.0000   0.0000
    9.35    1.43000000   1.4300   0.9567   3.8270   3.8980   0.0000   0.0000
    9.35    1.43100000   1.4310   0.9586   3.8272   3.8970   0.0000   0.0000
    9.35    1.43100000   1.4310   0.9606   3.8273   3.8950   0.0000   0.0000
    9.35    1.43200000   1.4320   0.9626   3.8276   3.8940   0.0000   0.0000
    9.35    1.43200000   1.4320   0.9648   3.8278   3.8940   0.0000   0.0000
    9.35    1.43300000   1.4330   0.9671   3.8282   3.8930   0.0000   0.0000
    9.35    1.43400000   1.4340   0.9696   3.8286   3.8920   0.0000   0.0000
    9.35    1.43400000   1.4340   0.9723   3.8291   3.8920   0.0000   0.0000
    9.35    1.43500000   1.4350   0.9752   3.8298   3.8920   0.0000   0.0000
    9.35    1.43500000   1.4350   0.9784   3.8306   3.8920   0.0000   0.0000
    9.35    1.43600000   1.4360   0.9821   3.8317   3.8930   0.0000   0.0000
    9.35    1.43700000   1.4370   0.9863   3.8330   3.8940   0.0000   0.0000
    9.35    1.43700000   1.4370   0.9911   3.8346   3.8960   0.0000   0.0000
    9.35    1.43800000   1.4380   0.9973   3.8368   3.8990   0.0000   0.0000
    9.35    1.43800000   1.4380   1.0047   3.8396   3.9030   0.0000   0.0000
    9.35    1.43900000   1.4390   1.0144   3.8435   3.9080   0.0000   0.0000
    9.35    1.44000000   1.4400   1.0266   3.8485   3.9170   0.0000   0.0000
    9.35    1.44000000   1.4400   1.0461   3.8560   3.9270   0.0000   0.0000
    9.35    1.44100000   1.4410   1.0621   3.8573   3.9170   0.0000   0.0000
    9.35    1.44100000   1.4410   1.0685   3.8531   3.8930   0.0000   0.0000
    9.35    1.44200000   1.4420   1.0728   3.8515   3.8830   0.0000   0.0000
    9.35    1.44300000   1.4430   1.0757   3.8504   3.8760   0.0000   0.0000
    9.35    1.44300000   1.4430   1.0783   3.8495   3.8700   0.0000   0.0000
    9.35    1.44400000   1.4440   1.0808   3.8487   3.8640   0.0000   0.0000
    9.35    1.44400000   1.4440   1.0832   3.8479   3.8590   0.0000   0.0000
    9.35    1.44500000   1.4450   1.0856   3.8472   3.8540   0.0000   0.0000
    9.35    1.44600000   1.4460   1.0880   3.8465   3.8490   0.0000   0.0000
    9.35    1.44600000   1.4460   1.0904   3.8458   3.8440   0.0000   0.0000
    9.35    1.44700000   1.4470   1.0927   3.8451   3.8390   0.0000   0.0000
    9.35    1.44700000   1.4470   1.0950   3.8444   3.8340   0.0000   0.0000
    9.35    1.44800000   1.4480   1.0973   3.8437   3.8290   0.0000   0.0000
    9.35    1.44900000   1.4490   1.0996   3.8430   3.8240   0.0000   0.0000
    9.35    1.44900000   1.4490   1.1019   3.8423   3.8190   0.0000   0.0000
    9.35    1.45000000   1.4500   1.1042   3.8415   3.8140   0.0000   0.0000
    9.35    1.45000000   1.4500   1.1064   3.8407   3.8090   0.0000   0.0000
    9.35    1.45100000   1.4510   1.1087   3.8399   3.8030   0.0000   0.0000
    9.35    1.45200000   1.4520   1.1109   3.8390   3.7980   0.0000   0.0000
    9.35    1.45200000   1.4520   1.1131   3.8381   3.7920   0.0000   0.0000
    9.35    1.45300000   1.4530   1.1153   3.8371   3.7860   0.0000   0.0000
    9.35    1.45300000   1.4530   1.1175   3.8361   3.7800   0.0000   0.0000
    9.35    1.45400000   1.4540   1.1197   3.8350   3.7740   0.0000   0.0000
    9.35    1.45500000   1.4550   1.1218   3.8338   3.7670   0.0000   0.0000
    9.35    1.45500000   1.4550   1.1239   3.8326   3.7600   0.0000   0.0000
    9.35    1.45600000   1.4560   1.1260   3.8313   3.7530   0.0000   0.0000
    9.35    1.45700000   1.4570   1.1281   3.8299   3.7460   0.0000   0.0000
    9.35    1.45700000   1.4570   1.1301   3.8284   3.7380   0.0000   0.0000
    9.35    1.45800000   1.4580   1.1321   3.8268   3.7300   0.0000   0.0000
    9.35    1.45800000   1.4580   1.1341   3.8253   3.7220   0.0000   0.0000
    9.35    1.45900000   1.4590   1.1360   3.8238   3.7140   0.0000   0.0000
    9.35    1.46000000   1.4600   1.1378   3.8224   3.7070   0.0000   0.0000
    9.35    1.46000000   1.4600   1.1395   3.8208   3.6990   0.0000   0.0000
    9.35    1.46100000   1.4610   1.1412   3.8190   3.6910   0.0000   0.0000
    9.35    1.46100000   1.4610   1.1428   3.8172   3.6820   0.0000   0.0000
    9.35    1.46200000   1.4620   1.1443   3.8152   3.6720   0.0000   0.0000
    9.35    1.46300000   1.4630   1.1456   3.8130   3.6630   0.0000   0.0000
    9.35    1.46300000   1.4630   1.1468   3.8107   3.6520   0.0000   0.0000
    9.35    1.46400000   1.4640   1.1478   3.8082   3.6420   0.0000   0.0000
    9.35    1.46400000   1.4640   1.1486   3.8061   3.6320   0.0000   0.0000
    9.35    1.46500000   1.4650   1.1491   3.8039   3.6230   0.0000   0.0000
    9.35    1.46600000   1.4660   1.1493   3.8014   3.6130   0.0000   0.0000
    9.35    1.46600000   1.4660   1.1491   3.7989   3.6040   0.0000   0.0000
    9.35    1.46700000   1.4670   1.1483   3.7960   3.5930   0.0000   0.0000
    9.35    1.46800000   1.4680   1.1470   3.7928   3.5820   0.0000   0.0000
    9.35    1.46800000   1.4680   1.1449   3.7893   3.5700   0.0000   0.0000
    9.35    1.46900000   1.4690   1.1418   3.7860   3.5600   0.0000   0.0000
    9.35    1.46900000   1.4690   1.1375   3.7825   3.5500   0.0000   0.0000
    9.35    1.47000000   1.4700   1.1318   3.7786   3.5410   0.0000   0.0000
    9.35    1.47100000   1.4710   1.1242   3.7743   3.5310   0.0000   0.0000
    9.35    1.47100000   1.4710   1.1142   3.7694   3.5220   0.0000   0.0000
    9.35    1.47200000   1.4720   1.1018   3.7647   3.5160   0.0000   0.0000
    9.35    1.47200000   1.4720   1.0855   3.7595   3.5110   0.0000   0.0000
    9.35    1.47300000   1.4730   1.0655   3.7532   3.5070   0.0000   0.0000
    9.35    1.47400000   1.4740   1.0428   3.7473   3.5060   0.0000   0.0000
    9.35    1.47400000   1.4740   1.0193   3.7401   3.5010   0.0000   0.0000
    9.35    1.47500000   1.4750   0.9982   3.7341   3.4980   0.0000   0.0000
    9.35    1.47500000   1.4750   0.9825   3.7290   3.4930   0.0000   0.0000
    9.35    1.47600000   1.4760   0.9733   3.7241   3.4830   0.0000   0.0000
    9.35    1.47700000   1.4770   0.9700   3.7195   3.4680   0.0000   0.0000
    9.35    1.47700000   1.4770   0.9750   3.7166   3.4520   0.0000   0.0000
    9.35    1.47800000   1.4780   0.9828   3.7145   3.4360   0.0000   0.0000
    9.35    1.47900000   1.4790   0.9937   3.7122   3.4160   0.0000   0.0000
    9.35    1.47900000   1.4790   1.0057   3.7099   3.3950   0.0000   0.0000
    9.35    1.48000000   1.4800   1.0221   3.7090   3.3750   0.0000   0.0000
    9.35    1.48000000   1.4800   1.0394   3.7083   3.3550   0.0000   0.0000
    9.35    1.48100000   1.4810   1.0550   3.7063   3.3320   0.0000   0.0000
    9.35    1.48200000   1.4820   1.0708   3.7042   3.3080   0.0000   0.0000
    9.35    1.48200000   1.4820   1.0881   3.7029   3.2850   0.0000   0.0000
    9.35    1.48300000   1.4830   1.1057   3.7016   3.2630   0.0000   0.0000
    9.35    1.48400000   1.4830   1.1244   3.7005   3.2400   0.0000   0.0000
    9.35    1.48400000   1.4840   1.1435   3.6995   3.2170   0.0000   0.0000
    9.35    1.48500000   1.4850   1.1631   3.6989   3.1950   0.0000   0.0000
    9.35    1.48500000   1.4850   1.1834   3.6982   3.1720   0.0000   0.0000
    9.35    1.48600000   1.4860   1.2041   3.6976   3.1490   0.0000   0.0000
    9.35    1.48700000   1.4860   1.2243   3.6962   3.1240   0.0000   0.0000
    9.35    1.48700000   1.4870   1.2444   3.6948   3.0980   0.0000   0.0000
    9.35    1.48800000   1.4870   1.2658   3.6935   3.0720   0.0000   0.0000
    9.35    1.48800000   1.4880   1.2879   3.6924   3.0450   0.0000   0.0000
    9.35    1.48900000   1.4890   1.3113   3.6915   3.0190   0.0000   0.0000
    9.35    1.49000000   1.4890   1.3354   3.6906   2.9910   0.0000   0.0000
    9.35    1.49000000   1.4900   1.3599   3.6896   2.9630   0.0000   0.0000
    9.35    1.49100000   1.4900   1.3846   3.6882   2.9320   0.0000   0.0000
    9.35    1.49200000   1.4910   1.4125   3.6868   2.8990   0.0000   0.0000
    9.35    1.49200000   1.4910   1.4471   3.6852   2.8580   0.0000   0.0000
    9.35    1.49300000   1.4920   1.4850   3.6833   2.8130   0.0000   0.0000
    9.35    1.49300000   1.4920   1.5250   3.6811   2.7640   0.0000   0.0000
    9.35    1.49400000   1.4930   1.5710   3.6786   2.7080   0.0000   0.0000
    9.35    1.49500000   1.4930   1.6070   3.6770   2.6660   0.0000   0.0000
    9.35    1.49500000   1.4940   1.6309   3.6766   2.6410   0.0000   0.0000
    9.35    1.49600000   1.4940   1.6775   3.6733   2.5810   0.0000   0.0000
    9.35    1.49700000   1.4950   1.7103   3.6708   2.5380   0.0000   0.0000
    9.35    1.49700000   1.4950   1.7012   3.6714   2.5500   0.0000   0.0000
    9.35    1.49800000   1.4950   1.7281   3.6699   2.5170   0.0000   0.0000
# log(age) Mini Mact logl logt logg Composition Phase
    9.40    0.80000000   0.8000  -0.3751   3.7355   4.6110   0.0000   0.0000
    9.40    0.88400000   0.8840  -0.1516   3.7655   4.5510   0.0000   0.0000
    9.40    0.97800000   0.9780   0.0823   3.7914   4.4640   0.0000   0.0000
    9.40    1.08100000   1.0810   0.3263   3.8155   4.3600   0.0000   0.0000
    9.40    1.19400000   1.1940   0.5449   3.8312   4.2480   0.0000   0.0000
    9.40    1.32000000   1.3200   0.7768   3.8318   4.0620   0.0000   0.0000
    9.40    1.36900000   1.3690   0.8739   3.8222   3.9420   0.0000   0.0000
    9.40    1.37000000   1.3700   0.8754   3.8222   3.9410   0.0000   0.0000
    9.40    1.37000000   1.3700   0.8770   3.8222   3.9400   0.0000   0.0000
    9.40    1.37100000   1.3710   0.8785   3.8222   3.9380   0.0000   0.0000
    9.40    1.37200000   1.3720   0.8801   3.8222   3.9370   0.0000   0.0000
    9.40    1.37200000   1.3720   0.8817   3.8222   3.9350   0.0000   0.0000
    9.40    1.37300000   1.3730   0.8835   3.8223   3.9340   0.0000   0.0000
    9.40    1.37300000   1.3730   0.8853   3.8224   3.9330   0.0000   0.0000
    9.40    1.37400000   1.3740   0.8872   3.8225   3.9320   0.0000   0.0000
    9.40    1.37400000   1.3740   0.8892   3.8227   3.9310   0.0000   0.0000
    9.40    1.37500000   1.3750   0.8913   3.8229   3.9300   0.0000   0.0000
    9.40    1.37600000   1.3760   0.8935   3.8232   3.9290   0.0000   0.0000
    9.40    1.37600000   1.3760   0.8960   3.8235   3.9280   0.0000   0.0000
    9.40    1.37700000   1.3770   0.8985   3.8239   3.9270   0.0000   0.0000
    9.40    1.37700000   1.3770   0.9013   3.8244   3.9260   0.0000   0.0000
    9.40    1.37800000   1.3780   0.9044   3.8251   3.9260   0.0000   0.0000
    9.40    1.37800000   1.3780   0.9078   3.8259   3.9260   0.0000   0.0000
    9.40    1.37900000   1.3790   0.9118   3.8270   3.9270   0.0000   0.0000
    9.40    1.38000000   1.3800   0.9163   3.8282   3.9270   0.0000   0.0000
    9.40    1.38000000   1.3800   0.9217   3.8299   3.9290   0.0000   0.0000
    9.40    1.38100000   1.3810   0.9285   3.8320   3.9310   0.0000   0.0000
    9.40    1.38100000   1.3810   0.9370   3.8348   3.9340   0.0000   0.0000
    9.40    1.38200000   1.3820   0.9485   3.8387   3.9380   0.0000   0.0000
    9.40    1.38200000   1.3820   0.9641   3.8444   3.9450   0.0000   0.0000
    9.40    1.38300000   1.3830   0.9858   3.8512   3.9510   0.0000   0.0000
    9.40    1.38400000   1.3840   0.9935   3.8472   3.9270   0.0000   0.0000
    9.40    1.38400000   1.3840   0.9983   3.8449   3.9140   0.0000   0.0000
    9.40    1.38500000   1.3850   1.0015   3.8438   3.9060   0.0000   0.0000
    9.40    1.38500000   1.3850   1.0041   3.8429   3.9000   0.0000   0.0000
    9.40    1.38600000   1.3860   1.0065   3.8422   3.8950   0.0000   0.0000
    9.40    1.38600000   1.3860   1.0088   3.8416   3.8900   0.0000   0.0000
    9.40    1.38700000   1.3870   1.0111   3.8409   3.8860   0.0000   0.0000
    9.40    1.38800000   1.3880   1.0133   3.8404   3.8810   0.0000   0.0000
    9.40    1.38800000   1.3880   1.0155   3.8399   3.8770   0.0000   0.0000
    9.40    1.38900000   1.3890   1.0177   3.8394   3.8730   0.0000   0.0000
    9.40    1.38900000   1.3890   1.0199   3.8389   3.8690   0.0000   0.0000
    9.40    1.39000000   1.3900   1.0221   3.8383   3.8650   0.0000   0.0000
    9.40    1.39100000   1.3910   1.0243   3.8378   3.8610   0.0000   0.0000
    9.40    1.39100000   1.3910   1.0265   3.8373   3.8570   0.0000   0.0000
    9.40    1.39200000   1.3920   1.0286   3.8368   3.8530   0.0000   0.0000
    9.40    1.39200000   1.3920   1.0308   3.8362   3.8490   0.0000   0.0000
    9.40    1.39300000   1.3930   1.0329   3.8356   3.8440   0.0000   0.0000
    9.40    1.39300000   1.3930   1.0350   3.8350   3.8400   0.0000   0.0000
    9.40    1.39400000   1.3940   1.0372   3.8344   3.8360   0.0000   0.0000
    9.40    1.39500000   1.3950   1.0393   3.8338   3.8310   0.0000   0.0000
    9.40    1.39500000   1.3950   1.0414   3.8331   3.8270   0.0000   0.0000
    9.40    1.39600000   1.3960   1.0435   3.8324   3.8220   0.0000   0.0000
    9.40    1.39600000   1.3960   1.0456   3.8317   3.8170   0.0000   0.0000
    9.40    1.39700000   1.3970   1.0477   3.8309   3.8120   0.0000   0.0000
    9.40    1.39800000   1.3980   1.0497   3.8301   3.8070   0.0000   0.0000
    9.40    1.39800000   1.3980   1.0518   3.8293   3.8020   0.0000   0.0000
    9.40    1.39900000   1.3990   1.0538   3.8284   3.7960   0.0000   0.0000
    9.40    1.39900000   1.3990   1.0558   3.8274   3.7910   0.0000   0.0000
    9.40    1.40000000   1.4000   1.0578   3.8264   3.7850   0.0000   0.0000
    9.40    1.40000000   1.4000   1.0598   3.8253   3.7790   0.0000   0.0000
    9.40    1.40100000   1.4010   1.0618   3.8242   3.7720   0.0000   0.0000
    9.40    1.40200000   1.4020   1.0637   3.8229   3.7660   0.0000   0.0000
    9.40    1.40200000   1.4020   1.0656   3.8217   3.7590   0.0000   0.0000
    9.40    1.40300000   1.4030   1.0675   3.8204   3.7520   0.0000   0.0000
    9.40    1.40300000   1.4030   1.0694   3.8193   3.7460   0.0000   0.0000
    9.40    1.40400000   1.4040   1.0711   3.8182   3.7400   0.0000   0.0000
    9.40    1.40500000   1.4050   1.0729   3.8170   3.7340   0.0000   0.0000
    9.40    1.40500000   1.4050   1.0746   3.8157   3.7270   0.0000   0.0000
    9.40    1.40600000   1.4060   1.0762   3.8143   3.7200   0.0000   0.0000
    9.40    1.40600000   1.4060   1.0777   3.8129   3.7130   0.0000   0.0000
    9.40    1.40700000   1.4070   1.0792   3.8113   3.7050   0.0000   0.0000
    9.40    1.40700000   1.4070   1.0806   3.8096   3.6970   0.0000   0.0000
    9.40    1.40800000   1.4080   1.0818   3.8078   3.6890   0.0000   0.0000
    9.40    1.40900000   1.4090   1.0829   3.8059   3.6800   0.0000   0.0000
    9.40    1.40900000   1.4090   1.0838   3.8041   3.6720   0.0000   0.0000
    9.40    1.41000000   1.4100   1.0845   3.8021   3.6640   0.0000   0.0000
    9.40    1.41000000   1.4100   1.0850   3.8001   3.6560   0.0000   0.0000
    9.40    1.41100000   1.4110   1.0853   3.7980   3.6470   0.0000   0.0000
    9.40    1.41200000   1.4120   1.0852   3.7958   3.6390   0.0000   0.0000
    9.40    1.41200000   1.4120   1.0846   3.7935   3.6300   0.0000   0.0000
    9.40    1.41300000   1.4130   1.0837   3.7909   3.6210   0.0000   0.0000
    9.40    1.41300000   1.4130   1.0821   3.7880   3.6110   0.0000   0.0000
    9.40    1.41400000   1.4140   1.0797   3.7852   3.6020   0.0000   0.0000
    9.40    1.41500000   1.4150   1.0764   3.7820   3.5930   0.0000   0.0000
    9.40    1.41500000   1.4150   1.0720   3.7786   3.5840   0.0000   0.0000
    9.40    1.41600000   1.4160   1.0666   3.7753   3.5770   0.0000   0.0000
    9.40    1.41600000   1.4160   1.0595   3.7715   3.5680   0.0000   0.0000
    9.40    1.41700000   1.4170   1.0504   3.7672   3.5610   0.0000   0.0000
    9.40    1.41800000   1.4180   1.0391   3.7630   3.5550   0.0000   0.0000
    9.40    1.41800000   1.4180   1.0249   3.7583   3.5510   0.0000   0.0000
    9.40    1.41900000   1.4190   1.0085   3.7529   3.5460   0.0000   0.0000
    9.40    1.41900000   1.4190   0.9904   3.7475   3.5430   0.0000   0.0000
    9.40    1.42000000   1.4200   0.9716   3.7419   3.5390   0.0000   0.0000
    9.40    1.42000000   1.4200   0.9537   3.7367   3.5360   0.0000   0.0000
    9.40    1.42100000   1.4210   0.9386   3.7320   3.5330   0.0000   0.0000
    9.40    1.42200000   1.4220   0.9275   3.7277   3.5270   0.0000   0.0000
    9.40    1.42200000   1.4220   0.9208   3.7236   3.5180   0.0000   0.0000
    9.40    1.42300000   1.4230   0.9183   3.7200   3.5060   0.0000   0.0000
    9.40    1.42300000   1.4230   0.9213   3.7174   3.4930   0.0000   0.0000
    9.40    1.42400000   1.4240   0.9271   3.7154   3.4790   0.0000   0.0000
    9.40    1.42500000   1.4250   0.9335   3.7135   3.4650   0.0000   0.0000
    9.40    1.42500000   1.4250   0.9433   3.7116   3.4480   0.0000   0.0000
    9.40    1.42600000   1.4260   0.9531   3.7097   3.4310   0.0000   0.0000
    9.40    1.42600000   1.4260   0.9655   3.7086   3.4140   0.0000   0.0000
    9.40    1.42700000   1.4270   0.9790   3.7077   3.3970   0.0000   0.0000
    9.40    1.42800000   1.4280   0.9925   3.7066   3.3790   0.0000   0.0000
    9.40    1.42800000   1.4280   1.0057   3.7051   3.3600   0.0000   0.0000
    9.40    1.42900000   1.4290   1.0189   3.7035   3.3410   0.0000   0.0000
    9.40    1.42900000   1.4290   1.0337   3.7027   3.3230   0.0000   0.0000
    9.40    1.43000000   1.4300   1.0485   3.7018   3.3050   0.0000   0.0000
    9.40    1.43100000   1.4300   1.0639   3.7010   3.2860   0.0000   0.0000
    9.40    1.43100000   1.4310   1.0796   3.7002   3.2680   0.0000   0.0000
    9.40    1.43200000   1.4320   1.0955   3.6994   3.2490   0.0000   0.0000
    9.40    1.43200000   1.4320   1.1117   3.6986   3.2300   0.0000   0.0000
    9.40    1.43300000   1.4330   1.1283   3.6979   3.2100   0.0000   0.0000
    9.40    1.43400000   1.4330   1.1461   3.6976   3.1910   0.0000   0.0000
    9.40    1.43400000   1.4340   1.1640   3.6972   3.1720   0.0000   0.0000
    9.40    1.43500000   1.4340   1.1818   3.6963   3.1510   0.0000   0.0000
    9.40    1.43500000   1.4350   1.1997   3.6955   3.1300   0.0000   0.0000
    9.40    1.43600000   1.4360   1.2181   3.6942   3.1070   0.0000   0.0000
    9.40    1.43700000   1.4360   1.2367   3.6929   3.0830   0.0000   0.0000
    9.40    1.43700000   1.4370   1.2568   3.6919   3.0590   0.0000   0.0000
    9.40    1.43800000   1.4370   1.2778   3.6912   3.0360   0.0000   0.0000
    9.40    1.43800000   1.4380   1.2995   3.6904   3.0110   0.0000   0.0000
    9.40    1.43900000   1.4380   1.3218   3.6894   2.9850   0.0000   0.0000
    9.40    1.44000000   1.4390   1.3447   3.6882   2.9570   0.0000   0.0000
    9.40    1.44000000   1.4390   1.3683   3.6869   2.9280   0.0000   0.0000
    9.40    1.44100000   1.4400   1.3945   3.6856   2.8970   0.0000   0.0000
    9.40    1.44100000   1.4400   1.4249   3.6842   2.8610   0.0000   0.0000
    9.40    1.44200000   1.4410   1.4572   3.6827   2.8230   0.0000   0.0000
    9.40    1.44300000   1.4410   1.4930   3.6811   2.7810   0.0000   0.0000
    9.40    1.44300000   1.4420   1.5300   3.6793   2.7370   0.0000   0.0000
    9.40    1.44400000   1.4420   1.5694   3.6768   2.6880   0.0000   0.0000
    9.40    1.44400000   1.4430   1.6025   3.6750   2.6480   0.0000   0.0000
    9.40    1.44500000   1.4430   1.6225   3.6744   2.6250   0.0000   0.0000
    9.40    1.44600000   1.4430   1.6483   3.6731   2.5950   0.0000   0.0000
    9.40    1.44600000   1.4440   1.6846   3.6705   2.5480   0.0000   0.0000
    9.40    1.44700000   1.4440   1.7151   3.6684   2.5090   0.0000   0.0000
    9.40    1.44700000   1.4440   1.7367   3.6671   2.4820   0.0000   0.0000
    9.40    1.44800000   1.4440   1.7769   3.6646   2.4320   0.0000   0.0000
    9.40    1.44900000   1.4440   1.8361   3.6612   2.3590   0.0000   0.0000
# log(age) Mini Mact logl logt logg Composition Phase
    9.45    0.80000000   0.8000  -0.3690   3.7362   4.6080   0.0000   0.0000
    9.45    0.88400000   0.8840  -0.1426   3.7662   4.5450   0.0000   0.0000
    9.45    0.97800000   0.9780   0.0958   3.7921   4.4540   0.0000   0.0000
    9.45    1.08100000   1.0810   0.3463   3.8159   4.3420   0.0000   0.0000
    9.45    1.19400000   1.1940   0.5685   3.8270   4.2080   0.0000   0.0000
    9.45    1.31400000   1.3140   0.7991   3.8186   3.9850   0.0000   0.0000
    9.45    1.31400000   1.3140   0.8006   3.8186   3.9830   0.0000   0.0000
    9.45    1.31500000   1.3150   0.8022   3.8186   3.9820   0.0000   0.0000
    9.45    1.31500000   1.3150   0.8038   3.8186   3.9810   0.0000   0.0000
    9.45    1.31600000   1.3160   0.8056   3.8187   3.9790   0.0000   0.0000
    9.45    1.31700000   1.3170   0.8073   3.8187   3.9780   0.0000   0.0000
    9.45    1.31700000   1.3170   0.8092   3.8188   3.9770   0.0000   0.0000
    9.45    1.31800000   1.3180   0.8111   3.8190   3.9750   0.0000   0.0000
    9.45    1.31800000   1.3180   0.8131   3.8191   3.9740   0.0000   0.0000
    9.45    1.31900000   1.3190   0.8153   3.8193   3.9730   0.0000   0.0000
    9.45    1.31900000   1.3190   0.8175   3.8195   3.9720   0.0000   0.0000
    9.45    1.32000000   1.3200   0.8199   3.8198   3.9710   0.0000   0.0000
    9.45    1.32000000   1.3200   0.8225   3.8201   3.9700   0.0000   0.0000
    9.45    1.32100000   1.3210   0.8253   3.8206   3.9690   0.0000   0.0000
    9.45    1.32100000   1.3210   0.8283   3.8211   3.9680   0.0000   0.0000
    9.45    1.32200000   1.3220   0.8317   3.8218   3.9680   0.0000   0.0000
    9.45    1.32300000   1.3230   0.8355   3.8226   3.9670   0.0000   0.0000
    9.45    1.32300000   1.3230   0.8399   3.8236   3.9670   0.0000   0.0000
    9.45    1.32400000   1.3240   0.8450   3.8248   3.9670   0.0000   0.0000
    9.45    1.32400000   1.3240   0.8512   3.8264   3.9670   0.0000   0.0000
    9.45    1.32500000   1.3250   0.8589   3.8285   3.9680   0.0000   0.0000
    9.45    1.32500000   1.3250   0.8691   3.8314   3.9700   0.0000   0.0000
    9.45    1.32600000   1.3260   0.8821   3.8354   3.9730   0.0000   0.0000
    9.45    1.32600000   1.3260   0.8999   3.8406   3.9760   0.0000   0.0000
    9.45    1.32700000   1.3270   0.9130   3.8418   3.9680   0.0000   0.0000
    9.45    1.32800000   1.3280   0.9194   3.8391   3.9510   0.0000   0.0000
    9.45    1.32800000   1.3280   0.9228   3.8380   3.9430   0.0000   0.0000
    9.45    1.32900000   1.3290   0.9255   3.8372   3.9380   0.0000   0.0000
    9.45    1.32900000   1.3290   0.9277   3.8366   3.9330   0.0000   0.0000
    9.45    1.33000000   1.3300   0.9299   3.8360   3.9290   0.0000   0.0000
    9.45    1.33000000   1.3300   0.9321   3.8355   3.9250   0.0000   0.0000
    9.45    1.33100000   1.3310   0.9342   3.8350   3.9210   0.0000   0.0000
    9.45    1.33100000   1.3310   0.9363   3.8345   3.9170   0.0000   0.0000
    9.45    1.33200000   1.3320   0.9384   3.8341   3.9130   0.0000   0.0000
    9.45    1.33300000   1.3330   0.9404   3.8337   3.9100   0.0000   0.0000
    9.45    1.33300000   1.3330   0.9425   3.8333   3.9070   0.0000   0.0000
    9.45    1.33400000   1.3340   0.9446   3.8330   3.9030   0.0000   0.0000
    9.45    1.33400000   1.3340   0.9466   3.8326   3.9000   0.0000   0.0000
    9.45    1.33500000   1.3350   0.9487   3.8322   3.8970   0.0000   0.0000
    9.45    1.33500000   1.3350   0.9507   3.8318   3.8930   0.0000   0.0000
    9.45    1.33600000   1.3360   0.9527   3.8314   3.8900   0.0000   0.0000
    9.45    1.33600000   1.3360   0.9548   3.8310   3.8860   0.0000   0.0000
    9.45    1.33700000   1.3370   0.9568   3.8306   3.8830   0.0000   0.0000
    9.45    1.33800000   1.3380   0.9589   3.8302   3.8790   0.0000   0.0000
    9.45    1.33800000   1.3380   0.9609   3.8298   3.8760   0.0000   0.0000
    9.45    1.33900000   1.3390   0.9629   3.8293   3.8720   0.0000   0.0000
    9.45    1.33900000   1.3390   0.9650   3.8288   3.8680   0.0000   0.0000
    9.45    1.34000000   1.3400   0.9670   3.8284   3.8640   0.0000   0.0000
    9.45    1.34000000   1.3400   0.9691   3.8279   3.8610   0.0000   0.0000
    9.45    1.34100000   1.3410   0.9711   3.8274   3.8570   0.0000   0.0000
    9.45    1.34100000   1.3410   0.9731   3.8268   3.8530   0.0000   0.0000
    9.45    1.34200000   1.3420   0.9752   3.8263   3.8490   0.0000   0.0000
    9.45    1.34300000   1.3430   0.9772   3.8257   3.8440   0.0000   0.0000
    9.45    1.34300000   1.3430   0.9792   3.8251   3.8400   0.0000   0.0000
    9.45    1.34400000   1.3440   0.9812   3.8245   3.8360   0.0000   0.0000
    9.45    1.34400000   1.3440   0.9833   3.8238   3.8320   0.0000   0.0000
    9.45    1.34500000   1.3450   0.9853   3.8231   3.8270   0.0000   0.0000
    9.45    1.34500000   1.3450   0.9873   3.8224   3.8220   0.0000   0.0000
    9.45    1.34600000   1.3460   0.9893   3.8216   3.8170   0.0000   0.0000
    9.45    1.34700000   1.3470   0.9913   3.8208   3.8120   0.0000   0.0000
    9.45    1.34700000   1.3470   0.9932   3.8198   3.8060   0.0000   0.0000
    9.45    1.34800000   1.3480   0.9952   3.8189   3.8010   0.0000   0.0000
    9.45    1.34800000   1.3480   0.9971   3.8178   3.7950   0.0000   0.0000
    9.45    1.34900000   1.3490   0.9990   3.8168   3.7890   0.0000   0.0000
    9.45    1.34900000   1.3490   1.0009   3.8157   3.7830   0.0000   0.0000
    9.45    1.35000000   1.3500   1.0027   3.8148   3.7780   0.0000   0.0000
    9.45    1.35000000   1.3500   1.0045   3.8139   3.7730   0.0000   0.0000
    9.45    1.35100000   1.3510   1.0062   3.8131   3.7680   0.0000   0.0000
    9.45    1.35200000   1.3520   1.0079   3.8121   3.7620   0.0000   0.0000
    9.45    1.35200000   1.3520   1.0096   3.8111   3.7570   0.0000   0.0000
    9.45    1.35300000   1.3530   1.0111   3.8100   3.7510   0.0000   0.0000
    9.45    1.35300000   1.3530   1.0127   3.8089   3.7450   0.0000   0.0000
    9.45    1.35400000   1.3540   1.0141   3.8077   3.7390   0.0000   0.0000
    9.45    1.35400000   1.3540   1.0155   3.8064   3.7330   0.0000   0.0000
    9.45    1.35500000   1.3550   1.0168   3.8050   3.7260   0.0000   0.0000
    9.45    1.35600000   1.3560   1.0179   3.8035   3.7190   0.0000   0.0000
    9.45    1.35600000   1.3560   1.0190   3.8019   3.7120   0.0000   0.0000
    9.45    1.35700000   1.3570   1.0199   3.8002   3.7050   0.0000   0.0000
    9.45    1.35700000   1.3570   1.0206   3.7985   3.6970   0.0000   0.0000
    9.45    1.35800000   1.3580   1.0211   3.7965   3.6890   0.0000   0.0000
    9.45    1.35800000   1.3580   1.0214   3.7948   3.6820   0.0000   0.0000
    9.45    1.35900000   1.3590   1.0214   3.7930   3.6750   0.0000   0.0000
    9.45    1.36000000   1.3600   1.0210   3.7911   3.6680   0.0000   0.0000
    9.45    1.36000000   1.3600   1.0203   3.7891   3.6600   0.0000   0.0000
    9.45    1.36100000   1.3610   1.0191   3.7867   3.6530   0.0000   0.0000
    9.45    1.36100000   1.3610   1.0172   3.7842   3.6440   0.0000   0.0000
    9.45    1.36200000   1.3620   1.0146   3.7813   3.6360   0.0000   0.0000
    9.45    1.36200000   1.3620   1.0111   3.7782   3.6270   0.0000   0.0000
    9.45    1.36300000   1.3630   1.0068   3.7752   3.6190   0.0000   0.0000
    9.45    1.36400000   1.3640   1.0018   3.7724   3.6130   0.0000   0.0000
    9.45    1.36400000   1.3640   0.9954   3.7690   3.6060   0.0000   0.0000
    9.45    1.36500000   1.3650   0.9870   3.7652   3.6000   0.0000   0.0000
    9.45    1.36500000   1.3650   0.9765   3.7613   3.5950   0.0000   0.0000
    9.45    1.36600000   1.3660   0.9639   3.7570   3.5900   0.0000   0.0000
    9.45    1.36600000   1.3660   0.9501   3.7522   3.5850   0.0000   0.0000
    9.45    1.36700000   1.3670   0.9355   3.7473   3.5800   0.0000   0.0000
    9.45    1.36800000   1.3680   0.9202   3.7426   3.5770   0.0000   0.0000
    9.45    1.36800000   1.3680   0.9052   3.7381   3.5740   0.0000   0.0000
    9.45    1.36900000   1.3690   0.8919   3.7343   3.5720   0.0000   0.0000
    9.45    1.36900000   1.3690   0.8811   3.7302   3.5670   0.0000   0.0000
    9.45    1.37000000   1.3700   0.8733   3.7266   3.5610   0.0000   0.0000
    9.45    1.37000000   1.3700   0.8685   3.7233   3.5530   0.0000   0.0000
    9.45    1.37100000   1.3710   0.8666   3.7204   3.5430   0.0000   0.0000
    9.45    1.37200000   1.3720   0.8684   3.7181   3.5320   0.0000   0.0000
    9.45    1.37200000   1.3720   0.8729   3.7162   3.5200   0.0000   0.0000
    9.45    1.37300000   1.3730   0.8774   3.7144   3.5090   0.0000   0.0000
    9.45    1.37300000   1.3730   0.8839   3.7127   3.4960   0.0000   0.0000
    9.45    1.37400000   1.3740   0.8922   3.7111   3.4810   0.0000   0.0000
    9.45    1.37400000   1.3740   0.9005   3.7095   3.4670   0.0000   0.0000
    9.45    1.37500000   1.3750   0.9105   3.7083   3.4520   0.0000   0.0000
    9.45    1.37600000   1.3750   0.9215   3.7073   3.4370   0.0000   0.0000
    9.45    1.37600000   1.3760   0.9326   3.7062   3.4220   0.0000   0.0000
    9.45    1.37700000   1.3770   0.9440   3.7051   3.4060   0.0000   0.0000
    9.45    1.37700000   1.3770   0.9557   3.7040   3.3900   0.0000   0.0000
    9.45    1.37800000   1.3780   0.9673   3.7029   3.3740   0.0000   0.0000
    9.45    1.37800000   1.3780   0.9804   3.7022   3.3590   0.0000   0.0000
    9.45    1.37900000   1.3790   0.9934   3.7016   3.3430   0.0000   0.0000
    9.45    1.38000000   1.3790   1.0067   3.7010   3.3280   0.0000   0.0000
    9.45    1.38000000   1.3800   1.0204   3.7005   3.3120   0.0000   0.0000
    9.45    1.38100000   1.3800   1.0341   3.7000   3.2970   0.0000   0.0000
    9.45    1.38100000   1.3810   1.0479   3.6993   3.2800   0.0000   0.0000
    9.45    1.38200000   1.3820   1.0619   3.6984   3.2630   0.0000   0.0000
    9.45    1.38200000   1.3820   1.0758   3.6976   3.2460   0.0000   0.0000
    9.45    1.38300000   1.3830   1.0913   3.6973   3.2290   0.0000   0.0000
    9.45    1.38400000   1.3830   1.1072   3.6971   3.2130   0.0000   0.0000
    9.45    1.38400000   1.3840   1.1232   3.6968   3.1960   0.0000   0.0000
    9.45    1.38500000   1.3840   1.1396   3.6964   3.1780   0.0000   0.0000
    9.45    1.38500000   1.3850   1.1561   3.6959   3.1600   0.0000   0.0000
    9.45    1.38600000   1.3850   1.1726   3.6950   3.1400   0.0000   0.0000
    9.45    1.38600000   1.3860   1.1893   3.6936   3.1180   0.0000   0.0000
    9.45    1.38700000   1.3860   1.2059   3.6922   3.0960   0.0000   0.0000
    9.45    1.38800000   1.3870   1.2251   3.6915   3.0740   0.0000   0.0000
    9.45    1.38800000   1.3870   1.2444   3.6909   3.0520   0.0000   0.0000
    9.45    1.38900000   1.3880   1.2643   3.6901   3.0300   0.0000   0.0000
    9.45    1.38900000   1.3880   1.2852   3.6892   3.0050   0.0000   0.0000
    9.45    1.39000000   1.3890   1.3062   3.6882   2.9800   0.0000   0.0000
    9.45    1.39100000   1.3900   1.3289   3.6869   2.9530   0.0000   0.0000
    9.45    1.39100000   1.3900   1.3518   3.6857   2.9250   0.0000   0.0000
    9.45    1.39200000   1.3910   1.3767   3.6844   2.8950   0.0000   0.0000
    9.45    1.39200000   1.3910   1.4043   3.6831   2.8620   0.0000   0.0000
    9.45    1.39300000   1.3910   1.4320   3.6819   2.8300   0.0000   0.0000
    9.45    1.39300000   1.3920   1.4652   3.6806   2.7920   0.0000   0.0000
    9.45    1.39400000   1.3920   1.4985   3.6793   2.7540   0.0000   0.0000
    9.45    1.39500000   1.3930   1.5328   3.6775   2.7120   0.0000   0.0000
    9.45    1.39500000   1.3930   1.5678   3.6751   2.6680   0.0000   0.0000
    9.45    1.39600000   1.3940   1.5993   3.6731   2.6280   0.0000   0.0000
    9.45    1.39600000   1.3940   1.6166   3.6724   2.6080   0.0000   0.0000
    9.45    1.39700000   1.3940   1.6340   3.6717   2.5880   0.0000   0.0000
    9.45    1.39800000   1.3940   1.6593   3.6700   2.5560   0.0000   0.0000
    9.45    1.39800000   1.3950   1.6863   3.6682   2.5220   0.0000   0.0000
    9.45    1.39900000   1.3950   1.7218   3.6659   2.4770   0.0000   0.0000
    9.45    1.39900000   1.3950   1.7642   3.6632   2.4240   0.0000   0.0000
    9.45    1.40000000   1.3950   1.8140   3.6601   2.3620   0.0000   0.0000
    9.45    1.40000000   1.3950   1.8870   3.6558   2.2720   0.0000   0.0000
# log(age) Mini Mact logl logt logg Composition Phase
    9.50    0.80000000   0.8000  -0.3620   3.7369   4.6040   0.0000   0.0000
    9.50    0.88400000   0.8840  -0.1323   3.7670   4.5380   0.0000   0.0000
    9.50    0.97800000   0.9780   0.1113   3.7930   4.4420   0.0000   0.0000
    9.50    1.08100000   1.0810   0.3698   3.8161   4.3190   0.0000   0.0000
    9.50    1.19400000   1.1940   0.5951   3.8199   4.1530   0.0000   0.0000
    9.50    1.25800000   1.2580   0.7179   3.8157   4.0360   0.0000   0.0000
    9.50    1.25900000   1.2590   0.7195   3.8157   4.0340   0.0000   0.0000
    9.50    1.26000000   1.2600   0.7211   3.8158   4.0330   0.0000   0.0000
    9.50    1.26000000   1.2600   0.7228   3.8158   4.0320   0.0000   0.0000
    9.50    1.26100000   1.2610   0.7245   3.8159   4.0300   0.0000   0.0000
    9.50    1.26100000   1.2610   0.7263   3.8159   4.0290   0.0000   0.0000
    9.50    1.26200000   1.2620   0.7281   3.8160   4.0280   0.0000   0.0000
    9.50    1.26200000   1.2620   0.7300   3.8161   4.0270   0.0000   0.0000
    9.50    1.26300000   1.2630   0.7320   3.8163   4.0250   0.0000   0.0000
    9.50    1.26300000   1.2630   0.7341   3.8164   4.0240   0.0000   0.0000
    9.50    1.26400000   1.2640   0.7364   3.8166   4.0230   0.0000   0.0000
    9.50    1.26400000   1.2640   0.7387   3.8169   4.0220   0.0000   0.0000
    9.50    1.26500000   1.2650   0.7413   3.8172   4.0200   0.0000   0.0000
    9.50    1.26500000   1.2650   0.7440   3.8175   4.0190   0.0000   0.0000
    9.50    1.26600000   1.2660   0.7470   3.8179   4.0180   0.0000   0.0000
    9.50    1.26600000   1.2660   0.7502   3.8184   4.0170   0.0000   0.0000
    9.50    1.26700000   1.2670   0.7539   3.8190   4.0160   0.0000   0.0000
    9.50    1.26700000   1.2670   0.7580   3.8197   4.0150   0.0000   0.0000
    9.50    1.26800000   1.2680   0.7627   3.8206   4.0140   0.0000   0.0000
    9.50    1.26800000   1.2680   0.7685   3.8218   4.0130   0.0000   0.0000
    9.50    1.26900000   1.2690   0.7753   3.8233   4.0120   0.0000   0.0000
    9.50    1.27000000   1.2700   0.7841   3.8255   4.0130   0.0000   0.0000
    9.50    1.27000000   1.2700   0.7953   3.8285   4.0130   0.0000   0.0000
    9.50    1.27100000   1.2710   0.8098   3.8322   4.0140   0.0000   0.0000
    9.50    1.27100000   1.2710   0.8267   3.8354   4.0100   0.0000   0.0000
    9.50    1.27200000   1.2720   0.8323   3.8341   4.0000   0.0000   0.0000
    9.50    1.27200000   1.2720   0.8377   3.8328   3.9890   0.0000   0.0000
    9.50    1.27300000   1.2730   0.8404   3.8322   3.9840   0.0000   0.0000
    9.50    1.27300000   1.2730   0.8426   3.8317   3.9800   0.0000   0.0000
    9.50    1.27400000   1.2740   0.8447   3.8314   3.9770   0.0000   0.0000
    9.50    1.27400000   1.2740   0.8467   3.8310   3.9740   0.0000   0.0000
    9.50    1.27500000   1.2750   0.8486   3.8307   3.9710   0.0000   0.0000
    9.50    1.27500000   1.2750   0.8505   3.8304   3.9680   0.0000   0.0000
    9.50    1.27600000   1.2760   0.8524   3.8301   3.9650   0.0000   0.0000
    9.50    1.27600000   1.2760   0.8543   3.8298   3.9620   0.0000   0.0000
    9.50    1.27700000   1.2770   0.8561   3.8295   3.9590   0.0000   0.0000
    9.50    1.27800000   1.2780   0.8580   3.8292   3.9560   0.0000   0.0000
    9.50    1.27800000   1.2780   0.8598   3.8289   3.9530   0.0000   0.0000
    9.50    1.27900000   1.2790   0.8617   3.8286   3.9510   0.0000   0.0000
    9.50    1.27900000   1.2790   0.8635   3.8284   3.9480   0.0000   0.0000
    9.50    1.28000000   1.2800   0.8653   3.8281   3.9450   0.0000   0.0000
    9.50    1.28000000   1.2800   0.8672   3.8278   3.9420   0.0000   0.0000
    9.50    1.28100000   1.2810   0.8690   3.8275   3.9390   0.0000   0.0000
    9.50    1.28100000   1.2810   0.8708   3.8272   3.9370   0.0000   0.0000
    9.50    1.28200000   1.2820   0.8727   3.8269   3.9340   0.0000   0.0000
    9.50    1.28200000   1.2820   0.8745   3.8266   3.9310   0.0000   0.0000
    9.50    1.28300000   1.2830   0.8764   3.8263   3.9280   0.0000   0.0000
    9.50    1.28300000   1.2830   0.8782   3.8260   3.9250   0.0000   0.0000
    9.50    1.28400000   1.2840   0.8801   3.8257   3.9220   0.0000   0.0000
    9.50    1.28400000   1.2840   0.8819   3.8254   3.9190   0.0000   0.0000
    9.50    1.28500000   1.2850   0.8838   3.8251   3.9170   0.0000   0.0000
    9.50    1.28600000   1.2860   0.8856   3.8248   3.9140   0.0000   0.0000
    9.50    1.28600000   1.2860   0.8875   3.8244   3.9110   0.0000   0.0000
    9.50    1.28700000   1.2870   0.8893   3.8241   3.9070   0.0000   0.0000
    9.50    1.28700000   1.2870   0.8912   3.8238   3.9040   0.0000   0.0000
    9.50    1.28800000   1.2880   0.8931   3.8234   3.9020   0.0000   0.0000
    9.50    1.28800000   1.2880   0.8949   3.8231   3.8990   0.0000   0.0000
    9.50    1.28900000   1.2890   0.8968   3.8228   3.8960   0.0000   0.0000
    9.50    1.28900000   1.2890   0.8987   3.8225   3.8930   0.0000   0.0000
    9.50    1.29000000   1.2900   0.9005   3.8221   3.8900   0.0000   0.0000
    9.50    1.29000000   1.2900   0.9024   3.8218   3.8860   0.0000   0.0000
    9.50    1.29100000   1.2910   0.9043   3.8214   3.8830   0.0000   0.0000
    9.50    1.29100000   1.2910   0.9062   3.8210   3.8800   0.0000   0.0000
    9.50    1.29200000   1.2920   0.9081   3.8206   3.8770   0.0000   0.0000
    9.50    1.29300000   1.2930   0.9100   3.8202   3.8730   0.0000   0.0000
    9.50    1.29300000   1.2930   0.9118   3.8198   3.8700   0.0000   0.0000
    9.50    1.29400000   1.2940   0.9137   3.8194   3.8660   0.0000   0.0000
    9.50    1.29400000   1.2940   0.9156   3.8189   3.8630   0.0000   0.0000
    9.50    1.29500000   1.2950   0.9175   3.8184   3.8590   0.0000   0.0000
    9.50    1.29500000   1.2950   0.9194   3.8179   3.8550   0.0000   0.0000
    9.50    1.29600000   1.2960   0.9213   3.8173   3.8510   0.0000   0.0000
    9.50    1.29600000   1.2960   0.9231   3.8167   3.8470   0.0000   0.0000
    9.50    1.29700000   1.2970   0.9250   3.8161   3.8430   0.0000   0.0000
    9.50    1.29700000   1.2970   0.9269   3.8154   3.8390   0.0000   0.0000
    9.50    1.29800000   1.2980   0.9288   3.8147   3.8340   0.0000   0.0000
    9.50    1.29900000   1.2990   0.9306   3.8140   3.8300   0.0000   0.0000
    9.50    1.29900000   1.2990   0.9325   3.8134   3.8260   0.0000   0.0000
    9.50    1.30000000   1.3000   0.9343   3.8128   3.8220   0.0000   0.0000
    9.50    1.30000000   1.3000   0.9361   3.8121   3.8170   0.0000   0.0000
    9.50    1.30100000   1.3010   0.9379   3.8114   3.8130   0.0000   0.0000
    9.50    1.30100000   1.3010   0.9397   3.8107   3.8090   0.0000   0.0000
    9.50    1.30200000   1.3020   0.9415   3.8100   3.8040   0.0000   0.0000
    9.50    1.30200000   1.3020   0.9432   3.8092   3.7990   0.0000   0.0000
    9.50    1.30300000   1.3030   0.9449   3.8083   3.7940   0.0000   0.0000
    9.50    1.30300000   1.3030   0.9466   3.8075   3.7890   0.0000   0.0000
    9.50    1.30400000   1.3040   0.9483   3.8065   3.7840   0.0000   0.0000
    9.50    1.30400000   1.3040   0.9499   3.8055   3.7790   0.0000   0.0000
    9.50    1.30500000   1.3050   0.9514   3.8045   3.7730   0.0000   0.0000
    9.50    1.30600000   1.3060   0.9529   3.8034   3.7670   0.0000   0.0000
    9.50    1.30600000   1.3060   0.9543   3.8022   3.7620   0.0000   0.0000
    9.50    1.30700000   1.3070   0.9557   3.8010   3.7560   0.0000   0.0000
    9.50    1.30700000   1.3070   0.9569   3.7998   3.7490   0.0000   0.0000
    9.50    1.30800000   1.3080   0.9581   3.7985   3.7430   0.0000   0.0000
    9.50    1.30800000   1.3080   0.9591   3.7971   3.7370   0.0000   0.0000
    9.50    1.30900000   1.3090   0.9600   3.7957   3.7310   0.0000   0.0000
    9.50    1.30900000   1.3090   0.9608   3.7944   3.7250   0.0000   0.0000
    9.50    1.31000000   1.3100   0.9613   3.7930   3.7190   0.0000   0.0000
    9.50    1.31000000   1.3100   0.9616   3.7914   3.7120   0.0000   0.0000
    9.50    1.31100000   1.3110   0.9617   3.7897   3.7060   0.0000   0.0000
    9.50    1.31200000   1.3120   0.9614   3.7879   3.6990   0.0000   0.0000
    9.50    1.31200000   1.3120   0.9607   3.7859   3.6920   0.0000   0.0000
    9.50    1.31300000   1.3130   0.9595   3.7836   3.6840   0.0000   0.0000
    9.50    1.31300000   1.3130   0.9579   3.7812   3.6760   0.0000   0.0000
    9.50    1.31400000   1.3140   0.9554   3.7784   3.6680   0.0000   0.0000
    9.50    1.31400000   1.3140   0.9526   3.7759   3.6610   0.0000   0.0000
    9.50    1.31500000   1.3150   0.9490   3.7735   3.6550   0.0000   0.0000
    9.50    1.31500000   1.3150   0.9446   3.7708   3.6490   0.0000   0.0000
    9.50    1.31600000   1.3160   0.9385   3.7676   3.6420   0.0000   0.0000
    9.50    1.31700000   1.3170   0.9309   3.7641   3.6360   0.0000   0.0000
    9.50    1.31700000   1.3170   0.9218   3.7604   3.6300   0.0000   0.0000
    9.50    1.31800000   1.3180   0.9111   3.7563   3.6250   0.0000   0.0000
    9.50    1.31800000   1.3180   0.8996   3.7518   3.6180   0.0000   0.0000
    9.50    1.31900000   1.3190   0.8871   3.7473   3.6130   0.0000   0.0000
    9.50    1.31900000   1.3190   0.8743   3.7431   3.6090   0.0000   0.0000
    9.50    1.32000000   1.3200   0.8615   3.7392   3.6070   0.0000   0.0000
    9.50    1.32000000   1.3200   0.8495   3.7355   3.6040   0.0000   0.0000
    9.50    1.32100000   1.3210   0.8395   3.7317   3.5990   0.0000   0.0000
    9.50    1.32100000   1.3210   0.8314   3.7280   3.5930   0.0000   0.0000
    9.50    1.32200000   1.3220   0.8255   3.7247   3.5860   0.0000   0.0000
    9.50    1.32300000   1.3230   0.8220   3.7218   3.5780   0.0000   0.0000
    9.50    1.32300000   1.3230   0.8211   3.7193   3.5690   0.0000   0.0000
    9.50    1.32400000   1.3240   0.8245   3.7174   3.5580   0.0000   0.0000
    9.50    1.32400000   1.3240   0.8283   3.7156   3.5470   0.0000   0.0000
    9.50    1.32500000   1.3250   0.8321   3.7138   3.5360   0.0000   0.0000
    9.50    1.32500000   1.3250   0.8394   3.7123   3.5230   0.0000   0.0000
    9.50    1.32600000   1.3260   0.8469   3.7108   3.5100   0.0000   0.0000
    9.50    1.32600000   1.3260   0.8545   3.7093   3.4960   0.0000   0.0000
    9.50    1.32700000   1.3270   0.8641   3.7081   3.4820   0.0000   0.0000
    9.50    1.32800000   1.3270   0.8737   3.7068   3.4670   0.0000   0.0000
    9.50    1.32800000   1.3280   0.8835   3.7056   3.4530   0.0000   0.0000
    9.50    1.32900000   1.3290   0.8945   3.7046   3.4380   0.0000   0.0000
    9.50    1.32900000   1.3290   0.9055   3.7036   3.4230   0.0000   0.0000
    9.50    1.33000000   1.3300   0.9166   3.7026   3.4090   0.0000   0.0000
    9.50    1.33000000   1.3300   0.9290   3.7021   3.3940   0.0000   0.0000
    9.50    1.33100000   1.3310   0.9414   3.7016   3.3800   0.0000   0.0000
    9.50    1.33100000   1.3310   0.9539   3.7010   3.3650   0.0000   0.0000
    9.50    1.33200000   1.3320   0.9669   3.7005   3.3510   0.0000   0.0000
    9.50    1.33300000   1.3320   0.9799   3.7000   3.3360   0.0000   0.0000
    9.50    1.33300000   1.3330   0.9930   3.6995   3.3210   0.0000   0.0000
    9.50    1.33400000   1.3330   1.0062   3.6987   3.3040   0.0000   0.0000
    9.50    1.33400000   1.3340   1.0195   3.6978   3.2880   0.0000   0.0000
    9.50    1.33500000   1.3340   1.0334   3.6972   3.2720   0.0000   0.0000
    9.50    1.33500000   1.3350   1.0486   3.6970   3.2560   0.0000   0.0000
    9.50    1.33600000   1.3350   1.0638   3.6968   3.2400   0.0000   0.0000
    9.50    1.33600000   1.3360   1.0794   3.6965   3.2240   0.0000   0.0000
    9.50    1.33700000   1.3360   1.0955   3.6963   3.2070   0.0000   0.0000
    9.50    1.33800000   1.3370   1.1117   3.6961   3.1900   0.0000   0.0000
    9.50    1.33800000   1.3380   1.1279   3.6952   3.1700   0.0000   0.0000
    9.50    1.33900000   1.3380   1.1441   3.6938   3.1480   0.0000   0.0000
    9.50    1.33900000   1.3390   1.1604   3.6924   3.1270   0.0000   0.0000
    9.50    1.34000000   1.3390   1.1786   3.6916   3.1060   0.0000   0.0000
    9.50    1.34000000   1.3400   1.1975   3.6910   3.0850   0.0000   0.0000
    9.50    1.34100000   1.3400   1.2164   3.6904   3.0630   0.0000   0.0000
    9.50    1.34100000   1.3410   1.2370   3.6895   3.0390   0.0000   0.0000
    9.50    1.34200000   1.3410   1.2577   3.6885   3.0150   0.0000   0.0000
    9.50    1.34300000   1.3420   1.2788   3.6874   2.9900   0.0000   0.0000
    9.50    1.34300000   1.3420   1.3020   3.6862   2.9610   0.0000   0.0000
    9.50    1.34400000   1.3420   1.3252   3.6849   2.9330   0.0000   0.0000
    9.50    1.34400000   1.3430   1.3496   3.6837   2.9040   0.0000   0.0000
    9.50    1.34500000   1.3430   1.3762   3.6824   2.8730   0.0000   0.0000
    9.50    1.34500000   1.3440   1.4029   3.6812   2.8410   0.0000   0.0000
    9.50    1.34600000   1.3440   1.4328   3.6801   2.8070   0.0000   0.0000
    9.50    1.34700000   1.3450   1.4653   3.6790   2.7700   0.0000   0.0000
    9.50    1.34700000   1.3450   1.4978   3.6779   2.7340   0.0000   0.0000
    9.50    1.34800000   1.3450   1.5306   3.6759   2.6930   0.0000   0.0000
    9.50    1.34800000   1.3460   1.5635   3.6736   2.6510   0.0000   0.0000
    9.50    1.34900000   1.3460   1.5952   3.6714   2.6100   0.0000   0.0000
    9.50    1.34900000   1.3460   1.6115   3.6705   2.5910   0.0000   0.0000
    9.50    1.35000000   1.3470   1.6276   3.6696   2.5710   0.0000   0.0000
    9.50    1.35000000   1.3470   1.6446   3.6686   2.5500   0.0000   0.0000
    9.50    1.35100000   1.3470   1.6646   3.6674   2.5250   0.0000   0.0000
    9.50    1.35200000   1.3480   1.6848   3.6662   2.5000   0.0000   0.0000
    9.50    1.35200000   1.3480   1.7296   3.6633   2.4440   0.0000   0.0000
    9.50    1.35300000   1.3480   1.7871   3.6597   2.3720   0.0000   0.0000
    9.50    1.35300000   1.3480   1.8443   3.6560   2.3000   0.0000   0.0000
    9.50    1.35400000   1.3470   1.9272   3.6511   2.1980   0.0000   0.0000
    9.50    1.35400000   1.3470   2.0100   3.6463   2.0950   0.0000   0.0000
# log(age) Mini Mact logl logt logg Composition Phase
    9.55    0.80000000   0.8000  -0.3540   3.7377   4.5990   0.0000   0.0000
    9.55    0.88400000   0.8840  -0.1203   3.7680   4.5300   0.0000   0.0000
    9.55    0.97800000   0.9780   0.1294   3.7938   4.4270   0.0000   0.0000
    9.55    1.08100000   1.0810   0.3971   3.8160   4.2920   0.0000   0.0000
    9.55    1.19400000   1.1940   0.6609   3.8219   4.0950   0.0000   0.0000
    9.55    1.19700000   1.1970   0.6708   3.8231   4.0910   0.0000   0.0000
    9.55    1.19700000   1.1970   0.6729   3.8234   4.0900   0.0000   0.0000
    9.55    1.19800000   1.1980   0.6749   3.8236   4.0890   0.0000   0.0000
    9.55    1.19800000   1.1980   0.6770   3.8239   4.0880   0.0000   0.0000
    9.55    1.19900000   1.1990   0.6791   3.8242   4.0870   0.0000   0.0000
    9.55    1.19900000   1.1990   0.6812   3.8244   4.0860   0.0000   0.0000
    9.55    1.20000000   1.2000   0.6833   3.8247   4.0850   0.0000   0.0000
    9.55    1.20000000   1.2000   0.6855   3.8249   4.0840   0.0000   0.0000
    9.55    1.20100000   1.2010   0.6877   3.8252   4.0840   0.0000   0.0000
    9.55    1.20100000   1.2010   0.6899   3.8255   4.0830   0.0000   0.0000
    9.55    1.20200000   1.2020   0.6921   3.8257   4.0820   0.0000   0.0000
    9.55    1.20200000   1.2020   0.6944   3.8260   4.0810   0.0000   0.0000
    9.55    1.20300000   1.2030   0.6964   3.8262   4.0800   0.0000   0.0000
    9.55    1.20300000   1.2030   0.6984   3.8264   4.0780   0.0000   0.0000
    9.55    1.20400000   1.2040   0.7004   3.8265   4.0770   0.0000   0.0000
    9.55    1.20400000   1.2040   0.7025   3.8267   4.0760   0.0000   0.0000
    9.55    1.20500000   1.2050   0.7045   3.8268   4.0750   0.0000   0.0000
    9.55    1.20500000   1.2050   0.7066   3.8270   4.0740   0.0000   0.0000
    9.55    1.20600000   1.2060   0.7087   3.8272   4.0720   0.0000   0.0000
    9.55    1.20700000   1.2070   0.7109   3.8274   4.0710   0.0000   0.0000
    9.55    1.20700000   1.2070   0.7130   3.8276   4.0700   0.0000   0.0000
    9.55    1.20800000   1.2080   0.7152   3.8277   4.0690   0.0000   0.0000
    9.55    1.20800000   1.2080   0.7175   3.8279   4.0670   0.0000   0.0000
    9.55    1.20900000   1.2090   0.7197   3.8281   4.0660   0.0000   0.0000
    9.55    1.20900000   1.2090   0.7220   3.8283   4.0650   0.0000   0.0000
    9.55    1.21000000   1.2100   0.7250   3.8280   4.0600   0.0000   0.0000
    9.55    1.21000000   1.2100   0.7280   3.8276   4.0560   0.0000   0.0000
    9.55    1.21100000   1.2110   0.7311   3.8271   4.0510   0.0000   0.0000
    9.55    1.21100000   1.2110   0.7340   3.8268   4.0470   0.0000   0.0000
    9.55    1.21200000   1.2120   0.7357   3.8266   4.0450   0.0000   0.0000
    9.55    1.21200000   1.2120   0.7374   3.8264   4.0430   0.0000   0.0000
    9.55    1.21300000   1.2130   0.7392   3.8263   4.0410   0.0000   0.0000
    9.55    1.21300000   1.2130   0.7408   3.8261   4.0390   0.0000   0.0000
    9.55    1.21400000   1.2140   0.7425   3.8260   4.0370   0.0000   0.0000
    9.55    1.21400000   1.2140   0.7441   3.8259   4.0350   0.0000   0.0000
    9.55    1.21500000   1.2150   0.7457   3.8258   4.0330   0.0000   0.0000
    9.55    1.21500000   1.2150   0.7474   3.8257   4.0310   0.0000   0.0000
    9.55    1.21600000   1.2160   0.7490   3.8255   4.0290   0.0000   0.0000
    9.55    1.21600000   1.2160   0.7506   3.8254   4.0270   0.0000   0.0000
    9.55    1.21700000   1.2170   0.7522   3.8253   4.0250   0.0000   0.0000
    9.55    1.21700000   1.2170   0.7538   3.8252   4.0230   0.0000   0.0000
    9.55    1.21800000   1.2180   0.7554   3.8251   4.0210   0.0000   0.0000
    9.55    1.21800000   1.2180   0.7570   3.8249   4.0190   0.0000   0.0000
    9.55    1.21900000   1.2190   0.7586   3.8248   4.0170   0.0000   0.0000
    9.55    1.21900000   1.2190   0.7602   3.8247   4.0160   0.0000   0.0000
    9.55    1.22000000   1.2200   0.7619   3.8246   4.0140   0.0000   0.0000
    9.55    1.22000000   1.2200   0.7635   3.8244   4.0120   0.0000   0.0000
    9.55    1.22100000   1.2210   0.7651   3.8243   4.0100   0.0000   0.0000
    9.55    1.22100000   1.2210   0.7667   3.8242   4.0080   0.0000   0.0000
    9.55    1.22200000   1.2220   0.7683   3.8240   4.0060   0.0000   0.0000
    9.55    1.22200000   1.2220   0.7699   3.8239   4.0040   0.0000   0.0000
    9.55    1.22300000   1.2230   0.7715   3.8238   4.0020   0.0000   0.0000
    9.55    1.22300000   1.2230   0.7731   3.8236   4.0000   0.0000   0.0000
    9.55    1.22400000   1.2240   0.7748   3.8235   3.9980   0.0000   0.0000
    9.55    1.22400000   1.2240   0.7764   3.8233   3.9960   0.0000   0.0000
    9.55    1.22500000   1.2250   0.7780   3.8232   3.9940   0.0000   0.0000
    9.55    1.22500000   1.2250   0.7797   3.8230   3.9920   0.0000   0.0000
    9.55    1.22600000   1.2260   0.7813   3.8229   3.9900   0.0000   0.0000
    9.55    1.22600000   1.2260   0.7829   3.8227   3.9870   0.0000   0.0000
    9.55    1.22700000   1.2270   0.7846   3.8225   3.9850   0.0000   0.0000
    9.55    1.22700000   1.2270   0.7862   3.8224   3.9830   0.0000   0.0000
    9.55    1.22800000   1.2280   0.7878   3.8222   3.9810   0.0000   0.0000
    9.55    1.22800000   1.2280   0.7895   3.8220   3.9790   0.0000   0.0000
    9.55    1.22900000   1.2290   0.7911   3.8219   3.9770   0.0000   0.0000
    9.55    1.22900000   1.2290   0.7928   3.8217   3.9750   0.0000   0.0000
    9.55    1.23000000   1.2300   0.7945   3.8215   3.9720   0.0000   0.0000
    9.55    1.23000000   1.2300   0.7961   3.8213   3.9700   0.0000   0.0000
    9.55    1.23100000   1.2310   0.7978   3.8211   3.9680   0.0000   0.0000
    9.55    1.23100000   1.2310   0.7995   3.8209   3.9660   0.0000   0.0000
    9.55    1.23200000   1.2320   0.8011   3.8207   3.9630   0.0000   0.0000
    9.55    1.23200000   1.2320   0.8028   3.8205   3.9610   0.0000   0.0000
    9.55    1.23300000   1.2330   0.8045   3.8203   3.9590   0.0000   0.0000
    9.55    1.23400000   1.2340   0.8062   3.8201   3.9560   0.0000   0.0000
    9.55    1.23400000   1.2340   0.8079   3.8199   3.9540   0.0000   0.0000
    9.55    1.23500000   1.2350   0.8096   3.8198   3.9520   0.0000   0.0000
    9.55    1.23500000   1.2350   0.8113   3.8196   3.9500   0.0000   0.0000
    9.55    1.23600000   1.2360   0.8130   3.8194   3.9470   0.0000   0.0000
    9.55    1.23600000   1.2360   0.8147   3.8192   3.9450   0.0000   0.0000
    9.55    1.23700000   1.2370   0.8164   3.8191   3.9430   0.0000   0.0000
    9.55    1.23700000   1.2370   0.8181   3.8189   3.9410   0.0000   0.0000
    9.55    1.23800000   1.2380   0.8198   3.8187   3.9380   0.0000   0.0000
    9.55    1.23800000   1.2380   0.8215   3.8185   3.9360   0.0000   0.0000
    9.55    1.23900000   1.2390   0.8233   3.8183   3.9340   0.0000   0.0000
    9.55    1.23900000   1.2390   0.8250   3.8181   3.9310   0.0000   0.0000
    9.55    1.24000000   1.2400   0.8267   3.8179   3.9290   0.0000   0.0000
    9.55    1.24000000   1.2400   0.8285   3.8177   3.9270   0.0000   0.0000
    9.55    1.24100000   1.2410   0.8302   3.8175   3.9240   0.0000   0.0000
    9.55    1.24100000   1.2410   0.8320   3.8172   3.9220   0.0000   0.0000
    9.55    1.24200000   1.2420   0.8337   3.8170   3.9190   0.0000   0.0000
    9.55    1.24200000   1.2420   0.8355   3.8167   3.9170   0.0000   0.0000
    9.55    1.24300000   1.2430   0.8372   3.8165   3.9140   0.0000   0.0000
    9.55    1.24300000   1.2430   0.8390   3.8162   3.9120   0.0000   0.0000
    9.55    1.24400000   1.2440   0.8408   3.8160   3.9090   0.0000   0.0000
    9.55    1.24400000   1.2440   0.8425   3.8157   3.9060   0.0000   0.0000
    9.55    1.24500000   1.2450   0.8443   3.8154   3.9030   0.0000   0.0000
    9.55    1.24500000   1.2450   0.8461   3.8151   3.9010   0.0000   0.0000
    9.55    1.24600000   1.2460   0.8479   3.8148   3.8980   0.0000   0.0000
    9.55    1.24600000   1.2460   0.8496   3.8145   3.8950   0.0000   0.0000
    9.55    1.24700000   1.2470   0.8514   3.8142   3.8920   0.0000   0.0000
    9.55    1.24700000   1.2470   0.8532   3.8138   3.8890   0.0000   0.0000
    9.55    1.24800000   1.2480   0.8550   3.8134   3.8860   0.0000   0.0000
    9.55    1.24900000   1.2490   0.8568   3.8131   3.8830   0.0000   0.0000
    9.55    1.24900000   1.2490   0.8586   3.8127   3.8800   0.0000   0.0000
    9.55    1.25000000   1.2500   0.8604   3.8123   3.8760   0.0000   0.0000
    9.55    1.25000000   1.2500   0.8622   3.8119   3.8730   0.0000   0.0000
    9.55    1.25100000   1.2510   0.8640   3.8114   3.8700   0.0000   0.0000
    9.55    1.25100000   1.2510   0.8658   3.8109   3.8660   0.0000   0.0000
    9.55    1.25200000   1.2520   0.8677   3.8105   3.8630   0.0000   0.0000
    9.55    1.25200000   1.2520   0.8695   3.8099   3.8590   0.0000   0.0000
    9.55    1.25300000   1.2530   0.8713   3.8094   3.8550   0.0000   0.0000
    9.55    1.25300000   1.2530   0.8731   3.8089   3.8510   0.0000   0.0000
    9.55    1.25400000   1.2540   0.8749   3.8083   3.8470   0.0000   0.0000
    9.55    1.25400000   1.2540   0.8767   3.8077   3.8430   0.0000   0.0000
    9.55    1.25500000   1.2550   0.8785   3.8071   3.8390   0.0000   0.0000
    9.55    1.25500000   1.2550   0.8803   3.8064   3.8350   0.0000   0.0000
    9.55    1.25600000   1.2560   0.8820   3.8057   3.8310   0.0000   0.0000
    9.55    1.25600000   1.2560   0.8838   3.8050   3.8260   0.0000   0.0000
    9.55    1.25700000   1.2570   0.8855   3.8042   3.8220   0.0000   0.0000
    9.55    1.25700000   1.2570   0.8872   3.8034   3.8170   0.0000   0.0000
    9.55    1.25800000   1.2580   0.8888   3.8026   3.8120   0.0000   0.0000
    9.55    1.25800000   1.2580   0.8905   3.8017   3.8070   0.0000   0.0000
    9.55    1.25900000   1.2590   0.8921   3.8008   3.8020   0.0000   0.0000
    9.55    1.26000000   1.2600   0.8936   3.8000   3.7970   0.0000   0.0000
    9.55    1.26000000   1.2600   0.8951   3.7992   3.7930   0.0000   0.0000
    9.55    1.26100000   1.2610   0.8966   3.7983   3.7880   0.0000   0.0000
    9.55    1.26100000   1.2610   0.8980   3.7974   3.7830   0.0000   0.0000
    9.55    1.26200000   1.2620   0.8993   3.7964   3.7780   0.0000   0.0000
    9.55    1.26200000   1.2620   0.9006   3.7954   3.7730   0.0000   0.0000
    9.55    1.26300000   1.2630   0.9017   3.7943   3.7680   0.0000   0.0000
    9.55    1.26300000   1.2630   0.9027   3.7932   3.7630   0.0000   0.0000
    9.55    1.26400000   1.2640   0.9036   3.7920   3.7570   0.0000   0.0000
    9.55    1.26400000   1.2640   0.9043   3.7907   3.7510   0.0000   0.0000
    9.55    1.26500000   1.2650   0.9049   3.7893   3.7450   0.0000   0.0000
    9.55    1.26500000   1.2650   0.9052   3.7877   3.7390   0.0000   0.0000
    9.55    1.26600000   1.2660   0.9053   3.7861   3.7330   0.0000   0.0000
    9.55    1.26600000   1.2660   0.9050   3.7843   3.7260   0.0000   0.0000
    9.55    1.26700000   1.2670   0.9044   3.7822   3.7180   0.0000   0.0000
    9.55    1.26700000   1.2670   0.9035   3.7800   3.7100   0.0000   0.0000
    9.55    1.26800000   1.2680   0.9022   3.7781   3.7040   0.0000   0.0000
    9.55    1.26800000   1.2680   0.9006   3.7762   3.6980   0.0000   0.0000
    9.55    1.26900000   1.2690   0.8983   3.7741   3.6930   0.0000   0.0000
    9.55    1.27000000   1.2700   0.8952   3.7718   3.6860   0.0000   0.0000
    9.55    1.27000000   1.2700   0.8914   3.7692   3.6800   0.0000   0.0000
    9.55    1.27100000   1.2710   0.8862   3.7663   3.6740   0.0000   0.0000
    9.55    1.27100000   1.2710   0.8799   3.7630   3.6670   0.0000   0.0000
    9.55    1.27200000   1.2720   0.8725   3.7595   3.6610   0.0000   0.0000
    9.55    1.27200000   1.2720   0.8642   3.7557   3.6540   0.0000   0.0000
    9.55    1.27300000   1.2730   0.8553   3.7519   3.6480   0.0000   0.0000
    9.55    1.27300000   1.2730   0.8455   3.7481   3.6430   0.0000   0.0000
    9.55    1.27400000   1.2740   0.8351   3.7447   3.6400   0.0000   0.0000
    9.55    1.27400000   1.2740   0.8246   3.7412   3.6360   0.0000   0.0000
    9.55    1.27500000   1.2750   0.8141   3.7376   3.6330   0.0000   0.0000
    9.55    1.27500000   1.2750   0.8049   3.7341   3.6280   0.0000   0.0000
    9.55    1.27600000   1.2760   0.7967   3.7307   3.6230   0.0000   0.0000
    9.55    1.27600000   1.2760   0.7896   3.7273   3.6170   0.0000   0.0000
    9.55    1.27700000   1.2770   0.7850   3.7245   3.6100   0.0000   0.0000
    9.55    1.27800000   1.2780   0.7818   3.7218   3.6030   0.0000   0.0000
    9.55    1.27800000   1.2780   0.7804   3.7195   3.5950   0.0000   0.0000
    9.55    1.27900000   1.2790   0.7831   3.7177   3.5850   0.0000   0.0000
    9.55    1.27900000   1.2790   0.7862   3.7160   3.5760   0.0000   0.0000
    9.55    1.28000000   1.2800   0.7893   3.7144   3.5660   0.0000   0.0000
    9.55    1.28000000   1.2800   0.7951   3.7130   3.5550   0.0000   0.0000
    9.55    1.28100000   1.2810   0.8015   3.7117   3.5440   0.0000   0.0000
    9.55    1.28100000   1.2810   0.8080   3.7104   3.5320   0.0000   0.0000
    9.55    1.28200000   1.2820   0.8156   3.7091   3.5190   0.0000   0.0000
    9.55    1.28200000   1.2820   0.8236   3.7077   3.5060   0.0000   0.0000
    9.55    1.28300000   1.2830   0.8316   3.7063   3.4930   0.0000   0.0000
    9.55    1.28300000   1.2830   0.8409   3.7052   3.4790   0.0000   0.0000
    9.55    1.28400000   1.2840   0.8509   3.7044   3.4660   0.0000   0.0000
    9.55    1.28400000   1.2840   0.8608   3.7035   3.4530   0.0000   0.0000
    9.55    1.28500000   1.2850   0.8715   3.7028   3.4400   0.0000   0.0000
    9.55    1.28600000   1.2850   0.8826   3.7023   3.4270   0.0000   0.0000
    9.55    1.28600000   1.2860   0.8937   3.7018   3.4130   0.0000   0.0000
    9.55    1.28700000   1.2860   0.9052   3.7012   3.4000   0.0000   0.0000
    9.55    1.28700000   1.2870   0.9170   3.7005   3.3860   0.0000   0.0000
    9.55    1.28800000   1.2870   0.9288   3.6999   3.3710   0.0000   0.0000
    9.55    1.28800000   1.2880   0.9412   3.6993   3.3570   0.0000   0.0000
    9.55    1.28900000   1.2880   0.9539   3.6988   3.3420   0.0000   0.0000
    9.55    1.28900000   1.2890   0.9666   3.6982   3.3270   0.0000   0.0000
    9.55    1.29000000   1.2890   0.9801   3.6977   3.3120   0.0000   0.0000
    9.55    1.29000000   1.2900   0.9939   3.6972   3.2970   0.0000   0.0000
    9.55    1.29100000   1.2900   1.0079   3.6968   3.2810   0.0000   0.0000
    9.55    1.29100000   1.2910   1.0226   3.6964   3.2650   0.0000   0.0000
    9.55    1.29200000   1.2910   1.0378   3.6961   3.2490   0.0000   0.0000
    9.55    1.29300000   1.2920   1.0529   3.6958   3.2330   0.0000   0.0000
    9.55    1.29300000   1.2920   1.0686   3.6950   3.2140   0.0000   0.0000
    9.55    1.29400000   1.2930   1.0844   3.6941   3.1940   0.0000   0.0000
    9.55    1.29400000   1.2930   1.1003   3.6931   3.1750   0.0000   0.0000
    9.55    1.29500000   1.2940   1.1179   3.6924   3.1540   0.0000   0.0000
    9.55    1.29500000   1.2940   1.1359   3.6917   3.1340   0.0000   0.0000
    9.55    1.29600000   1.2950   1.1540   3.6910   3.1130   0.0000   0.0000
    9.55    1.29600000   1.2950   1.1737   3.6901   3.0900   0.0000   0.0000
    9.55    1.29700000   1.2960   1.1935   3.6892   3.0670   0.0000   0.0000
    9.55    1.29700000   1.2960   1.2135   3.6883   3.0430   0.0000   0.0000
    9.55    1.29800000   1.2970   1.2362   3.6873   3.0170   0.0000   0.0000
    9.55    1.29900000   1.2970   1.2589   3.6863   2.9900   0.0000   0.0000
    9.55    1.29900000   1.2980   1.2821   3.6853   2.9630   0.0000   0.0000
    9.55    1.30000000   1.2980   1.3080   3.6840   2.9320   0.0000   0.0000
    9.55    1.30000000   1.2990   1.3339   3.6827   2.9020   0.0000   0.0000
    9.55    1.30100000   1.2990   1.3616   3.6815   2.8690   0.0000   0.0000
    9.55    1.30100000   1.2990   1.3932   3.6803   2.8330   0.0000   0.0000
    9.55    1.30200000   1.3000   1.4249   3.6792   2.7970   0.0000   0.0000
    9.55    1.30200000   1.3000   1.4576   3.6776   2.7580   0.0000   0.0000
    9.55    1.30300000   1.3010   1.4914   3.6756   2.7160   0.0000   0.0000
    9.55    1.30300000   1.3010   1.5252   3.6736   2.6740   0.0000   0.0000
    9.55    1.30400000   1.3010   1.5532   3.6719   2.6400   0.0000   0.0000
    9.55    1.30400000   1.3020   1.5782   3.6705   2.6090   0.0000   0.0000
    9.55    1.30500000   1.3020   1.6030   3.6691   2.5790   0.0000   0.0000
    9.55    1.30600000   1.3020   1.6211   3.6683   2.5580   0.0000   0.0000
    9.55    1.30600000   1.3020   1.6382   3.6675   2.5370   0.0000   0.0000
    9.55    1.30700000   1.3020   1.6591   3.6664   2.5120   0.0000   0.0000
    9.55    1.30700000   1.3020   1.7199   3.6625   2.4360   0.0000   0.0000
    9.55    1.30800000   1.3030   1.7805   3.6585   2.3590   0.0000   0.0000
    9.55    1.30800000   1.3020   1.8508   3.6541   2.2710   0.0000   0.0000
    9.55    1.30900000   1.3020   1.9420   3.6487   2.1580   0.0000   0.0000
    9.55    1.30900000   1.3010   2.0330   3.6432   2.0450   0.0000   0.0000
# log(age) Mini Mact logl logt logg Composition Phase
    9.60    0.80000000   0.8000  -0.3450   3.7387   4.5940   0.0000   0.0000
    9.60    0.88400000   0.8840  -0.1066   3.7691   4.5200   0.0000   0.0000
    9.60    0.97800000   0.9780   0.1506   3.7945   4.4090   0.0000   0.0000
    9.60    1.08100000   1.0810   0.4282   3.8152   4.2570   0.0000   0.0000
    9.60    1.13300000   1.1330   0.5693   3.8203   4.1570   0.0000   0.0000
    9.60    1.13400000   1.1340   0.5707   3.8203   4.1560   0.0000   0.0000
    9.60    1.13400000   1.1340   0.5721   3.8204   4.1550   0.0000   0.0000
    9.60    1.13500000   1.1350   0.5735   3.8204   4.1540   0.0000   0.0000
    9.60    1.13500000   1.1350   0.5749   3.8205   4.1530   0.0000   0.0000
    9.60    1.13600000   1.1360   0.5763   3.8205   4.1520   0.0000   0.0000
    9.60    1.13600000   1.1360   0.5777   3.8206   4.1510   0.0000   0.0000
    9.60    1.13700000   1.1370   0.5791   3.8206   4.1500   0.0000   0.0000
    9.60    1.13700000   1.1370   0.5805   3.8207   4.1490   0.0000   0.0000
    9.60    1.13800000   1.1380   0.5819   3.8207   4.1480   0.0000   0.0000
    9.60    1.13800000   1.1380   0.5833   3.8208   4.1470   0.0000   0.0000
    9.60    1.13800000   1.1380   0.5847   3.8208   4.1460   0.0000   0.0000
    9.60    1.13900000   1.1390   0.5861   3.8209   4.1450   0.0000   0.0000
    9.60    1.13900000   1.1390   0.5876   3.8209   4.1440   0.0000   0.0000
    9.60    1.14000000   1.1400   0.5890   3.8210   4.1430   0.0000   0.0000
    9.60    1.14000000   1.1400   0.5904   3.8211   4.1420   0.0000   0.0000
    9.60    1.14100000   1.1410   0.5919   3.8211   4.1410   0.0000   0.0000
    9.60    1.14100000   1.1410   0.5933   3.8212   4.1400   0.0000   0.0000
    9.60    1.14200000   1.1420   0.5948   3.8212   4.1390   0.0000   0.0000
    9.60    1.14200000   1.1420   0.5962   3.8213   4.1380   0.0000   0.0000
    9.60    1.14300000   1.1430   0.5977   3.8213   4.1370   0.0000   0.0000
    9.60    1.14300000   1.1430   0.5991   3.8214   4.1360   0.0000   0.0000
    9.60    1.14400000   1.1440   0.6006   3.8215   4.1350   0.0000   0.0000
    9.60    1.14400000   1.1440   0.6021   3.8215   4.1340   0.0000   0.0000
    9.60    1.14500000   1.1450   0.6036   3.8216   4.1320   0.0000   0.0000
    9.60    1.14500000   1.1450   0.6055   3.8215   4.1300   0.0000   0.0000
    9.60    1.14600000   1.1460   0.6073   3.8214   4.1280   0.0000   0.0000
    9.60    1.14600000   1.1460   0.6092   3.8213   4.1260   0.0000   0.0000
    9.60    1.14700000   1.1470   0.6111   3.8212   4.1240   0.0000   0.0000
    9.60    1.14700000   1.1470   0.6130   3.8210   4.1220   0.0000   0.0000
    9.60    1.14800000   1.1480   0.6145   3.8210   4.1200   0.0000   0.0000
    9.60    1.14800000   1.1480   0.6160   3.8210   4.1190   0.0000   0.0000
    9.60    1.14900000   1.1490   0.6175   3.8209   4.1170   0.0000   0.0000
    9.60    1.14900000   1.1490   0.6190   3.8209   4.1160   0.0000   0.0000
    9.60    1.14900000   1.1490   0.6205   3.8209   4.1140   0.0000   0.0000
    9.60    1.15000000   1.1500   0.6220   3.8208   4.1130   0.0000   0.0000
    9.60    1.15000000   1.1500   0.6234   3.8208   4.1120   0.0000   0.0000
    9.60    1.15100000   1.1510   0.6249   3.8208   4.1100   0.0000   0.0000
    9.60    1.15100000   1.1510   0.6264   3.8208   4.1090   0.0000   0.0000
    9.60    1.15200000   1.1520   0.6278   3.8207   4.1070   0.0000   0.0000
    9.60    1.15200000   1.1520   0.6293   3.8207   4.1060   0.0000   0.0000
    9.60    1.15300000   1.1530   0.6308   3.8207   4.1050   0.0000   0.0000
    9.60    1.15300000   1.1530   0.6323   3.8206   4.1030   0.0000   0.0000
    9.60    1.15400000   1.1540   0.6337   3.8206   4.1020   0.0000   0.0000
    9.60    1.15400000   1.1540   0.6352   3.8206   4.1000   0.0000   0.0000
    9.60    1.15500000   1.1550   0.6367   3.8206   4.0990   0.0000   0.0000
    9.60    1.15500000   1.1550   0.6382   3.8205   4.0980   0.0000   0.0000
    9.60    1.15600000   1.1560   0.6396   3.8205   4.0960   0.0000   0.0000
    9.60    1.15600000   1.1560   0.6411   3.8205   4.0950   0.0000   0.0000
    9.60    1.15700000   1.1570   0.6426   3.8204   4.0930   0.0000   0.0000
    9.60    1.15700000   1.1570   0.6441   3.8204   4.0920   0.0000   0.0000
    9.60    1.15800000   1.1580   0.6456   3.8204   4.0900   0.0000   0.0000
    9.60    1.15800000   1.1580   0.6471   3.8203   4.0890   0.0000   0.0000
    9.60    1.15900000   1.1590   0.6486   3.8203   4.0870   0.0000   0.0000
    9.60    1.15900000   1.1590   0.6500   3.8202   4.0860   0.0000   0.0000
    9.60    1.16000000   1.1600   0.6515   3.8202   4.0840   0.0000   0.0000
    9.60    1.16000000   1.1600   0.6530   3.8201   4.0830   0.0000   0.0000
    9.60    1.16100000   1.1610   0.6545   3.8201   4.0810   0.0000   0.0000
    9.60    1.16100000   1.1610   0.6560   3.8201   4.0800   0.0000   0.0000
    9.60    1.16200000   1.1620   0.6575   3.8200   4.0780   0.0000   0.0000
    9.60    1.16200000   1.1620   0.6591   3.8200   4.0770   0.0000   0.0000
    9.60    1.16200000   1.1620   0.6606   3.8199   4.0750   0.0000   0.0000
    9.60    1.16300000   1.1630   0.6621   3.8199   4.0740   0.0000   0.0000
    9.60    1.16300000   1.1630   0.6636   3.8198   4.0720   0.0000   0.0000
    9.60    1.16400000   1.1640   0.6651   3.8198   4.0710   0.0000   0.0000
    9.60    1.16400000   1.1640   0.6666   3.8197   4.0690   0.0000   0.0000
    9.60    1.16500000   1.1650   0.6682   3.8196   4.0680   0.0000   0.0000
    9.60    1.16500000   1.1650   0.6697   3.8196   4.0660   0.0000   0.0000
    9.60    1.16600000   1.1660   0.6712   3.8195   4.0640   0.0000   0.0000
    9.60    1.16600000   1.1660   0.6727   3.8195   4.0630   0.0000   0.0000
    9.60    1.16700000   1.1670   0.6743   3.8194   4.0610   0.0000   0.0000
    9.60    1.16700000   1.1670   0.6758   3.8193   4.0600   0.0000   0.0000
    9.60    1.16800000   1.1680   0.6773   3.8193   4.0580   0.0000   0.0000
    9.60    1.16800000   1.1680   0.6789   3.8192   4.0560   0.0000   0.0000
    9.60    1.16900000   1.1690   0.6804   3.8191   4.0550   0.0000   0.0000
    9.60    1.16900000   1.1690   0.6820   3.8191   4.0530   0.0000   0.0000
    9.60    1.17000000   1.1700   0.6835   3.8190   4.0510   0.0000   0.0000
    9.60    1.17000000   1.1700   0.6851   3.8189   4.0500   0.0000   0.0000
    9.60    1.17100000   1.1710   0.6866   3.8188   4.0480   0.0000   0.0000
    9.60    1.17100000   1.1710   0.6882   3.8188   4.0460   0.0000   0.0000
    9.60    1.17200000   1.1720   0.6898   3.8187   4.0450   0.0000   0.0000
    9.60    1.17200000   1.1720   0.6913   3.8186   4.0430   0.0000   0.0000
    9.60    1.17300000   1.1730   0.6929   3.8185   4.0410   0.0000   0.0000
    9.60    1.17300000   1.1730   0.6945   3.8184   4.0400   0.0000   0.0000
    9.60    1.17400000   1.1740   0.6961   3.8183   4.0380   0.0000   0.0000
    9.60    1.17400000   1.1740   0.6976   3.8182   4.0360   0.0000   0.0000
    9.60    1.17500000   1.1750   0.6992   3.8181   4.0340   0.0000   0.0000
    9.60    1.17500000   1.1750   0.7008   3.8180   4.0320   0.0000   0.0000
    9.60    1.17600000   1.1760   0.7024   3.8179   4.0310   0.0000   0.0000
    9.60    1.17600000   1.1760   0.7040   3.8178   4.0290   0.0000   0.0000
    9.60    1.17700000   1.1770   0.7056   3.8177   4.0270   0.0000   0.0000
    9.60    1.17700000   1.1770   0.7072   3.8176   4.0250   0.0000   0.0000
    9.60    1.17800000   1.1780   0.7088   3.8175   4.0230   0.0000   0.0000
    9.60    1.17800000   1.1780   0.7104   3.8174   4.0220   0.0000   0.0000
    9.60    1.17900000   1.1790   0.7120   3.8174   4.0200   0.0000   0.0000
    9.60    1.17900000   1.1790   0.7136   3.8173   4.0180   0.0000   0.0000
    9.60    1.18000000   1.1800   0.7153   3.8172   4.0160   0.0000   0.0000
    9.60    1.18000000   1.1800   0.7169   3.8171   4.0140   0.0000   0.0000
    9.60    1.18100000   1.1810   0.7185   3.8170   4.0120   0.0000   0.0000
    9.60    1.18100000   1.1810   0.7201   3.8169   4.0110   0.0000   0.0000
    9.60    1.18200000   1.1820   0.7218   3.8168   4.0090   0.0000   0.0000
    9.60    1.18200000   1.1820   0.7234   3.8167   4.0070   0.0000   0.0000
    9.60    1.18300000   1.1830   0.7250   3.8166   4.0050   0.0000   0.0000
    9.60    1.18300000   1.1830   0.7267   3.8165   4.0030   0.0000   0.0000
    9.60    1.18400000   1.1840   0.7283   3.8164   4.0010   0.0000   0.0000
    9.60    1.18400000   1.1840   0.7300   3.8162   3.9990   0.0000   0.0000
    9.60    1.18500000   1.1850   0.7317   3.8161   3.9970   0.0000   0.0000
    9.60    1.18500000   1.1850   0.7333   3.8160   3.9950   0.0000   0.0000
    9.60    1.18600000   1.1860   0.7350   3.8159   3.9930   0.0000   0.0000
    9.60    1.18600000   1.1860   0.7367   3.8158   3.9910   0.0000   0.0000
    9.60    1.18700000   1.1870   0.7383   3.8156   3.9890   0.0000   0.0000
    9.60    1.18700000   1.1870   0.7400   3.8155   3.9870   0.0000   0.0000
    9.60    1.18800000   1.1880   0.7417   3.8153   3.9850   0.0000   0.0000
    9.60    1.18800000   1.1880   0.7434   3.8152   3.9830   0.0000   0.0000
    9.60    1.18900000   1.1890   0.7451   3.8151   3.9810   0.0000   0.0000
    9.60    1.18900000   1.1890   0.7468   3.8149   3.9790   0.0000   0.0000
    9.60    1.18900000   1.1890   0.7485   3.8148   3.9770   0.0000   0.0000
    9.60    1.19000000   1.1900   0.7502   3.8146   3.9750   0.0000   0.0000
    9.60    1.19000000   1.1900   0.7519   3.8145   3.9730   0.0000   0.0000
    9.60    1.19100000   1.1910   0.7536   3.8143   3.9700   0.0000   0.0000
    9.60    1.19100000   1.1910   0.7553   3.8141   3.9680   0.0000   0.0000
    9.60    1.19200000   1.1920   0.7570   3.8139   3.9660   0.0000   0.0000
    9.60    1.19200000   1.1920   0.7587   3.8138   3.9640   0.0000   0.0000
    9.60    1.19300000   1.1930   0.7605   3.8136   3.9610   0.0000   0.0000
    9.60    1.19300000   1.1930   0.7622   3.8134   3.9590   0.0000   0.0000
    9.60    1.19400000   1.1940   0.7639   3.8132   3.9570   0.0000   0.0000
    9.60    1.19400000   1.1940   0.7657   3.8130   3.9540   0.0000   0.0000
    9.60    1.19500000   1.1950   0.7674   3.8127   3.9520   0.0000   0.0000
    9.60    1.19500000   1.1950   0.7691   3.8125   3.9490   0.0000   0.0000
    9.60    1.19600000   1.1960   0.7709   3.8123   3.9470   0.0000   0.0000
    9.60    1.19600000   1.1960   0.7726   3.8121   3.9450   0.0000   0.0000
    9.60    1.19700000   1.1970   0.7744   3.8118   3.9420   0.0000   0.0000
    9.60    1.19700000   1.1970   0.7762   3.8116   3.9390   0.0000   0.0000
    9.60    1.19800000   1.1980   0.7779   3.8113   3.9370   0.0000   0.0000
    9.60    1.19800000   1.1980   0.7797   3.8111   3.9340   0.0000   0.0000
    9.60    1.19900000   1.1990   0.7815   3.8108   3.9320   0.0000   0.0000
    9.60    1.19900000   1.1990   0.7832   3.8105   3.9290   0.0000   0.0000
    9.60    1.20000000   1.2000   0.7850   3.8103   3.9260   0.0000   0.0000
    9.60    1.20000000   1.2000   0.7868   3.8100   3.9230   0.0000   0.0000
    9.60    1.20100000   1.2010   0.7886   3.8097   3.9210   0.0000   0.0000
    9.60    1.20100000   1.2010   0.7903   3.8094   3.9180   0.0000   0.0000
    9.60    1.20200000   1.2020   0.7921   3.8090   3.9150   0.0000   0.0000
    9.60    1.20200000   1.2020   0.7939   3.8087   3.9120   0.0000   0.0000
    9.60    1.20300000   1.2030   0.7957   3.8084   3.9090   0.0000   0.0000
    9.60    1.20300000   1.2030   0.7975   3.8080   3.9060   0.0000   0.0000
    9.60    1.20400000   1.2040   0.7993   3.8077   3.9030   0.0000   0.0000
    9.60    1.20400000   1.2040   0.8010   3.8073   3.9000   0.0000   0.0000
    9.60    1.20500000   1.2050   0.8028   3.8069   3.8970   0.0000   0.0000
    9.60    1.20500000   1.2050   0.8046   3.8065   3.8930   0.0000   0.0000
    9.60    1.20600000   1.2060   0.8064   3.8061   3.8900   0.0000   0.0000
    9.60    1.20700000   1.2070   0.8082   3.8056   3.8870   0.0000   0.0000
    9.60    1.20700000   1.2070   0.8100   3.8052   3.8830   0.0000   0.0000
    9.60    1.20800000   1.2080   0.8117   3.8047   3.8800   0.0000   0.0000
    9.60    1.20800000   1.2080   0.8135   3.8043   3.8770   0.0000   0.0000
    9.60    1.20900000   1.2090   0.8153   3.8038   3.8730   0.0000   0.0000
    9.60    1.20900000   1.2090   0.8170   3.8033   3.8690   0.0000   0.0000
    9.60    1.21000000   1.2100   0.8188   3.8027   3.8660   0.0000   0.0000
    9.60    1.21000000   1.2100   0.8205   3.8022   3.8620   0.0000   0.0000
    9.60    1.21100000   1.2110   0.8223   3.8017   3.8580   0.0000   0.0000
    9.60    1.21100000   1.2110   0.8240   3.8011   3.8550   0.0000   0.0000
    9.60    1.21200000   1.2120   0.8257   3.8006   3.8510   0.0000   0.0000
    9.60    1.21200000   1.2120   0.8274   3.8001   3.8470   0.0000   0.0000
    9.60    1.21300000   1.2130   0.8291   3.7995   3.8440   0.0000   0.0000
    9.60    1.21300000   1.2130   0.8307   3.7990   3.8400   0.0000   0.0000
    9.60    1.21400000   1.2140   0.8323   3.7984   3.8360   0.0000   0.0000
    9.60    1.21400000   1.2140   0.8339   3.7977   3.8320   0.0000   0.0000
    9.60    1.21500000   1.2150   0.8355   3.7971   3.8280   0.0000   0.0000
    9.60    1.21500000   1.2150   0.8370   3.7964   3.8240   0.0000   0.0000
    9.60    1.21600000   1.2160   0.8385   3.7957   3.8200   0.0000   0.0000
    9.60    1.21600000   1.2160   0.8400   3.7949   3.8160   0.0000   0.0000
    9.60    1.21700000   1.2170   0.8413   3.7941   3.8110   0.0000   0.0000
    9.60    1.21700000   1.2170   0.8427   3.7933   3.8070   0.0000   0.0000
    9.60    1.21800000   1.2180   0.8439   3.7923   3.8020   0.0000   0.0000
    9.60    1.21800000   1.2180   0.8451   3.7914   3.7970   0.0000   0.0000
    9.60    1.21900000   1.2190   0.8462   3.7904   3.7920   0.0000   0.0000
    9.60    1.21900000   1.2190   0.8472   3.7893   3.7870   0.0000   0.0000
    9.60    1.22000000   1.2200   0.8480   3.7882   3.7820   0.0000   0.0000
    9.60    1.22000000   1.2200   0.8487   3.7869   3.7760   0.0000   0.0000
    9.60    1.22100000   1.2210   0.8493   3.7855   3.7700   0.0000   0.0000
    9.60    1.22100000   1.2210   0.8496   3.7840   3.7640   0.0000   0.0000
    9.60    1.22200000   1.2220   0.8499   3.7825   3.7580   0.0000   0.0000
    9.60    1.22200000   1.2220   0.8499   3.7811   3.7530   0.0000   0.0000
    9.60    1.22300000   1.2230   0.8498   3.7798   3.7470   0.0000   0.0000
    9.60    1.22300000   1.2230   0.8493   3.7783   3.7420   0.0000   0.0000
    9.60    1.22400000   1.2240   0.8486   3.7768   3.7370   0.0000   0.0000
    9.60    1.22400000   1.2240   0.8472   3.7749   3.7310   0.0000   0.0000
    9.60    1.22500000   1.2250   0.8457   3.7730   3.7250   0.0000   0.0000
    9.60    1.22500000   1.2250   0.8433   3.7709   3.7190   0.0000   0.0000
    9.60    1.22600000   1.2260   0.8406   3.7687   3.7140   0.0000   0.0000
    9.60    1.22600000   1.2260   0.8365   3.7660   3.7070   0.0000   0.0000
    9.60    1.22700000   1.2270   0.8323   3.7633   3.7010   0.0000   0.0000
    9.60    1.22700000   1.2270   0.8273   3.7604   3.6940   0.0000   0.0000
    9.60    1.22800000   1.2280   0.8220   3.7574   3.6880   0.0000   0.0000
    9.60    1.22800000   1.2280   0.8157   3.7545   3.6820   0.0000   0.0000
    9.60    1.22900000   1.2290   0.8091   3.7515   3.6770   0.0000   0.0000
    9.60    1.22900000   1.2290   0.8017   3.7486   3.6730   0.0000   0.0000
    9.60    1.23000000   1.2300   0.7939   3.7456   3.6690   0.0000   0.0000
    9.60    1.23000000   1.2300   0.7858   3.7423   3.6640   0.0000   0.0000
    9.60    1.23100000   1.2310   0.7779   3.7390   3.6590   0.0000   0.0000
    9.60    1.23100000   1.2310   0.7704   3.7359   3.6550   0.0000   0.0000
    9.60    1.23200000   1.2320   0.7635   3.7328   3.6490   0.0000   0.0000
    9.60    1.23200000   1.2320   0.7568   3.7296   3.6430   0.0000   0.0000
    9.60    1.23300000   1.2330   0.7519   3.7267   3.6370   0.0000   0.0000
    9.60    1.23400000   1.2340   0.7475   3.7239   3.6300   0.0000   0.0000
    9.60    1.23400000   1.2340   0.7456   3.7215   3.6230   0.0000   0.0000
    9.60    1.23500000   1.2350   0.7447   3.7193   3.6150   0.0000   0.0000
    9.60    1.23500000   1.2350   0.7472   3.7177   3.6060   0.0000   0.0000
    9.60    1.23600000   1.2360   0.7497   3.7161   3.5980   0.0000   0.0000
    9.60    1.23600000   1.2360   0.7525   3.7145   3.5890   0.0000   0.0000
    9.60    1.23700000   1.2370   0.7579   3.7134   3.5790   0.0000   0.0000
    9.60    1.23700000   1.2370   0.7633   3.7122   3.5690   0.0000   0.0000
    9.60    1.23800000   1.2380   0.7687   3.7110   3.5590   0.0000   0.0000
    9.60    1.23800000   1.2380   0.7753   3.7095   3.5460   0.0000   0.0000
    9.60    1.23900000   1.2390   0.7819   3.7080   3.5340   0.0000   0.0000
    9.60    1.23900000   1.2390   0.7884   3.7065   3.5220   0.0000   0.0000
    9.60    1.24000000   1.2400   0.7968   3.7056   3.5100   0.0000   0.0000
    9.60    1.24000000   1.2400   0.8056   3.7048   3.4980   0.0000   0.0000
    9.60    1.24100000   1.2410   0.8143   3.7041   3.4870   0.0000   0.0000
    9.60    1.24100000   1.2410   0.8236   3.7034   3.4750   0.0000   0.0000
    9.60    1.24200000   1.2420   0.8333   3.7029   3.4630   0.0000   0.0000
    9.60    1.24200000   1.2420   0.8429   3.7024   3.4520   0.0000   0.0000
    9.60    1.24300000   1.2430   0.8529   3.7017   3.4390   0.0000   0.0000
    9.60    1.24300000   1.2430   0.8632   3.7010   3.4260   0.0000   0.0000
    9.60    1.24400000   1.2440   0.8734   3.7002   3.4130   0.0000   0.0000
    9.60    1.24400000   1.2440   0.8843   3.6997   3.4000   0.0000   0.0000
    9.60    1.24500000   1.2450   0.8958   3.6993   3.3870   0.0000   0.0000
    9.60    1.24500000   1.2450   0.9074   3.6990   3.3750   0.0000   0.0000
    9.60    1.24600000   1.2460   0.9191   3.6985   3.3610   0.0000   0.0000
    9.60    1.24600000   1.2460   0.9311   3.6979   3.3470   0.0000   0.0000
    9.60    1.24700000   1.2460   0.9432   3.6972   3.3320   0.0000   0.0000
    9.60    1.24700000   1.2470   0.9554   3.6966   3.3180   0.0000   0.0000
    9.60    1.24800000   1.2470   0.9688   3.6963   3.3030   0.0000   0.0000
    9.60    1.24900000   1.2480   0.9822   3.6959   3.2890   0.0000   0.0000
    9.60    1.24900000   1.2480   0.9955   3.6956   3.2740   0.0000   0.0000
    9.60    1.25000000   1.2490   1.0100   3.6950   3.2570   0.0000   0.0000
    9.60    1.25000000   1.2490   1.0247   3.6944   3.2410   0.0000   0.0000
    9.60    1.25100000   1.2500   1.0401   3.6938   3.2230   0.0000   0.0000
    9.60    1.25100000   1.2500   1.0571   3.6931   3.2030   0.0000   0.0000
    9.60    1.25200000   1.2510   1.0743   3.6924   3.1830   0.0000   0.0000
    9.60    1.25200000   1.2510   1.0915   3.6917   3.1630   0.0000   0.0000
    9.60    1.25300000   1.2520   1.1104   3.6908   3.1410   0.0000   0.0000
    9.60    1.25300000   1.2520   1.1293   3.6899   3.1190   0.0000   0.0000
    9.60    1.25400000   1.2530   1.1483   3.6890   3.0970   0.0000   0.0000
    9.60    1.25400000   1.2530   1.1705   3.6883   3.0720   0.0000   0.0000
    9.60    1.25500000   1.2540   1.1927   3.6876   3.0470   0.0000   0.0000
    9.60    1.25500000   1.2540   1.2150   3.6869   3.0220   0.0000   0.0000
    9.60    1.25600000   1.2540   1.2401   3.6856   2.9920   0.0000   0.0000
    9.60    1.25600000   1.2550   1.2652   3.6843   2.9620   0.0000   0.0000
    9.60    1.25700000   1.2550   1.2908   3.6830   2.9310   0.0000   0.0000
    9.60    1.25700000   1.2560   1.3216   3.6818   2.8950   0.0000   0.0000
    9.60    1.25800000   1.2560   1.3524   3.6805   2.8600   0.0000   0.0000
    9.60    1.25800000   1.2570   1.3839   3.6791   2.8230   0.0000   0.0000
    9.60    1.25900000   1.2570   1.4186   3.6774   2.7810   0.0000   0.0000
    9.60    1.26000000   1.2570   1.4533   3.6756   2.7400   0.0000   0.0000
    9.60    1.26000000   1.2580   1.4876   3.6739   2.6980   0.0000   0.0000
    9.60    1.26100000   1.2580   1.5210   3.6719   2.6570   0.0000   0.0000
    9.60    1.26100000   1.2580   1.5543   3.6701   2.6170   0.0000   0.0000
    9.60    1.26200000   1.2580   1.5800   3.6688   2.5860   0.0000   0.0000
    9.60    1.26200000   1.2580   1.5941   3.6684   2.5700   0.0000   0.0000
    9.60    1.26300000   1.2590   1.6083   3.6680   2.5550   0.0000   0.0000
    9.60    1.26300000   1.2590   1.6481   3.6657   2.5050   0.0000   0.0000
    9.60    1.26400000   1.2590   1.7110   3.6615   2.4260   0.0000   0.0000
    9.60    1.26400000   1.2590   1.7738   3.6573   2.3460   0.0000   0.0000
    9.60    1.26500000   1.2580   1.8611   3.6520   2.2380   0.0000   0.0000
    9.60    1.26500000   1.2580   1.9597   3.6460   2.1150   0.0000   0.0000
    9.60    1.26600000   1.2570   2.0581   3.6401   1.9930   0.0000   0.0000
# log(age) Mini Mact logl logt logg Composition Phase
    9.65    0.80000000   0.8000  -0.3346   3.7397   4.5880   0.0000   0.0000
    9.65    0.88400000   0.8840  -0.0907   3.7703   4.5090   0.0000   0.0000
    9.65    0.97800000   0.9780   0.1758   3.7951   4.3860   0.0000   0.0000
    9.65    1.08000000   1.0800   0.4681   3.8138   4.2110   0.0000   0.0000
    9.65    1.08000000   1.0800   0.4695   3.8138   4.2100   0.0000   0.0000
    9.65    1.08100000   1.0810   0.4709   3.8139   4.2090   0.0000   0.0000
    9.65    1.08100000   1.0810   0.4723   3.8140   4.2080   0.0000   0.0000
    9.65    1.08100000   1.0810   0.4737   3.8140   4.2070   0.0000   0.0000
    9.65    1.08200000   1.0820   0.4751   3.8141   4.2060   0.0000   0.0000
    9.65    1.08200000   1.0820   0.4766   3.8141   4.2050   0.0000   0.0000
    9.65    1.08300000   1.0830   0.4780   3.8142   4.2040   0.0000   0.0000
    9.65    1.08300000   1.0830   0.4794   3.8142   4.2030   0.0000   0.0000
    9.65    1.08400000   1.0840   0.4809   3.8143   4.2020   0.0000   0.0000
    9.65    1.08400000   1.0840   0.4823   3.8143   4.2010   0.0000   0.0000
    9.65    1.08500000   1.0850   0.4837   3.8144   4.2000   0.0000   0.0000
    9.65    1.08500000   1.0850   0.4852   3.8144   4.1990   0.0000   0.0000
    9.65    1.08600000   1.0860   0.4866   3.8145   4.1980   0.0000   0.0000
    9.65    1.08600000   1.0860   0.4880   3.8145   4.1970   0.0000   0.0000
    9.65    1.08600000   1.0860   0.4894   3.8146   4.1960   0.0000   0.0000
    9.65    1.08700000   1.0870   0.4909   3.8146   4.1950   0.0000   0.0000
    9.65    1.08700000   1.0870   0.4923   3.8147   4.1940   0.0000   0.0000
    9.65    1.08800000   1.0880   0.4937   3.8147   4.1930   0.0000   0.0000
    9.65    1.08800000   1.0880   0.4952   3.8148   4.1920   0.0000   0.0000
    9.65    1.08900000   1.0890   0.4966   3.8148   4.1910   0.0000   0.0000
    9.65    1.08900000   1.0890   0.4980   3.8149   4.1900   0.0000   0.0000
    9.65    1.09000000   1.0900   0.4995   3.8150   4.1890   0.0000   0.0000
    9.65    1.09000000   1.0900   0.5009   3.8150   4.1880   0.0000   0.0000
    9.65    1.09100000   1.0910   0.5023   3.8151   4.1860   0.0000   0.0000
    9.65    1.09100000   1.0910   0.5038   3.8151   4.1850   0.0000   0.0000
    9.65    1.09100000   1.0910   0.5053   3.8151   4.1840   0.0000   0.0000
    9.65    1.09200000   1.0920   0.5068   3.8152   4.1830   0.0000   0.0000
    9.65    1.09200000   1.0920   0.5082   3.8152   4.1820   0.0000   0.0000
    9.65    1.09300000   1.0930   0.5097   3.8153   4.1810   0.0000   0.0000
    9.65    1.09300000   1.0930   0.5112   3.8153   4.1800   0.0000   0.0000
    9.65    1.09400000   1.0940   0.5127   3.8154   4.1790   0.0000   0.0000
    9.65    1.09400000   1.0940   0.5142   3.8154   4.1780   0.0000   0.0000
    9.65    1.09500000   1.0950   0.5157   3.8155   4.1770   0.0000   0.0000
    9.65    1.09500000   1.0950   0.5172   3.8155   4.1750   0.0000   0.0000
    9.65    1.09600000   1.0960   0.5187   3.8156   4.1740   0.0000   0.0000
    9.65    1.09600000   1.0960   0.5202   3.8156   4.1730   0.0000   0.0000
    9.65    1.09600000   1.0960   0.5217   3.8157   4.1720   0.0000   0.0000
    9.65    1.09700000   1.0970   0.5232   3.8157   4.1710   0.0000   0.0000
    9.65    1.09700000   1.0970   0.5247   3.8157   4.1700   0.0000   0.0000
    9.65    1.09800000   1.0980   0.5262   3.8158   4.1680   0.0000   0.0000
    9.65    1.09800000   1.0980   0.5278   3.8158   4.1670   0.0000   0.0000
    9.65    1.09900000   1.0990   0.5293   3.8159   4.1660   0.0000   0.0000
    9.65    1.09900000   1.0990   0.5308   3.8159   4.1650   0.0000   0.0000
    9.65    1.10000000   1.1000   0.5323   3.8159   4.1640   0.0000   0.0000
    9.65    1.10000000   1.1000   0.5338   3.8160   4.1620   0.0000   0.0000
    9.65    1.10100000   1.1010   0.5353   3.8160   4.1610   0.0000   0.0000
    9.65    1.10100000   1.1010   0.5367   3.8160   4.1600   0.0000   0.0000
    9.65    1.10200000   1.1020   0.5381   3.8160   4.1590   0.0000   0.0000
    9.65    1.10200000   1.1020   0.5395   3.8160   4.1580   0.0000   0.0000
    9.65    1.10200000   1.1020   0.5410   3.8160   4.1560   0.0000   0.0000
    9.65    1.10300000   1.1030   0.5424   3.8160   4.1550   0.0000   0.0000
    9.65    1.10300000   1.1030   0.5439   3.8160   4.1540   0.0000   0.0000
    9.65    1.10400000   1.1040   0.5453   3.8160   4.1530   0.0000   0.0000
    9.65    1.10400000   1.1040   0.5467   3.8160   4.1510   0.0000   0.0000
    9.65    1.10500000   1.1050   0.5482   3.8160   4.1500   0.0000   0.0000
    9.65    1.10500000   1.1050   0.5496   3.8160   4.1490   0.0000   0.0000
    9.65    1.10600000   1.1060   0.5511   3.8160   4.1480   0.0000   0.0000
    9.65    1.10600000   1.1060   0.5525   3.8160   4.1460   0.0000   0.0000
    9.65    1.10700000   1.1070   0.5540   3.8160   4.1450   0.0000   0.0000
    9.65    1.10700000   1.1070   0.5555   3.8160   4.1440   0.0000   0.0000
    9.65    1.10800000   1.1080   0.5569   3.8160   4.1420   0.0000   0.0000
    9.65    1.10800000   1.1080   0.5584   3.8160   4.1410   0.0000   0.0000
    9.65    1.10800000   1.1080   0.5598   3.8160   4.1400   0.0000   0.0000
    9.65    1.10900000   1.1090   0.5613   3.8160   4.1390   0.0000   0.0000
    9.65    1.10900000   1.1090   0.5628   3.8160   4.1370   0.0000   0.0000
    9.65    1.11000000   1.1100   0.5643   3.8160   4.1360   0.0000   0.0000
    9.65    1.11000000   1.1100   0.5657   3.8160   4.1350   0.0000   0.0000
    9.65    1.11100000   1.1110   0.5672   3.8160   4.1330   0.0000   0.0000
    9.65    1.11100000   1.1110   0.5687   3.8160   4.1320   0.0000   0.0000
    9.65    1.11200000   1.1120   0.5702   3.8159   4.1310   0.0000   0.0000
    9.65    1.11200000   1.1120   0.5717   3.8159   4.1290   0.0000   0.0000
    9.65    1.11300000   1.1130   0.5732   3.8159   4.1280   0.0000   0.0000
    9.65    1.11300000   1.1130   0.5746   3.8159   4.1260   0.0000   0.0000
    9.65    1.11400000   1.1140   0.5761   3.8159   4.1250   0.0000   0.0000
    9.65    1.11400000   1.1140   0.5776   3.8159   4.1240   0.0000   0.0000
    9.65    1.11400000   1.1140   0.5791   3.8158   4.1220   0.0000   0.0000
    9.65    1.11500000   1.1150   0.5806   3.8158   4.1210   0.0000   0.0000
    9.65    1.11500000   1.1150   0.5821   3.8158   4.1190   0.0000   0.0000
    9.65    1.11600000   1.1160   0.5836   3.8158   4.1180   0.0000   0.0000
    9.65    1.11600000   1.1160   0.5851   3.8158   4.1170   0.0000   0.0000
    9.65    1.11700000   1.1170   0.5867   3.8157   4.1150   0.0000   0.0000
    9.65    1.11700000   1.1170   0.5882   3.8157   4.1140   0.0000   0.0000
    9.65    1.11800000   1.1180   0.5897   3.8157   4.1120   0.0000   0.0000
    9.65    1.11800000   1.1180   0.5912   3.8156   4.1110   0.0000   0.0000
    9.65    1.11900000   1.1190   0.5927   3.8156   4.1090   0.0000   0.0000
    9.65    1.11900000   1.1190   0.5943   3.8156   4.1080   0.0000   0.0000
    9.65    1.12000000   1.1200   0.5958   3.8155   4.1060   0.0000   0.0000
    9.65    1.12000000   1.1200   0.5973   3.8155   4.1050   0.0000   0.0000
    9.65    1.12100000   1.1210   0.5989   3.8155   4.1030   0.0000   0.0000
    9.65    1.12100000   1.1210   0.6004   3.8154   4.1020   0.0000   0.0000
    9.65    1.12100000   1.1210   0.6019   3.8154   4.1000   0.0000   0.0000
    9.65    1.12200000   1.1220   0.6035   3.8154   4.0990   0.0000   0.0000
    9.65    1.12200000   1.1220   0.6050   3.8153   4.0970   0.0000   0.0000
    9.65    1.12300000   1.1230   0.6066   3.8153   4.0960   0.0000   0.0000
    9.65    1.12300000   1.1230   0.6081   3.8152   4.0940   0.0000   0.0000
    9.65    1.12400000   1.1240   0.6097   3.8152   4.0930   0.0000   0.0000
    9.65    1.12400000   1.1240   0.6113   3.8151   4.0910   0.0000   0.0000
    9.65    1.12500000   1.1250   0.6128   3.8151   4.0900   0.0000   0.0000
    9.65    1.12500000   1.1250   0.6144   3.8151   4.0880   0.0000   0.0000
    9.65    1.12600000   1.1260   0.6159   3.8150   4.0860   0.0000   0.0000
    9.65    1.12600000   1.1260   0.6175   3.8150   4.0850   0.0000   0.0000
    9.65    1.12700000   1.1270   0.6191   3.8149   4.0830   0.0000   0.0000
    9.65    1.12700000   1.1270   0.6207   3.8149   4.0820   0.0000   0.0000
    9.65    1.12800000   1.1280   0.6223   3.8148   4.0800   0.0000   0.0000
    9.65    1.12800000   1.1280   0.6238   3.8148   4.0790   0.0000   0.0000
    9.65    1.12900000   1.1290   0.6254   3.8147   4.0770   0.0000   0.0000
    9.65    1.12900000   1.1290   0.6270   3.8147   4.0750   0.0000   0.0000
    9.65    1.12900000   1.1290   0.6286   3.8146   4.0740   0.0000   0.0000
    9.65    1.13000000   1.1300   0.6302   3.8145   4.0720   0.0000   0.0000
    9.65    1.13000000   1.1300   0.6318   3.8145   4.0700   0.0000   0.0000
    9.65    1.13100000   1.1310   0.6334   3.8144   4.0690   0.0000   0.0000
    9.65    1.13100000   1.1310   0.6350   3.8144   4.0670   0.0000   0.0000
    9.65    1.13200000   1.1320   0.6366   3.8143   4.0650   0.0000   0.0000
    9.65    1.13200000   1.1320   0.6383   3.8142   4.0640   0.0000   0.0000
    9.65    1.13300000   1.1330   0.6399   3.8142   4.0620   0.0000   0.0000
    9.65    1.13300000   1.1330   0.6415   3.8141   4.0600   0.0000   0.0000
    9.65    1.13400000   1.1340   0.6431   3.8140   4.0580   0.0000   0.0000
    9.65    1.13400000   1.1340   0.6448   3.8139   4.0570   0.0000   0.0000
    9.65    1.13500000   1.1350   0.6464   3.8139   4.0550   0.0000   0.0000
    9.65    1.13500000   1.1350   0.6480   3.8138   4.0530   0.0000   0.0000
    9.65    1.13600000   1.1360   0.6497   3.8137   4.0510   0.0000   0.0000
    9.65    1.13600000   1.1360   0.6513   3.8136   4.0500   0.0000   0.0000
    9.65    1.13700000   1.1370   0.6530   3.8135   4.0480   0.0000   0.0000
    9.65    1.13700000   1.1370   0.6546   3.8134   4.0460   0.0000   0.0000
    9.65    1.13800000   1.1380   0.6563   3.8134   4.0440   0.0000   0.0000
    9.65    1.13800000   1.1380   0.6579   3.8133   4.0420   0.0000   0.0000
    9.65    1.13800000   1.1380   0.6596   3.8132   4.0400   0.0000   0.0000
    9.65    1.13900000   1.1390   0.6613   3.8131   4.0390   0.0000   0.0000
    9.65    1.13900000   1.1390   0.6629   3.8130   4.0370   0.0000   0.0000
    9.65    1.14000000   1.1400   0.6646   3.8129   4.0350   0.0000   0.0000
    9.65    1.14000000   1.1400   0.6663   3.8128   4.0330   0.0000   0.0000
    9.65    1.14100000   1.1410   0.6680   3.8127   4.0310   0.0000   0.0000
    9.65    1.14100000   1.1410   0.6696   3.8126   4.0290   0.0000   0.0000
    9.65    1.14200000   1.1420   0.6713   3.8124   4.0270   0.0000   0.0000
    9.65    1.14200000   1.1420   0.6730   3.8123   4.0250   0.0000   0.0000
    9.65    1.14300000   1.1430   0.6747   3.8122   4.0230   0.0000   0.0000
    9.65    1.14300000   1.1430   0.6764   3.8121   4.0210   0.0000   0.0000
    9.65    1.14400000   1.1440   0.6781   3.8120   4.0190   0.0000   0.0000
    9.65    1.14400000   1.1440   0.6799   3.8118   4.0170   0.0000   0.0000
    9.65    1.14500000   1.1450   0.6816   3.8117   4.0150   0.0000   0.0000
    9.65    1.14500000   1.1450   0.6833   3.8116   4.0130   0.0000   0.0000
    9.65    1.14600000   1.1460   0.6850   3.8114   4.0110   0.0000   0.0000
    9.65    1.14600000   1.1460   0.6867   3.8113   4.0090   0.0000   0.0000
    9.65    1.14700000   1.1470   0.6885   3.8111   4.0060   0.0000   0.0000
    9.65    1.14700000   1.1470   0.6902   3.8110   4.0040   0.0000   0.0000
    9.65    1.14800000   1.1480   0.6920   3.8108   4.0020   0.0000   0.0000
    9.65    1.14800000   1.1480   0.6937   3.8107   4.0000   0.0000   0.0000
    9.65    1.14900000   1.1490   0.6954   3.8105   3.9980   0.0000   0.0000
    9.65    1.14900000   1.1490   0.6972   3.8103   3.9950   0.0000   0.0000
    9.65    1.14900000   1.1490   0.6989   3.8102   3.9930   0.0000   0.0000
    9.65    1.15000000   1.1500   0.7007   3.8100   3.9910   0.0000   0.0000
    9.65    1.15000000   1.1500   0.7025   3.8098   3.9890   0.0000   0.0000
    9.65    1.15100000   1.1510   0.7042   3.8096   3.9860   0.0000   0.0000
    9.65    1.15100000   1.1510   0.7060   3.8094   3.9840   0.0000   0.0000
    9.65    1.15200000   1.1520   0.7078   3.8092   3.9820   0.0000   0.0000
    9.65    1.15200000   1.1520   0.7096   3.8090   3.9790   0.0000   0.0000
    9.65    1.15300000   1.1530   0.7113   3.8088   3.9770   0.0000   0.0000
    9.65    1.15300000   1.1530   0.7131   3.8086   3.9740   0.0000   0.0000
    9.65    1.15400000   1.1540   0.7149   3.8084   3.9720   0.0000   0.0000
    9.65    1.15400000   1.1540   0.7167   3.8082   3.9690   0.0000   0.0000
    9.65    1.15500000   1.1550   0.7185   3.8079   3.9670   0.0000   0.0000
    9.65    1.15500000   1.1550   0.7203   3.8077   3.9640   0.0000   0.0000
    9.65    1.15600000   1.1560   0.7221   3.8074   3.9610   0.0000   0.0000
    9.65    1.15600000   1.1560   0.7239   3.8072   3.9590   0.0000   0.0000
    9.65    1.15700000   1.1570   0.7257   3.8069   3.9560   0.0000   0.0000
    9.65    1.15700000   1.1570   0.7275   3.8067   3.9540   0.0000   0.0000
    9.65    1.15800000   1.1580   0.7294   3.8064   3.9510   0.0000   0.0000
    9.65    1.15800000   1.1580   0.7312   3.8061   3.9480   0.0000   0.0000
    9.65    1.15900000   1.1590   0.7330   3.8058   3.9450   0.0000   0.0000
    9.65    1.15900000   1.1590   0.7348   3.8055   3.9420   0.0000   0.0000
    9.65    1.16000000   1.1600   0.7366   3.8052   3.9400   0.0000   0.0000
    9.65    1.16000000   1.1600   0.7385   3.8049   3.9370   0.0000   0.0000
    9.65    1.16100000   1.1610   0.7403   3.8046   3.9340   0.0000   0.0000
    9.65    1.16100000   1.1610   0.7421   3.8043   3.9310   0.0000   0.0000
    9.65    1.16200000   1.1620   0.7440   3.8040   3.9280   0.0000   0.0000
    9.65    1.16200000   1.1620   0.7458   3.8037   3.9250   0.0000   0.0000
    9.65    1.16200000   1.1620   0.7476   3.8033   3.9220   0.0000   0.0000
    9.65    1.16300000   1.1630   0.7495   3.8030   3.9190   0.0000   0.0000
    9.65    1.16300000   1.1630   0.7513   3.8026   3.9160   0.0000   0.0000
    9.65    1.16400000   1.1640   0.7531   3.8023   3.9130   0.0000   0.0000
    9.65    1.16400000   1.1640   0.7549   3.8019   3.9100   0.0000   0.0000
    9.65    1.16500000   1.1650   0.7568   3.8015   3.9070   0.0000   0.0000
    9.65    1.16500000   1.1650   0.7586   3.8012   3.9040   0.0000   0.0000
    9.65    1.16600000   1.1660   0.7604   3.8008   3.9000   0.0000   0.0000
    9.65    1.16600000   1.1660   0.7622   3.8004   3.8970   0.0000   0.0000
    9.65    1.16700000   1.1670   0.7640   3.8000   3.8940   0.0000   0.0000
    9.65    1.16700000   1.1670   0.7658   3.7996   3.8910   0.0000   0.0000
    9.65    1.16800000   1.1680   0.7676   3.7991   3.8870   0.0000   0.0000
    9.65    1.16800000   1.1680   0.7694   3.7987   3.8840   0.0000   0.0000
    9.65    1.16900000   1.1690   0.7711   3.7982   3.8800   0.0000   0.0000
    9.65    1.16900000   1.1690   0.7729   3.7977   3.8770   0.0000   0.0000
    9.65    1.17000000   1.1700   0.7746   3.7972   3.8730   0.0000   0.0000
    9.65    1.17000000   1.1700   0.7763   3.7967   3.8700   0.0000   0.0000
    9.65    1.17100000   1.1710   0.7780   3.7961   3.8660   0.0000   0.0000
    9.65    1.17100000   1.1710   0.7797   3.7955   3.8620   0.0000   0.0000
    9.65    1.17200000   1.1720   0.7813   3.7949   3.8580   0.0000   0.0000
    9.65    1.17200000   1.1720   0.7829   3.7942   3.8540   0.0000   0.0000
    9.65    1.17300000   1.1730   0.7845   3.7936   3.8500   0.0000   0.0000
    9.65    1.17300000   1.1730   0.7860   3.7928   3.8460   0.0000   0.0000
    9.65    1.17400000   1.1740   0.7875   3.7921   3.8420   0.0000   0.0000
    9.65    1.17400000   1.1740   0.7889   3.7914   3.8370   0.0000   0.0000
    9.65    1.17500000   1.1750   0.7903   3.7905   3.8330   0.0000   0.0000
    9.65    1.17500000   1.1750   0.7916   3.7896   3.8280   0.0000   0.0000
    9.65    1.17600000   1.1760   0.7928   3.7886   3.8230   0.0000   0.0000
    9.65    1.17600000   1.1760   0.7939   3.7876   3.8180   0.0000   0.0000
    9.65    1.17700000   1.1770   0.7950   3.7865   3.8130   0.0000   0.0000
    9.65    1.17700000   1.1770   0.7959   3.7855   3.8080   0.0000   0.0000
    9.65    1.17800000   1.1780   0.7969   3.7845   3.8030   0.0000   0.0000
    9.65    1.17800000   1.1780   0.7976   3.7835   3.7980   0.0000   0.0000
    9.65    1.17900000   1.1790   0.7982   3.7824   3.7940   0.0000   0.0000
    9.65    1.17900000   1.1790   0.7988   3.7813   3.7890   0.0000   0.0000
    9.65    1.18000000   1.1800   0.7989   3.7799   3.7840   0.0000   0.0000
    9.65    1.18000000   1.1800   0.7990   3.7785   3.7780   0.0000   0.0000
    9.65    1.18100000   1.1810   0.7988   3.7771   3.7730   0.0000   0.0000
    9.65    1.18100000   1.1810   0.7983   3.7756   3.7670   0.0000   0.0000
    9.65    1.18200000   1.1820   0.7977   3.7741   3.7620   0.0000   0.0000
    9.65    1.18200000   1.1820   0.7962   3.7723   3.7570   0.0000   0.0000
    9.65    1.18300000   1.1830   0.7947   3.7704   3.7510   0.0000   0.0000
    9.65    1.18300000   1.1830   0.7928   3.7684   3.7450   0.0000   0.0000
    9.65    1.18400000   1.1840   0.7906   3.7663   3.7390   0.0000   0.0000
    9.65    1.18400000   1.1840   0.7882   3.7642   3.7330   0.0000   0.0000
    9.65    1.18500000   1.1850   0.7849   3.7619   3.7270   0.0000   0.0000
    9.65    1.18500000   1.1850   0.7816   3.7596   3.7210   0.0000   0.0000
    9.65    1.18600000   1.1860   0.7774   3.7572   3.7160   0.0000   0.0000
    9.65    1.18600000   1.1860   0.7730   3.7547   3.7110   0.0000   0.0000
    9.65    1.18700000   1.1870   0.7681   3.7520   3.7050   0.0000   0.0000
    9.65    1.18700000   1.1870   0.7627   3.7490   3.6990   0.0000   0.0000
    9.65    1.18800000   1.1880   0.7572   3.7460   3.6930   0.0000   0.0000
    9.65    1.18800000   1.1880   0.7514   3.7432   3.6870   0.0000   0.0000
    9.65    1.18900000   1.1890   0.7455   3.7403   3.6820   0.0000   0.0000
    9.65    1.18900000   1.1890   0.7396   3.7373   3.6760   0.0000   0.0000
    9.65    1.18900000   1.1890   0.7336   3.7343   3.6700   0.0000   0.0000
    9.65    1.19000000   1.1900   0.7283   3.7313   3.6630   0.0000   0.0000
    9.65    1.19000000   1.1900   0.7237   3.7284   3.6560   0.0000   0.0000
    9.65    1.19100000   1.1910   0.7199   3.7255   3.6490   0.0000   0.0000
    9.65    1.19100000   1.1910   0.7181   3.7230   3.6410   0.0000   0.0000
    9.65    1.19200000   1.1920   0.7168   3.7205   3.6330   0.0000   0.0000
    9.65    1.19200000   1.1920   0.7193   3.7188   3.6230   0.0000   0.0000
    9.65    1.19300000   1.1930   0.7217   3.7171   3.6140   0.0000   0.0000
    9.65    1.19300000   1.1930   0.7250   3.7154   3.6040   0.0000   0.0000
    9.65    1.19400000   1.1940   0.7303   3.7141   3.5940   0.0000   0.0000
    9.65    1.19400000   1.1940   0.7357   3.7127   3.5830   0.0000   0.0000
    9.65    1.19500000   1.1950   0.7416   3.7113   3.5720   0.0000   0.0000
    9.65    1.19500000   1.1950   0.7485   3.7098   3.5590   0.0000   0.0000
    9.65    1.19600000   1.1960   0.7553   3.7083   3.5460   0.0000   0.0000
    9.65    1.19600000   1.1960   0.7634   3.7071   3.5340   0.0000   0.0000
    9.65    1.19700000   1.1970   0.7724   3.7063   3.5220   0.0000   0.0000
    9.65    1.19700000   1.1970   0.7813   3.7054   3.5090   0.0000   0.0000
    9.65    1.19800000   1.1980   0.7910   3.7047   3.4970   0.0000   0.0000
    9.65    1.19800000   1.1980   0.8010   3.7040   3.4850   0.0000   0.0000
    9.65    1.19900000   1.1990   0.8110   3.7034   3.4720   0.0000   0.0000
    9.65    1.19900000   1.1990   0.8217   3.7026   3.4590   0.0000   0.0000
    9.65    1.20000000   1.2000   0.8325   3.7019   3.4450   0.0000   0.0000
    9.65    1.20000000   1.2000   0.8433   3.7011   3.4310   0.0000   0.0000
    9.65    1.20100000   1.2010   0.8553   3.7007   3.4180   0.0000   0.0000
    9.65    1.20100000   1.2010   0.8672   3.7002   3.4040   0.0000   0.0000
    9.65    1.20200000   1.2020   0.8793   3.6998   3.3910   0.0000   0.0000
    9.65    1.20200000   1.2020   0.8919   3.6991   3.3750   0.0000   0.0000
    9.65    1.20300000   1.2030   0.9045   3.6985   3.3600   0.0000   0.0000
    9.65    1.20300000   1.2030   0.9173   3.6978   3.3450   0.0000   0.0000
    9.65    1.20400000   1.2030   0.9312   3.6974   3.3300   0.0000   0.0000
    9.65    1.20400000   1.2040   0.9451   3.6970   3.3150   0.0000   0.0000
    9.65    1.20500000   1.2040   0.9594   3.6965   3.2990   0.0000   0.0000
    9.65    1.20500000   1.2050   0.9743   3.6959   3.2810   0.0000   0.0000
    9.65    1.20600000   1.2050   0.9893   3.6953   3.2640   0.0000   0.0000
    9.65    1.20700000   1.2060   1.0049   3.6947   3.2460   0.0000   0.0000
    9.65    1.20700000   1.2060   1.0214   3.6940   3.2270   0.0000   0.0000
    9.65    1.20800000   1.2070   1.0379   3.6933   3.2080   0.0000   0.0000
    9.65    1.20800000   1.2070   1.0552   3.6925   3.1880   0.0000   0.0000
    9.65    1.20900000   1.2080   1.0733   3.6917   3.1660   0.0000   0.0000
    9.65    1.20900000   1.2080   1.0914   3.6909   3.1450   0.0000   0.0000
    9.65    1.21000000   1.2090   1.1113   3.6902   3.1230   0.0000   0.0000
    9.65    1.21000000   1.2090   1.1322   3.6895   3.0990   0.0000   0.0000
    9.65    1.21100000   1.2090   1.1532   3.6889   3.0760   0.0000   0.0000
    9.65    1.21100000   1.2100   1.1759   3.6879   3.0490   0.0000   0.0000
    9.65    1.21200000   1.2100   1.1994   3.6867   3.0210   0.0000   0.0000
    9.65    1.21200000   1.2110   1.2229   3.6856   2.9940   0.0000   0.0000
    9.65    1.21300000   1.2110   1.2501   3.6844   2.9620   0.0000   0.0000
    9.65    1.21300000   1.2110   1.2784   3.6833   2.9290   0.0000   0.0000
    9.65    1.21400000   1.2120   1.3068   3.6821   2.8960   0.0000   0.0000
    9.65    1.21400000   1.2120   1.3384   3.6806   2.8590   0.0000   0.0000
    9.65    1.21500000   1.2130   1.3706   3.6791   2.8200   0.0000   0.0000
    9.65    1.21500000   1.2130   1.4029   3.6775   2.7820   0.0000   0.0000
    9.65    1.21600000   1.2130   1.4362   3.6757   2.7410   0.0000   0.0000
    9.65    1.21600000   1.2130   1.4697   3.6738   2.7010   0.0000   0.0000
    9.65    1.21700000   1.2140   1.5031   3.6719   2.6600   0.0000   0.0000
    9.65    1.21700000   1.2140   1.5215   3.6713   2.6390   0.0000   0.0000
    9.65    1.21800000   1.2140   1.5388   3.6708   2.6200   0.0000   0.0000
    9.65    1.21800000   1.2140   1.5562   3.6703   2.6000   0.0000   0.0000
    9.65    1.21900000   1.2140   1.6131   3.6666   2.5290   0.0000   0.0000
    9.65    1.21900000   1.2140   1.6701   3.6629   2.4570   0.0000   0.0000
    9.65    1.22000000   1.2150   1.7285   3.6591   2.3830   0.0000   0.0000
    9.65    1.22000000   1.2140   1.8126   3.6540   2.2790   0.0000   0.0000
    9.65    1.22100000   1.2130   1.8970   3.6489   2.1740   0.0000   0.0000
# log(age) Mini Mact logl logt logg Composition Phase
    9.70    0.80000000   0.8000  -0.3226   3.7409   4.5800   0.0000   0.0000
    9.70    0.88400000   0.8840  -0.0721   3.7716   4.4960   0.0000   0.0000
    9.70    0.97800000   0.9780   0.2062   3.7957   4.3580   0.0000   0.0000
    9.70    1.04600000   1.0460   0.4114   3.8077   4.2300   0.0000   0.0000
    9.70    1.04600000   1.0460   0.4128   3.8077   4.2290   0.0000   0.0000
    9.70    1.04600000   1.0460   0.4142   3.8078   4.2280   0.0000   0.0000
    9.70    1.04700000   1.0470   0.4156   3.8078   4.2270   0.0000   0.0000
    9.70    1.04700000   1.0470   0.4170   3.8079   4.2260   0.0000   0.0000
    9.70    1.04800000   1.0480   0.4185   3.8080   4.2250   0.0000   0.0000
    9.70    1.04800000   1.0480   0.4199   3.8080   4.2240   0.0000   0.0000
    9.70    1.04900000   1.0490   0.4213   3.8081   4.2230   0.0000   0.0000
    9.70    1.04900000   1.0490   0.4227   3.8081   4.2220   0.0000   0.0000
    9.70    1.04900000   1.0490   0.4241   3.8082   4.2210   0.0000   0.0000
    9.70    1.05000000   1.0500   0.4255   3.8083   4.2200   0.0000   0.0000
    9.70    1.05000000   1.0500   0.4270   3.8083   4.2190   0.0000   0.0000
    9.70    1.05100000   1.0510   0.4284   3.8084   4.2180   0.0000   0.0000
    9.70    1.05100000   1.0510   0.4299   3.8084   4.2160   0.0000   0.0000
    9.70    1.05200000   1.0520   0.4313   3.8085   4.2150   0.0000   0.0000
    9.70    1.05200000   1.0520   0.4328   3.8085   4.2140   0.0000   0.0000
    9.70    1.05300000   1.0530   0.4342   3.8086   4.2130   0.0000   0.0000
    9.70    1.05300000   1.0530   0.4357   3.8086   4.2120   0.0000   0.0000
    9.70    1.05300000   1.0530   0.4371   3.8087   4.2110   0.0000   0.0000
    9.70    1.05400000   1.0540   0.4386   3.8087   4.2100   0.0000   0.0000
    9.70    1.05400000   1.0540   0.4400   3.8088   4.2090   0.0000   0.0000
    9.70    1.05500000   1.0550   0.4414   3.8089   4.2080   0.0000   0.0000
    9.70    1.05500000   1.0550   0.4429   3.8089   4.2070   0.0000   0.0000
    9.70    1.05600000   1.0560   0.4443   3.8090   4.2060   0.0000   0.0000
    9.70    1.05600000   1.0560   0.4458   3.8090   4.2050   0.0000   0.0000
    9.70    1.05600000   1.0560   0.4473   3.8091   4.2040   0.0000   0.0000
    9.70    1.05700000   1.0570   0.4487   3.8091   4.2030   0.0000   0.0000
    9.70    1.05700000   1.0570   0.4502   3.8092   4.2020   0.0000   0.0000
    9.70    1.05800000   1.0580   0.4517   3.8092   4.2010   0.0000   0.0000
    9.70    1.05800000   1.0580   0.4532   3.8093   4.1990   0.0000   0.0000
    9.70    1.05900000   1.0590   0.4547   3.8093   4.1980   0.0000   0.0000
    9.70    1.05900000   1.0590   0.4562   3.8094   4.1970   0.0000   0.0000
    9.70    1.06000000   1.0600   0.4577   3.8094   4.1960   0.0000   0.0000
    9.70    1.06000000   1.0600   0.4592   3.8095   4.1950   0.0000   0.0000
    9.70    1.06000000   1.0600   0.4607   3.8095   4.1940   0.0000   0.0000
    9.70    1.06100000   1.0610   0.4622   3.8096   4.1930   0.0000   0.0000
    9.70    1.06100000   1.0610   0.4638   3.8096   4.1920   0.0000   0.0000
    9.70    1.06200000   1.0620   0.4653   3.8097   4.1900   0.0000   0.0000
    9.70    1.06200000   1.0620   0.4668   3.8097   4.1890   0.0000   0.0000
    9.70    1.06300000   1.0630   0.4683   3.8098   4.1880   0.0000   0.0000
    9.70    1.06300000   1.0630   0.4699   3.8098   4.1870   0.0000   0.0000
    9.70    1.06400000   1.0640   0.4714   3.8099   4.1860   0.0000   0.0000
    9.70    1.06400000   1.0640   0.4729   3.8099   4.1850   0.0000   0.0000
    9.70    1.06400000   1.0640   0.4745   3.8099   4.1830   0.0000   0.0000
    9.70    1.06500000   1.0650   0.4760   3.8100   4.1820   0.0000   0.0000
    9.70    1.06500000   1.0650   0.4776   3.8100   4.1810   0.0000   0.0000
    9.70    1.06600000   1.0660   0.4792   3.8101   4.1800   0.0000   0.0000
    9.70    1.06600000   1.0660   0.4807   3.8101   4.1790   0.0000   0.0000
    9.70    1.06700000   1.0670   0.4823   3.8102   4.1770   0.0000   0.0000
    9.70    1.06700000   1.0670   0.4838   3.8102   4.1760   0.0000   0.0000
    9.70    1.06800000   1.0680   0.4854   3.8102   4.1750   0.0000   0.0000
    9.70    1.06800000   1.0680   0.4870   3.8103   4.1740   0.0000   0.0000
    9.70    1.06800000   1.0680   0.4886   3.8103   4.1720   0.0000   0.0000
    9.70    1.06900000   1.0690   0.4901   3.8103   4.1710   0.0000   0.0000
    9.70    1.06900000   1.0690   0.4917   3.8104   4.1700   0.0000   0.0000
    9.70    1.07000000   1.0700   0.4933   3.8104   4.1690   0.0000   0.0000
    9.70    1.07000000   1.0700   0.4949   3.8104   4.1670   0.0000   0.0000
    9.70    1.07100000   1.0710   0.4965   3.8105   4.1660   0.0000   0.0000
    9.70    1.07100000   1.0710   0.4981   3.8105   4.1650   0.0000   0.0000
    9.70    1.07200000   1.0720   0.4997   3.8105   4.1640   0.0000   0.0000
    9.70    1.07200000   1.0720   0.5013   3.8106   4.1620   0.0000   0.0000
    9.70    1.07200000   1.0720   0.5029   3.8106   4.1610   0.0000   0.0000
    9.70    1.07300000   1.0730   0.5045   3.8106   4.1600   0.0000   0.0000
    9.70    1.07300000   1.0730   0.5061   3.8107   4.1580   0.0000   0.0000
    9.70    1.07400000   1.0740   0.5077   3.8107   4.1570   0.0000   0.0000
    9.70    1.07400000   1.0740   0.5093   3.8107   4.1560   0.0000   0.0000
    9.70    1.07500000   1.0750   0.5110   3.8107   4.1540   0.0000   0.0000
    9.70    1.07500000   1.0750   0.5126   3.8108   4.1530   0.0000   0.0000
    9.70    1.07600000   1.0760   0.5142   3.8108   4.1520   0.0000   0.0000
    9.70    1.07600000   1.0760   0.5159   3.8108   4.1500   0.0000   0.0000
    9.70    1.07700000   1.0770   0.5175   3.8108   4.1490   0.0000   0.0000
    9.70    1.07700000   1.0770   0.5192   3.8109   4.1470   0.0000   0.0000
    9.70    1.07700000   1.0770   0.5208   3.8109   4.1460   0.0000   0.0000
    9.70    1.07800000   1.0780   0.5225   3.8109   4.1450   0.0000   0.0000
    9.70    1.07800000   1.0780   0.5241   3.8109   4.1430   0.0000   0.0000
    9.70    1.07900000   1.0790   0.5258   3.8109   4.1420   0.0000   0.0000
    9.70    1.07900000   1.0790   0.5274   3.8109   4.1400   0.0000   0.0000
    9.70    1.08000000   1.0800   0.5291   3.8110   4.1390   0.0000   0.0000
    9.70    1.08000000   1.0800   0.5308   3.8110   4.1380   0.0000   0.0000
    9.70    1.08100000   1.0810   0.5325   3.8110   4.1360   0.0000   0.0000
    9.70    1.08100000   1.0810   0.5342   3.8110   4.1350   0.0000   0.0000
    9.70    1.08100000   1.0810   0.5358   3.8110   4.1330   0.0000   0.0000
    9.70    1.08200000   1.0820   0.5375   3.8110   4.1320   0.0000   0.0000
    9.70    1.08200000   1.0820   0.5392   3.8110   4.1300   0.0000   0.0000
    9.70    1.08300000   1.0830   0.5409   3.8110   4.1290   0.0000   0.0000
    9.70    1.08300000   1.0830   0.5427   3.8110   4.1270   0.0000   0.0000
    9.70    1.08400000   1.0840   0.5444   3.8110   4.1260   0.0000   0.0000
    9.70    1.08400000   1.0840   0.5461   3.8110   4.1240   0.0000   0.0000
    9.70    1.08500000   1.0850   0.5478   3.8110   4.1230   0.0000   0.0000
    9.70    1.08500000   1.0850   0.5495   3.8110   4.1210   0.0000   0.0000
    9.70    1.08600000   1.0860   0.5513   3.8110   4.1190   0.0000   0.0000
    9.70    1.08600000   1.0860   0.5530   3.8110   4.1180   0.0000   0.0000
    9.70    1.08600000   1.0860   0.5547   3.8110   4.1160   0.0000   0.0000
    9.70    1.08700000   1.0870   0.5565   3.8110   4.1150   0.0000   0.0000
    9.70    1.08700000   1.0870   0.5582   3.8110   4.1130   0.0000   0.0000
    9.70    1.08800000   1.0880   0.5600   3.8110   4.1110   0.0000   0.0000
    9.70    1.08800000   1.0880   0.5618   3.8110   4.1100   0.0000   0.0000
    9.70    1.08900000   1.0890   0.5635   3.8110   4.1080   0.0000   0.0000
    9.70    1.08900000   1.0890   0.5653   3.8109   4.1060   0.0000   0.0000
    9.70    1.09000000   1.0900   0.5671   3.8109   4.1050   0.0000   0.0000
    9.70    1.09000000   1.0900   0.5689   3.8109   4.1030   0.0000   0.0000
    9.70    1.09100000   1.0910   0.5707   3.8109   4.1010   0.0000   0.0000
    9.70    1.09100000   1.0910   0.5725   3.8108   4.1000   0.0000   0.0000
    9.70    1.09100000   1.0910   0.5742   3.8108   4.0980   0.0000   0.0000
    9.70    1.09200000   1.0920   0.5761   3.8108   4.0960   0.0000   0.0000
    9.70    1.09200000   1.0920   0.5779   3.8108   4.0950   0.0000   0.0000
    9.70    1.09300000   1.0930   0.5797   3.8107   4.0930   0.0000   0.0000
    9.70    1.09300000   1.0930   0.5815   3.8107   4.0910   0.0000   0.0000
    9.70    1.09400000   1.0940   0.5833   3.8107   4.0890   0.0000   0.0000
    9.70    1.09400000   1.0940   0.5852   3.8106   4.0870   0.0000   0.0000
    9.70    1.09500000   1.0950   0.5870   3.8106   4.0860   0.0000   0.0000
    9.70    1.09500000   1.0950   0.5889   3.8105   4.0840   0.0000   0.0000
    9.70    1.09600000   1.0960   0.5907   3.8105   4.0820   0.0000   0.0000
    9.70    1.09600000   1.0960   0.5926   3.8105   4.0800   0.0000   0.0000
    9.70    1.09600000   1.0960   0.5944   3.8104   4.0780   0.0000   0.0000
    9.70    1.09700000   1.0970   0.5963   3.8104   4.0760   0.0000   0.0000
    9.70    1.09700000   1.0970   0.5982   3.8103   4.0740   0.0000   0.0000
    9.70    1.09800000   1.0980   0.6000   3.8103   4.0720   0.0000   0.0000
    9.70    1.09800000   1.0980   0.6019   3.8102   4.0710   0.0000   0.0000
    9.70    1.09900000   1.0990   0.6038   3.8101   4.0690   0.0000   0.0000
    9.70    1.09900000   1.0990   0.6057   3.8101   4.0670   0.0000   0.0000
    9.70    1.10000000   1.1000   0.6076   3.8100   4.0650   0.0000   0.0000
    9.70    1.10000000   1.1000   0.6095   3.8099   4.0630   0.0000   0.0000
    9.70    1.10100000   1.1010   0.6112   3.8098   4.0610   0.0000   0.0000
    9.70    1.10100000   1.1010   0.6129   3.8097   4.0590   0.0000   0.0000
    9.70    1.10200000   1.1020   0.6147   3.8096   4.0570   0.0000   0.0000
    9.70    1.10200000   1.1020   0.6164   3.8095   4.0550   0.0000   0.0000
    9.70    1.10200000   1.1020   0.6182   3.8094   4.0530   0.0000   0.0000
    9.70    1.10300000   1.1030   0.6199   3.8093   4.0510   0.0000   0.0000
    9.70    1.10300000   1.1030   0.6217   3.8092   4.0490   0.0000   0.0000
    9.70    1.10400000   1.1040   0.6235   3.8090   4.0470   0.0000   0.0000
    9.70    1.10400000   1.1040   0.6252   3.8089   4.0450   0.0000   0.0000
    9.70    1.10500000   1.1050   0.6270   3.8088   4.0420   0.0000   0.0000
    9.70    1.10500000   1.1050   0.6288   3.8087   4.0400   0.0000   0.0000
    9.70    1.10600000   1.1060   0.6306   3.8085   4.0380   0.0000   0.0000
    9.70    1.10600000   1.1060   0.6324   3.8084   4.0360   0.0000   0.0000
    9.70    1.10700000   1.1070   0.6341   3.8082   4.0340   0.0000   0.0000
    9.70    1.10700000   1.1070   0.6359   3.8081   4.0320   0.0000   0.0000
    9.70    1.10800000   1.1080   0.6377   3.8079   4.0290   0.0000   0.0000
    9.70    1.10800000   1.1080   0.6395   3.8078   4.0270   0.0000   0.0000
    9.70    1.10800000   1.1080   0.6413   3.8076   4.0250   0.0000   0.0000
    9.70    1.10900000   1.1090   0.6432   3.8075   4.0230   0.0000   0.0000
    9.70    1.10900000   1.1090   0.6450   3.8073   4.0200   0.0000   0.0000
    9.70    1.11000000   1.1100   0.6468   3.8071   4.0180   0.0000   0.0000
    9.70    1.11000000   1.1100   0.6486   3.8070   4.0160   0.0000   0.0000
    9.70    1.11100000   1.1110   0.6505   3.8068   4.0130   0.0000   0.0000
    9.70    1.11100000   1.1110   0.6523   3.8066   4.0110   0.0000   0.0000
    9.70    1.11200000   1.1120   0.6541   3.8064   4.0080   0.0000   0.0000
    9.70    1.11200000   1.1120   0.6560   3.8062   4.0060   0.0000   0.0000
    9.70    1.11300000   1.1130   0.6578   3.8060   4.0040   0.0000   0.0000
    9.70    1.11300000   1.1130   0.6597   3.8059   4.0010   0.0000   0.0000
    9.70    1.11400000   1.1140   0.6615   3.8057   3.9990   0.0000   0.0000
    9.70    1.11400000   1.1140   0.6634   3.8055   3.9960   0.0000   0.0000
    9.70    1.11400000   1.1140   0.6653   3.8053   3.9940   0.0000   0.0000
    9.70    1.11500000   1.1150   0.6671   3.8051   3.9910   0.0000   0.0000
    9.70    1.11500000   1.1150   0.6690   3.8049   3.9890   0.0000   0.0000
    9.70    1.11600000   1.1160   0.6709   3.8047   3.9860   0.0000   0.0000
    9.70    1.11600000   1.1160   0.6728   3.8045   3.9840   0.0000   0.0000
    9.70    1.11700000   1.1170   0.6747   3.8043   3.9810   0.0000   0.0000
    9.70    1.11700000   1.1170   0.6766   3.8041   3.9790   0.0000   0.0000
    9.70    1.11800000   1.1180   0.6784   3.8038   3.9760   0.0000   0.0000
    9.70    1.11800000   1.1180   0.6803   3.8036   3.9740   0.0000   0.0000
    9.70    1.11900000   1.1190   0.6822   3.8034   3.9710   0.0000   0.0000
    9.70    1.11900000   1.1190   0.6841   3.8031   3.9680   0.0000   0.0000
    9.70    1.12000000   1.1200   0.6861   3.8029   3.9650   0.0000   0.0000
    9.70    1.12000000   1.1200   0.6880   3.8026   3.9630   0.0000   0.0000
    9.70    1.12100000   1.1210   0.6899   3.8024   3.9600   0.0000   0.0000
    9.70    1.12100000   1.1210   0.6918   3.8021   3.9570   0.0000   0.0000
    9.70    1.12100000   1.1210   0.6937   3.8018   3.9540   0.0000   0.0000
    9.70    1.12200000   1.1220   0.6956   3.8015   3.9510   0.0000   0.0000
    9.70    1.12200000   1.1220   0.6975   3.8013   3.9490   0.0000   0.0000
    9.70    1.12300000   1.1230   0.6994   3.8009   3.9460   0.0000   0.0000
    9.70    1.12300000   1.1230   0.7014   3.8006   3.9430   0.0000   0.0000
    9.70    1.12400000   1.1240   0.7033   3.8003   3.9400   0.0000   0.0000
    9.70    1.12400000   1.1240   0.7052   3.8000   3.9370   0.0000   0.0000
    9.70    1.12500000   1.1250   0.7071   3.7996   3.9330   0.0000   0.0000
    9.70    1.12500000   1.1250   0.7090   3.7993   3.9300   0.0000   0.0000
    9.70    1.12600000   1.1260   0.7109   3.7989   3.9270   0.0000   0.0000
    9.70    1.12600000   1.1260   0.7128   3.7985   3.9240   0.0000   0.0000
    9.70    1.12700000   1.1270   0.7147   3.7981   3.9200   0.0000   0.0000
    9.70    1.12700000   1.1270   0.7166   3.7977   3.9170   0.0000   0.0000
    9.70    1.12800000   1.1280   0.7185   3.7973   3.9140   0.0000   0.0000
    9.70    1.12800000   1.1280   0.7204   3.7968   3.9100   0.0000   0.0000
    9.70    1.12900000   1.1290   0.7222   3.7964   3.9070   0.0000   0.0000
    9.70    1.12900000   1.1290   0.7241   3.7959   3.9030   0.0000   0.0000
    9.70    1.12900000   1.1290   0.7259   3.7954   3.8990   0.0000   0.0000
    9.70    1.13000000   1.1300   0.7277   3.7949   3.8960   0.0000   0.0000
    9.70    1.13000000   1.1300   0.7295   3.7944   3.8920   0.0000   0.0000
    9.70    1.13100000   1.1310   0.7313   3.7938   3.8880   0.0000   0.0000
    9.70    1.13100000   1.1310   0.7330   3.7932   3.8840   0.0000   0.0000
    9.70    1.13200000   1.1320   0.7348   3.7926   3.8800   0.0000   0.0000
    9.70    1.13200000   1.1320   0.7364   3.7919   3.8760   0.0000   0.0000
    9.70    1.13300000   1.1330   0.7381   3.7911   3.8720   0.0000   0.0000
    9.70    1.13300000   1.1330   0.7397   3.7904   3.8670   0.0000   0.0000
    9.70    1.13400000   1.1340   0.7413   3.7897   3.8630   0.0000   0.0000
    9.70    1.13400000   1.1340   0.7429   3.7889   3.8590   0.0000   0.0000
    9.70    1.13500000   1.1350   0.7444   3.7882   3.8540   0.0000   0.0000
    9.70    1.13500000   1.1350   0.7458   3.7873   3.8500   0.0000   0.0000
    9.70    1.13600000   1.1360   0.7471   3.7865   3.8450   0.0000   0.0000
    9.70    1.13600000   1.1360   0.7485   3.7856   3.8400   0.0000   0.0000
    9.70    1.13700000   1.1370   0.7496   3.7846   3.8360   0.0000   0.0000
    9.70    1.13700000   1.1370   0.7507   3.7836   3.8300   0.0000   0.0000
    9.70    1.13800000   1.1380   0.7518   3.7826   3.8250   0.0000   0.0000
    9.70    1.13800000   1.1380   0.7526   3.7815   3.8200   0.0000   0.0000
    9.70    1.13800000   1.1380   0.7534   3.7804   3.8160   0.0000   0.0000
    9.70    1.13900000   1.1390   0.7542   3.7793   3.8110   0.0000   0.0000
    9.70    1.13900000   1.1390   0.7545   3.7781   3.8050   0.0000   0.0000
    9.70    1.14000000   1.1400   0.7547   3.7768   3.8000   0.0000   0.0000
    9.70    1.14000000   1.1400   0.7549   3.7755   3.7950   0.0000   0.0000
    9.70    1.14100000   1.1410   0.7546   3.7739   3.7890   0.0000   0.0000
    9.70    1.14100000   1.1410   0.7543   3.7724   3.7840   0.0000   0.0000
    9.70    1.14200000   1.1420   0.7539   3.7708   3.7780   0.0000   0.0000
    9.70    1.14200000   1.1420   0.7527   3.7690   3.7720   0.0000   0.0000
    9.70    1.14300000   1.1430   0.7514   3.7671   3.7660   0.0000   0.0000
    9.70    1.14300000   1.1430   0.7499   3.7652   3.7600   0.0000   0.0000
    9.70    1.14400000   1.1440   0.7475   3.7630   3.7540   0.0000   0.0000
    9.70    1.14400000   1.1440   0.7450   3.7608   3.7480   0.0000   0.0000
    9.70    1.14500000   1.1450   0.7421   3.7584   3.7410   0.0000   0.0000
    9.70    1.14500000   1.1450   0.7385   3.7556   3.7340   0.0000   0.0000
    9.70    1.14600000   1.1460   0.7350   3.7529   3.7270   0.0000   0.0000
    9.70    1.14600000   1.1460   0.7306   3.7502   3.7200   0.0000   0.0000
    9.70    1.14700000   1.1470   0.7259   3.7475   3.7140   0.0000   0.0000
    9.70    1.14700000   1.1470   0.7212   3.7448   3.7090   0.0000   0.0000
    9.70    1.14800000   1.1480   0.7157   3.7419   3.7030   0.0000   0.0000
    9.70    1.14800000   1.1480   0.7102   3.7390   3.6970   0.0000   0.0000
    9.70    1.14900000   1.1490   0.7048   3.7361   3.6900   0.0000   0.0000
    9.70    1.14900000   1.1490   0.7001   3.7330   3.6830   0.0000   0.0000
    9.70    1.14900000   1.1490   0.6953   3.7299   3.6760   0.0000   0.0000
    9.70    1.15000000   1.1500   0.6924   3.7271   3.6670   0.0000   0.0000
    9.70    1.15000000   1.1500   0.6906   3.7244   3.6590   0.0000   0.0000
    9.70    1.15100000   1.1510   0.6889   3.7218   3.6500   0.0000   0.0000
    9.70    1.15100000   1.1510   0.6913   3.7199   3.6400   0.0000   0.0000
    9.70    1.15200000   1.1520   0.6937   3.7180   3.6310   0.0000   0.0000
    9.70    1.15200000   1.1520   0.6974   3.7162   3.6200   0.0000   0.0000
    9.70    1.15300000   1.1530   0.7027   3.7147   3.6090   0.0000   0.0000
    9.70    1.15300000   1.1530   0.7079   3.7131   3.5970   0.0000   0.0000
    9.70    1.15400000   1.1540   0.7149   3.7116   3.5840   0.0000   0.0000
    9.70    1.15400000   1.1540   0.7220   3.7100   3.5710   0.0000   0.0000
    9.70    1.15500000   1.1550   0.7298   3.7087   3.5580   0.0000   0.0000
    9.70    1.15500000   1.1550   0.7391   3.7077   3.5450   0.0000   0.0000
    9.70    1.15600000   1.1560   0.7484   3.7067   3.5320   0.0000   0.0000
    9.70    1.15600000   1.1560   0.7585   3.7059   3.5190   0.0000   0.0000
    9.70    1.15700000   1.1570   0.7689   3.7051   3.5060   0.0000   0.0000
    9.70    1.15700000   1.1570   0.7794   3.7044   3.4920   0.0000   0.0000
    9.70    1.15800000   1.1570   0.7909   3.7036   3.4780   0.0000   0.0000
    9.70    1.15800000   1.1580   0.8023   3.7028   3.4640   0.0000   0.0000
    9.70    1.15900000   1.1580   0.8143   3.7021   3.4490   0.0000   0.0000
    9.70    1.15900000   1.1590   0.8268   3.7016   3.4340   0.0000   0.0000
    9.70    1.16000000   1.1590   0.8393   3.7010   3.4200   0.0000   0.0000
    9.70    1.16000000   1.1600   0.8525   3.7003   3.4040   0.0000   0.0000
    9.70    1.16100000   1.1600   0.8657   3.6997   3.3880   0.0000   0.0000
    9.70    1.16100000   1.1610   0.8793   3.6990   3.3720   0.0000   0.0000
    9.70    1.16200000   1.1610   0.8938   3.6986   3.3560   0.0000   0.0000
    9.70    1.16200000   1.1610   0.9084   3.6981   3.3400   0.0000   0.0000
    9.70    1.16200000   1.1620   0.9236   3.6975   3.3230   0.0000   0.0000
    9.70    1.16300000   1.1620   0.9391   3.6969   3.3050   0.0000   0.0000
    9.70    1.16300000   1.1630   0.9547   3.6962   3.2870   0.0000   0.0000
    9.70    1.16400000   1.1630   0.9718   3.6955   3.2670   0.0000   0.0000
    9.70    1.16400000   1.1640   0.9888   3.6948   3.2470   0.0000   0.0000
    9.70    1.16500000   1.1640   1.0064   3.6940   3.2270   0.0000   0.0000
    9.70    1.16500000   1.1650   1.0251   3.6932   3.2050   0.0000   0.0000
    9.70    1.16600000   1.1650   1.0438   3.6924   3.1830   0.0000   0.0000
    9.70    1.16600000   1.1650   1.0643   3.6917   3.1600   0.0000   0.0000
    9.70    1.16700000   1.1660   1.0857   3.6911   3.1360   0.0000   0.0000
    9.70    1.16700000   1.1660   1.1071   3.6904   3.1120   0.0000   0.0000
    9.70    1.16800000   1.1670   1.1308   3.6894   3.0850   0.0000   0.0000
    9.70    1.16800000   1.1670   1.1546   3.6884   3.0570   0.0000   0.0000
    9.70    1.16900000   1.1670   1.1800   3.6873   3.0280   0.0000   0.0000
    9.70    1.16900000   1.1680   1.2080   3.6862   2.9950   0.0000   0.0000
    9.70    1.17000000   1.1680   1.2360   3.6850   2.9630   0.0000   0.0000
    9.70    1.17000000   1.1690   1.2668   3.6837   2.9270   0.0000   0.0000
    9.70    1.17100000   1.1690   1.2988   3.6823   2.8890   0.0000   0.0000
    9.70    1.17100000   1.1690   1.3308   3.6808   2.8510   0.0000   0.0000
    9.70    1.17200000   1.1700   1.3650   3.6789   2.8100   0.0000   0.0000
    9.70    1.17200000   1.1700   1.3991   3.6771   2.7680   0.0000   0.0000
    9.70    1.17300000   1.1700   1.4301   3.6755   2.7310   0.0000   0.0000
    9.70    1.17300000   1.1700   1.4552   3.6746   2.7020   0.0000   0.0000
    9.70    1.17400000   1.1710   1.4801   3.6736   2.6740   0.0000   0.0000
    9.70    1.17400000   1.1710   1.5243   3.6711   2.6200   0.0000   0.0000
    9.70    1.17500000   1.1710   1.5782   3.6678   2.5520   0.0000   0.0000
    9.70    1.17500000   1.1710   1.6322   3.6644   2.4850   0.0000   0.0000
    9.70    1.17600000   1.1710   1.6994   3.6604   2.4010   0.0000   0.0000
    9.70    1.17600000   1.1700   1.7673   3.6563   2.3170   0.0000   0.0000
# log(age) Mini Mact logl logt logg Composition Phase
    9.75    0.80000000   0.8000  -0.3088   3.7423   4.5720   0.0000   0.0000
    9.75    0.88400000   0.8840  -0.0505   3.7727   4.4790   0.0000   0.0000
    9.75    0.97800000   0.9780   0.2431   3.7960   4.3220   0.0000   0.0000
    9.75    1.01300000   1.0130   0.3558   3.8016   4.2470   0.0000   0.0000
    9.75    1.01300000   1.0130   0.3572   3.8017   4.2460   0.0000   0.0000
    9.75    1.01400000   1.0140   0.3587   3.8017   4.2450   0.0000   0.0000
    9.75    1.01400000   1.0140   0.3601   3.8018   4.2440   0.0000   0.0000
    9.75    1.01500000   1.0150   0.3615   3.8018   4.2430   0.0000   0.0000
    9.75    1.01500000   1.0150   0.3630   3.8019   4.2420   0.0000   0.0000
    9.75    1.01500000   1.0150   0.3644   3.8020   4.2410   0.0000   0.0000
    9.75    1.01600000   1.0160   0.3658   3.8020   4.2400   0.0000   0.0000
    9.75    1.01600000   1.0160   0.3673   3.8021   4.2390   0.0000   0.0000
    9.75    1.01700000   1.0170   0.3687   3.8021   4.2380   0.0000   0.0000
    9.75    1.01700000   1.0170   0.3702   3.8022   4.2370   0.0000   0.0000
    9.75    1.01800000   1.0180   0.3716   3.8023   4.2360   0.0000   0.0000
    9.75    1.01800000   1.0180   0.3731   3.8023   4.2350   0.0000   0.0000
    9.75    1.01800000   1.0180   0.3745   3.8024   4.2340   0.0000   0.0000
    9.75    1.01900000   1.0190   0.3760   3.8025   4.2330   0.0000   0.0000
    9.75    1.01900000   1.0190   0.3774   3.8025   4.2320   0.0000   0.0000
    9.75    1.02000000   1.0200   0.3789   3.8026   4.2310   0.0000   0.0000
    9.75    1.02000000   1.0200   0.3804   3.8026   4.2300   0.0000   0.0000
    9.75    1.02000000   1.0200   0.3818   3.8027   4.2290   0.0000   0.0000
    9.75    1.02100000   1.0210   0.3833   3.8027   4.2280   0.0000   0.0000
    9.75    1.02100000   1.0210   0.3848   3.8028   4.2270   0.0000   0.0000
    9.75    1.02200000   1.0220   0.3863   3.8029   4.2250   0.0000   0.0000
    9.75    1.02200000   1.0220   0.3877   3.8029   4.2240   0.0000   0.0000
    9.75    1.02300000   1.0230   0.3892   3.8030   4.2230   0.0000   0.0000
    9.75    1.02300000   1.0230   0.3907   3.8030   4.2220   0.0000   0.0000
    9.75    1.02300000   1.0230   0.3922   3.8031   4.2210   0.0000   0.0000
    9.75    1.02400000   1.0240   0.3937   3.8031   4.2200   0.0000   0.0000
    9.75    1.02400000   1.0240   0.3952   3.8032   4.2190   0.0000   0.0000
    9.75    1.02500000   1.0250   0.3967   3.8032   4.2180   0.0000   0.0000
    9.75    1.02500000   1.0250   0.3982   3.8033   4.2170   0.0000   0.0000
    9.75    1.02600000   1.0260   0.3997   3.8034   4.2160   0.0000   0.0000
    9.75    1.02600000   1.0260   0.4012   3.8034   4.2150   0.0000   0.0000
    9.75    1.02600000   1.0260   0.4028   3.8035   4.2130   0.0000   0.0000
    9.75    1.02700000   1.0270   0.4043   3.8035   4.2120   0.0000   0.0000
    9.75    1.02700000   1.0270   0.4058   3.8036   4.2110   0.0000   0.0000
    9.75    1.02800000   1.0280   0.4073   3.8036   4.2100   0.0000   0.0000
    9.75    1.02800000   1.0280   0.4089   3.8037   4.2090   0.0000   0.0000
    9.75    1.02900000   1.0290   0.4104   3.8037   4.2080   0.0000   0.0000
    9.75    1.02900000   1.0290   0.4119   3.8038   4.2070   0.0000   0.0000
    9.75    1.02900000   1.0290   0.4135   3.8038   4.2050   0.0000   0.0000
    9.75    1.03000000   1.0300   0.4150   3.8039   4.2040   0.0000   0.0000
    9.75    1.03000000   1.0300   0.4166   3.8039   4.2030   0.0000   0.0000
    9.75    1.03100000   1.0310   0.4181   3.8040   4.2020   0.0000   0.0000
    9.75    1.03100000   1.0310   0.4197   3.8040   4.2010   0.0000   0.0000
    9.75    1.03200000   1.0320   0.4213   3.8041   4.1990   0.0000   0.0000
    9.75    1.03200000   1.0320   0.4229   3.8041   4.1980   0.0000   0.0000
    9.75    1.03200000   1.0320   0.4245   3.8042   4.1970   0.0000   0.0000
    9.75    1.03300000   1.0330   0.4261   3.8042   4.1960   0.0000   0.0000
    9.75    1.03300000   1.0330   0.4276   3.8043   4.1950   0.0000   0.0000
    9.75    1.03400000   1.0340   0.4292   3.8043   4.1930   0.0000   0.0000
    9.75    1.03400000   1.0340   0.4308   3.8043   4.1920   0.0000   0.0000
    9.75    1.03500000   1.0350   0.4324   3.8044   4.1910   0.0000   0.0000
    9.75    1.03500000   1.0350   0.4340   3.8044   4.1900   0.0000   0.0000
    9.75    1.03600000   1.0360   0.4356   3.8045   4.1880   0.0000   0.0000
    9.75    1.03600000   1.0360   0.4372   3.8045   4.1870   0.0000   0.0000
    9.75    1.03600000   1.0360   0.4388   3.8046   4.1860   0.0000   0.0000
    9.75    1.03700000   1.0370   0.4404   3.8046   4.1850   0.0000   0.0000
    9.75    1.03700000   1.0370   0.4420   3.8046   4.1830   0.0000   0.0000
    9.75    1.03800000   1.0380   0.4436   3.8047   4.1820   0.0000   0.0000
    9.75    1.03800000   1.0380   0.4453   3.8047   4.1810   0.0000   0.0000
    9.75    1.03900000   1.0390   0.4469   3.8047   4.1790   0.0000   0.0000
    9.75    1.03900000   1.0390   0.4485   3.8048   4.1780   0.0000   0.0000
    9.75    1.03900000   1.0390   0.4501   3.8048   4.1770   0.0000   0.0000
    9.75    1.04000000   1.0400   0.4518   3.8048   4.1760   0.0000   0.0000
    9.75    1.04000000   1.0400   0.4534   3.8049   4.1740   0.0000   0.0000
    9.75    1.04100000   1.0410   0.4550   3.8049   4.1730   0.0000   0.0000
    9.75    1.04100000   1.0410   0.4567   3.8049   4.1720   0.0000   0.0000
    9.75    1.04200000   1.0420   0.4583   3.8050   4.1700   0.0000   0.0000
    9.75    1.04200000   1.0420   0.4600   3.8050   4.1690   0.0000   0.0000
    9.75    1.04200000   1.0420   0.4616   3.8050   4.1670   0.0000   0.0000
    9.75    1.04300000   1.0430   0.4633   3.8050   4.1660   0.0000   0.0000
    9.75    1.04300000   1.0430   0.4650   3.8051   4.1650   0.0000   0.0000
    9.75    1.04400000   1.0440   0.4666   3.8051   4.1630   0.0000   0.0000
    9.75    1.04400000   1.0440   0.4683   3.8051   4.1620   0.0000   0.0000
    9.75    1.04500000   1.0450   0.4700   3.8051   4.1600   0.0000   0.0000
    9.75    1.04500000   1.0450   0.4717   3.8051   4.1590   0.0000   0.0000
    9.75    1.04600000   1.0460   0.4734   3.8052   4.1580   0.0000   0.0000
    9.75    1.04600000   1.0460   0.4751   3.8052   4.1560   0.0000   0.0000
    9.75    1.04600000   1.0460   0.4768   3.8052   4.1550   0.0000   0.0000
    9.75    1.04700000   1.0470   0.4785   3.8052   4.1530   0.0000   0.0000
    9.75    1.04700000   1.0470   0.4802   3.8052   4.1520   0.0000   0.0000
    9.75    1.04800000   1.0480   0.4819   3.8052   4.1500   0.0000   0.0000
    9.75    1.04800000   1.0480   0.4836   3.8053   4.1490   0.0000   0.0000
    9.75    1.04900000   1.0490   0.4853   3.8053   4.1470   0.0000   0.0000
    9.75    1.04900000   1.0490   0.4870   3.8053   4.1460   0.0000   0.0000
    9.75    1.04900000   1.0490   0.4888   3.8053   4.1440   0.0000   0.0000
    9.75    1.05000000   1.0500   0.4905   3.8053   4.1430   0.0000   0.0000
    9.75    1.05000000   1.0500   0.4922   3.8053   4.1410   0.0000   0.0000
    9.75    1.05100000   1.0510   0.4940   3.8053   4.1400   0.0000   0.0000
    9.75    1.05100000   1.0510   0.4957   3.8053   4.1380   0.0000   0.0000
    9.75    1.05200000   1.0520   0.4975   3.8053   4.1370   0.0000   0.0000
    9.75    1.05200000   1.0520   0.4993   3.8053   4.1350   0.0000   0.0000
    9.75    1.05300000   1.0530   0.5010   3.8053   4.1330   0.0000   0.0000
    9.75    1.05300000   1.0530   0.5028   3.8053   4.1320   0.0000   0.0000
    9.75    1.05300000   1.0530   0.5046   3.8053   4.1300   0.0000   0.0000
    9.75    1.05400000   1.0540   0.5063   3.8053   4.1290   0.0000   0.0000
    9.75    1.05400000   1.0540   0.5081   3.8053   4.1270   0.0000   0.0000
    9.75    1.05500000   1.0550   0.5099   3.8053   4.1250   0.0000   0.0000
    9.75    1.05500000   1.0550   0.5117   3.8052   4.1240   0.0000   0.0000
    9.75    1.05600000   1.0560   0.5135   3.8052   4.1220   0.0000   0.0000
    9.75    1.05600000   1.0560   0.5153   3.8052   4.1200   0.0000   0.0000
    9.75    1.05600000   1.0560   0.5172   3.8052   4.1180   0.0000   0.0000
    9.75    1.05700000   1.0570   0.5190   3.8052   4.1170   0.0000   0.0000
    9.75    1.05700000   1.0570   0.5208   3.8052   4.1150   0.0000   0.0000
    9.75    1.05800000   1.0580   0.5226   3.8051   4.1130   0.0000   0.0000
    9.75    1.05800000   1.0580   0.5245   3.8051   4.1120   0.0000   0.0000
    9.75    1.05900000   1.0590   0.5263   3.8051   4.1100   0.0000   0.0000
    9.75    1.05900000   1.0590   0.5282   3.8051   4.1080   0.0000   0.0000
    9.75    1.06000000   1.0600   0.5300   3.8050   4.1060   0.0000   0.0000
    9.75    1.06000000   1.0600   0.5319   3.8050   4.1040   0.0000   0.0000
    9.75    1.06000000   1.0600   0.5338   3.8050   4.1030   0.0000   0.0000
    9.75    1.06100000   1.0610   0.5356   3.8049   4.1010   0.0000   0.0000
    9.75    1.06100000   1.0610   0.5375   3.8049   4.0990   0.0000   0.0000
    9.75    1.06200000   1.0620   0.5394   3.8049   4.0970   0.0000   0.0000
    9.75    1.06200000   1.0620   0.5413   3.8048   4.0950   0.0000   0.0000
    9.75    1.06300000   1.0630   0.5432   3.8048   4.0930   0.0000   0.0000
    9.75    1.06300000   1.0630   0.5451   3.8047   4.0910   0.0000   0.0000
    9.75    1.06400000   1.0640   0.5470   3.8047   4.0890   0.0000   0.0000
    9.75    1.06400000   1.0640   0.5489   3.8046   4.0880   0.0000   0.0000
    9.75    1.06400000   1.0640   0.5508   3.8046   4.0860   0.0000   0.0000
    9.75    1.06500000   1.0650   0.5528   3.8045   4.0840   0.0000   0.0000
    9.75    1.06500000   1.0650   0.5547   3.8045   4.0820   0.0000   0.0000
    9.75    1.06600000   1.0660   0.5566   3.8044   4.0800   0.0000   0.0000
    9.75    1.06600000   1.0660   0.5586   3.8043   4.0780   0.0000   0.0000
    9.75    1.06700000   1.0670   0.5606   3.8043   4.0760   0.0000   0.0000
    9.75    1.06700000   1.0670   0.5625   3.8042   4.0730   0.0000   0.0000
    9.75    1.06800000   1.0680   0.5645   3.8041   4.0710   0.0000   0.0000
    9.75    1.06800000   1.0680   0.5665   3.8041   4.0690   0.0000   0.0000
    9.75    1.06800000   1.0680   0.5684   3.8040   4.0670   0.0000   0.0000
    9.75    1.06900000   1.0690   0.5704   3.8039   4.0650   0.0000   0.0000
    9.75    1.06900000   1.0690   0.5724   3.8038   4.0630   0.0000   0.0000
    9.75    1.07000000   1.0700   0.5744   3.8037   4.0610   0.0000   0.0000
    9.75    1.07000000   1.0700   0.5765   3.8036   4.0580   0.0000   0.0000
    9.75    1.07100000   1.0710   0.5785   3.8035   4.0560   0.0000   0.0000
    9.75    1.07100000   1.0710   0.5805   3.8034   4.0540   0.0000   0.0000
    9.75    1.07200000   1.0720   0.5825   3.8033   4.0520   0.0000   0.0000
    9.75    1.07200000   1.0720   0.5846   3.8032   4.0490   0.0000   0.0000
    9.75    1.07200000   1.0720   0.5866   3.8031   4.0470   0.0000   0.0000
    9.75    1.07300000   1.0730   0.5887   3.8029   4.0450   0.0000   0.0000
    9.75    1.07300000   1.0730   0.5907   3.8028   4.0420   0.0000   0.0000
    9.75    1.07400000   1.0740   0.5928   3.8027   4.0400   0.0000   0.0000
    9.75    1.07400000   1.0740   0.5949   3.8025   4.0370   0.0000   0.0000
    9.75    1.07500000   1.0750   0.5970   3.8024   4.0350   0.0000   0.0000
    9.75    1.07500000   1.0750   0.5991   3.8023   4.0330   0.0000   0.0000
    9.75    1.07600000   1.0760   0.6012   3.8022   4.0300   0.0000   0.0000
    9.75    1.07600000   1.0760   0.6033   3.8020   4.0280   0.0000   0.0000
    9.75    1.07700000   1.0770   0.6054   3.8019   4.0250   0.0000   0.0000
    9.75    1.07700000   1.0770   0.6075   3.8018   4.0230   0.0000   0.0000
    9.75    1.07700000   1.0770   0.6096   3.8016   4.0200   0.0000   0.0000
    9.75    1.07800000   1.0780   0.6118   3.8015   4.0180   0.0000   0.0000
    9.75    1.07800000   1.0780   0.6139   3.8014   4.0150   0.0000   0.0000
    9.75    1.07900000   1.0790   0.6161   3.8012   4.0130   0.0000   0.0000
    9.75    1.07900000   1.0790   0.6182   3.8011   4.0100   0.0000   0.0000
    9.75    1.08000000   1.0800   0.6204   3.8009   4.0070   0.0000   0.0000
    9.75    1.08000000   1.0800   0.6226   3.8007   4.0050   0.0000   0.0000
    9.75    1.08100000   1.0810   0.6248   3.8005   4.0020   0.0000   0.0000
    9.75    1.08100000   1.0810   0.6270   3.8004   3.9990   0.0000   0.0000
    9.75    1.08100000   1.0810   0.6291   3.8002   3.9970   0.0000   0.0000
    9.75    1.08200000   1.0820   0.6314   3.8000   3.9940   0.0000   0.0000
    9.75    1.08200000   1.0820   0.6336   3.7998   3.9910   0.0000   0.0000
    9.75    1.08300000   1.0830   0.6358   3.7996   3.9880   0.0000   0.0000
    9.75    1.08300000   1.0830   0.6380   3.7994   3.9850   0.0000   0.0000
    9.75    1.08400000   1.0840   0.6403   3.7992   3.9820   0.0000   0.0000
    9.75    1.08400000   1.0840   0.6425   3.7990   3.9790   0.0000   0.0000
    9.75    1.08500000   1.0850   0.6448   3.7987   3.9760   0.0000   0.0000
    9.75    1.08500000   1.0850   0.6470   3.7985   3.9730   0.0000   0.0000
    9.75    1.08600000   1.0860   0.6493   3.7982   3.9700   0.0000   0.0000
    9.75    1.08600000   1.0860   0.6516   3.7980   3.9670   0.0000   0.0000
    9.75    1.08600000   1.0860   0.6538   3.7977   3.9640   0.0000   0.0000
    9.75    1.08700000   1.0870   0.6561   3.7974   3.9610   0.0000   0.0000
    9.75    1.08700000   1.0870   0.6584   3.7971   3.9570   0.0000   0.0000
    9.75    1.08800000   1.0880   0.6607   3.7968   3.9540   0.0000   0.0000
    9.75    1.08800000   1.0880   0.6630   3.7965   3.9510   0.0000   0.0000
    9.75    1.08900000   1.0890   0.6652   3.7961   3.9470   0.0000   0.0000
    9.75    1.08900000   1.0890   0.6675   3.7958   3.9440   0.0000   0.0000
    9.75    1.09000000   1.0900   0.6698   3.7954   3.9400   0.0000   0.0000
    9.75    1.09000000   1.0900   0.6721   3.7950   3.9370   0.0000   0.0000
    9.75    1.09100000   1.0910   0.6744   3.7946   3.9330   0.0000   0.0000
    9.75    1.09100000   1.0910   0.6766   3.7942   3.9290   0.0000   0.0000
    9.75    1.09100000   1.0910   0.6789   3.7938   3.9250   0.0000   0.0000
    9.75    1.09200000   1.0920   0.6812   3.7933   3.9210   0.0000   0.0000
    9.75    1.09200000   1.0920   0.6834   3.7928   3.9170   0.0000   0.0000
    9.75    1.09300000   1.0930   0.6857   3.7923   3.9130   0.0000   0.0000
    9.75    1.09300000   1.0930   0.6879   3.7917   3.9090   0.0000   0.0000
    9.75    1.09400000   1.0940   0.6901   3.7911   3.9040   0.0000   0.0000
    9.75    1.09400000   1.0940   0.6923   3.7905   3.9000   0.0000   0.0000
    9.75    1.09500000   1.0950   0.6945   3.7898   3.8950   0.0000   0.0000
    9.75    1.09500000   1.0950   0.6966   3.7892   3.8900   0.0000   0.0000
    9.75    1.09600000   1.0960   0.6987   3.7884   3.8860   0.0000   0.0000
    9.75    1.09600000   1.0960   0.7008   3.7876   3.8810   0.0000   0.0000
    9.75    1.09600000   1.0960   0.7028   3.7868   3.8750   0.0000   0.0000
    9.75    1.09700000   1.0970   0.7048   3.7860   3.8700   0.0000   0.0000
    9.75    1.09700000   1.0970   0.7068   3.7852   3.8650   0.0000   0.0000
    9.75    1.09800000   1.0980   0.7088   3.7844   3.8600   0.0000   0.0000
    9.75    1.09800000   1.0980   0.7108   3.7836   3.8550   0.0000   0.0000
    9.75    1.09900000   1.0990   0.7125   3.7827   3.8500   0.0000   0.0000
    9.75    1.09900000   1.0990   0.7143   3.7818   3.8450   0.0000   0.0000
    9.75    1.10000000   1.1000   0.7160   3.7808   3.8400   0.0000   0.0000
    9.75    1.10000000   1.1000   0.7172   3.7797   3.8340   0.0000   0.0000
    9.75    1.10100000   1.1010   0.7182   3.7785   3.8280   0.0000   0.0000
    9.75    1.10100000   1.1010   0.7192   3.7773   3.8230   0.0000   0.0000
    9.75    1.10200000   1.1020   0.7195   3.7759   3.8170   0.0000   0.0000
    9.75    1.10200000   1.1020   0.7198   3.7744   3.8110   0.0000   0.0000
    9.75    1.10200000   1.1020   0.7200   3.7729   3.8050   0.0000   0.0000
    9.75    1.10300000   1.1030   0.7194   3.7710   3.7980   0.0000   0.0000
    9.75    1.10300000   1.1030   0.7185   3.7690   3.7910   0.0000   0.0000
    9.75    1.10400000   1.1040   0.7175   3.7670   3.7850   0.0000   0.0000
    9.75    1.10400000   1.1040   0.7160   3.7648   3.7770   0.0000   0.0000
    9.75    1.10500000   1.1050   0.7138   3.7622   3.7690   0.0000   0.0000
    9.75    1.10500000   1.1050   0.7115   3.7596   3.7610   0.0000   0.0000
    9.75    1.10600000   1.1060   0.7089   3.7570   3.7540   0.0000   0.0000
    9.75    1.10600000   1.1060   0.7050   3.7545   3.7480   0.0000   0.0000
    9.75    1.10700000   1.1070   0.7011   3.7519   3.7410   0.0000   0.0000
    9.75    1.10700000   1.1070   0.6970   3.7493   3.7350   0.0000   0.0000
    9.75    1.10800000   1.1080   0.6918   3.7465   3.7290   0.0000   0.0000
    9.75    1.10800000   1.1080   0.6866   3.7437   3.7240   0.0000   0.0000
    9.75    1.10800000   1.1080   0.6814   3.7409   3.7180   0.0000   0.0000
    9.75    1.10900000   1.1090   0.6766   3.7377   3.7100   0.0000   0.0000
    9.75    1.10900000   1.1090   0.6717   3.7345   3.7020   0.0000   0.0000
    9.75    1.11000000   1.1100   0.6669   3.7314   3.6950   0.0000   0.0000
    9.75    1.11000000   1.1100   0.6649   3.7286   3.6860   0.0000   0.0000
    9.75    1.11100000   1.1110   0.6631   3.7258   3.6770   0.0000   0.0000
    9.75    1.11100000   1.1110   0.6613   3.7231   3.6680   0.0000   0.0000
    9.75    1.11200000   1.1120   0.6634   3.7209   3.6570   0.0000   0.0000
    9.75    1.11200000   1.1120   0.6657   3.7188   3.6470   0.0000   0.0000
    9.75    1.11300000   1.1130   0.6698   3.7169   3.6350   0.0000   0.0000
    9.75    1.11300000   1.1130   0.6750   3.7151   3.6230   0.0000   0.0000
    9.75    1.11400000   1.1130   0.6809   3.7134   3.6100   0.0000   0.0000
    9.75    1.11400000   1.1140   0.6885   3.7118   3.5970   0.0000   0.0000
    9.75    1.11400000   1.1140   0.6960   3.7103   3.5830   0.0000   0.0000
    9.75    1.11500000   1.1150   0.7057   3.7091   3.5690   0.0000   0.0000
    9.75    1.11500000   1.1150   0.7154   3.7080   3.5550   0.0000   0.0000
    9.75    1.11600000   1.1160   0.7259   3.7071   3.5410   0.0000   0.0000
    9.75    1.11600000   1.1160   0.7369   3.7062   3.5260   0.0000   0.0000
    9.75    1.11700000   1.1170   0.7483   3.7053   3.5120   0.0000   0.0000
    9.75    1.11700000   1.1170   0.7605   3.7045   3.4970   0.0000   0.0000
    9.75    1.11800000   1.1180   0.7727   3.7037   3.4810   0.0000   0.0000
    9.75    1.11800000   1.1180   0.7859   3.7030   3.4650   0.0000   0.0000
    9.75    1.11900000   1.1180   0.7991   3.7023   3.4490   0.0000   0.0000
    9.75    1.11900000   1.1190   0.8129   3.7016   3.4330   0.0000   0.0000
    9.75    1.12000000   1.1190   0.8269   3.7009   3.4160   0.0000   0.0000
    9.75    1.12000000   1.1200   0.8414   3.7002   3.4000   0.0000   0.0000
    9.75    1.12100000   1.1200   0.8567   3.6997   3.3820   0.0000   0.0000
    9.75    1.12100000   1.1210   0.8720   3.6991   3.3650   0.0000   0.0000
    9.75    1.12100000   1.1210   0.8882   3.6984   3.3460   0.0000   0.0000
    9.75    1.12200000   1.1210   0.9046   3.6977   3.3270   0.0000   0.0000
    9.75    1.12200000   1.1220   0.9217   3.6970   3.3070   0.0000   0.0000
    9.75    1.12300000   1.1220   0.9394   3.6963   3.2870   0.0000   0.0000
    9.75    1.12300000   1.1230   0.9575   3.6956   3.2660   0.0000   0.0000
    9.75    1.12400000   1.1230   0.9769   3.6948   3.2440   0.0000   0.0000
    9.75    1.12400000   1.1230   0.9963   3.6940   3.2210   0.0000   0.0000
    9.75    1.12500000   1.1240   1.0176   3.6933   3.1970   0.0000   0.0000
    9.75    1.12500000   1.1240   1.0393   3.6927   3.1730   0.0000   0.0000
    9.75    1.12600000   1.1250   1.0620   3.6919   3.1480   0.0000   0.0000
    9.75    1.12600000   1.1250   1.0861   3.6910   3.1200   0.0000   0.0000
    9.75    1.12700000   1.1250   1.1102   3.6901   3.0930   0.0000   0.0000
    9.75    1.12700000   1.1260   1.1378   3.6891   3.0610   0.0000   0.0000
    9.75    1.12800000   1.1260   1.1654   3.6880   3.0290   0.0000   0.0000
    9.75    1.12800000   1.1270   1.1953   3.6868   2.9940   0.0000   0.0000
    9.75    1.12900000   1.1270   1.2269   3.6854   2.9580   0.0000   0.0000
    9.75    1.12900000   1.1270   1.2590   3.6840   2.9200   0.0000   0.0000
    9.75    1.12900000   1.1280   1.2941   3.6822   2.8780   0.0000   0.0000
    9.75    1.13000000   1.1280   1.3291   3.6803   2.8350   0.0000   0.0000
    9.75    1.13000000   1.1280   1.3637   3.6788   2.7950   0.0000   0.0000
    9.75    1.13100000   1.1280   1.3979   3.6773   2.7550   0.0000   0.0000
    9.75    1.13100000   1.1290   1.4373   3.6754   2.7080   0.0000   0.0000
    9.75    1.13200000   1.1290   1.4875   3.6725   2.6460   0.0000   0.0000
    9.75    1.13200000   1.1290   1.5378   3.6696   2.5840   0.0000   0.0000
    9.75    1.13300000   1.1290   1.5854   3.6667   2.5250   0.0000   0.0000
    9.75    1.13300000   1.1290   1.6333   3.6639   2.4660   0.0000   0.0000
# log(age) Mini Mact logl logt logg Composition Phase
    9.80    0.80000000   0.8000  -0.2927   3.7439   4.5620   0.0000   0.0000
    9.80    0.88400000   0.8840  -0.0248   3.7739   4.4580   0.0000   0.0000
    9.80    0.97800000   0.9780   0.2866   3.7955   4.2770   0.0000   0.0000
    9.80    0.98200000   0.9820   0.3037   3.7962   4.2640   0.0000   0.0000
    9.80    0.98300000   0.9830   0.3051   3.7962   4.2630   0.0000   0.0000
    9.80    0.98300000   0.9830   0.3066   3.7963   4.2620   0.0000   0.0000
    9.80    0.98400000   0.9840   0.3080   3.7963   4.2610   0.0000   0.0000
    9.80    0.98400000   0.9840   0.3095   3.7964   4.2600   0.0000   0.0000
    9.80    0.98500000   0.9850   0.3110   3.7964   4.2590   0.0000   0.0000
    9.80    0.98500000   0.9850   0.3125   3.7965   4.2580   0.0000   0.0000
    9.80    0.98500000   0.9850   0.3139   3.7965   4.2570   0.0000   0.0000
    9.80    0.98600000   0.9860   0.3154   3.7966   4.2560   0.0000   0.0000
    9.80    0.98600000   0.9860   0.3169   3.7966   4.2550   0.0000   0.0000
    9.80    0.98700000   0.9870   0.3184   3.7967   4.2530   0.0000   0.0000
    9.80    0.98700000   0.9870   0.3199   3.7967   4.2520   0.0000   0.0000
    9.80    0.98700000   0.9870   0.3214   3.7968   4.2510   0.0000   0.0000
    9.80    0.98800000   0.9880   0.3229   3.7968   4.2500   0.0000   0.0000
    9.80    0.98800000   0.9880   0.3244   3.7969   4.2490   0.0000   0.0000
    9.80    0.98900000   0.9890   0.3259   3.7969   4.2480   0.0000   0.0000
    9.80    0.98900000   0.9890   0.3274   3.7970   4.2470   0.0000   0.0000
    9.80    0.98900000   0.9890   0.3289   3.7970   4.2460   0.0000   0.0000
    9.80    0.99000000   0.9900   0.3305   3.7971   4.2440   0.0000   0.0000
    9.80    0.99000000   0.9900   0.3320   3.7972   4.2430   0.0000   0.0000
    9.80    0.99100000   0.9910   0.3336   3.7972   4.2420   0.0000   0.0000
    9.80    0.99100000   0.9910   0.3351   3.7973   4.2410   0.0000   0.0000
    9.80    0.99200000   0.9920   0.3366   3.7973   4.2400   0.0000   0.0000
    9.80    0.99200000   0.9920   0.3382   3.7974   4.2390   0.0000   0.0000
    9.80    0.99200000   0.9920   0.3397   3.7974   4.2380   0.0000   0.0000
    9.80    0.99300000   0.9930   0.3413   3.7975   4.2360   0.0000   0.0000
    9.80    0.99300000   0.9930   0.3428   3.7975   4.2350   0.0000   0.0000
    9.80    0.99400000   0.9940   0.3444   3.7975   4.2340   0.0000   0.0000
    9.80    0.99400000   0.9940   0.3460   3.7976   4.2330   0.0000   0.0000
    9.80    0.99400000   0.9940   0.3475   3.7977   4.2320   0.0000   0.0000
    9.80    0.99500000   0.9950   0.3491   3.7977   4.2300   0.0000   0.0000
    9.80    0.99500000   0.9950   0.3506   3.7978   4.2290   0.0000   0.0000
    9.80    0.99600000   0.9960   0.3522   3.7978   4.2280   0.0000   0.0000
    9.80    0.99600000   0.9960   0.3538   3.7978   4.2270   0.0000   0.0000
    9.80    0.99600000   0.9960   0.3554   3.7979   4.2260   0.0000   0.0000
    9.80    0.99700000   0.9970   0.3569   3.7979   4.2240   0.0000   0.0000
    9.80    0.99700000   0.9970   0.3585   3.7980   4.2230   0.0000   0.0000
    9.80    0.99800000   0.9980   0.3601   3.7980   4.2220   0.0000   0.0000
    9.80    0.99800000   0.9980   0.3617   3.7980   4.2210   0.0000   0.0000
    9.80    0.99900000   0.9990   0.3633   3.7981   4.2190   0.0000   0.0000
    9.80    0.99900000   0.9990   0.3650   3.7981   4.2180   0.0000   0.0000
    9.80    0.99900000   0.9990   0.3666   3.7982   4.2170   0.0000   0.0000
    9.80    1.00000000   1.0000   0.3683   3.7982   4.2160   0.0000   0.0000
    9.80    1.00000000   1.0000   0.3699   3.7983   4.2140   0.0000   0.0000
    9.80    1.00100000   1.0010   0.3714   3.7983   4.2130   0.0000   0.0000
    9.80    1.00100000   1.0010   0.3730   3.7984   4.2120   0.0000   0.0000
    9.80    1.00200000   1.0020   0.3746   3.7984   4.2110   0.0000   0.0000
    9.80    1.00200000   1.0020   0.3762   3.7985   4.2090   0.0000   0.0000
    9.80    1.00200000   1.0020   0.3778   3.7985   4.2080   0.0000   0.0000
    9.80    1.00300000   1.0030   0.3795   3.7986   4.2070   0.0000   0.0000
    9.80    1.00300000   1.0030   0.3811   3.7986   4.2060   0.0000   0.0000
    9.80    1.00400000   1.0040   0.3827   3.7987   4.2040   0.0000   0.0000
    9.80    1.00400000   1.0040   0.3843   3.7987   4.2030   0.0000   0.0000
    9.80    1.00400000   1.0040   0.3860   3.7987   4.2020   0.0000   0.0000
    9.80    1.00500000   1.0050   0.3876   3.7988   4.2010   0.0000   0.0000
    9.80    1.00500000   1.0050   0.3893   3.7988   4.1990   0.0000   0.0000
    9.80    1.00600000   1.0060   0.3909   3.7989   4.1980   0.0000   0.0000
    9.80    1.00600000   1.0060   0.3925   3.7989   4.1970   0.0000   0.0000
    9.80    1.00700000   1.0070   0.3942   3.7989   4.1950   0.0000   0.0000
    9.80    1.00700000   1.0070   0.3958   3.7990   4.1940   0.0000   0.0000
    9.80    1.00700000   1.0070   0.3975   3.7990   4.1930   0.0000   0.0000
    9.80    1.00800000   1.0080   0.3991   3.7991   4.1910   0.0000   0.0000
    9.80    1.00800000   1.0080   0.4008   3.7991   4.1900   0.0000   0.0000
    9.80    1.00900000   1.0090   0.4024   3.7991   4.1890   0.0000   0.0000
    9.80    1.00900000   1.0090   0.4041   3.7992   4.1870   0.0000   0.0000
    9.80    1.00900000   1.0090   0.4058   3.7992   4.1860   0.0000   0.0000
    9.80    1.01000000   1.0100   0.4075   3.7992   4.1850   0.0000   0.0000
    9.80    1.01000000   1.0100   0.4091   3.7992   4.1830   0.0000   0.0000
    9.80    1.01100000   1.0110   0.4108   3.7993   4.1820   0.0000   0.0000
    9.80    1.01100000   1.0110   0.4125   3.7993   4.1800   0.0000   0.0000
    9.80    1.01200000   1.0120   0.4142   3.7993   4.1790   0.0000   0.0000
    9.80    1.01200000   1.0120   0.4159   3.7994   4.1780   0.0000   0.0000
    9.80    1.01200000   1.0120   0.4176   3.7994   4.1760   0.0000   0.0000
    9.80    1.01300000   1.0130   0.4193   3.7994   4.1750   0.0000   0.0000
    9.80    1.01300000   1.0130   0.4210   3.7994   4.1730   0.0000   0.0000
    9.80    1.01400000   1.0140   0.4228   3.7994   4.1720   0.0000   0.0000
    9.80    1.01400000   1.0140   0.4245   3.7995   4.1700   0.0000   0.0000
    9.80    1.01500000   1.0150   0.4262   3.7995   4.1690   0.0000   0.0000
    9.80    1.01500000   1.0150   0.4280   3.7995   4.1670   0.0000   0.0000
    9.80    1.01500000   1.0150   0.4297   3.7995   4.1660   0.0000   0.0000
    9.80    1.01600000   1.0160   0.4314   3.7995   4.1640   0.0000   0.0000
    9.80    1.01600000   1.0160   0.4332   3.7995   4.1630   0.0000   0.0000
    9.80    1.01700000   1.0170   0.4349   3.7996   4.1610   0.0000   0.0000
    9.80    1.01700000   1.0170   0.4367   3.7996   4.1600   0.0000   0.0000
    9.80    1.01800000   1.0180   0.4384   3.7996   4.1580   0.0000   0.0000
    9.80    1.01800000   1.0180   0.4402   3.7996   4.1570   0.0000   0.0000
    9.80    1.01800000   1.0180   0.4420   3.7996   4.1550   0.0000   0.0000
    9.80    1.01900000   1.0190   0.4438   3.7996   4.1540   0.0000   0.0000
    9.80    1.01900000   1.0190   0.4456   3.7996   4.1520   0.0000   0.0000
    9.80    1.02000000   1.0200   0.4474   3.7996   4.1500   0.0000   0.0000
    9.80    1.02000000   1.0200   0.4491   3.7996   4.1490   0.0000   0.0000
    9.80    1.02000000   1.0200   0.4509   3.7996   4.1470   0.0000   0.0000
    9.80    1.02100000   1.0210   0.4528   3.7996   4.1460   0.0000   0.0000
    9.80    1.02100000   1.0210   0.4546   3.7996   4.1440   0.0000   0.0000
    9.80    1.02200000   1.0220   0.4564   3.7996   4.1420   0.0000   0.0000
    9.80    1.02200000   1.0220   0.4582   3.7996   4.1410   0.0000   0.0000
    9.80    1.02300000   1.0230   0.4600   3.7996   4.1390   0.0000   0.0000
    9.80    1.02300000   1.0230   0.4619   3.7995   4.1370   0.0000   0.0000
    9.80    1.02300000   1.0230   0.4637   3.7995   4.1350   0.0000   0.0000
    9.80    1.02400000   1.0240   0.4656   3.7995   4.1340   0.0000   0.0000
    9.80    1.02400000   1.0240   0.4674   3.7995   4.1320   0.0000   0.0000
    9.80    1.02500000   1.0250   0.4693   3.7995   4.1300   0.0000   0.0000
    9.80    1.02500000   1.0250   0.4712   3.7995   4.1290   0.0000   0.0000
    9.80    1.02600000   1.0260   0.4730   3.7995   4.1270   0.0000   0.0000
    9.80    1.02600000   1.0260   0.4749   3.7995   4.1250   0.0000   0.0000
    9.80    1.02600000   1.0260   0.4768   3.7994   4.1230   0.0000   0.0000
    9.80    1.02700000   1.0270   0.4787   3.7994   4.1210   0.0000   0.0000
    9.80    1.02700000   1.0270   0.4806   3.7994   4.1200   0.0000   0.0000
    9.80    1.02800000   1.0280   0.4825   3.7994   4.1180   0.0000   0.0000
    9.80    1.02800000   1.0280   0.4844   3.7993   4.1160   0.0000   0.0000
    9.80    1.02900000   1.0290   0.4863   3.7993   4.1140   0.0000   0.0000
    9.80    1.02900000   1.0290   0.4882   3.7993   4.1120   0.0000   0.0000
    9.80    1.02900000   1.0290   0.4902   3.7992   4.1100   0.0000   0.0000
    9.80    1.03000000   1.0300   0.4921   3.7992   4.1080   0.0000   0.0000
    9.80    1.03000000   1.0300   0.4940   3.7992   4.1070   0.0000   0.0000
    9.80    1.03100000   1.0310   0.4960   3.7991   4.1050   0.0000   0.0000
    9.80    1.03100000   1.0310   0.4979   3.7991   4.1030   0.0000   0.0000
    9.80    1.03200000   1.0320   0.4999   3.7990   4.1010   0.0000   0.0000
    9.80    1.03200000   1.0320   0.5019   3.7990   4.0990   0.0000   0.0000
    9.80    1.03200000   1.0320   0.5038   3.7989   4.0970   0.0000   0.0000
    9.80    1.03300000   1.0330   0.5058   3.7988   4.0950   0.0000   0.0000
    9.80    1.03300000   1.0330   0.5078   3.7988   4.0930   0.0000   0.0000
    9.80    1.03400000   1.0340   0.5098   3.7987   4.0900   0.0000   0.0000
    9.80    1.03400000   1.0340   0.5118   3.7987   4.0880   0.0000   0.0000
    9.80    1.03500000   1.0350   0.5138   3.7986   4.0860   0.0000   0.0000
    9.80    1.03500000   1.0350   0.5159   3.7985   4.0840   0.0000   0.0000
    9.80    1.03600000   1.0360   0.5179   3.7984   4.0820   0.0000   0.0000
    9.80    1.03600000   1.0360   0.5199   3.7984   4.0800   0.0000   0.0000
    9.80    1.03600000   1.0360   0.5220   3.7983   4.0780   0.0000   0.0000
    9.80    1.03700000   1.0370   0.5240   3.7982   4.0750   0.0000   0.0000
    9.80    1.03700000   1.0370   0.5261   3.7981   4.0730   0.0000   0.0000
    9.80    1.03800000   1.0380   0.5281   3.7980   4.0710   0.0000   0.0000
    9.80    1.03800000   1.0380   0.5302   3.7979   4.0690   0.0000   0.0000
    9.80    1.03900000   1.0390   0.5323   3.7978   4.0660   0.0000   0.0000
    9.80    1.03900000   1.0390   0.5344   3.7977   4.0640   0.0000   0.0000
    9.80    1.03900000   1.0390   0.5364   3.7976   4.0620   0.0000   0.0000
    9.80    1.04000000   1.0400   0.5385   3.7975   4.0590   0.0000   0.0000
    9.80    1.04000000   1.0400   0.5407   3.7973   4.0570   0.0000   0.0000
    9.80    1.04100000   1.0410   0.5428   3.7972   4.0540   0.0000   0.0000
    9.80    1.04100000   1.0410   0.5449   3.7971   4.0520   0.0000   0.0000
    9.80    1.04200000   1.0420   0.5470   3.7970   4.0500   0.0000   0.0000
    9.80    1.04200000   1.0420   0.5492   3.7968   4.0470   0.0000   0.0000
    9.80    1.04200000   1.0420   0.5513   3.7967   4.0450   0.0000   0.0000
    9.80    1.04300000   1.0430   0.5535   3.7966   4.0420   0.0000   0.0000
    9.80    1.04300000   1.0430   0.5557   3.7964   4.0400   0.0000   0.0000
    9.80    1.04400000   1.0440   0.5578   3.7963   4.0370   0.0000   0.0000
    9.80    1.04400000   1.0440   0.5600   3.7962   4.0340   0.0000   0.0000
    9.80    1.04500000   1.0450   0.5622   3.7960   4.0320   0.0000   0.0000
    9.80    1.04500000   1.0450   0.5644   3.7959   4.0290   0.0000   0.0000
    9.80    1.04600000   1.0460   0.5666   3.7957   4.0260   0.0000   0.0000
    9.80    1.04600000   1.0460   0.5688   3.7955   4.0240   0.0000   0.0000
    9.80    1.04600000   1.0460   0.5710   3.7953   4.0210   0.0000   0.0000
    9.80    1.04700000   1.0470   0.5733   3.7951   4.0180   0.0000   0.0000
    9.80    1.04700000   1.0470   0.5755   3.7950   4.0150   0.0000   0.0000
    9.80    1.04800000   1.0480   0.5778   3.7948   4.0130   0.0000   0.0000
    9.80    1.04800000   1.0480   0.5800   3.7947   4.0100   0.0000   0.0000
    9.80    1.04900000   1.0490   0.5823   3.7945   4.0070   0.0000   0.0000
    9.80    1.04900000   1.0490   0.5846   3.7943   4.0040   0.0000   0.0000
    9.80    1.04900000   1.0490   0.5869   3.7941   4.0010   0.0000   0.0000
    9.80    1.05000000   1.0500   0.5892   3.7939   3.9980   0.0000   0.0000
    9.80    1.05000000   1.0500   0.5915   3.7936   3.9950   0.0000   0.0000
    9.80    1.05100000   1.0510   0.5938   3.7934   3.9920   0.0000   0.0000
    9.80    1.05100000   1.0510   0.5961   3.7932   3.9890   0.0000   0.0000
    9.80    1.05200000   1.0520   0.5985   3.7929   3.9860   0.0000   0.0000
    9.80    1.05200000   1.0520   0.6008   3.7926   3.9830   0.0000   0.0000
    9.80    1.05300000   1.0530   0.6031   3.7924   3.9800   0.0000   0.0000
    9.80    1.05300000   1.0530   0.6055   3.7921   3.9760   0.0000   0.0000
    9.80    1.05300000   1.0530   0.6078   3.7918   3.9730   0.0000   0.0000
    9.80    1.05400000   1.0540   0.6102   3.7915   3.9690   0.0000   0.0000
    9.80    1.05400000   1.0540   0.6125   3.7911   3.9660   0.0000   0.0000
    9.80    1.05500000   1.0550   0.6149   3.7908   3.9630   0.0000   0.0000
    9.80    1.05500000   1.0550   0.6172   3.7905   3.9590   0.0000   0.0000
    9.80    1.05600000   1.0560   0.6196   3.7901   3.9550   0.0000   0.0000
    9.80    1.05600000   1.0560   0.6219   3.7897   3.9520   0.0000   0.0000
    9.80    1.05600000   1.0560   0.6243   3.7893   3.9480   0.0000   0.0000
    9.80    1.05700000   1.0570   0.6266   3.7889   3.9440   0.0000   0.0000
    9.80    1.05700000   1.0570   0.6289   3.7884   3.9400   0.0000   0.0000
    9.80    1.05800000   1.0580   0.6312   3.7880   3.9360   0.0000   0.0000
    9.80    1.05800000   1.0580   0.6335   3.7874   3.9320   0.0000   0.0000
    9.80    1.05900000   1.0590   0.6358   3.7869   3.9280   0.0000   0.0000
    9.80    1.05900000   1.0590   0.6381   3.7864   3.9230   0.0000   0.0000
    9.80    1.06000000   1.0600   0.6404   3.7858   3.9190   0.0000   0.0000
    9.80    1.06000000   1.0600   0.6426   3.7852   3.9140   0.0000   0.0000
    9.80    1.06000000   1.0600   0.6448   3.7845   3.9100   0.0000   0.0000
    9.80    1.06100000   1.0610   0.6470   3.7838   3.9050   0.0000   0.0000
    9.80    1.06100000   1.0610   0.6491   3.7830   3.9000   0.0000   0.0000
    9.80    1.06200000   1.0620   0.6512   3.7823   3.8950   0.0000   0.0000
    9.80    1.06200000   1.0620   0.6533   3.7815   3.8900   0.0000   0.0000
    9.80    1.06300000   1.0630   0.6554   3.7807   3.8850   0.0000   0.0000
    9.80    1.06300000   1.0630   0.6574   3.7800   3.8800   0.0000   0.0000
    9.80    1.06400000   1.0640   0.6593   3.7791   3.8750   0.0000   0.0000
    9.80    1.06400000   1.0640   0.6611   3.7781   3.8690   0.0000   0.0000
    9.80    1.06400000   1.0640   0.6629   3.7772   3.8640   0.0000   0.0000
    9.80    1.06500000   1.0650   0.6644   3.7761   3.8580   0.0000   0.0000
    9.80    1.06500000   1.0650   0.6659   3.7749   3.8520   0.0000   0.0000
    9.80    1.06600000   1.0660   0.6674   3.7737   3.8460   0.0000   0.0000
    9.80    1.06600000   1.0660   0.6683   3.7723   3.8400   0.0000   0.0000
    9.80    1.06700000   1.0670   0.6692   3.7708   3.8330   0.0000   0.0000
    9.80    1.06700000   1.0670   0.6699   3.7693   3.8260   0.0000   0.0000
    9.80    1.06800000   1.0680   0.6698   3.7674   3.8190   0.0000   0.0000
    9.80    1.06800000   1.0680   0.6696   3.7655   3.8120   0.0000   0.0000
    9.80    1.06800000   1.0680   0.6692   3.7635   3.8040   0.0000   0.0000
    9.80    1.06900000   1.0690   0.6680   3.7611   3.7960   0.0000   0.0000
    9.80    1.06900000   1.0690   0.6667   3.7586   3.7880   0.0000   0.0000
    9.80    1.07000000   1.0700   0.6649   3.7562   3.7800   0.0000   0.0000
    9.80    1.07000000   1.0700   0.6620   3.7537   3.7730   0.0000   0.0000
    9.80    1.07100000   1.0710   0.6590   3.7513   3.7670   0.0000   0.0000
    9.80    1.07100000   1.0710   0.6556   3.7487   3.7600   0.0000   0.0000
    9.80    1.07200000   1.0720   0.6512   3.7457   3.7530   0.0000   0.0000
    9.80    1.07200000   1.0720   0.6468   3.7428   3.7450   0.0000   0.0000
    9.80    1.07200000   1.0720   0.6425   3.7397   3.7380   0.0000   0.0000
    9.80    1.07300000   1.0730   0.6382   3.7364   3.7290   0.0000   0.0000
    9.80    1.07300000   1.0730   0.6339   3.7332   3.7200   0.0000   0.0000
    9.80    1.07400000   1.0740   0.6312   3.7301   3.7110   0.0000   0.0000
    9.80    1.07400000   1.0740   0.6297   3.7271   3.7010   0.0000   0.0000
    9.80    1.07500000   1.0750   0.6281   3.7241   3.6910   0.0000   0.0000
    9.80    1.07500000   1.0750   0.6293   3.7216   3.6790   0.0000   0.0000
    9.80    1.07600000   1.0760   0.6319   3.7192   3.6680   0.0000   0.0000
    9.80    1.07600000   1.0760   0.6363   3.7170   3.6550   0.0000   0.0000
    9.80    1.07700000   1.0760   0.6418   3.7149   3.6410   0.0000   0.0000
    9.80    1.07700000   1.0770   0.6491   3.7130   3.6260   0.0000   0.0000
    9.80    1.07700000   1.0770   0.6573   3.7113   3.6110   0.0000   0.0000
    9.80    1.07800000   1.0780   0.6671   3.7098   3.5960   0.0000   0.0000
    9.80    1.07800000   1.0780   0.6777   3.7085   3.5800   0.0000   0.0000
    9.80    1.07900000   1.0790   0.6894   3.7073   3.5630   0.0000   0.0000
    9.80    1.07900000   1.0790   0.7017   3.7061   3.5470   0.0000   0.0000
    9.80    1.08000000   1.0790   0.7150   3.7051   3.5300   0.0000   0.0000
    9.80    1.08000000   1.0800   0.7288   3.7042   3.5120   0.0000   0.0000
    9.80    1.08100000   1.0800   0.7434   3.7033   3.4940   0.0000   0.0000
    9.80    1.08100000   1.0810   0.7584   3.7025   3.4760   0.0000   0.0000
    9.80    1.08100000   1.0810   0.7741   3.7017   3.4580   0.0000   0.0000
    9.80    1.08200000   1.0820   0.7903   3.7010   3.4390   0.0000   0.0000
    9.80    1.08200000   1.0820   0.8072   3.7003   3.4190   0.0000   0.0000
    9.80    1.08300000   1.0820   0.8247   3.6997   3.3990   0.0000   0.0000
    9.80    1.08300000   1.0830   0.8430   3.6989   3.3780   0.0000   0.0000
    9.80    1.08400000   1.0830   0.8617   3.6982   3.3570   0.0000   0.0000
    9.80    1.08400000   1.0840   0.8814   3.6974   3.3340   0.0000   0.0000
    9.80    1.08500000   1.0840   0.9017   3.6966   3.3110   0.0000   0.0000
    9.80    1.08500000   1.0840   0.9232   3.6958   3.2860   0.0000   0.0000
    9.80    1.08600000   1.0850   0.9454   3.6950   3.2610   0.0000   0.0000
    9.80    1.08600000   1.0850   0.9691   3.6942   3.2340   0.0000   0.0000
    9.80    1.08600000   1.0860   0.9936   3.6936   3.2070   0.0000   0.0000
    9.80    1.08700000   1.0860   1.0197   3.6927   3.1780   0.0000   0.0000
    9.80    1.08700000   1.0860   1.0467   3.6918   3.1480   0.0000   0.0000
    9.80    1.08800000   1.0870   1.0759   3.6908   3.1140   0.0000   0.0000
    9.80    1.08800000   1.0870   1.1061   3.6897   3.0800   0.0000   0.0000
    9.80    1.08900000   1.0870   1.1393   3.6885   3.0420   0.0000   0.0000
    9.80    1.08900000   1.0880   1.1738   3.6872   3.0020   0.0000   0.0000
    9.80    1.09000000   1.0880   1.2119   3.6854   2.9570   0.0000   0.0000
    9.80    1.09000000   1.0880   1.2516   3.6835   2.9100   0.0000   0.0000
    9.80    1.09100000   1.0890   1.2967   3.6814   2.8570   0.0000   0.0000
    9.80    1.09100000   1.0890   1.3438   3.6794   2.8020   0.0000   0.0000
    9.80    1.09100000   1.0890   1.3947   3.6768   2.7400   0.0000   0.0000
    9.80    1.09200000   1.0890   1.4469   3.6740   2.6770   0.0000   0.0000
    9.80    1.09200000   1.0890   1.4841   3.6720   2.6320   0.0000   0.0000
    9.80    1.09300000   1.0890   1.5169   3.6701   2.5920   0.0000   0.0000
# log(age) Mini Mact logl logt logg Composition Phase
    9.85    0.80000000   0.8000  -0.2739   3.7456   4.5500   0.0000   0.0000
    9.85    0.88400000   0.8840   0.0062   3.7750   4.4310   0.0000   0.0000
    9.85    0.95600000   0.9560   0.2611   3.7915   4.2760   0.0000   0.0000
    9.85    0.95600000   0.9560   0.2626   3.7915   4.2750   0.0000   0.0000
    9.85    0.95700000   0.9570   0.2641   3.7916   4.2740   0.0000   0.0000
    9.85    0.95700000   0.9570   0.2656   3.7916   4.2730   0.0000   0.0000
    9.85    0.95700000   0.9570   0.2672   3.7917   4.2720   0.0000   0.0000
    9.85    0.95800000   0.9580   0.2687   3.7917   4.2700   0.0000   0.0000
    9.85    0.95800000   0.9580   0.2702   3.7918   4.2690   0.0000   0.0000
    9.85    0.95900000   0.9590   0.2717   3.7918   4.2680   0.0000   0.0000
    9.85    0.95900000   0.9590   0.2732   3.7919   4.2670   0.0000   0.0000
    9.85    0.95900000   0.9590   0.2748   3.7919   4.2660   0.0000   0.0000
    9.85    0.96000000   0.9600   0.2763   3.7920   4.2650   0.0000   0.0000
    9.85    0.96000000   0.9600   0.2778   3.7920   4.2640   0.0000   0.0000
    9.85    0.96100000   0.9610   0.2794   3.7921   4.2620   0.0000   0.0000
    9.85    0.96100000   0.9610   0.2809   3.7921   4.2610   0.0000   0.0000
    9.85    0.96100000   0.9610   0.2825   3.7922   4.2600   0.0000   0.0000
    9.85    0.96200000   0.9620   0.2840   3.7922   4.2590   0.0000   0.0000
    9.85    0.96200000   0.9620   0.2856   3.7923   4.2580   0.0000   0.0000
    9.85    0.96300000   0.9630   0.2872   3.7923   4.2570   0.0000   0.0000
    9.85    0.96300000   0.9630   0.2887   3.7924   4.2550   0.0000   0.0000
    9.85    0.96300000   0.9630   0.2903   3.7924   4.2540   0.0000   0.0000
    9.85    0.96400000   0.9640   0.2919   3.7925   4.2530   0.0000   0.0000
    9.85    0.96400000   0.9640   0.2935   3.7925   4.2520   0.0000   0.0000
    9.85    0.96500000   0.9650   0.2951   3.7926   4.2510   0.0000   0.0000
    9.85    0.96500000   0.9650   0.2967   3.7926   4.2490   0.0000   0.0000
    9.85    0.96500000   0.9650   0.2983   3.7927   4.2480   0.0000   0.0000
    9.85    0.96600000   0.9660   0.2999   3.7927   4.2470   0.0000   0.0000
    9.85    0.96600000   0.9660   0.3015   3.7928   4.2460   0.0000   0.0000
    9.85    0.96700000   0.9670   0.3031   3.7928   4.2440   0.0000   0.0000
    9.85    0.96700000   0.9670   0.3047   3.7929   4.2430   0.0000   0.0000
    9.85    0.96700000   0.9670   0.3063   3.7929   4.2420   0.0000   0.0000
    9.85    0.96800000   0.9680   0.3079   3.7930   4.2410   0.0000   0.0000
    9.85    0.96800000   0.9680   0.3095   3.7930   4.2400   0.0000   0.0000
    9.85    0.96900000   0.9690   0.3111   3.7931   4.2380   0.0000   0.0000
    9.85    0.96900000   0.9690   0.3128   3.7931   4.2370   0.0000   0.0000
    9.85    0.96900000   0.9690   0.3144   3.7932   4.2360   0.0000   0.0000
    9.85    0.97000000   0.9700   0.3160   3.7932   4.2340   0.0000   0.0000
    9.85    0.97000000   0.9700   0.3177   3.7933   4.2330   0.0000   0.0000
    9.85    0.97100000   0.9710   0.3193   3.7933   4.2320   0.0000   0.0000
    9.85    0.97100000   0.9710   0.3210   3.7933   4.2310   0.0000   0.0000
    9.85    0.97100000   0.9710   0.3227   3.7934   4.2290   0.0000   0.0000
    9.85    0.97200000   0.9720   0.3244   3.7934   4.2280   0.0000   0.0000
    9.85    0.97200000   0.9720   0.3261   3.7935   4.2270   0.0000   0.0000
    9.85    0.97300000   0.9730   0.3277   3.7935   4.2250   0.0000   0.0000
    9.85    0.97300000   0.9730   0.3294   3.7936   4.2240   0.0000   0.0000
    9.85    0.97300000   0.9730   0.3311   3.7936   4.2230   0.0000   0.0000
    9.85    0.97400000   0.9740   0.3327   3.7936   4.2210   0.0000   0.0000
    9.85    0.97400000   0.9740   0.3344   3.7937   4.2200   0.0000   0.0000
    9.85    0.97500000   0.9750   0.3361   3.7937   4.2190   0.0000   0.0000
    9.85    0.97500000   0.9750   0.3378   3.7937   4.2170   0.0000   0.0000
    9.85    0.97500000   0.9750   0.3395   3.7938   4.2160   0.0000   0.0000
    9.85    0.97600000   0.9760   0.3412   3.7938   4.2140   0.0000   0.0000
    9.85    0.97600000   0.9760   0.3429   3.7938   4.2130   0.0000   0.0000
    9.85    0.97700000   0.9770   0.3447   3.7939   4.2120   0.0000   0.0000
    9.85    0.97700000   0.9770   0.3464   3.7939   4.2100   0.0000   0.0000
    9.85    0.97800000   0.9780   0.3481   3.7940   4.2090   0.0000   0.0000
    9.85    0.97800000   0.9780   0.3498   3.7940   4.2070   0.0000   0.0000
    9.85    0.97800000   0.9780   0.3515   3.7940   4.2060   0.0000   0.0000
    9.85    0.97900000   0.9790   0.3533   3.7940   4.2050   0.0000   0.0000
    9.85    0.97900000   0.9790   0.3550   3.7941   4.2030   0.0000   0.0000
    9.85    0.98000000   0.9800   0.3567   3.7941   4.2020   0.0000   0.0000
    9.85    0.98000000   0.9800   0.3585   3.7941   4.2000   0.0000   0.0000
    9.85    0.98000000   0.9800   0.3602   3.7942   4.1990   0.0000   0.0000
    9.85    0.98100000   0.9810   0.3620   3.7942   4.1970   0.0000   0.0000
    9.85    0.98100000   0.9810   0.3638   3.7942   4.1960   0.0000   0.0000
    9.85    0.98200000   0.9820   0.3655   3.7942   4.1940   0.0000   0.0000
    9.85    0.98200000   0.9820   0.3673   3.7942   4.1930   0.0000   0.0000
    9.85    0.98200000   0.9820   0.3691   3.7943   4.1910   0.0000   0.0000
    9.85    0.98300000   0.9830   0.3708   3.7943   4.1900   0.0000   0.0000
    9.85    0.98300000   0.9830   0.3726   3.7943   4.1880   0.0000   0.0000
    9.85    0.98400000   0.9840   0.3744   3.7943   4.1870   0.0000   0.0000
    9.85    0.98400000   0.9840   0.3762   3.7943   4.1850   0.0000   0.0000
    9.85    0.98500000   0.9850   0.3780   3.7943   4.1830   0.0000   0.0000
    9.85    0.98500000   0.9850   0.3798   3.7943   4.1820   0.0000   0.0000
    9.85    0.98500000   0.9850   0.3816   3.7943   4.1800   0.0000   0.0000
    9.85    0.98600000   0.9860   0.3835   3.7943   4.1790   0.0000   0.0000
    9.85    0.98600000   0.9860   0.3853   3.7944   4.1770   0.0000   0.0000
    9.85    0.98700000   0.9870   0.3871   3.7944   4.1750   0.0000   0.0000
    9.85    0.98700000   0.9870   0.3889   3.7944   4.1740   0.0000   0.0000
    9.85    0.98700000   0.9870   0.3908   3.7943   4.1720   0.0000   0.0000
    9.85    0.98800000   0.9880   0.3926   3.7943   4.1700   0.0000   0.0000
    9.85    0.98800000   0.9880   0.3945   3.7943   4.1690   0.0000   0.0000
    9.85    0.98900000   0.9890   0.3964   3.7943   4.1670   0.0000   0.0000
    9.85    0.98900000   0.9890   0.3982   3.7943   4.1650   0.0000   0.0000
    9.85    0.98900000   0.9890   0.4001   3.7943   4.1640   0.0000   0.0000
    9.85    0.99000000   0.9900   0.4020   3.7943   4.1620   0.0000   0.0000
    9.85    0.99000000   0.9900   0.4039   3.7943   4.1600   0.0000   0.0000
    9.85    0.99100000   0.9910   0.4057   3.7943   4.1580   0.0000   0.0000
    9.85    0.99100000   0.9910   0.4077   3.7942   4.1560   0.0000   0.0000
    9.85    0.99200000   0.9920   0.4096   3.7942   4.1550   0.0000   0.0000
    9.85    0.99200000   0.9920   0.4115   3.7942   4.1530   0.0000   0.0000
    9.85    0.99200000   0.9920   0.4134   3.7942   4.1510   0.0000   0.0000
    9.85    0.99300000   0.9930   0.4153   3.7942   4.1490   0.0000   0.0000
    9.85    0.99300000   0.9930   0.4173   3.7941   4.1470   0.0000   0.0000
    9.85    0.99400000   0.9940   0.4192   3.7941   4.1450   0.0000   0.0000
    9.85    0.99400000   0.9940   0.4211   3.7941   4.1440   0.0000   0.0000
    9.85    0.99400000   0.9940   0.4231   3.7941   4.1420   0.0000   0.0000
    9.85    0.99500000   0.9950   0.4250   3.7940   4.1400   0.0000   0.0000
    9.85    0.99500000   0.9950   0.4270   3.7940   4.1380   0.0000   0.0000
    9.85    0.99600000   0.9960   0.4290   3.7940   4.1360   0.0000   0.0000
    9.85    0.99600000   0.9960   0.4310   3.7939   4.1340   0.0000   0.0000
    9.85    0.99600000   0.9960   0.4329   3.7939   4.1320   0.0000   0.0000
    9.85    0.99700000   0.9970   0.4349   3.7939   4.1300   0.0000   0.0000
    9.85    0.99700000   0.9970   0.4369   3.7938   4.1280   0.0000   0.0000
    9.85    0.99800000   0.9980   0.4389   3.7938   4.1260   0.0000   0.0000
    9.85    0.99800000   0.9980   0.4410   3.7937   4.1240   0.0000   0.0000
    9.85    0.99900000   0.9990   0.4430   3.7937   4.1220   0.0000   0.0000
    9.85    0.99900000   0.9990   0.4450   3.7936   4.1200   0.0000   0.0000
    9.85    0.99900000   0.9990   0.4470   3.7935   4.1180   0.0000   0.0000
    9.85    1.00000000   1.0000   0.4491   3.7935   4.1160   0.0000   0.0000
    9.85    1.00000000   1.0000   0.4511   3.7934   4.1140   0.0000   0.0000
    9.85    1.00100000   1.0010   0.4531   3.7934   4.1120   0.0000   0.0000
    9.85    1.00100000   1.0010   0.4552   3.7933   4.1100   0.0000   0.0000
    9.85    1.00200000   1.0020   0.4572   3.7933   4.1080   0.0000   0.0000
    9.85    1.00200000   1.0020   0.4592   3.7932   4.1050   0.0000   0.0000
    9.85    1.00200000   1.0020   0.4613   3.7932   4.1030   0.0000   0.0000
    9.85    1.00300000   1.0030   0.4633   3.7931   4.1010   0.0000   0.0000
    9.85    1.00300000   1.0030   0.4654   3.7930   4.0990   0.0000   0.0000
    9.85    1.00400000   1.0040   0.4675   3.7930   4.0970   0.0000   0.0000
    9.85    1.00400000   1.0040   0.4696   3.7929   4.0950   0.0000   0.0000
    9.85    1.00400000   1.0040   0.4717   3.7928   4.0920   0.0000   0.0000
    9.85    1.00500000   1.0050   0.4737   3.7927   4.0900   0.0000   0.0000
    9.85    1.00500000   1.0050   0.4758   3.7926   4.0880   0.0000   0.0000
    9.85    1.00600000   1.0060   0.4779   3.7926   4.0860   0.0000   0.0000
    9.85    1.00600000   1.0060   0.4801   3.7925   4.0830   0.0000   0.0000
    9.85    1.00700000   1.0070   0.4822   3.7924   4.0810   0.0000   0.0000
    9.85    1.00700000   1.0070   0.4843   3.7923   4.0790   0.0000   0.0000
    9.85    1.00700000   1.0070   0.4865   3.7921   4.0760   0.0000   0.0000
    9.85    1.00800000   1.0080   0.4886   3.7920   4.0740   0.0000   0.0000
    9.85    1.00800000   1.0080   0.4908   3.7919   4.0710   0.0000   0.0000
    9.85    1.00900000   1.0090   0.4930   3.7918   4.0690   0.0000   0.0000
    9.85    1.00900000   1.0090   0.4951   3.7917   4.0660   0.0000   0.0000
    9.85    1.00900000   1.0090   0.4973   3.7915   4.0640   0.0000   0.0000
    9.85    1.01000000   1.0100   0.4995   3.7914   4.0610   0.0000   0.0000
    9.85    1.01000000   1.0100   0.5017   3.7913   4.0590   0.0000   0.0000
    9.85    1.01100000   1.0110   0.5039   3.7911   4.0560   0.0000   0.0000
    9.85    1.01100000   1.0110   0.5061   3.7910   4.0540   0.0000   0.0000
    9.85    1.01200000   1.0120   0.5084   3.7908   4.0510   0.0000   0.0000
    9.85    1.01200000   1.0120   0.5106   3.7906   4.0480   0.0000   0.0000
    9.85    1.01200000   1.0120   0.5128   3.7905   4.0450   0.0000   0.0000
    9.85    1.01300000   1.0130   0.5151   3.7903   4.0430   0.0000   0.0000
    9.85    1.01300000   1.0130   0.5173   3.7901   4.0400   0.0000   0.0000
    9.85    1.01400000   1.0140   0.5196   3.7899   4.0370   0.0000   0.0000
    9.85    1.01400000   1.0140   0.5219   3.7898   4.0340   0.0000   0.0000
    9.85    1.01500000   1.0150   0.5242   3.7897   4.0320   0.0000   0.0000
    9.85    1.01500000   1.0150   0.5265   3.7895   4.0290   0.0000   0.0000
    9.85    1.01500000   1.0150   0.5289   3.7893   4.0260   0.0000   0.0000
    9.85    1.01600000   1.0160   0.5312   3.7892   4.0230   0.0000   0.0000
    9.85    1.01600000   1.0160   0.5336   3.7890   4.0200   0.0000   0.0000
    9.85    1.01700000   1.0170   0.5359   3.7888   4.0170   0.0000   0.0000
    9.85    1.01700000   1.0170   0.5383   3.7886   4.0140   0.0000   0.0000
    9.85    1.01800000   1.0180   0.5407   3.7884   4.0110   0.0000   0.0000
    9.85    1.01800000   1.0180   0.5431   3.7881   4.0080   0.0000   0.0000
    9.85    1.01800000   1.0180   0.5454   3.7879   4.0050   0.0000   0.0000
    9.85    1.01900000   1.0190   0.5478   3.7876   4.0020   0.0000   0.0000
    9.85    1.01900000   1.0190   0.5502   3.7874   3.9980   0.0000   0.0000
    9.85    1.02000000   1.0200   0.5526   3.7871   3.9950   0.0000   0.0000
    9.85    1.02000000   1.0200   0.5550   3.7868   3.9920   0.0000   0.0000
    9.85    1.02000000   1.0200   0.5575   3.7865   3.9880   0.0000   0.0000
    9.85    1.02100000   1.0210   0.5599   3.7862   3.9850   0.0000   0.0000
    9.85    1.02100000   1.0210   0.5623   3.7859   3.9810   0.0000   0.0000
    9.85    1.02200000   1.0220   0.5647   3.7855   3.9780   0.0000   0.0000
    9.85    1.02200000   1.0220   0.5671   3.7852   3.9740   0.0000   0.0000
    9.85    1.02300000   1.0230   0.5696   3.7848   3.9700   0.0000   0.0000
    9.85    1.02300000   1.0230   0.5720   3.7844   3.9670   0.0000   0.0000
    9.85    1.02300000   1.0230   0.5744   3.7840   3.9630   0.0000   0.0000
    9.85    1.02400000   1.0240   0.5768   3.7836   3.9590   0.0000   0.0000
    9.85    1.02400000   1.0240   0.5791   3.7832   3.9550   0.0000   0.0000
    9.85    1.02500000   1.0250   0.5815   3.7827   3.9510   0.0000   0.0000
    9.85    1.02500000   1.0250   0.5839   3.7822   3.9470   0.0000   0.0000
    9.85    1.02600000   1.0260   0.5862   3.7817   3.9430   0.0000   0.0000
    9.85    1.02600000   1.0260   0.5885   3.7811   3.9380   0.0000   0.0000
    9.85    1.02600000   1.0260   0.5909   3.7806   3.9340   0.0000   0.0000
    9.85    1.02700000   1.0270   0.5931   3.7799   3.9290   0.0000   0.0000
    9.85    1.02700000   1.0270   0.5954   3.7792   3.9240   0.0000   0.0000
    9.85    1.02800000   1.0280   0.5976   3.7786   3.9200   0.0000   0.0000
    9.85    1.02800000   1.0280   0.5998   3.7778   3.9150   0.0000   0.0000
    9.85    1.02900000   1.0290   0.6019   3.7771   3.9100   0.0000   0.0000
    9.85    1.02900000   1.0290   0.6040   3.7763   3.9050   0.0000   0.0000
    9.85    1.02900000   1.0290   0.6060   3.7754   3.8990   0.0000   0.0000
    9.85    1.03000000   1.0300   0.6079   3.7745   3.8940   0.0000   0.0000
    9.85    1.03000000   1.0300   0.6098   3.7736   3.8880   0.0000   0.0000
    9.85    1.03100000   1.0310   0.6115   3.7725   3.8820   0.0000   0.0000
    9.85    1.03100000   1.0310   0.6132   3.7713   3.8760   0.0000   0.0000
    9.85    1.03200000   1.0320   0.6148   3.7702   3.8700   0.0000   0.0000
    9.85    1.03200000   1.0320   0.6160   3.7688   3.8640   0.0000   0.0000
    9.85    1.03200000   1.0320   0.6173   3.7674   3.8570   0.0000   0.0000
    9.85    1.03300000   1.0330   0.6185   3.7660   3.8500   0.0000   0.0000
    9.85    1.03300000   1.0330   0.6189   3.7643   3.8430   0.0000   0.0000
    9.85    1.03400000   1.0340   0.6194   3.7626   3.8360   0.0000   0.0000
    9.85    1.03400000   1.0340   0.6197   3.7608   3.8290   0.0000   0.0000
    9.85    1.03500000   1.0350   0.6192   3.7587   3.8210   0.0000   0.0000
    9.85    1.03500000   1.0350   0.6187   3.7567   3.8140   0.0000   0.0000
    9.85    1.03600000   1.0360   0.6179   3.7546   3.8060   0.0000   0.0000
    9.85    1.03600000   1.0360   0.6161   3.7524   3.8000   0.0000   0.0000
    9.85    1.03600000   1.0360   0.6142   3.7502   3.7930   0.0000   0.0000
    9.85    1.03700000   1.0370   0.6120   3.7478   3.7860   0.0000   0.0000
    9.85    1.03700000   1.0370   0.6089   3.7449   3.7780   0.0000   0.0000
    9.85    1.03800000   1.0380   0.6057   3.7421   3.7700   0.0000   0.0000
    9.85    1.03800000   1.0380   0.6026   3.7391   3.7610   0.0000   0.0000
    9.85    1.03900000   1.0390   0.5994   3.7360   3.7520   0.0000   0.0000
    9.85    1.03900000   1.0390   0.5962   3.7329   3.7430   0.0000   0.0000
    9.85    1.03900000   1.0390   0.5942   3.7299   3.7330   0.0000   0.0000
    9.85    1.04000000   1.0400   0.5931   3.7270   3.7230   0.0000   0.0000
    9.85    1.04000000   1.0400   0.5920   3.7240   3.7120   0.0000   0.0000
    9.85    1.04100000   1.0410   0.5934   3.7215   3.7010   0.0000   0.0000
    9.85    1.04100000   1.0410   0.5958   3.7190   3.6890   0.0000   0.0000
    9.85    1.04200000   1.0420   0.6004   3.7167   3.6750   0.0000   0.0000
    9.85    1.04200000   1.0420   0.6055   3.7145   3.6610   0.0000   0.0000
    9.85    1.04200000   1.0420   0.6130   3.7126   3.6460   0.0000   0.0000
    9.85    1.04300000   1.0430   0.6209   3.7107   3.6310   0.0000   0.0000
    9.85    1.04300000   1.0430   0.6311   3.7092   3.6150   0.0000   0.0000
    9.85    1.04400000   1.0440   0.6415   3.7077   3.5990   0.0000   0.0000
    9.85    1.04400000   1.0440   0.6537   3.7064   3.5820   0.0000   0.0000
    9.85    1.04500000   1.0440   0.6660   3.7051   3.5640   0.0000   0.0000
    9.85    1.04500000   1.0450   0.6799   3.7041   3.5460   0.0000   0.0000
    9.85    1.04600000   1.0450   0.6941   3.7031   3.5280   0.0000   0.0000
    9.85    1.04600000   1.0460   0.7093   3.7022   3.5100   0.0000   0.0000
    9.85    1.04600000   1.0460   0.7249   3.7013   3.4910   0.0000   0.0000
    9.85    1.04700000   1.0460   0.7415   3.7006   3.4720   0.0000   0.0000
    9.85    1.04700000   1.0470   0.7584   3.6999   3.4520   0.0000   0.0000
    9.85    1.04800000   1.0470   0.7761   3.6992   3.4320   0.0000   0.0000
    9.85    1.04800000   1.0480   0.7945   3.6986   3.4110   0.0000   0.0000
    9.85    1.04900000   1.0480   0.8138   3.6978   3.3890   0.0000   0.0000
    9.85    1.04900000   1.0480   0.8339   3.6971   3.3660   0.0000   0.0000
    9.85    1.04900000   1.0490   0.8547   3.6964   3.3420   0.0000   0.0000
    9.85    1.05000000   1.0490   0.8768   3.6956   3.3170   0.0000   0.0000
    9.85    1.05000000   1.0500   0.8996   3.6948   3.2910   0.0000   0.0000
    9.85    1.05100000   1.0500   0.9239   3.6940   3.2640   0.0000   0.0000
    9.85    1.05100000   1.0500   0.9488   3.6932   3.2360   0.0000   0.0000
    9.85    1.05200000   1.0510   0.9757   3.6923   3.2060   0.0000   0.0000
    9.85    1.05200000   1.0510   1.0031   3.6913   3.1750   0.0000   0.0000
    9.85    1.05300000   1.0510   1.0332   3.6903   3.1410   0.0000   0.0000
    9.85    1.05300000   1.0520   1.0639   3.6893   3.1060   0.0000   0.0000
    9.85    1.05300000   1.0520   1.0984   3.6881   3.0670   0.0000   0.0000
    9.85    1.05400000   1.0520   1.1334   3.6868   3.0270   0.0000   0.0000
    9.85    1.05400000   1.0530   1.1735   3.6850   2.9800   0.0000   0.0000
    9.85    1.05500000   1.0530   1.2146   3.6832   2.9320   0.0000   0.0000
    9.85    1.05500000   1.0530   1.2618   3.6812   2.8770   0.0000   0.0000
    9.85    1.05600000   1.0530   1.3103   3.6791   2.8200   0.0000   0.0000
    9.85    1.05600000   1.0540   1.3634   3.6764   2.7560   0.0000   0.0000
    9.85    1.05600000   1.0540   1.4130   3.6738   2.6960   0.0000   0.0000
    9.85    1.05700000   1.0540   1.4550   3.6716   2.6450   0.0000   0.0000
# log(age) Mini Mact logl logt logg Composition Phase
    9.90    0.80000000   0.8000  -0.2518   3.7474   4.5360   0.0000   0.0000
    9.90    0.88400000   0.8840   0.0446   3.7765   4.3990   0.0000   0.0000
    9.90    0.93000000   0.9300   0.2200   3.7868   4.2870   0.0000   0.0000
    9.90    0.93100000   0.9310   0.2215   3.7869   4.2860   0.0000   0.0000
    9.90    0.93100000   0.9310   0.2230   3.7869   4.2850   0.0000   0.0000
    9.90    0.93100000   0.9310   0.2246   3.7870   4.2830   0.0000   0.0000
    9.90    0.93200000   0.9320   0.2262   3.7870   4.2820   0.0000   0.0000
    9.90    0.93200000   0.9320   0.2277   3.7871   4.2810   0.0000   0.0000
    9.90    0.93200000   0.9320   0.2293   3.7871   4.2800   0.0000   0.0000
    9.90    0.93300000   0.9330   0.2309   3.7872   4.2790   0.0000   0.0000
    9.90    0.93300000   0.9330   0.2324   3.7872   4.2770   0.0000   0.0000
    9.90    0.93400000   0.9340   0.2340   3.7873   4.2760   0.0000   0.0000
    9.90    0.93400000   0.9340   0.2356   3.7873   4.2750   0.0000   0.0000
    9.90    0.93400000   0.9340   0.2372   3.7874   4.2740   0.0000   0.0000
    9.90    0.93500000   0.9350   0.2388   3.7874   4.2730   0.0000   0.0000
    9.90    0.93500000   0.9350   0.2404   3.7875   4.2710   0.0000   0.0000
    9.90    0.93600000   0.9360   0.2420   3.7875   4.2700   0.0000   0.0000
    9.90    0.93600000   0.9360   0.2436   3.7876   4.2690   0.0000   0.0000
    9.90    0.93600000   0.9360   0.2453   3.7876   4.2680   0.0000   0.0000
    9.90    0.93700000   0.9370   0.2469   3.7877   4.2660   0.0000   0.0000
    9.90    0.93700000   0.9370   0.2485   3.7877   4.2650   0.0000   0.0000
    9.90    0.93800000   0.9380   0.2502   3.7878   4.2640   0.0000   0.0000
    9.90    0.93800000   0.9380   0.2518   3.7878   4.2630   0.0000   0.0000
    9.90    0.93800000   0.9380   0.2535   3.7879   4.2610   0.0000   0.0000
    9.90    0.93900000   0.9390   0.2551   3.7879   4.2600   0.0000   0.0000
    9.90    0.93900000   0.9390   0.2567   3.7880   4.2590   0.0000   0.0000
    9.90    0.94000000   0.9400   0.2584   3.7880   4.2580   0.0000   0.0000
    9.90    0.94000000   0.9400   0.2601   3.7881   4.2560   0.0000   0.0000
    9.90    0.94000000   0.9400   0.2617   3.7881   4.2550   0.0000   0.0000
    9.90    0.94100000   0.9410   0.2634   3.7882   4.2540   0.0000   0.0000
    9.90    0.94100000   0.9410   0.2651   3.7882   4.2520   0.0000   0.0000
    9.90    0.94100000   0.9410   0.2667   3.7883   4.2510   0.0000   0.0000
    9.90    0.94200000   0.9420   0.2684   3.7883   4.2500   0.0000   0.0000
    9.90    0.94200000   0.9420   0.2701   3.7884   4.2490   0.0000   0.0000
    9.90    0.94300000   0.9430   0.2717   3.7884   4.2470   0.0000   0.0000
    9.90    0.94300000   0.9430   0.2734   3.7884   4.2460   0.0000   0.0000
    9.90    0.94300000   0.9430   0.2751   3.7885   4.2450   0.0000   0.0000
    9.90    0.94400000   0.9440   0.2768   3.7885   4.2430   0.0000   0.0000
    9.90    0.94400000   0.9440   0.2786   3.7886   4.2420   0.0000   0.0000
    9.90    0.94500000   0.9450   0.2803   3.7886   4.2400   0.0000   0.0000
    9.90    0.94500000   0.9450   0.2820   3.7887   4.2390   0.0000   0.0000
    9.90    0.94500000   0.9450   0.2838   3.7887   4.2380   0.0000   0.0000
    9.90    0.94600000   0.9460   0.2855   3.7888   4.2360   0.0000   0.0000
    9.90    0.94600000   0.9460   0.2872   3.7888   4.2350   0.0000   0.0000
    9.90    0.94700000   0.9470   0.2890   3.7888   4.2340   0.0000   0.0000
    9.90    0.94700000   0.9470   0.2907   3.7889   4.2320   0.0000   0.0000
    9.90    0.94700000   0.9470   0.2924   3.7889   4.2310   0.0000   0.0000
    9.90    0.94800000   0.9480   0.2942   3.7890   4.2290   0.0000   0.0000
    9.90    0.94800000   0.9480   0.2959   3.7890   4.2280   0.0000   0.0000
    9.90    0.94900000   0.9490   0.2977   3.7890   4.2260   0.0000   0.0000
    9.90    0.94900000   0.9490   0.2995   3.7891   4.2250   0.0000   0.0000
    9.90    0.94900000   0.9490   0.3012   3.7891   4.2240   0.0000   0.0000
    9.90    0.95000000   0.9500   0.3030   3.7891   4.2220   0.0000   0.0000
    9.90    0.95000000   0.9500   0.3048   3.7892   4.2210   0.0000   0.0000
    9.90    0.95100000   0.9510   0.3066   3.7892   4.2190   0.0000   0.0000
    9.90    0.95100000   0.9510   0.3083   3.7893   4.2180   0.0000   0.0000
    9.90    0.95100000   0.9510   0.3101   3.7893   4.2160   0.0000   0.0000
    9.90    0.95200000   0.9520   0.3119   3.7893   4.2150   0.0000   0.0000
    9.90    0.95200000   0.9520   0.3137   3.7894   4.2130   0.0000   0.0000
    9.90    0.95300000   0.9530   0.3155   3.7894   4.2120   0.0000   0.0000
    9.90    0.95300000   0.9530   0.3173   3.7894   4.2100   0.0000   0.0000
    9.90    0.95300000   0.9530   0.3192   3.7895   4.2090   0.0000   0.0000
    9.90    0.95400000   0.9540   0.3210   3.7895   4.2070   0.0000   0.0000
    9.90    0.95400000   0.9540   0.3228   3.7895   4.2060   0.0000   0.0000
    9.90    0.95500000   0.9550   0.3247   3.7895   4.2040   0.0000   0.0000
    9.90    0.95500000   0.9550   0.3265   3.7896   4.2030   0.0000   0.0000
    9.90    0.95500000   0.9550   0.3283   3.7896   4.2010   0.0000   0.0000
    9.90    0.95600000   0.9560   0.3302   3.7896   4.2000   0.0000   0.0000
    9.90    0.95600000   0.9560   0.3320   3.7896   4.1980   0.0000   0.0000
    9.90    0.95700000   0.9570   0.3339   3.7896   4.1960   0.0000   0.0000
    9.90    0.95700000   0.9570   0.3358   3.7897   4.1950   0.0000   0.0000
    9.90    0.95700000   0.9570   0.3377   3.7897   4.1930   0.0000   0.0000
    9.90    0.95800000   0.9580   0.3395   3.7897   4.1910   0.0000   0.0000
    9.90    0.95800000   0.9580   0.3414   3.7897   4.1900   0.0000   0.0000
    9.90    0.95900000   0.9590   0.3433   3.7897   4.1880   0.0000   0.0000
    9.90    0.95900000   0.9590   0.3452   3.7897   4.1860   0.0000   0.0000
    9.90    0.95900000   0.9590   0.3471   3.7897   4.1850   0.0000   0.0000
    9.90    0.96000000   0.9600   0.3490   3.7897   4.1830   0.0000   0.0000
    9.90    0.96000000   0.9600   0.3510   3.7897   4.1810   0.0000   0.0000
    9.90    0.96100000   0.9610   0.3529   3.7897   4.1800   0.0000   0.0000
    9.90    0.96100000   0.9610   0.3548   3.7897   4.1780   0.0000   0.0000
    9.90    0.96100000   0.9610   0.3567   3.7897   4.1760   0.0000   0.0000
    9.90    0.96200000   0.9620   0.3587   3.7897   4.1740   0.0000   0.0000
    9.90    0.96200000   0.9620   0.3606   3.7897   4.1720   0.0000   0.0000
    9.90    0.96300000   0.9630   0.3626   3.7897   4.1710   0.0000   0.0000
    9.90    0.96300000   0.9630   0.3646   3.7897   4.1690   0.0000   0.0000
    9.90    0.96300000   0.9630   0.3665   3.7897   4.1670   0.0000   0.0000
    9.90    0.96400000   0.9640   0.3685   3.7896   4.1650   0.0000   0.0000
    9.90    0.96400000   0.9640   0.3705   3.7896   4.1630   0.0000   0.0000
    9.90    0.96500000   0.9650   0.3725   3.7896   4.1610   0.0000   0.0000
    9.90    0.96500000   0.9650   0.3745   3.7896   4.1590   0.0000   0.0000
    9.90    0.96500000   0.9650   0.3765   3.7896   4.1570   0.0000   0.0000
    9.90    0.96600000   0.9660   0.3785   3.7896   4.1560   0.0000   0.0000
    9.90    0.96600000   0.9660   0.3806   3.7895   4.1540   0.0000   0.0000
    9.90    0.96700000   0.9670   0.3826   3.7895   4.1520   0.0000   0.0000
    9.90    0.96700000   0.9670   0.3846   3.7895   4.1500   0.0000   0.0000
    9.90    0.96700000   0.9670   0.3867   3.7894   4.1480   0.0000   0.0000
    9.90    0.96800000   0.9680   0.3888   3.7894   4.1460   0.0000   0.0000
    9.90    0.96800000   0.9680   0.3908   3.7893   4.1430   0.0000   0.0000
    9.90    0.96900000   0.9690   0.3929   3.7893   4.1410   0.0000   0.0000
    9.90    0.96900000   0.9690   0.3950   3.7892   4.1390   0.0000   0.0000
    9.90    0.96900000   0.9690   0.3970   3.7892   4.1370   0.0000   0.0000
    9.90    0.97000000   0.9700   0.3991   3.7891   4.1350   0.0000   0.0000
    9.90    0.97000000   0.9700   0.4012   3.7891   4.1330   0.0000   0.0000
    9.90    0.97100000   0.9710   0.4034   3.7890   4.1310   0.0000   0.0000
    9.90    0.97100000   0.9710   0.4055   3.7890   4.1290   0.0000   0.0000
    9.90    0.97100000   0.9710   0.4076   3.7889   4.1260   0.0000   0.0000
    9.90    0.97200000   0.9720   0.4097   3.7888   4.1240   0.0000   0.0000
    9.90    0.97200000   0.9720   0.4119   3.7888   4.1220   0.0000   0.0000
    9.90    0.97300000   0.9730   0.4140   3.7887   4.1200   0.0000   0.0000
    9.90    0.97300000   0.9730   0.4162   3.7886   4.1170   0.0000   0.0000
    9.90    0.97300000   0.9730   0.4184   3.7885   4.1150   0.0000   0.0000
    9.90    0.97400000   0.9740   0.4206   3.7884   4.1130   0.0000   0.0000
    9.90    0.97400000   0.9740   0.4227   3.7883   4.1100   0.0000   0.0000
    9.90    0.97500000   0.9750   0.4249   3.7882   4.1080   0.0000   0.0000
    9.90    0.97500000   0.9750   0.4272   3.7881   4.1050   0.0000   0.0000
    9.90    0.97500000   0.9750   0.4294   3.7880   4.1030   0.0000   0.0000
    9.90    0.97600000   0.9760   0.4316   3.7879   4.1010   0.0000   0.0000
    9.90    0.97600000   0.9760   0.4338   3.7878   4.0980   0.0000   0.0000
    9.90    0.97700000   0.9770   0.4361   3.7877   4.0950   0.0000   0.0000
    9.90    0.97700000   0.9770   0.4383   3.7876   4.0930   0.0000   0.0000
    9.90    0.97800000   0.9780   0.4406   3.7875   4.0900   0.0000   0.0000
    9.90    0.97800000   0.9780   0.4429   3.7873   4.0880   0.0000   0.0000
    9.90    0.97800000   0.9780   0.4451   3.7872   4.0850   0.0000   0.0000
    9.90    0.97900000   0.9790   0.4474   3.7870   4.0820   0.0000   0.0000
    9.90    0.97900000   0.9790   0.4497   3.7869   4.0800   0.0000   0.0000
    9.90    0.98000000   0.9800   0.4520   3.7867   4.0770   0.0000   0.0000
    9.90    0.98000000   0.9800   0.4543   3.7866   4.0740   0.0000   0.0000
    9.90    0.98000000   0.9800   0.4567   3.7864   4.0710   0.0000   0.0000
    9.90    0.98100000   0.9810   0.4590   3.7862   4.0680   0.0000   0.0000
    9.90    0.98100000   0.9810   0.4613   3.7860   4.0650   0.0000   0.0000
    9.90    0.98200000   0.9820   0.4637   3.7858   4.0630   0.0000   0.0000
    9.90    0.98200000   0.9820   0.4660   3.7856   4.0590   0.0000   0.0000
    9.90    0.98200000   0.9820   0.4684   3.7854   4.0560   0.0000   0.0000
    9.90    0.98300000   0.9830   0.4708   3.7852   4.0530   0.0000   0.0000
    9.90    0.98300000   0.9830   0.4732   3.7850   4.0510   0.0000   0.0000
    9.90    0.98400000   0.9840   0.4756   3.7849   4.0480   0.0000   0.0000
    9.90    0.98400000   0.9840   0.4781   3.7847   4.0450   0.0000   0.0000
    9.90    0.98500000   0.9850   0.4805   3.7845   4.0420   0.0000   0.0000
    9.90    0.98500000   0.9850   0.4830   3.7843   4.0390   0.0000   0.0000
    9.90    0.98500000   0.9850   0.4855   3.7841   4.0350   0.0000   0.0000
    9.90    0.98600000   0.9860   0.4880   3.7838   4.0320   0.0000   0.0000
    9.90    0.98600000   0.9860   0.4904   3.7836   4.0290   0.0000   0.0000
    9.90    0.98700000   0.9870   0.4929   3.7834   4.0260   0.0000   0.0000
    9.90    0.98700000   0.9870   0.4954   3.7831   4.0220   0.0000   0.0000
    9.90    0.98700000   0.9870   0.4980   3.7828   4.0190   0.0000   0.0000
    9.90    0.98800000   0.9880   0.5005   3.7825   4.0150   0.0000   0.0000
    9.90    0.98800000   0.9880   0.5030   3.7822   4.0120   0.0000   0.0000
    9.90    0.98900000   0.9890   0.5055   3.7819   4.0080   0.0000   0.0000
    9.90    0.98900000   0.9890   0.5081   3.7816   4.0050   0.0000   0.0000
    9.90    0.98900000   0.9890   0.5106   3.7813   4.0010   0.0000   0.0000
    9.90    0.99000000   0.9900   0.5132   3.7809   3.9970   0.0000   0.0000
    9.90    0.99000000   0.9900   0.5157   3.7805   3.9930   0.0000   0.0000
    9.90    0.99100000   0.9910   0.5183   3.7802   3.9890   0.0000   0.0000
    9.90    0.99100000   0.9910   0.5208   3.7798   3.9850   0.0000   0.0000
    9.90    0.99200000   0.9920   0.5234   3.7794   3.9810   0.0000   0.0000
    9.90    0.99200000   0.9920   0.5259   3.7790   3.9770   0.0000   0.0000
    9.90    0.99200000   0.9920   0.5284   3.7785   3.9730   0.0000   0.0000
    9.90    0.99300000   0.9930   0.5309   3.7780   3.9690   0.0000   0.0000
    9.90    0.99300000   0.9930   0.5334   3.7775   3.9650   0.0000   0.0000
    9.90    0.99400000   0.9940   0.5359   3.7770   3.9600   0.0000   0.0000
    9.90    0.99400000   0.9940   0.5384   3.7764   3.9560   0.0000   0.0000
    9.90    0.99400000   0.9940   0.5408   3.7758   3.9510   0.0000   0.0000
    9.90    0.99500000   0.9950   0.5432   3.7752   3.9460   0.0000   0.0000
    9.90    0.99500000   0.9950   0.5457   3.7745   3.9410   0.0000   0.0000
    9.90    0.99600000   0.9960   0.5479   3.7737   3.9360   0.0000   0.0000
    9.90    0.99600000   0.9960   0.5502   3.7730   3.9310   0.0000   0.0000
    9.90    0.99600000   0.9960   0.5524   3.7721   3.9260   0.0000   0.0000
    9.90    0.99700000   0.9970   0.5545   3.7712   3.9200   0.0000   0.0000
    9.90    0.99700000   0.9970   0.5565   3.7702   3.9140   0.0000   0.0000
    9.90    0.99800000   0.9980   0.5585   3.7692   3.9080   0.0000   0.0000
    9.90    0.99800000   0.9980   0.5603   3.7680   3.9020   0.0000   0.0000
    9.90    0.99900000   0.9990   0.5621   3.7668   3.8950   0.0000   0.0000
    9.90    0.99900000   0.9990   0.5637   3.7655   3.8890   0.0000   0.0000
    9.90    0.99900000   0.9990   0.5653   3.7641   3.8820   0.0000   0.0000
    9.90    1.00000000   1.0000   0.5669   3.7626   3.8750   0.0000   0.0000
    9.90    1.00000000   1.0000   0.5679   3.7611   3.8680   0.0000   0.0000
    9.90    1.00100000   1.0010   0.5690   3.7596   3.8610   0.0000   0.0000
    9.90    1.00100000   1.0010   0.5700   3.7581   3.8540   0.0000   0.0000
    9.90    1.00200000   1.0020   0.5703   3.7564   3.8470   0.0000   0.0000
    9.90    1.00200000   1.0020   0.5706   3.7546   3.8400   0.0000   0.0000
    9.90    1.00200000   1.0020   0.5707   3.7529   3.8330   0.0000   0.0000
    9.90    1.00300000   1.0030   0.5701   3.7510   3.8260   0.0000   0.0000
    9.90    1.00300000   1.0030   0.5694   3.7491   3.8200   0.0000   0.0000
    9.90    1.00400000   1.0040   0.5683   3.7470   3.8120   0.0000   0.0000
    9.90    1.00400000   1.0040   0.5665   3.7442   3.8030   0.0000   0.0000
    9.90    1.00400000   1.0040   0.5646   3.7414   3.7940   0.0000   0.0000
    9.90    1.00500000   1.0050   0.5626   3.7385   3.7840   0.0000   0.0000
    9.90    1.00500000   1.0050   0.5606   3.7356   3.7750   0.0000   0.0000
    9.90    1.00600000   1.0060   0.5585   3.7327   3.7660   0.0000   0.0000
    9.90    1.00600000   1.0060   0.5572   3.7298   3.7550   0.0000   0.0000
    9.90    1.00700000   1.0070   0.5566   3.7269   3.7450   0.0000   0.0000
    9.90    1.00700000   1.0070   0.5559   3.7239   3.7340   0.0000   0.0000
    9.90    1.00700000   1.0070   0.5575   3.7213   3.7220   0.0000   0.0000
    9.90    1.00800000   1.0080   0.5598   3.7188   3.7100   0.0000   0.0000
    9.90    1.00800000   1.0080   0.5643   3.7164   3.6960   0.0000   0.0000
    9.90    1.00900000   1.0090   0.5693   3.7141   3.6820   0.0000   0.0000
    9.90    1.00900000   1.0090   0.5768   3.7121   3.6660   0.0000   0.0000
    9.90    1.00900000   1.0090   0.5849   3.7102   3.6510   0.0000   0.0000
    9.90    1.01000000   1.0100   0.5950   3.7085   3.6340   0.0000   0.0000
    9.90    1.01000000   1.0100   0.6058   3.7068   3.6170   0.0000   0.0000
    9.90    1.01100000   1.0110   0.6178   3.7053   3.5990   0.0000   0.0000
    9.90    1.01100000   1.0110   0.6309   3.7040   3.5810   0.0000   0.0000
    9.90    1.01200000   1.0110   0.6450   3.7029   3.5620   0.0000   0.0000
    9.90    1.01200000   1.0120   0.6601   3.7019   3.5440   0.0000   0.0000
    9.90    1.01200000   1.0120   0.6756   3.7010   3.5250   0.0000   0.0000
    9.90    1.01300000   1.0130   0.6924   3.7002   3.5050   0.0000   0.0000
    9.90    1.01300000   1.0130   0.7094   3.6995   3.4850   0.0000   0.0000
    9.90    1.01400000   1.0130   0.7274   3.6988   3.4650   0.0000   0.0000
    9.90    1.01400000   1.0140   0.7457   3.6982   3.4440   0.0000   0.0000
    9.90    1.01500000   1.0140   0.7656   3.6974   3.4210   0.0000   0.0000
    9.90    1.01500000   1.0140   0.7861   3.6967   3.3980   0.0000   0.0000
    9.90    1.01500000   1.0150   0.8076   3.6961   3.3740   0.0000   0.0000
    9.90    1.01600000   1.0150   0.8302   3.6954   3.3490   0.0000   0.0000
    9.90    1.01600000   1.0160   0.8539   3.6946   3.3220   0.0000   0.0000
    9.90    1.01700000   1.0160   0.8787   3.6937   3.2940   0.0000   0.0000
    9.90    1.01700000   1.0160   0.9042   3.6929   3.2660   0.0000   0.0000
    9.90    1.01800000   1.0170   0.9317   3.6919   3.2340   0.0000   0.0000
    9.90    1.01800000   1.0170   0.9596   3.6908   3.2020   0.0000   0.0000
    9.90    1.01800000   1.0170   0.9907   3.6898   3.1670   0.0000   0.0000
    9.90    1.01900000   1.0180   1.0226   3.6888   3.1310   0.0000   0.0000
    9.90    1.01900000   1.0180   1.0577   3.6877   3.0920   0.0000   0.0000
    9.90    1.02000000   1.0180   1.0948   3.6864   3.0490   0.0000   0.0000
    9.90    1.02000000   1.0190   1.1355   3.6848   3.0030   0.0000   0.0000
    9.90    1.02000000   1.0190   1.1797   3.6830   2.9510   0.0000   0.0000
    9.90    1.02100000   1.0190   1.2269   3.6811   2.8970   0.0000   0.0000
    9.90    1.02100000   1.0190   1.2790   3.6787   2.8350   0.0000   0.0000
    9.90    1.02200000   1.0190   1.3332   3.6761   2.7700   0.0000   0.0000
    9.90    1.02200000   1.0190   1.3854   3.6734   2.7070   0.0000   0.0000
# log(age) Mini Mact logl logt logg Composition Phase
    9.95    0.80000000   0.8000  -0.2257   3.7493   4.5170   0.0000   0.0000
    9.95    0.88400000   0.8840   0.0932   3.7778   4.3550   0.0000   0.0000
    9.95    0.90500000   0.9050   0.1786   3.7822   4.2980   0.0000   0.0000
    9.95    0.90600000   0.9060   0.1802   3.7822   4.2970   0.0000   0.0000
    9.95    0.90600000   0.9060   0.1818   3.7823   4.2950   0.0000   0.0000
    9.95    0.90600000   0.9060   0.1834   3.7823   4.2940   0.0000   0.0000
    9.95    0.90700000   0.9070   0.1850   3.7824   4.2930   0.0000   0.0000
    9.95    0.90700000   0.9070   0.1867   3.7824   4.2920   0.0000   0.0000
    9.95    0.90800000   0.9080   0.1883   3.7825   4.2900   0.0000   0.0000
    9.95    0.90800000   0.9080   0.1899   3.7825   4.2890   0.0000   0.0000
    9.95    0.90800000   0.9080   0.1916   3.7826   4.2880   0.0000   0.0000
    9.95    0.90900000   0.9090   0.1932   3.7826   4.2870   0.0000   0.0000
    9.95    0.90900000   0.9090   0.1948   3.7827   4.2850   0.0000   0.0000
    9.95    0.90900000   0.9090   0.1965   3.7827   4.2840   0.0000   0.0000
    9.95    0.91000000   0.9100   0.1982   3.7828   4.2830   0.0000   0.0000
    9.95    0.91000000   0.9100   0.1998   3.7828   4.2820   0.0000   0.0000
    9.95    0.91100000   0.9110   0.2015   3.7829   4.2800   0.0000   0.0000
    9.95    0.91100000   0.9110   0.2032   3.7829   4.2790   0.0000   0.0000
    9.95    0.91100000   0.9110   0.2049   3.7830   4.2780   0.0000   0.0000
    9.95    0.91200000   0.9120   0.2066   3.7830   4.2760   0.0000   0.0000
    9.95    0.91200000   0.9120   0.2083   3.7831   4.2750   0.0000   0.0000
    9.95    0.91200000   0.9120   0.2100   3.7831   4.2740   0.0000   0.0000
    9.95    0.91300000   0.9130   0.2117   3.7832   4.2720   0.0000   0.0000
    9.95    0.91300000   0.9130   0.2134   3.7832   4.2710   0.0000   0.0000
    9.95    0.91400000   0.9140   0.2151   3.7833   4.2700   0.0000   0.0000
    9.95    0.91400000   0.9140   0.2168   3.7833   4.2680   0.0000   0.0000
    9.95    0.91400000   0.9140   0.2186   3.7834   4.2670   0.0000   0.0000
    9.95    0.91500000   0.9150   0.2203   3.7834   4.2660   0.0000   0.0000
    9.95    0.91500000   0.9150   0.2221   3.7834   4.2640   0.0000   0.0000
    9.95    0.91600000   0.9160   0.2238   3.7835   4.2630   0.0000   0.0000
    9.95    0.91600000   0.9160   0.2255   3.7835   4.2610   0.0000   0.0000
    9.95    0.91600000   0.9160   0.2272   3.7836   4.2600   0.0000   0.0000
    9.95    0.91700000   0.9170   0.2290   3.7836   4.2590   0.0000   0.0000
    9.95    0.91700000   0.9170   0.2307   3.7837   4.2570   0.0000   0.0000
    9.95    0.91700000   0.9170   0.2324   3.7837   4.2560   0.0000   0.0000
    9.95    0.91800000   0.9180   0.2342   3.7838   4.2550   0.0000   0.0000
    9.95    0.91800000   0.9180   0.2360   3.7838   4.2530   0.0000   0.0000
    9.95    0.91900000   0.9190   0.2378   3.7839   4.2520   0.0000   0.0000
    9.95    0.91900000   0.9190   0.2396   3.7839   4.2500   0.0000   0.0000
    9.95    0.91900000   0.9190   0.2414   3.7840   4.2490   0.0000   0.0000
    9.95    0.92000000   0.9200   0.2432   3.7840   4.2470   0.0000   0.0000
    9.95    0.92000000   0.9200   0.2450   3.7841   4.2460   0.0000   0.0000
    9.95    0.92000000   0.9200   0.2468   3.7841   4.2450   0.0000   0.0000
    9.95    0.92100000   0.9210   0.2486   3.7841   4.2430   0.0000   0.0000
    9.95    0.92100000   0.9210   0.2504   3.7842   4.2420   0.0000   0.0000
    9.95    0.92200000   0.9220   0.2522   3.7842   4.2400   0.0000   0.0000
    9.95    0.92200000   0.9220   0.2540   3.7843   4.2390   0.0000   0.0000
    9.95    0.92200000   0.9220   0.2558   3.7843   4.2370   0.0000   0.0000
    9.95    0.92300000   0.9230   0.2577   3.7843   4.2360   0.0000   0.0000
    9.95    0.92300000   0.9230   0.2595   3.7844   4.2340   0.0000   0.0000
    9.95    0.92400000   0.9240   0.2614   3.7844   4.2330   0.0000   0.0000
    9.95    0.92400000   0.9240   0.2632   3.7844   4.2310   0.0000   0.0000
    9.95    0.92400000   0.9240   0.2650   3.7845   4.2300   0.0000   0.0000
    9.95    0.92500000   0.9250   0.2669   3.7845   4.2280   0.0000   0.0000
    9.95    0.92500000   0.9250   0.2688   3.7846   4.2270   0.0000   0.0000
    9.95    0.92600000   0.9260   0.2706   3.7846   4.2250   0.0000   0.0000
    9.95    0.92600000   0.9260   0.2725   3.7847   4.2240   0.0000   0.0000
    9.95    0.92600000   0.9260   0.2744   3.7847   4.2220   0.0000   0.0000
    9.95    0.92700000   0.9270   0.2763   3.7847   4.2210   0.0000   0.0000
    9.95    0.92700000   0.9270   0.2782   3.7848   4.2190   0.0000   0.0000
    9.95    0.92700000   0.9270   0.2801   3.7848   4.2170   0.0000   0.0000
    9.95    0.92800000   0.9280   0.2820   3.7848   4.2160   0.0000   0.0000
    9.95    0.92800000   0.9280   0.2839   3.7849   4.2140   0.0000   0.0000
    9.95    0.92900000   0.9290   0.2858   3.7849   4.2130   0.0000   0.0000
    9.95    0.92900000   0.9290   0.2877   3.7849   4.2110   0.0000   0.0000
    9.95    0.92900000   0.9290   0.2897   3.7850   4.2090   0.0000   0.0000
    9.95    0.93000000   0.9300   0.2916   3.7850   4.2080   0.0000   0.0000
    9.95    0.93000000   0.9300   0.2935   3.7850   4.2060   0.0000   0.0000
    9.95    0.93100000   0.9310   0.2955   3.7850   4.2040   0.0000   0.0000
    9.95    0.93100000   0.9310   0.2974   3.7851   4.2030   0.0000   0.0000
    9.95    0.93100000   0.9310   0.2994   3.7851   4.2010   0.0000   0.0000
    9.95    0.93200000   0.9320   0.3014   3.7851   4.1990   0.0000   0.0000
    9.95    0.93200000   0.9320   0.3033   3.7851   4.1970   0.0000   0.0000
    9.95    0.93200000   0.9320   0.3053   3.7851   4.1960   0.0000   0.0000
    9.95    0.93300000   0.9330   0.3073   3.7851   4.1940   0.0000   0.0000
    9.95    0.93300000   0.9330   0.3093   3.7851   4.1920   0.0000   0.0000
    9.95    0.93400000   0.9340   0.3113   3.7851   4.1900   0.0000   0.0000
    9.95    0.93400000   0.9340   0.3133   3.7851   4.1880   0.0000   0.0000
    9.95    0.93400000   0.9340   0.3154   3.7851   4.1870   0.0000   0.0000
    9.95    0.93500000   0.9350   0.3174   3.7851   4.1850   0.0000   0.0000
    9.95    0.93500000   0.9350   0.3194   3.7851   4.1830   0.0000   0.0000
    9.95    0.93600000   0.9360   0.3215   3.7851   4.1810   0.0000   0.0000
    9.95    0.93600000   0.9360   0.3235   3.7851   4.1790   0.0000   0.0000
    9.95    0.93600000   0.9360   0.3256   3.7851   4.1770   0.0000   0.0000
    9.95    0.93700000   0.9370   0.3277   3.7851   4.1750   0.0000   0.0000
    9.95    0.93700000   0.9370   0.3297   3.7851   4.1730   0.0000   0.0000
    9.95    0.93800000   0.9380   0.3318   3.7850   4.1710   0.0000   0.0000
    9.95    0.93800000   0.9380   0.3339   3.7850   4.1690   0.0000   0.0000
    9.95    0.93800000   0.9380   0.3360   3.7850   4.1670   0.0000   0.0000
    9.95    0.93900000   0.9390   0.3381   3.7850   4.1650   0.0000   0.0000
    9.95    0.93900000   0.9390   0.3402   3.7850   4.1630   0.0000   0.0000
    9.95    0.94000000   0.9400   0.3423   3.7849   4.1610   0.0000   0.0000
    9.95    0.94000000   0.9400   0.3445   3.7849   4.1590   0.0000   0.0000
    9.95    0.94000000   0.9400   0.3466   3.7848   4.1570   0.0000   0.0000
    9.95    0.94100000   0.9410   0.3488   3.7848   4.1550   0.0000   0.0000
    9.95    0.94100000   0.9410   0.3509   3.7847   4.1530   0.0000   0.0000
    9.95    0.94100000   0.9410   0.3531   3.7847   4.1500   0.0000   0.0000
    9.95    0.94200000   0.9420   0.3553   3.7846   4.1480   0.0000   0.0000
    9.95    0.94200000   0.9420   0.3575   3.7846   4.1460   0.0000   0.0000
    9.95    0.94300000   0.9430   0.3597   3.7845   4.1440   0.0000   0.0000
    9.95    0.94300000   0.9430   0.3619   3.7844   4.1410   0.0000   0.0000
    9.95    0.94300000   0.9430   0.3641   3.7844   4.1390   0.0000   0.0000
    9.95    0.94400000   0.9440   0.3663   3.7843   4.1370   0.0000   0.0000
    9.95    0.94400000   0.9440   0.3685   3.7842   4.1340   0.0000   0.0000
    9.95    0.94500000   0.9450   0.3708   3.7841   4.1320   0.0000   0.0000
    9.95    0.94500000   0.9450   0.3730   3.7841   4.1300   0.0000   0.0000
    9.95    0.94500000   0.9450   0.3753   3.7840   4.1270   0.0000   0.0000
    9.95    0.94600000   0.9460   0.3775   3.7839   4.1250   0.0000   0.0000
    9.95    0.94600000   0.9460   0.3798   3.7838   4.1220   0.0000   0.0000
    9.95    0.94700000   0.9470   0.3821   3.7837   4.1200   0.0000   0.0000
    9.95    0.94700000   0.9470   0.3844   3.7836   4.1170   0.0000   0.0000
    9.95    0.94700000   0.9470   0.3867   3.7835   4.1150   0.0000   0.0000
    9.95    0.94800000   0.9480   0.3890   3.7834   4.1120   0.0000   0.0000
    9.95    0.94800000   0.9480   0.3913   3.7832   4.1090   0.0000   0.0000
    9.95    0.94900000   0.9490   0.3937   3.7831   4.1070   0.0000   0.0000
    9.95    0.94900000   0.9490   0.3960   3.7830   4.1040   0.0000   0.0000
    9.95    0.94900000   0.9490   0.3984   3.7828   4.1010   0.0000   0.0000
    9.95    0.95000000   0.9500   0.4008   3.7827   4.0990   0.0000   0.0000
    9.95    0.95000000   0.9500   0.4031   3.7825   4.0960   0.0000   0.0000
    9.95    0.95100000   0.9510   0.4055   3.7824   4.0930   0.0000   0.0000
    9.95    0.95100000   0.9510   0.4079   3.7822   4.0900   0.0000   0.0000
    9.95    0.95100000   0.9510   0.4103   3.7821   4.0870   0.0000   0.0000
    9.95    0.95200000   0.9520   0.4127   3.7819   4.0840   0.0000   0.0000
    9.95    0.95200000   0.9520   0.4151   3.7817   4.0810   0.0000   0.0000
    9.95    0.95300000   0.9530   0.4176   3.7815   4.0780   0.0000   0.0000
    9.95    0.95300000   0.9530   0.4200   3.7813   4.0750   0.0000   0.0000
    9.95    0.95300000   0.9530   0.4225   3.7811   4.0720   0.0000   0.0000
    9.95    0.95400000   0.9540   0.4249   3.7808   4.0690   0.0000   0.0000
    9.95    0.95400000   0.9540   0.4274   3.7806   4.0660   0.0000   0.0000
    9.95    0.95500000   0.9550   0.4299   3.7805   4.0630   0.0000   0.0000
    9.95    0.95500000   0.9550   0.4324   3.7803   4.0600   0.0000   0.0000
    9.95    0.95500000   0.9550   0.4350   3.7800   4.0560   0.0000   0.0000
    9.95    0.95600000   0.9560   0.4375   3.7798   4.0530   0.0000   0.0000
    9.95    0.95600000   0.9560   0.4400   3.7796   4.0500   0.0000   0.0000
    9.95    0.95700000   0.9570   0.4426   3.7793   4.0460   0.0000   0.0000
    9.95    0.95700000   0.9570   0.4451   3.7791   4.0430   0.0000   0.0000
    9.95    0.95700000   0.9570   0.4477   3.7788   4.0390   0.0000   0.0000
    9.95    0.95800000   0.9580   0.4503   3.7785   4.0360   0.0000   0.0000
    9.95    0.95800000   0.9580   0.4529   3.7782   4.0320   0.0000   0.0000
    9.95    0.95900000   0.9590   0.4554   3.7779   4.0290   0.0000   0.0000
    9.95    0.95900000   0.9590   0.4580   3.7776   4.0250   0.0000   0.0000
    9.95    0.95900000   0.9590   0.4606   3.7772   4.0210   0.0000   0.0000
    9.95    0.96000000   0.9600   0.4632   3.7769   4.0170   0.0000   0.0000
    9.95    0.96000000   0.9600   0.4658   3.7765   4.0130   0.0000   0.0000
    9.95    0.96100000   0.9610   0.4685   3.7761   4.0090   0.0000   0.0000
    9.95    0.96100000   0.9610   0.4711   3.7757   4.0050   0.0000   0.0000
    9.95    0.96100000   0.9610   0.4737   3.7753   4.0010   0.0000   0.0000
    9.95    0.96200000   0.9620   0.4763   3.7748   3.9970   0.0000   0.0000
    9.95    0.96200000   0.9620   0.4790   3.7744   3.9930   0.0000   0.0000
    9.95    0.96300000   0.9630   0.4816   3.7739   3.9880   0.0000   0.0000
    9.95    0.96300000   0.9630   0.4842   3.7734   3.9840   0.0000   0.0000
    9.95    0.96300000   0.9630   0.4868   3.7728   3.9790   0.0000   0.0000
    9.95    0.96400000   0.9640   0.4894   3.7722   3.9750   0.0000   0.0000
    9.95    0.96400000   0.9640   0.4919   3.7717   3.9700   0.0000   0.0000
    9.95    0.96500000   0.9650   0.4945   3.7710   3.9650   0.0000   0.0000
    9.95    0.96500000   0.9650   0.4970   3.7703   3.9600   0.0000   0.0000
    9.95    0.96500000   0.9650   0.4995   3.7696   3.9550   0.0000   0.0000
    9.95    0.96600000   0.9660   0.5019   3.7688   3.9490   0.0000   0.0000
    9.95    0.96600000   0.9660   0.5043   3.7680   3.9440   0.0000   0.0000
    9.95    0.96700000   0.9670   0.5066   3.7672   3.9380   0.0000   0.0000
    9.95    0.96700000   0.9670   0.5088   3.7662   3.9320   0.0000   0.0000
    9.95    0.96700000   0.9670   0.5110   3.7653   3.9270   0.0000   0.0000
    9.95    0.96800000   0.9680   0.5130   3.7641   3.9200   0.0000   0.0000
    9.95    0.96800000   0.9680   0.5150   3.7630   3.9140   0.0000   0.0000
    9.95    0.96900000   0.9690   0.5169   3.7618   3.9070   0.0000   0.0000
    9.95    0.96900000   0.9690   0.5187   3.7604   3.9000   0.0000   0.0000
    9.95    0.96900000   0.9690   0.5204   3.7590   3.8930   0.0000   0.0000
    9.95    0.97000000   0.9700   0.5219   3.7576   3.8860   0.0000   0.0000
    9.95    0.97000000   0.9700   0.5232   3.7560   3.8790   0.0000   0.0000
    9.95    0.97100000   0.9710   0.5245   3.7545   3.8710   0.0000   0.0000
    9.95    0.97100000   0.9710   0.5251   3.7526   3.8640   0.0000   0.0000
    9.95    0.97100000   0.9710   0.5258   3.7508   3.8560   0.0000   0.0000
    9.95    0.97200000   0.9720   0.5261   3.7489   3.8480   0.0000   0.0000
    9.95    0.97200000   0.9720   0.5259   3.7469   3.8410   0.0000   0.0000
    9.95    0.97300000   0.9730   0.5257   3.7449   3.8330   0.0000   0.0000
    9.95    0.97300000   0.9730   0.5247   3.7423   3.8230   0.0000   0.0000
    9.95    0.97300000   0.9730   0.5236   3.7395   3.8140   0.0000   0.0000
    9.95    0.97400000   0.9740   0.5225   3.7366   3.8040   0.0000   0.0000
    9.95    0.97400000   0.9740   0.5213   3.7337   3.7930   0.0000   0.0000
    9.95    0.97500000   0.9750   0.5200   3.7308   3.7830   0.0000   0.0000
    9.95    0.97500000   0.9750   0.5196   3.7278   3.7720   0.0000   0.0000
    9.95    0.97500000   0.9750   0.5198   3.7248   3.7600   0.0000   0.0000
    9.95    0.97600000   0.9760   0.5199   3.7218   3.7480   0.0000   0.0000
    9.95    0.97600000   0.9760   0.5228   3.7191   3.7340   0.0000   0.0000
    9.95    0.97700000   0.9770   0.5265   3.7166   3.7210   0.0000   0.0000
    9.95    0.97700000   0.9770   0.5321   3.7143   3.7060   0.0000   0.0000
    9.95    0.97800000   0.9770   0.5391   3.7121   3.6900   0.0000   0.0000
    9.95    0.97800000   0.9780   0.5473   3.7099   3.6730   0.0000   0.0000
    9.95    0.97800000   0.9780   0.5578   3.7080   3.6560   0.0000   0.0000
    9.95    0.97900000   0.9790   0.5690   3.7062   3.6370   0.0000   0.0000
    9.95    0.97900000   0.9790   0.5820   3.7046   3.6180   0.0000   0.0000
    9.95    0.98000000   0.9790   0.5960   3.7031   3.5980   0.0000   0.0000
    9.95    0.98000000   0.9800   0.6112   3.7019   3.5780   0.0000   0.0000
    9.95    0.98000000   0.9800   0.6277   3.7008   3.5580   0.0000   0.0000
    9.95    0.98100000   0.9810   0.6447   3.6998   3.5370   0.0000   0.0000
    9.95    0.98100000   0.9810   0.6631   3.6990   3.5150   0.0000   0.0000
    9.95    0.98200000   0.9810   0.6819   3.6982   3.4940   0.0000   0.0000
    9.95    0.98200000   0.9820   0.7014   3.6975   3.4720   0.0000   0.0000
    9.95    0.98200000   0.9820   0.7224   3.6968   3.4480   0.0000   0.0000
    9.95    0.98300000   0.9820   0.7441   3.6961   3.4230   0.0000   0.0000
    9.95    0.98300000   0.9830   0.7676   3.6954   3.3980   0.0000   0.0000
    9.95    0.98400000   0.9830   0.7918   3.6947   3.3710   0.0000   0.0000
    9.95    0.98400000   0.9830   0.8176   3.6939   3.3420   0.0000   0.0000
    9.95    0.98500000   0.9840   0.8447   3.6930   3.3110   0.0000   0.0000
    9.95    0.98500000   0.9840   0.8724   3.6922   3.2800   0.0000   0.0000
    9.95    0.98500000   0.9840   0.9028   3.6910   3.2450   0.0000   0.0000
    9.95    0.98600000   0.9850   0.9342   3.6898   3.2090   0.0000   0.0000
    9.95    0.98600000   0.9850   0.9679   3.6888   3.1720   0.0000   0.0000
    9.95    0.98700000   0.9850   1.0044   3.6877   3.1310   0.0000   0.0000
    9.95    0.98700000   0.9860   1.0426   3.6865   3.0880   0.0000   0.0000
    9.95    0.98700000   0.9860   1.0865   3.6849   3.0380   0.0000   0.0000
    9.95    0.98800000   0.9860   1.1327   3.6833   2.9850   0.0000   0.0000
    9.95    0.98800000   0.9860   1.1840   3.6812   2.9260   0.0000   0.0000
    9.95    0.98900000   0.9860   1.2403   3.6787   2.8600   0.0000   0.0000
    9.95    0.98900000   0.9870   1.2998   3.6759   2.7890   0.0000   0.0000
    9.95    0.98900000   0.9870   1.3609   3.6728   2.7160   0.0000   0.0000
# log(age) Mini Mact logl logt logg Composition Phase
   10.00    0.80000000   0.8000  -0.1943   3.7512   4.4930   0.0000   0.0000
   10.00    0.88000000   0.8800   0.1358   3.7770   4.3080   0.0000   0.0000
   10.00    0.88100000   0.8810   0.1375   3.7770   4.3060   0.0000   0.0000
   10.00    0.88100000   0.8810   0.1391   3.7771   4.3050   0.0000   0.0000
   10.00    0.88100000   0.8810   0.1407   3.7772   4.3040   0.0000   0.0000
   10.00    0.88200000   0.8820   0.1424   3.7772   4.3030   0.0000   0.0000
   10.00    0.88200000   0.8820   0.1440   3.7773   4.3020   0.0000   0.0000
   10.00    0.88200000   0.8820   0.1457   3.7774   4.3000   0.0000   0.0000
   10.00    0.88300000   0.8830   0.1473   3.7774   4.2990   0.0000   0.0000
   10.00    0.88300000   0.8830   0.1490   3.7775   4.2980   0.0000   0.0000
   10.00    0.88400000   0.8840   0.1507   3.7775   4.2970   0.0000   0.0000
   10.00    0.88400000   0.8840   0.1523   3.7776   4.2950   0.0000   0.0000
   10.00    0.88400000   0.8840   0.1540   3.7777   4.2940   0.0000   0.0000
   10.00    0.88500000   0.8850   0.1557   3.7777   4.2930   0.0000   0.0000
   10.00    0.88500000   0.8850   0.1574   3.7778   4.2920   0.0000   0.0000
   10.00    0.88500000   0.8850   0.1591   3.7779   4.2900   0.0000   0.0000
   10.00    0.88600000   0.8860   0.1608   3.7779   4.2890   0.0000   0.0000
   10.00    0.88600000   0.8860   0.1625   3.7780   4.2880   0.0000   0.0000
   10.00    0.88700000   0.8870   0.1642   3.7780   4.2870   0.0000   0.0000
   10.00    0.88700000   0.8870   0.1660   3.7781   4.2850   0.0000   0.0000
   10.00    0.88700000   0.8870   0.1677   3.7781   4.2840   0.0000   0.0000
   10.00    0.88800000   0.8880   0.1694   3.7782   4.2830   0.0000   0.0000
   10.00    0.88800000   0.8880   0.1712   3.7783   4.2810   0.0000   0.0000
   10.00    0.88800000   0.8880   0.1729   3.7783   4.2800   0.0000   0.0000
   10.00    0.88900000   0.8890   0.1746   3.7784   4.2790   0.0000   0.0000
   10.00    0.88900000   0.8890   0.1764   3.7784   4.2770   0.0000   0.0000
   10.00    0.89000000   0.8900   0.1782   3.7785   4.2760   0.0000   0.0000
   10.00    0.89000000   0.8900   0.1799   3.7785   4.2740   0.0000   0.0000
   10.00    0.89000000   0.8900   0.1817   3.7786   4.2730   0.0000   0.0000
   10.00    0.89100000   0.8910   0.1834   3.7786   4.2720   0.0000   0.0000
   10.00    0.89100000   0.8910   0.1852   3.7787   4.2700   0.0000   0.0000
   10.00    0.89100000   0.8910   0.1869   3.7788   4.2690   0.0000   0.0000
   10.00    0.89200000   0.8920   0.1887   3.7788   4.2680   0.0000   0.0000
   10.00    0.89200000   0.8920   0.1905   3.7789   4.2660   0.0000   0.0000
   10.00    0.89200000   0.8920   0.1922   3.7789   4.2650   0.0000   0.0000
   10.00    0.89300000   0.8930   0.1940   3.7790   4.2640   0.0000   0.0000
   10.00    0.89300000   0.8930   0.1959   3.7790   4.2620   0.0000   0.0000
   10.00    0.89400000   0.8940   0.1978   3.7791   4.2610   0.0000   0.0000
   10.00    0.89400000   0.8940   0.1996   3.7791   4.2590   0.0000   0.0000
   10.00    0.89400000   0.8940   0.2014   3.7792   4.2580   0.0000   0.0000
   10.00    0.89500000   0.8950   0.2032   3.7792   4.2560   0.0000   0.0000
   10.00    0.89500000   0.8950   0.2050   3.7793   4.2550   0.0000   0.0000
   10.00    0.89500000   0.8950   0.2069   3.7793   4.2530   0.0000   0.0000
   10.00    0.89600000   0.8960   0.2087   3.7794   4.2520   0.0000   0.0000
   10.00    0.89600000   0.8960   0.2106   3.7794   4.2500   0.0000   0.0000
   10.00    0.89700000   0.8970   0.2124   3.7795   4.2490   0.0000   0.0000
   10.00    0.89700000   0.8970   0.2143   3.7795   4.2470   0.0000   0.0000
   10.00    0.89700000   0.8970   0.2161   3.7795   4.2460   0.0000   0.0000
   10.00    0.89800000   0.8980   0.2180   3.7796   4.2440   0.0000   0.0000
   10.00    0.89800000   0.8980   0.2199   3.7796   4.2430   0.0000   0.0000
   10.00    0.89800000   0.8980   0.2218   3.7797   4.2410   0.0000   0.0000
   10.00    0.89900000   0.8990   0.2237   3.7797   4.2400   0.0000   0.0000
   10.00    0.89900000   0.8990   0.2255   3.7798   4.2380   0.0000   0.0000
   10.00    0.90000000   0.9000   0.2274   3.7799   4.2370   0.0000   0.0000
   10.00    0.90000000   0.9000   0.2294   3.7799   4.2350   0.0000   0.0000
   10.00    0.90000000   0.9000   0.2313   3.7800   4.2340   0.0000   0.0000
   10.00    0.90100000   0.9010   0.2333   3.7800   4.2320   0.0000   0.0000
   10.00    0.90100000   0.9010   0.2353   3.7800   4.2310   0.0000   0.0000
   10.00    0.90100000   0.9010   0.2372   3.7801   4.2290   0.0000   0.0000
   10.00    0.90200000   0.9020   0.2392   3.7801   4.2270   0.0000   0.0000
   10.00    0.90200000   0.9020   0.2412   3.7802   4.2260   0.0000   0.0000
   10.00    0.90300000   0.9030   0.2432   3.7802   4.2240   0.0000   0.0000
   10.00    0.90300000   0.9030   0.2452   3.7802   4.2220   0.0000   0.0000
   10.00    0.90300000   0.9030   0.2472   3.7803   4.2210   0.0000   0.0000
   10.00    0.90400000   0.9040   0.2493   3.7803   4.2190   0.0000   0.0000
   10.00    0.90400000   0.9040   0.2513   3.7803   4.2170   0.0000   0.0000
   10.00    0.90400000   0.9040   0.2533   3.7804   4.2160   0.0000   0.0000
   10.00    0.90500000   0.9050   0.2554   3.7804   4.2140   0.0000   0.0000
   10.00    0.90500000   0.9050   0.2574   3.7804   4.2120   0.0000   0.0000
   10.00    0.90600000   0.9060   0.2595   3.7805   4.2100   0.0000   0.0000
   10.00    0.90600000   0.9060   0.2615   3.7805   4.2090   0.0000   0.0000
   10.00    0.90600000   0.9060   0.2636   3.7805   4.2070   0.0000   0.0000
   10.00    0.90700000   0.9070   0.2657   3.7805   4.2050   0.0000   0.0000
   10.00    0.90700000   0.9070   0.2678   3.7805   4.2030   0.0000   0.0000
   10.00    0.90800000   0.9080   0.2699   3.7805   4.2010   0.0000   0.0000
   10.00    0.90800000   0.9080   0.2720   3.7805   4.1990   0.0000   0.0000
   10.00    0.90800000   0.9080   0.2741   3.7805   4.1970   0.0000   0.0000
   10.00    0.90900000   0.9090   0.2762   3.7805   4.1950   0.0000   0.0000
   10.00    0.90900000   0.9090   0.2783   3.7805   4.1930   0.0000   0.0000
   10.00    0.90900000   0.9090   0.2805   3.7805   4.1910   0.0000   0.0000
   10.00    0.91000000   0.9100   0.2826   3.7805   4.1890   0.0000   0.0000
   10.00    0.91000000   0.9100   0.2848   3.7805   4.1870   0.0000   0.0000
   10.00    0.91100000   0.9110   0.2869   3.7805   4.1850   0.0000   0.0000
   10.00    0.91100000   0.9110   0.2891   3.7805   4.1830   0.0000   0.0000
   10.00    0.91100000   0.9110   0.2913   3.7805   4.1810   0.0000   0.0000
   10.00    0.91200000   0.9120   0.2935   3.7805   4.1790   0.0000   0.0000
   10.00    0.91200000   0.9120   0.2957   3.7804   4.1770   0.0000   0.0000
   10.00    0.91200000   0.9120   0.2979   3.7804   4.1750   0.0000   0.0000
   10.00    0.91300000   0.9130   0.3001   3.7804   4.1730   0.0000   0.0000
   10.00    0.91300000   0.9130   0.3024   3.7803   4.1700   0.0000   0.0000
   10.00    0.91400000   0.9140   0.3046   3.7803   4.1680   0.0000   0.0000
   10.00    0.91400000   0.9140   0.3068   3.7802   4.1660   0.0000   0.0000
   10.00    0.91400000   0.9140   0.3091   3.7802   4.1640   0.0000   0.0000
   10.00    0.91500000   0.9150   0.3114   3.7801   4.1610   0.0000   0.0000
   10.00    0.91500000   0.9150   0.3136   3.7800   4.1590   0.0000   0.0000
   10.00    0.91600000   0.9160   0.3159   3.7800   4.1570   0.0000   0.0000
   10.00    0.91600000   0.9160   0.3182   3.7799   4.1540   0.0000   0.0000
   10.00    0.91600000   0.9160   0.3205   3.7798   4.1520   0.0000   0.0000
   10.00    0.91700000   0.9170   0.3229   3.7798   4.1490   0.0000   0.0000
   10.00    0.91700000   0.9170   0.3252   3.7797   4.1470   0.0000   0.0000
   10.00    0.91700000   0.9170   0.3275   3.7796   4.1440   0.0000   0.0000
   10.00    0.91800000   0.9180   0.3299   3.7795   4.1420   0.0000   0.0000
   10.00    0.91800000   0.9180   0.3322   3.7794   4.1390   0.0000   0.0000
   10.00    0.91900000   0.9190   0.3346   3.7793   4.1370   0.0000   0.0000
   10.00    0.91900000   0.9190   0.3370   3.7792   4.1340   0.0000   0.0000
   10.00    0.91900000   0.9190   0.3394   3.7791   4.1320   0.0000   0.0000
   10.00    0.92000000   0.9200   0.3418   3.7790   4.1290   0.0000   0.0000
   10.00    0.92000000   0.9200   0.3442   3.7789   4.1260   0.0000   0.0000
   10.00    0.92000000   0.9200   0.3466   3.7788   4.1230   0.0000   0.0000
   10.00    0.92100000   0.9210   0.3490   3.7786   4.1210   0.0000   0.0000
   10.00    0.92100000   0.9210   0.3515   3.7785   4.1180   0.0000   0.0000
   10.00    0.92200000   0.9220   0.3539   3.7783   4.1150   0.0000   0.0000
   10.00    0.92200000   0.9220   0.3564   3.7782   4.1120   0.0000   0.0000
   10.00    0.92200000   0.9220   0.3588   3.7780   4.1090   0.0000   0.0000
   10.00    0.92300000   0.9230   0.3613   3.7779   4.1060   0.0000   0.0000
   10.00    0.92300000   0.9230   0.3638   3.7777   4.1030   0.0000   0.0000
   10.00    0.92400000   0.9240   0.3663   3.7776   4.1000   0.0000   0.0000
   10.00    0.92400000   0.9240   0.3688   3.7774   4.0970   0.0000   0.0000
   10.00    0.92400000   0.9240   0.3714   3.7772   4.0940   0.0000   0.0000
   10.00    0.92500000   0.9250   0.3739   3.7770   4.0910   0.0000   0.0000
   10.00    0.92500000   0.9250   0.3764   3.7767   4.0880   0.0000   0.0000
   10.00    0.92600000   0.9260   0.3790   3.7765   4.0840   0.0000   0.0000
   10.00    0.92600000   0.9260   0.3816   3.7763   4.0810   0.0000   0.0000
   10.00    0.92600000   0.9260   0.3841   3.7760   4.0780   0.0000   0.0000
   10.00    0.92700000   0.9270   0.3867   3.7758   4.0740   0.0000   0.0000
   10.00    0.92700000   0.9270   0.3893   3.7756   4.0710   0.0000   0.0000
   10.00    0.92700000   0.9270   0.3920   3.7753   4.0680   0.0000   0.0000
   10.00    0.92800000   0.9280   0.3946   3.7751   4.0640   0.0000   0.0000
   10.00    0.92800000   0.9280   0.3972   3.7748   4.0610   0.0000   0.0000
   10.00    0.92900000   0.9290   0.3998   3.7745   4.0570   0.0000   0.0000
   10.00    0.92900000   0.9290   0.4025   3.7742   4.0530   0.0000   0.0000
   10.00    0.92900000   0.9290   0.4051   3.7739   4.0500   0.0000   0.0000
   10.00    0.93000000   0.9300   0.4078   3.7736   4.0460   0.0000   0.0000
   10.00    0.93000000   0.9300   0.4104   3.7732   4.0420   0.0000   0.0000
   10.00    0.93100000   0.9310   0.4131   3.7729   4.0380   0.0000   0.0000
   10.00    0.93100000   0.9310   0.4157   3.7725   4.0340   0.0000   0.0000
   10.00    0.93100000   0.9310   0.4184   3.7721   4.0300   0.0000   0.0000
   10.00    0.93200000   0.9320   0.4211   3.7717   4.0260   0.0000   0.0000
   10.00    0.93200000   0.9320   0.4238   3.7712   4.0220   0.0000   0.0000
   10.00    0.93200000   0.9320   0.4265   3.7708   4.0170   0.0000   0.0000
   10.00    0.93300000   0.9330   0.4292   3.7703   4.0130   0.0000   0.0000
   10.00    0.93300000   0.9330   0.4319   3.7698   4.0080   0.0000   0.0000
   10.00    0.93400000   0.9340   0.4347   3.7693   4.0040   0.0000   0.0000
   10.00    0.93400000   0.9340   0.4374   3.7687   3.9990   0.0000   0.0000
   10.00    0.93400000   0.9340   0.4401   3.7681   3.9940   0.0000   0.0000
   10.00    0.93500000   0.9350   0.4428   3.7675   3.9890   0.0000   0.0000
   10.00    0.93500000   0.9350   0.4454   3.7669   3.9840   0.0000   0.0000
   10.00    0.93600000   0.9360   0.4481   3.7662   3.9790   0.0000   0.0000
   10.00    0.93600000   0.9360   0.4507   3.7655   3.9730   0.0000   0.0000
   10.00    0.93600000   0.9360   0.4533   3.7647   3.9680   0.0000   0.0000
   10.00    0.93700000   0.9370   0.4559   3.7639   3.9620   0.0000   0.0000
   10.00    0.93700000   0.9370   0.4584   3.7631   3.9570   0.0000   0.0000
   10.00    0.93800000   0.9380   0.4608   3.7622   3.9510   0.0000   0.0000
   10.00    0.93800000   0.9380   0.4632   3.7612   3.9450   0.0000   0.0000
   10.00    0.93800000   0.9380   0.4655   3.7602   3.9390   0.0000   0.0000
   10.00    0.93900000   0.9390   0.4677   3.7591   3.9320   0.0000   0.0000
   10.00    0.93900000   0.9390   0.4699   3.7580   3.9260   0.0000   0.0000
   10.00    0.94000000   0.9400   0.4719   3.7567   3.9190   0.0000   0.0000
   10.00    0.94000000   0.9400   0.4739   3.7554   3.9120   0.0000   0.0000
   10.00    0.94000000   0.9400   0.4757   3.7540   3.9050   0.0000   0.0000
   10.00    0.94100000   0.9410   0.4773   3.7525   3.8970   0.0000   0.0000
   10.00    0.94100000   0.9410   0.4788   3.7510   3.8900   0.0000   0.0000
   10.00    0.94100000   0.9410   0.4799   3.7492   3.8820   0.0000   0.0000
   10.00    0.94200000   0.9420   0.4810   3.7473   3.8730   0.0000   0.0000
   10.00    0.94200000   0.9420   0.4817   3.7453   3.8650   0.0000   0.0000
   10.00    0.94300000   0.9430   0.4821   3.7433   3.8560   0.0000   0.0000
   10.00    0.94300000   0.9430   0.4824   3.7412   3.8480   0.0000   0.0000
   10.00    0.94300000   0.9430   0.4823   3.7386   3.8380   0.0000   0.0000
   10.00    0.94400000   0.9440   0.4820   3.7359   3.8270   0.0000   0.0000
   10.00    0.94400000   0.9440   0.4817   3.7332   3.8170   0.0000   0.0000
   10.00    0.94500000   0.9450   0.4815   3.7303   3.8060   0.0000   0.0000
   10.00    0.94500000   0.9450   0.4812   3.7275   3.7950   0.0000   0.0000
   10.00    0.94500000   0.9450   0.4823   3.7245   3.7820   0.0000   0.0000
   10.00    0.94600000   0.9460   0.4834   3.7216   3.7700   0.0000   0.0000
   10.00    0.94600000   0.9460   0.4858   3.7188   3.7560   0.0000   0.0000
   10.00    0.94700000   0.9470   0.4895   3.7161   3.7420   0.0000   0.0000
   10.00    0.94700000   0.9470   0.4955   3.7138   3.7270   0.0000   0.0000
   10.00    0.94700000   0.9470   0.5023   3.7117   3.7120   0.0000   0.0000
   10.00    0.94800000   0.9480   0.5111   3.7095   3.6950   0.0000   0.0000
   10.00    0.94800000   0.9480   0.5213   3.7075   3.6760   0.0000   0.0000
   10.00    0.94900000   0.9480   0.5328   3.7056   3.6580   0.0000   0.0000
   10.00    0.94900000   0.9490   0.5462   3.7039   3.6380   0.0000   0.0000
   10.00    0.94900000   0.9490   0.5603   3.7024   3.6170   0.0000   0.0000
   10.00    0.95000000   0.9500   0.5763   3.7011   3.5960   0.0000   0.0000
   10.00    0.95000000   0.9500   0.5933   3.6999   3.5750   0.0000   0.0000
   10.00    0.95100000   0.9500   0.6110   3.6988   3.5530   0.0000   0.0000
   10.00    0.95100000   0.9510   0.6301   3.6979   3.5300   0.0000   0.0000
   10.00    0.95100000   0.9510   0.6498   3.6970   3.5070   0.0000   0.0000
   10.00    0.95200000   0.9510   0.6704   3.6963   3.4840   0.0000   0.0000
   10.00    0.95200000   0.9520   0.6923   3.6956   3.4600   0.0000   0.0000
   10.00    0.95300000   0.9520   0.7151   3.6949   3.4340   0.0000   0.0000
   10.00    0.95300000   0.9520   0.7397   3.6943   3.4070   0.0000   0.0000
   10.00    0.95300000   0.9530   0.7653   3.6936   3.3790   0.0000   0.0000
   10.00    0.95400000   0.9530   0.7927   3.6928   3.3480   0.0000   0.0000
   10.00    0.95400000   0.9530   0.8217   3.6919   3.3160   0.0000   0.0000
   10.00    0.95500000   0.9540   0.8514   3.6910   3.2830   0.0000   0.0000
   10.00    0.95500000   0.9540   0.8842   3.6899   3.2460   0.0000   0.0000
   10.00    0.95500000   0.9540   0.9183   3.6887   3.2070   0.0000   0.0000
   10.00    0.95600000   0.9550   0.9544   3.6876   3.1670   0.0000   0.0000
   10.00    0.95600000   0.9550   0.9946   3.6863   3.1210   0.0000   0.0000
   10.00    0.95700000   0.9550   1.0368   3.6849   3.0740   0.0000   0.0000
   10.00    0.95700000   0.9550   1.0850   3.6833   3.0190   0.0000   0.0000
   10.00    0.95700000   0.9550   1.1372   3.6813   2.9590   0.0000   0.0000
   10.00    0.95800000   0.9560   1.1939   3.6790   2.8930   0.0000   0.0000
   10.00    0.95800000   0.9560   1.2590   3.6760   2.8160   0.0000   0.0000
   10.00    0.95900000   0.9560   1.3240   3.6729   2.7390   0.0000   0.0000
   10.00    0.95900000   0.9560   1.3843   3.6699   2.6670   0.0000   0.0000
# log(age) Mini Mact logl logt logg Composition Phase
   10.05    0.80000000   0.8000  -0.1554   3.7536   4.4640   0.0000   0.0000
   10.05    0.85500000   0.8550   0.0903   3.7715   4.3190   0.0000   0.0000
   10.05    0.85600000   0.8560   0.0920   3.7716   4.3180   0.0000   0.0000
   10.05    0.85600000   0.8560   0.0937   3.7716   4.3160   0.0000   0.0000
   10.05    0.85600000   0.8560   0.0954   3.7717   4.3150   0.0000   0.0000
   10.05    0.85700000   0.8570   0.0971   3.7718   4.3140   0.0000   0.0000
   10.05    0.85700000   0.8570   0.0988   3.7718   4.3130   0.0000   0.0000
   10.05    0.85700000   0.8570   0.1005   3.7719   4.3110   0.0000   0.0000
   10.05    0.85800000   0.8580   0.1022   3.7720   4.3100   0.0000   0.0000
   10.05    0.85800000   0.8580   0.1039   3.7721   4.3090   0.0000   0.0000
   10.05    0.85800000   0.8580   0.1057   3.7721   4.3080   0.0000   0.0000
   10.05    0.85900000   0.8590   0.1074   3.7722   4.3060   0.0000   0.0000
   10.05    0.85900000   0.8590   0.1091   3.7723   4.3050   0.0000   0.0000
   10.05    0.86000000   0.8600   0.1109   3.7724   4.3040   0.0000   0.0000
   10.05    0.86000000   0.8600   0.1126   3.7724   4.3030   0.0000   0.0000
   10.05    0.86000000   0.8600   0.1144   3.7725   4.3010   0.0000   0.0000
   10.05    0.86100000   0.8610   0.1162   3.7726   4.3000   0.0000   0.0000
   10.05    0.86100000   0.8610   0.1179   3.7726   4.2990   0.0000   0.0000
   10.05    0.86100000   0.8610   0.1197   3.7727   4.2970   0.0000   0.0000
   10.05    0.86200000   0.8620   0.1215   3.7728   4.2960   0.0000   0.0000
   10.05    0.86200000   0.8620   0.1232   3.7728   4.2950   0.0000   0.0000
   10.05    0.86200000   0.8620   0.1250   3.7729   4.2930   0.0000   0.0000
   10.05    0.86300000   0.8630   0.1268   3.7730   4.2920   0.0000   0.0000
   10.05    0.86300000   0.8630   0.1286   3.7730   4.2910   0.0000   0.0000
   10.05    0.86400000   0.8640   0.1304   3.7731   4.2890   0.0000   0.0000
   10.05    0.86400000   0.8640   0.1322   3.7731   4.2880   0.0000   0.0000
   10.05    0.86400000   0.8640   0.1340   3.7732   4.2860   0.0000   0.0000
   10.05    0.86500000   0.8650   0.1359   3.7733   4.2850   0.0000   0.0000
   10.05    0.86500000   0.8650   0.1377   3.7733   4.2840   0.0000   0.0000
   10.05    0.86500000   0.8650   0.1395   3.7734   4.2820   0.0000   0.0000
   10.05    0.86600000   0.8660   0.1413   3.7735   4.2810   0.0000   0.0000
   10.05    0.86600000   0.8660   0.1431   3.7735   4.2800   0.0000   0.0000
   10.05    0.86600000   0.8660   0.1450   3.7736   4.2780   0.0000   0.0000
   10.05    0.86700000   0.8670   0.1468   3.7737   4.2770   0.0000   0.0000
   10.05    0.86700000   0.8670   0.1486   3.7737   4.2750   0.0000   0.0000
   10.05    0.86800000   0.8680   0.1505   3.7738   4.2740   0.0000   0.0000
   10.05    0.86800000   0.8680   0.1524   3.7739   4.2720   0.0000   0.0000
   10.05    0.86800000   0.8680   0.1543   3.7739   4.2710   0.0000   0.0000
   10.05    0.86900000   0.8690   0.1561   3.7740   4.2700   0.0000   0.0000
   10.05    0.86900000   0.8690   0.1580   3.7740   4.2680   0.0000   0.0000
   10.05    0.86900000   0.8690   0.1599   3.7741   4.2670   0.0000   0.0000
   10.05    0.87000000   0.8700   0.1618   3.7741   4.2650   0.0000   0.0000
   10.05    0.87000000   0.8700   0.1636   3.7742   4.2640   0.0000   0.0000
   10.05    0.87000000   0.8700   0.1655   3.7742   4.2620   0.0000   0.0000
   10.05    0.87100000   0.8710   0.1674   3.7743   4.2610   0.0000   0.0000
   10.05    0.87100000   0.8710   0.1693   3.7743   4.2590   0.0000   0.0000
   10.05    0.87100000   0.8710   0.1713   3.7744   4.2570   0.0000   0.0000
   10.05    0.87200000   0.8720   0.1732   3.7744   4.2560   0.0000   0.0000
   10.05    0.87200000   0.8720   0.1751   3.7745   4.2540   0.0000   0.0000
   10.05    0.87300000   0.8730   0.1771   3.7745   4.2530   0.0000   0.0000
   10.05    0.87300000   0.8730   0.1790   3.7746   4.2510   0.0000   0.0000
   10.05    0.87300000   0.8730   0.1810   3.7746   4.2500   0.0000   0.0000
   10.05    0.87400000   0.8740   0.1829   3.7747   4.2480   0.0000   0.0000
   10.05    0.87400000   0.8740   0.1849   3.7747   4.2470   0.0000   0.0000
   10.05    0.87400000   0.8740   0.1869   3.7748   4.2450   0.0000   0.0000
   10.05    0.87500000   0.8750   0.1889   3.7748   4.2430   0.0000   0.0000
   10.05    0.87500000   0.8750   0.1909   3.7749   4.2420   0.0000   0.0000
   10.05    0.87600000   0.8760   0.1929   3.7749   4.2400   0.0000   0.0000
   10.05    0.87600000   0.8760   0.1949   3.7750   4.2380   0.0000   0.0000
   10.05    0.87600000   0.8760   0.1969   3.7750   4.2370   0.0000   0.0000
   10.05    0.87700000   0.8770   0.1989   3.7751   4.2350   0.0000   0.0000
   10.05    0.87700000   0.8770   0.2010   3.7751   4.2330   0.0000   0.0000
   10.05    0.87700000   0.8770   0.2030   3.7751   4.2320   0.0000   0.0000
   10.05    0.87800000   0.8780   0.2051   3.7752   4.2300   0.0000   0.0000
   10.05    0.87800000   0.8780   0.2071   3.7752   4.2280   0.0000   0.0000
   10.05    0.87800000   0.8780   0.2092   3.7753   4.2260   0.0000   0.0000
   10.05    0.87900000   0.8790   0.2113   3.7753   4.2250   0.0000   0.0000
   10.05    0.87900000   0.8790   0.2134   3.7753   4.2230   0.0000   0.0000
   10.05    0.88000000   0.8800   0.2155   3.7754   4.2210   0.0000   0.0000
   10.05    0.88000000   0.8800   0.2176   3.7754   4.2190   0.0000   0.0000
   10.05    0.88000000   0.8800   0.2197   3.7754   4.2180   0.0000   0.0000
   10.05    0.88100000   0.8810   0.2218   3.7754   4.2160   0.0000   0.0000
   10.05    0.88100000   0.8810   0.2240   3.7755   4.2140   0.0000   0.0000
   10.05    0.88100000   0.8810   0.2261   3.7755   4.2120   0.0000   0.0000
   10.05    0.88200000   0.8820   0.2282   3.7755   4.2100   0.0000   0.0000
   10.05    0.88200000   0.8820   0.2304   3.7755   4.2080   0.0000   0.0000
   10.05    0.88200000   0.8820   0.2326   3.7755   4.2060   0.0000   0.0000
   10.05    0.88300000   0.8830   0.2347   3.7755   4.2040   0.0000   0.0000
   10.05    0.88300000   0.8830   0.2369   3.7755   4.2020   0.0000   0.0000
   10.05    0.88400000   0.8840   0.2391   3.7755   4.2000   0.0000   0.0000
   10.05    0.88400000   0.8840   0.2413   3.7755   4.1980   0.0000   0.0000
   10.05    0.88400000   0.8840   0.2435   3.7755   4.1960   0.0000   0.0000
   10.05    0.88500000   0.8850   0.2458   3.7755   4.1940   0.0000   0.0000
   10.05    0.88500000   0.8850   0.2480   3.7755   4.1920   0.0000   0.0000
   10.05    0.88500000   0.8850   0.2503   3.7755   4.1900   0.0000   0.0000
   10.05    0.88600000   0.8860   0.2525   3.7755   4.1880   0.0000   0.0000
   10.05    0.88600000   0.8860   0.2548   3.7755   4.1860   0.0000   0.0000
   10.05    0.88700000   0.8870   0.2571   3.7754   4.1830   0.0000   0.0000
   10.05    0.88700000   0.8870   0.2593   3.7754   4.1810   0.0000   0.0000
   10.05    0.88700000   0.8870   0.2616   3.7753   4.1790   0.0000   0.0000
   10.05    0.88800000   0.8880   0.2639   3.7753   4.1760   0.0000   0.0000
   10.05    0.88800000   0.8880   0.2663   3.7753   4.1740   0.0000   0.0000
   10.05    0.88800000   0.8880   0.2686   3.7752   4.1720   0.0000   0.0000
   10.05    0.88900000   0.8890   0.2709   3.7752   4.1690   0.0000   0.0000
   10.05    0.88900000   0.8890   0.2733   3.7751   4.1670   0.0000   0.0000
   10.05    0.89000000   0.8900   0.2756   3.7750   4.1650   0.0000   0.0000
   10.05    0.89000000   0.8900   0.2780   3.7750   4.1620   0.0000   0.0000
   10.05    0.89000000   0.8900   0.2804   3.7749   4.1600   0.0000   0.0000
   10.05    0.89100000   0.8910   0.2828   3.7748   4.1570   0.0000   0.0000
   10.05    0.89100000   0.8910   0.2852   3.7747   4.1550   0.0000   0.0000
   10.05    0.89100000   0.8910   0.2876   3.7747   4.1520   0.0000   0.0000
   10.05    0.89200000   0.8920   0.2901   3.7746   4.1490   0.0000   0.0000
   10.05    0.89200000   0.8920   0.2925   3.7745   4.1470   0.0000   0.0000
   10.05    0.89200000   0.8920   0.2950   3.7744   4.1440   0.0000   0.0000
   10.05    0.89300000   0.8930   0.2974   3.7743   4.1410   0.0000   0.0000
   10.05    0.89300000   0.8930   0.2999   3.7742   4.1390   0.0000   0.0000
   10.05    0.89400000   0.8940   0.3024   3.7741   4.1360   0.0000   0.0000
   10.05    0.89400000   0.8940   0.3049   3.7739   4.1330   0.0000   0.0000
   10.05    0.89400000   0.8940   0.3074   3.7738   4.1300   0.0000   0.0000
   10.05    0.89500000   0.8950   0.3099   3.7737   4.1270   0.0000   0.0000
   10.05    0.89500000   0.8950   0.3125   3.7735   4.1240   0.0000   0.0000
   10.05    0.89500000   0.8950   0.3150   3.7734   4.1220   0.0000   0.0000
   10.05    0.89600000   0.8960   0.3176   3.7732   4.1190   0.0000   0.0000
   10.05    0.89600000   0.8960   0.3201   3.7731   4.1160   0.0000   0.0000
   10.05    0.89700000   0.8970   0.3227   3.7729   4.1130   0.0000   0.0000
   10.05    0.89700000   0.8970   0.3253   3.7727   4.1090   0.0000   0.0000
   10.05    0.89700000   0.8970   0.3279   3.7725   4.1060   0.0000   0.0000
   10.05    0.89800000   0.8980   0.3305   3.7723   4.1030   0.0000   0.0000
   10.05    0.89800000   0.8980   0.3332   3.7721   4.1000   0.0000   0.0000
   10.05    0.89800000   0.8980   0.3358   3.7719   4.0960   0.0000   0.0000
   10.05    0.89900000   0.8990   0.3384   3.7716   4.0930   0.0000   0.0000
   10.05    0.89900000   0.8990   0.3411   3.7714   4.0890   0.0000   0.0000
   10.05    0.90000000   0.9000   0.3437   3.7711   4.0860   0.0000   0.0000
   10.05    0.90000000   0.9000   0.3464   3.7709   4.0820   0.0000   0.0000
   10.05    0.90000000   0.9000   0.3491   3.7706   4.0790   0.0000   0.0000
   10.05    0.90100000   0.9010   0.3518   3.7703   4.0750   0.0000   0.0000
   10.05    0.90100000   0.9010   0.3545   3.7700   4.0710   0.0000   0.0000
   10.05    0.90100000   0.9010   0.3573   3.7697   4.0670   0.0000   0.0000
   10.05    0.90200000   0.9020   0.3600   3.7693   4.0630   0.0000   0.0000
   10.05    0.90200000   0.9020   0.3627   3.7690   4.0590   0.0000   0.0000
   10.05    0.90300000   0.9030   0.3654   3.7686   4.0550   0.0000   0.0000
   10.05    0.90300000   0.9030   0.3682   3.7682   4.0510   0.0000   0.0000
   10.05    0.90300000   0.9030   0.3709   3.7678   4.0470   0.0000   0.0000
   10.05    0.90400000   0.9040   0.3736   3.7673   4.0430   0.0000   0.0000
   10.05    0.90400000   0.9040   0.3764   3.7668   4.0380   0.0000   0.0000
   10.05    0.90400000   0.9040   0.3792   3.7663   4.0330   0.0000   0.0000
   10.05    0.90500000   0.9050   0.3820   3.7658   4.0290   0.0000   0.0000
   10.05    0.90500000   0.9050   0.3849   3.7653   4.0240   0.0000   0.0000
   10.05    0.90600000   0.9060   0.3877   3.7647   4.0190   0.0000   0.0000
   10.05    0.90600000   0.9060   0.3905   3.7641   4.0140   0.0000   0.0000
   10.05    0.90600000   0.9060   0.3933   3.7635   4.0090   0.0000   0.0000
   10.05    0.90700000   0.9070   0.3961   3.7628   4.0030   0.0000   0.0000
   10.05    0.90700000   0.9070   0.3989   3.7621   3.9980   0.0000   0.0000
   10.05    0.90800000   0.9080   0.4017   3.7614   3.9930   0.0000   0.0000
   10.05    0.90800000   0.9080   0.4045   3.7606   3.9870   0.0000   0.0000
   10.05    0.90800000   0.9080   0.4072   3.7598   3.9810   0.0000   0.0000
   10.05    0.90900000   0.9090   0.4099   3.7590   3.9750   0.0000   0.0000
   10.05    0.90900000   0.9090   0.4126   3.7581   3.9700   0.0000   0.0000
   10.05    0.90900000   0.9090   0.4152   3.7572   3.9630   0.0000   0.0000
   10.05    0.91000000   0.9100   0.4177   3.7562   3.9570   0.0000   0.0000
   10.05    0.91000000   0.9100   0.4202   3.7552   3.9510   0.0000   0.0000
   10.05    0.91100000   0.9110   0.4226   3.7541   3.9440   0.0000   0.0000
   10.05    0.91100000   0.9110   0.4250   3.7529   3.9370   0.0000   0.0000
   10.05    0.91100000   0.9110   0.4271   3.7517   3.9300   0.0000   0.0000
   10.05    0.91200000   0.9120   0.4293   3.7504   3.9230   0.0000   0.0000
   10.05    0.91200000   0.9120   0.4312   3.7490   3.9160   0.0000   0.0000
   10.05    0.91200000   0.9120   0.4331   3.7475   3.9080   0.0000   0.0000
   10.05    0.91300000   0.9130   0.4347   3.7458   3.9000   0.0000   0.0000
   10.05    0.91300000   0.9130   0.4361   3.7438   3.8910   0.0000   0.0000
   10.05    0.91400000   0.9140   0.4374   3.7418   3.8810   0.0000   0.0000
   10.05    0.91400000   0.9140   0.4383   3.7396   3.8720   0.0000   0.0000
   10.05    0.91400000   0.9140   0.4393   3.7374   3.8620   0.0000   0.0000
   10.05    0.91500000   0.9150   0.4400   3.7349   3.8520   0.0000   0.0000
   10.05    0.91500000   0.9150   0.4406   3.7324   3.8410   0.0000   0.0000
   10.05    0.91600000   0.9160   0.4414   3.7297   3.8300   0.0000   0.0000
   10.05    0.91600000   0.9160   0.4423   3.7270   3.8180   0.0000   0.0000
   10.05    0.91600000   0.9160   0.4436   3.7242   3.8060   0.0000   0.0000
   10.05    0.91700000   0.9170   0.4458   3.7213   3.7920   0.0000   0.0000
   10.05    0.91700000   0.9170   0.4481   3.7184   3.7790   0.0000   0.0000
   10.05    0.91700000   0.9170   0.4525   3.7157   3.7640   0.0000   0.0000
   10.05    0.91800000   0.9180   0.4580   3.7132   3.7490   0.0000   0.0000
   10.05    0.91800000   0.9180   0.4655   3.7113   3.7340   0.0000   0.0000
   10.05    0.91900000   0.9190   0.4744   3.7091   3.7160   0.0000   0.0000
   10.05    0.91900000   0.9190   0.4842   3.7070   3.6980   0.0000   0.0000
   10.05    0.91900000   0.9190   0.4964   3.7051   3.6780   0.0000   0.0000
   10.05    0.92000000   0.9200   0.5098   3.7033   3.6580   0.0000   0.0000
   10.05    0.92000000   0.9200   0.5244   3.7017   3.6370   0.0000   0.0000
   10.05    0.92000000   0.9200   0.5410   3.7003   3.6150   0.0000   0.0000
   10.05    0.92100000   0.9210   0.5584   3.6990   3.5930   0.0000   0.0000
   10.05    0.92100000   0.9210   0.5771   3.6978   3.5700   0.0000   0.0000
   10.05    0.92200000   0.9210   0.5968   3.6968   3.5460   0.0000   0.0000
   10.05    0.92200000   0.9220   0.6172   3.6958   3.5220   0.0000   0.0000
   10.05    0.92200000   0.9220   0.6391   3.6951   3.4970   0.0000   0.0000
   10.05    0.92300000   0.9220   0.6619   3.6944   3.4720   0.0000   0.0000
   10.05    0.92300000   0.9230   0.6859   3.6938   3.4450   0.0000   0.0000
   10.05    0.92400000   0.9230   0.7117   3.6931   3.4170   0.0000   0.0000
   10.05    0.92400000   0.9230   0.7387   3.6924   3.3870   0.0000   0.0000
   10.05    0.92400000   0.9240   0.7678   3.6916   3.3550   0.0000   0.0000
   10.05    0.92500000   0.9240   0.7987   3.6908   3.3210   0.0000   0.0000
   10.05    0.92500000   0.9240   0.8307   3.6899   3.2860   0.0000   0.0000
   10.05    0.92600000   0.9250   0.8660   3.6888   3.2460   0.0000   0.0000
   10.05    0.92600000   0.9250   0.9029   3.6876   3.2040   0.0000   0.0000
   10.05    0.92600000   0.9250   0.9415   3.6863   3.1610   0.0000   0.0000
   10.05    0.92700000   0.9250   0.9858   3.6849   3.1110   0.0000   0.0000
   10.05    0.92700000   0.9260   1.0328   3.6834   3.0580   0.0000   0.0000
   10.05    0.92700000   0.9260   1.0849   3.6816   2.9990   0.0000   0.0000
   10.05    0.92800000   0.9260   1.1442   3.6793   2.9300   0.0000   0.0000
   10.05    0.92800000   0.9260   1.2079   3.6766   2.8560   0.0000   0.0000
   10.05    0.92900000   0.9260   1.2817   3.6731   2.7680   0.0000   0.0000
   10.05    0.92900000   0.9260   1.3477   3.6700   2.6900   0.0000   0.0000
   10.05    0.92900000   0.9250   1.4071   3.6671   2.6190   0.0000   0.0000
# log(age) Mini Mact logl logt logg Composition Phase
   10.10    0.80000000   0.8000  -0.1059   3.7562   4.4250   0.0000   0.0000
   10.10    0.83100000   0.8310   0.0446   3.7660   4.3300   0.0000   0.0000
   10.10    0.83100000   0.8310   0.0463   3.7661   4.3290   0.0000   0.0000
   10.10    0.83200000   0.8320   0.0481   3.7662   4.3270   0.0000   0.0000
   10.10    0.83200000   0.8320   0.0499   3.7662   4.3260   0.0000   0.0000
   10.10    0.83200000   0.8320   0.0517   3.7663   4.3250   0.0000   0.0000
   10.10    0.83300000   0.8330   0.0534   3.7664   4.3240   0.0000   0.0000
   10.10    0.83300000   0.8330   0.0552   3.7665   4.3220   0.0000   0.0000
   10.10    0.83300000   0.8330   0.0570   3.7666   4.3210   0.0000   0.0000
   10.10    0.83400000   0.8340   0.0588   3.7667   4.3200   0.0000   0.0000
   10.10    0.83400000   0.8340   0.0606   3.7667   4.3190   0.0000   0.0000
   10.10    0.83400000   0.8340   0.0624   3.7668   4.3170   0.0000   0.0000
   10.10    0.83500000   0.8350   0.0642   3.7669   4.3160   0.0000   0.0000
   10.10    0.83500000   0.8350   0.0660   3.7670   4.3150   0.0000   0.0000
   10.10    0.83600000   0.8360   0.0678   3.7671   4.3130   0.0000   0.0000
   10.10    0.83600000   0.8360   0.0696   3.7671   4.3120   0.0000   0.0000
   10.10    0.83600000   0.8360   0.0714   3.7672   4.3110   0.0000   0.0000
   10.10    0.83700000   0.8370   0.0732   3.7673   4.3090   0.0000   0.0000
   10.10    0.83700000   0.8370   0.0751   3.7674   4.3080   0.0000   0.0000
   10.10    0.83700000   0.8370   0.0769   3.7674   4.3070   0.0000   0.0000
   10.10    0.83800000   0.8380   0.0788   3.7675   4.3050   0.0000   0.0000
   10.10    0.83800000   0.8380   0.0806   3.7676   4.3040   0.0000   0.0000
   10.10    0.83800000   0.8380   0.0825   3.7677   4.3030   0.0000   0.0000
   10.10    0.83900000   0.8390   0.0843   3.7677   4.3010   0.0000   0.0000
   10.10    0.83900000   0.8390   0.0862   3.7678   4.3000   0.0000   0.0000
   10.10    0.83900000   0.8390   0.0880   3.7679   4.2980   0.0000   0.0000
   10.10    0.84000000   0.8400   0.0899   3.7679   4.2970   0.0000   0.0000
   10.10    0.84000000   0.8400   0.0918   3.7680   4.2960   0.0000   0.0000
   10.10    0.84000000   0.8400   0.0937   3.7681   4.2940   0.0000   0.0000
   10.10    0.84100000   0.8410   0.0956   3.7682   4.2930   0.0000   0.0000
   10.10    0.84100000   0.8410   0.0975   3.7682   4.2910   0.0000   0.0000
   10.10    0.84100000   0.8410   0.0993   3.7683   4.2900   0.0000   0.0000
   10.10    0.84200000   0.8420   0.1012   3.7684   4.2890   0.0000   0.0000
   10.10    0.84200000   0.8420   0.1031   3.7685   4.2870   0.0000   0.0000
   10.10    0.84300000   0.8430   0.1050   3.7685   4.2860   0.0000   0.0000
   10.10    0.84300000   0.8430   0.1069   3.7686   4.2840   0.0000   0.0000
   10.10    0.84300000   0.8430   0.1089   3.7687   4.2830   0.0000   0.0000
   10.10    0.84400000   0.8440   0.1108   3.7687   4.2810   0.0000   0.0000
   10.10    0.84400000   0.8440   0.1127   3.7688   4.2800   0.0000   0.0000
   10.10    0.84400000   0.8440   0.1146   3.7689   4.2780   0.0000   0.0000
   10.10    0.84500000   0.8450   0.1166   3.7689   4.2770   0.0000   0.0000
   10.10    0.84500000   0.8450   0.1185   3.7690   4.2750   0.0000   0.0000
   10.10    0.84500000   0.8450   0.1205   3.7690   4.2740   0.0000   0.0000
   10.10    0.84600000   0.8460   0.1224   3.7691   4.2720   0.0000   0.0000
   10.10    0.84600000   0.8460   0.1244   3.7691   4.2700   0.0000   0.0000
   10.10    0.84600000   0.8460   0.1264   3.7692   4.2690   0.0000   0.0000
   10.10    0.84700000   0.8470   0.1284   3.7692   4.2670   0.0000   0.0000
   10.10    0.84700000   0.8470   0.1304   3.7693   4.2660   0.0000   0.0000
   10.10    0.84700000   0.8470   0.1324   3.7693   4.2640   0.0000   0.0000
   10.10    0.84800000   0.8480   0.1344   3.7694   4.2620   0.0000   0.0000
   10.10    0.84800000   0.8480   0.1364   3.7694   4.2610   0.0000   0.0000
   10.10    0.84900000   0.8490   0.1384   3.7695   4.2590   0.0000   0.0000
   10.10    0.84900000   0.8490   0.1405   3.7695   4.2580   0.0000   0.0000
   10.10    0.84900000   0.8490   0.1425   3.7696   4.2560   0.0000   0.0000
   10.10    0.85000000   0.8500   0.1446   3.7696   4.2540   0.0000   0.0000
   10.10    0.85000000   0.8500   0.1466   3.7697   4.2520   0.0000   0.0000
   10.10    0.85000000   0.8500   0.1487   3.7697   4.2510   0.0000   0.0000
   10.10    0.85100000   0.8510   0.1508   3.7698   4.2490   0.0000   0.0000
   10.10    0.85100000   0.8510   0.1529   3.7698   4.2470   0.0000   0.0000
   10.10    0.85100000   0.8510   0.1550   3.7699   4.2460   0.0000   0.0000
   10.10    0.85200000   0.8520   0.1571   3.7699   4.2440   0.0000   0.0000
   10.10    0.85200000   0.8520   0.1592   3.7699   4.2420   0.0000   0.0000
   10.10    0.85200000   0.8520   0.1614   3.7700   4.2400   0.0000   0.0000
   10.10    0.85300000   0.8530   0.1635   3.7700   4.2380   0.0000   0.0000
   10.10    0.85300000   0.8530   0.1656   3.7701   4.2370   0.0000   0.0000
   10.10    0.85300000   0.8530   0.1678   3.7701   4.2350   0.0000   0.0000
   10.10    0.85400000   0.8540   0.1700   3.7701   4.2330   0.0000   0.0000
   10.10    0.85400000   0.8540   0.1721   3.7701   4.2310   0.0000   0.0000
   10.10    0.85500000   0.8550   0.1743   3.7702   4.2290   0.0000   0.0000
   10.10    0.85500000   0.8550   0.1765   3.7702   4.2270   0.0000   0.0000
   10.10    0.85500000   0.8550   0.1787   3.7702   4.2250   0.0000   0.0000
   10.10    0.85600000   0.8560   0.1810   3.7702   4.2230   0.0000   0.0000
   10.10    0.85600000   0.8560   0.1832   3.7702   4.2210   0.0000   0.0000
   10.10    0.85600000   0.8560   0.1854   3.7702   4.2190   0.0000   0.0000
   10.10    0.85700000   0.8570   0.1877   3.7703   4.2170   0.0000   0.0000
   10.10    0.85700000   0.8570   0.1899   3.7703   4.2150   0.0000   0.0000
   10.10    0.85700000   0.8570   0.1922   3.7703   4.2130   0.0000   0.0000
   10.10    0.85800000   0.8580   0.1945   3.7703   4.2110   0.0000   0.0000
   10.10    0.85800000   0.8580   0.1968   3.7703   4.2090   0.0000   0.0000
   10.10    0.85800000   0.8580   0.1991   3.7703   4.2070   0.0000   0.0000
   10.10    0.85900000   0.8590   0.2014   3.7703   4.2050   0.0000   0.0000
   10.10    0.85900000   0.8590   0.2037   3.7702   4.2020   0.0000   0.0000
   10.10    0.86000000   0.8600   0.2060   3.7702   4.2000   0.0000   0.0000
   10.10    0.86000000   0.8600   0.2084   3.7702   4.1980   0.0000   0.0000
   10.10    0.86000000   0.8600   0.2107   3.7702   4.1950   0.0000   0.0000
   10.10    0.86100000   0.8610   0.2131   3.7701   4.1930   0.0000   0.0000
   10.10    0.86100000   0.8610   0.2155   3.7701   4.1910   0.0000   0.0000
   10.10    0.86100000   0.8610   0.2179   3.7700   4.1880   0.0000   0.0000
   10.10    0.86200000   0.8620   0.2203   3.7700   4.1860   0.0000   0.0000
   10.10    0.86200000   0.8620   0.2227   3.7699   4.1840   0.0000   0.0000
   10.10    0.86200000   0.8620   0.2251   3.7699   4.1810   0.0000   0.0000
   10.10    0.86300000   0.8630   0.2276   3.7698   4.1790   0.0000   0.0000
   10.10    0.86300000   0.8630   0.2300   3.7698   4.1760   0.0000   0.0000
   10.10    0.86400000   0.8640   0.2325   3.7697   4.1740   0.0000   0.0000
   10.10    0.86400000   0.8640   0.2349   3.7696   4.1710   0.0000   0.0000
   10.10    0.86400000   0.8640   0.2374   3.7695   4.1680   0.0000   0.0000
   10.10    0.86500000   0.8650   0.2399   3.7695   4.1660   0.0000   0.0000
   10.10    0.86500000   0.8650   0.2424   3.7694   4.1630   0.0000   0.0000
   10.10    0.86500000   0.8650   0.2450   3.7693   4.1600   0.0000   0.0000
   10.10    0.86600000   0.8660   0.2475   3.7692   4.1580   0.0000   0.0000
   10.10    0.86600000   0.8660   0.2501   3.7691   4.1550   0.0000   0.0000
   10.10    0.86600000   0.8660   0.2526   3.7690   4.1520   0.0000   0.0000
   10.10    0.86700000   0.8670   0.2552   3.7688   4.1490   0.0000   0.0000
   10.10    0.86700000   0.8670   0.2578   3.7687   4.1460   0.0000   0.0000
   10.10    0.86800000   0.8680   0.2604   3.7686   4.1430   0.0000   0.0000
   10.10    0.86800000   0.8680   0.2630   3.7685   4.1400   0.0000   0.0000
   10.10    0.86800000   0.8680   0.2656   3.7683   4.1370   0.0000   0.0000
   10.10    0.86900000   0.8690   0.2683   3.7682   4.1340   0.0000   0.0000
   10.10    0.86900000   0.8690   0.2709   3.7680   4.1310   0.0000   0.0000
   10.10    0.86900000   0.8690   0.2736   3.7679   4.1280   0.0000   0.0000
   10.10    0.87000000   0.8700   0.2763   3.7677   4.1250   0.0000   0.0000
   10.10    0.87000000   0.8700   0.2790   3.7676   4.1220   0.0000   0.0000
   10.10    0.87000000   0.8700   0.2817   3.7674   4.1180   0.0000   0.0000
   10.10    0.87100000   0.8710   0.2844   3.7672   4.1150   0.0000   0.0000
   10.10    0.87100000   0.8710   0.2872   3.7670   4.1120   0.0000   0.0000
   10.10    0.87100000   0.8710   0.2899   3.7667   4.1080   0.0000   0.0000
   10.10    0.87200000   0.8720   0.2927   3.7665   4.1050   0.0000   0.0000
   10.10    0.87200000   0.8720   0.2954   3.7663   4.1010   0.0000   0.0000
   10.10    0.87300000   0.8730   0.2982   3.7660   4.0980   0.0000   0.0000
   10.10    0.87300000   0.8730   0.3010   3.7658   4.0940   0.0000   0.0000
   10.10    0.87300000   0.8730   0.3038   3.7655   4.0900   0.0000   0.0000
   10.10    0.87400000   0.8740   0.3066   3.7652   4.0870   0.0000   0.0000
   10.10    0.87400000   0.8740   0.3094   3.7649   4.0830   0.0000   0.0000
   10.10    0.87400000   0.8740   0.3122   3.7646   4.0790   0.0000   0.0000
   10.10    0.87500000   0.8750   0.3151   3.7643   4.0750   0.0000   0.0000
   10.10    0.87500000   0.8750   0.3179   3.7639   4.0710   0.0000   0.0000
   10.10    0.87600000   0.8760   0.3207   3.7635   4.0670   0.0000   0.0000
   10.10    0.87600000   0.8760   0.3235   3.7631   4.0620   0.0000   0.0000
   10.10    0.87600000   0.8760   0.3264   3.7627   4.0580   0.0000   0.0000
   10.10    0.87700000   0.8770   0.3292   3.7622   4.0530   0.0000   0.0000
   10.10    0.87700000   0.8770   0.3321   3.7618   4.0490   0.0000   0.0000
   10.10    0.87700000   0.8770   0.3350   3.7613   4.0440   0.0000   0.0000
   10.10    0.87800000   0.8780   0.3379   3.7607   4.0390   0.0000   0.0000
   10.10    0.87800000   0.8780   0.3409   3.7602   4.0340   0.0000   0.0000
   10.10    0.87800000   0.8780   0.3438   3.7595   4.0290   0.0000   0.0000
   10.10    0.87900000   0.8790   0.3467   3.7589   4.0240   0.0000   0.0000
   10.10    0.87900000   0.8790   0.3496   3.7583   4.0180   0.0000   0.0000
   10.10    0.88000000   0.8800   0.3525   3.7576   4.0130   0.0000   0.0000
   10.10    0.88000000   0.8800   0.3554   3.7569   4.0070   0.0000   0.0000
   10.10    0.88000000   0.8800   0.3583   3.7561   4.0020   0.0000   0.0000
   10.10    0.88100000   0.8810   0.3612   3.7553   3.9960   0.0000   0.0000
   10.10    0.88100000   0.8810   0.3640   3.7544   3.9900   0.0000   0.0000
   10.10    0.88100000   0.8810   0.3668   3.7535   3.9830   0.0000   0.0000
   10.10    0.88200000   0.8820   0.3696   3.7525   3.9770   0.0000   0.0000
   10.10    0.88200000   0.8820   0.3723   3.7516   3.9700   0.0000   0.0000
   10.10    0.88200000   0.8820   0.3750   3.7505   3.9640   0.0000   0.0000
   10.10    0.88300000   0.8830   0.3776   3.7494   3.9570   0.0000   0.0000
   10.10    0.88300000   0.8830   0.3801   3.7483   3.9500   0.0000   0.0000
   10.10    0.88400000   0.8840   0.3826   3.7470   3.9430   0.0000   0.0000
   10.10    0.88400000   0.8840   0.3849   3.7458   3.9360   0.0000   0.0000
   10.10    0.88400000   0.8840   0.3871   3.7444   3.9280   0.0000   0.0000
   10.10    0.88500000   0.8850   0.3893   3.7430   3.9200   0.0000   0.0000
   10.10    0.88500000   0.8850   0.3912   3.7410   3.9110   0.0000   0.0000
   10.10    0.88500000   0.8850   0.3931   3.7391   3.9010   0.0000   0.0000
   10.10    0.88600000   0.8860   0.3947   3.7370   3.8910   0.0000   0.0000
   10.10    0.88600000   0.8860   0.3963   3.7348   3.8810   0.0000   0.0000
   10.10    0.88700000   0.8870   0.3979   3.7325   3.8710   0.0000   0.0000
   10.10    0.88700000   0.8870   0.3994   3.7300   3.8600   0.0000   0.0000
   10.10    0.88700000   0.8870   0.4010   3.7276   3.8480   0.0000   0.0000
   10.10    0.88800000   0.8880   0.4030   3.7250   3.8360   0.0000   0.0000
   10.10    0.88800000   0.8880   0.4050   3.7223   3.8240   0.0000   0.0000
   10.10    0.88800000   0.8880   0.4084   3.7196   3.8090   0.0000   0.0000
   10.10    0.88900000   0.8890   0.4118   3.7168   3.7950   0.0000   0.0000
   10.10    0.88900000   0.8890   0.4167   3.7141   3.7800   0.0000   0.0000
   10.10    0.89000000   0.8900   0.4226   3.7116   3.7640   0.0000   0.0000
   10.10    0.89000000   0.8900   0.4310   3.7098   3.7490   0.0000   0.0000
   10.10    0.89000000   0.8900   0.4405   3.7078   3.7310   0.0000   0.0000
   10.10    0.89100000   0.8910   0.4508   3.7056   3.7120   0.0000   0.0000
   10.10    0.89100000   0.8910   0.4636   3.7038   3.6920   0.0000   0.0000
   10.10    0.89100000   0.8910   0.4775   3.7020   3.6720   0.0000   0.0000
   10.10    0.89200000   0.8920   0.4930   3.7004   3.6500   0.0000   0.0000
   10.10    0.89200000   0.8920   0.5102   3.6991   3.6270   0.0000   0.0000
   10.10    0.89200000   0.8920   0.5282   3.6978   3.6040   0.0000   0.0000
   10.10    0.89300000   0.8930   0.5478   3.6966   3.5800   0.0000   0.0000
   10.10    0.89300000   0.8930   0.5684   3.6955   3.5550   0.0000   0.0000
   10.10    0.89400000   0.8930   0.5896   3.6944   3.5300   0.0000   0.0000
   10.10    0.89400000   0.8940   0.6126   3.6937   3.5040   0.0000   0.0000
   10.10    0.89400000   0.8940   0.6365   3.6930   3.4780   0.0000   0.0000
   10.10    0.89500000   0.8940   0.6614   3.6924   3.4510   0.0000   0.0000
   10.10    0.89500000   0.8950   0.6886   3.6917   3.4210   0.0000   0.0000
   10.10    0.89500000   0.8950   0.7170   3.6910   3.3900   0.0000   0.0000
   10.10    0.89600000   0.8950   0.7476   3.6903   3.3570   0.0000   0.0000
   10.10    0.89600000   0.8950   0.7804   3.6895   3.3210   0.0000   0.0000
   10.10    0.89700000   0.8960   0.8148   3.6886   3.2830   0.0000   0.0000
   10.10    0.89700000   0.8960   0.8523   3.6875   3.2410   0.0000   0.0000
   10.10    0.89700000   0.8960   0.8919   3.6862   3.1960   0.0000   0.0000
   10.10    0.89800000   0.8960   0.9332   3.6848   3.1500   0.0000   0.0000
   10.10    0.89800000   0.8970   0.9815   3.6833   3.0950   0.0000   0.0000
   10.10    0.89800000   0.8970   1.0334   3.6816   3.0370   0.0000   0.0000
   10.10    0.89900000   0.8970   1.0891   3.6798   2.9740   0.0000   0.0000
   10.10    0.89900000   0.8970   1.1559   3.6770   2.8960   0.0000   0.0000
   10.10    0.90000000   0.8970   1.2282   3.6738   2.8110   0.0000   0.0000
   10.10    0.90000000   0.8970   1.3086   3.6700   2.7150   0.0000   0.0000
   10.10    0.90000000   0.8970   1.3708   3.6671   2.6410   0.0000   0.0000
# log(age) Mini Mact logl logt logg Composition Phase
   10.15    0.80000000   0.8000  -0.0406   3.7584   4.3680   0.0000   0.0000
   10.15    0.80700000   0.8070  -0.0012   3.7605   4.3410   0.0000   0.0000
   10.15    0.80800000   0.8080   0.0007   3.7606   4.3400   0.0000   0.0000
   10.15    0.80800000   0.8080   0.0025   3.7607   4.3390   0.0000   0.0000
   10.15    0.80800000   0.8080   0.0043   3.7608   4.3370   0.0000   0.0000
   10.15    0.80900000   0.8090   0.0061   3.7608   4.3360   0.0000   0.0000
   10.15    0.80900000   0.8090   0.0080   3.7609   4.3350   0.0000   0.0000
   10.15    0.80900000   0.8090   0.0098   3.7610   4.3330   0.0000   0.0000
   10.15    0.81000000   0.8100   0.0117   3.7611   4.3320   0.0000   0.0000
   10.15    0.81000000   0.8100   0.0135   3.7612   4.3310   0.0000   0.0000
   10.15    0.81000000   0.8100   0.0154   3.7613   4.3300   0.0000   0.0000
   10.15    0.81100000   0.8110   0.0172   3.7614   4.3280   0.0000   0.0000
   10.15    0.81100000   0.8110   0.0191   3.7615   4.3270   0.0000   0.0000
   10.15    0.81100000   0.8110   0.0209   3.7616   4.3260   0.0000   0.0000
   10.15    0.81200000   0.8120   0.0228   3.7617   4.3240   0.0000   0.0000
   10.15    0.81200000   0.8120   0.0247   3.7618   4.3230   0.0000   0.0000
   10.15    0.81200000   0.8120   0.0266   3.7618   4.3220   0.0000   0.0000
   10.15    0.81300000   0.8130   0.0285   3.7619   4.3200   0.0000   0.0000
   10.15    0.81300000   0.8130   0.0304   3.7620   4.3190   0.0000   0.0000
   10.15    0.81300000   0.8130   0.0323   3.7621   4.3170   0.0000   0.0000
   10.15    0.81400000   0.8140   0.0342   3.7622   4.3160   0.0000   0.0000
   10.15    0.81400000   0.8140   0.0361   3.7623   4.3150   0.0000   0.0000
   10.15    0.81400000   0.8140   0.0380   3.7624   4.3130   0.0000   0.0000
   10.15    0.81500000   0.8150   0.0400   3.7624   4.3120   0.0000   0.0000
   10.15    0.81500000   0.8150   0.0419   3.7625   4.3100   0.0000   0.0000
   10.15    0.81600000   0.8160   0.0438   3.7626   4.3090   0.0000   0.0000
   10.15    0.81600000   0.8160   0.0458   3.7627   4.3070   0.0000   0.0000
   10.15    0.81600000   0.8160   0.0477   3.7628   4.3060   0.0000   0.0000
   10.15    0.81700000   0.8170   0.0497   3.7628   4.3050   0.0000   0.0000
   10.15    0.81700000   0.8170   0.0516   3.7629   4.3030   0.0000   0.0000
   10.15    0.81700000   0.8170   0.0536   3.7630   4.3020   0.0000   0.0000
   10.15    0.81800000   0.8180   0.0556   3.7631   4.3000   0.0000   0.0000
   10.15    0.81800000   0.8180   0.0575   3.7632   4.2990   0.0000   0.0000
   10.15    0.81800000   0.8180   0.0595   3.7633   4.2970   0.0000   0.0000
   10.15    0.81900000   0.8190   0.0614   3.7634   4.2960   0.0000   0.0000
   10.15    0.81900000   0.8190   0.0634   3.7634   4.2950   0.0000   0.0000
   10.15    0.81900000   0.8190   0.0654   3.7635   4.2930   0.0000   0.0000
   10.15    0.82000000   0.8200   0.0674   3.7636   4.2920   0.0000   0.0000
   10.15    0.82000000   0.8200   0.0694   3.7637   4.2900   0.0000   0.0000
   10.15    0.82000000   0.8200   0.0714   3.7637   4.2880   0.0000   0.0000
   10.15    0.82100000   0.8210   0.0734   3.7638   4.2870   0.0000   0.0000
   10.15    0.82100000   0.8210   0.0754   3.7638   4.2850   0.0000   0.0000
   10.15    0.82100000   0.8210   0.0774   3.7639   4.2840   0.0000   0.0000
   10.15    0.82200000   0.8220   0.0794   3.7640   4.2820   0.0000   0.0000
   10.15    0.82200000   0.8220   0.0815   3.7640   4.2800   0.0000   0.0000
   10.15    0.82200000   0.8220   0.0835   3.7641   4.2790   0.0000   0.0000
   10.15    0.82300000   0.8230   0.0856   3.7641   4.2770   0.0000   0.0000
   10.15    0.82300000   0.8230   0.0877   3.7642   4.2750   0.0000   0.0000
   10.15    0.82300000   0.8230   0.0897   3.7642   4.2740   0.0000   0.0000
   10.15    0.82400000   0.8240   0.0918   3.7643   4.2720   0.0000   0.0000
   10.15    0.82400000   0.8240   0.0939   3.7643   4.2700   0.0000   0.0000
   10.15    0.82400000   0.8240   0.0960   3.7644   4.2690   0.0000   0.0000
   10.15    0.82500000   0.8250   0.0982   3.7644   4.2670   0.0000   0.0000
   10.15    0.82500000   0.8250   0.1003   3.7645   4.2650   0.0000   0.0000
   10.15    0.82500000   0.8250   0.1024   3.7645   4.2630   0.0000   0.0000
   10.15    0.82600000   0.8260   0.1046   3.7645   4.2610   0.0000   0.0000
   10.15    0.82600000   0.8260   0.1068   3.7646   4.2600   0.0000   0.0000
   10.15    0.82600000   0.8260   0.1089   3.7646   4.2580   0.0000   0.0000
   10.15    0.82700000   0.8270   0.1111   3.7647   4.2560   0.0000   0.0000
   10.15    0.82700000   0.8270   0.1133   3.7647   4.2540   0.0000   0.0000
   10.15    0.82800000   0.8280   0.1155   3.7647   4.2520   0.0000   0.0000
   10.15    0.82800000   0.8280   0.1177   3.7648   4.2500   0.0000   0.0000
   10.15    0.82800000   0.8280   0.1200   3.7648   4.2480   0.0000   0.0000
   10.15    0.82900000   0.8290   0.1222   3.7648   4.2460   0.0000   0.0000
   10.15    0.82900000   0.8290   0.1245   3.7649   4.2440   0.0000   0.0000
   10.15    0.82900000   0.8290   0.1267   3.7649   4.2430   0.0000   0.0000
   10.15    0.83000000   0.8300   0.1290   3.7649   4.2410   0.0000   0.0000
   10.15    0.83000000   0.8300   0.1313   3.7649   4.2380   0.0000   0.0000
   10.15    0.83000000   0.8300   0.1336   3.7649   4.2360   0.0000   0.0000
   10.15    0.83100000   0.8310   0.1358   3.7650   4.2340   0.0000   0.0000
   10.15    0.83100000   0.8310   0.1382   3.7650   4.2320   0.0000   0.0000
   10.15    0.83100000   0.8310   0.1405   3.7650   4.2300   0.0000   0.0000
   10.15    0.83200000   0.8320   0.1428   3.7650   4.2280   0.0000   0.0000
   10.15    0.83200000   0.8320   0.1452   3.7650   4.2260   0.0000   0.0000
   10.15    0.83200000   0.8320   0.1475   3.7650   4.2240   0.0000   0.0000
   10.15    0.83300000   0.8330   0.1499   3.7650   4.2220   0.0000   0.0000
   10.15    0.83300000   0.8330   0.1523   3.7650   4.2190   0.0000   0.0000
   10.15    0.83300000   0.8330   0.1547   3.7650   4.2170   0.0000   0.0000
   10.15    0.83400000   0.8340   0.1571   3.7650   4.2150   0.0000   0.0000
   10.15    0.83400000   0.8340   0.1595   3.7650   4.2120   0.0000   0.0000
   10.15    0.83400000   0.8340   0.1619   3.7649   4.2100   0.0000   0.0000
   10.15    0.83500000   0.8350   0.1644   3.7649   4.2080   0.0000   0.0000
   10.15    0.83500000   0.8350   0.1668   3.7649   4.2050   0.0000   0.0000
   10.15    0.83600000   0.8360   0.1693   3.7648   4.2030   0.0000   0.0000
   10.15    0.83600000   0.8360   0.1718   3.7648   4.2000   0.0000   0.0000
   10.15    0.83600000   0.8360   0.1743   3.7647   4.1980   0.0000   0.0000
   10.15    0.83700000   0.8370   0.1768   3.7647   4.1950   0.0000   0.0000
   10.15    0.83700000   0.8370   0.1793   3.7646   4.1930   0.0000   0.0000
   10.15    0.83700000   0.8370   0.1818   3.7645   4.1900   0.0000   0.0000
   10.15    0.83800000   0.8380   0.1844   3.7645   4.1880   0.0000   0.0000
   10.15    0.83800000   0.8380   0.1869   3.7644   4.1850   0.0000   0.0000
   10.15    0.83800000   0.8380   0.1895   3.7643   4.1820   0.0000   0.0000
   10.15    0.83900000   0.8390   0.1921   3.7642   4.1790   0.0000   0.0000
   10.15    0.83900000   0.8390   0.1947   3.7642   4.1770   0.0000   0.0000
   10.15    0.83900000   0.8390   0.1973   3.7641   4.1740   0.0000   0.0000
   10.15    0.84000000   0.8400   0.1999   3.7640   4.1710   0.0000   0.0000
   10.15    0.84000000   0.8400   0.2026   3.7639   4.1680   0.0000   0.0000
   10.15    0.84000000   0.8400   0.2053   3.7638   4.1650   0.0000   0.0000
   10.15    0.84100000   0.8410   0.2079   3.7636   4.1620   0.0000   0.0000
   10.15    0.84100000   0.8410   0.2106   3.7635   4.1590   0.0000   0.0000
   10.15    0.84100000   0.8410   0.2133   3.7634   4.1560   0.0000   0.0000
   10.15    0.84200000   0.8420   0.2160   3.7633   4.1530   0.0000   0.0000
   10.15    0.84200000   0.8420   0.2188   3.7631   4.1500   0.0000   0.0000
   10.15    0.84300000   0.8430   0.2215   3.7630   4.1470   0.0000   0.0000
   10.15    0.84300000   0.8430   0.2243   3.7629   4.1440   0.0000   0.0000
   10.15    0.84300000   0.8430   0.2271   3.7627   4.1410   0.0000   0.0000
   10.15    0.84400000   0.8440   0.2299   3.7626   4.1370   0.0000   0.0000
   10.15    0.84400000   0.8440   0.2327   3.7624   4.1340   0.0000   0.0000
   10.15    0.84400000   0.8440   0.2355   3.7622   4.1310   0.0000   0.0000
   10.15    0.84500000   0.8450   0.2384   3.7620   4.1270   0.0000   0.0000
   10.15    0.84500000   0.8450   0.2412   3.7618   4.1240   0.0000   0.0000
   10.15    0.84500000   0.8450   0.2441   3.7616   4.1200   0.0000   0.0000
   10.15    0.84600000   0.8460   0.2470   3.7614   4.1170   0.0000   0.0000
   10.15    0.84600000   0.8460   0.2499   3.7612   4.1130   0.0000   0.0000
   10.15    0.84600000   0.8460   0.2528   3.7609   4.1090   0.0000   0.0000
   10.15    0.84700000   0.8470   0.2557   3.7607   4.1060   0.0000   0.0000
   10.15    0.84700000   0.8470   0.2587   3.7604   4.1020   0.0000   0.0000
   10.15    0.84700000   0.8470   0.2616   3.7601   4.0980   0.0000   0.0000
   10.15    0.84800000   0.8480   0.2646   3.7598   4.0940   0.0000   0.0000
   10.15    0.84800000   0.8480   0.2675   3.7595   4.0900   0.0000   0.0000
   10.15    0.84900000   0.8490   0.2705   3.7591   4.0860   0.0000   0.0000
   10.15    0.84900000   0.8490   0.2735   3.7587   4.0810   0.0000   0.0000
   10.15    0.84900000   0.8490   0.2765   3.7584   4.0770   0.0000   0.0000
   10.15    0.85000000   0.8500   0.2795   3.7579   4.0720   0.0000   0.0000
   10.15    0.85000000   0.8500   0.2825   3.7575   4.0680   0.0000   0.0000
   10.15    0.85000000   0.8500   0.2856   3.7570   4.0630   0.0000   0.0000
   10.15    0.85100000   0.8510   0.2886   3.7566   4.0580   0.0000   0.0000
   10.15    0.85100000   0.8510   0.2917   3.7560   4.0530   0.0000   0.0000
   10.15    0.85100000   0.8510   0.2948   3.7554   4.0480   0.0000   0.0000
   10.15    0.85200000   0.8520   0.2979   3.7549   4.0430   0.0000   0.0000
   10.15    0.85200000   0.8520   0.3010   3.7543   4.0370   0.0000   0.0000
   10.15    0.85200000   0.8520   0.3041   3.7536   4.0320   0.0000   0.0000
   10.15    0.85300000   0.8530   0.3072   3.7529   4.0260   0.0000   0.0000
   10.15    0.85300000   0.8530   0.3103   3.7522   4.0200   0.0000   0.0000
   10.15    0.85300000   0.8530   0.3134   3.7513   4.0140   0.0000   0.0000
   10.15    0.85400000   0.8540   0.3164   3.7505   4.0080   0.0000   0.0000
   10.15    0.85400000   0.8540   0.3195   3.7495   4.0010   0.0000   0.0000
   10.15    0.85500000   0.8550   0.3225   3.7486   3.9950   0.0000   0.0000
   10.15    0.85500000   0.8550   0.3255   3.7476   3.9880   0.0000   0.0000
   10.15    0.85500000   0.8550   0.3285   3.7465   3.9810   0.0000   0.0000
   10.15    0.85600000   0.8560   0.3314   3.7454   3.9730   0.0000   0.0000
   10.15    0.85600000   0.8560   0.3343   3.7443   3.9660   0.0000   0.0000
   10.15    0.85600000   0.8560   0.3371   3.7430   3.9590   0.0000   0.0000
   10.15    0.85700000   0.8570   0.3399   3.7418   3.9510   0.0000   0.0000
   10.15    0.85700000   0.8570   0.3425   3.7403   3.9430   0.0000   0.0000
   10.15    0.85700000   0.8570   0.3452   3.7389   3.9350   0.0000   0.0000
   10.15    0.85800000   0.8580   0.3477   3.7371   3.9250   0.0000   0.0000
   10.15    0.85800000   0.8580   0.3501   3.7352   3.9150   0.0000   0.0000
   10.15    0.85800000   0.8580   0.3524   3.7331   3.9050   0.0000   0.0000
   10.15    0.85900000   0.8590   0.3547   3.7310   3.8940   0.0000   0.0000
   10.15    0.85900000   0.8590   0.3570   3.7287   3.8830   0.0000   0.0000
   10.15    0.86000000   0.8600   0.3594   3.7262   3.8710   0.0000   0.0000
   10.15    0.86000000   0.8600   0.3620   3.7238   3.8580   0.0000   0.0000
   10.15    0.86000000   0.8600   0.3651   3.7212   3.8450   0.0000   0.0000
   10.15    0.86100000   0.8610   0.3683   3.7186   3.8320   0.0000   0.0000
   10.15    0.86100000   0.8610   0.3729   3.7160   3.8170   0.0000   0.0000
   10.15    0.86100000   0.8610   0.3775   3.7133   3.8020   0.0000   0.0000
   10.15    0.86200000   0.8620   0.3843   3.7108   3.7850   0.0000   0.0000
   10.15    0.86200000   0.8620   0.3924   3.7086   3.7690   0.0000   0.0000
   10.15    0.86200000   0.8620   0.4020   3.7067   3.7520   0.0000   0.0000
   10.15    0.86300000   0.8630   0.4134   3.7046   3.7320   0.0000   0.0000
   10.15    0.86300000   0.8630   0.4258   3.7026   3.7120   0.0000   0.0000
   10.15    0.86400000   0.8630   0.4400   3.7008   3.6910   0.0000   0.0000
   10.15    0.86400000   0.8640   0.4563   3.6993   3.6680   0.0000   0.0000
   10.15    0.86400000   0.8640   0.4737   3.6979   3.6450   0.0000   0.0000
   10.15    0.86500000   0.8640   0.4928   3.6966   3.6210   0.0000   0.0000
   10.15    0.86500000   0.8650   0.5132   3.6954   3.5960   0.0000   0.0000
   10.15    0.86500000   0.8650   0.5345   3.6943   3.5710   0.0000   0.0000
   10.15    0.86600000   0.8650   0.5574   3.6933   3.5440   0.0000   0.0000
   10.15    0.86600000   0.8660   0.5815   3.6925   3.5170   0.0000   0.0000
   10.15    0.86600000   0.8660   0.6065   3.6917   3.4890   0.0000   0.0000
   10.15    0.86700000   0.8660   0.6331   3.6911   3.4600   0.0000   0.0000
   10.15    0.86700000   0.8670   0.6611   3.6904   3.4290   0.0000   0.0000
   10.15    0.86800000   0.8670   0.6905   3.6897   3.3970   0.0000   0.0000
   10.15    0.86800000   0.8670   0.7233   3.6890   3.3620   0.0000   0.0000
   10.15    0.86800000   0.8670   0.7578   3.6882   3.3240   0.0000   0.0000
   10.15    0.86900000   0.8680   0.7942   3.6874   3.2850   0.0000   0.0000
   10.15    0.86900000   0.8680   0.8349   3.6862   3.2390   0.0000   0.0000
   10.15    0.86900000   0.8680   0.8778   3.6849   3.1920   0.0000   0.0000
   10.15    0.87000000   0.8680   0.9231   3.6835   3.1400   0.0000   0.0000
   10.15    0.87000000   0.8680   0.9762   3.6818   3.0810   0.0000   0.0000
   10.15    0.87000000   0.8690   1.0335   3.6798   3.0160   0.0000   0.0000
   10.15    0.87100000   0.8690   1.0965   3.6776   2.9440   0.0000   0.0000
   10.15    0.87100000   0.8690   1.1700   3.6745   2.8580   0.0000   0.0000
   10.15    0.87100000   0.8680   1.2439   3.6713   2.7710   0.0000   0.0000
   10.15    0.87200000   0.8680   1.3154   3.6681   2.6870   0.0000   0.0000
   10.15    0.87200000   0.8680   1.4039   3.6637   2.5800   0.0000   0.0000
# log(age) Mini Mact logl logt logg Composition Phase
   10.20    0.80000000   0.8000   0.0473   3.7591   4.2830   0.0000   0.0000
   10.20    0.80000000   0.8000   0.0495   3.7591   4.2810   0.0000   0.0000
   10.20    0.80100000   0.8010   0.0517   3.7592   4.2800   0.0000   0.0000
   10.20    0.80100000   0.8010   0.0539   3.7592   4.2780   0.0000   0.0000
   10.20    0.80100000   0.8010   0.0561   3.7593   4.2760   0.0000   0.0000
   10.20    0.80200000   0.8020   0.0583   3.7593   4.2740   0.0000   0.0000
   10.20    0.80200000   0.8020   0.0606   3.7594   4.2720   0.0000   0.0000
   10.20    0.80200000   0.8020   0.0628   3.7594   4.2700   0.0000   0.0000
   10.20    0.80300000   0.8030   0.0651   3.7594   4.2680   0.0000   0.0000
   10.20    0.80300000   0.8030   0.0673   3.7595   4.2660   0.0000   0.0000
   10.20    0.80300000   0.8030   0.0696   3.7595   4.2640   0.0000   0.0000
   10.20    0.80400000   0.8040   0.0719   3.7595   4.2620   0.0000   0.0000
   10.20    0.80400000   0.8040   0.0743   3.7596   4.2600   0.0000   0.0000
   10.20    0.80400000   0.8040   0.0766   3.7596   4.2580   0.0000   0.0000
   10.20    0.80500000   0.8050   0.0789   3.7596   4.2560   0.0000   0.0000
   10.20    0.80500000   0.8050   0.0813   3.7596   4.2540   0.0000   0.0000
   10.20    0.80500000   0.8050   0.0836   3.7597   4.2520   0.0000   0.0000
   10.20    0.80600000   0.8060   0.0860   3.7597   4.2500   0.0000   0.0000
   10.20    0.80600000   0.8060   0.0884   3.7597   4.2480   0.0000   0.0000
   10.20    0.80600000   0.8060   0.0908   3.7597   4.2460   0.0000   0.0000
   10.20    0.80700000   0.8070   0.0932   3.7597   4.2430   0.0000   0.0000
   10.20    0.80700000   0.8070   0.0956   3.7597   4.2410   0.0000   0.0000
   10.20    0.80700000   0.8070   0.0980   3.7597   4.2390   0.0000   0.0000
   10.20    0.80800000   0.8080   0.1005   3.7597   4.2370   0.0000   0.0000
   10.20    0.80800000   0.8080   0.1029   3.7597   4.2340   0.0000   0.0000
   10.20    0.80800000   0.8080   0.1054   3.7597   4.2320   0.0000   0.0000
   10.20    0.80900000   0.8090   0.1079   3.7597   4.2300   0.0000   0.0000
   10.20    0.80900000   0.8090   0.1104   3.7597   4.2270   0.0000   0.0000
   10.20    0.80900000   0.8090   0.1129   3.7597   4.2250   0.0000   0.0000
   10.20    0.81000000   0.8100   0.1154   3.7597   4.2220   0.0000   0.0000
   10.20    0.81000000   0.8100   0.1180   3.7596   4.2200   0.0000   0.0000
   10.20    0.81000000   0.8100   0.1205   3.7596   4.2170   0.0000   0.0000
   10.20    0.81100000   0.8110   0.1231   3.7595   4.2150   0.0000   0.0000
   10.20    0.81100000   0.8110   0.1257   3.7595   4.2120   0.0000   0.0000
   10.20    0.81100000   0.8110   0.1283   3.7594   4.2100   0.0000   0.0000
   10.20    0.81200000   0.8120   0.1309   3.7594   4.2070   0.0000   0.0000
   10.20    0.81200000   0.8120   0.1335   3.7593   4.2040   0.0000   0.0000
   10.20    0.81200000   0.8120   0.1361   3.7593   4.2020   0.0000   0.0000
   10.20    0.81300000   0.8130   0.1388   3.7592   4.1990   0.0000   0.0000
   10.20    0.81300000   0.8130   0.1415   3.7591   4.1960   0.0000   0.0000
   10.20    0.81300000   0.8130   0.1441   3.7590   4.1930   0.0000   0.0000
   10.20    0.81400000   0.8140   0.1468   3.7589   4.1900   0.0000   0.0000
   10.20    0.81400000   0.8140   0.1495   3.7589   4.1880   0.0000   0.0000
   10.20    0.81400000   0.8140   0.1523   3.7588   4.1850   0.0000   0.0000
   10.20    0.81500000   0.8150   0.1550   3.7587   4.1820   0.0000   0.0000
   10.20    0.81500000   0.8150   0.1578   3.7585   4.1790   0.0000   0.0000
   10.20    0.81600000   0.8160   0.1606   3.7584   4.1760   0.0000   0.0000
   10.20    0.81600000   0.8160   0.1634   3.7583   4.1720   0.0000   0.0000
   10.20    0.81600000   0.8160   0.1662   3.7582   4.1690   0.0000   0.0000
   10.20    0.81700000   0.8170   0.1690   3.7580   4.1660   0.0000   0.0000
   10.20    0.81700000   0.8170   0.1719   3.7579   4.1630   0.0000   0.0000
   10.20    0.81700000   0.8170   0.1747   3.7578   4.1600   0.0000   0.0000
   10.20    0.81800000   0.8180   0.1776   3.7577   4.1570   0.0000   0.0000
   10.20    0.81800000   0.8180   0.1805   3.7575   4.1530   0.0000   0.0000
   10.20    0.81800000   0.8180   0.1834   3.7574   4.1500   0.0000   0.0000
   10.20    0.81900000   0.8190   0.1864   3.7572   4.1470   0.0000   0.0000
   10.20    0.81900000   0.8190   0.1894   3.7571   4.1430   0.0000   0.0000
   10.20    0.81900000   0.8190   0.1923   3.7569   4.1400   0.0000   0.0000
   10.20    0.82000000   0.8200   0.1953   3.7567   4.1360   0.0000   0.0000
   10.20    0.82000000   0.8200   0.1983   3.7565   4.1320   0.0000   0.0000
   10.20    0.82000000   0.8200   0.2014   3.7563   4.1290   0.0000   0.0000
   10.20    0.82100000   0.8210   0.2044   3.7560   4.1250   0.0000   0.0000
   10.20    0.82100000   0.8210   0.2075   3.7558   4.1210   0.0000   0.0000
   10.20    0.82100000   0.8210   0.2106   3.7556   4.1170   0.0000   0.0000
   10.20    0.82200000   0.8220   0.2137   3.7553   4.1130   0.0000   0.0000
   10.20    0.82200000   0.8220   0.2168   3.7550   4.1090   0.0000   0.0000
   10.20    0.82200000   0.8220   0.2199   3.7547   4.1050   0.0000   0.0000
   10.20    0.82300000   0.8230   0.2230   3.7543   4.1000   0.0000   0.0000
   10.20    0.82300000   0.8230   0.2262   3.7540   4.0960   0.0000   0.0000
   10.20    0.82300000   0.8230   0.2294   3.7536   4.0920   0.0000   0.0000
   10.20    0.82400000   0.8240   0.2326   3.7532   4.0870   0.0000   0.0000
   10.20    0.82400000   0.8240   0.2357   3.7528   4.0820   0.0000   0.0000
   10.20    0.82400000   0.8240   0.2390   3.7523   4.0770   0.0000   0.0000
   10.20    0.82500000   0.8250   0.2422   3.7519   4.0730   0.0000   0.0000
   10.20    0.82500000   0.8250   0.2455   3.7513   4.0670   0.0000   0.0000
   10.20    0.82500000   0.8250   0.2487   3.7507   4.0620   0.0000   0.0000
   10.20    0.82600000   0.8260   0.2520   3.7502   4.0560   0.0000   0.0000
   10.20    0.82600000   0.8260   0.2553   3.7496   4.0510   0.0000   0.0000
   10.20    0.82600000   0.8260   0.2586   3.7489   4.0450   0.0000   0.0000
   10.20    0.82700000   0.8270   0.2620   3.7483   4.0400   0.0000   0.0000
   10.20    0.82700000   0.8270   0.2653   3.7474   4.0330   0.0000   0.0000
   10.20    0.82800000   0.8280   0.2685   3.7466   4.0260   0.0000   0.0000
   10.20    0.82800000   0.8280   0.2718   3.7456   4.0200   0.0000   0.0000
   10.20    0.82800000   0.8280   0.2751   3.7446   4.0130   0.0000   0.0000
   10.20    0.82900000   0.8290   0.2784   3.7436   4.0050   0.0000   0.0000
   10.20    0.82900000   0.8290   0.2816   3.7425   3.9980   0.0000   0.0000
   10.20    0.82900000   0.8290   0.2849   3.7414   3.9900   0.0000   0.0000
   10.20    0.83000000   0.8300   0.2881   3.7403   3.9830   0.0000   0.0000
   10.20    0.83000000   0.8300   0.2913   3.7390   3.9750   0.0000   0.0000
   10.20    0.83000000   0.8300   0.2945   3.7377   3.9670   0.0000   0.0000
   10.20    0.83100000   0.8310   0.2977   3.7363   3.9580   0.0000   0.0000
   10.20    0.83100000   0.8310   0.3008   3.7348   3.9490   0.0000   0.0000
   10.20    0.83100000   0.8310   0.3039   3.7332   3.9400   0.0000   0.0000
   10.20    0.83200000   0.8320   0.3069   3.7313   3.9290   0.0000   0.0000
   10.20    0.83200000   0.8320   0.3099   3.7293   3.9190   0.0000   0.0000
   10.20    0.83200000   0.8320   0.3130   3.7271   3.9070   0.0000   0.0000
   10.20    0.83300000   0.8330   0.3161   3.7249   3.8950   0.0000   0.0000
   10.20    0.83300000   0.8330   0.3195   3.7224   3.8820   0.0000   0.0000
   10.20    0.83300000   0.8330   0.3231   3.7199   3.8680   0.0000   0.0000
   10.20    0.83400000   0.8340   0.3273   3.7174   3.8540   0.0000   0.0000
   10.20    0.83400000   0.8340   0.3320   3.7149   3.8400   0.0000   0.0000
   10.20    0.83400000   0.8340   0.3380   3.7124   3.8240   0.0000   0.0000
   10.20    0.83500000   0.8350   0.3445   3.7100   3.8080   0.0000   0.0000
   10.20    0.83500000   0.8350   0.3527   3.7076   3.7900   0.0000   0.0000
   10.20    0.83600000   0.8350   0.3628   3.7055   3.7720   0.0000   0.0000
   10.20    0.83600000   0.8360   0.3741   3.7035   3.7530   0.0000   0.0000
   10.20    0.83600000   0.8360   0.3872   3.7014   3.7320   0.0000   0.0000
   10.20    0.83700000   0.8360   0.4020   3.6997   3.7100   0.0000   0.0000
   10.20    0.83700000   0.8370   0.4180   3.6980   3.6880   0.0000   0.0000
   10.20    0.83700000   0.8370   0.4363   3.6966   3.6640   0.0000   0.0000
   10.20    0.83800000   0.8370   0.4562   3.6954   3.6390   0.0000   0.0000
   10.20    0.83800000   0.8380   0.4772   3.6942   3.6140   0.0000   0.0000
   10.20    0.83800000   0.8380   0.4998   3.6931   3.5870   0.0000   0.0000
   10.20    0.83900000   0.8380   0.5237   3.6921   3.5590   0.0000   0.0000
   10.20    0.83900000   0.8390   0.5487   3.6912   3.5310   0.0000   0.0000
   10.20    0.83900000   0.8390   0.5757   3.6905   3.5010   0.0000   0.0000
   10.20    0.84000000   0.8390   0.6035   3.6898   3.4700   0.0000   0.0000
   10.20    0.84000000   0.8390   0.6323   3.6891   3.4390   0.0000   0.0000
   10.20    0.84000000   0.8400   0.6637   3.6884   3.4050   0.0000   0.0000
   10.20    0.84100000   0.8400   0.6977   3.6877   3.3680   0.0000   0.0000
   10.20    0.84100000   0.8400   0.7336   3.6870   3.3300   0.0000   0.0000
   10.20    0.84100000   0.8400   0.7730   3.6861   3.2870   0.0000   0.0000
   10.20    0.84200000   0.8410   0.8161   3.6849   3.2390   0.0000   0.0000
   10.20    0.84200000   0.8410   0.8618   3.6837   3.1890   0.0000   0.0000
   10.20    0.84300000   0.8410   0.9119   3.6821   3.1320   0.0000   0.0000
   10.20    0.84300000   0.8410   0.9692   3.6803   3.0680   0.0000   0.0000
   10.20    0.84300000   0.8410   1.0318   3.6782   2.9970   0.0000   0.0000
   10.20    0.84400000   0.8410   1.1025   3.6754   2.9150   0.0000   0.0000
   10.20    0.84400000   0.8410   1.1831   3.6720   2.8210   0.0000   0.0000
   10.20    0.84400000   0.8410   1.2603   3.6687   2.7300   0.0000   0.0000
   10.20    0.84500000   0.8400   1.3225   3.6662   2.6580   0.0000   0.0000
   10.20    0.84500000   0.8390   1.4386   3.6602   2.5170   0.0000   0.0000
