#   age       Mtot      Mc        Menv      Mini      logL      logT      logTc     logg      logR      logrhoc   Y         Yc        Z         FeH       OFe       
    9.8000    0.7470    0.4850    0.2620    1.0470    1.7462    3.7115    8.0705    2.3636   11.8160    4.2926    0.2470    0.9490    0.0006   -1.4800    0.6000
    9.8000    0.7480    0.4850    0.2630    1.0480    1.7466    3.7114    8.0705    2.3632   11.8165    4.2926    0.2470    0.9490    0.0006   -1.4800    0.6000
    9.8000    0.7490    0.4850    0.2640    1.0490    1.7470    3.7112    8.0705    2.3628   11.8170    4.2926    0.2470    0.9490    0.0006   -1.4800    0.6000
    9.8000    0.7499    0.4850    0.2649    1.0499    2.6731    3.6323    8.1217    1.1212   12.4380    5.7943    0.2470    0.0000    0.0006   -1.4800    0.6000
    9.8000    0.7509    0.4850    0.2659    1.0509    2.6766    3.6320    8.1215    1.1173   12.4403    5.7970    0.2470    0.0000    0.0006   -1.4800    0.6000
    9.8000    0.7519    0.4850    0.2669    1.0519    2.6801    3.6318    8.1212    1.1133   12.4426    5.7998    0.2470    0.0000    0.0006   -1.4800    0.6000
    9.8000    0.7529    0.4850    0.2679    1.0529    2.6836    3.6315    8.1209    1.1093   12.4449    5.8026    0.2470    0.0000    0.0006   -1.4800    0.6000
    9.8000    0.7539    0.4850    0.2689    1.0539    2.6871    3.6312    8.1206    1.1053   12.4472    5.8053    0.2470    0.0000    0.0006   -1.4800    0.6000
    9.8000    0.7548    0.4850    0.2698    1.0548    2.6906    3.6310    8.1204    1.1013   12.4495    5.8081    0.2470    0.0000    0.0006   -1.4800    0.6000
    9.8000    0.7558    0.4850    0.2708    1.0558    2.6941    3.6307    8.1201    1.0973   12.4517    5.8108    0.2470    0.0000    0.0006   -1.4800    0.6000
    9.8000    0.7568    0.4850    0.2718    1.0568    2.6976    3.6304    8.1198    1.0933   12.4540    5.8136    0.2470    0.0000    0.0006   -1.4800    0.6000
    9.8000    0.7578    0.4850    0.2728    1.0578    2.7012    3.6302    8.1195    1.0893   12.4563    5.8164    0.2470    0.0000    0.0006   -1.4800    0.6000
    9.8000    0.7588    0.4850    0.2738    1.0588    2.7047    3.6299    8.1193    1.0854   12.4586    5.8191    0.2470    0.0000    0.0006   -1.4800    0.6000
    9.8000    0.7597    0.4850    0.2747    1.0597    2.7082    3.6297    8.1190    1.0814   12.4609    5.8219    0.2470    0.0000    0.0006   -1.4800    0.6000
    9.8000    0.7607    0.4850    0.2757    1.0607    2.7117    3.6294    8.1187    1.0774   12.4631    5.8246    0.2470    0.0000    0.0006   -1.4800    0.6000
    9.8000    0.7617    0.4850    0.2767    1.0617    2.7152    3.6291    8.1184    1.0734   12.4654    5.8274    0.2470    0.0000    0.0006   -1.4800    0.6000
    9.8000    0.7627    0.4850    0.2777    1.0627    2.7187    3.6289    8.1182    1.0694   12.4677    5.8302    0.2470    0.0000    0.0006   -1.4800    0.6000
    9.8000    0.7637    0.4850    0.2787    1.0637    2.7222    3.6286    8.1179    1.0654   12.4700    5.8329    0.2470    0.0000    0.0006   -1.4800    0.6000
    9.8000    0.7646    0.4850    0.2796    1.0646    2.7257    3.6283    8.1176    1.0614   12.4723    5.8357    0.2470    0.0000    0.0006   -1.4800    0.6000
    9.8000    0.7656    0.4850    0.2806    1.0656    2.7293    3.6281    8.1173    1.0575   12.4746    5.8384    0.2470    0.0000    0.0006   -1.4800    0.6000
    9.8000    0.7666    0.4850    0.2816    1.0666    2.7328    3.6278    8.1171    1.0535   12.4768    5.8412    0.2470    0.0000    0.0006   -1.4800    0.6000
    9.8000    0.7676    0.4850    0.2826    1.0676    2.7363    3.6276    8.1168    1.0495   12.4791    5.8439    0.2470    0.0000    0.0006   -1.4800    0.6000
    9.8000    0.7686    0.4850    0.2836    1.0686    2.7398    3.6273    8.1165    1.0455   12.4814    5.8467    0.2470    0.0000    0.0006   -1.4800    0.6000
    9.8000    0.7696    0.4850    0.2846    1.0696    2.7433    3.6270    8.1163    1.0415   12.4837    5.8495    0.2470    0.0000    0.0006   -1.4800    0.6000
    9.8000    0.7705    0.4850    0.2855    1.0705    2.7468    3.6268    8.1160    1.0375   12.4860    5.8522    0.2470    0.0000    0.0006   -1.4800    0.6000
    9.8000    0.7715    0.4850    0.2865    1.0715    2.7503    3.6265    8.1157    1.0335   12.4882    5.8550    0.2470    0.0000    0.0006   -1.4800    0.6000
    9.8000    0.7725    0.4850    0.2875    1.0725    2.7538    3.6262    8.1154    1.0295   12.4905    5.8577    0.2470    0.0000    0.0006   -1.4800    0.6000
    9.8000    0.7735    0.4850    0.2885    1.0735    2.7574    3.6260    8.1152    1.0256   12.4928    5.8605    0.2470    0.0000    0.0006   -1.4800    0.6000
    9.8000    0.7745    0.4850    0.2895    1.0745    2.7609    3.6257    8.1149    1.0216   12.4951    5.8633    0.2470    0.0000    0.0006   -1.4800    0.6000
    9.8000    0.7754    0.4850    0.2904    1.0754    2.7644    3.6255    8.1146    1.0176   12.4974    5.8660    0.2470    0.0000    0.0006   -1.4800    0.6000
    9.8000    0.7764    0.4850    0.2914    1.0764    2.7679    3.6252    8.1143    1.0136   12.4997    5.8688    0.2470    0.0000    0.0006   -1.4800    0.6000
    9.8000    0.7774    0.4850    0.2924    1.0774    2.7714    3.6249    8.1141    1.0096   12.5019    5.8715    0.2470    0.0000    0.0006   -1.4800    0.6000
    9.8000    0.7784    0.4850    0.2934    1.0784    2.7749    3.6247    8.1138    1.0056   12.5042    5.8743    0.2470    0.0000    0.0006   -1.4800    0.6000
    9.8000    0.7794    0.4850    0.2944    1.0794    2.7784    3.6244    8.1135    1.0016   12.5065    5.8771    0.2470    0.0000    0.0006   -1.4800    0.6000
#   age       Mtot      Mc        Menv      Mini      logL      logT      logTc     logg      logR      logrhoc   Y         Yc        Z         FeH       OFe       
    9.8500    0.7068    0.4850    0.2218    1.0068    1.7283    3.7172    8.0705    2.3806   11.7957    4.2921    0.2470    0.9490    0.0006   -1.4800    0.6000
    9.8500    0.7078    0.4850    0.2228    1.0078    1.7287    3.7171    8.0705    2.3802   11.7961    4.2922    0.2470    0.9490    0.0006   -1.4800    0.6000
    9.8500    0.7087    0.4850    0.2237    1.0087    1.7291    3.7169    8.0705    2.3798   11.7966    4.2922    0.2470    0.9490    0.0006   -1.4800    0.6000
    9.8500    0.7097    0.4850    0.2247    1.0097    2.5290    3.6431    8.1330    1.2847   12.3445    5.6812    0.2470    0.0000    0.0006   -1.4800    0.6000
    9.8500    0.7107    0.4850    0.2257    1.0107    2.5325    3.6428    8.1327    1.2807   12.3468    5.6839    0.2470    0.0000    0.0006   -1.4800    0.6000
    9.8500    0.7117    0.4850    0.2267    1.0117    2.5361    3.6425    8.1324    1.2767   12.3491    5.6867    0.2470    0.0000    0.0006   -1.4800    0.6000
    9.8500    0.7127    0.4850    0.2277    1.0127    2.5396    3.6423    8.1322    1.2728   12.3513    5.6894    0.2470    0.0000    0.0006   -1.4800    0.6000
    9.8500    0.7136    0.4850    0.2286    1.0136    2.5431    3.6420    8.1319    1.2688   12.3536    5.6922    0.2470    0.0000    0.0006   -1.4800    0.6000
    9.8500    0.7146    0.4850    0.2296    1.0146    2.5466    3.6417    8.1316    1.2648   12.3559    5.6950    0.2470    0.0000    0.0006   -1.4800    0.6000
    9.8500    0.7156    0.4850    0.2306    1.0156    2.5501    3.6415    8.1313    1.2608   12.3582    5.6977    0.2470    0.0000    0.0006   -1.4800    0.6000
    9.8500    0.7166    0.4850    0.2316    1.0166    2.5536    3.6412    8.1311    1.2568   12.3605    5.7005    0.2470    0.0000    0.0006   -1.4800    0.6000
    9.8500    0.7176    0.4850    0.2326    1.0176    2.5571    3.6410    8.1308    1.2528   12.3627    5.7032    0.2470    0.0000    0.0006   -1.4800    0.6000
    9.8500    0.7186    0.4850    0.2336    1.0186    2.5606    3.6407    8.1305    1.2488   12.3650    5.7060    0.2470    0.0000    0.0006   -1.4800    0.6000
    9.8500    0.7195    0.4850    0.2345    1.0195    2.5642    3.6404    8.1303    1.2448   12.3673    5.7087    0.2470    0.0000    0.0006   -1.4800    0.6000
    9.8500    0.7205    0.4850    0.2355    1.0205    2.5677    3.6402    8.1300    1.2409   12.3696    5.7115    0.2470    0.0000    0.0006   -1.4800    0.6000
    9.8500    0.7215    0.4850    0.2365    1.0215    2.5712    3.6399    8.1297    1.2369   12.3719    5.7143    0.2470    0.0000    0.0006   -1.4800    0.6000
    9.8500    0.7225    0.4850    0.2375    1.0225    2.5747    3.6396    8.1294    1.2329   12.3742    5.7170    0.2470    0.0000    0.0006   -1.4800    0.6000
    9.8500    0.7235    0.4850    0.2385    1.0235    2.5782    3.6394    8.1292    1.2289   12.3764    5.7198    0.2470    0.0000    0.0006   -1.4800    0.6000
    9.8500    0.7244    0.4850    0.2394    1.0244    2.5817    3.6391    8.1289    1.2249   12.3787    5.7225    0.2470    0.0000    0.0006   -1.4800    0.6000
    9.8500    0.7254    0.4850    0.2404    1.0254    2.5852    3.6388    8.1286    1.2209   12.3810    5.7253    0.2470    0.0000    0.0006   -1.4800    0.6000
    9.8500    0.7264    0.4850    0.2414    1.0264    2.5887    3.6386    8.1283    1.2169   12.3833    5.7281    0.2470    0.0000    0.0006   -1.4800    0.6000
    9.8500    0.7274    0.4850    0.2424    1.0274    2.5923    3.6383    8.1281    1.2130   12.3856    5.7308    0.2470    0.0000    0.0006   -1.4800    0.6000
    9.8500    0.7284    0.4850    0.2434    1.0284    2.5958    3.6381    8.1278    1.2090   12.3878    5.7336    0.2470    0.0000    0.0006   -1.4800    0.6000
    9.8500    0.7293    0.4850    0.2443    1.0293    2.5993    3.6378    8.1275    1.2050   12.3901    5.7363    0.2470    0.0000    0.0006   -1.4800    0.6000
    9.8500    0.7303    0.4850    0.2453    1.0303    2.6028    3.6375    8.1272    1.2010   12.3924    5.7391    0.2470    0.0000    0.0006   -1.4800    0.6000
    9.8500    0.7313    0.4850    0.2463    1.0313    2.6063    3.6373    8.1270    1.1970   12.3947    5.7419    0.2470    0.0000    0.0006   -1.4800    0.6000
    9.8500    0.7323    0.4850    0.2473    1.0323    2.6098    3.6370    8.1267    1.1930   12.3970    5.7446    0.2470    0.0000    0.0006   -1.4800    0.6000
    9.8500    0.7333    0.4850    0.2483    1.0333    2.6133    3.6367    8.1264    1.1890   12.3993    5.7474    0.2470    0.0000    0.0006   -1.4800    0.6000
    9.8500    0.7342    0.4850    0.2492    1.0342    2.6169    3.6365    8.1261    1.1850   12.4015    5.7501    0.2470    0.0000    0.0006   -1.4800    0.6000
    9.8500    0.7352    0.4850    0.2502    1.0352    2.6204    3.6362    8.1259    1.1811   12.4038    5.7529    0.2470    0.0000    0.0006   -1.4800    0.6000
    9.8500    0.7362    0.4850    0.2512    1.0362    2.6239    3.6360    8.1256    1.1771   12.4061    5.7557    0.2470    0.0000    0.0006   -1.4800    0.6000
    9.8500    0.7372    0.4850    0.2522    1.0372    2.6274    3.6357    8.1253    1.1731   12.4084    5.7584    0.2470    0.0000    0.0006   -1.4800    0.6000
    9.8500    0.7382    0.4850    0.2532    1.0382    2.6309    3.6354    8.1250    1.1691   12.4107    5.7612    0.2470    0.0000    0.0006   -1.4800    0.6000
    9.8500    0.7391    0.4850    0.2541    1.0391    2.6344    3.6352    8.1248    1.1651   12.4129    5.7639    0.2470    0.0000    0.0006   -1.4800    0.6000
    9.8500    0.7401    0.4850    0.2551    1.0401    2.6379    3.6349    8.1245    1.1611   12.4152    5.7667    0.2470    0.0000    0.0006   -1.4800    0.6000
    9.8500    0.7411    0.4850    0.2561    1.0411    2.6414    3.6346    8.1242    1.1571   12.4175    5.7694    0.2470    0.0000    0.0006   -1.4800    0.6000
    9.8500    0.7421    0.4850    0.2571    1.0421    2.6450    3.6344    8.1239    1.1531   12.4198    5.7722    0.2470    0.0000    0.0006   -1.4800    0.6000
    9.8500    0.7431    0.4850    0.2581    1.0431    2.6485    3.6341    8.1237    1.1492   12.4221    5.7750    0.2470    0.0000    0.0006   -1.4800    0.6000
    9.8500    0.7441    0.4850    0.2591    1.0441    2.6520    3.6339    8.1234    1.1452   12.4244    5.7777    0.2470    0.0000    0.0006   -1.4800    0.6000
    9.8500    0.7450    0.4850    0.2600    1.0450    2.6555    3.6336    8.1231    1.1412   12.4266    5.7805    0.2470    0.0000    0.0006   -1.4800    0.6000
    9.8500    0.7460    0.4850    0.2610    1.0460    2.6590    3.6333    8.1228    1.1372   12.4289    5.7832    0.2470    0.0000    0.0006   -1.4800    0.6000
#   age       Mtot      Mc        Menv      Mini      logL      logT      logTc     logg      logR      logrhoc   Y         Yc        Z         FeH       OFe       
    9.9000    0.6685    0.4850    0.1835    0.9685    1.7011    3.7366    8.0707    2.4608   11.7435    4.2915    0.2470    0.9490    0.0006   -1.4800    0.6000
    9.9000    0.7686    0.4850    0.2836    0.9686    1.7558    3.7085    8.0705    2.3545   11.8269    4.2928    0.2470    0.9490    0.0006   -1.4800    0.6000
    9.9000    0.6695    0.4850    0.1845    0.9695    1.7018    3.7360    8.0707    2.4584   11.7450    4.2915    0.2470    0.9490    0.0006   -1.4800    0.6000
    9.9000    0.7696    0.4850    0.2846    0.9696    1.7562    3.7083    8.0705    2.3540   11.8274    4.2928    0.2470    0.9490    0.0006   -1.4800    0.6000
    9.9000    0.6705    0.4850    0.1855    0.9705    1.7026    3.7354    8.0707    2.4560   11.7465    4.2915    0.2470    0.9490    0.0006   -1.4800    0.6000
    9.9000    0.7705    0.4850    0.2855    0.9705    1.7566    3.7082    8.0705    2.3536   11.8279    4.2929    0.2470    0.9490    0.0006   -1.4800    0.6000
    9.9000    0.6715    0.4850    0.1865    0.9715    2.8690    3.6172    8.0692    0.8172   12.5661    5.8816    0.2470    0.0000    0.0006   -1.4800    0.6000
    9.9000    0.7715    0.4850    0.2865    0.9715    2.7503    3.6265    8.1157    1.0335   12.4882    5.8550    0.2470    0.0000    0.0006   -1.4800    0.6000
    9.9000    0.6725    0.4850    0.1875    0.9725    2.8797    3.6163    8.0678    0.8035   12.5732    5.8879    0.2470    0.0000    0.0006   -1.4800    0.6000
    9.9000    0.7725    0.4850    0.2875    0.9725    2.7538    3.6262    8.1154    1.0295   12.4905    5.8577    0.2470    0.0000    0.0006   -1.4800    0.6000
    9.9000    0.6734    0.4850    0.1884    0.9734    2.8904    3.6155    8.0664    0.7899   12.5803    5.8943    0.2470    0.0000    0.0006   -1.4800    0.6000
    9.9000    0.7735    0.4850    0.2885    0.9735    2.7574    3.6260    8.1152    1.0256   12.4928    5.8605    0.2470    0.0000    0.0006   -1.4800    0.6000
    9.9000    0.6744    0.4850    0.1894    0.9744    2.9012    3.6146    8.0650    0.7763   12.5875    5.9006    0.2470    0.0000    0.0006   -1.4800    0.6000
    9.9000    0.7745    0.4850    0.2895    0.9745    2.7609    3.6257    8.1149    1.0216   12.4951    5.8633    0.2470    0.0000    0.0006   -1.4800    0.6000
    9.9000    0.6754    0.4850    0.1904    0.9754    2.9119    3.6137    8.0636    0.7626   12.5946    5.9069    0.2470    0.0000    0.0006   -1.4800    0.6000
    9.9000    0.7754    0.4850    0.2904    0.9754    2.7644    3.6255    8.1146    1.0176   12.4974    5.8660    0.2470    0.0000    0.0006   -1.4800    0.6000
    9.9000    0.6764    0.4850    0.1914    0.9764    2.9226    3.6128    8.0623    0.7490   12.6018    5.9132    0.2470    0.0000    0.0006   -1.4800    0.6000
    9.9000    0.7764    0.4850    0.2914    0.9764    2.7679    3.6252    8.1143    1.0136   12.4997    5.8688    0.2470    0.0000    0.0006   -1.4800    0.6000
    9.9000    0.6774    0.4850    0.1924    0.9774    2.9334    3.6119    8.0609    0.7353   12.6089    5.9195    0.2470    0.0000    0.0006   -1.4800    0.6000
    9.9000    0.7774    0.4850    0.2924    0.9774    2.7714    3.6249    8.1141    1.0096   12.5019    5.8715    0.2470    0.0000    0.0006   -1.4800    0.6000
    9.9000    0.6783    0.4850    0.1933    0.9783    2.9441    3.6110    8.0595    0.7217   12.6160    5.9259    0.2470    0.0000    0.0006   -1.4800    0.6000
    9.9000    0.7784    0.4850    0.2934    0.9784    2.7749    3.6247    8.1138    1.0056   12.5042    5.8743    0.2470    0.0000    0.0006   -1.4800    0.6000
    9.9000    0.6793    0.4850    0.1943    0.9793    2.9548    3.6101    8.0581    0.7081   12.6232    5.9322    0.2470    0.0000    0.0006   -1.4800    0.6000
    9.9000    0.7794    0.4850    0.2944    0.9794    2.7784    3.6244    8.1135    1.0016   12.5065    5.8771    0.2470    0.0000    0.0006   -1.4800    0.6000
    9.9000    0.6803    0.4850    0.1953    0.9803    2.9656    3.6092    8.0568    0.6944   12.6303    5.9385    0.2470    0.0000    0.0006   -1.4800    0.6000
    9.9000    0.6813    0.4850    0.1963    0.9813    2.9763    3.6084    8.0554    0.6808   12.6375    5.9448    0.2470    0.0000    0.0006   -1.4800    0.6000
    9.9000    0.6823    0.4850    0.1973    0.9823    2.9870    3.6075    8.0540    0.6671   12.6446    5.9511    0.2470    0.0000    0.0006   -1.4800    0.6000
    9.9000    0.6832    0.4850    0.1982    0.9832    2.9978    3.6066    8.0526    0.6535   12.6517    5.9574    0.2470    0.0000    0.0006   -1.4800    0.6000
    9.9000    0.6842    0.4850    0.1992    0.9842    3.0085    3.6057    8.0512    0.6399   12.6589    5.9638    0.2470    0.0000    0.0006   -1.4800    0.6000
    9.9000    0.6852    0.4850    0.2002    0.9852    3.0192    3.6048    8.0499    0.6262   12.6660    5.9701    0.2470    0.0000    0.0006   -1.4800    0.6000
    9.9000    0.6862    0.4850    0.2012    0.9862    3.0300    3.6039    8.0485    0.6126   12.6732    5.9764    0.2470    0.0000    0.0006   -1.4800    0.6000
    9.9000    0.6872    0.4850    0.2022    0.9872    3.0407    3.6030    8.0471    0.5990   12.6803    5.9827    0.2470    0.0000    0.0006   -1.4800    0.6000
    9.9000    0.6881    0.4850    0.2031    0.9881    3.0514    3.6021    8.0457    0.5853   12.6874    5.9890    0.2470    0.0000    0.0006   -1.4800    0.6000
    9.9000    0.6891    0.4850    0.2041    0.9891    3.0622    3.6013    8.0443    0.5717   12.6946    5.9954    0.2470    0.0000    0.0006   -1.4800    0.6000
    9.9000    0.6901    0.4850    0.2051    0.9901    3.0729    3.6004    8.0430    0.5580   12.7017    6.0017    0.2470    0.0000    0.0006   -1.4800    0.6000
    9.9000    0.6911    0.4850    0.2061    0.9911    3.0836    3.5995    8.0416    0.5444   12.7089    6.0080    0.2470    0.0000    0.0006   -1.4800    0.6000
    9.9000    0.6921    0.4850    0.2071    0.9921    3.0944    3.5986    8.0402    0.5308   12.7160    6.0143    0.2470    0.0000    0.0006   -1.4800    0.6000
    9.9000    0.6930    0.4850    0.2080    0.9930    3.1051    3.5977    8.0388    0.5171   12.7231    6.0206    0.2470    0.0000    0.0006   -1.4800    0.6000
    9.9000    0.6940    0.4850    0.2090    0.9940    3.1158    3.5968    8.0374    0.5035   12.7303    6.0269    0.2470    0.0000    0.0006   -1.4800    0.6000
    9.9000    0.6950    0.4850    0.2100    0.9950    3.1266    3.5959    8.0361    0.4899   12.7374    6.0333    0.2470    0.0000    0.0006   -1.4800    0.6000
    9.9000    0.6960    0.4850    0.2110    0.9960    3.1373    3.5950    8.0347    0.4762   12.7446    6.0396    0.2470    0.0000    0.0006   -1.4800    0.6000
    9.9000    0.6970    0.4850    0.2120    0.9970    3.1480    3.5942    8.0333    0.4626   12.7517    6.0459    0.2470    0.0000    0.0006   -1.4800    0.6000
    9.9000    0.6980    0.4850    0.2130    0.9980    3.1588    3.5933    8.0319    0.4489   12.7588    6.0522    0.2470    0.0000    0.0006   -1.4800    0.6000
    9.9000    0.6989    0.4850    0.2139    0.9989    3.1695    3.5924    8.0305    0.4353   12.7660    6.0585    0.2470    0.0000    0.0006   -1.4800    0.6000
    9.9000    0.6999    0.4850    0.2149    0.9999    3.1802    3.5915    8.0292    0.4217   12.7731    6.0649    0.2470    0.0000    0.0006   -1.4800    0.6000
    9.9000    0.7009    0.4850    0.2159    1.0009    2.4974    3.6454    8.1355    1.3206   12.3240    5.6563    0.2470    0.0000    0.0006   -1.4800    0.6000
    9.9000    0.7019    0.4850    0.2169    1.0019    2.5009    3.6452    8.1352    1.3166   12.3262    5.6591    0.2470    0.0000    0.0006   -1.4800    0.6000
    9.9000    0.7029    0.4850    0.2179    1.0029    2.5044    3.6449    8.1349    1.3126   12.3285    5.6618    0.2470    0.0000    0.0006   -1.4800    0.6000
    9.9000    0.7038    0.4850    0.2188    1.0038    2.5080    3.6446    8.1346    1.3086   12.3308    5.6646    0.2470    0.0000    0.0006   -1.4800    0.6000
    9.9000    0.7048    0.4850    0.2198    1.0048    2.5115    3.6444    8.1344    1.3047   12.3331    5.6674    0.2470    0.0000    0.0006   -1.4800    0.6000
    9.9000    0.7058    0.4850    0.2208    1.0058    2.5150    3.6441    8.1341    1.3007   12.3354    5.6701    0.2470    0.0000    0.0006   -1.4800    0.6000
#   age       Mtot      Mc        Menv      Mini      logL      logT      logTc     logg      logR      logrhoc   Y         Yc        Z         FeH       OFe       
    9.9500    0.6322    0.4850    0.1472    0.9322    1.6640    3.8079    8.0708    2.7592   11.5823    4.2907    0.2470    0.9495    0.0006   -1.4800    0.6000
    9.9500    0.7323    0.4850    0.2473    0.9323    1.7396    3.7136    8.0705    2.3698   11.8085    4.2924    0.2470    0.9490    0.0006   -1.4800    0.6000
    9.9500    0.6332    0.4850    0.1482    0.9332    1.6653    3.8045    8.0708    2.7453   11.5896    4.2907    0.2470    0.9495    0.0006   -1.4800    0.6000
    9.9500    0.7333    0.4850    0.2483    0.9333    1.7400    3.7135    8.0705    2.3694   11.8090    4.2924    0.2470    0.9490    0.0006   -1.4800    0.6000
    9.9500    0.6342    0.4850    0.1492    0.9342    2.4611    3.6509    8.1216    1.3354   12.2947    5.6415    0.2470    0.0000    0.0006   -1.4800    0.6000
    9.9500    0.7342    0.4850    0.2492    0.9342    2.6169    3.6365    8.1261    1.1850   12.4015    5.7501    0.2470    0.0000    0.0006   -1.4800    0.6000
    9.9500    0.6352    0.4850    0.1502    0.9352    2.4718    3.6501    8.1202    1.3218   12.3019    5.6478    0.2470    0.0000    0.0006   -1.4800    0.6000
    9.9500    0.7352    0.4850    0.2502    0.9352    2.6204    3.6362    8.1259    1.1811   12.4038    5.7529    0.2470    0.0000    0.0006   -1.4800    0.6000
    9.9500    0.6362    0.4850    0.1512    0.9362    2.4826    3.6492    8.1188    1.3081   12.3090    5.6542    0.2470    0.0000    0.0006   -1.4800    0.6000
    9.9500    0.7362    0.4850    0.2512    0.9362    2.6239    3.6360    8.1256    1.1771   12.4061    5.7557    0.2470    0.0000    0.0006   -1.4800    0.6000
    9.9500    0.6371    0.4850    0.1521    0.9371    2.4933    3.6483    8.1174    1.2945   12.3162    5.6605    0.2470    0.0000    0.0006   -1.4800    0.6000
    9.9500    0.7372    0.4850    0.2522    0.9372    2.6274    3.6357    8.1253    1.1731   12.4084    5.7584    0.2470    0.0000    0.0006   -1.4800    0.6000
    9.9500    0.6381    0.4850    0.1531    0.9381    2.5040    3.6474    8.1160    1.2809   12.3233    5.6668    0.2470    0.0000    0.0006   -1.4800    0.6000
    9.9500    0.7382    0.4850    0.2532    0.9382    2.6309    3.6354    8.1250    1.1691   12.4107    5.7612    0.2470    0.0000    0.0006   -1.4800    0.6000
    9.9500    0.6391    0.4850    0.1541    0.9391    2.5148    3.6465    8.1147    1.2672   12.3304    5.6731    0.2470    0.0000    0.0006   -1.4800    0.6000
    9.9500    0.7391    0.4850    0.2541    0.9391    2.6344    3.6352    8.1248    1.1651   12.4129    5.7639    0.2470    0.0000    0.0006   -1.4800    0.6000
    9.9500    0.6401    0.4850    0.1551    0.9401    2.5255    3.6456    8.1133    1.2536   12.3376    5.6794    0.2470    0.0000    0.0006   -1.4800    0.6000
    9.9500    0.7401    0.4850    0.2551    0.9401    2.6379    3.6349    8.1245    1.1611   12.4152    5.7667    0.2470    0.0000    0.0006   -1.4800    0.6000
    9.9500    0.6411    0.4850    0.1561    0.9411    2.5362    3.6447    8.1119    1.2399   12.3447    5.6857    0.2470    0.0000    0.0006   -1.4800    0.6000
    9.9500    0.7411    0.4850    0.2561    0.9411    2.6414    3.6346    8.1242    1.1571   12.4175    5.7694    0.2470    0.0000    0.0006   -1.4800    0.6000
    9.9500    0.6420    0.4850    0.1570    0.9420    2.5470    3.6438    8.1105    1.2263   12.3519    5.6921    0.2470    0.0000    0.0006   -1.4800    0.6000
    9.9500    0.7421    0.4850    0.2571    0.9421    2.6450    3.6344    8.1239    1.1531   12.4198    5.7722    0.2470    0.0000    0.0006   -1.4800    0.6000
    9.9500    0.6430    0.4850    0.1580    0.9430    2.5577    3.6430    8.1092    1.2127   12.3590    5.6984    0.2470    0.0000    0.0006   -1.4800    0.6000
    9.9500    0.7431    0.4850    0.2581    0.9431    2.6485    3.6341    8.1237    1.1492   12.4221    5.7750    0.2470    0.0000    0.0006   -1.4800    0.6000
    9.9500    0.6440    0.4850    0.1590    0.9440    2.5684    3.6421    8.1078    1.1990   12.3661    5.7047    0.2470    0.0000    0.0006   -1.4800    0.6000
    9.9500    0.7441    0.4850    0.2591    0.9441    2.6520    3.6339    8.1234    1.1452   12.4244    5.7777    0.2470    0.0000    0.0006   -1.4800    0.6000
    9.9500    0.6450    0.4850    0.1600    0.9450    2.5792    3.6412    8.1064    1.1854   12.3733    5.7110    0.2470    0.0000    0.0006   -1.4800    0.6000
    9.9500    0.7450    0.4850    0.2600    0.9450    2.6555    3.6336    8.1231    1.1412   12.4266    5.7805    0.2470    0.0000    0.0006   -1.4800    0.6000
    9.9500    0.6460    0.4850    0.1610    0.9460    2.5899    3.6403    8.1050    1.1718   12.3804    5.7173    0.2470    0.0000    0.0006   -1.4800    0.6000
    9.9500    0.7460    0.4850    0.2610    0.9460    2.6590    3.6333    8.1228    1.1372   12.4289    5.7832    0.2470    0.0000    0.0006   -1.4800    0.6000
    9.9500    0.6470    0.4850    0.1620    0.9470    2.6006    3.6394    8.1036    1.1581   12.3876    5.7237    0.2470    0.0000    0.0006   -1.4800    0.6000
    9.9500    0.7470    0.4850    0.2620    0.9470    2.6625    3.6331    8.1226    1.1332   12.4312    5.7860    0.2470    0.0000    0.0006   -1.4800    0.6000
    9.9500    0.6479    0.4850    0.1629    0.9479    2.6114    3.6385    8.1023    1.1445   12.3947    5.7300    0.2470    0.0000    0.0006   -1.4800    0.6000
    9.9500    0.7480    0.4850    0.2630    0.9480    2.6660    3.6328    8.1223    1.1292   12.4335    5.7888    0.2470    0.0000    0.0006   -1.4800    0.6000
    9.9500    0.6489    0.4850    0.1639    0.9489    2.6221    3.6376    8.1009    1.1308   12.4018    5.7363    0.2470    0.0000    0.0006   -1.4800    0.6000
    9.9500    0.7490    0.4850    0.2640    0.9490    2.6695    3.6325    8.1220    1.1252   12.4358    5.7915    0.2470    0.0000    0.0006   -1.4800    0.6000
    9.9500    0.6499    0.4850    0.1649    0.9499    2.6328    3.6368    8.0995    1.1172   12.4090    5.7426    0.2470    0.0000    0.0006   -1.4800    0.6000
    9.9500    0.7499    0.4850    0.2649    0.9499    2.6731    3.6323    8.1217    1.1212   12.4380    5.7943    0.2470    0.0000    0.0006   -1.4800    0.6000
    9.9500    0.6509    0.4850    0.1659    0.9509    2.6436    3.6359    8.0981    1.1036   12.4161    5.7489    0.2470    0.0000    0.0006   -1.4800    0.6000
    9.9500    0.7509    0.4850    0.2659    0.9509    2.6766    3.6320    8.1215    1.1173   12.4403    5.7970    0.2470    0.0000    0.0006   -1.4800    0.6000
    9.9500    0.6519    0.4850    0.1669    0.9519    2.6543    3.6350    8.0967    1.0899   12.4233    5.7552    0.2470    0.0000    0.0006   -1.4800    0.6000
    9.9500    0.7519    0.4850    0.2669    0.9519    2.6801    3.6318    8.1212    1.1133   12.4426    5.7998    0.2470    0.0000    0.0006   -1.4800    0.6000
    9.9500    0.6528    0.4850    0.1678    0.9528    2.6650    3.6341    8.0954    1.0763   12.4304    5.7616    0.2470    0.0000    0.0006   -1.4800    0.6000
    9.9500    0.7529    0.4850    0.2679    0.9529    2.6836    3.6315    8.1209    1.1093   12.4449    5.8026    0.2470    0.0000    0.0006   -1.4800    0.6000
    9.9500    0.6538    0.4850    0.1688    0.9538    2.6758    3.6332    8.0940    1.0627   12.4375    5.7679    0.2470    0.0000    0.0006   -1.4800    0.6000
    9.9500    0.7539    0.4850    0.2689    0.9539    2.6871    3.6312    8.1206    1.1053   12.4472    5.8053    0.2470    0.0000    0.0006   -1.4800    0.6000
    9.9500    0.6548    0.4850    0.1698    0.9548    2.6865    3.6323    8.0926    1.0490   12.4447    5.7742    0.2470    0.0000    0.0006   -1.4800    0.6000
    9.9500    0.7548    0.4850    0.2698    0.9548    2.6906    3.6310    8.1204    1.1013   12.4495    5.8081    0.2470    0.0000    0.0006   -1.4800    0.6000
    9.9500    0.6558    0.4850    0.1708    0.9558    2.6972    3.6314    8.0912    1.0354   12.4518    5.7805    0.2470    0.0000    0.0006   -1.4800    0.6000
    9.9500    0.7558    0.4850    0.2708    0.9558    2.6941    3.6307    8.1201    1.0973   12.4517    5.8108    0.2470    0.0000    0.0006   -1.4800    0.6000
    9.9500    0.6568    0.4850    0.1718    0.9568    2.7080    3.6305    8.0898    1.0217   12.4590    5.7868    0.2470    0.0000    0.0006   -1.4800    0.6000
    9.9500    0.7568    0.4850    0.2718    0.9568    2.6976    3.6304    8.1198    1.0933   12.4540    5.8136    0.2470    0.0000    0.0006   -1.4800    0.6000
    9.9500    0.6577    0.4850    0.1727    0.9577    2.7187    3.6297    8.0885    1.0081   12.4661    5.7932    0.2470    0.0000    0.0006   -1.4800    0.6000
    9.9500    0.7578    0.4850    0.2728    0.9578    2.7012    3.6302    8.1195    1.0893   12.4563    5.8164    0.2470    0.0000    0.0006   -1.4800    0.6000
    9.9500    0.6587    0.4850    0.1737    0.9587    2.7294    3.6288    8.0871    0.9945   12.4732    5.7995    0.2470    0.0000    0.0006   -1.4800    0.6000
    9.9500    0.7588    0.4850    0.2738    0.9588    2.7047    3.6299    8.1193    1.0854   12.4586    5.8191    0.2470    0.0000    0.0006   -1.4800    0.6000
    9.9500    0.6597    0.4850    0.1747    0.9597    2.7402    3.6279    8.0857    0.9808   12.4804    5.8058    0.2470    0.0000    0.0006   -1.4800    0.6000
    9.9500    0.7597    0.4850    0.2747    0.9597    2.7082    3.6297    8.1190    1.0814   12.4609    5.8219    0.2470    0.0000    0.0006   -1.4800    0.6000
    9.9500    0.6607    0.4850    0.1757    0.9607    2.7509    3.6270    8.0843    0.9672   12.4875    5.8121    0.2470    0.0000    0.0006   -1.4800    0.6000
    9.9500    0.7607    0.4850    0.2757    0.9607    2.7117    3.6294    8.1187    1.0774   12.4631    5.8246    0.2470    0.0000    0.0006   -1.4800    0.6000
    9.9500    0.6617    0.4850    0.1767    0.9617    2.7616    3.6261    8.0830    0.9535   12.4947    5.8184    0.2470    0.0000    0.0006   -1.4800    0.6000
    9.9500    0.7617    0.4850    0.2767    0.9617    2.7152    3.6291    8.1184    1.0734   12.4654    5.8274    0.2470    0.0000    0.0006   -1.4800    0.6000
    9.9500    0.6626    0.4850    0.1776    0.9626    2.7724    3.6252    8.0816    0.9399   12.5018    5.8248    0.2470    0.0000    0.0006   -1.4800    0.6000
    9.9500    0.7627    0.4850    0.2777    0.9627    2.7187    3.6289    8.1182    1.0694   12.4677    5.8302    0.2470    0.0000    0.0006   -1.4800    0.6000
    9.9500    0.6636    0.4850    0.1786    0.9636    2.7831    3.6243    8.0802    0.9263   12.5089    5.8311    0.2470    0.0000    0.0006   -1.4800    0.6000
    9.9500    0.7637    0.4850    0.2787    0.9637    2.7222    3.6286    8.1179    1.0654   12.4700    5.8329    0.2470    0.0000    0.0006   -1.4800    0.6000
    9.9500    0.6646    0.4850    0.1796    0.9646    2.7938    3.6234    8.0788    0.9126   12.5161    5.8374    0.2470    0.0000    0.0006   -1.4800    0.6000
    9.9500    0.7646    0.4850    0.2796    0.9646    2.7257    3.6283    8.1176    1.0614   12.4723    5.8357    0.2470    0.0000    0.0006   -1.4800    0.6000
    9.9500    0.6656    0.4850    0.1806    0.9656    2.8046    3.6226    8.0774    0.8990   12.5232    5.8437    0.2470    0.0000    0.0006   -1.4800    0.6000
    9.9500    0.7656    0.4850    0.2806    0.9656    2.7293    3.6281    8.1173    1.0575   12.4746    5.8384    0.2470    0.0000    0.0006   -1.4800    0.6000
    9.9500    0.6666    0.4850    0.1816    0.9666    2.8153    3.6217    8.0761    0.8854   12.5304    5.8500    0.2470    0.0000    0.0006   -1.4800    0.6000
    9.9500    0.7666    0.4850    0.2816    0.9666    2.7328    3.6278    8.1171    1.0535   12.4768    5.8412    0.2470    0.0000    0.0006   -1.4800    0.6000
    9.9500    0.6675    0.4850    0.1825    0.9675    2.8260    3.6208    8.0747    0.8717   12.5375    5.8563    0.2470    0.0000    0.0006   -1.4800    0.6000
    9.9500    0.7676    0.4850    0.2826    0.9676    2.7363    3.6276    8.1168    1.0495   12.4791    5.8439    0.2470    0.0000    0.0006   -1.4800    0.6000
#   age       Mtot      Mc        Menv      Mini      logL      logT      logTc     logg      logR      logrhoc   Y         Yc        Z         FeH       OFe       
   10.0000    0.5969    0.4850    0.1119    0.8969    1.5863    3.9801    8.0710    3.5009   11.1989    4.2890    0.2470    0.9497    0.0006   -1.4800    0.6000
   10.0000    0.6970    0.4850    0.2120    0.8970    1.7229    3.7199    8.0706    2.3909   11.7875    4.2920    0.2470    0.9490    0.0006   -1.4800    0.6000
   10.0000    0.5979    0.4850    0.1129    0.8979    1.5891    3.9751    8.0710    3.4789   11.2103    4.2891    0.2470    0.9497    0.0006   -1.4800    0.6000
   10.0000    0.6980    0.4850    0.2130    0.8980    1.7237    3.7193    8.0706    2.3885   11.7890    4.2920    0.2470    0.9490    0.0006   -1.4800    0.6000
   10.0000    0.5989    0.4850    0.1139    0.8989    2.9401    3.6090    8.0414    0.6640   12.6181    5.9794    0.2470    0.0000    0.0006   -1.4800    0.6000
   10.0000    0.6989    0.4850    0.2139    0.8989    3.1695    3.5924    8.0305    0.4353   12.7660    6.0585    0.2470    0.0000    0.0006   -1.4800    0.6000
   10.0000    0.5999    0.4850    0.1149    0.8999    2.9411    3.6092    8.0412    0.6645   12.6182    5.9806    0.2470    0.0000    0.0006   -1.4800    0.6000
   10.0000    0.6999    0.4850    0.2149    0.8999    3.1802    3.5915    8.0292    0.4217   12.7731    6.0649    0.2470    0.0000    0.0006   -1.4800    0.6000
   10.0000    0.6009    0.4850    0.1159    0.9009    2.9422    3.6094    8.0410    0.6649   12.6184    5.9818    0.2470    0.0000    0.0006   -1.4800    0.6000
   10.0000    0.7009    0.4850    0.2159    0.9009    2.4974    3.6454    8.1355    1.3206   12.3240    5.6563    0.2470    0.0000    0.0006   -1.4800    0.6000
   10.0000    0.6018    0.4850    0.1168    0.9018    2.9432    3.6096    8.0407    0.6654   12.6185    5.9830    0.2470    0.0000    0.0006   -1.4800    0.6000
   10.0000    0.7019    0.4850    0.2169    0.9019    2.5009    3.6452    8.1352    1.3166   12.3262    5.6591    0.2470    0.0000    0.0006   -1.4800    0.6000
   10.0000    0.6028    0.4850    0.1178    0.9028    2.9443    3.6098    8.0405    0.6658   12.6186    5.9842    0.2470    0.0000    0.0006   -1.4800    0.6000
   10.0000    0.7029    0.4850    0.2179    0.9029    2.5044    3.6449    8.1349    1.3126   12.3285    5.6618    0.2470    0.0000    0.0006   -1.4800    0.6000
   10.0000    0.6038    0.4850    0.1188    0.9038    2.9453    3.6100    8.0403    0.6662   12.6188    5.9853    0.2470    0.0000    0.0006   -1.4800    0.6000
   10.0000    0.7038    0.4850    0.2188    0.9038    2.5080    3.6446    8.1346    1.3086   12.3308    5.6646    0.2470    0.0000    0.0006   -1.4800    0.6000
   10.0000    0.6048    0.4850    0.1198    0.9048    2.9463    3.6102    8.0401    0.6667   12.6189    5.9865    0.2470    0.0000    0.0006   -1.4800    0.6000
   10.0000    0.7048    0.4850    0.2198    0.9048    2.5115    3.6444    8.1344    1.3047   12.3331    5.6674    0.2470    0.0000    0.0006   -1.4800    0.6000
   10.0000    0.6058    0.4850    0.1208    0.9058    2.9474    3.6104    8.0398    0.6671   12.6190    5.9877    0.2470    0.0000    0.0006   -1.4800    0.6000
   10.0000    0.7058    0.4850    0.2208    0.9058    2.5150    3.6441    8.1341    1.3007   12.3354    5.6701    0.2470    0.0000    0.0006   -1.4800    0.6000
   10.0000    0.6067    0.4850    0.1217    0.9067    2.9484    3.6106    8.0396    0.6676   12.6192    5.9889    0.2470    0.0000    0.0006   -1.4800    0.6000
   10.0000    0.7068    0.4850    0.2218    0.9068    2.5185    3.6438    8.1338    1.2967   12.3377    5.6729    0.2470    0.0000    0.0006   -1.4800    0.6000
   10.0000    0.6077    0.4850    0.1227    0.9077    2.9495    3.6108    8.0394    0.6680   12.6193    5.9901    0.2470    0.0000    0.0006   -1.4800    0.6000
   10.0000    0.7078    0.4850    0.2228    0.9078    2.5220    3.6436    8.1335    1.2927   12.3399    5.6756    0.2470    0.0000    0.0006   -1.4800    0.6000
   10.0000    0.6087    0.4850    0.1237    0.9087    2.9505    3.6110    8.0392    0.6684   12.6194    5.9913    0.2470    0.0000    0.0006   -1.4800    0.6000
   10.0000    0.7087    0.4850    0.2237    0.9087    2.5255    3.6433    8.1333    1.2887   12.3422    5.6784    0.2470    0.0000    0.0006   -1.4800    0.6000
   10.0000    0.6097    0.4850    0.1247    0.9097    2.9515    3.6111    8.0389    0.6689   12.6196    5.9925    0.2470    0.0000    0.0006   -1.4800    0.6000
   10.0000    0.7097    0.4850    0.2247    0.9097    2.5290    3.6431    8.1330    1.2847   12.3445    5.6812    0.2470    0.0000    0.0006   -1.4800    0.6000
   10.0000    0.6107    0.4850    0.1257    0.9107    2.5929    3.6405    8.0997    1.1456   12.3816    5.7752    0.2470    0.0000    0.0006   -1.4800    0.6000
   10.0000    0.7107    0.4850    0.2257    0.9107    2.5325    3.6428    8.1327    1.2807   12.3468    5.6839    0.2470    0.0000    0.0006   -1.4800    0.6000
   10.0000    0.6116    0.4850    0.1266    0.9116    2.6173    3.6381    8.0960    1.1124   12.3985    5.7886    0.2470    0.0000    0.0006   -1.4800    0.6000
   10.0000    0.7117    0.4850    0.2267    0.9117    2.5361    3.6425    8.1324    1.2767   12.3491    5.6867    0.2470    0.0000    0.0006   -1.4800    0.6000
   10.0000    0.6126    0.4850    0.1276    0.9126    2.6418    3.6357    8.0924    1.0792   12.4154    5.8019    0.2470    0.0000    0.0006   -1.4800    0.6000
   10.0000    0.7127    0.4850    0.2277    0.9127    2.5396    3.6423    8.1322    1.2728   12.3513    5.6894    0.2470    0.0000    0.0006   -1.4800    0.6000
   10.0000    0.6136    0.4850    0.1286    0.9136    2.6662    3.6334    8.0887    1.0461   12.4324    5.8152    0.2470    0.0000    0.0006   -1.4800    0.6000
   10.0000    0.7136    0.4850    0.2286    0.9136    2.5431    3.6420    8.1319    1.2688   12.3536    5.6922    0.2470    0.0000    0.0006   -1.4800    0.6000
   10.0000    0.6146    0.4850    0.1296    0.9146    2.6906    3.6310    8.0850    1.0129   12.4493    5.8286    0.2470    0.0000    0.0006   -1.4800    0.6000
   10.0000    0.7146    0.4850    0.2296    0.9146    2.5466    3.6417    8.1316    1.2648   12.3559    5.6950    0.2470    0.0000    0.0006   -1.4800    0.6000
   10.0000    0.6156    0.4850    0.1306    0.9156    2.7150    3.6286    8.0814    0.9797   12.4662    5.8419    0.2470    0.0000    0.0006   -1.4800    0.6000
   10.0000    0.7156    0.4850    0.2306    0.9156    2.5501    3.6415    8.1313    1.2608   12.3582    5.6977    0.2470    0.0000    0.0006   -1.4800    0.6000
   10.0000    0.6165    0.4850    0.1315    0.9165    2.7394    3.6263    8.0777    0.9465   12.4832    5.8552    0.2470    0.0000    0.0006   -1.4800    0.6000
   10.0000    0.7166    0.4850    0.2316    0.9166    2.5536    3.6412    8.1311    1.2568   12.3605    5.7005    0.2470    0.0000    0.0006   -1.4800    0.6000
   10.0000    0.6175    0.4850    0.1325    0.9175    2.7639    3.6239    8.0741    0.9133   12.5001    5.8686    0.2470    0.0000    0.0006   -1.4800    0.6000
   10.0000    0.7176    0.4850    0.2326    0.9176    2.5571    3.6410    8.1308    1.2528   12.3627    5.7032    0.2470    0.0000    0.0006   -1.4800    0.6000
   10.0000    0.6185    0.4850    0.1335    0.9185    2.7883    3.6215    8.0704    0.8801   12.5171    5.8819    0.2470    0.0000    0.0006   -1.4800    0.6000
   10.0000    0.7186    0.4850    0.2336    0.9186    2.5606    3.6407    8.1305    1.2488   12.3650    5.7060    0.2470    0.0000    0.0006   -1.4800    0.6000
   10.0000    0.6195    0.4850    0.1345    0.9195    2.8127    3.6192    8.0668    0.8469   12.5340    5.8952    0.2470    0.0000    0.0006   -1.4800    0.6000
   10.0000    0.7195    0.4850    0.2345    0.9195    2.5642    3.6404    8.1303    1.2448   12.3673    5.7087    0.2470    0.0000    0.0006   -1.4800    0.6000
   10.0000    0.6205    0.4850    0.1355    0.9205    2.8371    3.6168    8.0631    0.8137   12.5509    5.9086    0.2470    0.0000    0.0006   -1.4800    0.6000
   10.0000    0.7205    0.4850    0.2355    0.9205    2.5677    3.6402    8.1300    1.2409   12.3696    5.7115    0.2470    0.0000    0.0006   -1.4800    0.6000
   10.0000    0.6214    0.4850    0.1364    0.9214    2.8615    3.6144    8.0595    0.7805   12.5679    5.9219    0.2470    0.0000    0.0006   -1.4800    0.6000
   10.0000    0.7215    0.4850    0.2365    0.9215    2.5712    3.6399    8.1297    1.2369   12.3719    5.7143    0.2470    0.0000    0.0006   -1.4800    0.6000
   10.0000    0.6224    0.4850    0.1374    0.9224    2.8860    3.6121    8.0558    0.7473   12.5848    5.9352    0.2470    0.0000    0.0006   -1.4800    0.6000
   10.0000    0.7225    0.4850    0.2375    0.9225    2.5747    3.6396    8.1294    1.2329   12.3742    5.7170    0.2470    0.0000    0.0006   -1.4800    0.6000
   10.0000    0.6234    0.4850    0.1384    0.9234    2.9104    3.6097    8.0522    0.7141   12.6018    5.9485    0.2470    0.0000    0.0006   -1.4800    0.6000
   10.0000    0.7235    0.4850    0.2385    0.9235    2.5782    3.6394    8.1292    1.2289   12.3764    5.7198    0.2470    0.0000    0.0006   -1.4800    0.6000
   10.0000    0.6244    0.4850    0.1394    0.9244    2.9348    3.6073    8.0485    0.6809   12.6187    5.9619    0.2470    0.0000    0.0006   -1.4800    0.6000
   10.0000    0.7244    0.4850    0.2394    0.9244    2.5817    3.6391    8.1289    1.2249   12.3787    5.7225    0.2470    0.0000    0.0006   -1.4800    0.6000
   10.0000    0.6254    0.4850    0.1404    0.9254    2.9592    3.6050    8.0448    0.6477   12.6356    5.9752    0.2470    0.0000    0.0006   -1.4800    0.6000
   10.0000    0.7254    0.4850    0.2404    0.9254    2.5852    3.6388    8.1286    1.2209   12.3810    5.7253    0.2470    0.0000    0.0006   -1.4800    0.6000
   10.0000    0.6264    0.4850    0.1414    0.9264    2.9836    3.6026    8.0412    0.6145   12.6526    5.9885    0.2470    0.0000    0.0006   -1.4800    0.6000
   10.0000    0.7264    0.4850    0.2414    0.9264    2.5887    3.6386    8.1283    1.2169   12.3833    5.7281    0.2470    0.0000    0.0006   -1.4800    0.6000
   10.0000    0.6273    0.4850    0.1423    0.9273    3.0081    3.6002    8.0375    0.5813   12.6695    6.0019    0.2470    0.0000    0.0006   -1.4800    0.6000
   10.0000    0.7274    0.4850    0.2424    0.9274    2.5923    3.6383    8.1281    1.2130   12.3856    5.7308    0.2470    0.0000    0.0006   -1.4800    0.6000
   10.0000    0.6283    0.4850    0.1433    0.9283    3.0325    3.5979    8.0339    0.5481   12.6865    6.0152    0.2470    0.0000    0.0006   -1.4800    0.6000
   10.0000    0.7284    0.4850    0.2434    0.9284    2.5958    3.6381    8.1278    1.2090   12.3878    5.7336    0.2470    0.0000    0.0006   -1.4800    0.6000
   10.0000    0.6293    0.4850    0.1443    0.9293    3.0569    3.5955    8.0302    0.5149   12.7034    6.0285    0.2470    0.0000    0.0006   -1.4800    0.6000
   10.0000    0.7293    0.4850    0.2443    0.9293    2.5993    3.6378    8.1275    1.2050   12.3901    5.7363    0.2470    0.0000    0.0006   -1.4800    0.6000
   10.0000    0.6303    0.4850    0.1453    0.9303    2.4182    3.6545    8.1271    1.3900   12.2662    5.6162    0.2470    0.0000    0.0006   -1.4800    0.6000
   10.0000    0.7303    0.4850    0.2453    0.9303    2.6028    3.6375    8.1272    1.2010   12.3924    5.7391    0.2470    0.0000    0.0006   -1.4800    0.6000
   10.0000    0.6313    0.4850    0.1463    0.9313    2.4289    3.6536    8.1257    1.3763   12.2733    5.6226    0.2470    0.0000    0.0006   -1.4800    0.6000
   10.0000    0.7313    0.4850    0.2463    0.9313    2.6063    3.6373    8.1270    1.1970   12.3947    5.7419    0.2470    0.0000    0.0006   -1.4800    0.6000
#   age       Mtot      Mc        Menv      Mini      logL      logT      logTc     logg      logR      logrhoc   Y         Yc        Z         FeH       OFe       
   10.0500    0.5626    0.4850    0.0776    0.8626    1.4296    4.1474    8.0713    4.3010   10.7860    4.2865    0.2470    0.9496    0.0006   -1.4800    0.6000
   10.0500    0.6626    0.4850    0.1776    0.8626    1.6966    3.7400    8.0707    2.4752   11.7343    4.2914    0.2470    0.9490    0.0006   -1.4800    0.6000
   10.0500    0.7627    0.4850    0.2777    0.8627    1.7531    3.7093    8.0705    2.3569   11.8239    4.2928    0.2470    0.9490    0.0006   -1.4800    0.6000
   10.0500    0.5636    0.4850    0.0786    0.8636    1.4345    4.1426    8.0713    4.2779   10.7980    4.2866    0.2470    0.9496    0.0006   -1.4800    0.6000
   10.0500    0.6636    0.4850    0.1786    0.8636    1.6973    3.7394    8.0707    2.4728   11.7359    4.2914    0.2470    0.9490    0.0006   -1.4800    0.6000
   10.0500    0.7637    0.4850    0.2787    0.8637    1.7536    3.7092    8.0705    2.3565   11.8244    4.2928    0.2470    0.9490    0.0006   -1.4800    0.6000
   10.0500    0.5646    0.4850    0.0796    0.8646    2.4610    3.6619    8.1000    1.3292   12.2727    5.6374    0.2470    0.0000    0.0006   -1.4800    0.6000
   10.0500    0.6646    0.4850    0.1796    0.8646    2.7938    3.6234    8.0788    0.9126   12.5161    5.8374    0.2470    0.0000    0.0006   -1.4800    0.6000
   10.0500    0.7646    0.4850    0.2796    0.8646    2.7257    3.6283    8.1176    1.0614   12.4723    5.8357    0.2470    0.0000    0.0006   -1.4800    0.6000
   10.0500    0.5655    0.4850    0.0805    0.8655    2.4944    3.6588    8.0969    1.2841   12.2956    5.6539    0.2470    0.0000    0.0006   -1.4800    0.6000
   10.0500    0.6656    0.4850    0.1806    0.8656    2.8046    3.6226    8.0774    0.8990   12.5232    5.8437    0.2470    0.0000    0.0006   -1.4800    0.6000
   10.0500    0.7656    0.4850    0.2806    0.8656    2.7293    3.6281    8.1173    1.0575   12.4746    5.8384    0.2470    0.0000    0.0006   -1.4800    0.6000
   10.0500    0.5665    0.4850    0.0815    0.8665    2.5278    3.6557    8.0938    1.2390   12.3186    5.6704    0.2470    0.0000    0.0006   -1.4800    0.6000
   10.0500    0.6666    0.4850    0.1816    0.8666    2.8153    3.6217    8.0761    0.8854   12.5304    5.8500    0.2470    0.0000    0.0006   -1.4800    0.6000
   10.0500    0.7666    0.4850    0.2816    0.8666    2.7328    3.6278    8.1171    1.0535   12.4768    5.8412    0.2470    0.0000    0.0006   -1.4800    0.6000
   10.0500    0.5675    0.4850    0.0825    0.8675    2.5612    3.6526    8.0907    1.1939   12.3415    5.6868    0.2470    0.0000    0.0006   -1.4800    0.6000
   10.0500    0.6675    0.4850    0.1825    0.8675    2.8260    3.6208    8.0747    0.8717   12.5375    5.8563    0.2470    0.0000    0.0006   -1.4800    0.6000
   10.0500    0.7676    0.4850    0.2826    0.8676    2.7363    3.6276    8.1168    1.0495   12.4791    5.8439    0.2470    0.0000    0.0006   -1.4800    0.6000
   10.0500    0.5685    0.4850    0.0835    0.8685    2.5946    3.6495    8.0876    1.1488   12.3644    5.7033    0.2470    0.0000    0.0006   -1.4800    0.6000
   10.0500    0.6685    0.4850    0.1835    0.8685    2.8368    3.6199    8.0733    0.8581   12.5446    5.8627    0.2470    0.0000    0.0006   -1.4800    0.6000
   10.0500    0.7686    0.4850    0.2836    0.8686    2.7398    3.6273    8.1165    1.0455   12.4814    5.8467    0.2470    0.0000    0.0006   -1.4800    0.6000
   10.0500    0.5695    0.4850    0.0845    0.8695    2.6280    3.6464    8.0845    1.1036   12.3873    5.7198    0.2470    0.0000    0.0006   -1.4800    0.6000
   10.0500    0.6695    0.4850    0.1845    0.8695    2.8475    3.6190    8.0719    0.8444   12.5518    5.8690    0.2470    0.0000    0.0006   -1.4800    0.6000
   10.0500    0.7696    0.4850    0.2846    0.8696    2.7433    3.6270    8.1163    1.0415   12.4837    5.8495    0.2470    0.0000    0.0006   -1.4800    0.6000
   10.0500    0.5704    0.4850    0.0854    0.8704    2.6614    3.6433    8.0813    1.0585   12.4102    5.7363    0.2470    0.0000    0.0006   -1.4800    0.6000
   10.0500    0.6705    0.4850    0.1855    0.8705    2.8582    3.6181    8.0705    0.8308   12.5589    5.8753    0.2470    0.0000    0.0006   -1.4800    0.6000
   10.0500    0.7705    0.4850    0.2855    0.8705    2.7468    3.6268    8.1160    1.0375   12.4860    5.8522    0.2470    0.0000    0.0006   -1.4800    0.6000
   10.0500    0.5714    0.4850    0.0864    0.8714    2.6948    3.6402    8.0782    1.0134   12.4332    5.7527    0.2470    0.0000    0.0006   -1.4800    0.6000
   10.0500    0.6715    0.4850    0.1865    0.8715    2.8690    3.6172    8.0692    0.8172   12.5661    5.8816    0.2470    0.0000    0.0006   -1.4800    0.6000
   10.0500    0.7715    0.4850    0.2865    0.8715    2.7503    3.6265    8.1157    1.0335   12.4882    5.8550    0.2470    0.0000    0.0006   -1.4800    0.6000
   10.0500    0.5724    0.4850    0.0874    0.8724    2.7282    3.6370    8.0751    0.9683   12.4561    5.7692    0.2470    0.0000    0.0006   -1.4800    0.6000
   10.0500    0.6725    0.4850    0.1875    0.8725    2.8797    3.6163    8.0678    0.8035   12.5732    5.8879    0.2470    0.0000    0.0006   -1.4800    0.6000
   10.0500    0.7725    0.4850    0.2875    0.8725    2.7538    3.6262    8.1154    1.0295   12.4905    5.8577    0.2470    0.0000    0.0006   -1.4800    0.6000
   10.0500    0.5734    0.4850    0.0884    0.8734    2.7616    3.6339    8.0720    0.9232   12.4790    5.7857    0.2470    0.0000    0.0006   -1.4800    0.6000
   10.0500    0.6734    0.4850    0.1884    0.8734    2.8904    3.6155    8.0664    0.7899   12.5803    5.8943    0.2470    0.0000    0.0006   -1.4800    0.6000
   10.0500    0.7735    0.4850    0.2885    0.8735    2.7574    3.6260    8.1152    1.0256   12.4928    5.8605    0.2470    0.0000    0.0006   -1.4800    0.6000
   10.0500    0.5744    0.4850    0.0894    0.8744    2.7951    3.6308    8.0689    0.8781   12.5019    5.8022    0.2470    0.0000    0.0006   -1.4800    0.6000
   10.0500    0.6744    0.4850    0.1894    0.8744    2.9012    3.6146    8.0650    0.7763   12.5875    5.9006    0.2470    0.0000    0.0006   -1.4800    0.6000
   10.0500    0.7745    0.4850    0.2895    0.8745    2.7609    3.6257    8.1149    1.0216   12.4951    5.8633    0.2470    0.0000    0.0006   -1.4800    0.6000
   10.0500    0.5754    0.4850    0.0904    0.8754    2.8285    3.6277    8.0658    0.8330   12.5249    5.8186    0.2470    0.0000    0.0006   -1.4800    0.6000
   10.0500    0.6754    0.4850    0.1904    0.8754    2.9119    3.6137    8.0636    0.7626   12.5946    5.9069    0.2470    0.0000    0.0006   -1.4800    0.6000
   10.0500    0.7754    0.4850    0.2904    0.8754    2.7644    3.6255    8.1146    1.0176   12.4974    5.8660    0.2470    0.0000    0.0006   -1.4800    0.6000
   10.0500    0.5763    0.4850    0.0913    0.8763    2.8619    3.6246    8.0626    0.7879   12.5478    5.8351    0.2470    0.0000    0.0006   -1.4800    0.6000
   10.0500    0.6764    0.4850    0.1914    0.8764    2.9226    3.6128    8.0623    0.7490   12.6018    5.9132    0.2470    0.0000    0.0006   -1.4800    0.6000
   10.0500    0.7764    0.4850    0.2914    0.8764    2.7679    3.6252    8.1143    1.0136   12.4997    5.8688    0.2470    0.0000    0.0006   -1.4800    0.6000
   10.0500    0.5773    0.4850    0.0923    0.8773    2.8953    3.6215    8.0595    0.7427   12.5707    5.8516    0.2470    0.0000    0.0006   -1.4800    0.6000
   10.0500    0.6774    0.4850    0.1924    0.8774    2.9334    3.6119    8.0609    0.7353   12.6089    5.9195    0.2470    0.0000    0.0006   -1.4800    0.6000
   10.0500    0.7774    0.4850    0.2924    0.8774    2.7714    3.6249    8.1141    1.0096   12.5019    5.8715    0.2470    0.0000    0.0006   -1.4800    0.6000
   10.0500    0.5783    0.4850    0.0933    0.8783    2.9287    3.6184    8.0564    0.6976   12.5936    5.8681    0.2470    0.0000    0.0006   -1.4800    0.6000
   10.0500    0.6783    0.4850    0.1933    0.8783    2.9441    3.6110    8.0595    0.7217   12.6160    5.9259    0.2470    0.0000    0.0006   -1.4800    0.6000
   10.0500    0.7784    0.4850    0.2934    0.8784    2.7749    3.6247    8.1138    1.0056   12.5042    5.8743    0.2470    0.0000    0.0006   -1.4800    0.6000
   10.0500    0.5793    0.4850    0.0943    0.8793    2.9621    3.6152    8.0533    0.6525   12.6166    5.8846    0.2470    0.0000    0.0006   -1.4800    0.6000
   10.0500    0.6793    0.4850    0.1943    0.8793    2.9548    3.6101    8.0581    0.7081   12.6232    5.9322    0.2470    0.0000    0.0006   -1.4800    0.6000
   10.0500    0.7794    0.4850    0.2944    0.8794    2.7784    3.6244    8.1135    1.0016   12.5065    5.8771    0.2470    0.0000    0.0006   -1.4800    0.6000
   10.0500    0.5803    0.4850    0.0953    0.8803    2.9955    3.6121    8.0502    0.6074   12.6395    5.9010    0.2470    0.0000    0.0006   -1.4800    0.6000
   10.0500    0.6803    0.4850    0.1953    0.8803    2.9656    3.6092    8.0568    0.6944   12.6303    5.9385    0.2470    0.0000    0.0006   -1.4800    0.6000
   10.0500    0.5812    0.4850    0.0962    0.8812    3.0289    3.6090    8.0471    0.5623   12.6624    5.9175    0.2470    0.0000    0.0006   -1.4800    0.6000
   10.0500    0.6813    0.4850    0.1963    0.8813    2.9763    3.6084    8.0554    0.6808   12.6375    5.9448    0.2470    0.0000    0.0006   -1.4800    0.6000
   10.0500    0.5822    0.4850    0.0972    0.8822    3.0623    3.6059    8.0439    0.5172   12.6853    5.9340    0.2470    0.0000    0.0006   -1.4800    0.6000
   10.0500    0.6823    0.4850    0.1973    0.8823    2.9870    3.6075    8.0540    0.6671   12.6446    5.9511    0.2470    0.0000    0.0006   -1.4800    0.6000
   10.0500    0.5832    0.4850    0.0982    0.8832    3.0957    3.6028    8.0408    0.4721   12.7082    5.9505    0.2470    0.0000    0.0006   -1.4800    0.6000
   10.0500    0.6832    0.4850    0.1982    0.8832    2.9978    3.6066    8.0526    0.6535   12.6517    5.9574    0.2470    0.0000    0.0006   -1.4800    0.6000
   10.0500    0.5842    0.4850    0.0992    0.8842    3.1291    3.5997    8.0377    0.4270   12.7312    5.9669    0.2470    0.0000    0.0006   -1.4800    0.6000
   10.0500    0.6842    0.4850    0.1992    0.8842    3.0085    3.6057    8.0512    0.6399   12.6589    5.9638    0.2470    0.0000    0.0006   -1.4800    0.6000
   10.0500    0.5852    0.4850    0.1002    0.8852    3.1625    3.5966    8.0346    0.3818   12.7541    5.9834    0.2470    0.0000    0.0006   -1.4800    0.6000
   10.0500    0.6852    0.4850    0.2002    0.8852    3.0192    3.6048    8.0499    0.6262   12.6660    5.9701    0.2470    0.0000    0.0006   -1.4800    0.6000
   10.0500    0.5861    0.4850    0.1011    0.8861    3.1959    3.5934    8.0315    0.3367   12.7770    5.9999    0.2470    0.0000    0.0006   -1.4800    0.6000
   10.0500    0.6862    0.4850    0.2012    0.8862    3.0300    3.6039    8.0485    0.6126   12.6732    5.9764    0.2470    0.0000    0.0006   -1.4800    0.6000
   10.0500    0.5871    0.4850    0.1021    0.8871    3.2293    3.5903    8.0284    0.2916   12.7999    6.0164    0.2470    0.0000    0.0006   -1.4800    0.6000
   10.0500    0.6872    0.4850    0.2022    0.8872    3.0407    3.6030    8.0471    0.5990   12.6803    5.9827    0.2470    0.0000    0.0006   -1.4800    0.6000
   10.0500    0.5881    0.4850    0.1031    0.8881    3.2627    3.5872    8.0252    0.2465   12.8229    6.0328    0.2470    0.0000    0.0006   -1.4800    0.6000
   10.0500    0.6881    0.4850    0.2031    0.8881    3.0514    3.6021    8.0457    0.5853   12.6874    5.9890    0.2470    0.0000    0.0006   -1.4800    0.6000
   10.0500    0.5891    0.4850    0.1041    0.8891    3.2961    3.5841    8.0221    0.2014   12.8458    6.0493    0.2470    0.0000    0.0006   -1.4800    0.6000
   10.0500    0.6891    0.4850    0.2041    0.8891    3.0622    3.6013    8.0443    0.5717   12.6946    5.9954    0.2470    0.0000    0.0006   -1.4800    0.6000
   10.0500    0.5901    0.4850    0.1051    0.8901    2.9307    3.6072    8.0434    0.6601   12.6169    5.9687    0.2470    0.0000    0.0006   -1.4800    0.6000
   10.0500    0.6901    0.4850    0.2051    0.8901    3.0729    3.6004    8.0430    0.5580   12.7017    6.0017    0.2470    0.0000    0.0006   -1.4800    0.6000
   10.0500    0.5910    0.4850    0.1060    0.8910    2.9318    3.6074    8.0432    0.6605   12.6170    5.9699    0.2470    0.0000    0.0006   -1.4800    0.6000
   10.0500    0.6911    0.4850    0.2061    0.8911    3.0836    3.5995    8.0416    0.5444   12.7089    6.0080    0.2470    0.0000    0.0006   -1.4800    0.6000
   10.0500    0.5920    0.4850    0.1070    0.8920    2.9328    3.6076    8.0430    0.6610   12.6172    5.9711    0.2470    0.0000    0.0006   -1.4800    0.6000
   10.0500    0.6921    0.4850    0.2071    0.8921    3.0944    3.5986    8.0402    0.5308   12.7160    6.0143    0.2470    0.0000    0.0006   -1.4800    0.6000
   10.0500    0.5930    0.4850    0.1080    0.8930    2.9339    3.6078    8.0427    0.6614   12.6173    5.9723    0.2470    0.0000    0.0006   -1.4800    0.6000
   10.0500    0.6930    0.4850    0.2080    0.8930    3.1051    3.5977    8.0388    0.5171   12.7231    6.0206    0.2470    0.0000    0.0006   -1.4800    0.6000
   10.0500    0.5940    0.4850    0.1090    0.8940    2.9349    3.6080    8.0425    0.6619   12.6174    5.9735    0.2470    0.0000    0.0006   -1.4800    0.6000
   10.0500    0.6940    0.4850    0.2090    0.8940    3.1158    3.5968    8.0374    0.5035   12.7303    6.0269    0.2470    0.0000    0.0006   -1.4800    0.6000
   10.0500    0.5950    0.4850    0.1100    0.8950    2.9359    3.6082    8.0423    0.6623   12.6176    5.9747    0.2470    0.0000    0.0006   -1.4800    0.6000
   10.0500    0.6950    0.4850    0.2100    0.8950    3.1266    3.5959    8.0361    0.4899   12.7374    6.0333    0.2470    0.0000    0.0006   -1.4800    0.6000
   10.0500    0.5959    0.4850    0.1109    0.8959    2.9370    3.6084    8.0421    0.6627   12.6177    5.9759    0.2470    0.0000    0.0006   -1.4800    0.6000
   10.0500    0.6960    0.4850    0.2110    0.8960    3.1373    3.5950    8.0347    0.4762   12.7446    6.0396    0.2470    0.0000    0.0006   -1.4800    0.6000
#   age       Mtot      Mc        Menv      Mini      logL      logT      logTc     logg      logR      logrhoc   Y         Yc        Z         FeH       OFe       
   10.1000    0.5302    0.4850    0.0452    0.8302    1.2797    4.2584    8.0705    4.8694   10.4890    4.2925    0.2470    0.9496    0.0006   -1.4800    0.6000
   10.1000    0.6303    0.4850    0.1453    0.8303    1.6615    3.8145    8.0708    2.7872   11.5677    4.2906    0.2470    0.9496    0.0006   -1.4800    0.6000
   10.1000    0.7303    0.4850    0.2453    0.8303    1.7387    3.7139    8.0705    2.3706   11.8076    4.2924    0.2470    0.9490    0.0006   -1.4800    0.6000
   10.1000    0.5312    0.4850    0.0462    0.8312    1.2826    4.2556    8.0706    4.8560   10.4960    4.2921    0.2470    0.9496    0.0006   -1.4800    0.6000
   10.1000    0.6313    0.4850    0.1463    0.8313    1.6627    3.8112    8.0708    2.7732   11.5750    4.2906    0.2470    0.9495    0.0006   -1.4800    0.6000
   10.1000    0.7313    0.4850    0.2463    0.8313    1.7392    3.7137    8.0705    2.3702   11.8081    4.2924    0.2470    0.9490    0.0006   -1.4800    0.6000
   10.1000    0.5322    0.4850    0.0472    0.8322    2.6633    3.6516    8.0560    1.0599   12.3945    5.8398    0.2470    0.0000    0.0006   -1.4800    0.6000
   10.1000    0.6322    0.4850    0.1472    0.8322    2.4396    3.6527    8.1243    1.3627   12.2805    5.6289    0.2470    0.0000    0.0006   -1.4800    0.6000
   10.1000    0.7323    0.4850    0.2473    0.8323    2.6098    3.6370    8.1267    1.1930   12.3970    5.7446    0.2470    0.0000    0.0006   -1.4800    0.6000
   10.1000    0.5332    0.4850    0.0482    0.8332    2.6981    3.6473    8.0511    1.0087   12.4205    5.8569    0.2470    0.0000    0.0006   -1.4800    0.6000
   10.1000    0.6332    0.4850    0.1482    0.8332    2.4504    3.6518    8.1229    1.3491   12.2876    5.6352    0.2470    0.0000    0.0006   -1.4800    0.6000
   10.1000    0.7333    0.4850    0.2483    0.8333    2.6133    3.6367    8.1264    1.1890   12.3993    5.7474    0.2470    0.0000    0.0006   -1.4800    0.6000
   10.1000    0.5342    0.4850    0.0492    0.8342    2.7329    3.6430    8.0461    0.9574   12.4466    5.8739    0.2470    0.0000    0.0006   -1.4800    0.6000
   10.1000    0.6342    0.4850    0.1492    0.8342    2.4611    3.6509    8.1216    1.3354   12.2947    5.6415    0.2470    0.0000    0.0006   -1.4800    0.6000
   10.1000    0.7342    0.4850    0.2492    0.8342    2.6169    3.6365    8.1261    1.1850   12.4015    5.7501    0.2470    0.0000    0.0006   -1.4800    0.6000
   10.1000    0.5351    0.4850    0.0501    0.8351    2.7677    3.6387    8.0411    0.9062   12.4726    5.8910    0.2470    0.0000    0.0006   -1.4800    0.6000
   10.1000    0.6352    0.4850    0.1502    0.8352    2.4718    3.6501    8.1202    1.3218   12.3019    5.6478    0.2470    0.0000    0.0006   -1.4800    0.6000
   10.1000    0.7352    0.4850    0.2502    0.8352    2.6204    3.6362    8.1259    1.1811   12.4038    5.7529    0.2470    0.0000    0.0006   -1.4800    0.6000
   10.1000    0.5361    0.4850    0.0511    0.8361    2.8025    3.6344    8.0361    0.8550   12.4986    5.9080    0.2470    0.0000    0.0006   -1.4800    0.6000
   10.1000    0.6362    0.4850    0.1512    0.8362    2.4826    3.6492    8.1188    1.3081   12.3090    5.6542    0.2470    0.0000    0.0006   -1.4800    0.6000
   10.1000    0.7362    0.4850    0.2512    0.8362    2.6239    3.6360    8.1256    1.1771   12.4061    5.7557    0.2470    0.0000    0.0006   -1.4800    0.6000
   10.1000    0.5371    0.4850    0.0521    0.8371    2.8373    3.6301    8.0311    0.8037   12.5246    5.9251    0.2470    0.0000    0.0006   -1.4800    0.6000
   10.1000    0.6371    0.4850    0.1521    0.8371    2.4933    3.6483    8.1174    1.2945   12.3162    5.6605    0.2470    0.0000    0.0006   -1.4800    0.6000
   10.1000    0.7372    0.4850    0.2522    0.8372    2.6274    3.6357    8.1253    1.1731   12.4084    5.7584    0.2470    0.0000    0.0006   -1.4800    0.6000
   10.1000    0.5381    0.4850    0.0531    0.8381    2.8721    3.6258    8.0262    0.7525   12.5506    5.9421    0.2470    0.0000    0.0006   -1.4800    0.6000
   10.1000    0.6381    0.4850    0.1531    0.8381    2.5040    3.6474    8.1160    1.2809   12.3233    5.6668    0.2470    0.0000    0.0006   -1.4800    0.6000
   10.1000    0.7382    0.4850    0.2532    0.8382    2.6309    3.6354    8.1250    1.1691   12.4107    5.7612    0.2470    0.0000    0.0006   -1.4800    0.6000
   10.1000    0.5391    0.4850    0.0541    0.8391    2.9069    3.6214    8.0212    0.7013   12.5766    5.9592    0.2470    0.0000    0.0006   -1.4800    0.6000
   10.1000    0.6391    0.4850    0.1541    0.8391    2.5148    3.6465    8.1147    1.2672   12.3304    5.6731    0.2470    0.0000    0.0006   -1.4800    0.6000
   10.1000    0.7391    0.4850    0.2541    0.8391    2.6344    3.6352    8.1248    1.1651   12.4129    5.7639    0.2470    0.0000    0.0006   -1.4800    0.6000
   10.1000    0.5400    0.4850    0.0550    0.8400    2.3523    3.6831    8.0998    1.5032   12.1760    5.6241    0.2470    0.0000    0.0006   -1.4800    0.6000
   10.1000    0.6401    0.4850    0.1551    0.8401    2.5255    3.6456    8.1133    1.2536   12.3376    5.6794    0.2470    0.0000    0.0006   -1.4800    0.6000
   10.1000    0.7401    0.4850    0.2551    0.8401    2.6379    3.6349    8.1245    1.1611   12.4152    5.7667    0.2470    0.0000    0.0006   -1.4800    0.6000
   10.1000    0.5410    0.4850    0.0560    0.8410    2.3831    3.6798    8.0956    1.4599   12.1980    5.6426    0.2470    0.0000    0.0006   -1.4800    0.6000
   10.1000    0.6411    0.4850    0.1561    0.8411    2.5362    3.6447    8.1119    1.2399   12.3447    5.6857    0.2470    0.0000    0.0006   -1.4800    0.6000
   10.1000    0.7411    0.4850    0.2561    0.8411    2.6414    3.6346    8.1242    1.1571   12.4175    5.7694    0.2470    0.0000    0.0006   -1.4800    0.6000
   10.1000    0.5420    0.4850    0.0570    0.8420    2.4139    3.6765    8.0914    1.4167   12.2200    5.6611    0.2470    0.0000    0.0006   -1.4800    0.6000
   10.1000    0.6420    0.4850    0.1570    0.8420    2.5470    3.6438    8.1105    1.2263   12.3519    5.6921    0.2470    0.0000    0.0006   -1.4800    0.6000
   10.1000    0.7421    0.4850    0.2571    0.8421    2.6450    3.6344    8.1239    1.1531   12.4198    5.7722    0.2470    0.0000    0.0006   -1.4800    0.6000
   10.1000    0.5430    0.4850    0.0580    0.8430    2.4447    3.6732    8.0871    1.3735   12.2420    5.6795    0.2470    0.0000    0.0006   -1.4800    0.6000
   10.1000    0.6430    0.4850    0.1580    0.8430    2.5577    3.6430    8.1092    1.2127   12.3590    5.6984    0.2470    0.0000    0.0006   -1.4800    0.6000
   10.1000    0.7431    0.4850    0.2581    0.8431    2.6485    3.6341    8.1237    1.1492   12.4221    5.7750    0.2470    0.0000    0.0006   -1.4800    0.6000
   10.1000    0.5440    0.4850    0.0590    0.8440    2.4755    3.6699    8.0829    1.3302   12.2640    5.6980    0.2470    0.0000    0.0006   -1.4800    0.6000
   10.1000    0.6440    0.4850    0.1590    0.8440    2.5684    3.6421    8.1078    1.1990   12.3661    5.7047    0.2470    0.0000    0.0006   -1.4800    0.6000
   10.1000    0.7441    0.4850    0.2591    0.8441    2.6520    3.6339    8.1234    1.1452   12.4244    5.7777    0.2470    0.0000    0.0006   -1.4800    0.6000
   10.1000    0.5449    0.4850    0.0599    0.8449    2.5063    3.6666    8.0786    1.2870   12.2860    5.7164    0.2470    0.0000    0.0006   -1.4800    0.6000
   10.1000    0.6450    0.4850    0.1600    0.8450    2.5792    3.6412    8.1064    1.1854   12.3733    5.7110    0.2470    0.0000    0.0006   -1.4800    0.6000
   10.1000    0.7450    0.4850    0.2600    0.8450    2.6555    3.6336    8.1231    1.1412   12.4266    5.7805    0.2470    0.0000    0.0006   -1.4800    0.6000
   10.1000    0.5459    0.4850    0.0609    0.8459    2.5371    3.6632    8.0744    1.2438   12.3080    5.7349    0.2470    0.0000    0.0006   -1.4800    0.6000
   10.1000    0.6460    0.4850    0.1610    0.8460    2.5899    3.6403    8.1050    1.1718   12.3804    5.7173    0.2470    0.0000    0.0006   -1.4800    0.6000
   10.1000    0.7460    0.4850    0.2610    0.8460    2.6590    3.6333    8.1228    1.1372   12.4289    5.7832    0.2470    0.0000    0.0006   -1.4800    0.6000
   10.1000    0.5469    0.4850    0.0619    0.8469    2.5678    3.6599    8.0702    1.2005   12.3301    5.7533    0.2470    0.0000    0.0006   -1.4800    0.6000
   10.1000    0.6470    0.4850    0.1620    0.8470    2.6006    3.6394    8.1036    1.1581   12.3876    5.7237    0.2470    0.0000    0.0006   -1.4800    0.6000
   10.1000    0.7470    0.4850    0.2620    0.8470    2.6625    3.6331    8.1226    1.1332   12.4312    5.7860    0.2470    0.0000    0.0006   -1.4800    0.6000
   10.1000    0.5479    0.4850    0.0629    0.8479    2.5986    3.6566    8.0659    1.1573   12.3521    5.7718    0.2470    0.0000    0.0006   -1.4800    0.6000
   10.1000    0.6479    0.4850    0.1629    0.8479    2.6114    3.6385    8.1023    1.1445   12.3947    5.7300    0.2470    0.0000    0.0006   -1.4800    0.6000
   10.1000    0.7480    0.4850    0.2630    0.8480    2.6660    3.6328    8.1223    1.1292   12.4335    5.7888    0.2470    0.0000    0.0006   -1.4800    0.6000
   10.1000    0.5489    0.4850    0.0639    0.8489    2.6294    3.6533    8.0617    1.1141   12.3741    5.7903    0.2470    0.0000    0.0006   -1.4800    0.6000
   10.1000    0.6489    0.4850    0.1639    0.8489    2.6221    3.6376    8.1009    1.1308   12.4018    5.7363    0.2470    0.0000    0.0006   -1.4800    0.6000
   10.1000    0.7490    0.4850    0.2640    0.8490    2.6695    3.6325    8.1220    1.1252   12.4358    5.7915    0.2470    0.0000    0.0006   -1.4800    0.6000
   10.1000    0.5499    0.4850    0.0649    0.8499    2.6602    3.6500    8.0575    1.0708   12.3961    5.8087    0.2470    0.0000    0.0006   -1.4800    0.6000
   10.1000    0.6499    0.4850    0.1649    0.8499    2.6328    3.6368    8.0995    1.1172   12.4090    5.7426    0.2470    0.0000    0.0006   -1.4800    0.6000
   10.1000    0.7499    0.4850    0.2649    0.8499    2.6731    3.6323    8.1217    1.1212   12.4380    5.7943    0.2470    0.0000    0.0006   -1.4800    0.6000
   10.1000    0.5508    0.4850    0.0658    0.8508    2.6910    3.6467    8.0532    1.0276   12.4181    5.8272    0.2470    0.0000    0.0006   -1.4800    0.6000
   10.1000    0.6509    0.4850    0.1659    0.8509    2.6436    3.6359    8.0981    1.1036   12.4161    5.7489    0.2470    0.0000    0.0006   -1.4800    0.6000
   10.1000    0.7509    0.4850    0.2659    0.8509    2.6766    3.6320    8.1215    1.1173   12.4403    5.7970    0.2470    0.0000    0.0006   -1.4800    0.6000
   10.1000    0.5518    0.4850    0.0668    0.8518    2.7218    3.6434    8.0490    0.9844   12.4401    5.8456    0.2470    0.0000    0.0006   -1.4800    0.6000
   10.1000    0.6519    0.4850    0.1669    0.8519    2.6543    3.6350    8.0967    1.0899   12.4233    5.7552    0.2470    0.0000    0.0006   -1.4800    0.6000
   10.1000    0.7519    0.4850    0.2669    0.8519    2.6801    3.6318    8.1212    1.1133   12.4426    5.7998    0.2470    0.0000    0.0006   -1.4800    0.6000
   10.1000    0.5528    0.4850    0.0678    0.8528    2.7526    3.6401    8.0448    0.9411   12.4621    5.8641    0.2470    0.0000    0.0006   -1.4800    0.6000
   10.1000    0.6528    0.4850    0.1678    0.8528    2.6650    3.6341    8.0954    1.0763   12.4304    5.7616    0.2470    0.0000    0.0006   -1.4800    0.6000
   10.1000    0.7529    0.4850    0.2679    0.8529    2.6836    3.6315    8.1209    1.1093   12.4449    5.8026    0.2470    0.0000    0.0006   -1.4800    0.6000
   10.1000    0.5538    0.4850    0.0688    0.8538    2.7833    3.6368    8.0405    0.8979   12.4841    5.8826    0.2470    0.0000    0.0006   -1.4800    0.6000
   10.1000    0.6538    0.4850    0.1688    0.8538    2.6758    3.6332    8.0940    1.0627   12.4375    5.7679    0.2470    0.0000    0.0006   -1.4800    0.6000
   10.1000    0.7539    0.4850    0.2689    0.8539    2.6871    3.6312    8.1206    1.1053   12.4472    5.8053    0.2470    0.0000    0.0006   -1.4800    0.6000
   10.1000    0.5548    0.4850    0.0698    0.8548    2.8141    3.6335    8.0363    0.8547   12.5061    5.9010    0.2470    0.0000    0.0006   -1.4800    0.6000
   10.1000    0.6548    0.4850    0.1698    0.8548    2.6865    3.6323    8.0926    1.0490   12.4447    5.7742    0.2470    0.0000    0.0006   -1.4800    0.6000
   10.1000    0.7548    0.4850    0.2698    0.8548    2.6906    3.6310    8.1204    1.1013   12.4495    5.8081    0.2470    0.0000    0.0006   -1.4800    0.6000
   10.1000    0.5557    0.4850    0.0707    0.8557    2.8449    3.6302    8.0321    0.8114   12.5281    5.9195    0.2470    0.0000    0.0006   -1.4800    0.6000
   10.1000    0.6558    0.4850    0.1708    0.8558    2.6972    3.6314    8.0912    1.0354   12.4518    5.7805    0.2470    0.0000    0.0006   -1.4800    0.6000
   10.1000    0.7558    0.4850    0.2708    0.8558    2.6941    3.6307    8.1201    1.0973   12.4517    5.8108    0.2470    0.0000    0.0006   -1.4800    0.6000
   10.1000    0.5567    0.4850    0.0717    0.8567    2.8757    3.6269    8.0278    0.7682   12.5501    5.9379    0.2470    0.0000    0.0006   -1.4800    0.6000
   10.1000    0.6568    0.4850    0.1718    0.8568    2.7080    3.6305    8.0898    1.0217   12.4590    5.7868    0.2470    0.0000    0.0006   -1.4800    0.6000
   10.1000    0.7568    0.4850    0.2718    0.8568    2.6976    3.6304    8.1198    1.0933   12.4540    5.8136    0.2470    0.0000    0.0006   -1.4800    0.6000
   10.1000    0.5577    0.4850    0.0727    0.8577    2.9065    3.6236    8.0236    0.7250   12.5721    5.9564    0.2470    0.0000    0.0006   -1.4800    0.6000
   10.1000    0.6577    0.4850    0.1727    0.8577    2.7187    3.6297    8.0885    1.0081   12.4661    5.7932    0.2470    0.0000    0.0006   -1.4800    0.6000
   10.1000    0.7578    0.4850    0.2728    0.8578    2.7012    3.6302    8.1195    1.0893   12.4563    5.8164    0.2470    0.0000    0.0006   -1.4800    0.6000
   10.1000    0.5587    0.4850    0.0737    0.8587    2.9373    3.6203    8.0194    0.6817   12.5941    5.9748    0.2470    0.0000    0.0006   -1.4800    0.6000
   10.1000    0.6587    0.4850    0.1737    0.8587    2.7294    3.6288    8.0871    0.9945   12.4732    5.7995    0.2470    0.0000    0.0006   -1.4800    0.6000
   10.1000    0.7588    0.4850    0.2738    0.8588    2.7047    3.6299    8.1193    1.0854   12.4586    5.8191    0.2470    0.0000    0.0006   -1.4800    0.6000
   10.1000    0.5597    0.4850    0.0747    0.8597    2.9681    3.6170    8.0151    0.6385   12.6161    5.9933    0.2470    0.0000    0.0006   -1.4800    0.6000
   10.1000    0.6597    0.4850    0.1747    0.8597    2.7402    3.6279    8.0857    0.9808   12.4804    5.8058    0.2470    0.0000    0.0006   -1.4800    0.6000
   10.1000    0.7597    0.4850    0.2747    0.8597    2.7082    3.6297    8.1190    1.0814   12.4609    5.8219    0.2470    0.0000    0.0006   -1.4800    0.6000
   10.1000    0.5606    0.4850    0.0756    0.8606    2.3274    3.6744    8.1125    1.5097   12.1810    5.5715    0.2470    0.0000    0.0006   -1.4800    0.6000
   10.1000    0.6607    0.4850    0.1757    0.8607    2.7509    3.6270    8.0843    0.9672   12.4875    5.8121    0.2470    0.0000    0.0006   -1.4800    0.6000
   10.1000    0.7607    0.4850    0.2757    0.8607    2.7117    3.6294    8.1187    1.0774   12.4631    5.8246    0.2470    0.0000    0.0006   -1.4800    0.6000
   10.1000    0.5616    0.4850    0.0766    0.8616    2.3608    3.6713    8.1094    1.4645   12.2039    5.5880    0.2470    0.0000    0.0006   -1.4800    0.6000
   10.1000    0.6617    0.4850    0.1767    0.8617    2.7616    3.6261    8.0830    0.9535   12.4947    5.8184    0.2470    0.0000    0.0006   -1.4800    0.6000
   10.1000    0.7617    0.4850    0.2767    0.8617    2.7152    3.6291    8.1184    1.0734   12.4654    5.8274    0.2470    0.0000    0.0006   -1.4800    0.6000
#   age       Mtot      Mc        Menv      Mini      logL      logT      logTc     logg      logR      logrhoc   Y         Yc        Z         FeH       OFe       
   10.1500    0.4988    0.4850    0.0138    0.7988    1.2108    4.3733    8.0687    5.3714   10.2247    4.3107    0.2470    0.9476    0.0006   -1.4800    0.6000
   10.1500    0.5989    0.4850    0.1139    0.7989    1.5919    3.9702    8.0710    3.4570   11.2216    4.2891    0.2470    0.9497    0.0006   -1.4800    0.6000
   10.1500    0.6989    0.4850    0.2139    0.7989    1.7244    3.7188    8.0706    2.3861   11.7906    4.2920    0.2470    0.9490    0.0006   -1.4800    0.6000
   10.1500    0.4998    0.4850    0.0148    0.7998    1.2133    4.3680    8.0688    5.3484   10.2367    4.3099    0.2470    0.9475    0.0006   -1.4800    0.6000
   10.1500    0.5999    0.4850    0.1149    0.7999    1.5947    3.9652    8.0710    3.4350   11.2329    4.2892    0.2470    0.9496    0.0006   -1.4800    0.6000
   10.1500    0.6999    0.4850    0.2149    0.7999    3.1802    3.5915    8.0292    0.4217   12.7731    6.0649    0.2470    0.0000    0.0006   -1.4800    0.6000
   10.1500    0.5008    0.4850    0.0158    0.8008    2.5919    4.3805    8.0413    4.0204   10.9011    5.8375    0.2470    0.0000    0.0006   -1.4800    0.6000
   10.1500    0.6009    0.4850    0.1159    0.8009    2.9422    3.6094    8.0410    0.6649   12.6184    5.9818    0.2470    0.0000    0.0006   -1.4800    0.6000
   10.1500    0.7009    0.4850    0.2159    0.8009    2.4974    3.6454    8.1355    1.3206   12.3240    5.6563    0.2470    0.0000    0.0006   -1.4800    0.6000
   10.1500    0.5018    0.4850    0.0168    0.8018    2.6529    4.4182    8.0330    4.1111   10.8561    5.8652    0.2470    0.0000    0.0006   -1.4800    0.6000
   10.1500    0.6018    0.4850    0.1168    0.8018    2.9432    3.6096    8.0407    0.6654   12.6185    5.9830    0.2470    0.0000    0.0006   -1.4800    0.6000
   10.1500    0.7019    0.4850    0.2169    0.8019    2.5009    3.6452    8.1352    1.3166   12.3262    5.6591    0.2470    0.0000    0.0006   -1.4800    0.6000
   10.1500    0.5028    0.4850    0.0178    0.8028    2.7139    4.4559    8.0248    4.2018   10.8112    5.8930    0.2470    0.0000    0.0006   -1.4800    0.6000
   10.1500    0.6028    0.4850    0.1178    0.8028    2.9443    3.6098    8.0405    0.6658   12.6186    5.9842    0.2470    0.0000    0.0006   -1.4800    0.6000
   10.1500    0.7029    0.4850    0.2179    0.8029    2.5044    3.6449    8.1349    1.3126   12.3285    5.6618    0.2470    0.0000    0.0006   -1.4800    0.6000
   10.1500    0.5038    0.4850    0.0188    0.8038    2.7749    4.4936    8.0165    4.2925   10.7663    5.9208    0.2470    0.0000    0.0006   -1.4800    0.6000
   10.1500    0.6038    0.4850    0.1188    0.8038    2.9453    3.6100    8.0403    0.6662   12.6188    5.9853    0.2470    0.0000    0.0006   -1.4800    0.6000
   10.1500    0.7038    0.4850    0.2188    0.8038    2.5080    3.6446    8.1346    1.3086   12.3308    5.6646    0.2470    0.0000    0.0006   -1.4800    0.6000
   10.1500    0.5047    0.4850    0.0197    0.8047    2.8359    4.5313    8.0082    4.3832   10.7214    5.9485    0.2470    0.0000    0.0006   -1.4800    0.6000
   10.1500    0.6048    0.4850    0.1198    0.8048    2.9463    3.6102    8.0401    0.6667   12.6189    5.9865    0.2470    0.0000    0.0006   -1.4800    0.6000
   10.1500    0.7048    0.4850    0.2198    0.8048    2.5115    3.6444    8.1344    1.3047   12.3331    5.6674    0.2470    0.0000    0.0006   -1.4800    0.6000
   10.1500    0.5057    0.4850    0.0207    0.8057    2.6848    4.2101    8.0379    3.2504   11.2883    5.8629    0.2470    0.0000    0.0006   -1.4800    0.6000
   10.1500    0.6058    0.4850    0.1208    0.8058    2.9474    3.6104    8.0398    0.6671   12.6190    5.9877    0.2470    0.0000    0.0006   -1.4800    0.6000
   10.1500    0.7058    0.4850    0.2208    0.8058    2.5150    3.6441    8.1341    1.3007   12.3354    5.6701    0.2470    0.0000    0.0006   -1.4800    0.6000
   10.1500    0.5067    0.4850    0.0217    0.8067    2.7495    4.2165    8.0331    3.2122   11.3078    5.8858    0.2470    0.0000    0.0006   -1.4800    0.6000
   10.1500    0.6067    0.4850    0.1217    0.8067    2.9484    3.6106    8.0396    0.6676   12.6192    5.9889    0.2470    0.0000    0.0006   -1.4800    0.6000
   10.1500    0.7068    0.4850    0.2218    0.8068    2.5185    3.6438    8.1338    1.2967   12.3377    5.6729    0.2470    0.0000    0.0006   -1.4800    0.6000
   10.1500    0.5077    0.4850    0.0227    0.8077    2.8142    4.2229    8.0282    3.1740   11.3273    5.9088    0.2470    0.0000    0.0006   -1.4800    0.6000
   10.1500    0.6077    0.4850    0.1227    0.8077    2.9495    3.6108    8.0394    0.6680   12.6193    5.9901    0.2470    0.0000    0.0006   -1.4800    0.6000
   10.1500    0.7078    0.4850    0.2228    0.8078    2.5220    3.6436    8.1335    1.2927   12.3399    5.6756    0.2470    0.0000    0.0006   -1.4800    0.6000
   10.1500    0.5087    0.4850    0.0237    0.8087    2.8789    4.2293    8.0233    3.1358   11.3468    5.9318    0.2470    0.0000    0.0006   -1.4800    0.6000
   10.1500    0.6087    0.4850    0.1237    0.8087    2.9505    3.6110    8.0392    0.6684   12.6194    5.9913    0.2470    0.0000    0.0006   -1.4800    0.6000
   10.1500    0.7087    0.4850    0.2237    0.8087    2.5255    3.6433    8.1333    1.2887   12.3422    5.6784    0.2470    0.0000    0.0006   -1.4800    0.6000
   10.1500    0.5096    0.4850    0.0246    0.8096    2.9436    4.2358    8.0184    3.0977   11.3663    5.9548    0.2470    0.0000    0.0006   -1.4800    0.6000
   10.1500    0.6097    0.4850    0.1247    0.8097    2.9515    3.6111    8.0389    0.6689   12.6196    5.9925    0.2470    0.0000    0.0006   -1.4800    0.6000
   10.1500    0.7097    0.4850    0.2247    0.8097    2.5290    3.6431    8.1330    1.2847   12.3445    5.6812    0.2470    0.0000    0.0006   -1.4800    0.6000
   10.1500    0.5106    0.4850    0.0256    0.8106    2.5372    4.0258    8.0257    2.6652   11.5830    5.8929    0.2470    0.0000    0.0006   -1.4800    0.6000
   10.1500    0.6107    0.4850    0.1257    0.8107    2.5929    3.6405    8.0997    1.1456   12.3816    5.7752    0.2470    0.0000    0.0006   -1.4800    0.6000
   10.1500    0.7107    0.4850    0.2257    0.8107    2.5325    3.6428    8.1327    1.2807   12.3468    5.6839    0.2470    0.0000    0.0006   -1.4800    0.6000
   10.1500    0.5116    0.4850    0.0266    0.8116    2.2761    4.0905    8.0065    3.1859   11.3230    5.9297    0.2470    0.0000    0.0006   -1.4800    0.6000
   10.1500    0.6116    0.4850    0.1266    0.8116    2.6173    3.6381    8.0960    1.1124   12.3985    5.7886    0.2470    0.0000    0.0006   -1.4800    0.6000
   10.1500    0.7117    0.4850    0.2267    0.8117    2.5361    3.6425    8.1324    1.2767   12.3491    5.6867    0.2470    0.0000    0.0006   -1.4800    0.6000
   10.1500    0.5126    0.4850    0.0276    0.8126    2.0149    4.1552    7.9872    3.7067   11.0630    5.9665    0.2470    0.0000    0.0006   -1.4800    0.6000
   10.1500    0.6126    0.4850    0.1276    0.8126    2.6418    3.6357    8.0924    1.0792   12.4154    5.8019    0.2470    0.0000    0.0006   -1.4800    0.6000
   10.1500    0.7127    0.4850    0.2277    0.8127    2.5396    3.6423    8.1322    1.2728   12.3513    5.6894    0.2470    0.0000    0.0006   -1.4800    0.6000
   10.1500    0.5136    0.4850    0.0286    0.8136    1.7538    4.2199    7.9680    4.2275   10.8030    6.0033    0.2470    0.0000    0.0006   -1.4800    0.6000
   10.1500    0.6136    0.4850    0.1286    0.8136    2.6662    3.6334    8.0887    1.0461   12.4324    5.8152    0.2470    0.0000    0.0006   -1.4800    0.6000
   10.1500    0.7136    0.4850    0.2286    0.8136    2.5431    3.6420    8.1319    1.2688   12.3536    5.6922    0.2470    0.0000    0.0006   -1.4800    0.6000
   10.1500    0.5145    0.4850    0.0295    0.8145    1.4926    4.2846    7.9487    4.7483   10.5431    6.0402    0.2470    0.0000    0.0006   -1.4800    0.6000
   10.1500    0.6146    0.4850    0.1296    0.8146    2.6906    3.6310    8.0850    1.0129   12.4493    5.8286    0.2470    0.0000    0.0006   -1.4800    0.6000
   10.1500    0.7146    0.4850    0.2296    0.8146    2.5466    3.6417    8.1316    1.2648   12.3559    5.6950    0.2470    0.0000    0.0006   -1.4800    0.6000
   10.1500    0.5155    0.4850    0.0305    0.8155    1.2314    4.3493    7.9295    5.2690   10.2831    6.0770    0.2470    0.0000    0.0006   -1.4800    0.6000
   10.1500    0.6156    0.4850    0.1306    0.8156    2.7150    3.6286    8.0814    0.9797   12.4662    5.8419    0.2470    0.0000    0.0006   -1.4800    0.6000
   10.1500    0.7156    0.4850    0.2306    0.8156    2.5501    3.6415    8.1313    1.2608   12.3582    5.6977    0.2470    0.0000    0.0006   -1.4800    0.6000
   10.1500    0.5165    0.4850    0.0315    0.8165    0.9703    4.4140    7.9103    5.7898   10.0231    6.1138    0.2470    0.0000    0.0006   -1.4800    0.6000
   10.1500    0.6165    0.4850    0.1315    0.8165    2.7394    3.6263    8.0777    0.9465   12.4832    5.8552    0.2470    0.0000    0.0006   -1.4800    0.6000
   10.1500    0.7166    0.4850    0.2316    0.8166    2.5536    3.6412    8.1311    1.2568   12.3605    5.7005    0.2470    0.0000    0.0006   -1.4800    0.6000
   10.1500    0.5175    0.4850    0.0325    0.8175    0.7091    4.4787    7.8910    6.3106    9.7631    6.1506    0.2470    0.0000    0.0006   -1.4800    0.6000
   10.1500    0.6175    0.4850    0.1325    0.8175    2.7639    3.6239    8.0741    0.9133   12.5001    5.8686    0.2470    0.0000    0.0006   -1.4800    0.6000
   10.1500    0.7176    0.4850    0.2326    0.8176    2.5571    3.6410    8.1308    1.2528   12.3627    5.7032    0.2470    0.0000    0.0006   -1.4800    0.6000
   10.1500    0.5185    0.4850    0.0335    0.8185    0.4479    4.5434    7.8718    6.8313    9.5032    6.1874    0.2470    0.0000    0.0006   -1.4800    0.6000
   10.1500    0.6185    0.4850    0.1335    0.8185    2.7883    3.6215    8.0704    0.8801   12.5171    5.8819    0.2470    0.0000    0.0006   -1.4800    0.6000
   10.1500    0.7186    0.4850    0.2336    0.8186    2.5606    3.6407    8.1305    1.2488   12.3650    5.7060    0.2470    0.0000    0.0006   -1.4800    0.6000
   10.1500    0.5194    0.4850    0.0344    0.8194    0.1868    4.6081    7.8526    7.3521    9.2432    6.2242    0.2470    0.0000    0.0006   -1.4800    0.6000
   10.1500    0.6195    0.4850    0.1345    0.8195    2.8127    3.6192    8.0668    0.8469   12.5340    5.8952    0.2470    0.0000    0.0006   -1.4800    0.6000
   10.1500    0.7195    0.4850    0.2345    0.8195    2.5642    3.6404    8.1303    1.2448   12.3673    5.7087    0.2470    0.0000    0.0006   -1.4800    0.6000
   10.1500    0.5204    0.4850    0.0354    0.8204    3.2029    3.6238    8.0049    0.3995   12.7199    6.0136    0.2470    0.0000    0.0006   -1.4800    0.6000
   10.1500    0.6205    0.4850    0.1355    0.8205    2.8371    3.6168    8.0631    0.8137   12.5509    5.9086    0.2470    0.0000    0.0006   -1.4800    0.6000
   10.1500    0.7205    0.4850    0.2355    0.8205    2.5677    3.6402    8.1300    1.2409   12.3696    5.7115    0.2470    0.0000    0.0006   -1.4800    0.6000
   10.1500    0.5214    0.4850    0.0364    0.8214    3.1903    3.6227    8.0052    0.4083   12.7158    6.0107    0.2470    0.0000    0.0006   -1.4800    0.6000
   10.1500    0.6214    0.4850    0.1364    0.8214    2.8615    3.6144    8.0595    0.7805   12.5679    5.9219    0.2470    0.0000    0.0006   -1.4800    0.6000
   10.1500    0.7215    0.4850    0.2365    0.8215    2.5712    3.6399    8.1297    1.2369   12.3719    5.7143    0.2470    0.0000    0.0006   -1.4800    0.6000
   10.1500    0.5224    0.4850    0.0374    0.8224    3.1777    3.6216    8.0055    0.4172   12.7118    6.0078    0.2470    0.0000    0.0006   -1.4800    0.6000
   10.1500    0.6224    0.4850    0.1374    0.8224    2.8860    3.6121    8.0558    0.7473   12.5848    5.9352    0.2470    0.0000    0.0006   -1.4800    0.6000
   10.1500    0.7225    0.4850    0.2375    0.8225    2.5747    3.6396    8.1294    1.2329   12.3742    5.7170    0.2470    0.0000    0.0006   -1.4800    0.6000
   10.1500    0.5234    0.4850    0.0384    0.8234    3.1652    3.6204    8.0058    0.4260   12.7078    6.0049    0.2470    0.0000    0.0006   -1.4800    0.6000
   10.1500    0.6234    0.4850    0.1384    0.8234    2.9104    3.6097    8.0522    0.7141   12.6018    5.9485    0.2470    0.0000    0.0006   -1.4800    0.6000
   10.1500    0.7235    0.4850    0.2385    0.8235    2.5782    3.6394    8.1292    1.2289   12.3764    5.7198    0.2470    0.0000    0.0006   -1.4800    0.6000
   10.1500    0.5243    0.4850    0.0393    0.8243    3.1526    3.6193    8.0061    0.4349   12.7037    6.0020    0.2470    0.0000    0.0006   -1.4800    0.6000
   10.1500    0.6244    0.4850    0.1394    0.8244    2.9348    3.6073    8.0485    0.6809   12.6187    5.9619    0.2470    0.0000    0.0006   -1.4800    0.6000
   10.1500    0.7244    0.4850    0.2394    0.8244    2.5817    3.6391    8.1289    1.2249   12.3787    5.7225    0.2470    0.0000    0.0006   -1.4800    0.6000
   10.1500    0.5253    0.4850    0.0403    0.8253    3.1400    3.6182    8.0065    0.4438   12.6997    5.9991    0.2470    0.0000    0.0006   -1.4800    0.6000
   10.1500    0.6254    0.4850    0.1404    0.8254    2.9592    3.6050    8.0448    0.6477   12.6356    5.9752    0.2470    0.0000    0.0006   -1.4800    0.6000
   10.1500    0.7254    0.4850    0.2404    0.8254    2.5852    3.6388    8.1286    1.2209   12.3810    5.7253    0.2470    0.0000    0.0006   -1.4800    0.6000
   10.1500    0.5263    0.4850    0.0413    0.8263    3.1274    3.6171    8.0068    0.4526   12.6957    5.9962    0.2470    0.0000    0.0006   -1.4800    0.6000
   10.1500    0.6264    0.4850    0.1414    0.8264    2.9836    3.6026    8.0412    0.6145   12.6526    5.9885    0.2470    0.0000    0.0006   -1.4800    0.6000
   10.1500    0.7264    0.4850    0.2414    0.8264    2.5887    3.6386    8.1283    1.2169   12.3833    5.7281    0.2470    0.0000    0.0006   -1.4800    0.6000
   10.1500    0.5273    0.4850    0.0423    0.8273    3.1149    3.6159    8.0071    0.4615   12.6917    5.9933    0.2470    0.0000    0.0006   -1.4800    0.6000
   10.1500    0.6273    0.4850    0.1423    0.8273    3.0081    3.6002    8.0375    0.5813   12.6695    6.0019    0.2470    0.0000    0.0006   -1.4800    0.6000
   10.1500    0.7274    0.4850    0.2424    0.8274    2.5923    3.6383    8.1281    1.2130   12.3856    5.7308    0.2470    0.0000    0.0006   -1.4800    0.6000
   10.1500    0.5283    0.4850    0.0433    0.8283    3.1023    3.6148    8.0074    0.4704   12.6876    5.9904    0.2470    0.0000    0.0006   -1.4800    0.6000
   10.1500    0.6283    0.4850    0.1433    0.8283    3.0325    3.5979    8.0339    0.5481   12.6865    6.0152    0.2470    0.0000    0.0006   -1.4800    0.6000
   10.1500    0.7284    0.4850    0.2434    0.8284    2.5958    3.6381    8.1278    1.2090   12.3878    5.7336    0.2470    0.0000    0.0006   -1.4800    0.6000
   10.1500    0.5293    0.4850    0.0443    0.8293    3.0897    3.6137    8.0077    0.4792   12.6836    5.9875    0.2470    0.0000    0.0006   -1.4800    0.6000
   10.1500    0.6293    0.4850    0.1443    0.8293    3.0569    3.5955    8.0302    0.5149   12.7034    6.0285    0.2470    0.0000    0.0006   -1.4800    0.6000
   10.1500    0.7293    0.4850    0.2443    0.8293    2.5993    3.6378    8.1275    1.2050   12.3901    5.7363    0.2470    0.0000    0.0006   -1.4800    0.6000
#   age       Mtot      Mc        Menv      Mini      logL      logT      logTc     logg      logR      logrhoc   Y         Yc        Z         FeH       OFe       
   10.2000    0.5685    0.4850    0.0835    0.7685    1.4590    4.1190    8.0712    4.1624   10.8575    4.2870    0.2470    0.9496    0.0006   -1.4800    0.6000
   10.2000    0.6685    0.4850    0.1835    0.7685    1.7011    3.7366    8.0707    2.4608   11.7435    4.2915    0.2470    0.9490    0.0006   -1.4800    0.6000
   10.2000    0.5695    0.4850    0.0845    0.7695    1.4639    4.1142    8.0712    4.1393   10.8695    4.2871    0.2470    0.9496    0.0006   -1.4800    0.6000
   10.2000    0.6695    0.4850    0.1845    0.7695    1.7018    3.7360    8.0707    2.4584   11.7450    4.2915    0.2470    0.9490    0.0006   -1.4800    0.6000
   10.2000    0.5704    0.4850    0.0854    0.7704    2.6614    3.6433    8.0813    1.0585   12.4102    5.7363    0.2470    0.0000    0.0006   -1.4800    0.6000
   10.2000    0.6705    0.4850    0.1855    0.7705    2.8582    3.6181    8.0705    0.8308   12.5589    5.8753    0.2470    0.0000    0.0006   -1.4800    0.6000
   10.2000    0.5714    0.4850    0.0864    0.7714    2.6948    3.6402    8.0782    1.0134   12.4332    5.7527    0.2470    0.0000    0.0006   -1.4800    0.6000
   10.2000    0.6715    0.4850    0.1865    0.7715    2.8690    3.6172    8.0692    0.8172   12.5661    5.8816    0.2470    0.0000    0.0006   -1.4800    0.6000
   10.2000    0.5724    0.4850    0.0874    0.7724    2.7282    3.6370    8.0751    0.9683   12.4561    5.7692    0.2470    0.0000    0.0006   -1.4800    0.6000
   10.2000    0.6725    0.4850    0.1875    0.7725    2.8797    3.6163    8.0678    0.8035   12.5732    5.8879    0.2470    0.0000    0.0006   -1.4800    0.6000
   10.2000    0.5734    0.4850    0.0884    0.7734    2.7616    3.6339    8.0720    0.9232   12.4790    5.7857    0.2470    0.0000    0.0006   -1.4800    0.6000
   10.2000    0.6734    0.4850    0.1884    0.7734    2.8904    3.6155    8.0664    0.7899   12.5803    5.8943    0.2470    0.0000    0.0006   -1.4800    0.6000
   10.2000    0.5744    0.4850    0.0894    0.7744    2.7951    3.6308    8.0689    0.8781   12.5019    5.8022    0.2470    0.0000    0.0006   -1.4800    0.6000
   10.2000    0.6744    0.4850    0.1894    0.7744    2.9012    3.6146    8.0650    0.7763   12.5875    5.9006    0.2470    0.0000    0.0006   -1.4800    0.6000
   10.2000    0.5754    0.4850    0.0904    0.7754    2.8285    3.6277    8.0658    0.8330   12.5249    5.8186    0.2470    0.0000    0.0006   -1.4800    0.6000
   10.2000    0.6754    0.4850    0.1904    0.7754    2.9119    3.6137    8.0636    0.7626   12.5946    5.9069    0.2470    0.0000    0.0006   -1.4800    0.6000
   10.2000    0.5763    0.4850    0.0913    0.7763    2.8619    3.6246    8.0626    0.7879   12.5478    5.8351    0.2470    0.0000    0.0006   -1.4800    0.6000
   10.2000    0.6764    0.4850    0.1914    0.7764    2.9226    3.6128    8.0623    0.7490   12.6018    5.9132    0.2470    0.0000    0.0006   -1.4800    0.6000
   10.2000    0.5773    0.4850    0.0923    0.7773    2.8953    3.6215    8.0595    0.7427   12.5707    5.8516    0.2470    0.0000    0.0006   -1.4800    0.6000
   10.2000    0.6774    0.4850    0.1924    0.7774    2.9334    3.6119    8.0609    0.7353   12.6089    5.9195    0.2470    0.0000    0.0006   -1.4800    0.6000
   10.2000    0.5783    0.4850    0.0933    0.7783    2.9287    3.6184    8.0564    0.6976   12.5936    5.8681    0.2470    0.0000    0.0006   -1.4800    0.6000
   10.2000    0.6783    0.4850    0.1933    0.7783    2.9441    3.6110    8.0595    0.7217   12.6160    5.9259    0.2470    0.0000    0.0006   -1.4800    0.6000
   10.2000    0.5793    0.4850    0.0943    0.7793    2.9621    3.6152    8.0533    0.6525   12.6166    5.8846    0.2470    0.0000    0.0006   -1.4800    0.6000
   10.2000    0.6793    0.4850    0.1943    0.7793    2.9548    3.6101    8.0581    0.7081   12.6232    5.9322    0.2470    0.0000    0.0006   -1.4800    0.6000
   10.2000    0.5803    0.4850    0.0953    0.7803    2.9955    3.6121    8.0502    0.6074   12.6395    5.9010    0.2470    0.0000    0.0006   -1.4800    0.6000
   10.2000    0.6803    0.4850    0.1953    0.7803    2.9656    3.6092    8.0568    0.6944   12.6303    5.9385    0.2470    0.0000    0.0006   -1.4800    0.6000
   10.2000    0.5812    0.4850    0.0962    0.7812    3.0289    3.6090    8.0471    0.5623   12.6624    5.9175    0.2470    0.0000    0.0006   -1.4800    0.6000
   10.2000    0.6813    0.4850    0.1963    0.7813    2.9763    3.6084    8.0554    0.6808   12.6375    5.9448    0.2470    0.0000    0.0006   -1.4800    0.6000
   10.2000    0.5822    0.4850    0.0972    0.7822    3.0623    3.6059    8.0439    0.5172   12.6853    5.9340    0.2470    0.0000    0.0006   -1.4800    0.6000
   10.2000    0.6823    0.4850    0.1973    0.7823    2.9870    3.6075    8.0540    0.6671   12.6446    5.9511    0.2470    0.0000    0.0006   -1.4800    0.6000
   10.2000    0.5832    0.4850    0.0982    0.7832    3.0957    3.6028    8.0408    0.4721   12.7082    5.9505    0.2470    0.0000    0.0006   -1.4800    0.6000
   10.2000    0.6832    0.4850    0.1982    0.7832    2.9978    3.6066    8.0526    0.6535   12.6517    5.9574    0.2470    0.0000    0.0006   -1.4800    0.6000
   10.2000    0.5842    0.4850    0.0992    0.7842    3.1291    3.5997    8.0377    0.4270   12.7312    5.9669    0.2470    0.0000    0.0006   -1.4800    0.6000
   10.2000    0.6842    0.4850    0.1992    0.7842    3.0085    3.6057    8.0512    0.6399   12.6589    5.9638    0.2470    0.0000    0.0006   -1.4800    0.6000
   10.2000    0.5852    0.4850    0.1002    0.7852    3.1625    3.5966    8.0346    0.3818   12.7541    5.9834    0.2470    0.0000    0.0006   -1.4800    0.6000
   10.2000    0.6852    0.4850    0.2002    0.7852    3.0192    3.6048    8.0499    0.6262   12.6660    5.9701    0.2470    0.0000    0.0006   -1.4800    0.6000
   10.2000    0.5861    0.4850    0.1011    0.7861    3.1959    3.5934    8.0315    0.3367   12.7770    5.9999    0.2470    0.0000    0.0006   -1.4800    0.6000
   10.2000    0.6862    0.4850    0.2012    0.7862    3.0300    3.6039    8.0485    0.6126   12.6732    5.9764    0.2470    0.0000    0.0006   -1.4800    0.6000
   10.2000    0.5871    0.4850    0.1021    0.7871    3.2293    3.5903    8.0284    0.2916   12.7999    6.0164    0.2470    0.0000    0.0006   -1.4800    0.6000
   10.2000    0.6872    0.4850    0.2022    0.7872    3.0407    3.6030    8.0471    0.5990   12.6803    5.9827    0.2470    0.0000    0.0006   -1.4800    0.6000
   10.2000    0.4880    0.4850    0.0030    0.7880    2.5375    4.8091    8.0142    5.7784   10.0164    5.9294    0.2470    0.0000    0.0006   -1.4800    0.6000
   10.2000    0.4881    0.4850    0.0031    0.7881    2.2986    4.7479    8.0209    5.7724   10.0195    5.8881    0.2470    0.0000    0.0006   -1.4800    0.6000
   10.2000    0.5881    0.4850    0.1031    0.7881    3.2627    3.5872    8.0252    0.2465   12.8229    6.0328    0.2470    0.0000    0.0006   -1.4800    0.6000
   10.2000    0.6881    0.4850    0.2031    0.7881    3.0514    3.6021    8.0457    0.5853   12.6874    5.9890    0.2470    0.0000    0.0006   -1.4800    0.6000
   10.2000    0.4890    0.4850    0.0040    0.7890    2.4615    4.7893    8.0162    5.7760   10.0181    5.9174    0.2470    0.0000    0.0006   -1.4800    0.6000
   10.2000    0.5891    0.4850    0.1041    0.7891    3.2961    3.5841    8.0221    0.2014   12.8458    6.0493    0.2470    0.0000    0.0006   -1.4800    0.6000
   10.2000    0.6891    0.4850    0.2041    0.7891    3.0622    3.6013    8.0443    0.5717   12.6946    5.9954    0.2470    0.0000    0.0006   -1.4800    0.6000
   10.2000    0.4900    0.4850    0.0050    0.7900    2.2414    4.6359    8.0525    5.3833   10.2149    5.7866    0.2470    0.0000    0.0006   -1.4800    0.6000
   10.2000    0.5901    0.4850    0.1051    0.7901    2.9307    3.6072    8.0434    0.6601   12.6169    5.9687    0.2470    0.0000    0.0006   -1.4800    0.6000
   10.2000    0.6901    0.4850    0.2051    0.7901    3.0729    3.6004    8.0430    0.5580   12.7017    6.0017    0.2470    0.0000    0.0006   -1.4800    0.6000
   10.2000    0.4910    0.4850    0.0060    0.7910    2.3480    4.6619    8.0443    5.3816   10.2162    5.8193    0.2470    0.0000    0.0006   -1.4800    0.6000
   10.2000    0.5910    0.4850    0.1060    0.7910    2.9318    3.6074    8.0432    0.6605   12.6170    5.9699    0.2470    0.0000    0.0006   -1.4800    0.6000
   10.2000    0.6911    0.4850    0.2061    0.7911    3.0836    3.5995    8.0416    0.5444   12.7089    6.0080    0.2470    0.0000    0.0006   -1.4800    0.6000
   10.2000    0.4920    0.4850    0.0070    0.7920    2.4546    4.6879    8.0361    5.3798   10.2175    5.8519    0.2470    0.0000    0.0006   -1.4800    0.6000
   10.2000    0.5920    0.4850    0.1070    0.7920    2.9328    3.6076    8.0430    0.6610   12.6172    5.9711    0.2470    0.0000    0.0006   -1.4800    0.6000
   10.2000    0.6921    0.4850    0.2071    0.7921    3.0944    3.5986    8.0402    0.5308   12.7160    6.0143    0.2470    0.0000    0.0006   -1.4800    0.6000
   10.2000    0.4930    0.4850    0.0080    0.7930    2.5612    4.7139    8.0279    5.3781   10.2188    5.8846    0.2470    0.0000    0.0006   -1.4800    0.6000
   10.2000    0.5930    0.4850    0.1080    0.7930    2.9339    3.6078    8.0427    0.6614   12.6173    5.9723    0.2470    0.0000    0.0006   -1.4800    0.6000
   10.2000    0.6930    0.4850    0.2080    0.7930    3.1051    3.5977    8.0388    0.5171   12.7231    6.0206    0.2470    0.0000    0.0006   -1.4800    0.6000
   10.2000    0.4939    0.4850    0.0089    0.7939    2.6678    4.7399    8.0197    5.3764   10.2201    5.9173    0.2470    0.0000    0.0006   -1.4800    0.6000
   10.2000    0.5940    0.4850    0.1090    0.7940    2.9349    3.6080    8.0425    0.6619   12.6174    5.9735    0.2470    0.0000    0.0006   -1.4800    0.6000
   10.2000    0.6940    0.4850    0.2090    0.7940    3.1158    3.5968    8.0374    0.5035   12.7303    6.0269    0.2470    0.0000    0.0006   -1.4800    0.6000
   10.2000    0.4949    0.4850    0.0099    0.7949    2.7744    4.7659    8.0115    5.3746   10.2214    5.9499    0.2470    0.0000    0.0006   -1.4800    0.6000
   10.2000    0.5950    0.4850    0.1100    0.7950    2.9359    3.6082    8.0423    0.6623   12.6176    5.9747    0.2470    0.0000    0.0006   -1.4800    0.6000
   10.2000    0.6950    0.4850    0.2100    0.7950    3.1266    3.5959    8.0361    0.4899   12.7374    6.0333    0.2470    0.0000    0.0006   -1.4800    0.6000
   10.2000    0.4959    0.4850    0.0109    0.7959    2.4968    4.5187    8.0413    4.6644   10.5769    5.8291    0.2470    0.0000    0.0006   -1.4800    0.6000
   10.2000    0.5959    0.4850    0.1109    0.7959    2.9370    3.6084    8.0421    0.6627   12.6177    5.9759    0.2470    0.0000    0.0006   -1.4800    0.6000
   10.2000    0.6960    0.4850    0.2110    0.7960    3.1373    3.5950    8.0347    0.4762   12.7446    6.0396    0.2470    0.0000    0.0006   -1.4800    0.6000
   10.2000    0.4969    0.4850    0.0119    0.7969    2.5367    4.5475    8.0332    4.7402   10.5394    5.8536    0.2470    0.0000    0.0006   -1.4800    0.6000
   10.2000    0.5969    0.4850    0.1119    0.7969    2.9380    3.6086    8.0419    0.6632   12.6178    5.9770    0.2470    0.0000    0.0006   -1.4800    0.6000
   10.2000    0.6970    0.4850    0.2120    0.7970    3.1480    3.5942    8.0333    0.4626   12.7517    6.0459    0.2470    0.0000    0.0006   -1.4800    0.6000
   10.2000    0.4979    0.4850    0.0129    0.7979    2.5767    4.5762    8.0250    4.8160   10.5020    5.8781    0.2470    0.0000    0.0006   -1.4800    0.6000
   10.2000    0.5979    0.4850    0.1129    0.7979    2.9391    3.6088    8.0416    0.6636   12.6180    5.9782    0.2470    0.0000    0.0006   -1.4800    0.6000
   10.2000    0.6980    0.4850    0.2130    0.7980    3.1588    3.5933    8.0319    0.4489   12.7588    6.0522    0.2470    0.0000    0.0006   -1.4800    0.6000
#   age       Mtot      Mc        Menv      Mini      logL      logT      logTc     logg      logR      logrhoc   Y         Yc        Z         FeH       OFe       
   10.2500    0.5400    0.4850    0.0550    0.7400    1.3089    4.2303    8.0710    4.7358   10.5598    4.2886    0.2470    0.9496    0.0006   -1.4800    0.6000
   10.2500    0.6401    0.4850    0.1551    0.7401    1.6741    3.7811    8.0708    2.6475   11.6408    4.2909    0.2470    0.9493    0.0006   -1.4800    0.6000
   10.2500    0.5410    0.4850    0.0560    0.7410    2.3831    3.6798    8.0956    1.4599   12.1980    5.6426    0.2470    0.0000    0.0006   -1.4800    0.6000
   10.2500    0.6411    0.4850    0.1561    0.7411    2.5362    3.6447    8.1119    1.2399   12.3447    5.6857    0.2470    0.0000    0.0006   -1.4800    0.6000
   10.2500    0.5420    0.4850    0.0570    0.7420    2.4139    3.6765    8.0914    1.4167   12.2200    5.6611    0.2470    0.0000    0.0006   -1.4800    0.6000
   10.2500    0.6420    0.4850    0.1570    0.7420    2.5470    3.6438    8.1105    1.2263   12.3519    5.6921    0.2470    0.0000    0.0006   -1.4800    0.6000
   10.2500    0.5430    0.4850    0.0580    0.7430    2.4447    3.6732    8.0871    1.3735   12.2420    5.6795    0.2470    0.0000    0.0006   -1.4800    0.6000
   10.2500    0.6430    0.4850    0.1580    0.7430    2.5577    3.6430    8.1092    1.2127   12.3590    5.6984    0.2470    0.0000    0.0006   -1.4800    0.6000
   10.2500    0.5440    0.4850    0.0590    0.7440    2.4755    3.6699    8.0829    1.3302   12.2640    5.6980    0.2470    0.0000    0.0006   -1.4800    0.6000
   10.2500    0.6440    0.4850    0.1590    0.7440    2.5684    3.6421    8.1078    1.1990   12.3661    5.7047    0.2470    0.0000    0.0006   -1.4800    0.6000
   10.2500    0.5449    0.4850    0.0599    0.7449    2.5063    3.6666    8.0786    1.2870   12.2860    5.7164    0.2470    0.0000    0.0006   -1.4800    0.6000
   10.2500    0.6450    0.4850    0.1600    0.7450    2.5792    3.6412    8.1064    1.1854   12.3733    5.7110    0.2470    0.0000    0.0006   -1.4800    0.6000
   10.2500    0.5459    0.4850    0.0609    0.7459    2.5371    3.6632    8.0744    1.2438   12.3080    5.7349    0.2470    0.0000    0.0006   -1.4800    0.6000
   10.2500    0.6460    0.4850    0.1610    0.7460    2.5899    3.6403    8.1050    1.1718   12.3804    5.7173    0.2470    0.0000    0.0006   -1.4800    0.6000
   10.2500    0.5469    0.4850    0.0619    0.7469    2.5678    3.6599    8.0702    1.2005   12.3301    5.7533    0.2470    0.0000    0.0006   -1.4800    0.6000
   10.2500    0.6470    0.4850    0.1620    0.7470    2.6006    3.6394    8.1036    1.1581   12.3876    5.7237    0.2470    0.0000    0.0006   -1.4800    0.6000
   10.2500    0.5479    0.4850    0.0629    0.7479    2.5986    3.6566    8.0659    1.1573   12.3521    5.7718    0.2470    0.0000    0.0006   -1.4800    0.6000
   10.2500    0.6479    0.4850    0.1629    0.7479    2.6114    3.6385    8.1023    1.1445   12.3947    5.7300    0.2470    0.0000    0.0006   -1.4800    0.6000
   10.2500    0.5489    0.4850    0.0639    0.7489    2.6294    3.6533    8.0617    1.1141   12.3741    5.7903    0.2470    0.0000    0.0006   -1.4800    0.6000
   10.2500    0.6489    0.4850    0.1639    0.7489    2.6221    3.6376    8.1009    1.1308   12.4018    5.7363    0.2470    0.0000    0.0006   -1.4800    0.6000
   10.2500    0.5499    0.4850    0.0649    0.7499    2.6602    3.6500    8.0575    1.0708   12.3961    5.8087    0.2470    0.0000    0.0006   -1.4800    0.6000
   10.2500    0.6499    0.4850    0.1649    0.7499    2.6328    3.6368    8.0995    1.1172   12.4090    5.7426    0.2470    0.0000    0.0006   -1.4800    0.6000
   10.2500    0.5508    0.4850    0.0658    0.7508    2.6910    3.6467    8.0532    1.0276   12.4181    5.8272    0.2470    0.0000    0.0006   -1.4800    0.6000
   10.2500    0.6509    0.4850    0.1659    0.7509    2.6436    3.6359    8.0981    1.1036   12.4161    5.7489    0.2470    0.0000    0.0006   -1.4800    0.6000
   10.2500    0.5518    0.4850    0.0668    0.7518    2.7218    3.6434    8.0490    0.9844   12.4401    5.8456    0.2470    0.0000    0.0006   -1.4800    0.6000
   10.2500    0.6519    0.4850    0.1669    0.7519    2.6543    3.6350    8.0967    1.0899   12.4233    5.7552    0.2470    0.0000    0.0006   -1.4800    0.6000
   10.2500    0.5528    0.4850    0.0678    0.7528    2.7526    3.6401    8.0448    0.9411   12.4621    5.8641    0.2470    0.0000    0.0006   -1.4800    0.6000
   10.2500    0.6528    0.4850    0.1678    0.7528    2.6650    3.6341    8.0954    1.0763   12.4304    5.7616    0.2470    0.0000    0.0006   -1.4800    0.6000
   10.2500    0.5538    0.4850    0.0688    0.7538    2.7833    3.6368    8.0405    0.8979   12.4841    5.8826    0.2470    0.0000    0.0006   -1.4800    0.6000
   10.2500    0.6538    0.4850    0.1688    0.7538    2.6758    3.6332    8.0940    1.0627   12.4375    5.7679    0.2470    0.0000    0.0006   -1.4800    0.6000
   10.2500    0.5548    0.4850    0.0698    0.7548    2.8141    3.6335    8.0363    0.8547   12.5061    5.9010    0.2470    0.0000    0.0006   -1.4800    0.6000
   10.2500    0.6548    0.4850    0.1698    0.7548    2.6865    3.6323    8.0926    1.0490   12.4447    5.7742    0.2470    0.0000    0.0006   -1.4800    0.6000
   10.2500    0.5557    0.4850    0.0707    0.7557    2.8449    3.6302    8.0321    0.8114   12.5281    5.9195    0.2470    0.0000    0.0006   -1.4800    0.6000
   10.2500    0.6558    0.4850    0.1708    0.7558    2.6972    3.6314    8.0912    1.0354   12.4518    5.7805    0.2470    0.0000    0.0006   -1.4800    0.6000
   10.2500    0.5567    0.4850    0.0717    0.7567    2.8757    3.6269    8.0278    0.7682   12.5501    5.9379    0.2470    0.0000    0.0006   -1.4800    0.6000
   10.2500    0.6568    0.4850    0.1718    0.7568    2.7080    3.6305    8.0898    1.0217   12.4590    5.7868    0.2470    0.0000    0.0006   -1.4800    0.6000
   10.2500    0.5577    0.4850    0.0727    0.7577    2.9065    3.6236    8.0236    0.7250   12.5721    5.9564    0.2470    0.0000    0.0006   -1.4800    0.6000
   10.2500    0.6577    0.4850    0.1727    0.7577    2.7187    3.6297    8.0885    1.0081   12.4661    5.7932    0.2470    0.0000    0.0006   -1.4800    0.6000
   10.2500    0.5587    0.4850    0.0737    0.7587    2.9373    3.6203    8.0194    0.6817   12.5941    5.9748    0.2470    0.0000    0.0006   -1.4800    0.6000
   10.2500    0.6587    0.4850    0.1737    0.7587    2.7294    3.6288    8.0871    0.9945   12.4732    5.7995    0.2470    0.0000    0.0006   -1.4800    0.6000
   10.2500    0.5597    0.4850    0.0747    0.7597    2.9681    3.6170    8.0151    0.6385   12.6161    5.9933    0.2470    0.0000    0.0006   -1.4800    0.6000
   10.2500    0.6597    0.4850    0.1747    0.7597    2.7402    3.6279    8.0857    0.9808   12.4804    5.8058    0.2470    0.0000    0.0006   -1.4800    0.6000
   10.2500    0.5606    0.4850    0.0756    0.7606    2.3274    3.6744    8.1125    1.5097   12.1810    5.5715    0.2470    0.0000    0.0006   -1.4800    0.6000
   10.2500    0.6607    0.4850    0.1757    0.7607    2.7509    3.6270    8.0843    0.9672   12.4875    5.8121    0.2470    0.0000    0.0006   -1.4800    0.6000
   10.2500    0.5616    0.4850    0.0766    0.7616    2.3608    3.6713    8.1094    1.4645   12.2039    5.5880    0.2470    0.0000    0.0006   -1.4800    0.6000
   10.2500    0.6617    0.4850    0.1767    0.7617    2.7616    3.6261    8.0830    0.9535   12.4947    5.8184    0.2470    0.0000    0.0006   -1.4800    0.6000
   10.2500    0.5626    0.4850    0.0776    0.7626    2.3942    3.6682    8.1063    1.4194   12.2269    5.6045    0.2470    0.0000    0.0006   -1.4800    0.6000
   10.2500    0.6626    0.4850    0.1776    0.7626    2.7724    3.6252    8.0816    0.9399   12.5018    5.8248    0.2470    0.0000    0.0006   -1.4800    0.6000
   10.2500    0.5636    0.4850    0.0786    0.7636    2.4276    3.6651    8.1032    1.3743   12.2498    5.6209    0.2470    0.0000    0.0006   -1.4800    0.6000
   10.2500    0.6636    0.4850    0.1786    0.7636    2.7831    3.6243    8.0802    0.9263   12.5089    5.8311    0.2470    0.0000    0.0006   -1.4800    0.6000
   10.2500    0.5646    0.4850    0.0796    0.7646    2.4610    3.6619    8.1000    1.3292   12.2727    5.6374    0.2470    0.0000    0.0006   -1.4800    0.6000
   10.2500    0.6646    0.4850    0.1796    0.7646    2.7938    3.6234    8.0788    0.9126   12.5161    5.8374    0.2470    0.0000    0.0006   -1.4800    0.6000
   10.2500    0.5655    0.4850    0.0805    0.7655    2.4944    3.6588    8.0969    1.2841   12.2956    5.6539    0.2470    0.0000    0.0006   -1.4800    0.6000
   10.2500    0.6656    0.4850    0.1806    0.7656    2.8046    3.6226    8.0774    0.8990   12.5232    5.8437    0.2470    0.0000    0.0006   -1.4800    0.6000
   10.2500    0.5665    0.4850    0.0815    0.7665    2.5278    3.6557    8.0938    1.2390   12.3186    5.6704    0.2470    0.0000    0.0006   -1.4800    0.6000
   10.2500    0.6666    0.4850    0.1816    0.7666    2.8153    3.6217    8.0761    0.8854   12.5304    5.8500    0.2470    0.0000    0.0006   -1.4800    0.6000
   10.2500    0.5675    0.4850    0.0825    0.7675    2.5612    3.6526    8.0907    1.1939   12.3415    5.6868    0.2470    0.0000    0.0006   -1.4800    0.6000
   10.2500    0.6675    0.4850    0.1825    0.7675    2.8260    3.6208    8.0747    0.8717   12.5375    5.8563    0.2470    0.0000    0.0006   -1.4800    0.6000
#   age       Mtot      Mc        Menv      Mini      logL      logT      logTc     logg      logR      logrhoc   Y         Yc        Z         FeH       OFe       
   10.3000    0.4880    0.4850    0.0030    0.5880    2.5375    4.8091    8.0142    5.7784   10.0164    5.9294    0.2470    0.0000    0.0006   -1.4800    0.6000
   10.3000    0.4881    0.4850    0.0031    0.5881    2.2986    4.7479    8.0209    5.7724   10.0195    5.8881    0.2470    0.0000    0.0006   -1.4800    0.6000
   10.3000    0.4890    0.4850    0.0040    0.5890    2.4615    4.7893    8.0162    5.7760   10.0181    5.9174    0.2470    0.0000    0.0006   -1.4800    0.6000
   10.3000    0.4900    0.4850    0.0050    0.5900    2.2414    4.6359    8.0525    5.3833   10.2149    5.7866    0.2470    0.0000    0.0006   -1.4800    0.6000
   10.3000    0.4910    0.4850    0.0060    0.5910    2.3480    4.6619    8.0443    5.3816   10.2162    5.8193    0.2470    0.0000    0.0006   -1.4800    0.6000
   10.3000    0.4920    0.4850    0.0070    0.5920    2.4546    4.6879    8.0361    5.3798   10.2175    5.8519    0.2470    0.0000    0.0006   -1.4800    0.6000
   10.3000    0.4930    0.4850    0.0080    0.5930    2.5612    4.7139    8.0279    5.3781   10.2188    5.8846    0.2470    0.0000    0.0006   -1.4800    0.6000
   10.3000    0.4939    0.4850    0.0089    0.5939    2.6678    4.7399    8.0197    5.3764   10.2201    5.9173    0.2470    0.0000    0.0006   -1.4800    0.6000
   10.3000    0.4949    0.4850    0.0099    0.5949    2.7744    4.7659    8.0115    5.3746   10.2214    5.9499    0.2470    0.0000    0.0006   -1.4800    0.6000
   10.3000    0.4959    0.4850    0.0109    0.5959    2.4968    4.5187    8.0413    4.6644   10.5769    5.8291    0.2470    0.0000    0.0006   -1.4800    0.6000
   10.3000    0.4969    0.4850    0.0119    0.5969    2.5367    4.5475    8.0332    4.7402   10.5394    5.8536    0.2470    0.0000    0.0006   -1.4800    0.6000
   10.3000    0.4979    0.4850    0.0129    0.5979    2.5767    4.5762    8.0250    4.8160   10.5020    5.8781    0.2470    0.0000    0.0006   -1.4800    0.6000
   10.3000    0.4988    0.4850    0.0138    0.5988    2.6167    4.6049    8.0169    4.8917   10.4645    5.9026    0.2470    0.0000    0.0006   -1.4800    0.6000
   10.3000    0.4998    0.4850    0.0148    0.5998    2.6566    4.6336    8.0087    4.9675   10.4271    5.9272    0.2470    0.0000    0.0006   -1.4800    0.6000
   10.3000    0.5008    0.4850    0.0158    0.6008    2.5919    4.3805    8.0413    4.0204   10.9011    5.8375    0.2470    0.0000    0.0006   -1.4800    0.6000
   10.3000    0.5018    0.4850    0.0168    0.6018    2.6529    4.4182    8.0330    4.1111   10.8561    5.8652    0.2470    0.0000    0.0006   -1.4800    0.6000
   10.3000    0.5028    0.4850    0.0178    0.6028    2.7139    4.4559    8.0248    4.2018   10.8112    5.8930    0.2470    0.0000    0.0006   -1.4800    0.6000
   10.3000    0.5038    0.4850    0.0188    0.6038    2.7749    4.4936    8.0165    4.2925   10.7663    5.9208    0.2470    0.0000    0.0006   -1.4800    0.6000
   10.3000    0.5047    0.4850    0.0197    0.6047    2.8359    4.5313    8.0082    4.3832   10.7214    5.9485    0.2470    0.0000    0.0006   -1.4800    0.6000
   10.3000    0.5057    0.4850    0.0207    0.6057    2.6848    4.2101    8.0379    3.2504   11.2883    5.8629    0.2470    0.0000    0.0006   -1.4800    0.6000
   10.3000    0.5067    0.4850    0.0217    0.6067    2.7495    4.2165    8.0331    3.2122   11.3078    5.8858    0.2470    0.0000    0.0006   -1.4800    0.6000
   10.3000    0.5077    0.4850    0.0227    0.6077    2.8142    4.2229    8.0282    3.1740   11.3273    5.9088    0.2470    0.0000    0.0006   -1.4800    0.6000
   10.3000    0.5087    0.4850    0.0237    0.6087    2.8789    4.2293    8.0233    3.1358   11.3468    5.9318    0.2470    0.0000    0.0006   -1.4800    0.6000
   10.3000    0.5096    0.4850    0.0246    0.6096    2.9436    4.2358    8.0184    3.0977   11.3663    5.9548    0.2470    0.0000    0.0006   -1.4800    0.6000
   10.3000    0.5106    0.4850    0.0256    0.6106    2.5372    4.0258    8.0257    2.6652   11.5830    5.8929    0.2470    0.0000    0.0006   -1.4800    0.6000
   10.3000    0.5116    0.4850    0.0266    0.6116    2.2761    4.0905    8.0065    3.1859   11.3230    5.9297    0.2470    0.0000    0.0006   -1.4800    0.6000
   10.3000    0.5126    0.4850    0.0276    0.6126    2.0149    4.1552    7.9872    3.7067   11.0630    5.9665    0.2470    0.0000    0.0006   -1.4800    0.6000
   10.3000    0.5136    0.4850    0.0286    0.6136    1.7538    4.2199    7.9680    4.2275   10.8030    6.0033    0.2470    0.0000    0.0006   -1.4800    0.6000
   10.3000    0.5145    0.4850    0.0295    0.6145    1.4926    4.2846    7.9487    4.7483   10.5431    6.0402    0.2470    0.0000    0.0006   -1.4800    0.6000
   10.3000    0.5155    0.4850    0.0305    0.6155    1.2314    4.3493    7.9295    5.2690   10.2831    6.0770    0.2470    0.0000    0.0006   -1.4800    0.6000
   10.3000    0.5165    0.4850    0.0315    0.6165    0.9703    4.4140    7.9103    5.7898   10.0231    6.1138    0.2470    0.0000    0.0006   -1.4800    0.6000
   10.3000    0.5175    0.4850    0.0325    0.6175    0.7091    4.4787    7.8910    6.3106    9.7631    6.1506    0.2470    0.0000    0.0006   -1.4800    0.6000
   10.3000    0.5185    0.4850    0.0335    0.6185    0.4479    4.5434    7.8718    6.8313    9.5032    6.1874    0.2470    0.0000    0.0006   -1.4800    0.6000
   10.3000    0.5194    0.4850    0.0344    0.6194    0.1868    4.6081    7.8526    7.3521    9.2432    6.2242    0.2470    0.0000    0.0006   -1.4800    0.6000
   10.3000    0.5204    0.4850    0.0354    0.6204    3.2029    3.6238    8.0049    0.3995   12.7199    6.0136    0.2470    0.0000    0.0006   -1.4800    0.6000
   10.3000    0.5214    0.4850    0.0364    0.6214    3.1903    3.6227    8.0052    0.4083   12.7158    6.0107    0.2470    0.0000    0.0006   -1.4800    0.6000
   10.3000    0.5224    0.4850    0.0374    0.6224    3.1777    3.6216    8.0055    0.4172   12.7118    6.0078    0.2470    0.0000    0.0006   -1.4800    0.6000
   10.3000    0.5234    0.4850    0.0384    0.6234    3.1652    3.6204    8.0058    0.4260   12.7078    6.0049    0.2470    0.0000    0.0006   -1.4800    0.6000
   10.3000    0.5243    0.4850    0.0393    0.6243    3.1526    3.6193    8.0061    0.4349   12.7037    6.0020    0.2470    0.0000    0.0006   -1.4800    0.6000
   10.3000    0.5253    0.4850    0.0403    0.6253    3.1400    3.6182    8.0065    0.4438   12.6997    5.9991    0.2470    0.0000    0.0006   -1.4800    0.6000
   10.3000    0.5263    0.4850    0.0413    0.6263    3.1274    3.6171    8.0068    0.4526   12.6957    5.9962    0.2470    0.0000    0.0006   -1.4800    0.6000
   10.3000    0.5273    0.4850    0.0423    0.6273    3.1149    3.6159    8.0071    0.4615   12.6917    5.9933    0.2470    0.0000    0.0006   -1.4800    0.6000
   10.3000    0.5283    0.4850    0.0433    0.6283    3.1023    3.6148    8.0074    0.4704   12.6876    5.9904    0.2470    0.0000    0.0006   -1.4800    0.6000
   10.3000    0.5293    0.4850    0.0443    0.6293    3.0897    3.6137    8.0077    0.4792   12.6836    5.9875    0.2470    0.0000    0.0006   -1.4800    0.6000
   10.3000    0.5302    0.4850    0.0452    0.6302    2.5938    3.6602    8.0660    1.1624   12.3425    5.8057    0.2470    0.0000    0.0006   -1.4800    0.6000
   10.3000    0.5312    0.4850    0.0462    0.6312    2.6285    3.6559    8.0610    1.1111   12.3685    5.8228    0.2470    0.0000    0.0006   -1.4800    0.6000
   10.3000    0.5322    0.4850    0.0472    0.6322    2.6633    3.6516    8.0560    1.0599   12.3945    5.8398    0.2470    0.0000    0.0006   -1.4800    0.6000
   10.3000    0.5332    0.4850    0.0482    0.6332    2.6981    3.6473    8.0511    1.0087   12.4205    5.8569    0.2470    0.0000    0.0006   -1.4800    0.6000
   10.3000    0.5342    0.4850    0.0492    0.6342    2.7329    3.6430    8.0461    0.9574   12.4466    5.8739    0.2470    0.0000    0.0006   -1.4800    0.6000
   10.3000    0.5351    0.4850    0.0501    0.6351    2.7677    3.6387    8.0411    0.9062   12.4726    5.8910    0.2470    0.0000    0.0006   -1.4800    0.6000
   10.3000    0.5361    0.4850    0.0511    0.6361    2.8025    3.6344    8.0361    0.8550   12.4986    5.9080    0.2470    0.0000    0.0006   -1.4800    0.6000
   10.3000    0.5371    0.4850    0.0521    0.6371    2.8373    3.6301    8.0311    0.8037   12.5246    5.9251    0.2470    0.0000    0.0006   -1.4800    0.6000
   10.3000    0.5381    0.4850    0.0531    0.6381    2.8721    3.6258    8.0262    0.7525   12.5506    5.9421    0.2470    0.0000    0.0006   -1.4800    0.6000
   10.3000    0.5391    0.4850    0.0541    0.6391    2.9069    3.6214    8.0212    0.7013   12.5766    5.9592    0.2470    0.0000    0.0006   -1.4800    0.6000
   10.3000    0.5400    0.4850    0.0550    0.6400    2.3523    3.6831    8.0998    1.5032   12.1760    5.6241    0.2470    0.0000    0.0006   -1.4800    0.6000
   10.3000    0.5410    0.4850    0.0560    0.6410    2.3831    3.6798    8.0956    1.4599   12.1980    5.6426    0.2470    0.0000    0.0006   -1.4800    0.6000
   10.3000    0.5420    0.4850    0.0570    0.6420    2.4139    3.6765    8.0914    1.4167   12.2200    5.6611    0.2470    0.0000    0.0006   -1.4800    0.6000
   10.3000    0.5430    0.4850    0.0580    0.6430    2.4447    3.6732    8.0871    1.3735   12.2420    5.6795    0.2470    0.0000    0.0006   -1.4800    0.6000
   10.3000    0.5440    0.4850    0.0590    0.6440    2.4755    3.6699    8.0829    1.3302   12.2640    5.6980    0.2470    0.0000    0.0006   -1.4800    0.6000
   10.3000    0.5449    0.4850    0.0599    0.6449    2.5063    3.6666    8.0786    1.2870   12.2860    5.7164    0.2470    0.0000    0.0006   -1.4800    0.6000
   10.3000    0.5459    0.4850    0.0609    0.6459    2.5371    3.6632    8.0744    1.2438   12.3080    5.7349    0.2470    0.0000    0.0006   -1.4800    0.6000
   10.3000    0.5469    0.4850    0.0619    0.6469    2.5678    3.6599    8.0702    1.2005   12.3301    5.7533    0.2470    0.0000    0.0006   -1.4800    0.6000
   10.3000    0.5479    0.4850    0.0629    0.6479    2.5986    3.6566    8.0659    1.1573   12.3521    5.7718    0.2470    0.0000    0.0006   -1.4800    0.6000
   10.3000    0.5489    0.4850    0.0639    0.6489    2.6294    3.6533    8.0617    1.1141   12.3741    5.7903    0.2470    0.0000    0.0006   -1.4800    0.6000
   10.3000    0.5499    0.4850    0.0649    0.6499    2.6602    3.6500    8.0575    1.0708   12.3961    5.8087    0.2470    0.0000    0.0006   -1.4800    0.6000
   10.3000    0.5508    0.4850    0.0658    0.6508    2.6910    3.6467    8.0532    1.0276   12.4181    5.8272    0.2470    0.0000    0.0006   -1.4800    0.6000
   10.3000    0.5518    0.4850    0.0668    0.6518    2.7218    3.6434    8.0490    0.9844   12.4401    5.8456    0.2470    0.0000    0.0006   -1.4800    0.6000
   10.3000    0.5528    0.4850    0.0678    0.6528    2.7526    3.6401    8.0448    0.9411   12.4621    5.8641    0.2470    0.0000    0.0006   -1.4800    0.6000
   10.3000    0.5538    0.4850    0.0688    0.6538    2.7833    3.6368    8.0405    0.8979   12.4841    5.8826    0.2470    0.0000    0.0006   -1.4800    0.6000
   10.3000    0.5548    0.4850    0.0698    0.6548    2.8141    3.6335    8.0363    0.8547   12.5061    5.9010    0.2470    0.0000    0.0006   -1.4800    0.6000
   10.3000    0.5557    0.4850    0.0707    0.6557    2.8449    3.6302    8.0321    0.8114   12.5281    5.9195    0.2470    0.0000    0.0006   -1.4800    0.6000
   10.3000    0.5567    0.4850    0.0717    0.6567    2.8757    3.6269    8.0278    0.7682   12.5501    5.9379    0.2470    0.0000    0.0006   -1.4800    0.6000
   10.3000    0.5577    0.4850    0.0727    0.6577    2.9065    3.6236    8.0236    0.7250   12.5721    5.9564    0.2470    0.0000    0.0006   -1.4800    0.6000
   10.3000    0.5587    0.4850    0.0737    0.6587    2.9373    3.6203    8.0194    0.6817   12.5941    5.9748    0.2470    0.0000    0.0006   -1.4800    0.6000
   10.3000    0.5597    0.4850    0.0747    0.6597    2.9681    3.6170    8.0151    0.6385   12.6161    5.9933    0.2470    0.0000    0.0006   -1.4800    0.6000
   10.3000    0.5606    0.4850    0.0756    0.6606    2.3274    3.6744    8.1125    1.5097   12.1810    5.5715    0.2470    0.0000    0.0006   -1.4800    0.6000
   10.3000    0.5616    0.4850    0.0766    0.6616    2.3608    3.6713    8.1094    1.4645   12.2039    5.5880    0.2470    0.0000    0.0006   -1.4800    0.6000
   10.3000    0.5626    0.4850    0.0776    0.6626    2.3942    3.6682    8.1063    1.4194   12.2269    5.6045    0.2470    0.0000    0.0006   -1.4800    0.6000
   10.3000    0.5636    0.4850    0.0786    0.6636    2.4276    3.6651    8.1032    1.3743   12.2498    5.6209    0.2470    0.0000    0.0006   -1.4800    0.6000
   10.3000    0.5646    0.4850    0.0796    0.6646    2.4610    3.6619    8.1000    1.3292   12.2727    5.6374    0.2470    0.0000    0.0006   -1.4800    0.6000
   10.3000    0.5655    0.4850    0.0805    0.6655    2.4944    3.6588    8.0969    1.2841   12.2956    5.6539    0.2470    0.0000    0.0006   -1.4800    0.6000
   10.3000    0.5665    0.4850    0.0815    0.6665    2.5278    3.6557    8.0938    1.2390   12.3186    5.6704    0.2470    0.0000    0.0006   -1.4800    0.6000
   10.3000    0.5675    0.4850    0.0825    0.6675    2.5612    3.6526    8.0907    1.1939   12.3415    5.6868    0.2470    0.0000    0.0006   -1.4800    0.6000
   10.3000    0.5685    0.4850    0.0835    0.6685    2.5946    3.6495    8.0876    1.1488   12.3644    5.7033    0.2470    0.0000    0.0006   -1.4800    0.6000
   10.3000    0.5695    0.4850    0.0845    0.6695    2.6280    3.6464    8.0845    1.1036   12.3873    5.7198    0.2470    0.0000    0.0006   -1.4800    0.6000
   10.3000    0.5704    0.4850    0.0854    0.6704    2.6614    3.6433    8.0813    1.0585   12.4102    5.7363    0.2470    0.0000    0.0006   -1.4800    0.6000
   10.3000    0.5714    0.4850    0.0864    0.6714    2.6948    3.6402    8.0782    1.0134   12.4332    5.7527    0.2470    0.0000    0.0006   -1.4800    0.6000
   10.3000    0.5724    0.4850    0.0874    0.6724    2.7282    3.6370    8.0751    0.9683   12.4561    5.7692    0.2470    0.0000    0.0006   -1.4800    0.6000
   10.3000    0.5734    0.4850    0.0884    0.6734    2.7616    3.6339    8.0720    0.9232   12.4790    5.7857    0.2470    0.0000    0.0006   -1.4800    0.6000
   10.3000    0.5744    0.4850    0.0894    0.6744    2.7951    3.6308    8.0689    0.8781   12.5019    5.8022    0.2470    0.0000    0.0006   -1.4800    0.6000
   10.3000    0.5754    0.4850    0.0904    0.6754    2.8285    3.6277    8.0658    0.8330   12.5249    5.8186    0.2470    0.0000    0.0006   -1.4800    0.6000
   10.3000    0.5763    0.4850    0.0913    0.6763    2.8619    3.6246    8.0626    0.7879   12.5478    5.8351    0.2470    0.0000    0.0006   -1.4800    0.6000
   10.3000    0.5773    0.4850    0.0923    0.6773    2.8953    3.6215    8.0595    0.7427   12.5707    5.8516    0.2470    0.0000    0.0006   -1.4800    0.6000
   10.3000    0.5783    0.4850    0.0933    0.6783    2.9287    3.6184    8.0564    0.6976   12.5936    5.8681    0.2470    0.0000    0.0006   -1.4800    0.6000
   10.3000    0.5793    0.4850    0.0943    0.6793    2.9621    3.6152    8.0533    0.6525   12.6166    5.8846    0.2470    0.0000    0.0006   -1.4800    0.6000
   10.3000    0.5803    0.4850    0.0953    0.6803    2.9955    3.6121    8.0502    0.6074   12.6395    5.9010    0.2470    0.0000    0.0006   -1.4800    0.6000
   10.3000    0.5812    0.4850    0.0962    0.6812    3.0289    3.6090    8.0471    0.5623   12.6624    5.9175    0.2470    0.0000    0.0006   -1.4800    0.6000
   10.3000    0.5822    0.4850    0.0972    0.6822    3.0623    3.6059    8.0439    0.5172   12.6853    5.9340    0.2470    0.0000    0.0006   -1.4800    0.6000
   10.3000    0.5832    0.4850    0.0982    0.6832    3.0957    3.6028    8.0408    0.4721   12.7082    5.9505    0.2470    0.0000    0.0006   -1.4800    0.6000
   10.3000    0.5842    0.4850    0.0992    0.6842    3.1291    3.5997    8.0377    0.4270   12.7312    5.9669    0.2470    0.0000    0.0006   -1.4800    0.6000
   10.3000    0.5852    0.4850    0.1002    0.6852    3.1625    3.5966    8.0346    0.3818   12.7541    5.9834    0.2470    0.0000    0.0006   -1.4800    0.6000
   10.3000    0.5861    0.4850    0.1011    0.6861    3.1959    3.5934    8.0315    0.3367   12.7770    5.9999    0.2470    0.0000    0.0006   -1.4800    0.6000
   10.3000    0.5871    0.4850    0.1021    0.6871    3.2293    3.5903    8.0284    0.2916   12.7999    6.0164    0.2470    0.0000    0.0006   -1.4800    0.6000
   10.3000    0.4880    0.4850    0.0030    0.6880    2.5375    4.8091    8.0142    5.7784   10.0164    5.9294    0.2470    0.0000    0.0006   -1.4800    0.6000
   10.3000    0.4881    0.4850    0.0031    0.6881    2.2986    4.7479    8.0209    5.7724   10.0195    5.8881    0.2470    0.0000    0.0006   -1.4800    0.6000
   10.3000    0.5881    0.4850    0.1031    0.6881    3.2627    3.5872    8.0252    0.2465   12.8229    6.0328    0.2470    0.0000    0.0006   -1.4800    0.6000
   10.3000    0.4890    0.4850    0.0040    0.6890    2.4615    4.7893    8.0162    5.7760   10.0181    5.9174    0.2470    0.0000    0.0006   -1.4800    0.6000
   10.3000    0.5891    0.4850    0.1041    0.6891    3.2961    3.5841    8.0221    0.2014   12.8458    6.0493    0.2470    0.0000    0.0006   -1.4800    0.6000
   10.3000    0.4900    0.4850    0.0050    0.6900    2.2414    4.6359    8.0525    5.3833   10.2149    5.7866    0.2470    0.0000    0.0006   -1.4800    0.6000
   10.3000    0.5901    0.4850    0.1051    0.6901    2.9307    3.6072    8.0434    0.6601   12.6169    5.9687    0.2470    0.0000    0.0006   -1.4800    0.6000
   10.3000    0.4910    0.4850    0.0060    0.6910    2.3480    4.6619    8.0443    5.3816   10.2162    5.8193    0.2470    0.0000    0.0006   -1.4800    0.6000
   10.3000    0.5910    0.4850    0.1060    0.6910    2.9318    3.6074    8.0432    0.6605   12.6170    5.9699    0.2470    0.0000    0.0006   -1.4800    0.6000
   10.3000    0.4920    0.4850    0.0070    0.6920    2.4546    4.6879    8.0361    5.3798   10.2175    5.8519    0.2470    0.0000    0.0006   -1.4800    0.6000
   10.3000    0.5920    0.4850    0.1070    0.6920    2.9328    3.6076    8.0430    0.6610   12.6172    5.9711    0.2470    0.0000    0.0006   -1.4800    0.6000
   10.3000    0.4930    0.4850    0.0080    0.6930    2.5612    4.7139    8.0279    5.3781   10.2188    5.8846    0.2470    0.0000    0.0006   -1.4800    0.6000
   10.3000    0.5930    0.4850    0.1080    0.6930    2.9339    3.6078    8.0427    0.6614   12.6173    5.9723    0.2470    0.0000    0.0006   -1.4800    0.6000
   10.3000    0.4939    0.4850    0.0089    0.6939    2.6678    4.7399    8.0197    5.3764   10.2201    5.9173    0.2470    0.0000    0.0006   -1.4800    0.6000
   10.3000    0.5940    0.4850    0.1090    0.6940    2.9349    3.6080    8.0425    0.6619   12.6174    5.9735    0.2470    0.0000    0.0006   -1.4800    0.6000
   10.3000    0.4949    0.4850    0.0099    0.6949    2.7744    4.7659    8.0115    5.3746   10.2214    5.9499    0.2470    0.0000    0.0006   -1.4800    0.6000
   10.3000    0.5950    0.4850    0.1100    0.6950    2.9359    3.6082    8.0423    0.6623   12.6176    5.9747    0.2470    0.0000    0.0006   -1.4800    0.6000
   10.3000    0.4959    0.4850    0.0109    0.6959    2.4968    4.5187    8.0413    4.6644   10.5769    5.8291    0.2470    0.0000    0.0006   -1.4800    0.6000
   10.3000    0.5959    0.4850    0.1109    0.6959    2.9370    3.6084    8.0421    0.6627   12.6177    5.9759    0.2470    0.0000    0.0006   -1.4800    0.6000
   10.3000    0.4969    0.4850    0.0119    0.6969    2.5367    4.5475    8.0332    4.7402   10.5394    5.8536    0.2470    0.0000    0.0006   -1.4800    0.6000
   10.3000    0.5969    0.4850    0.1119    0.6969    2.9380    3.6086    8.0419    0.6632   12.6178    5.9770    0.2470    0.0000    0.0006   -1.4800    0.6000
   10.3000    0.4979    0.4850    0.0129    0.6979    2.5767    4.5762    8.0250    4.8160   10.5020    5.8781    0.2470    0.0000    0.0006   -1.4800    0.6000
   10.3000    0.5979    0.4850    0.1129    0.6979    2.9391    3.6088    8.0416    0.6636   12.6180    5.9782    0.2470    0.0000    0.0006   -1.4800    0.6000
   10.3000    0.4988    0.4850    0.0138    0.6988    2.6167    4.6049    8.0169    4.8917   10.4645    5.9026    0.2470    0.0000    0.0006   -1.4800    0.6000
   10.3000    0.5989    0.4850    0.1139    0.6989    2.9401    3.6090    8.0414    0.6640   12.6181    5.9794    0.2470    0.0000    0.0006   -1.4800    0.6000
   10.3000    0.4998    0.4850    0.0148    0.6998    2.6566    4.6336    8.0087    4.9675   10.4271    5.9272    0.2470    0.0000    0.0006   -1.4800    0.6000
   10.3000    0.5999    0.4850    0.1149    0.6999    2.9411    3.6092    8.0412    0.6645   12.6182    5.9806    0.2470    0.0000    0.0006   -1.4800    0.6000
   10.3000    0.5008    0.4850    0.0158    0.7008    2.5919    4.3805    8.0413    4.0204   10.9011    5.8375    0.2470    0.0000    0.0006   -1.4800    0.6000
   10.3000    0.6009    0.4850    0.1159    0.7009    2.9422    3.6094    8.0410    0.6649   12.6184    5.9818    0.2470    0.0000    0.0006   -1.4800    0.6000
   10.3000    0.5018    0.4850    0.0168    0.7018    2.6529    4.4182    8.0330    4.1111   10.8561    5.8652    0.2470    0.0000    0.0006   -1.4800    0.6000
   10.3000    0.6018    0.4850    0.1168    0.7018    2.9432    3.6096    8.0407    0.6654   12.6185    5.9830    0.2470    0.0000    0.0006   -1.4800    0.6000
   10.3000    0.5028    0.4850    0.0178    0.7028    2.7139    4.4559    8.0248    4.2018   10.8112    5.8930    0.2470    0.0000    0.0006   -1.4800    0.6000
   10.3000    0.6028    0.4850    0.1178    0.7028    2.9443    3.6098    8.0405    0.6658   12.6186    5.9842    0.2470    0.0000    0.0006   -1.4800    0.6000
   10.3000    0.5038    0.4850    0.0188    0.7038    2.7749    4.4936    8.0165    4.2925   10.7663    5.9208    0.2470    0.0000    0.0006   -1.4800    0.6000
   10.3000    0.6038    0.4850    0.1188    0.7038    2.9453    3.6100    8.0403    0.6662   12.6188    5.9853    0.2470    0.0000    0.0006   -1.4800    0.6000
   10.3000    0.5047    0.4850    0.0197    0.7047    2.8359    4.5313    8.0082    4.3832   10.7214    5.9485    0.2470    0.0000    0.0006   -1.4800    0.6000
   10.3000    0.6048    0.4850    0.1198    0.7048    2.9463    3.6102    8.0401    0.6667   12.6189    5.9865    0.2470    0.0000    0.0006   -1.4800    0.6000
   10.3000    0.5057    0.4850    0.0207    0.7057    2.6848    4.2101    8.0379    3.2504   11.2883    5.8629    0.2470    0.0000    0.0006   -1.4800    0.6000
   10.3000    0.6058    0.4850    0.1208    0.7058    2.9474    3.6104    8.0398    0.6671   12.6190    5.9877    0.2470    0.0000    0.0006   -1.4800    0.6000
   10.3000    0.5067    0.4850    0.0217    0.7067    2.7495    4.2165    8.0331    3.2122   11.3078    5.8858    0.2470    0.0000    0.0006   -1.4800    0.6000
   10.3000    0.6067    0.4850    0.1217    0.7067    2.9484    3.6106    8.0396    0.6676   12.6192    5.9889    0.2470    0.0000    0.0006   -1.4800    0.6000
   10.3000    0.5077    0.4850    0.0227    0.7077    2.8142    4.2229    8.0282    3.1740   11.3273    5.9088    0.2470    0.0000    0.0006   -1.4800    0.6000
   10.3000    0.6077    0.4850    0.1227    0.7077    2.9495    3.6108    8.0394    0.6680   12.6193    5.9901    0.2470    0.0000    0.0006   -1.4800    0.6000
   10.3000    0.5087    0.4850    0.0237    0.7087    2.8789    4.2293    8.0233    3.1358   11.3468    5.9318    0.2470    0.0000    0.0006   -1.4800    0.6000
   10.3000    0.6087    0.4850    0.1237    0.7087    2.9505    3.6110    8.0392    0.6684   12.6194    5.9913    0.2470    0.0000    0.0006   -1.4800    0.6000
   10.3000    0.5096    0.4850    0.0246    0.7096    2.9436    4.2358    8.0184    3.0977   11.3663    5.9548    0.2470    0.0000    0.0006   -1.4800    0.6000
   10.3000    0.6097    0.4850    0.1247    0.7097    2.9515    3.6111    8.0389    0.6689   12.6196    5.9925    0.2470    0.0000    0.0006   -1.4800    0.6000
   10.3000    0.5106    0.4850    0.0256    0.7106    2.5372    4.0258    8.0257    2.6652   11.5830    5.8929    0.2470    0.0000    0.0006   -1.4800    0.6000
   10.3000    0.6107    0.4850    0.1257    0.7107    2.5929    3.6405    8.0997    1.1456   12.3816    5.7752    0.2470    0.0000    0.0006   -1.4800    0.6000
   10.3000    0.5116    0.4850    0.0266    0.7116    2.2761    4.0905    8.0065    3.1859   11.3230    5.9297    0.2470    0.0000    0.0006   -1.4800    0.6000
   10.3000    0.6116    0.4850    0.1266    0.7116    2.6173    3.6381    8.0960    1.1124   12.3985    5.7886    0.2470    0.0000    0.0006   -1.4800    0.6000
   10.3000    0.5126    0.4850    0.0276    0.7126    2.0149    4.1552    7.9872    3.7067   11.0630    5.9665    0.2470    0.0000    0.0006   -1.4800    0.6000
   10.3000    0.6126    0.4850    0.1276    0.7126    2.6418    3.6357    8.0924    1.0792   12.4154    5.8019    0.2470    0.0000    0.0006   -1.4800    0.6000
   10.3000    0.5136    0.4850    0.0286    0.7136    1.7538    4.2199    7.9680    4.2275   10.8030    6.0033    0.2470    0.0000    0.0006   -1.4800    0.6000
   10.3000    0.6136    0.4850    0.1286    0.7136    2.6662    3.6334    8.0887    1.0461   12.4324    5.8152    0.2470    0.0000    0.0006   -1.4800    0.6000
   10.3000    0.5145    0.4850    0.0295    0.7145    1.4926    4.2846    7.9487    4.7483   10.5431    6.0402    0.2470    0.0000    0.0006   -1.4800    0.6000
   10.3000    0.6146    0.4850    0.1296    0.7146    2.6906    3.6310    8.0850    1.0129   12.4493    5.8286    0.2470    0.0000    0.0006   -1.4800    0.6000
   10.3000    0.5155    0.4850    0.0305    0.7155    1.2314    4.3493    7.9295    5.2690   10.2831    6.0770    0.2470    0.0000    0.0006   -1.4800    0.6000
   10.3000    0.6156    0.4850    0.1306    0.7156    2.7150    3.6286    8.0814    0.9797   12.4662    5.8419    0.2470    0.0000    0.0006   -1.4800    0.6000
   10.3000    0.5165    0.4850    0.0315    0.7165    0.9703    4.4140    7.9103    5.7898   10.0231    6.1138    0.2470    0.0000    0.0006   -1.4800    0.6000
   10.3000    0.6165    0.4850    0.1315    0.7165    2.7394    3.6263    8.0777    0.9465   12.4832    5.8552    0.2470    0.0000    0.0006   -1.4800    0.6000
   10.3000    0.5175    0.4850    0.0325    0.7175    0.7091    4.4787    7.8910    6.3106    9.7631    6.1506    0.2470    0.0000    0.0006   -1.4800    0.6000
   10.3000    0.6175    0.4850    0.1325    0.7175    2.7639    3.6239    8.0741    0.9133   12.5001    5.8686    0.2470    0.0000    0.0006   -1.4800    0.6000
   10.3000    0.5185    0.4850    0.0335    0.7185    0.4479    4.5434    7.8718    6.8313    9.5032    6.1874    0.2470    0.0000    0.0006   -1.4800    0.6000
   10.3000    0.6185    0.4850    0.1335    0.7185    2.7883    3.6215    8.0704    0.8801   12.5171    5.8819    0.2470    0.0000    0.0006   -1.4800    0.6000
   10.3000    0.5194    0.4850    0.0344    0.7194    0.1868    4.6081    7.8526    7.3521    9.2432    6.2242    0.2470    0.0000    0.0006   -1.4800    0.6000
   10.3000    0.6195    0.4850    0.1345    0.7195    2.8127    3.6192    8.0668    0.8469   12.5340    5.8952    0.2470    0.0000    0.0006   -1.4800    0.6000
   10.3000    0.5204    0.4850    0.0354    0.7204    3.2029    3.6238    8.0049    0.3995   12.7199    6.0136    0.2470    0.0000    0.0006   -1.4800    0.6000
   10.3000    0.6205    0.4850    0.1355    0.7205    2.8371    3.6168    8.0631    0.8137   12.5509    5.9086    0.2470    0.0000    0.0006   -1.4800    0.6000
   10.3000    0.5214    0.4850    0.0364    0.7214    3.1903    3.6227    8.0052    0.4083   12.7158    6.0107    0.2470    0.0000    0.0006   -1.4800    0.6000
   10.3000    0.6214    0.4850    0.1364    0.7214    2.8615    3.6144    8.0595    0.7805   12.5679    5.9219    0.2470    0.0000    0.0006   -1.4800    0.6000
   10.3000    0.5224    0.4850    0.0374    0.7224    3.1777    3.6216    8.0055    0.4172   12.7118    6.0078    0.2470    0.0000    0.0006   -1.4800    0.6000
   10.3000    0.6224    0.4850    0.1374    0.7224    2.8860    3.6121    8.0558    0.7473   12.5848    5.9352    0.2470    0.0000    0.0006   -1.4800    0.6000
   10.3000    0.5234    0.4850    0.0384    0.7234    3.1652    3.6204    8.0058    0.4260   12.7078    6.0049    0.2470    0.0000    0.0006   -1.4800    0.6000
   10.3000    0.6234    0.4850    0.1384    0.7234    2.9104    3.6097    8.0522    0.7141   12.6018    5.9485    0.2470    0.0000    0.0006   -1.4800    0.6000
   10.3000    0.5243    0.4850    0.0393    0.7243    3.1526    3.6193    8.0061    0.4349   12.7037    6.0020    0.2470    0.0000    0.0006   -1.4800    0.6000
   10.3000    0.6244    0.4850    0.1394    0.7244    2.9348    3.6073    8.0485    0.6809   12.6187    5.9619    0.2470    0.0000    0.0006   -1.4800    0.6000
   10.3000    0.5253    0.4850    0.0403    0.7253    3.1400    3.6182    8.0065    0.4438   12.6997    5.9991    0.2470    0.0000    0.0006   -1.4800    0.6000
   10.3000    0.6254    0.4850    0.1404    0.7254    2.9592    3.6050    8.0448    0.6477   12.6356    5.9752    0.2470    0.0000    0.0006   -1.4800    0.6000
   10.3000    0.5263    0.4850    0.0413    0.7263    3.1274    3.6171    8.0068    0.4526   12.6957    5.9962    0.2470    0.0000    0.0006   -1.4800    0.6000
   10.3000    0.6264    0.4850    0.1414    0.7264    2.9836    3.6026    8.0412    0.6145   12.6526    5.9885    0.2470    0.0000    0.0006   -1.4800    0.6000
   10.3000    0.5273    0.4850    0.0423    0.7273    3.1149    3.6159    8.0071    0.4615   12.6917    5.9933    0.2470    0.0000    0.0006   -1.4800    0.6000
   10.3000    0.6273    0.4850    0.1423    0.7273    3.0081    3.6002    8.0375    0.5813   12.6695    6.0019    0.2470    0.0000    0.0006   -1.4800    0.6000
   10.3000    0.5283    0.4850    0.0433    0.7283    3.1023    3.6148    8.0074    0.4704   12.6876    5.9904    0.2470    0.0000    0.0006   -1.4800    0.6000
   10.3000    0.6283    0.4850    0.1433    0.7283    3.0325    3.5979    8.0339    0.5481   12.6865    6.0152    0.2470    0.0000    0.0006   -1.4800    0.6000
   10.3000    0.5293    0.4850    0.0443    0.7293    3.0897    3.6137    8.0077    0.4792   12.6836    5.9875    0.2470    0.0000    0.0006   -1.4800    0.6000
   10.3000    0.6293    0.4850    0.1443    0.7293    3.0569    3.5955    8.0302    0.5149   12.7034    6.0285    0.2470    0.0000    0.0006   -1.4800    0.6000
   10.3000    0.5302    0.4850    0.0452    0.7302    2.5938    3.6602    8.0660    1.1624   12.3425    5.8057    0.2470    0.0000    0.0006   -1.4800    0.6000
   10.3000    0.6303    0.4850    0.1453    0.7303    2.4182    3.6545    8.1271    1.3900   12.2662    5.6162    0.2470    0.0000    0.0006   -1.4800    0.6000
   10.3000    0.5312    0.4850    0.0462    0.7312    2.6285    3.6559    8.0610    1.1111   12.3685    5.8228    0.2470    0.0000    0.0006   -1.4800    0.6000
   10.3000    0.6313    0.4850    0.1463    0.7313    2.4289    3.6536    8.1257    1.3763   12.2733    5.6226    0.2470    0.0000    0.0006   -1.4800    0.6000
   10.3000    0.5322    0.4850    0.0472    0.7322    2.6633    3.6516    8.0560    1.0599   12.3945    5.8398    0.2470    0.0000    0.0006   -1.4800    0.6000
   10.3000    0.6322    0.4850    0.1472    0.7322    2.4396    3.6527    8.1243    1.3627   12.2805    5.6289    0.2470    0.0000    0.0006   -1.4800    0.6000
   10.3000    0.5332    0.4850    0.0482    0.7332    2.6981    3.6473    8.0511    1.0087   12.4205    5.8569    0.2470    0.0000    0.0006   -1.4800    0.6000
   10.3000    0.6332    0.4850    0.1482    0.7332    2.4504    3.6518    8.1229    1.3491   12.2876    5.6352    0.2470    0.0000    0.0006   -1.4800    0.6000
   10.3000    0.5342    0.4850    0.0492    0.7342    2.7329    3.6430    8.0461    0.9574   12.4466    5.8739    0.2470    0.0000    0.0006   -1.4800    0.6000
   10.3000    0.6342    0.4850    0.1492    0.7342    2.4611    3.6509    8.1216    1.3354   12.2947    5.6415    0.2470    0.0000    0.0006   -1.4800    0.6000
   10.3000    0.5351    0.4850    0.0501    0.7351    2.7677    3.6387    8.0411    0.9062   12.4726    5.8910    0.2470    0.0000    0.0006   -1.4800    0.6000
   10.3000    0.6352    0.4850    0.1502    0.7352    2.4718    3.6501    8.1202    1.3218   12.3019    5.6478    0.2470    0.0000    0.0006   -1.4800    0.6000
   10.3000    0.5361    0.4850    0.0511    0.7361    2.8025    3.6344    8.0361    0.8550   12.4986    5.9080    0.2470    0.0000    0.0006   -1.4800    0.6000
   10.3000    0.6362    0.4850    0.1512    0.7362    2.4826    3.6492    8.1188    1.3081   12.3090    5.6542    0.2470    0.0000    0.0006   -1.4800    0.6000
   10.3000    0.5371    0.4850    0.0521    0.7371    2.8373    3.6301    8.0311    0.8037   12.5246    5.9251    0.2470    0.0000    0.0006   -1.4800    0.6000
   10.3000    0.6371    0.4850    0.1521    0.7371    2.4933    3.6483    8.1174    1.2945   12.3162    5.6605    0.2470    0.0000    0.0006   -1.4800    0.6000
   10.3000    0.5381    0.4850    0.0531    0.7381    2.8721    3.6258    8.0262    0.7525   12.5506    5.9421    0.2470    0.0000    0.0006   -1.4800    0.6000
   10.3000    0.6381    0.4850    0.1531    0.7381    2.5040    3.6474    8.1160    1.2809   12.3233    5.6668    0.2470    0.0000    0.0006   -1.4800    0.6000
   10.3000    0.5391    0.4850    0.0541    0.7391    2.9069    3.6214    8.0212    0.7013   12.5766    5.9592    0.2470    0.0000    0.0006   -1.4800    0.6000
   10.3000    0.6391    0.4850    0.1541    0.7391    2.5148    3.6465    8.1147    1.2672   12.3304    5.6731    0.2470    0.0000    0.0006   -1.4800    0.6000
