#   age       Mtot      Mc        Menv      logL      logT      logTc     logg      logR      logrhoc   Y         Yc        Z         FeH       OFe       
    1.0000    0.6200    0.4690    0.1510    1.5859    3.6648    8.0661    2.2566   11.8293    4.3285    0.2880    0.9403    0.0169    0.0000    0.0000
    1.0000    0.6600    0.4690    0.1910    1.6045    3.6559    8.0660    2.2293   11.8565    4.3288    0.2880    0.9402    0.0169    0.0000    0.0000
    1.0000    0.7000    0.4690    0.2310    1.6181    3.6506    8.0660    2.2202   11.8740    4.3290    0.2880    0.9403    0.0169    0.0000    0.0000
#   age       Mtot      Mc        Menv      logL      logT      logTc     logg      logR      logrhoc   Y         Yc        Z         FeH       OFe       
    2.0000    0.4710    0.4690    0.0020    1.0880    4.4109    8.0638    5.6196   10.0882    4.3534    0.2880    0.9320    0.0169    0.0000    0.0000
    2.0000    0.4730    0.4690    0.0040    1.0933    4.3828    8.0640    5.5033   10.1473    4.3511    0.2880    0.9318    0.0169    0.0000    0.0000
    2.0000    0.4750    0.4690    0.0060    1.0987    4.3614    8.0643    5.4147   10.1925    4.3491    0.2880    0.9316    0.0169    0.0000    0.0000
    2.0000    0.4800    0.4690    0.0110    1.1080    4.3212    8.0652    5.2488   10.2777    4.3444    0.2880    0.9306    0.0169    0.0000    0.0000
    2.0000    0.4850    0.4690    0.0160    1.1216    4.2884    8.0652    5.1084   10.3501    4.3402    0.2880    0.9306    0.0169    0.0000    0.0000
    2.0000    0.4900    0.4690    0.0210    1.1345    4.2608    8.0658    4.9897   10.4117    4.3364    0.2880    0.9300    0.0169    0.0000    0.0000
    2.0000    0.4950    0.4690    0.0260    1.1507    4.2348    8.0660    4.8740   10.4718    4.3335    0.2880    0.9298    0.0169    0.0000    0.0000
    2.0000    0.5000    0.4690    0.0310    1.1735    4.2099    8.0663    4.7560   10.5330    4.3308    0.2880    0.9296    0.0169    0.0000    0.0000
    2.0000    0.5100    0.4690    0.0410    1.2542    4.1530    8.0668    4.4566   10.6870    4.3273    0.2880    0.9295    0.0169    0.0000    0.0000
    2.0000    0.5200    0.4690    0.0510    1.3676    4.0678    8.0668    4.0103   10.9143    4.3275    0.2880    0.9290    0.0169    0.0000    0.0000
    2.0000    0.5300    0.4690    0.0610    1.4556    3.9560    8.0666    3.4834   11.1819    4.3290    0.2880    0.9290    0.0169    0.0000    0.0000
    2.0000    0.5400    0.4690    0.0710    1.5123    3.8322    8.0668    2.9398   11.4578    4.3295    0.2880    0.9289    0.0169    0.0000    0.0000
    2.0000    0.5500    0.4690    0.0810    1.5439    3.7298    8.0666    2.5067   11.6783    4.3303    0.2880    0.9292    0.0169    0.0000    0.0000
    2.0000    0.5600    0.4690    0.0910    1.5638    3.6991    8.0665    2.3716   11.7497    4.3302    0.2880    0.9287    0.0169    0.0000    0.0000
    2.0000    0.5800    0.4690    0.1110    1.5868    3.6737    8.0665    2.2622   11.8121    4.3310    0.2880    0.9283    0.0169    0.0000    0.0000
    2.0000    0.6200    0.4690    0.1510    1.5996    3.6611    8.0666    2.2282   11.8435    4.3293    0.2880    0.9281    0.0169    0.0000    0.0000
    2.0000    0.6600    0.4690    0.1910    1.6180    3.6524    8.0665    2.2022   11.8701    4.3295    0.2880    0.9279    0.0169    0.0000    0.0000
    2.0000    0.7000    0.4690    0.2310    1.6317    3.6475    8.0665    2.1944   11.8869    4.3297    0.2880    0.9281    0.0169    0.0000    0.0000
#   age       Mtot      Mc        Menv      logL      logT      logTc     logg      logR      logrhoc   Y         Yc        Z         FeH       OFe       
    3.0000    0.4710    0.4690    0.0020    1.0903    4.4107    8.0643    5.6163   10.0898    4.3532    0.2880    0.9207    0.0169    0.0000    0.0000
    3.0000    0.4730    0.4690    0.0040    1.0957    4.3825    8.0645    5.4998   10.1490    4.3509    0.2880    0.9207    0.0169    0.0000    0.0000
    3.0000    0.4750    0.4690    0.0060    1.1010    4.3611    8.0648    5.4109   10.1943    4.3489    0.2880    0.9201    0.0169    0.0000    0.0000
    3.0000    0.4800    0.4690    0.0110    1.1110    4.3206    8.0656    5.2433   10.2804    4.3442    0.2880    0.9194    0.0169    0.0000    0.0000
    3.0000    0.4850    0.4690    0.0160    1.1238    4.2877    8.0657    5.1037   10.3525    4.3401    0.2880    0.9188    0.0169    0.0000    0.0000
    3.0000    0.4900    0.4690    0.0210    1.1374    4.2600    8.0663    4.9836   10.4148    4.3365    0.2880    0.9177    0.0169    0.0000    0.0000
    3.0000    0.4950    0.4690    0.0260    1.1525    4.2339    8.0665    4.8687   10.4744    4.3334    0.2880    0.9175    0.0169    0.0000    0.0000
    3.0000    0.5000    0.4690    0.0310    1.1753    4.2090    8.0669    4.7506   10.5356    4.3307    0.2880    0.9171    0.0169    0.0000    0.0000
    3.0000    0.5100    0.4690    0.0410    1.2576    4.1515    8.0673    4.4472   10.6916    4.3274    0.2880    0.9170    0.0169    0.0000    0.0000
    3.0000    0.5200    0.4690    0.0510    1.3753    4.0639    8.0673    3.9871   10.9259    4.3277    0.2880    0.9166    0.0169    0.0000    0.0000
    3.0000    0.5300    0.4690    0.0610    1.4652    3.9488    8.0671    3.4452   11.2010    4.3290    0.2880    0.9164    0.0169    0.0000    0.0000
    3.0000    0.5400    0.4690    0.0710    1.5210    3.8223    8.0672    2.8913   11.4820    4.3295    0.2880    0.9169    0.0169    0.0000    0.0000
    3.0000    0.5500    0.4690    0.0810    1.5523    3.7250    8.0671    2.4789   11.6923    4.3303    0.2880    0.9167    0.0169    0.0000    0.0000
    3.0000    0.5600    0.4690    0.0910    1.5717    3.6964    8.0671    2.3529   11.7591    4.3301    0.2880    0.9163    0.0169    0.0000    0.0000
    3.0000    0.5800    0.4690    0.1110    1.5944    3.6724    8.0670    2.2495   11.8185    4.3309    0.2880    0.9159    0.0169    0.0000    0.0000
    3.0000    0.6200    0.4690    0.1510    1.6134    3.6575    8.0671    2.1999   11.8577    4.3300    0.2880    0.9159    0.0169    0.0000    0.0000
    3.0000    0.6600    0.4690    0.1910    1.6316    3.6490    8.0670    2.1751   11.8836    4.3303    0.2880    0.9156    0.0169    0.0000    0.0000
    3.0000    0.7000    0.4690    0.2310    1.6452    3.6445    8.0670    2.1686   11.8998    4.3304    0.2880    0.9159    0.0169    0.0000    0.0000
#   age       Mtot      Mc        Menv      logL      logT      logTc     logg      logR      logrhoc   Y         Yc        Z         FeH       OFe       
    4.0000    0.4710    0.4690    0.0020    1.0927    4.4105    8.0648    5.6131   10.0914    4.3530    0.2880    0.9094    0.0169    0.0000    0.0000
    4.0000    0.4730    0.4690    0.0040    1.0980    4.3822    8.0650    5.4962   10.1508    4.3507    0.2880    0.9095    0.0169    0.0000    0.0000
    4.0000    0.4750    0.4690    0.0060    1.1034    4.3608    8.0653    5.4071   10.1962    4.3487    0.2880    0.9086    0.0169    0.0000    0.0000
    4.0000    0.4800    0.4690    0.0110    1.1140    4.3199    8.0659    5.2378   10.2832    4.3441    0.2880    0.9081    0.0169    0.0000    0.0000
    4.0000    0.4850    0.4690    0.0160    1.1259    4.2870    8.0663    5.0989   10.3549    4.3401    0.2880    0.9070    0.0169    0.0000    0.0000
    4.0000    0.4900    0.4690    0.0210    1.1403    4.2592    8.0668    4.9774   10.4179    4.3366    0.2880    0.9053    0.0169    0.0000    0.0000
    4.0000    0.4950    0.4690    0.0260    1.1544    4.2331    8.0671    4.8633   10.4771    4.3333    0.2880    0.9052    0.0169    0.0000    0.0000
    4.0000    0.5000    0.4690    0.0310    1.1770    4.2081    8.0675    4.7452   10.5383    4.3307    0.2880    0.9046    0.0169    0.0000    0.0000
    4.0000    0.5100    0.4690    0.0410    1.2611    4.1500    8.0678    4.4379   10.6963    4.3276    0.2880    0.9045    0.0169    0.0000    0.0000
    4.0000    0.5200    0.4690    0.0510    1.3830    4.0600    8.0678    3.9639   10.9376    4.3278    0.2880    0.9042    0.0169    0.0000    0.0000
    4.0000    0.5300    0.4690    0.0610    1.4747    3.9416    8.0677    3.4070   11.2201    4.3290    0.2880    0.9037    0.0169    0.0000    0.0000
    4.0000    0.5400    0.4690    0.0710    1.5296    3.8123    8.0676    2.8428   11.5062    4.3296    0.2880    0.9048    0.0169    0.0000    0.0000
    4.0000    0.5500    0.4690    0.0810    1.5608    3.7201    8.0676    2.4510   11.7062    4.3303    0.2880    0.9042    0.0169    0.0000    0.0000
    4.0000    0.5600    0.4690    0.0910    1.5795    3.6936    8.0676    2.3341   11.7685    4.3301    0.2880    0.9039    0.0169    0.0000    0.0000
    4.0000    0.5800    0.4690    0.1110    1.6021    3.6711    8.0676    2.2367   11.8248    4.3307    0.2880    0.9034    0.0169    0.0000    0.0000
    4.0000    0.6200    0.4690    0.1510    1.6271    3.6538    8.0676    2.1715   11.8719    4.3308    0.2880    0.9037    0.0169    0.0000    0.0000
    4.0000    0.6600    0.4690    0.1910    1.6451    3.6456    8.0676    2.1479   11.8972    4.3310    0.2880    0.9033    0.0169    0.0000    0.0000
    4.0000    0.7000    0.4690    0.2310    1.6588    3.6414    8.0675    2.1428   11.9127    4.3312    0.2880    0.9036    0.0169    0.0000    0.0000
#   age       Mtot      Mc        Menv      logL      logT      logTc     logg      logR      logrhoc   Y         Yc        Z         FeH       OFe       
    5.0000    0.4710    0.4690    0.0020    1.0951    4.4103    8.0653    5.6098   10.0931    4.3528    0.2880    0.8983    0.0169    0.0000    0.0000
    5.0000    0.4730    0.4690    0.0040    1.1004    4.3819    8.0655    5.4927   10.1526    4.3506    0.2880    0.8986    0.0169    0.0000    0.0000
    5.0000    0.4750    0.4690    0.0060    1.1057    4.3604    8.0658    5.4033   10.1981    4.3485    0.2880    0.8975    0.0169    0.0000    0.0000
    5.0000    0.4800    0.4690    0.0110    1.1168    4.3194    8.0663    5.2325   10.2858    4.3439    0.2880    0.8971    0.0169    0.0000    0.0000
    5.0000    0.4850    0.4690    0.0160    1.1282    4.2863    8.0668    5.0940   10.3573    4.3399    0.2880    0.8958    0.0169    0.0000    0.0000
    5.0000    0.4900    0.4690    0.0210    1.1429    4.2584    8.0673    4.9716   10.4208    4.3364    0.2880    0.8938    0.0169    0.0000    0.0000
    5.0000    0.4950    0.4690    0.0260    1.1565    4.2322    8.0676    4.8579   10.4798    4.3331    0.2880    0.8938    0.0169    0.0000    0.0000
    5.0000    0.5000    0.4690    0.0310    1.1788    4.2072    8.0680    4.7396   10.5411    4.3305    0.2880    0.8930    0.0169    0.0000    0.0000
    5.0000    0.5100    0.4690    0.0410    1.2634    4.1489    8.0683    4.4311   10.6997    4.3274    0.2880    0.8928    0.0169    0.0000    0.0000
    5.0000    0.5200    0.4690    0.0510    1.3870    4.0581    8.0684    3.9523   10.9434    4.3276    0.2880    0.8927    0.0169    0.0000    0.0000
    5.0000    0.5300    0.4690    0.0610    1.4791    3.9391    8.0683    3.3926   11.2273    4.3286    0.2880    0.8923    0.0169    0.0000    0.0000
    5.0000    0.5400    0.4690    0.0710    1.5340    3.8086    8.0682    2.8236   11.5158    4.3292    0.2880    0.8932    0.0169    0.0000    0.0000
    5.0000    0.5500    0.4690    0.0810    1.5647    3.7186    8.0682    2.4409   11.7113    4.3297    0.2880    0.8925    0.0169    0.0000    0.0000
    5.0000    0.5600    0.4690    0.0910    1.5832    3.6928    8.0682    2.3273   11.7719    4.3295    0.2880    0.8923    0.0169    0.0000    0.0000
    5.0000    0.5800    0.4690    0.1110    1.6054    3.6707    8.0682    2.2320   11.8272    4.3300    0.2880    0.8917    0.0169    0.0000    0.0000
    5.0000    0.6200    0.4690    0.1510    1.6322    3.6527    8.0681    2.1620   11.8767    4.3303    0.2880    0.8920    0.0169    0.0000    0.0000
    5.0000    0.6600    0.4690    0.1910    1.6496    3.6447    8.0682    2.1397   11.9013    4.3304    0.2880    0.8916    0.0169    0.0000    0.0000
    5.0000    0.7000    0.4690    0.2310    1.6636    3.6405    8.0681    2.1343   11.9169    4.3306    0.2880    0.8920    0.0169    0.0000    0.0000
#   age       Mtot      Mc        Menv      logL      logT      logTc     logg      logR      logrhoc   Y         Yc        Z         FeH       OFe       
    6.0000    0.4710    0.4690    0.0020    1.0977    4.4101    8.0658    5.6065   10.0947    4.3525    0.2880    0.8885    0.0169    0.0000    0.0000
    6.0000    0.4730    0.4690    0.0040    1.1029    4.3816    8.0660    5.4891   10.1544    4.3502    0.2880    0.8889    0.0169    0.0000    0.0000
    6.0000    0.4750    0.4690    0.0060    1.1082    4.3601    8.0663    5.3994   10.2000    4.3482    0.2880    0.8875    0.0169    0.0000    0.0000
    6.0000    0.4800    0.4690    0.0110    1.1194    4.3188    8.0668    5.2279   10.2881    4.3436    0.2880    0.8869    0.0169    0.0000    0.0000
    6.0000    0.4850    0.4690    0.0160    1.1308    4.2857    8.0673    5.0890   10.3598    4.3396    0.2880    0.8853    0.0169    0.0000    0.0000
    6.0000    0.4900    0.4690    0.0210    1.1453    4.2576    8.0678    4.9661   10.4235    4.3361    0.2880    0.8830    0.0169    0.0000    0.0000
    6.0000    0.4950    0.4690    0.0260    1.1587    4.2313    8.0681    4.8522   10.4826    4.3329    0.2880    0.8830    0.0169    0.0000    0.0000
    6.0000    0.5000    0.4690    0.0310    1.1807    4.2062    8.0686    4.7339   10.5439    4.3302    0.2880    0.8818    0.0169    0.0000    0.0000
    6.0000    0.5100    0.4690    0.0410    1.2650    4.1481    8.0689    4.4259   10.7023    4.3271    0.2880    0.8817    0.0169    0.0000    0.0000
    6.0000    0.5200    0.4690    0.0510    1.3892    4.0573    8.0689    3.9467   10.9462    4.3272    0.2880    0.8816    0.0169    0.0000    0.0000
    6.0000    0.5300    0.4690    0.0610    1.4813    3.9386    8.0688    3.3883   11.2295    4.3280    0.2880    0.8814    0.0169    0.0000    0.0000
    6.0000    0.5400    0.4690    0.0710    1.5357    3.8090    8.0688    2.8235   11.5159    4.3284    0.2880    0.8820    0.0169    0.0000    0.0000
    6.0000    0.5500    0.4690    0.0810    1.5664    3.7187    8.0688    2.4398   11.7118    4.3288    0.2880    0.8812    0.0169    0.0000    0.0000
    6.0000    0.5600    0.4690    0.0910    1.5849    3.6929    8.0688    2.3258   11.7726    4.3287    0.2880    0.8811    0.0169    0.0000    0.0000
    6.0000    0.5800    0.4690    0.1110    1.6070    3.6707    8.0688    2.2304   11.8280    4.3290    0.2880    0.8803    0.0169    0.0000    0.0000
    6.0000    0.6200    0.4690    0.1510    1.6335    3.6527    8.0688    2.1605   11.8774    4.3292    0.2880    0.8807    0.0169    0.0000    0.0000
    6.0000    0.6600    0.4690    0.1910    1.6509    3.6447    8.0688    2.1384   11.9020    4.3293    0.2880    0.8802    0.0169    0.0000    0.0000
    6.0000    0.7000    0.4690    0.2310    1.6648    3.6405    8.0687    2.1331   11.9175    4.3294    0.2880    0.8806    0.0169    0.0000    0.0000
#   age       Mtot      Mc        Menv      logL      logT      logTc     logg      logR      logrhoc   Y         Yc        Z         FeH       OFe       
    7.0000    0.4710    0.4690    0.0020    1.1002    4.4099    8.0662    5.6032   10.0964    4.3522    0.2880    0.8787    0.0169    0.0000    0.0000
    7.0000    0.4730    0.4690    0.0040    1.1054    4.3813    8.0664    5.4855   10.1561    4.3499    0.2880    0.8791    0.0169    0.0000    0.0000
    7.0000    0.4750    0.4690    0.0060    1.1108    4.3597    8.0668    5.3955   10.2020    4.3479    0.2880    0.8775    0.0169    0.0000    0.0000
    7.0000    0.4800    0.4690    0.0110    1.1220    4.3183    8.0673    5.2233   10.2904    4.3433    0.2880    0.8766    0.0169    0.0000    0.0000
    7.0000    0.4850    0.4690    0.0160    1.1333    4.2851    8.0678    5.0839   10.3624    4.3393    0.2880    0.8749    0.0169    0.0000    0.0000
    7.0000    0.4900    0.4690    0.0210    1.1478    4.2569    8.0684    4.9606   10.4262    4.3358    0.2880    0.8723    0.0169    0.0000    0.0000
    7.0000    0.4950    0.4690    0.0260    1.1609    4.2305    8.0687    4.8466   10.4855    4.3326    0.2880    0.8723    0.0169    0.0000    0.0000
    7.0000    0.5000    0.4690    0.0310    1.1825    4.2053    8.0691    4.7283   10.5468    4.3299    0.2880    0.8706    0.0169    0.0000    0.0000
    7.0000    0.5100    0.4690    0.0410    1.2667    4.1472    8.0694    4.4206   10.7050    4.3267    0.2880    0.8705    0.0169    0.0000    0.0000
    7.0000    0.5200    0.4690    0.0510    1.3914    4.0564    8.0695    3.9410   10.9490    4.3267    0.2880    0.8705    0.0169    0.0000    0.0000
    7.0000    0.5300    0.4690    0.0610    1.4835    3.9380    8.0694    3.3839   11.2317    4.3274    0.2880    0.8704    0.0169    0.0000    0.0000
    7.0000    0.5400    0.4690    0.0710    1.5374    3.8094    8.0694    2.8234   11.5160    4.3277    0.2880    0.8708    0.0169    0.0000    0.0000
    7.0000    0.5500    0.4690    0.0810    1.5681    3.7189    8.0694    2.4387   11.7123    4.3280    0.2880    0.8699    0.0169    0.0000    0.0000
    7.0000    0.5600    0.4690    0.0910    1.5866    3.6930    8.0694    2.3244   11.7734    4.3278    0.2880    0.8699    0.0169    0.0000    0.0000
    7.0000    0.5800    0.4690    0.1110    1.6086    3.6708    8.0694    2.2288   11.8288    4.3281    0.2880    0.8689    0.0169    0.0000    0.0000
    7.0000    0.6200    0.4690    0.1510    1.6349    3.6527    8.0694    2.1591   11.8782    4.3282    0.2880    0.8693    0.0169    0.0000    0.0000
    7.0000    0.6600    0.4690    0.1910    1.6521    3.6447    8.0694    2.1371   11.9027    4.3281    0.2880    0.8688    0.0169    0.0000    0.0000
    7.0000    0.7000    0.4690    0.2310    1.6659    3.6405    8.0694    2.1319   11.9181    4.3283    0.2880    0.8692    0.0169    0.0000    0.0000
#   age       Mtot      Mc        Menv      logL      logT      logTc     logg      logR      logrhoc   Y         Yc        Z         FeH       OFe       
    8.0000    0.4710    0.4690    0.0020    1.1027    4.4097    8.0667    5.5999   10.0980    4.3519    0.2880    0.8689    0.0169    0.0000    0.0000
    8.0000    0.4730    0.4690    0.0040    1.1079    4.3810    8.0669    5.4819   10.1579    4.3496    0.2880    0.8693    0.0169    0.0000    0.0000
    8.0000    0.4750    0.4690    0.0060    1.1133    4.3593    8.0673    5.3916   10.2040    4.3476    0.2880    0.8675    0.0169    0.0000    0.0000
    8.0000    0.4800    0.4690    0.0110    1.1246    4.3178    8.0678    5.2187   10.2927    4.3430    0.2880    0.8664    0.0169    0.0000    0.0000
    8.0000    0.4850    0.4690    0.0160    1.1359    4.2845    8.0683    5.0788   10.3649    4.3391    0.2880    0.8645    0.0169    0.0000    0.0000
    8.0000    0.4900    0.4690    0.0210    1.1502    4.2561    8.0689    4.9551   10.4290    4.3355    0.2880    0.8615    0.0169    0.0000    0.0000
    8.0000    0.4950    0.4690    0.0260    1.1630    4.2296    8.0692    4.8410   10.4883    4.3323    0.2880    0.8615    0.0169    0.0000    0.0000
    8.0000    0.5000    0.4690    0.0310    1.1844    4.2043    8.0696    4.7226   10.5496    4.3296    0.2880    0.8594    0.0169    0.0000    0.0000
    8.0000    0.5100    0.4690    0.0410    1.2684    4.1463    8.0700    4.4154   10.7076    4.3264    0.2880    0.8593    0.0169    0.0000    0.0000
    8.0000    0.5200    0.4690    0.0510    1.3936    4.0555    8.0700    3.9354   10.9518    4.3263    0.2880    0.8594    0.0169    0.0000    0.0000
    8.0000    0.5300    0.4690    0.0610    1.4857    3.9375    8.0699    3.3796   11.2339    4.3268    0.2880    0.8595    0.0169    0.0000    0.0000
    8.0000    0.5400    0.4690    0.0710    1.5391    3.8098    8.0700    2.8233   11.5160    4.3270    0.2880    0.8596    0.0169    0.0000    0.0000
    8.0000    0.5500    0.4690    0.0810    1.5698    3.7190    8.0700    2.4375   11.7129    4.3271    0.2880    0.8586    0.0169    0.0000    0.0000
    8.0000    0.5600    0.4690    0.0910    1.5883    3.6930    8.0699    2.3229   11.7741    4.3270    0.2880    0.8588    0.0169    0.0000    0.0000
    8.0000    0.5800    0.4690    0.1110    1.6102    3.6708    8.0701    2.2272   11.8296    4.3271    0.2880    0.8574    0.0169    0.0000    0.0000
    8.0000    0.6200    0.4690    0.1510    1.6362    3.6527    8.0701    2.1576   11.8789    4.3271    0.2880    0.8579    0.0169    0.0000    0.0000
    8.0000    0.6600    0.4690    0.1910    1.6534    3.6447    8.0701    2.1358   11.9034    4.3270    0.2880    0.8573    0.0169    0.0000    0.0000
    8.0000    0.7000    0.4690    0.2310    1.6671    3.6405    8.0700    2.1307   11.9187    4.3271    0.2880    0.8579    0.0169    0.0000    0.0000
#   age       Mtot      Mc        Menv      logL      logT      logTc     logg      logR      logrhoc   Y         Yc        Z         FeH       OFe       
    9.0000    0.4710    0.4690    0.0020    1.1053    4.4095    8.0672    5.5966   10.0997    4.3516    0.2880    0.8590    0.0169    0.0000    0.0000
    9.0000    0.4730    0.4690    0.0040    1.1103    4.3808    8.0674    5.4782   10.1597    4.3493    0.2880    0.8596    0.0169    0.0000    0.0000
    9.0000    0.4750    0.4690    0.0060    1.1158    4.3590    8.0677    5.3877   10.2059    4.3472    0.2880    0.8576    0.0169    0.0000    0.0000
    9.0000    0.4800    0.4690    0.0110    1.1271    4.3173    8.0683    5.2142   10.2950    4.3427    0.2880    0.8562    0.0169    0.0000    0.0000
    9.0000    0.4850    0.4690    0.0160    1.1384    4.2838    8.0688    5.0738   10.3674    4.3388    0.2880    0.8540    0.0169    0.0000    0.0000
    9.0000    0.4900    0.4690    0.0210    1.1526    4.2553    8.0695    4.9496   10.4317    4.3352    0.2880    0.8507    0.0169    0.0000    0.0000
    9.0000    0.4950    0.4690    0.0260    1.1652    4.2288    8.0698    4.8354   10.4911    4.3320    0.2880    0.8508    0.0169    0.0000    0.0000
    9.0000    0.5000    0.4690    0.0310    1.1863    4.2034    8.0702    4.7169   10.5524    4.3293    0.2880    0.8484    0.0169    0.0000    0.0000
    9.0000    0.5100    0.4690    0.0410    1.2699    4.1455    8.0705    4.4105   10.7101    4.3260    0.2880    0.8484    0.0169    0.0000    0.0000
    9.0000    0.5200    0.4690    0.0510    1.3954    4.0549    8.0706    3.9309   10.9540    4.3258    0.2880    0.8485    0.0169    0.0000    0.0000
    9.0000    0.5300    0.4690    0.0610    1.4874    3.9374    8.0705    3.3776   11.2349    4.3262    0.2880    0.8486    0.0169    0.0000    0.0000
    9.0000    0.5400    0.4690    0.0710    1.5403    3.8109    8.0706    2.8268   11.5143    4.3262    0.2880    0.8486    0.0169    0.0000    0.0000
    9.0000    0.5500    0.4690    0.0810    1.5706    3.7198    8.0705    2.4401   11.7116    4.3261    0.2880    0.8476    0.0169    0.0000    0.0000
    9.0000    0.5600    0.4690    0.0910    1.5891    3.6935    8.0705    2.3239   11.7737    4.3260    0.2880    0.8478    0.0169    0.0000    0.0000
    9.0000    0.5800    0.4690    0.1110    1.6105    3.6711    8.0707    2.2280   11.8292    4.3260    0.2880    0.8464    0.0169    0.0000    0.0000
    9.0000    0.6200    0.4690    0.1510    1.6366    3.6529    8.0707    2.1579   11.8788    4.3259    0.2880    0.8469    0.0169    0.0000    0.0000
    9.0000    0.6600    0.4690    0.1910    1.6536    3.6449    8.0707    2.1362   11.9032    4.3257    0.2880    0.8463    0.0169    0.0000    0.0000
    9.0000    0.7000    0.4690    0.2310    1.6674    3.6406    8.0707    2.1308   11.9187    4.3258    0.2880    0.8468    0.0169    0.0000    0.0000
#   age       Mtot      Mc        Menv      logL      logT      logTc     logg      logR      logrhoc   Y         Yc        Z         FeH       OFe       
   10.0000    0.4710    0.4690    0.0020    1.1078    4.4093    8.0676    5.5933   10.1013    4.3513    0.2880    0.8493    0.0169    0.0000    0.0000
   10.0000    0.4730    0.4690    0.0040    1.1128    4.3805    8.0679    5.4746   10.1615    4.3490    0.2880    0.8498    0.0169    0.0000    0.0000
   10.0000    0.4750    0.4690    0.0060    1.1183    4.3586    8.0682    5.3838   10.2079    4.3469    0.2880    0.8478    0.0169    0.0000    0.0000
   10.0000    0.4800    0.4690    0.0110    1.1296    4.3168    8.0688    5.2097   10.2972    4.3423    0.2880    0.8464    0.0169    0.0000    0.0000
   10.0000    0.4850    0.4690    0.0160    1.1409    4.2832    8.0693    5.0688   10.3699    4.3384    0.2880    0.8444    0.0169    0.0000    0.0000
   10.0000    0.4900    0.4690    0.0210    1.1550    4.2546    8.0700    4.9444   10.4344    4.3347    0.2880    0.8412    0.0169    0.0000    0.0000
   10.0000    0.4950    0.4690    0.0260    1.1674    4.2279    8.0703    4.8299   10.4938    4.3316    0.2880    0.8411    0.0169    0.0000    0.0000
   10.0000    0.5000    0.4690    0.0310    1.1882    4.2025    8.0707    4.7115   10.5552    4.3288    0.2880    0.8387    0.0169    0.0000    0.0000
   10.0000    0.5100    0.4690    0.0410    1.2707    4.1448    8.0710    4.4071   10.7117    4.3254    0.2880    0.8385    0.0169    0.0000    0.0000
   10.0000    0.5200    0.4690    0.0510    1.3950    4.0554    8.0711    3.9333   10.9529    4.3250    0.2880    0.8387    0.0169    0.0000    0.0000
   10.0000    0.5300    0.4690    0.0610    1.4856    3.9403    8.0711    3.3909   11.2283    4.3252    0.2880    0.8386    0.0169    0.0000    0.0000
   10.0000    0.5400    0.4690    0.0710    1.5378    3.8168    8.0712    2.8529   11.5013    4.3251    0.2880    0.8384    0.0169    0.0000    0.0000
   10.0000    0.5500    0.4690    0.0810    1.5685    3.7229    8.0712    2.4544   11.7045    4.3249    0.2880    0.8375    0.0169    0.0000    0.0000
   10.0000    0.5600    0.4690    0.0910    1.5867    3.6953    8.0712    2.3334   11.7689    4.3246    0.2880    0.8375    0.0169    0.0000    0.0000
   10.0000    0.5800    0.4690    0.1110    1.6085    3.6718    8.0714    2.2331   11.8267    4.3245    0.2880    0.8359    0.0169    0.0000    0.0000
   10.0000    0.6200    0.4690    0.1510    1.6348    3.6534    8.0714    2.1621   11.8767    4.3244    0.2880    0.8367    0.0169    0.0000    0.0000
   10.0000    0.6600    0.4690    0.1910    1.6518    3.6453    8.0714    2.1398   11.9013    4.3241    0.2880    0.8359    0.0169    0.0000    0.0000
   10.0000    0.7000    0.4690    0.2310    1.6660    3.6409    8.0714    2.1336   11.9172    4.3242    0.2880    0.8367    0.0169    0.0000    0.0000
#   age       Mtot      Mc        Menv      logL      logT      logTc     logg      logR      logrhoc   Y         Yc        Z         FeH       OFe       
   11.0000    0.4710    0.4690    0.0020    1.1102    4.4091    8.0681    5.5901   10.1029    4.3508    0.2880    0.8406    0.0169    0.0000    0.0000
   11.0000    0.4730    0.4690    0.0040    1.1152    4.3802    8.0684    5.4712   10.1633    4.3485    0.2880    0.8411    0.0169    0.0000    0.0000
   11.0000    0.4750    0.4690    0.0060    1.1207    4.3583    8.0687    5.3800   10.2097    4.3464    0.2880    0.8390    0.0169    0.0000    0.0000
   11.0000    0.4800    0.4690    0.0110    1.1320    4.3163    8.0693    5.2055   10.2994    4.3419    0.2880    0.8374    0.0169    0.0000    0.0000
   11.0000    0.4850    0.4690    0.0160    1.1433    4.2826    8.0698    5.0640   10.3723    4.3379    0.2880    0.8352    0.0169    0.0000    0.0000
   11.0000    0.4900    0.4690    0.0210    1.1573    4.2538    8.0705    4.9391   10.4370    4.3342    0.2880    0.8317    0.0169    0.0000    0.0000
   11.0000    0.4950    0.4690    0.0260    1.1695    4.2271    8.0708    4.8244   10.4966    4.3311    0.2880    0.8316    0.0169    0.0000    0.0000
   11.0000    0.5000    0.4690    0.0310    1.1900    4.2016    8.0712    4.7061   10.5579    4.3283    0.2880    0.8289    0.0169    0.0000    0.0000
   11.0000    0.5100    0.4690    0.0410    1.2714    4.1442    8.0716    4.4038   10.7134    4.3248    0.2880    0.8286    0.0169    0.0000    0.0000
   11.0000    0.5200    0.4690    0.0510    1.3946    4.0559    8.0717    3.9356   10.9517    4.3243    0.2880    0.8288    0.0169    0.0000    0.0000
   11.0000    0.5300    0.4690    0.0610    1.4839    3.9432    8.0717    3.4041   11.2216    4.3242    0.2880    0.8286    0.0169    0.0000    0.0000
   11.0000    0.5400    0.4690    0.0710    1.5354    3.8227    8.0718    2.8789   11.4882    4.3239    0.2880    0.8281    0.0169    0.0000    0.0000
   11.0000    0.5500    0.4690    0.0810    1.5664    3.7260    8.0718    2.4687   11.6973    4.3236    0.2880    0.8274    0.0169    0.0000    0.0000
   11.0000    0.5600    0.4690    0.0910    1.5844    3.6971    8.0719    2.3429   11.7641    4.3233    0.2880    0.8273    0.0169    0.0000    0.0000
   11.0000    0.5800    0.4690    0.1110    1.6065    3.6726    8.0720    2.2382   11.8241    4.3230    0.2880    0.8255    0.0169    0.0000    0.0000
   11.0000    0.6200    0.4690    0.1510    1.6330    3.6540    8.0720    2.1663   11.8745    4.3228    0.2880    0.8264    0.0169    0.0000    0.0000
   11.0000    0.6600    0.4690    0.1910    1.6500    3.6457    8.0721    2.1434   11.8995    4.3225    0.2880    0.8255    0.0169    0.0000    0.0000
   11.0000    0.7000    0.4690    0.2310    1.6645    3.6413    8.0720    2.1364   11.9158    4.3226    0.2880    0.8265    0.0169    0.0000    0.0000
#   age       Mtot      Mc        Menv      logL      logT      logTc     logg      logR      logrhoc   Y         Yc        Z         FeH       OFe       
   12.0000    0.4710    0.4690    0.0020    1.1125    4.4089    8.0685    5.5869   10.1045    4.3502    0.2880    0.8318    0.0169    0.0000    0.0000
   12.0000    0.4730    0.4690    0.0040    1.1176    4.3799    8.0688    5.4678   10.1650    4.3481    0.2880    0.8324    0.0169    0.0000    0.0000
   12.0000    0.4750    0.4690    0.0060    1.1230    4.3579    8.0691    5.3763   10.2116    4.3459    0.2880    0.8302    0.0169    0.0000    0.0000
   12.0000    0.4800    0.4690    0.0110    1.1344    4.3159    8.0697    5.2012   10.3015    4.3414    0.2880    0.8284    0.0169    0.0000    0.0000
   12.0000    0.4850    0.4690    0.0160    1.1457    4.2820    8.0702    5.0592   10.3747    4.3374    0.2880    0.8261    0.0169    0.0000    0.0000
   12.0000    0.4900    0.4690    0.0210    1.1596    4.2531    8.0709    4.9338   10.4397    4.3338    0.2880    0.8223    0.0169    0.0000    0.0000
   12.0000    0.4950    0.4690    0.0260    1.1717    4.2262    8.0713    4.8190   10.4993    4.3307    0.2880    0.8221    0.0169    0.0000    0.0000
   12.0000    0.5000    0.4690    0.0310    1.1919    4.2007    8.0717    4.7007   10.5606    4.3279    0.2880    0.8191    0.0169    0.0000    0.0000
   12.0000    0.5100    0.4690    0.0410    1.2721    4.1435    8.0721    4.4005   10.7151    4.3242    0.2880    0.8187    0.0169    0.0000    0.0000
   12.0000    0.5200    0.4690    0.0510    1.3942    4.0564    8.0722    3.9379   10.9505    4.3235    0.2880    0.8190    0.0169    0.0000    0.0000
   12.0000    0.5300    0.4690    0.0610    1.4821    3.9461    8.0723    3.4174   11.2150    4.3233    0.2880    0.8186    0.0169    0.0000    0.0000
   12.0000    0.5400    0.4690    0.0710    1.5330    3.8286    8.0724    2.9049   11.4752    4.3227    0.2880    0.8179    0.0169    0.0000    0.0000
   12.0000    0.5500    0.4690    0.0810    1.5642    3.7290    8.0724    2.4830   11.6901    4.3224    0.2880    0.8173    0.0169    0.0000    0.0000
   12.0000    0.5600    0.4690    0.0910    1.5820    3.6988    8.0725    2.3524   11.7593    4.3219    0.2880    0.8170    0.0169    0.0000    0.0000
   12.0000    0.5800    0.4690    0.1110    1.6045    3.6734    8.0727    2.2432   11.8216    4.3215    0.2880    0.8151    0.0169    0.0000    0.0000
   12.0000    0.6200    0.4690    0.1510    1.6311    3.6546    8.0727    2.1705   11.8724    4.3213    0.2880    0.8162    0.0169    0.0000    0.0000
   12.0000    0.6600    0.4690    0.1910    1.6482    3.6462    8.0727    2.1470   11.8977    4.3209    0.2880    0.8151    0.0169    0.0000    0.0000
   12.0000    0.7000    0.4690    0.2310    1.6630    3.6416    8.0727    2.1392   11.9144    4.3211    0.2880    0.8164    0.0169    0.0000    0.0000
#   age       Mtot      Mc        Menv      logL      logT      logTc     logg      logR      logrhoc   Y         Yc        Z         FeH       OFe       
   13.0000    0.4710    0.4690    0.0020    1.1149    4.4087    8.0690    5.5838   10.1061    4.3497    0.2880    0.8231    0.0169    0.0000    0.0000
   13.0000    0.4730    0.4690    0.0040    1.1199    4.3797    8.0693    5.4643   10.1667    4.3476    0.2880    0.8237    0.0169    0.0000    0.0000
   13.0000    0.4750    0.4690    0.0060    1.1254    4.3576    8.0696    5.3726   10.2135    4.3455    0.2880    0.8214    0.0169    0.0000    0.0000
   13.0000    0.4800    0.4690    0.0110    1.1368    4.3154    8.0702    5.1969   10.3036    4.3410    0.2880    0.8194    0.0169    0.0000    0.0000
   13.0000    0.4850    0.4690    0.0160    1.1481    4.2814    8.0707    5.0543   10.3771    4.3369    0.2880    0.8169    0.0169    0.0000    0.0000
   13.0000    0.4900    0.4690    0.0210    1.1619    4.2523    8.0714    4.9285   10.4423    4.3333    0.2880    0.8128    0.0169    0.0000    0.0000
   13.0000    0.4950    0.4690    0.0260    1.1738    4.2254    8.0717    4.8135   10.5020    4.3302    0.2880    0.8125    0.0169    0.0000    0.0000
   13.0000    0.5000    0.4690    0.0310    1.1937    4.1998    8.0722    4.6954   10.5633    4.3274    0.2880    0.8093    0.0169    0.0000    0.0000
   13.0000    0.5100    0.4690    0.0410    1.2728    4.1429    8.0726    4.3972   10.7167    4.3236    0.2880    0.8088    0.0169    0.0000    0.0000
   13.0000    0.5200    0.4690    0.0510    1.3938    4.0568    8.0728    3.9403   10.9494    4.3228    0.2880    0.8091    0.0169    0.0000    0.0000
   13.0000    0.5300    0.4690    0.0610    1.4804    3.9489    8.0729    3.4306   11.2083    4.3223    0.2880    0.8085    0.0169    0.0000    0.0000
   13.0000    0.5400    0.4690    0.0710    1.5305    3.8345    8.0730    2.9309   11.4622    4.3216    0.2880    0.8077    0.0169    0.0000    0.0000
   13.0000    0.5500    0.4690    0.0810    1.5621    3.7321    8.0731    2.4974   11.6830    4.3212    0.2880    0.8072    0.0169    0.0000    0.0000
   13.0000    0.5600    0.4690    0.0910    1.5797    3.7006    8.0732    2.3619   11.7545    4.3205    0.2880    0.8067    0.0169    0.0000    0.0000
   13.0000    0.5800    0.4690    0.1110    1.6025    3.6742    8.0733    2.2483   11.8190    4.3200    0.2880    0.8047    0.0169    0.0000    0.0000
   13.0000    0.6200    0.4690    0.1510    1.6293    3.6552    8.0733    2.1747   11.8703    4.3197    0.2880    0.8060    0.0169    0.0000    0.0000
   13.0000    0.6600    0.4690    0.1910    1.6464    3.6466    8.0734    2.1506   11.8959    4.3193    0.2880    0.8047    0.0169    0.0000    0.0000
   13.0000    0.7000    0.4690    0.2310    1.6615    3.6419    8.0733    2.1421   11.9130    4.3195    0.2880    0.8062    0.0169    0.0000    0.0000
#   age       Mtot      Mc        Menv      logL      logT      logTc     logg      logR      logrhoc   Y         Yc        Z         FeH       OFe       
   14.0000    0.4710    0.4690    0.0020    1.1173    4.4084    8.0695    5.5806   10.1077    4.3492    0.2880    0.8143    0.0169    0.0000    0.0000
   14.0000    0.4730    0.4690    0.0040    1.1223    4.3794    8.0697    5.4609   10.1684    4.3471    0.2880    0.8150    0.0169    0.0000    0.0000
   14.0000    0.4750    0.4690    0.0060    1.1278    4.3573    8.0700    5.3688   10.2154    4.3450    0.2880    0.8126    0.0169    0.0000    0.0000
   14.0000    0.4800    0.4690    0.0110    1.1392    4.3149    8.0707    5.1927   10.3058    4.3405    0.2880    0.8104    0.0169    0.0000    0.0000
   14.0000    0.4850    0.4690    0.0160    1.1505    4.2808    8.0712    5.0495   10.3796    4.3364    0.2880    0.8077    0.0169    0.0000    0.0000
   14.0000    0.4900    0.4690    0.0210    1.1643    4.2516    8.0719    4.9233   10.4450    4.3328    0.2880    0.8034    0.0169    0.0000    0.0000
   14.0000    0.4950    0.4690    0.0260    1.1759    4.2246    8.0722    4.8080   10.5047    4.3297    0.2880    0.8030    0.0169    0.0000    0.0000
   14.0000    0.5000    0.4690    0.0310    1.1956    4.1990    8.0727    4.6900   10.5660    4.3269    0.2880    0.7996    0.0169    0.0000    0.0000
   14.0000    0.5100    0.4690    0.0410    1.2735    4.1422    8.0732    4.3939   10.7183    4.3230    0.2880    0.7990    0.0169    0.0000    0.0000
   14.0000    0.5200    0.4690    0.0510    1.3933    4.0574    8.0733    3.9429   10.9481    4.3220    0.2880    0.7993    0.0169    0.0000    0.0000
   14.0000    0.5300    0.4690    0.0610    1.4784    3.9520    8.0735    3.4448   11.2012    4.3213    0.2880    0.7987    0.0169    0.0000    0.0000
   14.0000    0.5400    0.4690    0.0710    1.5276    3.8407    8.0736    2.9585   11.4484    4.3203    0.2880    0.7976    0.0169    0.0000    0.0000
   14.0000    0.5500    0.4690    0.0810    1.5596    3.7361    8.0737    2.5156   11.6738    4.3199    0.2880    0.7973    0.0169    0.0000    0.0000
   14.0000    0.5600    0.4690    0.0910    1.5772    3.7026    8.0738    2.3722   11.7494    4.3191    0.2880    0.7967    0.0169    0.0000    0.0000
   14.0000    0.5800    0.4690    0.1110    1.6002    3.6751    8.0740    2.2544   11.8160    4.3184    0.2880    0.7947    0.0169    0.0000    0.0000
   14.0000    0.6200    0.4690    0.1510    1.6274    3.6557    8.0740    2.1788   11.8683    4.3181    0.2880    0.7960    0.0169    0.0000    0.0000
   14.0000    0.6600    0.4690    0.1910    1.6447    3.6470    8.0741    2.1540   11.8942    4.3177    0.2880    0.7947    0.0169    0.0000    0.0000
   14.0000    0.7000    0.4690    0.2310    1.6600    3.6422    8.0740    2.1450   11.9115    4.3178    0.2880    0.7963    0.0169    0.0000    0.0000
#   age       Mtot      Mc        Menv      logL      logT      logTc     logg      logR      logrhoc   Y         Yc        Z         FeH       OFe       
   15.0000    0.4710    0.4690    0.0020    1.1197    4.4082    8.0699    5.5774   10.1093    4.3487    0.2880    0.8056    0.0169    0.0000    0.0000
   15.0000    0.4730    0.4690    0.0040    1.1247    4.3791    8.0702    5.4575   10.1701    4.3466    0.2880    0.8063    0.0169    0.0000    0.0000
   15.0000    0.4750    0.4690    0.0060    1.1302    4.3569    8.0705    5.3651   10.2173    4.3445    0.2880    0.8038    0.0169    0.0000    0.0000
   15.0000    0.4800    0.4690    0.0110    1.1415    4.3145    8.0711    5.1884   10.3079    4.3401    0.2880    0.8014    0.0169    0.0000    0.0000
   15.0000    0.4850    0.4690    0.0160    1.1528    4.2802    8.0717    5.0447   10.3820    4.3359    0.2880    0.7987    0.0169    0.0000    0.0000
   15.0000    0.4900    0.4690    0.0210    1.1665    4.2508    8.0724    4.9181   10.4475    4.3322    0.2880    0.7946    0.0169    0.0000    0.0000
   15.0000    0.4950    0.4690    0.0260    1.1780    4.2237    8.0727    4.8026   10.5074    4.3292    0.2880    0.7942    0.0169    0.0000    0.0000
   15.0000    0.5000    0.4690    0.0310    1.1973    4.1981    8.0732    4.6847   10.5686    4.3262    0.2880    0.7909    0.0169    0.0000    0.0000
   15.0000    0.5100    0.4690    0.0410    1.2740    4.1417    8.0737    4.3912   10.7197    4.3223    0.2880    0.7899    0.0169    0.0000    0.0000
   15.0000    0.5200    0.4690    0.0510    1.3914    4.0584    8.0739    3.9489   10.9451    4.3211    0.2880    0.7903    0.0169    0.0000    0.0000
   15.0000    0.5300    0.4690    0.0610    1.4747    3.9560    8.0740    3.4646   11.1914    4.3201    0.2880    0.7897    0.0169    0.0000    0.0000
   15.0000    0.5400    0.4690    0.0710    1.5233    3.8478    8.0742    2.9912   11.4321    4.3189    0.2880    0.7878    0.0169    0.0000    0.0000
   15.0000    0.5500    0.4690    0.0810    1.5560    3.7422    8.0743    2.5436   11.6598    4.3184    0.2880    0.7879    0.0169    0.0000    0.0000
   15.0000    0.5600    0.4690    0.0910    1.5744    3.7048    8.0745    2.3837   11.7437    4.3177    0.2880    0.7870    0.0169    0.0000    0.0000
   15.0000    0.5800    0.4690    0.1110    1.5977    3.6762    8.0746    2.2612   11.8126    4.3168    0.2880    0.7850    0.0169    0.0000    0.0000
   15.0000    0.6200    0.4690    0.1510    1.6256    3.6563    8.0746    2.1827   11.8663    4.3165    0.2880    0.7865    0.0169    0.0000    0.0000
   15.0000    0.6600    0.4690    0.1910    1.6431    3.6475    8.0747    2.1573   11.8926    4.3160    0.2880    0.7852    0.0169    0.0000    0.0000
   15.0000    0.7000    0.4690    0.2310    1.6585    3.6426    8.0746    2.1479   11.9101    4.3161    0.2880    0.7867    0.0169    0.0000    0.0000
#   age       Mtot      Mc        Menv      logL      logT      logTc     logg      logR      logrhoc   Y         Yc        Z         FeH       OFe       
   16.0000    0.4710    0.4690    0.0020    1.1220    4.4080    8.0704    5.5743   10.1108    4.3482    0.2880    0.7972    0.0169    0.0000    0.0000
   16.0000    0.4730    0.4690    0.0040    1.1270    4.3788    8.0706    5.4541   10.1719    4.3461    0.2880    0.7979    0.0169    0.0000    0.0000
   16.0000    0.4750    0.4690    0.0060    1.1325    4.3566    8.0710    5.3615   10.2191    4.3439    0.2880    0.7954    0.0169    0.0000    0.0000
   16.0000    0.4800    0.4690    0.0110    1.1438    4.3140    8.0716    5.1842   10.3100    4.3394    0.2880    0.7931    0.0169    0.0000    0.0000
   16.0000    0.4850    0.4690    0.0160    1.1551    4.2796    8.0721    5.0401   10.3843    4.3353    0.2880    0.7906    0.0169    0.0000    0.0000
   16.0000    0.4900    0.4690    0.0210    1.1687    4.2501    8.0729    4.9130   10.4501    4.3315    0.2880    0.7862    0.0169    0.0000    0.0000
   16.0000    0.4950    0.4690    0.0260    1.1801    4.2229    8.0732    4.7973   10.5101    4.3285    0.2880    0.7857    0.0169    0.0000    0.0000
   16.0000    0.5000    0.4690    0.0310    1.1991    4.1972    8.0737    4.6795   10.5712    4.3255    0.2880    0.7821    0.0169    0.0000    0.0000
   16.0000    0.5100    0.4690    0.0410    1.2744    4.1411    8.0742    4.3885   10.7210    4.3216    0.2880    0.7808    0.0169    0.0000    0.0000
   16.0000    0.5200    0.4690    0.0510    1.3896    4.0595    8.0744    3.9549   10.9420    4.3202    0.2880    0.7814    0.0169    0.0000    0.0000
   16.0000    0.5300    0.4690    0.0610    1.4710    3.9600    8.0746    3.4843   11.1815    4.3189    0.2880    0.7807    0.0169    0.0000    0.0000
   16.0000    0.5400    0.4690    0.0710    1.5190    3.8549    8.0749    3.0239   11.4157    4.3174    0.2880    0.7780    0.0169    0.0000    0.0000
   16.0000    0.5500    0.4690    0.0810    1.5525    3.7483    8.0749    2.5715   11.6459    4.3169    0.2880    0.7786    0.0169    0.0000    0.0000
   16.0000    0.5600    0.4690    0.0910    1.5717    3.7070    8.0751    2.3953   11.7379    4.3163    0.2880    0.7774    0.0169    0.0000    0.0000
   16.0000    0.5800    0.4690    0.1110    1.5952    3.6773    8.0753    2.2681   11.8091    4.3152    0.2880    0.7754    0.0169    0.0000    0.0000
   16.0000    0.6200    0.4690    0.1510    1.6237    3.6568    8.0753    2.1867   11.8643    4.3148    0.2880    0.7769    0.0169    0.0000    0.0000
   16.0000    0.6600    0.4690    0.1910    1.6415    3.6479    8.0754    2.1606   11.8909    4.3143    0.2880    0.7756    0.0169    0.0000    0.0000
   16.0000    0.7000    0.4690    0.2310    1.6569    3.6430    8.0753    2.1509   11.9086    4.3143    0.2880    0.7771    0.0169    0.0000    0.0000
#   age       Mtot      Mc        Menv      logL      logT      logTc     logg      logR      logrhoc   Y         Yc        Z         FeH       OFe       
   17.0000    0.4710    0.4690    0.0020    1.1242    4.4079    8.0708    5.5713   10.1123    4.3475    0.2880    0.7895    0.0169    0.0000    0.0000
   17.0000    0.4730    0.4690    0.0040    1.1292    4.3786    8.0711    5.4508   10.1735    4.3455    0.2880    0.7900    0.0169    0.0000    0.0000
   17.0000    0.4750    0.4690    0.0060    1.1347    4.3563    8.0714    5.3579   10.2209    4.3433    0.2880    0.7874    0.0169    0.0000    0.0000
   17.0000    0.4800    0.4690    0.0110    1.1461    4.3135    8.0720    5.1800   10.3120    4.3388    0.2880    0.7850    0.0169    0.0000    0.0000
   17.0000    0.4850    0.4690    0.0160    1.1573    4.2791    8.0726    5.0355   10.3866    4.3346    0.2880    0.7824    0.0169    0.0000    0.0000
   17.0000    0.4900    0.4690    0.0210    1.1709    4.2494    8.0733    4.9080   10.4526    4.3308    0.2880    0.7777    0.0169    0.0000    0.0000
   17.0000    0.4950    0.4690    0.0260    1.1822    4.2221    8.0737    4.7919   10.5128    4.3279    0.2880    0.7772    0.0169    0.0000    0.0000
   17.0000    0.5000    0.4690    0.0310    1.2009    4.1963    8.0742    4.6743   10.5738    4.3249    0.2880    0.7734    0.0169    0.0000    0.0000
   17.0000    0.5100    0.4690    0.0410    1.2748    4.1405    8.0747    4.3858   10.7223    4.3209    0.2880    0.7717    0.0169    0.0000    0.0000
   17.0000    0.5200    0.4690    0.0510    1.3878    4.0605    8.0750    3.9609   10.9390    4.3192    0.2880    0.7724    0.0169    0.0000    0.0000
   17.0000    0.5300    0.4690    0.0610    1.4673    3.9640    8.0752    3.5040   11.1716    4.3177    0.2880    0.7717    0.0169    0.0000    0.0000
   17.0000    0.5400    0.4690    0.0710    1.5147    3.8620    8.0756    3.0565   11.3994    4.3159    0.2880    0.7682    0.0169    0.0000    0.0000
   17.0000    0.5500    0.4690    0.0810    1.5490    3.7544    8.0755    2.5995   11.6319    4.3154    0.2880    0.7692    0.0169    0.0000    0.0000
   17.0000    0.5600    0.4690    0.0910    1.5689    3.7092    8.0757    2.4068   11.7321    4.3148    0.2880    0.7678    0.0169    0.0000    0.0000
   17.0000    0.5800    0.4690    0.1110    1.5927    3.6783    8.0759    2.2749   11.8057    4.3135    0.2880    0.7657    0.0169    0.0000    0.0000
   17.0000    0.6200    0.4690    0.1510    1.6219    3.6573    8.0759    2.1907   11.8623    4.3132    0.2880    0.7674    0.0169    0.0000    0.0000
   17.0000    0.6600    0.4690    0.1910    1.6398    3.6483    8.0760    2.1639   11.8893    4.3126    0.2880    0.7660    0.0169    0.0000    0.0000
   17.0000    0.7000    0.4690    0.2310    1.6554    3.6433    8.0760    2.1539   11.9071    4.3125    0.2880    0.7675    0.0169    0.0000    0.0000
#   age       Mtot      Mc        Menv      logL      logT      logTc     logg      logR      logrhoc   Y         Yc        Z         FeH       OFe       
   18.0000    0.4710    0.4690    0.0020    1.1264    4.4077    8.0713    5.5684   10.1138    4.3469    0.2880    0.7817    0.0169    0.0000    0.0000
   18.0000    0.4730    0.4690    0.0040    1.1315    4.3783    8.0715    5.4475   10.1751    4.3448    0.2880    0.7822    0.0169    0.0000    0.0000
   18.0000    0.4750    0.4690    0.0060    1.1370    4.3560    8.0719    5.3543   10.2227    4.3427    0.2880    0.7795    0.0169    0.0000    0.0000
   18.0000    0.4800    0.4690    0.0110    1.1484    4.3131    8.0725    5.1759   10.3141    4.3381    0.2880    0.7769    0.0169    0.0000    0.0000
   18.0000    0.4850    0.4690    0.0160    1.1596    4.2785    8.0731    5.0309   10.3889    4.3340    0.2880    0.7743    0.0169    0.0000    0.0000
   18.0000    0.4900    0.4690    0.0210    1.1731    4.2487    8.0738    4.9029   10.4552    4.3301    0.2880    0.7693    0.0169    0.0000    0.0000
   18.0000    0.4950    0.4690    0.0260    1.1843    4.2213    8.0742    4.7865   10.5154    4.3272    0.2880    0.7687    0.0169    0.0000    0.0000
   18.0000    0.5000    0.4690    0.0310    1.2026    4.1955    8.0748    4.6690   10.5764    4.3242    0.2880    0.7646    0.0169    0.0000    0.0000
   18.0000    0.5100    0.4690    0.0410    1.2752    4.1399    8.0753    4.3831   10.7237    4.3202    0.2880    0.7625    0.0169    0.0000    0.0000
   18.0000    0.5200    0.4690    0.0510    1.3860    4.0615    8.0755    3.9669   10.9360    4.3183    0.2880    0.7634    0.0169    0.0000    0.0000
   18.0000    0.5300    0.4690    0.0610    1.4636    3.9680    8.0757    3.5238   11.1617    4.3165    0.2880    0.7628    0.0169    0.0000    0.0000
   18.0000    0.5400    0.4690    0.0710    1.5104    3.8691    8.0762    3.0892   11.3830    4.3145    0.2880    0.7584    0.0169    0.0000    0.0000
   18.0000    0.5500    0.4690    0.0810    1.5454    3.7605    8.0761    2.6274   11.6179    4.3139    0.2880    0.7599    0.0169    0.0000    0.0000
   18.0000    0.5600    0.4690    0.0910    1.5662    3.7114    8.0764    2.4184   11.7264    4.3134    0.2880    0.7581    0.0169    0.0000    0.0000
   18.0000    0.5800    0.4690    0.1110    1.5902    3.6794    8.0766    2.2818   11.8023    4.3119    0.2880    0.7561    0.0169    0.0000    0.0000
   18.0000    0.6200    0.4690    0.1510    1.6200    3.6579    8.0766    2.1946   11.8603    4.3116    0.2880    0.7579    0.0169    0.0000    0.0000
   18.0000    0.6600    0.4690    0.1910    1.6382    3.6487    8.0767    2.1672   11.8876    4.3109    0.2880    0.7565    0.0169    0.0000    0.0000
   18.0000    0.7000    0.4690    0.2310    1.6539    3.6437    8.0766    2.1569   11.9056    4.3108    0.2880    0.7580    0.0169    0.0000    0.0000
#   age       Mtot      Mc        Menv      logL      logT      logTc     logg      logR      logrhoc   Y         Yc        Z         FeH       OFe       
   19.0000    0.4710    0.4690    0.0020    1.1286    4.4075    8.0717    5.5654   10.1153    4.3462    0.2880    0.7739    0.0169    0.0000    0.0000
   19.0000    0.4730    0.4690    0.0040    1.1337    4.3780    8.0719    5.4442   10.1768    4.3442    0.2880    0.7743    0.0169    0.0000    0.0000
   19.0000    0.4750    0.4690    0.0060    1.1392    4.3557    8.0724    5.3508   10.2244    4.3420    0.2880    0.7715    0.0169    0.0000    0.0000
   19.0000    0.4800    0.4690    0.0110    1.1507    4.3126    8.0730    5.1717   10.3162    4.3374    0.2880    0.7687    0.0169    0.0000    0.0000
   19.0000    0.4850    0.4690    0.0160    1.1618    4.2779    8.0736    5.0263   10.3912    4.3334    0.2880    0.7661    0.0169    0.0000    0.0000
   19.0000    0.4900    0.4690    0.0210    1.1753    4.2480    8.0743    4.8978   10.4577    4.3295    0.2880    0.7609    0.0169    0.0000    0.0000
   19.0000    0.4950    0.4690    0.0260    1.1864    4.2205    8.0746    4.7812   10.5181    4.3266    0.2880    0.7603    0.0169    0.0000    0.0000
   19.0000    0.5000    0.4690    0.0310    1.2044    4.1946    8.0753    4.6638   10.5790    4.3235    0.2880    0.7559    0.0169    0.0000    0.0000
   19.0000    0.5100    0.4690    0.0410    1.2756    4.1393    8.0758    4.3804   10.7250    4.3195    0.2880    0.7534    0.0169    0.0000    0.0000
   19.0000    0.5200    0.4690    0.0510    1.3842    4.0626    8.0760    3.9729   10.9330    4.3174    0.2880    0.7545    0.0169    0.0000    0.0000
   19.0000    0.5300    0.4690    0.0610    1.4599    3.9720    8.0763    3.5435   11.1519    4.3153    0.2880    0.7538    0.0169    0.0000    0.0000
   19.0000    0.5400    0.4690    0.0710    1.5062    3.8759    8.0769    3.1205   11.3674    4.3130    0.2880    0.7488    0.0169    0.0000    0.0000
   19.0000    0.5500    0.4690    0.0810    1.5419    3.7665    8.0768    2.6554   11.6039    4.3124    0.2880    0.7505    0.0169    0.0000    0.0000
   19.0000    0.5600    0.4690    0.0910    1.5634    3.7136    8.0770    2.4303   11.7204    4.3119    0.2880    0.7485    0.0169    0.0000    0.0000
   19.0000    0.5800    0.4690    0.1110    1.5879    3.6805    8.0772    2.2884   11.7989    4.3103    0.2880    0.7467    0.0169    0.0000    0.0000
   19.0000    0.6200    0.4690    0.1510    1.6182    3.6584    8.0772    2.1986   11.8583    4.3099    0.2880    0.7484    0.0169    0.0000    0.0000
   19.0000    0.6600    0.4690    0.1910    1.6366    3.6492    8.0773    2.1705   11.8859    4.3092    0.2880    0.7470    0.0169    0.0000    0.0000
   19.0000    0.7000    0.4690    0.2310    1.6524    3.6441    8.0773    2.1598   11.9042    4.3090    0.2880    0.7485    0.0169    0.0000    0.0000
#   age       Mtot      Mc        Menv      logL      logT      logTc     logg      logR      logrhoc   Y         Yc        Z         FeH       OFe       
   20.0000    0.4710    0.4690    0.0020    1.1308    4.4074    8.0722    5.5624   10.1168    4.3456    0.2880    0.7662    0.0169    0.0000    0.0000
   20.0000    0.4730    0.4690    0.0040    1.1359    4.3778    8.0724    5.4409   10.1784    4.3436    0.2880    0.7665    0.0169    0.0000    0.0000
   20.0000    0.4750    0.4690    0.0060    1.1415    4.3553    8.0728    5.3472   10.2262    4.3414    0.2880    0.7635    0.0169    0.0000    0.0000
   20.0000    0.4800    0.4690    0.0110    1.1530    4.3121    8.0734    5.1675   10.3183    4.3368    0.2880    0.7606    0.0169    0.0000    0.0000
   20.0000    0.4850    0.4690    0.0160    1.1640    4.2774    8.0740    5.0218   10.3935    4.3327    0.2880    0.7579    0.0169    0.0000    0.0000
   20.0000    0.4900    0.4690    0.0210    1.1774    4.2473    8.0748    4.8927   10.4602    4.3288    0.2880    0.7525    0.0169    0.0000    0.0000
   20.0000    0.4950    0.4690    0.0260    1.1885    4.2197    8.0751    4.7758   10.5207    4.3259    0.2880    0.7518    0.0169    0.0000    0.0000
   20.0000    0.5000    0.4690    0.0310    1.2062    4.1937    8.0758    4.6586   10.5817    4.3228    0.2880    0.7474    0.0169    0.0000    0.0000
   20.0000    0.5100    0.4690    0.0410    1.2761    4.1388    8.0763    4.3778   10.7263    4.3186    0.2880    0.7450    0.0169    0.0000    0.0000
   20.0000    0.5200    0.4690    0.0510    1.3821    4.0637    8.0766    3.9793   10.9298    4.3163    0.2880    0.7460    0.0169    0.0000    0.0000
   20.0000    0.5300    0.4690    0.0610    1.4561    3.9757    8.0768    3.5618   11.1427    4.3141    0.2880    0.7454    0.0169    0.0000    0.0000
   20.0000    0.5400    0.4690    0.0710    1.5029    3.8808    8.0774    3.1436   11.3559    4.3117    0.2880    0.7402    0.0169    0.0000    0.0000
   20.0000    0.5500    0.4690    0.0810    1.5386    3.7733    8.0774    2.6856   11.5888    4.3108    0.2880    0.7416    0.0169    0.0000    0.0000
   20.0000    0.5600    0.4690    0.0910    1.5605    3.7164    8.0776    2.4442   11.7135    4.3102    0.2880    0.7394    0.0169    0.0000    0.0000
   20.0000    0.5800    0.4690    0.1110    1.5859    3.6816    8.0779    2.2948   11.7958    4.3087    0.2880    0.7378    0.0169    0.0000    0.0000
   20.0000    0.6200    0.4690    0.1510    1.6164    3.6589    8.0779    2.2026   11.8563    4.3081    0.2880    0.7392    0.0169    0.0000    0.0000
   20.0000    0.6600    0.4690    0.1910    1.6350    3.6496    8.0780    2.1740   11.8842    4.3073    0.2880    0.7376    0.0169    0.0000    0.0000
   20.0000    0.7000    0.4690    0.2310    1.6511    3.6444    8.0779    2.1624   11.9029    4.3072    0.2880    0.7400    0.0169    0.0000    0.0000
#   age       Mtot      Mc        Menv      logL      logT      logTc     logg      logR      logrhoc   Y         Yc        Z         FeH       OFe       
   21.0000    0.4710    0.4690    0.0020    1.1330    4.4072    8.0726    5.5594   10.1183    4.3449    0.2880    0.7584    0.0169    0.0000    0.0000
   21.0000    0.4730    0.4690    0.0040    1.1381    4.3775    8.0728    5.4376   10.1801    4.3429    0.2880    0.7587    0.0169    0.0000    0.0000
   21.0000    0.4750    0.4690    0.0060    1.1437    4.3550    8.0733    5.3437   10.2280    4.3407    0.2880    0.7555    0.0169    0.0000    0.0000
   21.0000    0.4800    0.4690    0.0110    1.1553    4.3116    8.0739    5.1633   10.3204    4.3361    0.2880    0.7525    0.0169    0.0000    0.0000
   21.0000    0.4850    0.4690    0.0160    1.1663    4.2768    8.0745    5.0172   10.3958    4.3321    0.2880    0.7498    0.0169    0.0000    0.0000
   21.0000    0.4900    0.4690    0.0210    1.1795    4.2466    8.0752    4.8879   10.4626    4.3280    0.2880    0.7447    0.0169    0.0000    0.0000
   21.0000    0.4950    0.4690    0.0260    1.1904    4.2189    8.0756    4.7708   10.5233    4.3251    0.2880    0.7440    0.0169    0.0000    0.0000
   21.0000    0.5000    0.4690    0.0310    1.2079    4.1928    8.0763    4.6534   10.5843    4.3219    0.2880    0.7393    0.0169    0.0000    0.0000
   21.0000    0.5100    0.4690    0.0410    1.2765    4.1382    8.0768    4.3752   10.7276    4.3177    0.2880    0.7371    0.0169    0.0000    0.0000
   21.0000    0.5200    0.4690    0.0510    1.3799    4.0648    8.0771    3.9860   10.9264    4.3152    0.2880    0.7380    0.0169    0.0000    0.0000
   21.0000    0.5300    0.4690    0.0610    1.4524    3.9790    8.0774    3.5791   11.1341    4.3128    0.2880    0.7375    0.0169    0.0000    0.0000
   21.0000    0.5400    0.4690    0.0710    1.4996    3.8857    8.0780    3.1666   11.3444    4.3103    0.2880    0.7317    0.0169    0.0000    0.0000
   21.0000    0.5500    0.4690    0.0810    1.5352    3.7800    8.0781    2.7160   11.5736    4.3092    0.2880    0.7326    0.0169    0.0000    0.0000
   21.0000    0.5600    0.4690    0.0910    1.5575    3.7191    8.0783    2.4580   11.7065    4.3086    0.2880    0.7302    0.0169    0.0000    0.0000
   21.0000    0.5800    0.4690    0.1110    1.5839    3.6827    8.0785    2.3011   11.7926    4.3071    0.2880    0.7289    0.0169    0.0000    0.0000
   21.0000    0.6200    0.4690    0.1510    1.6145    3.6595    8.0785    2.2067   11.8543    4.3064    0.2880    0.7300    0.0169    0.0000    0.0000
   21.0000    0.6600    0.4690    0.1910    1.6334    3.6501    8.0787    2.1774   11.8825    4.3054    0.2880    0.7283    0.0169    0.0000    0.0000
   21.0000    0.7000    0.4690    0.2310    1.6498    3.6447    8.0786    2.1650   11.9015    4.3054    0.2880    0.7314    0.0169    0.0000    0.0000
#   age       Mtot      Mc        Menv      logL      logT      logTc     logg      logR      logrhoc   Y         Yc        Z         FeH       OFe       
   22.0000    0.4710    0.4690    0.0020    1.1352    4.4070    8.0731    5.5565   10.1198    4.3443    0.2880    0.7507    0.0169    0.0000    0.0000
   22.0000    0.4730    0.4690    0.0040    1.1404    4.3772    8.0733    5.4343   10.1817    4.3423    0.2880    0.7508    0.0169    0.0000    0.0000
   22.0000    0.4750    0.4690    0.0060    1.1459    4.3547    8.0737    5.3402   10.2297    4.3401    0.2880    0.7478    0.0169    0.0000    0.0000
   22.0000    0.4800    0.4690    0.0110    1.1575    4.3112    8.0743    5.1593   10.3224    4.3353    0.2880    0.7449    0.0169    0.0000    0.0000
   22.0000    0.4850    0.4690    0.0160    1.1683    4.2762    8.0750    5.0129   10.3979    4.3313    0.2880    0.7424    0.0169    0.0000    0.0000
   22.0000    0.4900    0.4690    0.0210    1.1815    4.2460    8.0757    4.8833   10.4649    4.3272    0.2880    0.7372    0.0169    0.0000    0.0000
   22.0000    0.4950    0.4690    0.0260    1.1923    4.2181    8.0761    4.7659   10.5257    4.3243    0.2880    0.7363    0.0169    0.0000    0.0000
   22.0000    0.5000    0.4690    0.0310    1.2096    4.1920    8.0768    4.6482   10.5869    4.3211    0.2880    0.7313    0.0169    0.0000    0.0000
   22.0000    0.5100    0.4690    0.0410    1.2769    4.1377    8.0773    4.3726   10.7290    4.3168    0.2880    0.7292    0.0169    0.0000    0.0000
   22.0000    0.5200    0.4690    0.0510    1.3776    4.0659    8.0777    3.9928   10.9231    4.3140    0.2880    0.7301    0.0169    0.0000    0.0000
   22.0000    0.5300    0.4690    0.0610    1.4487    3.9824    8.0779    3.5964   11.1254    4.3115    0.2880    0.7296    0.0169    0.0000    0.0000
   22.0000    0.5400    0.4690    0.0710    1.4963    3.8906    8.0786    3.1896   11.3328    4.3090    0.2880    0.7231    0.0169    0.0000    0.0000
   22.0000    0.5500    0.4690    0.0810    1.5319    3.7868    8.0787    2.7463   11.5584    4.3076    0.2880    0.7237    0.0169    0.0000    0.0000
   22.0000    0.5600    0.4690    0.0910    1.5545    3.7218    8.0789    2.4719   11.6996    4.3069    0.2880    0.7210    0.0169    0.0000    0.0000
   22.0000    0.5800    0.4690    0.1110    1.5819    3.6838    8.0792    2.3075   11.7895    4.3054    0.2880    0.7200    0.0169    0.0000    0.0000
   22.0000    0.6200    0.4690    0.1510    1.6127    3.6601    8.0792    2.2107   11.8523    4.3046    0.2880    0.7208    0.0169    0.0000    0.0000
   22.0000    0.6600    0.4690    0.1910    1.6318    3.6506    8.0795    2.1809   11.8808    4.3035    0.2880    0.7190    0.0169    0.0000    0.0000
   22.0000    0.7000    0.4690    0.2310    1.6486    3.6450    8.0792    2.1676   11.9002    4.3036    0.2880    0.7228    0.0169    0.0000    0.0000
#   age       Mtot      Mc        Menv      logL      logT      logTc     logg      logR      logrhoc   Y         Yc        Z         FeH       OFe       
   23.0000    0.4710    0.4690    0.0020    1.1373    4.4068    8.0735    5.5537   10.1212    4.3435    0.2880    0.7437    0.0169    0.0000    0.0000
   23.0000    0.4730    0.4690    0.0040    1.1424    4.3770    8.0737    5.4313   10.1833    4.3415    0.2880    0.7438    0.0169    0.0000    0.0000
   23.0000    0.4750    0.4690    0.0060    1.1480    4.3544    8.0742    5.3368   10.2314    4.3392    0.2880    0.7406    0.0169    0.0000    0.0000
   23.0000    0.4800    0.4690    0.0110    1.1596    4.3107    8.0748    5.1553   10.3243    4.3345    0.2880    0.7374    0.0169    0.0000    0.0000
   23.0000    0.4850    0.4690    0.0160    1.1704    4.2757    8.0754    5.0086   10.4000    4.3305    0.2880    0.7350    0.0169    0.0000    0.0000
   23.0000    0.4900    0.4690    0.0210    1.1835    4.2453    8.0762    4.8787   10.4672    4.3265    0.2880    0.7297    0.0169    0.0000    0.0000
   23.0000    0.4950    0.4690    0.0260    1.1942    4.2174    8.0766    4.7609   10.5282    4.3235    0.2880    0.7286    0.0169    0.0000    0.0000
   23.0000    0.5000    0.4690    0.0310    1.2114    4.1911    8.0773    4.6430   10.5895    4.3202    0.2880    0.7233    0.0169    0.0000    0.0000
   23.0000    0.5100    0.4690    0.0410    1.2773    4.1371    8.0778    4.3700   10.7303    4.3159    0.2880    0.7213    0.0169    0.0000    0.0000
   23.0000    0.5200    0.4690    0.0510    1.3753    4.0670    8.0782    3.9995   10.9197    4.3129    0.2880    0.7221    0.0169    0.0000    0.0000
   23.0000    0.5300    0.4690    0.0610    1.4449    3.9858    8.0785    3.6136   11.1168    4.3103    0.2880    0.7217    0.0169    0.0000    0.0000
   23.0000    0.5400    0.4690    0.0710    1.4930    3.8956    8.0791    3.2127   11.3213    4.3077    0.2880    0.7145    0.0169    0.0000    0.0000
   23.0000    0.5500    0.4690    0.0810    1.5286    3.7935    8.0793    2.7767   11.5433    4.3060    0.2880    0.7148    0.0169    0.0000    0.0000
   23.0000    0.5600    0.4690    0.0910    1.5515    3.7246    8.0796    2.4858   11.6927    4.3052    0.2880    0.7119    0.0169    0.0000    0.0000
   23.0000    0.5800    0.4690    0.1110    1.5800    3.6849    8.0798    2.3138   11.7863    4.3038    0.2880    0.7110    0.0169    0.0000    0.0000
   23.0000    0.6200    0.4690    0.1510    1.6109    3.6606    8.0799    2.2147   11.8503    4.3028    0.2880    0.7116    0.0169    0.0000    0.0000
   23.0000    0.6600    0.4690    0.1910    1.6302    3.6510    8.0802    2.1843   11.8791    4.3016    0.2880    0.7096    0.0169    0.0000    0.0000
   23.0000    0.7000    0.4690    0.2310    1.6473    3.6454    8.0798    2.1702   11.8989    4.3018    0.2880    0.7142    0.0169    0.0000    0.0000
#   age       Mtot      Mc        Menv      logL      logT      logTc     logg      logR      logrhoc   Y         Yc        Z         FeH       OFe       
   24.0000    0.4710    0.4690    0.0020    1.1393    4.4066    8.0739    5.5509   10.1225    4.3427    0.2880    0.7367    0.0169    0.0000    0.0000
   24.0000    0.4730    0.4690    0.0040    1.1444    4.3767    8.0741    5.4282   10.1848    4.3407    0.2880    0.7368    0.0169    0.0000    0.0000
   24.0000    0.4750    0.4690    0.0060    1.1501    4.3540    8.0746    5.3335   10.2331    4.3384    0.2880    0.7334    0.0169    0.0000    0.0000
   24.0000    0.4800    0.4690    0.0110    1.1617    4.3103    8.0752    5.1514   10.3263    4.3337    0.2880    0.7300    0.0169    0.0000    0.0000
   24.0000    0.4850    0.4690    0.0160    1.1724    4.2751    8.0758    5.0044   10.4022    4.3298    0.2880    0.7276    0.0169    0.0000    0.0000
   24.0000    0.4900    0.4690    0.0210    1.1855    4.2446    8.0766    4.8740   10.4696    4.3257    0.2880    0.7222    0.0169    0.0000    0.0000
   24.0000    0.4950    0.4690    0.0260    1.1960    4.2166    8.0771    4.7560   10.5307    4.3226    0.2880    0.7210    0.0169    0.0000    0.0000
   24.0000    0.5000    0.4690    0.0310    1.2131    4.1902    8.0778    4.6378   10.5921    4.3193    0.2880    0.7153    0.0169    0.0000    0.0000
   24.0000    0.5100    0.4690    0.0410    1.2777    4.1366    8.0783    4.3674   10.7316    4.3150    0.2880    0.7133    0.0169    0.0000    0.0000
   24.0000    0.5200    0.4690    0.0510    1.3730    4.0681    8.0787    4.0063   10.9163    4.3117    0.2880    0.7142    0.0169    0.0000    0.0000
   24.0000    0.5300    0.4690    0.0610    1.4412    3.9892    8.0790    3.6309   11.1081    4.3090    0.2880    0.7138    0.0169    0.0000    0.0000
   24.0000    0.5400    0.4690    0.0710    1.4897    3.9005    8.0797    3.2357   11.3098    4.3063    0.2880    0.7060    0.0169    0.0000    0.0000
   24.0000    0.5500    0.4690    0.0810    1.5253    3.8003    8.0800    2.8070   11.5281    4.3044    0.2880    0.7058    0.0169    0.0000    0.0000
   24.0000    0.5600    0.4690    0.0910    1.5486    3.7273    8.0802    2.4996   11.6857    4.3035    0.2880    0.7027    0.0169    0.0000    0.0000
   24.0000    0.5800    0.4690    0.1110    1.5780    3.6859    8.0804    2.3202   11.7832    4.3022    0.2880    0.7021    0.0169    0.0000    0.0000
   24.0000    0.6200    0.4690    0.1510    1.6091    3.6612    8.0805    2.2187   11.8483    4.3011    0.2880    0.7024    0.0169    0.0000    0.0000
   24.0000    0.6600    0.4690    0.1910    1.6287    3.6515    8.0809    2.1878   11.8774    4.2998    0.2880    0.7003    0.0169    0.0000    0.0000
   24.0000    0.7000    0.4690    0.2310    1.6460    3.6457    8.0805    2.1728   11.8976    4.3000    0.2880    0.7056    0.0169    0.0000    0.0000
#   age       Mtot      Mc        Menv      logL      logT      logTc     logg      logR      logrhoc   Y         Yc        Z         FeH       OFe       
   25.0000    0.4710    0.4690    0.0020    1.1413    4.4064    8.0744    5.5482   10.1239    4.3419    0.2880    0.7298    0.0169    0.0000    0.0000
   25.0000    0.4730    0.4690    0.0040    1.1464    4.3765    8.0745    5.4252   10.1863    4.3399    0.2880    0.7298    0.0169    0.0000    0.0000
   25.0000    0.4750    0.4690    0.0060    1.1521    4.3537    8.0750    5.3301   10.2347    4.3376    0.2880    0.7262    0.0169    0.0000    0.0000
   25.0000    0.4800    0.4690    0.0110    1.1638    4.3098    8.0757    5.1475   10.3283    4.3329    0.2880    0.7226    0.0169    0.0000    0.0000
   25.0000    0.4850    0.4690    0.0160    1.1745    4.2745    8.0763    5.0001   10.4043    4.3290    0.2880    0.7202    0.0169    0.0000    0.0000
   25.0000    0.4900    0.4690    0.0210    1.1875    4.2439    8.0771    4.8694   10.4719    4.3249    0.2880    0.7147    0.0169    0.0000    0.0000
   25.0000    0.4950    0.4690    0.0260    1.1979    4.2158    8.0775    4.7511   10.5332    4.3218    0.2880    0.7133    0.0169    0.0000    0.0000
   25.0000    0.5000    0.4690    0.0310    1.2148    4.1894    8.0783    4.6326   10.5947    4.3185    0.2880    0.7072    0.0169    0.0000    0.0000
   25.0000    0.5100    0.4690    0.0410    1.2781    4.1361    8.0789    4.3649   10.7329    4.3141    0.2880    0.7054    0.0169    0.0000    0.0000
   25.0000    0.5200    0.4690    0.0510    1.3707    4.0692    8.0793    4.0131   10.9129    4.3106    0.2880    0.7062    0.0169    0.0000    0.0000
   25.0000    0.5300    0.4690    0.0610    1.4375    3.9926    8.0796    3.6482   11.0995    4.3077    0.2880    0.7059    0.0169    0.0000    0.0000
   25.0000    0.5400    0.4690    0.0710    1.4865    3.9050    8.0803    3.2571   11.2991    4.3050    0.2880    0.6977    0.0169    0.0000    0.0000
   25.0000    0.5500    0.4690    0.0810    1.5222    3.8065    8.0806    2.8350   11.5141    4.3029    0.2880    0.6973    0.0169    0.0000    0.0000
   25.0000    0.5600    0.4690    0.0910    1.5461    3.7303    8.0809    2.5139   11.6786    4.3019    0.2880    0.6938    0.0169    0.0000    0.0000
   25.0000    0.5800    0.4690    0.1110    1.5763    3.6870    8.0811    2.3260   11.7802    4.3006    0.2880    0.6937    0.0169    0.0000    0.0000
   25.0000    0.6200    0.4690    0.1510    1.6078    3.6616    8.0812    2.2219   11.8467    4.2994    0.2880    0.6943    0.0169    0.0000    0.0000
   25.0000    0.6600    0.4690    0.1910    1.6278    3.6518    8.0815    2.1900   11.8762    4.2981    0.2880    0.6922    0.0169    0.0000    0.0000
   25.0000    0.7000    0.4690    0.2310    1.6449    3.6460    8.0811    2.1751   11.8964    4.2982    0.2880    0.6971    0.0169    0.0000    0.0000
#   age       Mtot      Mc        Menv      logL      logT      logTc     logg      logR      logrhoc   Y         Yc        Z         FeH       OFe       
   26.0000    0.4710    0.4690    0.0020    1.1434    4.4062    8.0748    5.5454   10.1253    4.3411    0.2880    0.7229    0.0169    0.0000    0.0000
   26.0000    0.4730    0.4690    0.0040    1.1485    4.3762    8.0750    5.4221   10.1878    4.3391    0.2880    0.7229    0.0169    0.0000    0.0000
   26.0000    0.4750    0.4690    0.0060    1.1542    4.3534    8.0755    5.3268   10.2364    4.3368    0.2880    0.7189    0.0169    0.0000    0.0000
   26.0000    0.4800    0.4690    0.0110    1.1659    4.3093    8.0762    5.1435   10.3303    4.3321    0.2880    0.7152    0.0169    0.0000    0.0000
   26.0000    0.4850    0.4690    0.0160    1.1765    4.2740    8.0767    4.9958   10.4064    4.3282    0.2880    0.7128    0.0169    0.0000    0.0000
   26.0000    0.4900    0.4690    0.0210    1.1895    4.2433    8.0776    4.8648   10.4742    4.3241    0.2880    0.7072    0.0169    0.0000    0.0000
   26.0000    0.4950    0.4690    0.0260    1.1998    4.2151    8.0780    4.7462   10.5357    4.3209    0.2880    0.7057    0.0169    0.0000    0.0000
   26.0000    0.5000    0.4690    0.0310    1.2166    4.1885    8.0787    4.6274   10.5972    4.3176    0.2880    0.6993    0.0169    0.0000    0.0000
   26.0000    0.5100    0.4690    0.0410    1.2786    4.1355    8.0794    4.3622   10.7342    4.3132    0.2880    0.6977    0.0169    0.0000    0.0000
   26.0000    0.5200    0.4690    0.0510    1.3685    4.0703    8.0798    4.0194   10.9098    4.3095    0.2880    0.6983    0.0169    0.0000    0.0000
   26.0000    0.5300    0.4690    0.0610    1.4340    3.9957    8.0801    3.6640   11.0916    4.3065    0.2880    0.6980    0.0169    0.0000    0.0000
   26.0000    0.5400    0.4690    0.0710    1.4837    3.9087    8.0809    3.2747   11.2903    4.3037    0.2880    0.6903    0.0169    0.0000    0.0000
   26.0000    0.5500    0.4690    0.0810    1.5195    3.8117    8.0812    2.8584   11.5024    4.3015    0.2880    0.6894    0.0169    0.0000    0.0000
   26.0000    0.5600    0.4690    0.0910    1.5439    3.7333    8.0815    2.5284   11.6714    4.3004    0.2880    0.6851    0.0169    0.0000    0.0000
   26.0000    0.5800    0.4690    0.1110    1.5746    3.6880    8.0817    2.3317   11.7774    4.2991    0.2880    0.6854    0.0169    0.0000    0.0000
   26.0000    0.6200    0.4690    0.1510    1.6068    3.6621    8.0818    2.2248   11.8453    4.2978    0.2880    0.6866    0.0169    0.0000    0.0000
   26.0000    0.6600    0.4690    0.1910    1.6269    3.6522    8.0821    2.1922   11.8751    4.2965    0.2880    0.6841    0.0169    0.0000    0.0000
   26.0000    0.7000    0.4690    0.2310    1.6441    3.6462    8.0818    2.1770   11.8955    4.2966    0.2880    0.6887    0.0169    0.0000    0.0000
#   age       Mtot      Mc        Menv      logL      logT      logTc     logg      logR      logrhoc   Y         Yc        Z         FeH       OFe       
   27.0000    0.4710    0.4690    0.0020    1.1454    4.4060    8.0753    5.5426   10.1266    4.3402    0.2880    0.7159    0.0169    0.0000    0.0000
   27.0000    0.4730    0.4690    0.0040    1.1505    4.3760    8.0754    5.4191   10.1893    4.3382    0.2880    0.7159    0.0169    0.0000    0.0000
   27.0000    0.4750    0.4690    0.0060    1.1562    4.3530    8.0759    5.3234   10.2381    4.3360    0.2880    0.7117    0.0169    0.0000    0.0000
   27.0000    0.4800    0.4690    0.0110    1.1680    4.3089    8.0766    5.1396   10.3322    4.3313    0.2880    0.7078    0.0169    0.0000    0.0000
   27.0000    0.4850    0.4690    0.0160    1.1786    4.2734    8.0772    4.9915   10.4085    4.3275    0.2880    0.7054    0.0169    0.0000    0.0000
   27.0000    0.4900    0.4690    0.0210    1.1915    4.2426    8.0780    4.8601   10.4765    4.3233    0.2880    0.6998    0.0169    0.0000    0.0000
   27.0000    0.4950    0.4690    0.0260    1.2017    4.2143    8.0785    4.7412   10.5381    4.3201    0.2880    0.6979    0.0169    0.0000    0.0000
   27.0000    0.5000    0.4690    0.0310    1.2183    4.1877    8.0792    4.6224   10.5998    4.3168    0.2880    0.6919    0.0169    0.0000    0.0000
   27.0000    0.5100    0.4690    0.0410    1.2791    4.1350    8.0798    4.3595   10.7356    4.3124    0.2880    0.6904    0.0169    0.0000    0.0000
   27.0000    0.5200    0.4690    0.0510    1.3667    4.0710    8.0803    4.0241   10.9074    4.3085    0.2880    0.6906    0.0169    0.0000    0.0000
   27.0000    0.5300    0.4690    0.0610    1.4312    3.9979    8.0807    3.6756   11.0858    4.3054    0.2880    0.6903    0.0169    0.0000    0.0000
   27.0000    0.5400    0.4690    0.0710    1.4808    3.9124    8.0814    3.2924   11.2814    4.3024    0.2880    0.6829    0.0169    0.0000    0.0000
   27.0000    0.5500    0.4690    0.0810    1.5167    3.8169    8.0818    2.8819   11.4907    4.3001    0.2880    0.6815    0.0169    0.0000    0.0000
   27.0000    0.5600    0.4690    0.0910    1.5417    3.7364    8.0821    2.5428   11.6641    4.2989    0.2880    0.6764    0.0169    0.0000    0.0000
   27.0000    0.5800    0.4690    0.1110    1.5730    3.6890    8.0823    2.3373   11.7746    4.2975    0.2880    0.6772    0.0169    0.0000    0.0000
   27.0000    0.6200    0.4690    0.1510    1.6058    3.6625    8.0824    2.2276   11.8439    4.2962    0.2880    0.6789    0.0169    0.0000    0.0000
   27.0000    0.6600    0.4690    0.1910    1.6261    3.6525    8.0827    2.1944   11.8740    4.2949    0.2880    0.6760    0.0169    0.0000    0.0000
   27.0000    0.7000    0.4690    0.2310    1.6433    3.6465    8.0824    2.1788   11.8946    4.2949    0.2880    0.6802    0.0169    0.0000    0.0000
#   age       Mtot      Mc        Menv      logL      logT      logTc     logg      logR      logrhoc   Y         Yc        Z         FeH       OFe       
   28.0000    0.4710    0.4690    0.0020    1.1475    4.4059    8.0757    5.5399   10.1280    4.3394    0.2880    0.7090    0.0169    0.0000    0.0000
   28.0000    0.4730    0.4690    0.0040    1.1525    4.3757    8.0758    5.4160   10.1908    4.3374    0.2880    0.7090    0.0169    0.0000    0.0000
   28.0000    0.4750    0.4690    0.0060    1.1583    4.3527    8.0763    5.3201   10.2397    4.3352    0.2880    0.7045    0.0169    0.0000    0.0000
   28.0000    0.4800    0.4690    0.0110    1.1701    4.3084    8.0771    5.1357   10.3342    4.3304    0.2880    0.7003    0.0169    0.0000    0.0000
   28.0000    0.4850    0.4690    0.0160    1.1806    4.2729    8.0776    4.9873   10.4107    4.3267    0.2880    0.6981    0.0169    0.0000    0.0000
   28.0000    0.4900    0.4690    0.0210    1.1934    4.2420    8.0785    4.8557   10.4787    4.3225    0.2880    0.6930    0.0169    0.0000    0.0000
   28.0000    0.4950    0.4690    0.0260    1.2037    4.2136    8.0790    4.7362   10.5406    4.3194    0.2880    0.6899    0.0169    0.0000    0.0000
   28.0000    0.5000    0.4690    0.0310    1.2201    4.1869    8.0797    4.6173   10.6023    4.3161    0.2880    0.6845    0.0169    0.0000    0.0000
   28.0000    0.5100    0.4690    0.0410    1.2797    4.1345    8.0803    4.3568   10.7369    4.3115    0.2880    0.6832    0.0169    0.0000    0.0000
   28.0000    0.5200    0.4690    0.0510    1.3650    4.0717    8.0808    4.0288   10.9050    4.3075    0.2880    0.6829    0.0169    0.0000    0.0000
   28.0000    0.5300    0.4690    0.0610    1.4284    4.0001    8.0812    3.6873   11.0800    4.3042    0.2880    0.6827    0.0169    0.0000    0.0000
   28.0000    0.5400    0.4690    0.0710    1.4779    3.9161    8.0820    3.3100   11.2726    4.3010    0.2880    0.6755    0.0169    0.0000    0.0000
   28.0000    0.5500    0.4690    0.0810    1.5140    3.8221    8.0823    2.9053   11.4790    4.2987    0.2880    0.6737    0.0169    0.0000    0.0000
   28.0000    0.5600    0.4690    0.0910    1.5395    3.7395    8.0828    2.5573   11.6569    4.2974    0.2880    0.6677    0.0169    0.0000    0.0000
   28.0000    0.5800    0.4690    0.1110    1.5714    3.6900    8.0829    2.3429   11.7718    4.2960    0.2880    0.6689    0.0169    0.0000    0.0000
   28.0000    0.6200    0.4690    0.1510    1.6048    3.6630    8.0831    2.2305   11.8424    4.2946    0.2880    0.6712    0.0169    0.0000    0.0000
   28.0000    0.6600    0.4690    0.1910    1.6252    3.6528    8.0833    2.1966   11.8729    4.2933    0.2880    0.6679    0.0169    0.0000    0.0000
   28.0000    0.7000    0.4690    0.2310    1.6426    3.6467    8.0830    2.1806   11.8937    4.2932    0.2880    0.6718    0.0169    0.0000    0.0000
#   age       Mtot      Mc        Menv      logL      logT      logTc     logg      logR      logrhoc   Y         Yc        Z         FeH       OFe       
   29.0000    0.4710    0.4690    0.0020    1.1495    4.4057    8.0762    5.5371   10.1294    4.3386    0.2880    0.7021    0.0169    0.0000    0.0000
   29.0000    0.4730    0.4690    0.0040    1.1545    4.3755    8.0763    5.4130   10.1924    4.3366    0.2880    0.7020    0.0169    0.0000    0.0000
   29.0000    0.4750    0.4690    0.0060    1.1603    4.3524    8.0768    5.3168   10.2414    4.3344    0.2880    0.6976    0.0169    0.0000    0.0000
   29.0000    0.4800    0.4690    0.0110    1.1720    4.3080    8.0775    5.1322   10.3360    4.3297    0.2880    0.6937    0.0169    0.0000    0.0000
   29.0000    0.4850    0.4690    0.0160    1.1826    4.2723    8.0781    4.9833   10.4127    4.3260    0.2880    0.6911    0.0169    0.0000    0.0000
   29.0000    0.4900    0.4690    0.0210    1.1953    4.2413    8.0789    4.8512   10.4809    4.3217    0.2880    0.6862    0.0169    0.0000    0.0000
   29.0000    0.4950    0.4690    0.0260    1.2057    4.2128    8.0795    4.7312   10.5431    4.3186    0.2880    0.6819    0.0169    0.0000    0.0000
   29.0000    0.5000    0.4690    0.0310    1.2219    4.1861    8.0802    4.6123   10.6048    4.3153    0.2880    0.6771    0.0169    0.0000    0.0000
   29.0000    0.5100    0.4690    0.0410    1.2802    4.1339    8.0808    4.3541   10.7383    4.3107    0.2880    0.6759    0.0169    0.0000    0.0000
   29.0000    0.5200    0.4690    0.0510    1.3632    4.0725    8.0813    4.0336   10.9027    4.3065    0.2880    0.6752    0.0169    0.0000    0.0000
   29.0000    0.5300    0.4690    0.0610    1.4256    4.0023    8.0817    3.6989   11.0742    4.3030    0.2880    0.6750    0.0169    0.0000    0.0000
   29.0000    0.5400    0.4690    0.0710    1.4750    3.9198    8.0826    3.3277   11.2638    4.2997    0.2880    0.6681    0.0169    0.0000    0.0000
   29.0000    0.5500    0.4690    0.0810    1.5113    3.8273    8.0829    2.9288   11.4672    4.2973    0.2880    0.6658    0.0169    0.0000    0.0000
   29.0000    0.5600    0.4690    0.0910    1.5373    3.7425    8.0834    2.5718   11.6497    4.2959    0.2880    0.6590    0.0169    0.0000    0.0000
   29.0000    0.5800    0.4690    0.1110    1.5698    3.6910    8.0835    2.3486   11.7690    4.2944    0.2880    0.6607    0.0169    0.0000    0.0000
   29.0000    0.6200    0.4690    0.1510    1.6038    3.6634    8.0837    2.2334   11.8410    4.2930    0.2880    0.6635    0.0169    0.0000    0.0000
   29.0000    0.6600    0.4690    0.1910    1.6243    3.6532    8.0840    2.1988   11.8718    4.2917    0.2880    0.6598    0.0169    0.0000    0.0000
   29.0000    0.7000    0.4690    0.2310    1.6418    3.6470    8.0837    2.1825   11.8927    4.2916    0.2880    0.6634    0.0169    0.0000    0.0000
#   age       Mtot      Mc        Menv      logL      logT      logTc     logg      logR      logrhoc   Y         Yc        Z         FeH       OFe       
   30.0000    0.4710    0.4690    0.0020    1.1515    4.4055    8.0766    5.5344   10.1307    4.3379    0.2880    0.6952    0.0169    0.0000    0.0000
   30.0000    0.4730    0.4690    0.0040    1.1565    4.3752    8.0767    5.4100   10.1938    4.3359    0.2880    0.6952    0.0169    0.0000    0.0000
   30.0000    0.4750    0.4690    0.0060    1.1623    4.3521    8.0772    5.3137   10.2429    4.3337    0.2880    0.6911    0.0169    0.0000    0.0000
   30.0000    0.4800    0.4690    0.0110    1.1739    4.3076    8.0780    5.1286   10.3377    4.3289    0.2880    0.6870    0.0169    0.0000    0.0000
   30.0000    0.4850    0.4690    0.0160    1.1845    4.2718    8.0785    4.9792   10.4147    4.3252    0.2880    0.6841    0.0169    0.0000    0.0000
   30.0000    0.4900    0.4690    0.0210    1.1972    4.2407    8.0794    4.8468   10.4832    4.3209    0.2880    0.6794    0.0169    0.0000    0.0000
   30.0000    0.4950    0.4690    0.0260    1.2077    4.2120    8.0800    4.7261   10.5457    4.3179    0.2880    0.6739    0.0169    0.0000    0.0000
   30.0000    0.5000    0.4690    0.0310    1.2236    4.1853    8.0807    4.6073   10.6073    4.3145    0.2880    0.6697    0.0169    0.0000    0.0000
   30.0000    0.5100    0.4690    0.0410    1.2808    4.1334    8.0813    4.3514   10.7396    4.3099    0.2880    0.6686    0.0169    0.0000    0.0000
   30.0000    0.5200    0.4690    0.0510    1.3614    4.0732    8.0818    4.0383   10.9003    4.3055    0.2880    0.6675    0.0169    0.0000    0.0000
   30.0000    0.5300    0.4690    0.0610    1.4228    4.0045    8.0822    3.7105   11.0684    4.3019    0.2880    0.6673    0.0169    0.0000    0.0000
   30.0000    0.5400    0.4690    0.0710    1.4722    3.9235    8.0832    3.3453   11.2549    4.2984    0.2880    0.6607    0.0169    0.0000    0.0000
   30.0000    0.5500    0.4690    0.0810    1.5086    3.8325    8.0835    2.9522   11.4555    4.2959    0.2880    0.6579    0.0169    0.0000    0.0000
   30.0000    0.5600    0.4690    0.0910    1.5351    3.7456    8.0841    2.5862   11.6424    4.2944    0.2880    0.6503    0.0169    0.0000    0.0000
   30.0000    0.5800    0.4690    0.1110    1.5682    3.6920    8.0841    2.3542   11.7661    4.2929    0.2880    0.6524    0.0169    0.0000    0.0000
   30.0000    0.6200    0.4690    0.1510    1.6028    3.6639    8.0843    2.2362   11.8396    4.2914    0.2880    0.6558    0.0169    0.0000    0.0000
   30.0000    0.6600    0.4690    0.1910    1.6235    3.6535    8.0846    2.2010   11.8707    4.2901    0.2880    0.6517    0.0169    0.0000    0.0000
   30.0000    0.7000    0.4690    0.2310    1.6410    3.6472    8.0843    2.1843   11.8918    4.2899    0.2880    0.6550    0.0169    0.0000    0.0000
#   age       Mtot      Mc        Menv      logL      logT      logTc     logg      logR      logrhoc   Y         Yc        Z         FeH       OFe       
   31.0000    0.4710    0.4690    0.0020    1.1535    4.4053    8.0771    5.5317   10.1321    4.3371    0.2880    0.6883    0.0169    0.0000    0.0000
   31.0000    0.4730    0.4690    0.0040    1.1585    4.3750    8.0772    5.4072   10.1953    4.3351    0.2880    0.6886    0.0169    0.0000    0.0000
   31.0000    0.4750    0.4690    0.0060    1.1643    4.3518    8.0776    5.3106   10.2445    4.3329    0.2880    0.6847    0.0169    0.0000    0.0000
   31.0000    0.4800    0.4690    0.0110    1.1759    4.3072    8.0784    5.1251   10.3395    4.3281    0.2880    0.6804    0.0169    0.0000    0.0000
   31.0000    0.4850    0.4690    0.0160    1.1864    4.2713    8.0790    4.9752   10.4168    4.3245    0.2880    0.6770    0.0169    0.0000    0.0000
   31.0000    0.4900    0.4690    0.0210    1.1992    4.2401    8.0798    4.8423   10.4854    4.3201    0.2880    0.6726    0.0169    0.0000    0.0000
   31.0000    0.4950    0.4690    0.0260    1.2097    4.2113    8.0804    4.7211   10.5482    4.3172    0.2880    0.6659    0.0169    0.0000    0.0000
   31.0000    0.5000    0.4690    0.0310    1.2254    4.1844    8.0812    4.6022   10.6098    4.3137    0.2880    0.6623    0.0169    0.0000    0.0000
   31.0000    0.5100    0.4690    0.0410    1.2813    4.1328    8.0817    4.3487   10.7410    4.3090    0.2880    0.6614    0.0169    0.0000    0.0000
   31.0000    0.5200    0.4690    0.0510    1.3596    4.0740    8.0824    4.0431   10.8979    4.3046    0.2880    0.6598    0.0169    0.0000    0.0000
   31.0000    0.5300    0.4690    0.0610    1.4200    4.0067    8.0827    3.7221   11.0626    4.3007    0.2880    0.6596    0.0169    0.0000    0.0000
   31.0000    0.5400    0.4690    0.0710    1.4693    3.9272    8.0837    3.3629   11.2461    4.2971    0.2880    0.6533    0.0169    0.0000    0.0000
   31.0000    0.5500    0.4690    0.0810    1.5059    3.8376    8.0841    2.9757   11.4438    4.2945    0.2880    0.6501    0.0169    0.0000    0.0000
   31.0000    0.5600    0.4690    0.0910    1.5333    3.7491    8.0847    2.6021   11.6345    4.2932    0.2880    0.6423    0.0169    0.0000    0.0000
   31.0000    0.5800    0.4690    0.1110    1.5668    3.6929    8.0847    2.3594   11.7636    4.2915    0.2880    0.6446    0.0169    0.0000    0.0000
   31.0000    0.6200    0.4690    0.1510    1.6018    3.6643    8.0850    2.2391   11.8381    4.2899    0.2880    0.6480    0.0169    0.0000    0.0000
   31.0000    0.6600    0.4690    0.1910    1.6227    3.6538    8.0852    2.2031   11.8697    4.2886    0.2880    0.6437    0.0169    0.0000    0.0000
   31.0000    0.7000    0.4690    0.2310    1.6402    3.6475    8.0850    2.1861   11.8909    4.2883    0.2880    0.6469    0.0169    0.0000    0.0000
#   age       Mtot      Mc        Menv      logL      logT      logTc     logg      logR      logrhoc   Y         Yc        Z         FeH       OFe       
   32.0000    0.4710    0.4690    0.0020    1.1555    4.4052    8.0775    5.5290   10.1334    4.3364    0.2880    0.6814    0.0169    0.0000    0.0000
   32.0000    0.4730    0.4690    0.0040    1.1604    4.3748    8.0776    5.4043   10.1967    4.3343    0.2880    0.6819    0.0169    0.0000    0.0000
   32.0000    0.4750    0.4690    0.0060    1.1662    4.3515    8.0780    5.3075   10.2460    4.3322    0.2880    0.6782    0.0169    0.0000    0.0000
   32.0000    0.4800    0.4690    0.0110    1.1778    4.3068    8.0788    5.1216   10.3412    4.3274    0.2880    0.6737    0.0169    0.0000    0.0000
   32.0000    0.4850    0.4690    0.0160    1.1884    4.2707    8.0794    4.9711   10.4188    4.3237    0.2880    0.6700    0.0169    0.0000    0.0000
   32.0000    0.4900    0.4690    0.0210    1.2011    4.2395    8.0803    4.8379   10.4876    4.3193    0.2880    0.6658    0.0169    0.0000    0.0000
   32.0000    0.4950    0.4690    0.0260    1.2117    4.2105    8.0809    4.7161   10.5507    4.3164    0.2880    0.6578    0.0169    0.0000    0.0000
   32.0000    0.5000    0.4690    0.0310    1.2271    4.1836    8.0817    4.5972   10.6123    4.3129    0.2880    0.6549    0.0169    0.0000    0.0000
   32.0000    0.5100    0.4690    0.0410    1.2819    4.1323    8.0822    4.3459   10.7423    4.3082    0.2880    0.6541    0.0169    0.0000    0.0000
   32.0000    0.5200    0.4690    0.0510    1.3579    4.0747    8.0829    4.0478   10.8955    4.3036    0.2880    0.6521    0.0169    0.0000    0.0000
   32.0000    0.5300    0.4690    0.0610    1.4172    4.0089    8.0833    3.7338   11.0568    4.2996    0.2880    0.6519    0.0169    0.0000    0.0000
   32.0000    0.5400    0.4690    0.0710    1.4667    3.9303    8.0843    3.3779   11.2386    4.2959    0.2880    0.6457    0.0169    0.0000    0.0000
   32.0000    0.5500    0.4690    0.0810    1.5038    3.8415    8.0847    2.9932   11.4351    4.2934    0.2880    0.6425    0.0169    0.0000    0.0000
   32.0000    0.5600    0.4690    0.0910    1.5315    3.7526    8.0854    2.6179   11.6266    4.2919    0.2880    0.6342    0.0169    0.0000    0.0000
   32.0000    0.5800    0.4690    0.1110    1.5655    3.6939    8.0854    2.3643   11.7611    4.2902    0.2880    0.6369    0.0169    0.0000    0.0000
   32.0000    0.6200    0.4690    0.1510    1.6009    3.6648    8.0856    2.2420   11.8367    4.2885    0.2880    0.6399    0.0169    0.0000    0.0000
   32.0000    0.6600    0.4690    0.1910    1.6219    3.6541    8.0859    2.2051   11.8687    4.2872    0.2880    0.6358    0.0169    0.0000    0.0000
   32.0000    0.7000    0.4690    0.2310    1.6394    3.6478    8.0856    2.1879   11.8900    4.2867    0.2880    0.6391    0.0169    0.0000    0.0000
#   age       Mtot      Mc        Menv      logL      logT      logTc     logg      logR      logrhoc   Y         Yc        Z         FeH       OFe       
   33.0000    0.4710    0.4690    0.0020    1.1575    4.4050    8.0779    5.5264   10.1347    4.3356    0.2880    0.6745    0.0169    0.0000    0.0000
   33.0000    0.4730    0.4690    0.0040    1.1624    4.3745    8.0780    5.4014   10.1982    4.3336    0.2880    0.6753    0.0169    0.0000    0.0000
   33.0000    0.4750    0.4690    0.0060    1.1682    4.3513    8.0785    5.3044   10.2476    4.3314    0.2880    0.6717    0.0169    0.0000    0.0000
   33.0000    0.4800    0.4690    0.0110    1.1797    4.3064    8.0793    5.1181   10.3430    4.3266    0.2880    0.6671    0.0169    0.0000    0.0000
   33.0000    0.4850    0.4690    0.0160    1.1903    4.2702    8.0799    4.9671   10.4208    4.3230    0.2880    0.6630    0.0169    0.0000    0.0000
   33.0000    0.4900    0.4690    0.0210    1.2030    4.2388    8.0807    4.8334   10.4898    4.3185    0.2880    0.6590    0.0169    0.0000    0.0000
   33.0000    0.4950    0.4690    0.0260    1.2136    4.2098    8.0814    4.7111   10.5532    4.3157    0.2880    0.6498    0.0169    0.0000    0.0000
   33.0000    0.5000    0.4690    0.0310    1.2289    4.1828    8.0822    4.5923   10.6148    4.3122    0.2880    0.6476    0.0169    0.0000    0.0000
   33.0000    0.5100    0.4690    0.0410    1.2825    4.1317    8.0827    4.3430   10.7438    4.3074    0.2880    0.6470    0.0169    0.0000    0.0000
   33.0000    0.5200    0.4690    0.0510    1.3566    4.0751    8.0834    4.0507   10.8941    4.3027    0.2880    0.6450    0.0169    0.0000    0.0000
   33.0000    0.5300    0.4690    0.0610    1.4151    4.0105    8.0838    3.7421   11.0526    4.2985    0.2880    0.6446    0.0169    0.0000    0.0000
   33.0000    0.5400    0.4690    0.0710    1.4644    3.9330    8.0849    3.3907   11.2322    4.2948    0.2880    0.6378    0.0169    0.0000    0.0000
   33.0000    0.5500    0.4690    0.0810    1.5016    3.8453    8.0853    3.0106   11.4264    4.2922    0.2880    0.6349    0.0169    0.0000    0.0000
   33.0000    0.5600    0.4690    0.0910    1.5297    3.7562    8.0860    2.6338   11.6186    4.2906    0.2880    0.6262    0.0169    0.0000    0.0000
   33.0000    0.5800    0.4690    0.1110    1.5642    3.6948    8.0860    2.3692   11.7586    4.2889    0.2880    0.6292    0.0169    0.0000    0.0000
   33.0000    0.6200    0.4690    0.1510    1.6000    3.6654    8.0862    2.2449   11.8352    4.2871    0.2880    0.6318    0.0169    0.0000    0.0000
   33.0000    0.6600    0.4690    0.1910    1.6210    3.6544    8.0865    2.2071   11.8677    4.2857    0.2880    0.6279    0.0169    0.0000    0.0000
   33.0000    0.7000    0.4690    0.2310    1.6386    3.6480    8.0863    2.1897   11.8891    4.2852    0.2880    0.6313    0.0169    0.0000    0.0000
#   age       Mtot      Mc        Menv      logL      logT      logTc     logg      logR      logrhoc   Y         Yc        Z         FeH       OFe       
   34.0000    0.4710    0.4690    0.0020    1.1596    4.4048    8.0784    5.5237   10.1361    4.3348    0.2880    0.6676    0.0169    0.0000    0.0000
   34.0000    0.4730    0.4690    0.0040    1.1644    4.3743    8.0785    5.3985   10.1996    4.3328    0.2880    0.6687    0.0169    0.0000    0.0000
   34.0000    0.4750    0.4690    0.0060    1.1702    4.3510    8.0789    5.3013   10.2491    4.3307    0.2880    0.6653    0.0169    0.0000    0.0000
   34.0000    0.4800    0.4690    0.0110    1.1816    4.3060    8.0797    5.1146   10.3447    4.3258    0.2880    0.6604    0.0169    0.0000    0.0000
   34.0000    0.4850    0.4690    0.0160    1.1923    4.2697    8.0803    4.9630   10.4229    4.3222    0.2880    0.6560    0.0169    0.0000    0.0000
   34.0000    0.4900    0.4690    0.0210    1.2050    4.2382    8.0812    4.8290   10.4921    4.3178    0.2880    0.6523    0.0169    0.0000    0.0000
   34.0000    0.4950    0.4690    0.0260    1.2155    4.2091    8.0819    4.7062   10.5556    4.3150    0.2880    0.6434    0.0169    0.0000    0.0000
   34.0000    0.5000    0.4690    0.0310    1.2306    4.1821    8.0826    4.5875   10.6172    4.3115    0.2880    0.6406    0.0169    0.0000    0.0000
   34.0000    0.5100    0.4690    0.0410    1.2833    4.1311    8.0833    4.3398   10.7454    4.3066    0.2880    0.6401    0.0169    0.0000    0.0000
   34.0000    0.5200    0.4690    0.0510    1.3556    4.0754    8.0839    4.0529   10.8930    4.3018    0.2880    0.6381    0.0169    0.0000    0.0000
   34.0000    0.5300    0.4690    0.0610    1.4132    4.0118    8.0844    3.7492   11.0490    4.2975    0.2880    0.6375    0.0169    0.0000    0.0000
   34.0000    0.5400    0.4690    0.0710    1.4622    3.9356    8.0854    3.4035   11.2258    4.2938    0.2880    0.6300    0.0169    0.0000    0.0000
   34.0000    0.5500    0.4690    0.0810    1.4995    3.8491    8.0859    3.0280   11.4176    4.2910    0.2880    0.6273    0.0169    0.0000    0.0000
   34.0000    0.5600    0.4690    0.0910    1.5279    3.7597    8.0866    2.6496   11.6107    4.2893    0.2880    0.6182    0.0169    0.0000    0.0000
   34.0000    0.5800    0.4690    0.1110    1.5630    3.6957    8.0866    2.3742   11.7562    4.2877    0.2880    0.6215    0.0169    0.0000    0.0000
   34.0000    0.6200    0.4690    0.1510    1.5991    3.6659    8.0868    2.2478   11.8338    4.2858    0.2880    0.6237    0.0169    0.0000    0.0000
   34.0000    0.6600    0.4690    0.1910    1.6202    3.6547    8.0872    2.2091   11.8667    4.2843    0.2880    0.6200    0.0169    0.0000    0.0000
   34.0000    0.7000    0.4690    0.2310    1.6379    3.6483    8.0870    2.1915   11.8882    4.2837    0.2880    0.6236    0.0169    0.0000    0.0000
#   age       Mtot      Mc        Menv      logL      logT      logTc     logg      logR      logrhoc   Y         Yc        Z         FeH       OFe       
   35.0000    0.4710    0.4690    0.0020    1.1616    4.4047    8.0788    5.5210   10.1374    4.3341    0.2880    0.6607    0.0169    0.0000    0.0000
   35.0000    0.4730    0.4690    0.0040    1.1663    4.3740    8.0789    5.3956   10.2011    4.3321    0.2880    0.6620    0.0169    0.0000    0.0000
   35.0000    0.4750    0.4690    0.0060    1.1721    4.3507    8.0793    5.2982   10.2507    4.3299    0.2880    0.6588    0.0169    0.0000    0.0000
   35.0000    0.4800    0.4690    0.0110    1.1835    4.3056    8.0802    5.1111   10.3465    4.3250    0.2880    0.6538    0.0169    0.0000    0.0000
   35.0000    0.4850    0.4690    0.0160    1.1942    4.2691    8.0808    4.9590   10.4249    4.3215    0.2880    0.6490    0.0169    0.0000    0.0000
   35.0000    0.4900    0.4690    0.0210    1.2069    4.2376    8.0816    4.8245   10.4943    4.3171    0.2880    0.6453    0.0169    0.0000    0.0000
   35.0000    0.4950    0.4690    0.0260    1.2174    4.2083    8.0824    4.7014   10.5580    4.3143    0.2880    0.6369    0.0169    0.0000    0.0000
   35.0000    0.5000    0.4690    0.0310    1.2323    4.1813    8.0831    4.5827   10.6196    4.3109    0.2880    0.6336    0.0169    0.0000    0.0000
   35.0000    0.5100    0.4690    0.0410    1.2840    4.1305    8.0838    4.3365   10.7470    4.3059    0.2880    0.6332    0.0169    0.0000    0.0000
   35.0000    0.5200    0.4690    0.0510    1.3545    4.0757    8.0844    4.0551   10.8919    4.3009    0.2880    0.6312    0.0169    0.0000    0.0000
   35.0000    0.5300    0.4690    0.0610    1.4113    4.0131    8.0849    3.7564   11.0454    4.2965    0.2880    0.6303    0.0169    0.0000    0.0000
   35.0000    0.5400    0.4690    0.0710    1.4599    3.9383    8.0860    3.4163   11.2194    4.2927    0.2880    0.6221    0.0169    0.0000    0.0000
   35.0000    0.5500    0.4690    0.0810    1.4974    3.8530    8.0865    3.0454   11.4089    4.2899    0.2880    0.6197    0.0169    0.0000    0.0000
   35.0000    0.5600    0.4690    0.0910    1.5261    3.7632    8.0873    2.6655   11.6028    4.2880    0.2880    0.6102    0.0169    0.0000    0.0000
   35.0000    0.5800    0.4690    0.1110    1.5617    3.6966    8.0872    2.3791   11.7537    4.2864    0.2880    0.6138    0.0169    0.0000    0.0000
   35.0000    0.6200    0.4690    0.1510    1.5982    3.6664    8.0874    2.2507   11.8323    4.2844    0.2880    0.6155    0.0169    0.0000    0.0000
   35.0000    0.6600    0.4690    0.1910    1.6194    3.6550    8.0878    2.2111   11.8656    4.2828    0.2880    0.6120    0.0169    0.0000    0.0000
   35.0000    0.7000    0.4690    0.2310    1.6371    3.6486    8.0876    2.1933   11.8873    4.2821    0.2880    0.6158    0.0169    0.0000    0.0000
#   age       Mtot      Mc        Menv      logL      logT      logTc     logg      logR      logrhoc   Y         Yc        Z         FeH       OFe       
   36.0000    0.4710    0.4690    0.0020    1.1636    4.4045    8.0793    5.5183   10.1388    4.3333    0.2880    0.6538    0.0169    0.0000    0.0000
   36.0000    0.4730    0.4690    0.0040    1.1683    4.3738    8.0793    5.3927   10.2025    4.3313    0.2880    0.6554    0.0169    0.0000    0.0000
   36.0000    0.4750    0.4690    0.0060    1.1741    4.3504    8.0797    5.2951   10.2522    4.3292    0.2880    0.6523    0.0169    0.0000    0.0000
   36.0000    0.4800    0.4690    0.0110    1.1855    4.3052    8.0806    5.1075   10.3483    4.3243    0.2880    0.6471    0.0169    0.0000    0.0000
   36.0000    0.4850    0.4690    0.0160    1.1961    4.2686    8.0812    4.9551   10.4268    4.3208    0.2880    0.6427    0.0169    0.0000    0.0000
   36.0000    0.4900    0.4690    0.0210    1.2089    4.2370    8.0821    4.8201   10.4965    4.3164    0.2880    0.6382    0.0169    0.0000    0.0000
   36.0000    0.4950    0.4690    0.0260    1.2193    4.2076    8.0829    4.6966   10.5604    4.3136    0.2880    0.6305    0.0169    0.0000    0.0000
   36.0000    0.5000    0.4690    0.0310    1.2340    4.1806    8.0836    4.5779   10.6220    4.3102    0.2880    0.6265    0.0169    0.0000    0.0000
   36.0000    0.5100    0.4690    0.0410    1.2848    4.1299    8.0843    4.3333   10.7486    4.3051    0.2880    0.6263    0.0169    0.0000    0.0000
   36.0000    0.5200    0.4690    0.0510    1.3535    4.0760    8.0849    4.0573   10.8908    4.3001    0.2880    0.6244    0.0169    0.0000    0.0000
   36.0000    0.5300    0.4690    0.0610    1.4094    4.0145    8.0855    3.7636   11.0418    4.2955    0.2880    0.6231    0.0169    0.0000    0.0000
   36.0000    0.5400    0.4690    0.0710    1.4576    3.9409    8.0866    3.4292   11.2130    4.2916    0.2880    0.6143    0.0169    0.0000    0.0000
   36.0000    0.5500    0.4690    0.0810    1.4952    3.8568    8.0871    3.0629   11.4002    4.2887    0.2880    0.6121    0.0169    0.0000    0.0000
   36.0000    0.5600    0.4690    0.0910    1.5243    3.7667    8.0879    2.6814   11.5948    4.2868    0.2880    0.6022    0.0169    0.0000    0.0000
   36.0000    0.5800    0.4690    0.1110    1.5604    3.6975    8.0878    2.3840   11.7512    4.2851    0.2880    0.6061    0.0169    0.0000    0.0000
   36.0000    0.6200    0.4690    0.1510    1.5973    3.6669    8.0880    2.2536   11.8308    4.2830    0.2880    0.6074    0.0169    0.0000    0.0000
   36.0000    0.6600    0.4690    0.1910    1.6186    3.6553    8.0885    2.2132   11.8646    4.2814    0.2880    0.6041    0.0169    0.0000    0.0000
   36.0000    0.7000    0.4690    0.2310    1.6363    3.6488    8.0883    2.1950   11.8864    4.2806    0.2880    0.6081    0.0169    0.0000    0.0000
#   age       Mtot      Mc        Menv      logL      logT      logTc     logg      logR      logrhoc   Y         Yc        Z         FeH       OFe       
   37.0000    0.4710    0.4690    0.0020    1.1656    4.4043    8.0797    5.5157   10.1401    4.3326    0.2880    0.6473    0.0169    0.0000    0.0000
   37.0000    0.4730    0.4690    0.0040    1.1703    4.3736    8.0798    5.3899   10.2040    4.3306    0.2880    0.6488    0.0169    0.0000    0.0000
   37.0000    0.4750    0.4690    0.0060    1.1760    4.3501    8.0802    5.2921   10.2538    4.3285    0.2880    0.6460    0.0169    0.0000    0.0000
   37.0000    0.4800    0.4690    0.0110    1.1876    4.3048    8.0811    5.1038   10.3502    4.3236    0.2880    0.6405    0.0169    0.0000    0.0000
   37.0000    0.4850    0.4690    0.0160    1.1980    4.2681    8.0817    4.9512   10.4288    4.3201    0.2880    0.6364    0.0169    0.0000    0.0000
   37.0000    0.4900    0.4690    0.0210    1.2108    4.2363    8.0826    4.8156   10.4987    4.3158    0.2880    0.6312    0.0169    0.0000    0.0000
   37.0000    0.4950    0.4690    0.0260    1.2212    4.2069    8.0834    4.6917   10.5629    4.3128    0.2880    0.6240    0.0169    0.0000    0.0000
   37.0000    0.5000    0.4690    0.0310    1.2357    4.1798    8.0841    4.5732   10.6244    4.3096    0.2880    0.6195    0.0169    0.0000    0.0000
   37.0000    0.5100    0.4690    0.0410    1.2856    4.1292    8.0848    4.3300   10.7503    4.3044    0.2880    0.6194    0.0169    0.0000    0.0000
   37.0000    0.5200    0.4690    0.0510    1.3525    4.0763    8.0855    4.0595   10.8897    4.2992    0.2880    0.6175    0.0169    0.0000    0.0000
   37.0000    0.5300    0.4690    0.0610    1.4075    4.0158    8.0861    3.7707   11.0382    4.2945    0.2880    0.6159    0.0169    0.0000    0.0000
   37.0000    0.5400    0.4690    0.0710    1.4553    3.9435    8.0871    3.4420   11.2066    4.2906    0.2880    0.6064    0.0169    0.0000    0.0000
   37.0000    0.5500    0.4690    0.0810    1.4931    3.8606    8.0876    3.0803   11.3915    4.2876    0.2880    0.6045    0.0169    0.0000    0.0000
   37.0000    0.5600    0.4690    0.0910    1.5227    3.7702    8.0885    2.6970   11.5870    4.2857    0.2880    0.5942    0.0169    0.0000    0.0000
   37.0000    0.5800    0.4690    0.1110    1.5591    3.6984    8.0884    2.3891   11.7487    4.2839    0.2880    0.5983    0.0169    0.0000    0.0000
   37.0000    0.6200    0.4690    0.1510    1.5964    3.6674    8.0887    2.2564   11.8294    4.2817    0.2880    0.5993    0.0169    0.0000    0.0000
   37.0000    0.6600    0.4690    0.1910    1.6179    3.6556    8.0891    2.2150   11.8637    4.2800    0.2880    0.5960    0.0169    0.0000    0.0000
   37.0000    0.7000    0.4690    0.2310    1.6355    3.6491    8.0890    2.1968   11.8855    4.2791    0.2880    0.6003    0.0169    0.0000    0.0000
#   age       Mtot      Mc        Menv      logL      logT      logTc     logg      logR      logrhoc   Y         Yc        Z         FeH       OFe       
   38.0000    0.4710    0.4690    0.0020    1.1675    4.4042    8.0801    5.5131   10.1413    4.3319    0.2880    0.6413    0.0169    0.0000    0.0000
   38.0000    0.4730    0.4690    0.0040    1.1722    4.3734    8.0803    5.3871   10.2054    4.3299    0.2880    0.6423    0.0169    0.0000    0.0000
   38.0000    0.4750    0.4690    0.0060    1.1780    4.3499    8.0807    5.2891   10.2552    4.3278    0.2880    0.6398    0.0169    0.0000    0.0000
   38.0000    0.4800    0.4690    0.0110    1.1896    4.3044    8.0816    5.1001   10.3520    4.3230    0.2880    0.6339    0.0169    0.0000    0.0000
   38.0000    0.4850    0.4690    0.0160    1.2000    4.2676    8.0822    4.9473   10.4307    4.3194    0.2880    0.6300    0.0169    0.0000    0.0000
   38.0000    0.4900    0.4690    0.0210    1.2128    4.2357    8.0831    4.8112   10.5009    4.3152    0.2880    0.6241    0.0169    0.0000    0.0000
   38.0000    0.4950    0.4690    0.0260    1.2231    4.2062    8.0839    4.6869   10.5653    4.3121    0.2880    0.6176    0.0169    0.0000    0.0000
   38.0000    0.5000    0.4690    0.0310    1.2374    4.1791    8.0845    4.5684   10.6267    4.3090    0.2880    0.6125    0.0169    0.0000    0.0000
   38.0000    0.5100    0.4690    0.0410    1.2863    4.1286    8.0854    4.3268   10.7519    4.3036    0.2880    0.6125    0.0169    0.0000    0.0000
   38.0000    0.5200    0.4690    0.0510    1.3514    4.0766    8.0860    4.0617   10.8886    4.2983    0.2880    0.6106    0.0169    0.0000    0.0000
   38.0000    0.5300    0.4690    0.0610    1.4056    4.0171    8.0866    3.7779   11.0347    4.2935    0.2880    0.6087    0.0169    0.0000    0.0000
   38.0000    0.5400    0.4690    0.0710    1.4531    3.9460    8.0877    3.4539   11.2006    4.2895    0.2880    0.5986    0.0169    0.0000    0.0000
   38.0000    0.5500    0.4690    0.0810    1.4911    3.8640    8.0882    3.0959   11.3837    4.2865    0.2880    0.5969    0.0169    0.0000    0.0000
   38.0000    0.5600    0.4690    0.0910    1.5212    3.7737    8.0892    2.7126   11.5792    4.2847    0.2880    0.5862    0.0169    0.0000    0.0000
   38.0000    0.5800    0.4690    0.1110    1.5578    3.6995    8.0891    2.3946   11.7459    4.2827    0.2880    0.5904    0.0169    0.0000    0.0000
   38.0000    0.6200    0.4690    0.1510    1.5955    3.6679    8.0893    2.2593   11.8280    4.2805    0.2880    0.5913    0.0169    0.0000    0.0000
   38.0000    0.6600    0.4690    0.1910    1.6172    3.6559    8.0898    2.2168   11.8628    4.2788    0.2880    0.5878    0.0169    0.0000    0.0000
   38.0000    0.7000    0.4690    0.2310    1.6350    3.6493    8.0897    2.1983   11.8848    4.2778    0.2880    0.5922    0.0169    0.0000    0.0000
#   age       Mtot      Mc        Menv      logL      logT      logTc     logg      logR      logrhoc   Y         Yc        Z         FeH       OFe       
   39.0000    0.4710    0.4690    0.0020    1.1695    4.4040    8.0806    5.5106   10.1426    4.3312    0.2880    0.6352    0.0169    0.0000    0.0000
   39.0000    0.4730    0.4690    0.0040    1.1741    4.3731    8.0807    5.3843   10.2067    4.3293    0.2880    0.6359    0.0169    0.0000    0.0000
   39.0000    0.4750    0.4690    0.0060    1.1799    4.3496    8.0811    5.2862   10.2567    4.3271    0.2880    0.6336    0.0169    0.0000    0.0000
   39.0000    0.4800    0.4690    0.0110    1.1917    4.3040    8.0821    5.0963   10.3539    4.3223    0.2880    0.6273    0.0169    0.0000    0.0000
   39.0000    0.4850    0.4690    0.0160    1.2019    4.2671    8.0826    4.9433   10.4327    4.3188    0.2880    0.6237    0.0169    0.0000    0.0000
   39.0000    0.4900    0.4690    0.0210    1.2147    4.2351    8.0835    4.8067   10.5032    4.3145    0.2880    0.6170    0.0169    0.0000    0.0000
   39.0000    0.4950    0.4690    0.0260    1.2249    4.2054    8.0844    4.6821   10.5677    4.3114    0.2880    0.6111    0.0169    0.0000    0.0000
   39.0000    0.5000    0.4690    0.0310    1.2391    4.1783    8.0850    4.5636   10.6291    4.3083    0.2880    0.6055    0.0169    0.0000    0.0000
   39.0000    0.5100    0.4690    0.0410    1.2871    4.1280    8.0859    4.3235   10.7535    4.3029    0.2880    0.6056    0.0169    0.0000    0.0000
   39.0000    0.5200    0.4690    0.0510    1.3504    4.0769    8.0865    4.0639   10.8875    4.2975    0.2880    0.6037    0.0169    0.0000    0.0000
   39.0000    0.5300    0.4690    0.0610    1.4037    4.0184    8.0872    3.7851   11.0311    4.2925    0.2880    0.6015    0.0169    0.0000    0.0000
   39.0000    0.5400    0.4690    0.0710    1.4515    3.9477    8.0883    3.4622   11.1965    4.2886    0.2880    0.5909    0.0169    0.0000    0.0000
   39.0000    0.5500    0.4690    0.0810    1.4894    3.8668    8.0888    3.1088   11.3772    4.2856    0.2880    0.5894    0.0169    0.0000    0.0000
   39.0000    0.5600    0.4690    0.0910    1.5198    3.7772    8.0898    2.7281   11.5715    4.2837    0.2880    0.5782    0.0169    0.0000    0.0000
   39.0000    0.5800    0.4690    0.1110    1.5565    3.7006    8.0898    2.4002   11.7431    4.2816    0.2880    0.5824    0.0169    0.0000    0.0000
   39.0000    0.6200    0.4690    0.1510    1.5946    3.6684    8.0900    2.2622   11.8265    4.2793    0.2880    0.5833    0.0169    0.0000    0.0000
   39.0000    0.6600    0.4690    0.1910    1.6165    3.6562    8.0905    2.2185   11.8620    4.2775    0.2880    0.5795    0.0169    0.0000    0.0000
   39.0000    0.7000    0.4690    0.2310    1.6344    3.6496    8.0903    2.1998   11.8840    4.2766    0.2880    0.5840    0.0169    0.0000    0.0000
#   age       Mtot      Mc        Menv      logL      logT      logTc     logg      logR      logrhoc   Y         Yc        Z         FeH       OFe       
   40.0000    0.4710    0.4690    0.0020    1.1714    4.4039    8.0810    5.5081   10.1439    4.3305    0.2880    0.6292    0.0169    0.0000    0.0000
   40.0000    0.4730    0.4690    0.0040    1.1761    4.3729    8.0812    5.3816   10.2081    4.3286    0.2880    0.6295    0.0169    0.0000    0.0000
   40.0000    0.4750    0.4690    0.0060    1.1818    4.3494    8.0816    5.2832   10.2582    4.3264    0.2880    0.6274    0.0169    0.0000    0.0000
   40.0000    0.4800    0.4690    0.0110    1.1938    4.3036    8.0826    5.0926   10.3558    4.3216    0.2880    0.6207    0.0169    0.0000    0.0000
   40.0000    0.4850    0.4690    0.0160    1.2038    4.2667    8.0831    4.9394   10.4346    4.3181    0.2880    0.6173    0.0169    0.0000    0.0000
   40.0000    0.4900    0.4690    0.0210    1.2167    4.2345    8.0840    4.8023   10.5054    4.3139    0.2880    0.6100    0.0169    0.0000    0.0000
   40.0000    0.4950    0.4690    0.0260    1.2268    4.2047    8.0848    4.6772   10.5701    4.3107    0.2880    0.6047    0.0169    0.0000    0.0000
   40.0000    0.5000    0.4690    0.0310    1.2408    4.1775    8.0855    4.5588   10.6315    4.3077    0.2880    0.5985    0.0169    0.0000    0.0000
   40.0000    0.5100    0.4690    0.0410    1.2879    4.1274    8.0864    4.3202   10.7552    4.3022    0.2880    0.5986    0.0169    0.0000    0.0000
   40.0000    0.5200    0.4690    0.0510    1.3497    4.0771    8.0870    4.0651   10.8869    4.2967    0.2880    0.5966    0.0169    0.0000    0.0000
   40.0000    0.5300    0.4690    0.0610    1.4024    4.0192    8.0878    3.7896   11.0288    4.2917    0.2880    0.5940    0.0169    0.0000    0.0000
   40.0000    0.5400    0.4690    0.0710    1.4500    3.9493    8.0890    3.4705   11.1924    4.2877    0.2880    0.5833    0.0169    0.0000    0.0000
   40.0000    0.5500    0.4690    0.0810    1.4876    3.8696    8.0895    3.1217   11.3708    4.2846    0.2880    0.5818    0.0169    0.0000    0.0000
   40.0000    0.5600    0.4690    0.0910    1.5183    3.7807    8.0904    2.7437   11.5637    4.2827    0.2880    0.5702    0.0169    0.0000    0.0000
   40.0000    0.5800    0.4690    0.1110    1.5552    3.7016    8.0904    2.4058   11.7403    4.2804    0.2880    0.5745    0.0169    0.0000    0.0000
   40.0000    0.6200    0.4690    0.1510    1.5936    3.6689    8.0907    2.2650   11.8251    4.2781    0.2880    0.5753    0.0169    0.0000    0.0000
   40.0000    0.6600    0.4690    0.1910    1.6158    3.6564    8.0912    2.2202   11.8611    4.2763    0.2880    0.5713    0.0169    0.0000    0.0000
   40.0000    0.7000    0.4690    0.2310    1.6338    3.6498    8.0910    2.2014   11.8833    4.2753    0.2880    0.5758    0.0169    0.0000    0.0000
#   age       Mtot      Mc        Menv      logL      logT      logTc     logg      logR      logrhoc   Y         Yc        Z         FeH       OFe       
   41.0000    0.4710    0.4690    0.0020    1.1733    4.4038    8.0815    5.5055   10.1451    4.3298    0.2880    0.6232    0.0169    0.0000    0.0000
   41.0000    0.4730    0.4690    0.0040    1.1780    4.3727    8.0816    5.3788   10.2095    4.3280    0.2880    0.6231    0.0169    0.0000    0.0000
   41.0000    0.4750    0.4690    0.0060    1.1837    4.3491    8.0821    5.2802   10.2597    4.3257    0.2880    0.6212    0.0169    0.0000    0.0000
   41.0000    0.4800    0.4690    0.0110    1.1958    4.3032    8.0831    5.0889   10.3576    4.3209    0.2880    0.6140    0.0169    0.0000    0.0000
   41.0000    0.4850    0.4690    0.0160    1.2058    4.2662    8.0836    4.9355   10.4365    4.3174    0.2880    0.6110    0.0169    0.0000    0.0000
   41.0000    0.4900    0.4690    0.0210    1.2186    4.2339    8.0845    4.7978   10.5076    4.3133    0.2880    0.6029    0.0169    0.0000    0.0000
   41.0000    0.4950    0.4690    0.0260    1.2287    4.2040    8.0853    4.6724   10.5725    4.3101    0.2880    0.5981    0.0169    0.0000    0.0000
   41.0000    0.5000    0.4690    0.0310    1.2426    4.1767    8.0860    4.5540   10.6340    4.3071    0.2880    0.5915    0.0169    0.0000    0.0000
   41.0000    0.5100    0.4690    0.0410    1.2889    4.1267    8.0869    4.3165   10.7570    4.3016    0.2880    0.5910    0.0169    0.0000    0.0000
   41.0000    0.5200    0.4690    0.0510    1.3493    4.0770    8.0876    4.0653   10.8868    4.2960    0.2880    0.5893    0.0169    0.0000    0.0000
   41.0000    0.5300    0.4690    0.0610    1.4012    4.0199    8.0883    3.7935   11.0268    4.2910    0.2880    0.5863    0.0169    0.0000    0.0000
   41.0000    0.5400    0.4690    0.0710    1.4484    3.9510    8.0896    3.4788   11.1882    4.2868    0.2880    0.5756    0.0169    0.0000    0.0000
   41.0000    0.5500    0.4690    0.0810    1.4859    3.8724    8.0901    3.1346   11.3643    4.2837    0.2880    0.5742    0.0169    0.0000    0.0000
   41.0000    0.5600    0.4690    0.0910    1.5168    3.7842    8.0910    2.7592   11.5560    4.2817    0.2880    0.5622    0.0169    0.0000    0.0000
   41.0000    0.5800    0.4690    0.1110    1.5538    3.7027    8.0911    2.4113   11.7375    4.2793    0.2880    0.5665    0.0169    0.0000    0.0000
   41.0000    0.6200    0.4690    0.1510    1.5927    3.6694    8.0913    2.2679   11.8237    4.2770    0.2880    0.5673    0.0169    0.0000    0.0000
   41.0000    0.6600    0.4690    0.1910    1.6151    3.6567    8.0919    2.2220   11.8603    4.2751    0.2880    0.5630    0.0169    0.0000    0.0000
   41.0000    0.7000    0.4690    0.2310    1.6332    3.6501    8.0917    2.2029   11.8825    4.2741    0.2880    0.5676    0.0169    0.0000    0.0000
#   age       Mtot      Mc        Menv      logL      logT      logTc     logg      logR      logrhoc   Y         Yc        Z         FeH       OFe       
   42.0000    0.4710    0.4690    0.0020    1.1753    4.4036    8.0819    5.5030   10.1464    4.3291    0.2880    0.6171    0.0169    0.0000    0.0000
   42.0000    0.4730    0.4690    0.0040    1.1800    4.3725    8.0821    5.3760   10.2109    4.3273    0.2880    0.6167    0.0169    0.0000    0.0000
   42.0000    0.4750    0.4690    0.0060    1.1857    4.3488    8.0826    5.2772   10.2612    4.3250    0.2880    0.6150    0.0169    0.0000    0.0000
   42.0000    0.4800    0.4690    0.0110    1.1979    4.3028    8.0836    5.0852   10.3595    4.3203    0.2880    0.6074    0.0169    0.0000    0.0000
   42.0000    0.4850    0.4690    0.0160    1.2077    4.2657    8.0841    4.9316   10.4385    4.3167    0.2880    0.6047    0.0169    0.0000    0.0000
   42.0000    0.4900    0.4690    0.0210    1.2205    4.2332    8.0850    4.7934   10.5098    4.3127    0.2880    0.5960    0.0169    0.0000    0.0000
   42.0000    0.4950    0.4690    0.0260    1.2306    4.2033    8.0859    4.6677   10.5749    4.3095    0.2880    0.5909    0.0169    0.0000    0.0000
   42.0000    0.5000    0.4690    0.0310    1.2443    4.1760    8.0866    4.5491   10.6364    4.3066    0.2880    0.5845    0.0169    0.0000    0.0000
   42.0000    0.5100    0.4690    0.0410    1.2899    4.1260    8.0875    4.3128   10.7588    4.3010    0.2880    0.5835    0.0169    0.0000    0.0000
   42.0000    0.5200    0.4690    0.0510    1.3490    4.0769    8.0881    4.0654   10.8868    4.2954    0.2880    0.5819    0.0169    0.0000    0.0000
   42.0000    0.5300    0.4690    0.0610    1.4001    4.0206    8.0889    3.7973   11.0249    4.2902    0.2880    0.5786    0.0169    0.0000    0.0000
   42.0000    0.5400    0.4690    0.0710    1.4468    3.9527    8.0902    3.4871   11.1841    4.2859    0.2880    0.5679    0.0169    0.0000    0.0000
   42.0000    0.5500    0.4690    0.0810    1.4841    3.8752    8.0907    3.1475   11.3579    4.2827    0.2880    0.5667    0.0169    0.0000    0.0000
   42.0000    0.5600    0.4690    0.0910    1.5153    3.7877    8.0917    2.7747   11.5482    4.2807    0.2880    0.5542    0.0169    0.0000    0.0000
   42.0000    0.5800    0.4690    0.1110    1.5525    3.7037    8.0918    2.4169   11.7347    4.2781    0.2880    0.5586    0.0169    0.0000    0.0000
   42.0000    0.6200    0.4690    0.1510    1.5918    3.6698    8.0920    2.2708   11.8223    4.2758    0.2880    0.5593    0.0169    0.0000    0.0000
   42.0000    0.6600    0.4690    0.1910    1.6144    3.6569    8.0926    2.2237   11.8594    4.2738    0.2880    0.5548    0.0169    0.0000    0.0000
   42.0000    0.7000    0.4690    0.2310    1.6327    3.6503    8.0924    2.2044   11.8818    4.2728    0.2880    0.5595    0.0169    0.0000    0.0000
#   age       Mtot      Mc        Menv      logL      logT      logTc     logg      logR      logrhoc   Y         Yc        Z         FeH       OFe       
   43.0000    0.4710    0.4690    0.0020    1.1772    4.4035    8.0824    5.5005   10.1477    4.3284    0.2880    0.6111    0.0169    0.0000    0.0000
   43.0000    0.4730    0.4690    0.0040    1.1819    4.3723    8.0826    5.3732   10.2123    4.3266    0.2880    0.6103    0.0169    0.0000    0.0000
   43.0000    0.4750    0.4690    0.0060    1.1876    4.3486    8.0830    5.2743   10.2627    4.3244    0.2880    0.6087    0.0169    0.0000    0.0000
   43.0000    0.4800    0.4690    0.0110    1.2000    4.3023    8.0840    5.0814   10.3614    4.3196    0.2880    0.6008    0.0169    0.0000    0.0000
   43.0000    0.4850    0.4690    0.0160    1.2096    4.2652    8.0845    4.9277   10.4404    4.3161    0.2880    0.5982    0.0169    0.0000    0.0000
   43.0000    0.4900    0.4690    0.0210    1.2225    4.2327    8.0855    4.7891   10.5120    4.3121    0.2880    0.5892    0.0169    0.0000    0.0000
   43.0000    0.4950    0.4690    0.0260    1.2325    4.2026    8.0864    4.6630   10.5772    4.3090    0.2880    0.5838    0.0169    0.0000    0.0000
   43.0000    0.5000    0.4690    0.0310    1.2461    4.1752    8.0871    4.5442   10.6388    4.3060    0.2880    0.5775    0.0169    0.0000    0.0000
   43.0000    0.5100    0.4690    0.0410    1.2909    4.1254    8.0880    4.3091   10.7607    4.3005    0.2880    0.5759    0.0169    0.0000    0.0000
   43.0000    0.5200    0.4690    0.0510    1.3487    4.0768    8.0887    4.0655   10.8867    4.2947    0.2880    0.5745    0.0169    0.0000    0.0000
   43.0000    0.5300    0.4690    0.0610    1.3989    4.0213    8.0895    3.8012   11.0230    4.2895    0.2880    0.5709    0.0169    0.0000    0.0000
   43.0000    0.5400    0.4690    0.0710    1.4452    3.9544    8.0909    3.4954   11.1799    4.2850    0.2880    0.5603    0.0169    0.0000    0.0000
   43.0000    0.5500    0.4690    0.0810    1.4824    3.8780    8.0913    3.1604   11.3515    4.2817    0.2880    0.5591    0.0169    0.0000    0.0000
   43.0000    0.5600    0.4690    0.0910    1.5139    3.7909    8.0923    2.7889   11.5412    4.2798    0.2880    0.5461    0.0169    0.0000    0.0000
   43.0000    0.5800    0.4690    0.1110    1.5512    3.7048    8.0924    2.4224   11.7319    4.2770    0.2880    0.5507    0.0169    0.0000    0.0000
   43.0000    0.6200    0.4690    0.1510    1.5908    3.6703    8.0927    2.2736   11.8208    4.2746    0.2880    0.5513    0.0169    0.0000    0.0000
   43.0000    0.6600    0.4690    0.1910    1.6137    3.6572    8.0933    2.2254   11.8585    4.2727    0.2880    0.5465    0.0169    0.0000    0.0000
   43.0000    0.7000    0.4690    0.2310    1.6321    3.6506    8.0931    2.2059   11.8810    4.2716    0.2880    0.5513    0.0169    0.0000    0.0000
#   age       Mtot      Mc        Menv      logL      logT      logTc     logg      logR      logrhoc   Y         Yc        Z         FeH       OFe       
   44.0000    0.4710    0.4690    0.0020    1.1792    4.4033    8.0828    5.4979   10.1489    4.3277    0.2880    0.6051    0.0169    0.0000    0.0000
   44.0000    0.4730    0.4690    0.0040    1.1838    4.3721    8.0830    5.3705   10.2137    4.3260    0.2880    0.6039    0.0169    0.0000    0.0000
   44.0000    0.4750    0.4690    0.0060    1.1895    4.3483    8.0835    5.2713   10.2642    4.3237    0.2880    0.6025    0.0169    0.0000    0.0000
   44.0000    0.4800    0.4690    0.0110    1.2019    4.3020    8.0845    5.0780   10.3631    4.3190    0.2880    0.5941    0.0169    0.0000    0.0000
   44.0000    0.4850    0.4690    0.0160    1.2115    4.2647    8.0850    4.9238   10.4424    4.3156    0.2880    0.5915    0.0169    0.0000    0.0000
   44.0000    0.4900    0.4690    0.0210    1.2244    4.2321    8.0860    4.7847   10.5141    4.3115    0.2880    0.5825    0.0169    0.0000    0.0000
   44.0000    0.4950    0.4690    0.0260    1.2344    4.2019    8.0869    4.6583   10.5796    4.3085    0.2880    0.5766    0.0169    0.0000    0.0000
   44.0000    0.5000    0.4690    0.0310    1.2479    4.1744    8.0876    4.5394   10.6413    4.3055    0.2880    0.5705    0.0169    0.0000    0.0000
   44.0000    0.5100    0.4690    0.0410    1.2919    4.1247    8.0885    4.3054   10.7625    4.2999    0.2880    0.5684    0.0169    0.0000    0.0000
   44.0000    0.5200    0.4690    0.0510    1.3484    4.0768    8.0892    4.0656   10.8867    4.2940    0.2880    0.5672    0.0169    0.0000    0.0000
   44.0000    0.5300    0.4690    0.0610    1.3978    4.0219    8.0901    3.8050   11.0210    4.2887    0.2880    0.5633    0.0169    0.0000    0.0000
   44.0000    0.5400    0.4690    0.0710    1.4436    3.9560    8.0915    3.5037   11.1758    4.2841    0.2880    0.5526    0.0169    0.0000    0.0000
   44.0000    0.5500    0.4690    0.0810    1.4807    3.8807    8.0919    3.1733   11.3450    4.2808    0.2880    0.5515    0.0169    0.0000    0.0000
   44.0000    0.5600    0.4690    0.0910    1.5127    3.7938    8.0931    2.8014   11.5349    4.2790    0.2880    0.5379    0.0169    0.0000    0.0000
   44.0000    0.5800    0.4690    0.1110    1.5502    3.7058    8.0931    2.4274   11.7295    4.2761    0.2880    0.5427    0.0169    0.0000    0.0000
   44.0000    0.6200    0.4690    0.1510    1.5901    3.6706    8.0934    2.2756   11.8198    4.2736    0.2880    0.5432    0.0169    0.0000    0.0000
   44.0000    0.6600    0.4690    0.1910    1.6130    3.6575    8.0940    2.2271   11.8577    4.2716    0.2880    0.5381    0.0169    0.0000    0.0000
   44.0000    0.7000    0.4690    0.2310    1.6316    3.6508    8.0938    2.2074   11.8803    4.2705    0.2880    0.5429    0.0169    0.0000    0.0000
#   age       Mtot      Mc        Menv      logL      logT      logTc     logg      logR      logrhoc   Y         Yc        Z         FeH       OFe       
   45.0000    0.4710    0.4690    0.0020    1.1811    4.4032    8.0833    5.4954   10.1502    4.3270    0.2880    0.5990    0.0169    0.0000    0.0000
   45.0000    0.4730    0.4690    0.0040    1.1857    4.3719    8.0835    5.3678   10.2150    4.3254    0.2880    0.5975    0.0169    0.0000    0.0000
   45.0000    0.4750    0.4690    0.0060    1.1914    4.3480    8.0840    5.2684   10.2657    4.3231    0.2880    0.5960    0.0169    0.0000    0.0000
   45.0000    0.4800    0.4690    0.0110    1.2038    4.3016    8.0850    5.0746   10.3648    4.3185    0.2880    0.5875    0.0169    0.0000    0.0000
   45.0000    0.4850    0.4690    0.0160    1.2135    4.2642    8.0855    4.9199   10.4443    4.3150    0.2880    0.5847    0.0169    0.0000    0.0000
   45.0000    0.4900    0.4690    0.0210    1.2264    4.2315    8.0865    4.7803   10.5163    4.3109    0.2880    0.5757    0.0169    0.0000    0.0000
   45.0000    0.4950    0.4690    0.0260    1.2363    4.2012    8.0874    4.6536   10.5819    4.3079    0.2880    0.5695    0.0169    0.0000    0.0000
   45.0000    0.5000    0.4690    0.0310    1.2497    4.1736    8.0882    4.5345   10.6437    4.3050    0.2880    0.5635    0.0169    0.0000    0.0000
   45.0000    0.5100    0.4690    0.0410    1.2930    4.1241    8.0890    4.3017   10.7644    4.2993    0.2880    0.5608    0.0169    0.0000    0.0000
   45.0000    0.5200    0.4690    0.0510    1.3480    4.0767    8.0898    4.0657   10.8867    4.2934    0.2880    0.5598    0.0169    0.0000    0.0000
   45.0000    0.5300    0.4690    0.0610    1.3966    4.0226    8.0907    3.8089   11.0191    4.2879    0.2880    0.5556    0.0169    0.0000    0.0000
   45.0000    0.5400    0.4690    0.0710    1.4424    3.9573    8.0921    3.5098   11.1727    4.2834    0.2880    0.5449    0.0169    0.0000    0.0000
   45.0000    0.5500    0.4690    0.0810    1.4792    3.8829    8.0925    3.1832   11.3401    4.2800    0.2880    0.5435    0.0169    0.0000    0.0000
   45.0000    0.5600    0.4690    0.0910    1.5115    3.7966    8.0938    2.8140   11.5286    4.2781    0.2880    0.5296    0.0169    0.0000    0.0000
   45.0000    0.5800    0.4690    0.1110    1.5492    3.7068    8.0938    2.4323   11.7270    4.2752    0.2880    0.5347    0.0169    0.0000    0.0000
   45.0000    0.6200    0.4690    0.1510    1.5894    3.6709    8.0941    2.2775   11.8189    4.2726    0.2880    0.5351    0.0169    0.0000    0.0000
   45.0000    0.6600    0.4690    0.1910    1.6124    3.6577    8.0948    2.2288   11.8568    4.2705    0.2880    0.5298    0.0169    0.0000    0.0000
   45.0000    0.7000    0.4690    0.2310    1.6310    3.6510    8.0946    2.2088   11.8795    4.2694    0.2880    0.5344    0.0169    0.0000    0.0000
#   age       Mtot      Mc        Menv      logL      logT      logTc     logg      logR      logrhoc   Y         Yc        Z         FeH       OFe       
   46.0000    0.4710    0.4690    0.0020    1.1830    4.4031    8.0837    5.4931   10.1514    4.3265    0.2880    0.5924    0.0169    0.0000    0.0000
   46.0000    0.4730    0.4690    0.0040    1.1876    4.3717    8.0840    5.3651   10.2164    4.3248    0.2880    0.5912    0.0169    0.0000    0.0000
   46.0000    0.4750    0.4690    0.0060    1.1933    4.3478    8.0844    5.2655   10.2671    4.3226    0.2880    0.5893    0.0169    0.0000    0.0000
   46.0000    0.4800    0.4690    0.0110    1.2058    4.3012    8.0855    5.0712   10.3665    4.3180    0.2880    0.5808    0.0169    0.0000    0.0000
   46.0000    0.4850    0.4690    0.0160    1.2154    4.2637    8.0860    4.9160   10.4462    4.3145    0.2880    0.5780    0.0169    0.0000    0.0000
   46.0000    0.4900    0.4690    0.0210    1.2283    4.2309    8.0871    4.7760   10.5185    4.3103    0.2880    0.5689    0.0169    0.0000    0.0000
   46.0000    0.4950    0.4690    0.0260    1.2382    4.2004    8.0879    4.6489   10.5842    4.3074    0.2880    0.5624    0.0169    0.0000    0.0000
   46.0000    0.5000    0.4690    0.0310    1.2514    4.1728    8.0887    4.5296   10.6461    4.3044    0.2880    0.5565    0.0169    0.0000    0.0000
   46.0000    0.5100    0.4690    0.0410    1.2940    4.1234    8.0896    4.2980   10.7662    4.2987    0.2880    0.5533    0.0169    0.0000    0.0000
   46.0000    0.5200    0.4690    0.0510    1.3477    4.0766    8.0903    4.0658   10.8866    4.2927    0.2880    0.5525    0.0169    0.0000    0.0000
   46.0000    0.5300    0.4690    0.0610    1.3957    4.0231    8.0913    3.8120   11.0176    4.2872    0.2880    0.5479    0.0169    0.0000    0.0000
   46.0000    0.5400    0.4690    0.0710    1.4415    3.9583    8.0928    3.5149   11.1702    4.2827    0.2880    0.5371    0.0169    0.0000    0.0000
   46.0000    0.5500    0.4690    0.0810    1.4779    3.8848    8.0932    3.1923   11.3355    4.2792    0.2880    0.5353    0.0169    0.0000    0.0000
   46.0000    0.5600    0.4690    0.0910    1.5103    3.7995    8.0945    2.8265   11.5223    4.2773    0.2880    0.5213    0.0169    0.0000    0.0000
   46.0000    0.5800    0.4690    0.1110    1.5482    3.7077    8.0945    2.4371   11.7246    4.2744    0.2880    0.5267    0.0169    0.0000    0.0000
   46.0000    0.6200    0.4690    0.1510    1.5888    3.6712    8.0948    2.2793   11.8180    4.2716    0.2880    0.5270    0.0169    0.0000    0.0000
   46.0000    0.6600    0.4690    0.1910    1.6117    3.6580    8.0955    2.2305   11.8560    4.2695    0.2880    0.5214    0.0169    0.0000    0.0000
   46.0000    0.7000    0.4690    0.2310    1.6305    3.6513    8.0953    2.2103   11.8788    4.2683    0.2880    0.5260    0.0169    0.0000    0.0000
#   age       Mtot      Mc        Menv      logL      logT      logTc     logg      logR      logrhoc   Y         Yc        Z         FeH       OFe       
   47.0000    0.4710    0.4690    0.0020    1.1848    4.4029    8.0842    5.4908   10.1525    4.3260    0.2880    0.5858    0.0169    0.0000    0.0000
   47.0000    0.4730    0.4690    0.0040    1.1895    4.3715    8.0844    5.3625   10.2177    4.3243    0.2880    0.5848    0.0169    0.0000    0.0000
   47.0000    0.4750    0.4690    0.0060    1.1952    4.3475    8.0849    5.2626   10.2686    4.3220    0.2880    0.5826    0.0169    0.0000    0.0000
   47.0000    0.4800    0.4690    0.0110    1.2077    4.3008    8.0860    5.0678   10.3682    4.3175    0.2880    0.5741    0.0169    0.0000    0.0000
   47.0000    0.4850    0.4690    0.0160    1.2173    4.2632    8.0865    4.9122   10.4482    4.3140    0.2880    0.5712    0.0169    0.0000    0.0000
   47.0000    0.4900    0.4690    0.0210    1.2302    4.2303    8.0876    4.7716   10.5207    4.3097    0.2880    0.5621    0.0169    0.0000    0.0000
   47.0000    0.4950    0.4690    0.0260    1.2401    4.1997    8.0884    4.6442   10.5866    4.3069    0.2880    0.5552    0.0169    0.0000    0.0000
   47.0000    0.5000    0.4690    0.0310    1.2532    4.1720    8.0892    4.5248   10.6486    4.3039    0.2880    0.5495    0.0169    0.0000    0.0000
   47.0000    0.5100    0.4690    0.0410    1.2951    4.1227    8.0901    4.2939   10.7682    4.2983    0.2880    0.5458    0.0169    0.0000    0.0000
   47.0000    0.5200    0.4690    0.0510    1.3477    4.0764    8.0909    4.0648   10.8871    4.2922    0.2880    0.5450    0.0169    0.0000    0.0000
   47.0000    0.5300    0.4690    0.0610    1.3953    4.0233    8.0919    3.8129   11.0171    4.2867    0.2880    0.5404    0.0169    0.0000    0.0000
   47.0000    0.5400    0.4690    0.0710    1.4405    3.9593    8.0934    3.5200   11.1677    4.2821    0.2880    0.5294    0.0169    0.0000    0.0000
   47.0000    0.5500    0.4690    0.0810    1.4766    3.8867    8.0939    3.2014   11.3310    4.2785    0.2880    0.5272    0.0169    0.0000    0.0000
   47.0000    0.5600    0.4690    0.0910    1.5091    3.8023    8.0953    2.8391   11.5160    4.2764    0.2880    0.5130    0.0169    0.0000    0.0000
   47.0000    0.5800    0.4690    0.1110    1.5472    3.7087    8.0952    2.4420   11.7222    4.2735    0.2880    0.5187    0.0169    0.0000    0.0000
   47.0000    0.6200    0.4690    0.1510    1.5881    3.6715    8.0955    2.2811   11.8171    4.2707    0.2880    0.5189    0.0169    0.0000    0.0000
   47.0000    0.6600    0.4690    0.1910    1.6110    3.6582    8.0963    2.2322   11.8551    4.2684    0.2880    0.5130    0.0169    0.0000    0.0000
   47.0000    0.7000    0.4690    0.2310    1.6300    3.6515    8.0961    2.2118   11.8780    4.2672    0.2880    0.5175    0.0169    0.0000    0.0000
#   age       Mtot      Mc        Menv      logL      logT      logTc     logg      logR      logrhoc   Y         Yc        Z         FeH       OFe       
   48.0000    0.4710    0.4690    0.0020    1.1867    4.4028    8.0847    5.4884   10.1537    4.3255    0.2880    0.5792    0.0169    0.0000    0.0000
   48.0000    0.4730    0.4690    0.0040    1.1914    4.3714    8.0849    5.3598   10.2190    4.3237    0.2880    0.5785    0.0169    0.0000    0.0000
   48.0000    0.4750    0.4690    0.0060    1.1971    4.3473    8.0854    5.2597   10.2700    4.3215    0.2880    0.5759    0.0169    0.0000    0.0000
   48.0000    0.4800    0.4690    0.0110    1.2096    4.3005    8.0864    5.0644   10.3699    4.3170    0.2880    0.5674    0.0169    0.0000    0.0000
   48.0000    0.4850    0.4690    0.0160    1.2193    4.2627    8.0870    4.9083   10.4501    4.3135    0.2880    0.5644    0.0169    0.0000    0.0000
   48.0000    0.4900    0.4690    0.0210    1.2322    4.2297    8.0881    4.7673   10.5229    4.3092    0.2880    0.5554    0.0169    0.0000    0.0000
   48.0000    0.4950    0.4690    0.0260    1.2420    4.1990    8.0889    4.6395   10.5889    4.3064    0.2880    0.5481    0.0169    0.0000    0.0000
   48.0000    0.5000    0.4690    0.0310    1.2551    4.1712    8.0898    4.5197   10.6511    4.3035    0.2880    0.5423    0.0169    0.0000    0.0000
   48.0000    0.5100    0.4690    0.0410    1.2964    4.1219    8.0907    4.2896   10.7704    4.2978    0.2880    0.5385    0.0169    0.0000    0.0000
   48.0000    0.5200    0.4690    0.0510    1.3480    4.0760    8.0915    4.0632   10.8879    4.2917    0.2880    0.5374    0.0169    0.0000    0.0000
   48.0000    0.5300    0.4690    0.0610    1.3949    4.0234    8.0925    3.8138   11.0167    4.2861    0.2880    0.5329    0.0169    0.0000    0.0000
   48.0000    0.5400    0.4690    0.0710    1.4395    3.9603    8.0940    3.5251   11.1651    4.2815    0.2880    0.5216    0.0169    0.0000    0.0000
   48.0000    0.5500    0.4690    0.0810    1.4753    3.8887    8.0946    3.2105   11.3264    4.2777    0.2880    0.5190    0.0169    0.0000    0.0000
   48.0000    0.5600    0.4690    0.0910    1.5079    3.8052    8.0960    2.8517   11.5097    4.2756    0.2880    0.5048    0.0169    0.0000    0.0000
   48.0000    0.5800    0.4690    0.1110    1.5461    3.7097    8.0959    2.4469   11.7197    4.2727    0.2880    0.5107    0.0169    0.0000    0.0000
   48.0000    0.6200    0.4690    0.1510    1.5874    3.6717    8.0962    2.2830   11.8161    4.2697    0.2880    0.5108    0.0169    0.0000    0.0000
   48.0000    0.6600    0.4690    0.1910    1.6104    3.6585    8.0970    2.2339   11.8543    4.2674    0.2880    0.5047    0.0169    0.0000    0.0000
   48.0000    0.7000    0.4690    0.2310    1.6295    3.6517    8.0968    2.2133   11.8773    4.2661    0.2880    0.5091    0.0169    0.0000    0.0000
#   age       Mtot      Mc        Menv      logL      logT      logTc     logg      logR      logrhoc   Y         Yc        Z         FeH       OFe       
   49.0000    0.4710    0.4690    0.0020    1.1885    4.4027    8.0851    5.4861   10.1549    4.3250    0.2880    0.5726    0.0169    0.0000    0.0000
   49.0000    0.4730    0.4690    0.0040    1.1933    4.3712    8.0854    5.3572   10.2203    4.3232    0.2880    0.5722    0.0169    0.0000    0.0000
   49.0000    0.4750    0.4690    0.0060    1.1990    4.3470    8.0859    5.2568   10.2715    4.3210    0.2880    0.5692    0.0169    0.0000    0.0000
   49.0000    0.4800    0.4690    0.0110    1.2116    4.3001    8.0869    5.0610   10.3716    4.3164    0.2880    0.5607    0.0169    0.0000    0.0000
   49.0000    0.4850    0.4690    0.0160    1.2212    4.2623    8.0875    4.9044   10.4521    4.3130    0.2880    0.5577    0.0169    0.0000    0.0000
   49.0000    0.4900    0.4690    0.0210    1.2341    4.2291    8.0886    4.7629   10.5251    4.3086    0.2880    0.5486    0.0169    0.0000    0.0000
   49.0000    0.4950    0.4690    0.0260    1.2440    4.1983    8.0895    4.6348   10.5913    4.3060    0.2880    0.5411    0.0169    0.0000    0.0000
   49.0000    0.5000    0.4690    0.0310    1.2570    4.1704    8.0904    4.5146   10.6536    4.3031    0.2880    0.5350    0.0169    0.0000    0.0000
   49.0000    0.5100    0.4690    0.0410    1.2977    4.1212    8.0913    4.2852   10.7726    4.2974    0.2880    0.5312    0.0169    0.0000    0.0000
   49.0000    0.5200    0.4690    0.0510    1.3482    4.0757    8.0921    4.0617   10.8886    4.2912    0.2880    0.5299    0.0169    0.0000    0.0000
   49.0000    0.5300    0.4690    0.0610    1.3946    4.0235    8.0932    3.8147   11.0162    4.2855    0.2880    0.5253    0.0169    0.0000    0.0000
   49.0000    0.5400    0.4690    0.0710    1.4385    3.9613    8.0947    3.5301   11.1626    4.2808    0.2880    0.5139    0.0169    0.0000    0.0000
   49.0000    0.5500    0.4690    0.0810    1.4740    3.8906    8.0953    3.2196   11.3218    4.2770    0.2880    0.5108    0.0169    0.0000    0.0000
   49.0000    0.5600    0.4690    0.0910    1.5069    3.8076    8.0967    2.8624   11.5043    4.2749    0.2880    0.4963    0.0169    0.0000    0.0000
   49.0000    0.5800    0.4690    0.1110    1.5451    3.7107    8.0966    2.4518   11.7173    4.2718    0.2880    0.5027    0.0169    0.0000    0.0000
   49.0000    0.6200    0.4690    0.1510    1.5867    3.6720    8.0970    2.2848   11.8152    4.2687    0.2880    0.5027    0.0169    0.0000    0.0000
   49.0000    0.6600    0.4690    0.1910    1.6098    3.6587    8.0978    2.2353   11.8535    4.2665    0.2880    0.4962    0.0169    0.0000    0.0000
   49.0000    0.7000    0.4690    0.2310    1.6289    3.6520    8.0975    2.2148   11.8766    4.2650    0.2880    0.5006    0.0169    0.0000    0.0000
#   age       Mtot      Mc        Menv      logL      logT      logTc     logg      logR      logrhoc   Y         Yc        Z         FeH       OFe       
   50.0000    0.4710    0.4690    0.0020    1.1904    4.4026    8.0856    5.4838   10.1561    4.3244    0.2880    0.5660    0.0169    0.0000    0.0000
   50.0000    0.4730    0.4690    0.0040    1.1952    4.3710    8.0858    5.3545   10.2217    4.3226    0.2880    0.5659    0.0169    0.0000    0.0000
   50.0000    0.4750    0.4690    0.0060    1.2009    4.3468    8.0863    5.2539   10.2729    4.3205    0.2880    0.5625    0.0169    0.0000    0.0000
   50.0000    0.4800    0.4690    0.0110    1.2135    4.2997    8.0874    5.0576   10.3733    4.3159    0.2880    0.5541    0.0169    0.0000    0.0000
   50.0000    0.4850    0.4690    0.0160    1.2231    4.2618    8.0880    4.9005   10.4540    4.3125    0.2880    0.5509    0.0169    0.0000    0.0000
   50.0000    0.4900    0.4690    0.0210    1.2361    4.2285    8.0892    4.7585   10.5273    4.3082    0.2880    0.5416    0.0169    0.0000    0.0000
   50.0000    0.4950    0.4690    0.0260    1.2459    4.1976    8.0901    4.6301   10.5937    4.3056    0.2880    0.5341    0.0169    0.0000    0.0000
   50.0000    0.5000    0.4690    0.0310    1.2588    4.1697    8.0909    4.5096   10.6561    4.3027    0.2880    0.5277    0.0169    0.0000    0.0000
   50.0000    0.5100    0.4690    0.0410    1.2990    4.1204    8.0919    4.2809   10.7748    4.2970    0.2880    0.5238    0.0169    0.0000    0.0000
   50.0000    0.5200    0.4690    0.0510    1.3484    4.0754    8.0928    4.0602   10.8894    4.2907    0.2880    0.5224    0.0169    0.0000    0.0000
   50.0000    0.5300    0.4690    0.0610    1.3942    4.0237    8.0938    3.8156   11.0158    4.2850    0.2880    0.5178    0.0169    0.0000    0.0000
   50.0000    0.5400    0.4690    0.0710    1.4375    3.9623    8.0953    3.5352   11.1601    4.2802    0.2880    0.5061    0.0169    0.0000    0.0000
   50.0000    0.5500    0.4690    0.0810    1.4726    3.8926    8.0960    3.2287   11.3173    4.2762    0.2880    0.5027    0.0169    0.0000    0.0000
   50.0000    0.5600    0.4690    0.0910    1.5061    3.8095    8.0974    2.8708   11.5001    4.2744    0.2880    0.4876    0.0169    0.0000    0.0000
   50.0000    0.5800    0.4690    0.1110    1.5443    3.7116    8.0973    2.4561   11.7152    4.2711    0.2880    0.4945    0.0169    0.0000    0.0000
   50.0000    0.6200    0.4690    0.1510    1.5861    3.6723    8.0977    2.2865   11.8144    4.2679    0.2880    0.4943    0.0169    0.0000    0.0000
   50.0000    0.6600    0.4690    0.1910    1.6094    3.6589    8.0986    2.2365   11.8529    4.2657    0.2880    0.4878    0.0169    0.0000    0.0000
   50.0000    0.7000    0.4690    0.2310    1.6286    3.6522    8.0984    2.2159   11.8760    4.2642    0.2880    0.4919    0.0169    0.0000    0.0000
#   age       Mtot      Mc        Menv      logL      logT      logTc     logg      logR      logrhoc   Y         Yc        Z         FeH       OFe       
   51.0000    0.4710    0.4690    0.0020    1.1923    4.4025    8.0860    5.4814   10.1572    4.3239    0.2880    0.5594    0.0169    0.0000    0.0000
   51.0000    0.4730    0.4690    0.0040    1.1971    4.3708    8.0863    5.3519   10.2230    4.3220    0.2880    0.5595    0.0169    0.0000    0.0000
   51.0000    0.4750    0.4690    0.0060    1.2028    4.3465    8.0868    5.2510   10.2744    4.3199    0.2880    0.5558    0.0169    0.0000    0.0000
   51.0000    0.4800    0.4690    0.0110    1.2155    4.2994    8.0879    5.0542   10.3750    4.3154    0.2880    0.5473    0.0169    0.0000    0.0000
   51.0000    0.4850    0.4690    0.0160    1.2251    4.2613    8.0886    4.8966   10.4560    4.3121    0.2880    0.5442    0.0169    0.0000    0.0000
   51.0000    0.4900    0.4690    0.0210    1.2381    4.2278    8.0897    4.7541   10.5295    4.3078    0.2880    0.5346    0.0169    0.0000    0.0000
   51.0000    0.4950    0.4690    0.0260    1.2479    4.1969    8.0906    4.6254   10.5961    4.3052    0.2880    0.5270    0.0169    0.0000    0.0000
   51.0000    0.5000    0.4690    0.0310    1.2607    4.1689    8.0915    4.5045   10.6587    4.3022    0.2880    0.5205    0.0169    0.0000    0.0000
   51.0000    0.5100    0.4690    0.0410    1.3003    4.1197    8.0925    4.2766   10.7769    4.2966    0.2880    0.5165    0.0169    0.0000    0.0000
   51.0000    0.5200    0.4690    0.0510    1.3486    4.0751    8.0934    4.0586   10.8902    4.2902    0.2880    0.5148    0.0169    0.0000    0.0000
   51.0000    0.5300    0.4690    0.0610    1.3938    4.0238    8.0944    3.8165   11.0153    4.2844    0.2880    0.5102    0.0169    0.0000    0.0000
   51.0000    0.5400    0.4690    0.0710    1.4366    3.9632    8.0959    3.5397   11.1578    4.2796    0.2880    0.4983    0.0169    0.0000    0.0000
   51.0000    0.5500    0.4690    0.0810    1.4717    3.8939    8.0967    3.2351   11.3141    4.2757    0.2880    0.4945    0.0169    0.0000    0.0000
   51.0000    0.5600    0.4690    0.0910    1.5053    3.8114    8.0982    2.8792   11.4959    4.2738    0.2880    0.4788    0.0169    0.0000    0.0000
   51.0000    0.5800    0.4690    0.1110    1.5437    3.7124    8.0981    2.4601   11.7132    4.2705    0.2880    0.4864    0.0169    0.0000    0.0000
   51.0000    0.6200    0.4690    0.1510    1.5855    3.6726    8.0985    2.2882   11.8135    4.2672    0.2880    0.4857    0.0169    0.0000    0.0000
   51.0000    0.6600    0.4690    0.1910    1.6090    3.6591    8.0994    2.2377   11.8523    4.2649    0.2880    0.4793    0.0169    0.0000    0.0000
   51.0000    0.7000    0.4690    0.2310    1.6283    3.6523    8.0992    2.2170   11.8754    4.2633    0.2880    0.4831    0.0169    0.0000    0.0000
#   age       Mtot      Mc        Menv      logL      logT      logTc     logg      logR      logrhoc   Y         Yc        Z         FeH       OFe       
   52.0000    0.4710    0.4690    0.0020    1.1941    4.4023    8.0865    5.4791   10.1584    4.3234    0.2880    0.5528    0.0169    0.0000    0.0000
   52.0000    0.4730    0.4690    0.0040    1.1989    4.3706    8.0868    5.3492   10.2243    4.3215    0.2880    0.5532    0.0169    0.0000    0.0000
   52.0000    0.4750    0.4690    0.0060    1.2047    4.3463    8.0873    5.2481   10.2758    4.3194    0.2880    0.5491    0.0169    0.0000    0.0000
   52.0000    0.4800    0.4690    0.0110    1.2175    4.2990    8.0884    5.0507   10.3767    4.3150    0.2880    0.5405    0.0169    0.0000    0.0000
   52.0000    0.4850    0.4690    0.0160    1.2271    4.2608    8.0891    4.8927   10.4580    4.3116    0.2880    0.5375    0.0169    0.0000    0.0000
   52.0000    0.4900    0.4690    0.0210    1.2401    4.2272    8.0903    4.7496   10.5317    4.3074    0.2880    0.5277    0.0169    0.0000    0.0000
   52.0000    0.4950    0.4690    0.0260    1.2498    4.1963    8.0912    4.6206   10.5984    4.3048    0.2880    0.5200    0.0169    0.0000    0.0000
   52.0000    0.5000    0.4690    0.0310    1.2626    4.1681    8.0921    4.4994   10.6612    4.3018    0.2880    0.5132    0.0169    0.0000    0.0000
   52.0000    0.5100    0.4690    0.0410    1.3016    4.1189    8.0931    4.2722   10.7791    4.2961    0.2880    0.5091    0.0169    0.0000    0.0000
   52.0000    0.5200    0.4690    0.0510    1.3488    4.0747    8.0940    4.0571   10.8910    4.2897    0.2880    0.5073    0.0169    0.0000    0.0000
   52.0000    0.5300    0.4690    0.0610    1.3934    4.0240    8.0951    3.8175   11.0149    4.2838    0.2880    0.5027    0.0169    0.0000    0.0000
   52.0000    0.5400    0.4690    0.0710    1.4361    3.9637    8.0966    3.5420   11.1567    4.2792    0.2880    0.4904    0.0169    0.0000    0.0000
   52.0000    0.5500    0.4690    0.0810    1.4711    3.8950    8.0975    3.2401   11.3116    4.2752    0.2880    0.4863    0.0169    0.0000    0.0000
   52.0000    0.5600    0.4690    0.0910    1.5046    3.8133    8.0989    2.8876   11.4917    4.2733    0.2880    0.4701    0.0169    0.0000    0.0000
   52.0000    0.5800    0.4690    0.1110    1.5430    3.7132    8.0989    2.4641   11.7112    4.2699    0.2880    0.4782    0.0169    0.0000    0.0000
   52.0000    0.6200    0.4690    0.1510    1.5849    3.6729    8.0994    2.2899   11.8127    4.2665    0.2880    0.4770    0.0169    0.0000    0.0000
   52.0000    0.6600    0.4690    0.1910    1.6086    3.6593    8.1002    2.2390   11.8518    4.2642    0.2880    0.4708    0.0169    0.0000    0.0000
   52.0000    0.7000    0.4690    0.2310    1.6279    3.6525    8.1001    2.2181   11.8749    4.2625    0.2880    0.4744    0.0169    0.0000    0.0000
#   age       Mtot      Mc        Menv      logL      logT      logTc     logg      logR      logrhoc   Y         Yc        Z         FeH       OFe       
   53.0000    0.4710    0.4690    0.0020    1.1960    4.4022    8.0870    5.4767   10.1596    4.3230    0.2880    0.5462    0.0169    0.0000    0.0000
   53.0000    0.4730    0.4690    0.0040    1.2009    4.3704    8.0872    5.3466   10.2256    4.3210    0.2880    0.5468    0.0169    0.0000    0.0000
   53.0000    0.4750    0.4690    0.0060    1.2067    4.3460    8.0878    5.2452   10.2772    4.3190    0.2880    0.5424    0.0169    0.0000    0.0000
   53.0000    0.4800    0.4690    0.0110    1.2195    4.2987    8.0890    5.0473   10.3784    4.3146    0.2880    0.5337    0.0169    0.0000    0.0000
   53.0000    0.4850    0.4690    0.0160    1.2291    4.2603    8.0896    4.8888   10.4599    4.3112    0.2880    0.5307    0.0169    0.0000    0.0000
   53.0000    0.4900    0.4690    0.0210    1.2421    4.2266    8.0908    4.7452   10.5339    4.3070    0.2880    0.5207    0.0169    0.0000    0.0000
   53.0000    0.4950    0.4690    0.0260    1.2518    4.1956    8.0918    4.6159   10.6008    4.3044    0.2880    0.5129    0.0169    0.0000    0.0000
   53.0000    0.5000    0.4690    0.0310    1.2645    4.1673    8.0926    4.4944   10.6637    4.3014    0.2880    0.5059    0.0169    0.0000    0.0000
   53.0000    0.5100    0.4690    0.0410    1.3029    4.1182    8.0937    4.2679   10.7813    4.2957    0.2880    0.5018    0.0169    0.0000    0.0000
   53.0000    0.5200    0.4690    0.0510    1.3490    4.0744    8.0946    4.0555   10.8917    4.2892    0.2880    0.4998    0.0169    0.0000    0.0000
   53.0000    0.5300    0.4690    0.0610    1.3933    4.0239    8.0958    3.8173   11.0149    4.2834    0.2880    0.4948    0.0169    0.0000    0.0000
   53.0000    0.5400    0.4690    0.0710    1.4357    3.9642    8.0973    3.5444   11.1555    4.2788    0.2880    0.4824    0.0169    0.0000    0.0000
   53.0000    0.5500    0.4690    0.0810    1.4704    3.8961    8.0982    3.2451   11.3091    4.2747    0.2880    0.4781    0.0169    0.0000    0.0000
   53.0000    0.5600    0.4690    0.0910    1.5038    3.8152    8.0996    2.8960   11.4876    4.2728    0.2880    0.4614    0.0169    0.0000    0.0000
   53.0000    0.5800    0.4690    0.1110    1.5423    3.7141    8.0996    2.4680   11.7092    4.2693    0.2880    0.4700    0.0169    0.0000    0.0000
   53.0000    0.6200    0.4690    0.1510    1.5844    3.6732    8.1002    2.2917   11.8119    4.2657    0.2880    0.4684    0.0169    0.0000    0.0000
   53.0000    0.6600    0.4690    0.1910    1.6082    3.6595    8.1010    2.2402   11.8512    4.2634    0.2880    0.4623    0.0169    0.0000    0.0000
   53.0000    0.7000    0.4690    0.2310    1.6276    3.6527    8.1009    2.2192   11.8743    4.2617    0.2880    0.4656    0.0169    0.0000    0.0000
#   age       Mtot      Mc        Menv      logL      logT      logTc     logg      logR      logrhoc   Y         Yc        Z         FeH       OFe       
   54.0000    0.4710    0.4690    0.0020    1.1980    4.4021    8.0875    5.4743   10.1608    4.3226    0.2880    0.5397    0.0169    0.0000    0.0000
   54.0000    0.4730    0.4690    0.0040    1.2028    4.3703    8.0878    5.3440   10.2269    4.3206    0.2880    0.5403    0.0169    0.0000    0.0000
   54.0000    0.4750    0.4690    0.0060    1.2087    4.3458    8.0883    5.2423   10.2787    4.3186    0.2880    0.5358    0.0169    0.0000    0.0000
   54.0000    0.4800    0.4690    0.0110    1.2215    4.2983    8.0895    5.0439   10.3801    4.3142    0.2880    0.5268    0.0169    0.0000    0.0000
   54.0000    0.4850    0.4690    0.0160    1.2311    4.2598    8.0901    4.8849   10.4619    4.3108    0.2880    0.5240    0.0169    0.0000    0.0000
   54.0000    0.4900    0.4690    0.0210    1.2442    4.2260    8.0914    4.7408   10.5361    4.3066    0.2880    0.5137    0.0169    0.0000    0.0000
   54.0000    0.4950    0.4690    0.0260    1.2538    4.1949    8.0923    4.6112   10.6032    4.3040    0.2880    0.5059    0.0169    0.0000    0.0000
   54.0000    0.5000    0.4690    0.0310    1.2664    4.1665    8.0932    4.4893   10.6663    4.3011    0.2880    0.4987    0.0169    0.0000    0.0000
   54.0000    0.5100    0.4690    0.0410    1.3043    4.1174    8.0943    4.2633   10.7836    4.2954    0.2880    0.4944    0.0169    0.0000    0.0000
   54.0000    0.5200    0.4690    0.0510    1.3498    4.0738    8.0953    4.0525   10.8933    4.2889    0.2880    0.4923    0.0169    0.0000    0.0000
   54.0000    0.5300    0.4690    0.0610    1.3934    4.0237    8.0965    3.8166   11.0153    4.2830    0.2880    0.4866    0.0169    0.0000    0.0000
   54.0000    0.5400    0.4690    0.0710    1.4352    3.9647    8.0980    3.5467   11.1543    4.2783    0.2880    0.4745    0.0169    0.0000    0.0000
   54.0000    0.5500    0.4690    0.0810    1.4697    3.8972    8.0990    3.2501   11.3066    4.2743    0.2880    0.4699    0.0169    0.0000    0.0000
   54.0000    0.5600    0.4690    0.0910    1.5030    3.8171    8.1004    2.9044   11.4834    4.2723    0.2880    0.4526    0.0169    0.0000    0.0000
   54.0000    0.5800    0.4690    0.1110    1.5416    3.7149    8.1004    2.4720   11.7072    4.2687    0.2880    0.4618    0.0169    0.0000    0.0000
   54.0000    0.6200    0.4690    0.1510    1.5838    3.6735    8.1010    2.2934   11.8110    4.2650    0.2880    0.4598    0.0169    0.0000    0.0000
   54.0000    0.6600    0.4690    0.1910    1.6078    3.6597    8.1018    2.2414   11.8506    4.2626    0.2880    0.4538    0.0169    0.0000    0.0000
   54.0000    0.7000    0.4690    0.2310    1.6273    3.6529    8.1017    2.2203   11.8737    4.2609    0.2880    0.4569    0.0169    0.0000    0.0000
#   age       Mtot      Mc        Menv      logL      logT      logTc     logg      logR      logrhoc   Y         Yc        Z         FeH       OFe       
   55.0000    0.4710    0.4690    0.0020    1.2000    4.4020    8.0880    5.4719   10.1620    4.3222    0.2880    0.5332    0.0169    0.0000    0.0000
   55.0000    0.4730    0.4690    0.0040    1.2048    4.3701    8.0883    5.3414   10.2282    4.3202    0.2880    0.5338    0.0169    0.0000    0.0000
   55.0000    0.4750    0.4690    0.0060    1.2106    4.3456    8.0888    5.2394   10.2801    4.3182    0.2880    0.5292    0.0169    0.0000    0.0000
   55.0000    0.4800    0.4690    0.0110    1.2235    4.2979    8.0900    5.0404   10.3819    4.3138    0.2880    0.5200    0.0169    0.0000    0.0000
   55.0000    0.4850    0.4690    0.0160    1.2332    4.2593    8.0907    4.8810   10.4639    4.3104    0.2880    0.5173    0.0169    0.0000    0.0000
   55.0000    0.4900    0.4690    0.0210    1.2462    4.2254    8.0920    4.7364   10.5383    4.3062    0.2880    0.5067    0.0169    0.0000    0.0000
   55.0000    0.4950    0.4690    0.0260    1.2557    4.1942    8.0929    4.6065   10.6056    4.3037    0.2880    0.4988    0.0169    0.0000    0.0000
   55.0000    0.5000    0.4690    0.0310    1.2683    4.1656    8.0938    4.4840   10.6689    4.3008    0.2880    0.4914    0.0169    0.0000    0.0000
   55.0000    0.5100    0.4690    0.0410    1.3058    4.1166    8.0949    4.2587   10.7859    4.2952    0.2880    0.4870    0.0169    0.0000    0.0000
   55.0000    0.5200    0.4690    0.0510    1.3505    4.0732    8.0959    4.0494   10.8948    4.2886    0.2880    0.4848    0.0169    0.0000    0.0000
   55.0000    0.5300    0.4690    0.0610    1.3935    4.0236    8.0972    3.8159   11.0156    4.2827    0.2880    0.4785    0.0169    0.0000    0.0000
   55.0000    0.5400    0.4690    0.0710    1.4348    3.9652    8.0987    3.5490   11.1531    4.2779    0.2880    0.4665    0.0169    0.0000    0.0000
   55.0000    0.5500    0.4690    0.0810    1.4691    3.8983    8.0997    3.2551   11.3041    4.2738    0.2880    0.4617    0.0169    0.0000    0.0000
   55.0000    0.5600    0.4690    0.0910    1.5025    3.8186    8.1012    2.9108   11.4801    4.2719    0.2880    0.4440    0.0169    0.0000    0.0000
   55.0000    0.5800    0.4690    0.1110    1.5409    3.7157    8.1012    2.4760   11.7052    4.2681    0.2880    0.4536    0.0169    0.0000    0.0000
   55.0000    0.6200    0.4690    0.1510    1.5832    3.6738    8.1018    2.2951   11.8102    4.2643    0.2880    0.4512    0.0169    0.0000    0.0000
   55.0000    0.6600    0.4690    0.1910    1.6075    3.6599    8.1027    2.2424   11.8500    4.2620    0.2880    0.4450    0.0169    0.0000    0.0000
   55.0000    0.7000    0.4690    0.2310    1.6270    3.6530    8.1026    2.2213   11.8732    4.2602    0.2880    0.4481    0.0169    0.0000    0.0000
#   age       Mtot      Mc        Menv      logL      logT      logTc     logg      logR      logrhoc   Y         Yc        Z         FeH       OFe       
   56.0000    0.4710    0.4690    0.0020    1.2020    4.4019    8.0886    5.4695   10.1632    4.3218    0.2880    0.5266    0.0169    0.0000    0.0000
   56.0000    0.4730    0.4690    0.0040    1.2068    4.3700    8.0888    5.3387   10.2295    4.3198    0.2880    0.5273    0.0169    0.0000    0.0000
   56.0000    0.4750    0.4690    0.0060    1.2126    4.3454    8.0893    5.2365   10.2816    4.3178    0.2880    0.5226    0.0169    0.0000    0.0000
   56.0000    0.4800    0.4690    0.0110    1.2255    4.2976    8.0906    5.0370   10.3836    4.3134    0.2880    0.5132    0.0169    0.0000    0.0000
   56.0000    0.4850    0.4690    0.0160    1.2352    4.2589    8.0912    4.8771   10.4658    4.3100    0.2880    0.5105    0.0169    0.0000    0.0000
   56.0000    0.4900    0.4690    0.0210    1.2482    4.2248    8.0925    4.7319   10.5405    4.3058    0.2880    0.4998    0.0169    0.0000    0.0000
   56.0000    0.4950    0.4690    0.0260    1.2578    4.1935    8.0935    4.6015   10.6080    4.3034    0.2880    0.4915    0.0169    0.0000    0.0000
   56.0000    0.5000    0.4690    0.0310    1.2703    4.1648    8.0945    4.4788   10.6715    4.3006    0.2880    0.4840    0.0169    0.0000    0.0000
   56.0000    0.5100    0.4690    0.0410    1.3072    4.1158    8.0956    4.2540   10.7882    4.2949    0.2880    0.4796    0.0169    0.0000    0.0000
   56.0000    0.5200    0.4690    0.0510    1.3512    4.0727    8.0966    4.0464   10.8963    4.2883    0.2880    0.4773    0.0169    0.0000    0.0000
   56.0000    0.5300    0.4690    0.0610    1.3935    4.0234    8.0979    3.8152   11.0160    4.2823    0.2880    0.4703    0.0169    0.0000    0.0000
   56.0000    0.5400    0.4690    0.0710    1.4343    3.9657    8.0994    3.5514   11.1520    4.2775    0.2880    0.4586    0.0169    0.0000    0.0000
   56.0000    0.5500    0.4690    0.0810    1.4684    3.8993    8.1005    3.2601   11.3016    4.2733    0.2880    0.4535    0.0169    0.0000    0.0000
   56.0000    0.5600    0.4690    0.0910    1.5022    3.8199    8.1020    2.9164   11.4773    4.2716    0.2880    0.4354    0.0169    0.0000    0.0000
   56.0000    0.5800    0.4690    0.1110    1.5403    3.7164    8.1020    2.4795   11.7035    4.2676    0.2880    0.4449    0.0169    0.0000    0.0000
   56.0000    0.6200    0.4690    0.1510    1.5828    3.6740    8.1027    2.2963   11.8096    4.2638    0.2880    0.4422    0.0169    0.0000    0.0000
   56.0000    0.6600    0.4690    0.1910    1.6073    3.6601    8.1036    2.2433   11.8496    4.2616    0.2880    0.4361    0.0169    0.0000    0.0000
   56.0000    0.7000    0.4690    0.2310    1.6268    3.6532    8.1035    2.2220   11.8729    4.2597    0.2880    0.4392    0.0169    0.0000    0.0000
#   age       Mtot      Mc        Menv      logL      logT      logTc     logg      logR      logrhoc   Y         Yc        Z         FeH       OFe       
   57.0000    0.4710    0.4690    0.0020    1.2039    4.4018    8.0891    5.4672   10.1643    4.3213    0.2880    0.5201    0.0169    0.0000    0.0000
   57.0000    0.4730    0.4690    0.0040    1.2087    4.3698    8.0893    5.3361   10.2308    4.3194    0.2880    0.5208    0.0169    0.0000    0.0000
   57.0000    0.4750    0.4690    0.0060    1.2146    4.3451    8.0899    5.2336   10.2830    4.3174    0.2880    0.5159    0.0169    0.0000    0.0000
   57.0000    0.4800    0.4690    0.0110    1.2275    4.2972    8.0911    5.0336   10.3853    4.3130    0.2880    0.5063    0.0169    0.0000    0.0000
   57.0000    0.4850    0.4690    0.0160    1.2372    4.2584    8.0917    4.8732   10.4678    4.3096    0.2880    0.5038    0.0169    0.0000    0.0000
   57.0000    0.4900    0.4690    0.0210    1.2503    4.2242    8.0931    4.7274   10.5428    4.3055    0.2880    0.4925    0.0169    0.0000    0.0000
   57.0000    0.4950    0.4690    0.0260    1.2598    4.1928    8.0941    4.5966   10.6105    4.3032    0.2880    0.4842    0.0169    0.0000    0.0000
   57.0000    0.5000    0.4690    0.0310    1.2723    4.1640    8.0951    4.4735   10.6742    4.3004    0.2880    0.4767    0.0169    0.0000    0.0000
   57.0000    0.5100    0.4690    0.0410    1.3087    4.1149    8.0962    4.2494   10.7905    4.2947    0.2880    0.4722    0.0169    0.0000    0.0000
   57.0000    0.5200    0.4690    0.0510    1.3520    4.0721    8.0972    4.0433   10.8978    4.2881    0.2880    0.4697    0.0169    0.0000    0.0000
   57.0000    0.5300    0.4690    0.0610    1.3936    4.0232    8.0986    3.8145   11.0164    4.2819    0.2880    0.4622    0.0169    0.0000    0.0000
   57.0000    0.5400    0.4690    0.0710    1.4338    3.9662    8.1001    3.5537   11.1508    4.2770    0.2880    0.4506    0.0169    0.0000    0.0000
   57.0000    0.5500    0.4690    0.0810    1.4680    3.9001    8.1013    3.2636   11.2998    4.2730    0.2880    0.4451    0.0169    0.0000    0.0000
   57.0000    0.5600    0.4690    0.0910    1.5018    3.8212    8.1028    2.9220   11.4745    4.2713    0.2880    0.4268    0.0169    0.0000    0.0000
   57.0000    0.5800    0.4690    0.1110    1.5398    3.7171    8.1029    2.4825   11.7020    4.2672    0.2880    0.4359    0.0169    0.0000    0.0000
   57.0000    0.6200    0.4690    0.1510    1.5825    3.6742    8.1036    2.2975   11.8089    4.2634    0.2880    0.4332    0.0169    0.0000    0.0000
   57.0000    0.6600    0.4690    0.1910    1.6071    3.6603    8.1045    2.2443   11.8491    4.2611    0.2880    0.4271    0.0169    0.0000    0.0000
   57.0000    0.7000    0.4690    0.2310    1.6267    3.6533    8.1044    2.2227   11.8726    4.2592    0.2880    0.4303    0.0169    0.0000    0.0000
#   age       Mtot      Mc        Menv      logL      logT      logTc     logg      logR      logrhoc   Y         Yc        Z         FeH       OFe       
   58.0000    0.4710    0.4690    0.0020    1.2059    4.4017    8.0896    5.4648   10.1655    4.3209    0.2880    0.5136    0.0169    0.0000    0.0000
   58.0000    0.4730    0.4690    0.0040    1.2107    4.3696    8.0898    5.3335   10.2321    4.3191    0.2880    0.5143    0.0169    0.0000    0.0000
   58.0000    0.4750    0.4690    0.0060    1.2166    4.3449    8.0904    5.2308   10.2845    4.3170    0.2880    0.5093    0.0169    0.0000    0.0000
   58.0000    0.4800    0.4690    0.0110    1.2295    4.2969    8.0916    5.0302   10.3870    4.3126    0.2880    0.4995    0.0169    0.0000    0.0000
   58.0000    0.4850    0.4690    0.0160    1.2392    4.2579    8.0923    4.8693   10.4698    4.3093    0.2880    0.4969    0.0169    0.0000    0.0000
   58.0000    0.4900    0.4690    0.0210    1.2524    4.2236    8.0938    4.7229   10.5450    4.3053    0.2880    0.4852    0.0169    0.0000    0.0000
   58.0000    0.4950    0.4690    0.0260    1.2619    4.1920    8.0947    4.5916   10.6130    4.3030    0.2880    0.4769    0.0169    0.0000    0.0000
   58.0000    0.5000    0.4690    0.0310    1.2743    4.1632    8.0957    4.4683   10.6768    4.3002    0.2880    0.4694    0.0169    0.0000    0.0000
   58.0000    0.5100    0.4690    0.0410    1.3102    4.1141    8.0968    4.2447   10.7929    4.2944    0.2880    0.4648    0.0169    0.0000    0.0000
   58.0000    0.5200    0.4690    0.0510    1.3527    4.0715    8.0978    4.0403   10.8993    4.2878    0.2880    0.4622    0.0169    0.0000    0.0000
   58.0000    0.5300    0.4690    0.0610    1.3937    4.0231    8.0993    3.8138   11.0167    4.2816    0.2880    0.4540    0.0169    0.0000    0.0000
   58.0000    0.5400    0.4690    0.0710    1.4339    3.9662    8.1009    3.5537   11.1508    4.2769    0.2880    0.4424    0.0169    0.0000    0.0000
   58.0000    0.5500    0.4690    0.0810    1.4677    3.9006    8.1021    3.2660   11.2986    4.2728    0.2880    0.4366    0.0169    0.0000    0.0000
   58.0000    0.5600    0.4690    0.0910    1.5015    3.8225    8.1037    2.9276   11.4717    4.2710    0.2880    0.4182    0.0169    0.0000    0.0000
   58.0000    0.5800    0.4690    0.1110    1.5393    3.7177    8.1038    2.4855   11.7004    4.2669    0.2880    0.4268    0.0169    0.0000    0.0000
   58.0000    0.6200    0.4690    0.1510    1.5822    3.6744    8.1045    2.2988   11.8083    4.2630    0.2880    0.4242    0.0169    0.0000    0.0000
   58.0000    0.6600    0.4690    0.1910    1.6068    3.6605    8.1054    2.2452   11.8486    4.2606    0.2880    0.4181    0.0169    0.0000    0.0000
   58.0000    0.7000    0.4690    0.2310    1.6266    3.6535    8.1053    2.2234   11.8723    4.2587    0.2880    0.4214    0.0169    0.0000    0.0000
#   age       Mtot      Mc        Menv      logL      logT      logTc     logg      logR      logrhoc   Y         Yc        Z         FeH       OFe       
   59.0000    0.4710    0.4690    0.0020    1.2079    4.4016    8.0901    5.4624   10.1667    4.3205    0.2880    0.5070    0.0169    0.0000    0.0000
   59.0000    0.4730    0.4690    0.0040    1.2127    4.3695    8.0903    5.3308   10.2334    4.3187    0.2880    0.5078    0.0169    0.0000    0.0000
   59.0000    0.4750    0.4690    0.0060    1.2186    4.3447    8.0909    5.2279   10.2859    4.3166    0.2880    0.5027    0.0169    0.0000    0.0000
   59.0000    0.4800    0.4690    0.0110    1.2316    4.2965    8.0922    5.0267   10.3887    4.3123    0.2880    0.4927    0.0169    0.0000    0.0000
   59.0000    0.4850    0.4690    0.0160    1.2413    4.2574    8.0929    4.8653   10.4717    4.3091    0.2880    0.4898    0.0169    0.0000    0.0000
   59.0000    0.4900    0.4690    0.0210    1.2545    4.2229    8.0944    4.7183   10.5473    4.3051    0.2880    0.4780    0.0169    0.0000    0.0000
   59.0000    0.4950    0.4690    0.0260    1.2640    4.1913    8.0954    4.5866   10.6154    4.3028    0.2880    0.4696    0.0169    0.0000    0.0000
   59.0000    0.5000    0.4690    0.0310    1.2763    4.1624    8.0964    4.4631   10.6794    4.3000    0.2880    0.4621    0.0169    0.0000    0.0000
   59.0000    0.5100    0.4690    0.0410    1.3116    4.1133    8.0975    4.2401   10.7952    4.2942    0.2880    0.4574    0.0169    0.0000    0.0000
   59.0000    0.5200    0.4690    0.0510    1.3534    4.0710    8.0985    4.0372   10.9008    4.2875    0.2880    0.4547    0.0169    0.0000    0.0000
   59.0000    0.5300    0.4690    0.0610    1.3940    4.0227    8.1001    3.8120   11.0176    4.2813    0.2880    0.4458    0.0169    0.0000    0.0000
   59.0000    0.5400    0.4690    0.0710    1.4341    3.9661    8.1016    3.5536   11.1509    4.2767    0.2880    0.4341    0.0169    0.0000    0.0000
   59.0000    0.5500    0.4690    0.0810    1.4674    3.9012    8.1029    3.2684   11.2974    4.2726    0.2880    0.4281    0.0169    0.0000    0.0000
   59.0000    0.5600    0.4690    0.0910    1.5011    3.8238    8.1045    2.9332   11.4689    4.2707    0.2880    0.4096    0.0169    0.0000    0.0000
   59.0000    0.5800    0.4690    0.1110    1.5388    3.7183    8.1047    2.4885   11.6989    4.2665    0.2880    0.4177    0.0169    0.0000    0.0000
   59.0000    0.6200    0.4690    0.1510    1.5819    3.6746    8.1054    2.3000   11.8077    4.2626    0.2880    0.4153    0.0169    0.0000    0.0000
   59.0000    0.6600    0.4690    0.1910    1.6066    3.6607    8.1063    2.2461   11.8482    4.2602    0.2880    0.4092    0.0169    0.0000    0.0000
   59.0000    0.7000    0.4690    0.2310    1.6265    3.6536    8.1062    2.2241   11.8720    4.2582    0.2880    0.4125    0.0169    0.0000    0.0000
#   age       Mtot      Mc        Menv      logL      logT      logTc     logg      logR      logrhoc   Y         Yc        Z         FeH       OFe       
   60.0000    0.4710    0.4690    0.0020    1.2098    4.4015    8.0907    5.4600   10.1679    4.3201    0.2880    0.5005    0.0169    0.0000    0.0000
   60.0000    0.4730    0.4690    0.0040    1.2146    4.3693    8.0908    5.3282   10.2347    4.3183    0.2880    0.5013    0.0169    0.0000    0.0000
   60.0000    0.4750    0.4690    0.0060    1.2206    4.3445    8.0914    5.2250   10.2874    4.3162    0.2880    0.4959    0.0169    0.0000    0.0000
   60.0000    0.4800    0.4690    0.0110    1.2336    4.2962    8.0928    5.0233   10.3904    4.3121    0.2880    0.4859    0.0169    0.0000    0.0000
   60.0000    0.4850    0.4690    0.0160    1.2433    4.2570    8.0935    4.8614   10.4737    4.3088    0.2880    0.4827    0.0169    0.0000    0.0000
   60.0000    0.4900    0.4690    0.0210    1.2566    4.2223    8.0950    4.7138   10.5496    4.3048    0.2880    0.4707    0.0169    0.0000    0.0000
   60.0000    0.4950    0.4690    0.0260    1.2660    4.1906    8.0960    4.5817   10.6179    4.3026    0.2880    0.4623    0.0169    0.0000    0.0000
   60.0000    0.5000    0.4690    0.0310    1.2783    4.1615    8.0970    4.4578   10.6821    4.2997    0.2880    0.4548    0.0169    0.0000    0.0000
   60.0000    0.5100    0.4690    0.0410    1.3131    4.1125    8.0981    4.2355   10.7975    4.2939    0.2880    0.4499    0.0169    0.0000    0.0000
   60.0000    0.5200    0.4690    0.0510    1.3543    4.0703    8.0992    4.0338   10.9026    4.2873    0.2880    0.4471    0.0169    0.0000    0.0000
   60.0000    0.5300    0.4690    0.0610    1.3947    4.0222    8.1009    3.8091   11.0190    4.2812    0.2880    0.4374    0.0169    0.0000    0.0000
   60.0000    0.5400    0.4690    0.0710    1.4342    3.9661    8.1024    3.5534   11.1509    4.2766    0.2880    0.4258    0.0169    0.0000    0.0000
   60.0000    0.5500    0.4690    0.0810    1.4672    3.9017    8.1037    3.2708   11.2962    4.2724    0.2880    0.4196    0.0169    0.0000    0.0000
   60.0000    0.5600    0.4690    0.0910    1.5007    3.8250    8.1053    2.9388   11.4661    4.2704    0.2880    0.4010    0.0169    0.0000    0.0000
   60.0000    0.5800    0.4690    0.1110    1.5383    3.7189    8.1056    2.4915   11.6974    4.2661    0.2880    0.4086    0.0169    0.0000    0.0000
   60.0000    0.6200    0.4690    0.1510    1.5816    3.6748    8.1063    2.3012   11.8070    4.2622    0.2880    0.4063    0.0169    0.0000    0.0000
   60.0000    0.6600    0.4690    0.1910    1.6064    3.6609    8.1072    2.2471   11.8477    4.2597    0.2880    0.4002    0.0169    0.0000    0.0000
   60.0000    0.7000    0.4690    0.2310    1.6264    3.6537    8.1071    2.2248   11.8716    4.2577    0.2880    0.4037    0.0169    0.0000    0.0000
#   age       Mtot      Mc        Menv      logL      logT      logTc     logg      logR      logrhoc   Y         Yc        Z         FeH       OFe       
   61.0000    0.4710    0.4690    0.0020    1.2119    4.4014    8.0912    5.4577   10.1691    4.3199    0.2880    0.4939    0.0169    0.0000    0.0000
   61.0000    0.4730    0.4690    0.0040    1.2167    4.3692    8.0914    5.3256   10.2361    4.3180    0.2880    0.4945    0.0169    0.0000    0.0000
   61.0000    0.4750    0.4690    0.0060    1.2227    4.3443    8.0920    5.2220   10.2888    4.3160    0.2880    0.4891    0.0169    0.0000    0.0000
   61.0000    0.4800    0.4690    0.0110    1.2357    4.2959    8.0934    5.0199   10.3921    4.3118    0.2880    0.4791    0.0169    0.0000    0.0000
   61.0000    0.4850    0.4690    0.0160    1.2454    4.2565    8.0941    4.8574   10.4757    4.3086    0.2880    0.4756    0.0169    0.0000    0.0000
   61.0000    0.4900    0.4690    0.0210    1.2587    4.2217    8.0956    4.7093   10.5519    4.3046    0.2880    0.4634    0.0169    0.0000    0.0000
   61.0000    0.4950    0.4690    0.0260    1.2681    4.1899    8.0966    4.5767   10.6203    4.3024    0.2880    0.4550    0.0169    0.0000    0.0000
   61.0000    0.5000    0.4690    0.0310    1.2803    4.1607    8.0976    4.4525   10.6847    4.2996    0.2880    0.4473    0.0169    0.0000    0.0000
   61.0000    0.5100    0.4690    0.0410    1.3148    4.1116    8.0988    4.2303   10.8001    4.2939    0.2880    0.4423    0.0169    0.0000    0.0000
   61.0000    0.5200    0.4690    0.0510    1.3555    4.0696    8.0999    4.0297   10.9046    4.2872    0.2880    0.4392    0.0169    0.0000    0.0000
   61.0000    0.5300    0.4690    0.0610    1.3954    4.0216    8.1017    3.8063   11.0205    4.2811    0.2880    0.4291    0.0169    0.0000    0.0000
   61.0000    0.5400    0.4690    0.0710    1.4344    3.9661    8.1031    3.5532   11.1510    4.2764    0.2880    0.4175    0.0169    0.0000    0.0000
   61.0000    0.5500    0.4690    0.0810    1.4669    3.9022    8.1045    3.2732   11.2950    4.2722    0.2880    0.4110    0.0169    0.0000    0.0000
   61.0000    0.5600    0.4690    0.0910    1.5006    3.8259    8.1063    2.9423   11.4644    4.2704    0.2880    0.3923    0.0169    0.0000    0.0000
   61.0000    0.5800    0.4690    0.1110    1.5378    3.7195    8.1065    2.4945   11.6959    4.2658    0.2880    0.3995    0.0169    0.0000    0.0000
   61.0000    0.6200    0.4690    0.1510    1.5814    3.6751    8.1072    2.3022   11.8065    4.2619    0.2880    0.3971    0.0169    0.0000    0.0000
   61.0000    0.6600    0.4690    0.1910    1.6065    3.6610    8.1082    2.2475   11.8475    4.2596    0.2880    0.3910    0.0169    0.0000    0.0000
   61.0000    0.7000    0.4690    0.2310    1.6264    3.6539    8.1081    2.2252   11.8714    4.2574    0.2880    0.3944    0.0169    0.0000    0.0000
#   age       Mtot      Mc        Menv      logL      logT      logTc     logg      logR      logrhoc   Y         Yc        Z         FeH       OFe       
   62.0000    0.4710    0.4690    0.0020    1.2139    4.4013    8.0918    5.4554   10.1702    4.3196    0.2880    0.4874    0.0169    0.0000    0.0000
   62.0000    0.4730    0.4690    0.0040    1.2187    4.3690    8.0920    5.3229   10.2374    4.3177    0.2880    0.4878    0.0169    0.0000    0.0000
   62.0000    0.4750    0.4690    0.0060    1.2248    4.3441    8.0926    5.2191   10.2903    4.3157    0.2880    0.4823    0.0169    0.0000    0.0000
   62.0000    0.4800    0.4690    0.0110    1.2377    4.2955    8.0940    5.0164   10.3938    4.3116    0.2880    0.4723    0.0169    0.0000    0.0000
   62.0000    0.4850    0.4690    0.0160    1.2475    4.2560    8.0947    4.8534   10.4777    4.3083    0.2880    0.4685    0.0169    0.0000    0.0000
   62.0000    0.4900    0.4690    0.0210    1.2608    4.2211    8.0963    4.7047   10.5542    4.3043    0.2880    0.4562    0.0169    0.0000    0.0000
   62.0000    0.4950    0.4690    0.0260    1.2702    4.1892    8.0972    4.5717   10.6228    4.3022    0.2880    0.4477    0.0169    0.0000    0.0000
   62.0000    0.5000    0.4690    0.0310    1.2824    4.1599    8.0984    4.4471   10.6874    4.2996    0.2880    0.4396    0.0169    0.0000    0.0000
   62.0000    0.5100    0.4690    0.0410    1.3165    4.1108    8.0995    4.2251   10.8027    4.2938    0.2880    0.4346    0.0169    0.0000    0.0000
   62.0000    0.5200    0.4690    0.0510    1.3566    4.0688    8.1007    4.0256   10.9066    4.2871    0.2880    0.4314    0.0169    0.0000    0.0000
   62.0000    0.5300    0.4690    0.0610    1.3960    4.0211    8.1025    3.8034   11.0219    4.2810    0.2880    0.4207    0.0169    0.0000    0.0000
   62.0000    0.5400    0.4690    0.0710    1.4345    3.9660    8.1039    3.5530   11.1511    4.2763    0.2880    0.4092    0.0169    0.0000    0.0000
   62.0000    0.5500    0.4690    0.0810    1.4667    3.9027    8.1054    3.2756   11.2939    4.2720    0.2880    0.4025    0.0169    0.0000    0.0000
   62.0000    0.5600    0.4690    0.0910    1.5005    3.8267    8.1073    2.9455   11.4628    4.2705    0.2880    0.3836    0.0169    0.0000    0.0000
   62.0000    0.5800    0.4690    0.1110    1.5375    3.7201    8.1074    2.4972   11.6946    4.2658    0.2880    0.3906    0.0169    0.0000    0.0000
   62.0000    0.6200    0.4690    0.1510    1.5813    3.6752    8.1083    2.3030   11.8061    4.2619    0.2880    0.3877    0.0169    0.0000    0.0000
   62.0000    0.6600    0.4690    0.1910    1.6066    3.6611    8.1092    2.2479   11.8473    4.2595    0.2880    0.3817    0.0169    0.0000    0.0000
   62.0000    0.7000    0.4690    0.2310    1.6265    3.6540    8.1092    2.2254   11.8713    4.2573    0.2880    0.3849    0.0169    0.0000    0.0000
#   age       Mtot      Mc        Menv      logL      logT      logTc     logg      logR      logrhoc   Y         Yc        Z         FeH       OFe       
   63.0000    0.4710    0.4690    0.0020    1.2159    4.4013    8.0924    5.4531   10.1714    4.3193    0.2880    0.4808    0.0169    0.0000    0.0000
   63.0000    0.4730    0.4690    0.0040    1.2208    4.3688    8.0926    5.3202   10.2388    4.3174    0.2880    0.4810    0.0169    0.0000    0.0000
   63.0000    0.4750    0.4690    0.0060    1.2269    4.3439    8.0932    5.2162   10.2917    4.3155    0.2880    0.4755    0.0169    0.0000    0.0000
   63.0000    0.4800    0.4690    0.0110    1.2398    4.2952    8.0946    5.0130   10.3955    4.3114    0.2880    0.4655    0.0169    0.0000    0.0000
   63.0000    0.4850    0.4690    0.0160    1.2496    4.2556    8.0953    4.8495   10.4796    4.3081    0.2880    0.4614    0.0169    0.0000    0.0000
   63.0000    0.4900    0.4690    0.0210    1.2629    4.2205    8.0969    4.7002   10.5564    4.3041    0.2880    0.4489    0.0169    0.0000    0.0000
   63.0000    0.4950    0.4690    0.0260    1.2724    4.1884    8.0979    4.5667   10.6253    4.3021    0.2880    0.4403    0.0169    0.0000    0.0000
   63.0000    0.5000    0.4690    0.0310    1.2845    4.1590    8.0991    4.4416   10.6902    4.2995    0.2880    0.4319    0.0169    0.0000    0.0000
   63.0000    0.5100    0.4690    0.0410    1.3182    4.1099    8.1002    4.2198   10.8053    4.2938    0.2880    0.4269    0.0169    0.0000    0.0000
   63.0000    0.5200    0.4690    0.0510    1.3577    4.0681    8.1014    4.0215   10.9087    4.2870    0.2880    0.4235    0.0169    0.0000    0.0000
   63.0000    0.5300    0.4690    0.0610    1.3967    4.0205    8.1033    3.8006   11.0233    4.2809    0.2880    0.4123    0.0169    0.0000    0.0000
   63.0000    0.5400    0.4690    0.0710    1.4347    3.9660    8.1046    3.5528   11.1512    4.2761    0.2880    0.4010    0.0169    0.0000    0.0000
   63.0000    0.5500    0.4690    0.0810    1.4668    3.9029    8.1063    3.2759   11.2937    4.2720    0.2880    0.3938    0.0169    0.0000    0.0000
   63.0000    0.5600    0.4690    0.0910    1.5004    3.8275    8.1084    2.9486   11.4612    4.2705    0.2880    0.3749    0.0169    0.0000    0.0000
   63.0000    0.5800    0.4690    0.1110    1.5372    3.7207    8.1084    2.4998   11.6933    4.2658    0.2880    0.3816    0.0169    0.0000    0.0000
   63.0000    0.6200    0.4690    0.1510    1.5813    3.6754    8.1093    2.3037   11.8058    4.2618    0.2880    0.3782    0.0169    0.0000    0.0000
   63.0000    0.6600    0.4690    0.1910    1.6067    3.6612    8.1103    2.2483   11.8471    4.2594    0.2880    0.3725    0.0169    0.0000    0.0000
   63.0000    0.7000    0.4690    0.2310    1.6267    3.6540    8.1102    2.2256   11.8713    4.2572    0.2880    0.3755    0.0169    0.0000    0.0000
#   age       Mtot      Mc        Menv      logL      logT      logTc     logg      logR      logrhoc   Y         Yc        Z         FeH       OFe       
   64.0000    0.4710    0.4690    0.0020    1.2179    4.4012    8.0929    5.4508   10.1725    4.3191    0.2880    0.4742    0.0169    0.0000    0.0000
   64.0000    0.4730    0.4690    0.0040    1.2229    4.3687    8.0932    5.3176   10.2401    4.3172    0.2880    0.4743    0.0169    0.0000    0.0000
   64.0000    0.4750    0.4690    0.0060    1.2289    4.3437    8.0938    5.2133   10.2931    4.3152    0.2880    0.4687    0.0169    0.0000    0.0000
   64.0000    0.4800    0.4690    0.0110    1.2418    4.2948    8.0952    5.0096   10.3972    4.3111    0.2880    0.4587    0.0169    0.0000    0.0000
   64.0000    0.4850    0.4690    0.0160    1.2516    4.2551    8.0959    4.8455   10.4816    4.3078    0.2880    0.4543    0.0169    0.0000    0.0000
   64.0000    0.4900    0.4690    0.0210    1.2651    4.2199    8.0976    4.6957   10.5587    4.3040    0.2880    0.4415    0.0169    0.0000    0.0000
   64.0000    0.4950    0.4690    0.0260    1.2745    4.1877    8.0986    4.5617   10.6279    4.3021    0.2880    0.4328    0.0169    0.0000    0.0000
   64.0000    0.5000    0.4690    0.0310    1.2867    4.1582    8.0998    4.4362   10.6929    4.2995    0.2880    0.4242    0.0169    0.0000    0.0000
   64.0000    0.5100    0.4690    0.0410    1.3199    4.1091    8.1009    4.2146   10.8079    4.2937    0.2880    0.4192    0.0169    0.0000    0.0000
   64.0000    0.5200    0.4690    0.0510    1.3588    4.0674    8.1021    4.0174   10.9107    4.2870    0.2880    0.4156    0.0169    0.0000    0.0000
   64.0000    0.5300    0.4690    0.0610    1.3974    4.0200    8.1041    3.7978   11.0247    4.2808    0.2880    0.4040    0.0169    0.0000    0.0000
   64.0000    0.5400    0.4690    0.0710    1.4352    3.9657    8.1056    3.5508   11.1522    4.2762    0.2880    0.3925    0.0169    0.0000    0.0000
   64.0000    0.5500    0.4690    0.0810    1.4672    3.9028    8.1072    3.2754   11.2939    4.2721    0.2880    0.3850    0.0169    0.0000    0.0000
   64.0000    0.5600    0.4690    0.0910    1.5003    3.8282    8.1094    2.9518   11.4596    4.2705    0.2880    0.3662    0.0169    0.0000    0.0000
   64.0000    0.5800    0.4690    0.1110    1.5370    3.7213    8.1094    2.5024   11.6920    4.2659    0.2880    0.3727    0.0169    0.0000    0.0000
   64.0000    0.6200    0.4690    0.1510    1.5812    3.6756    8.1103    2.3044   11.8054    4.2618    0.2880    0.3687    0.0169    0.0000    0.0000
   64.0000    0.6600    0.4690    0.1910    1.6068    3.6613    8.1113    2.2486   11.8469    4.2593    0.2880    0.3632    0.0169    0.0000    0.0000
   64.0000    0.7000    0.4690    0.2310    1.6268    3.6541    8.1112    2.2258   11.8712    4.2571    0.2880    0.3660    0.0169    0.0000    0.0000
#   age       Mtot      Mc        Menv      logL      logT      logTc     logg      logR      logrhoc   Y         Yc        Z         FeH       OFe       
   65.0000    0.4710    0.4690    0.0020    1.2199    4.4011    8.0935    5.4485   10.1737    4.3188    0.2880    0.4677    0.0169    0.0000    0.0000
   65.0000    0.4730    0.4690    0.0040    1.2249    4.3685    8.0938    5.3149   10.2414    4.3169    0.2880    0.4675    0.0169    0.0000    0.0000
   65.0000    0.4750    0.4690    0.0060    1.2310    4.3435    8.0944    5.2104   10.2946    4.3149    0.2880    0.4618    0.0169    0.0000    0.0000
   65.0000    0.4800    0.4690    0.0110    1.2438    4.2945    8.0958    5.0061   10.3989    4.3109    0.2880    0.4519    0.0169    0.0000    0.0000
   65.0000    0.4850    0.4690    0.0160    1.2537    4.2546    8.0966    4.8415   10.4836    4.3077    0.2880    0.4472    0.0169    0.0000    0.0000
   65.0000    0.4900    0.4690    0.0210    1.2673    4.2193    8.0983    4.6911   10.5610    4.3040    0.2880    0.4341    0.0169    0.0000    0.0000
   65.0000    0.4950    0.4690    0.0260    1.2767    4.1870    8.0994    4.5566   10.6304    4.3021    0.2880    0.4254    0.0169    0.0000    0.0000
   65.0000    0.5000    0.4690    0.0310    1.2888    4.1574    8.1005    4.4308   10.6956    4.2995    0.2880    0.4165    0.0169    0.0000    0.0000
   65.0000    0.5100    0.4690    0.0410    1.3216    4.1082    8.1016    4.2094   10.8105    4.2937    0.2880    0.4115    0.0169    0.0000    0.0000
   65.0000    0.5200    0.4690    0.0510    1.3600    4.0666    8.1029    4.0133   10.9128    4.2869    0.2880    0.4078    0.0169    0.0000    0.0000
   65.0000    0.5300    0.4690    0.0610    1.3983    4.0193    8.1050    3.7940   11.0266    4.2809    0.2880    0.3953    0.0169    0.0000    0.0000
   65.0000    0.5400    0.4690    0.0710    1.4359    3.9653    8.1065    3.5486   11.1533    4.2764    0.2880    0.3840    0.0169    0.0000    0.0000
   65.0000    0.5500    0.4690    0.0810    1.4675    3.9028    8.1081    3.2749   11.2942    4.2723    0.2880    0.3763    0.0169    0.0000    0.0000
   65.0000    0.5600    0.4690    0.0910    1.5002    3.8290    8.1104    2.9550   11.4581    4.2706    0.2880    0.3575    0.0169    0.0000    0.0000
   65.0000    0.5800    0.4690    0.1110    1.5367    3.7219    8.1104    2.5051   11.6906    4.2659    0.2880    0.3637    0.0169    0.0000    0.0000
   65.0000    0.6200    0.4690    0.1510    1.5812    3.6757    8.1114    2.3052   11.8051    4.2617    0.2880    0.3592    0.0169    0.0000    0.0000
   65.0000    0.6600    0.4690    0.1910    1.6070    3.6614    8.1124    2.2490   11.8467    4.2592    0.2880    0.3540    0.0169    0.0000    0.0000
   65.0000    0.7000    0.4690    0.2310    1.6270    3.6542    8.1123    2.2260   11.8711    4.2570    0.2880    0.3565    0.0169    0.0000    0.0000
#   age       Mtot      Mc        Menv      logL      logT      logTc     logg      logR      logrhoc   Y         Yc        Z         FeH       OFe       
   66.0000    0.4710    0.4690    0.0020    1.2219    4.4010    8.0940    5.4462   10.1748    4.3185    0.2880    0.4611    0.0169    0.0000    0.0000
   66.0000    0.4730    0.4690    0.0040    1.2270    4.3684    8.0944    5.3122   10.2428    4.3166    0.2880    0.4607    0.0169    0.0000    0.0000
   66.0000    0.4750    0.4690    0.0060    1.2331    4.3433    8.0950    5.2074   10.2960    4.3147    0.2880    0.4550    0.0169    0.0000    0.0000
   66.0000    0.4800    0.4690    0.0110    1.2460    4.2942    8.0965    5.0027   10.4007    4.3108    0.2880    0.4448    0.0169    0.0000    0.0000
   66.0000    0.4850    0.4690    0.0160    1.2559    4.2542    8.0972    4.8375   10.4856    4.3076    0.2880    0.4400    0.0169    0.0000    0.0000
   66.0000    0.4900    0.4690    0.0210    1.2695    4.2187    8.0990    4.6865   10.5633    4.3040    0.2880    0.4268    0.0169    0.0000    0.0000
   66.0000    0.4950    0.4690    0.0260    1.2789    4.1863    8.1001    4.5516   10.6329    4.3020    0.2880    0.4180    0.0169    0.0000    0.0000
   66.0000    0.5000    0.4690    0.0310    1.2909    4.1566    8.1012    4.4253   10.6983    4.2994    0.2880    0.4088    0.0169    0.0000    0.0000
   66.0000    0.5100    0.4690    0.0410    1.3233    4.1073    8.1023    4.2042   10.8131    4.2936    0.2880    0.4039    0.0169    0.0000    0.0000
   66.0000    0.5200    0.4690    0.0510    1.3611    4.0659    8.1036    4.0092   10.9148    4.2868    0.2880    0.3999    0.0169    0.0000    0.0000
   66.0000    0.5300    0.4690    0.0610    1.3995    4.0184    8.1059    3.7894   11.0289    4.2811    0.2880    0.3864    0.0169    0.0000    0.0000
   66.0000    0.5400    0.4690    0.0710    1.4365    3.9649    8.1075    3.5463   11.1544    4.2765    0.2880    0.3755    0.0169    0.0000    0.0000
   66.0000    0.5500    0.4690    0.0810    1.4678    3.9028    8.1090    3.2744   11.2945    4.2724    0.2880    0.3675    0.0169    0.0000    0.0000
   66.0000    0.5600    0.4690    0.0910    1.5002    3.8297    8.1115    2.9575   11.4568    4.2707    0.2880    0.3486    0.0169    0.0000    0.0000
   66.0000    0.5800    0.4690    0.1110    1.5364    3.7225    8.1114    2.5077   11.6893    4.2659    0.2880    0.3548    0.0169    0.0000    0.0000
   66.0000    0.6200    0.4690    0.1510    1.5811    3.6759    8.1124    2.3059   11.8047    4.2617    0.2880    0.3498    0.0169    0.0000    0.0000
   66.0000    0.6600    0.4690    0.1910    1.6072    3.6614    8.1135    2.2491   11.8467    4.2594    0.2880    0.3443    0.0169    0.0000    0.0000
   66.0000    0.7000    0.4690    0.2310    1.6272    3.6543    8.1134    2.2260   11.8710    4.2570    0.2880    0.3467    0.0169    0.0000    0.0000
#   age       Mtot      Mc        Menv      logL      logT      logTc     logg      logR      logrhoc   Y         Yc        Z         FeH       OFe       
   67.0000    0.4710    0.4690    0.0020    1.2239    4.4010    8.0946    5.4439   10.1760    4.3183    0.2880    0.4545    0.0169    0.0000    0.0000
   67.0000    0.4730    0.4690    0.0040    1.2291    4.3682    8.0950    5.3096   10.2441    4.3164    0.2880    0.4540    0.0169    0.0000    0.0000
   67.0000    0.4750    0.4690    0.0060    1.2352    4.3431    8.0956    5.2045   10.2975    4.3145    0.2880    0.4481    0.0169    0.0000    0.0000
   67.0000    0.4800    0.4690    0.0110    1.2482    4.2939    8.0971    4.9992   10.4024    4.3107    0.2880    0.4376    0.0169    0.0000    0.0000
   67.0000    0.4850    0.4690    0.0160    1.2581    4.2537    8.0979    4.8335   10.4876    4.3076    0.2880    0.4328    0.0169    0.0000    0.0000
   67.0000    0.4900    0.4690    0.0210    1.2717    4.2182    8.0997    4.6820   10.5656    4.3039    0.2880    0.4194    0.0169    0.0000    0.0000
   67.0000    0.4950    0.4690    0.0260    1.2811    4.1855    8.1008    4.5466   10.6355    4.3020    0.2880    0.4106    0.0169    0.0000    0.0000
   67.0000    0.5000    0.4690    0.0310    1.2930    4.1557    8.1019    4.4199   10.7010    4.2994    0.2880    0.4011    0.0169    0.0000    0.0000
   67.0000    0.5100    0.4690    0.0410    1.3252    4.1064    8.1031    4.1987   10.8158    4.2937    0.2880    0.3959    0.0169    0.0000    0.0000
   67.0000    0.5200    0.4690    0.0510    1.3627    4.0650    8.1045    4.0040   10.9175    4.2870    0.2880    0.3917    0.0169    0.0000    0.0000
   67.0000    0.5300    0.4690    0.0610    1.4007    4.0176    8.1068    3.7848   11.0312    4.2813    0.2880    0.3775    0.0169    0.0000    0.0000
   67.0000    0.5400    0.4690    0.0710    1.4371    3.9645    8.1085    3.5441   11.1556    4.2767    0.2880    0.3670    0.0169    0.0000    0.0000
   67.0000    0.5500    0.4690    0.0810    1.4682    3.9027    8.1100    3.2739   11.2947    4.2726    0.2880    0.3587    0.0169    0.0000    0.0000
   67.0000    0.5600    0.4690    0.0910    1.5009    3.8294    8.1126    2.9558   11.4576    4.2712    0.2880    0.3391    0.0169    0.0000    0.0000
   67.0000    0.5800    0.4690    0.1110    1.5365    3.7229    8.1124    2.5091   11.6886    4.2661    0.2880    0.3455    0.0169    0.0000    0.0000
   67.0000    0.6200    0.4690    0.1510    1.5816    3.6760    8.1136    2.3056   11.8049    4.2622    0.2880    0.3399    0.0169    0.0000    0.0000
   67.0000    0.6600    0.4690    0.1910    1.6076    3.6615    8.1148    2.2489   11.8468    4.2599    0.2880    0.3342    0.0169    0.0000    0.0000
   67.0000    0.7000    0.4690    0.2310    1.6276    3.6544    8.1147    2.2259   11.8711    4.2574    0.2880    0.3363    0.0169    0.0000    0.0000
#   age       Mtot      Mc        Menv      logL      logT      logTc     logg      logR      logrhoc   Y         Yc        Z         FeH       OFe       
   68.0000    0.4710    0.4690    0.0020    1.2260    4.4009    8.0952    5.4416   10.1772    4.3181    0.2880    0.4479    0.0169    0.0000    0.0000
   68.0000    0.4730    0.4690    0.0040    1.2312    4.3681    8.0956    5.3069   10.2454    4.3162    0.2880    0.4471    0.0169    0.0000    0.0000
   68.0000    0.4750    0.4690    0.0060    1.2373    4.3429    8.0962    5.2016   10.2989    4.3144    0.2880    0.4411    0.0169    0.0000    0.0000
   68.0000    0.4800    0.4690    0.0110    1.2503    4.2935    8.0978    4.9958   10.4042    4.3106    0.2880    0.4304    0.0169    0.0000    0.0000
   68.0000    0.4850    0.4690    0.0160    1.2602    4.2532    8.0986    4.8295   10.4896    4.3075    0.2880    0.4257    0.0169    0.0000    0.0000
   68.0000    0.4900    0.4690    0.0210    1.2739    4.2176    8.1004    4.6774   10.5679    4.3039    0.2880    0.4120    0.0169    0.0000    0.0000
   68.0000    0.4950    0.4690    0.0260    1.2833    4.1848    8.1015    4.5415   10.6380    4.3019    0.2880    0.4031    0.0169    0.0000    0.0000
   68.0000    0.5000    0.4690    0.0310    1.2953    4.1549    8.1027    4.4142   10.7039    4.2996    0.2880    0.3932    0.0169    0.0000    0.0000
   68.0000    0.5100    0.4690    0.0410    1.3272    4.1055    8.1040    4.1930   10.8187    4.2939    0.2880    0.3878    0.0169    0.0000    0.0000
   68.0000    0.5200    0.4690    0.0510    1.3642    4.0640    8.1054    3.9988   10.9201    4.2872    0.2880    0.3834    0.0169    0.0000    0.0000
   68.0000    0.5300    0.4690    0.0610    1.4019    4.0167    8.1078    3.7803   11.0334    4.2816    0.2880    0.3686    0.0169    0.0000    0.0000
   68.0000    0.5400    0.4690    0.0710    1.4377    3.9641    8.1094    3.5418   11.1567    4.2768    0.2880    0.3585    0.0169    0.0000    0.0000
   68.0000    0.5500    0.4690    0.0810    1.4685    3.9027    8.1109    3.2734   11.2950    4.2727    0.2880    0.3499    0.0169    0.0000    0.0000
   68.0000    0.5600    0.4690    0.0910    1.5017    3.8292    8.1137    2.9542   11.4585    4.2717    0.2880    0.3295    0.0169    0.0000    0.0000
   68.0000    0.5800    0.4690    0.1110    1.5369    3.7230    8.1136    2.5092   11.6886    4.2667    0.2880    0.3358    0.0169    0.0000    0.0000
   68.0000    0.6200    0.4690    0.1510    1.5821    3.6760    8.1148    2.3053   11.8050    4.2626    0.2880    0.3301    0.0169    0.0000    0.0000
   68.0000    0.6600    0.4690    0.1910    1.6080    3.6616    8.1160    2.2486   11.8469    4.2603    0.2880    0.3242    0.0169    0.0000    0.0000
   68.0000    0.7000    0.4690    0.2310    1.6279    3.6544    8.1160    2.2257   11.8712    4.2579    0.2880    0.3259    0.0169    0.0000    0.0000
#   age       Mtot      Mc        Menv      logL      logT      logTc     logg      logR      logrhoc   Y         Yc        Z         FeH       OFe       
   69.0000    0.4710    0.4690    0.0020    1.2281    4.4008    8.0958    5.4393   10.1783    4.3180    0.2880    0.4409    0.0169    0.0000    0.0000
   69.0000    0.4730    0.4690    0.0040    1.2333    4.3679    8.0962    5.3043   10.2467    4.3161    0.2880    0.4402    0.0169    0.0000    0.0000
   69.0000    0.4750    0.4690    0.0060    1.2395    4.3427    8.0969    5.1987   10.3004    4.3143    0.2880    0.4341    0.0169    0.0000    0.0000
   69.0000    0.4800    0.4690    0.0110    1.2525    4.2932    8.0985    4.9923   10.4059    4.3106    0.2880    0.4232    0.0169    0.0000    0.0000
   69.0000    0.4850    0.4690    0.0160    1.2624    4.2528    8.0993    4.8255   10.4916    4.3074    0.2880    0.4185    0.0169    0.0000    0.0000
   69.0000    0.4900    0.4690    0.0210    1.2761    4.2170    8.1011    4.6729   10.5702    4.3038    0.2880    0.4047    0.0169    0.0000    0.0000
   69.0000    0.4950    0.4690    0.0260    1.2855    4.1841    8.1023    4.5364   10.6406    4.3020    0.2880    0.3955    0.0169    0.0000    0.0000
   69.0000    0.5000    0.4690    0.0310    1.2976    4.1540    8.1036    4.4084   10.7067    4.2998    0.2880    0.3853    0.0169    0.0000    0.0000
   69.0000    0.5100    0.4690    0.0410    1.3291    4.1045    8.1049    4.1872   10.8216    4.2942    0.2880    0.3796    0.0169    0.0000    0.0000
   69.0000    0.5200    0.4690    0.0510    1.3658    4.0631    8.1062    3.9935   10.9227    4.2874    0.2880    0.3752    0.0169    0.0000    0.0000
   69.0000    0.5300    0.4690    0.0610    1.4031    4.0159    8.1087    3.7757   11.0357    4.2818    0.2880    0.3597    0.0169    0.0000    0.0000
   69.0000    0.5400    0.4690    0.0710    1.4383    3.9637    8.1104    3.5396   11.1578    4.2770    0.2880    0.3500    0.0169    0.0000    0.0000
   69.0000    0.5500    0.4690    0.0810    1.4694    3.9022    8.1120    3.2703   11.2965    4.2733    0.2880    0.3406    0.0169    0.0000    0.0000
   69.0000    0.5600    0.4690    0.0910    1.5024    3.8290    8.1148    2.9525   11.4593    4.2723    0.2880    0.3200    0.0169    0.0000    0.0000
   69.0000    0.5800    0.4690    0.1110    1.5374    3.7231    8.1148    2.5092   11.6886    4.2672    0.2880    0.3260    0.0169    0.0000    0.0000
   69.0000    0.6200    0.4690    0.1510    1.5826    3.6761    8.1160    2.3049   11.8052    4.2631    0.2880    0.3203    0.0169    0.0000    0.0000
   69.0000    0.6600    0.4690    0.1910    1.6084    3.6616    8.1172    2.2484   11.8470    4.2607    0.2880    0.3142    0.0169    0.0000    0.0000
   69.0000    0.7000    0.4690    0.2310    1.6283    3.6544    8.1173    2.2255   11.8713    4.2583    0.2880    0.3156    0.0169    0.0000    0.0000
#   age       Mtot      Mc        Menv      logL      logT      logTc     logg      logR      logrhoc   Y         Yc        Z         FeH       OFe       
   70.0000    0.4710    0.4690    0.0020    1.2303    4.4008    8.0965    5.4369   10.1795    4.3179    0.2880    0.4340    0.0169    0.0000    0.0000
   70.0000    0.4730    0.4690    0.0040    1.2354    4.3678    8.0968    5.3018   10.2480    4.3160    0.2880    0.4332    0.0169    0.0000    0.0000
   70.0000    0.4750    0.4690    0.0060    1.2417    4.3425    8.0976    5.1958   10.3019    4.3143    0.2880    0.4270    0.0169    0.0000    0.0000
   70.0000    0.4800    0.4690    0.0110    1.2547    4.2929    8.0991    4.9889   10.4076    4.3105    0.2880    0.4160    0.0169    0.0000    0.0000
   70.0000    0.4850    0.4690    0.0160    1.2646    4.2523    8.0999    4.8215   10.4936    4.3074    0.2880    0.4113    0.0169    0.0000    0.0000
   70.0000    0.4900    0.4690    0.0210    1.2784    4.2164    8.1018    4.6682   10.5725    4.3039    0.2880    0.3971    0.0169    0.0000    0.0000
   70.0000    0.4950    0.4690    0.0260    1.2879    4.1834    8.1031    4.5312   10.6432    4.3022    0.2880    0.3876    0.0169    0.0000    0.0000
   70.0000    0.5000    0.4690    0.0310    1.3000    4.1532    8.1044    4.4027   10.7096    4.3000    0.2880    0.3774    0.0169    0.0000    0.0000
   70.0000    0.5100    0.4690    0.0410    1.3311    4.1036    8.1057    4.1814   10.8245    4.2944    0.2880    0.3715    0.0169    0.0000    0.0000
   70.0000    0.5200    0.4690    0.0510    1.3674    4.0622    8.1071    3.9883   10.9253    4.2877    0.2880    0.3670    0.0169    0.0000    0.0000
   70.0000    0.5300    0.4690    0.0610    1.4043    4.0151    8.1096    3.7711   11.0380    4.2820    0.2880    0.3508    0.0169    0.0000    0.0000
   70.0000    0.5400    0.4690    0.0710    1.4396    3.9629    8.1114    3.5351   11.1600    4.2776    0.2880    0.3408    0.0169    0.0000    0.0000
   70.0000    0.5500    0.4690    0.0810    1.4703    3.9016    8.1131    3.2673   11.2980    4.2739    0.2880    0.3313    0.0169    0.0000    0.0000
   70.0000    0.5600    0.4690    0.0910    1.5031    3.8288    8.1159    2.9509   11.4601    4.2728    0.2880    0.3104    0.0169    0.0000    0.0000
   70.0000    0.5800    0.4690    0.1110    1.5378    3.7232    8.1159    2.5093   11.6885    4.2677    0.2880    0.3163    0.0169    0.0000    0.0000
   70.0000    0.6200    0.4690    0.1510    1.5831    3.6761    8.1172    2.3046   11.8053    4.2635    0.2880    0.3105    0.0169    0.0000    0.0000
   70.0000    0.6600    0.4690    0.1910    1.6088    3.6617    8.1185    2.2482   11.8472    4.2611    0.2880    0.3042    0.0169    0.0000    0.0000
   70.0000    0.7000    0.4690    0.2310    1.6286    3.6545    8.1186    2.2253   11.8714    4.2587    0.2880    0.3052    0.0169    0.0000    0.0000
#   age       Mtot      Mc        Menv      logL      logT      logTc     logg      logR      logrhoc   Y         Yc        Z         FeH       OFe       
   71.0000    0.4710    0.4690    0.0020    1.2324    4.4008    8.0971    5.4346   10.1806    4.3178    0.2880    0.4271    0.0169    0.0000    0.0000
   71.0000    0.4730    0.4690    0.0040    1.2375    4.3677    8.0974    5.2992   10.2493    4.3160    0.2880    0.4263    0.0169    0.0000    0.0000
   71.0000    0.4750    0.4690    0.0060    1.2438    4.3423    8.0982    5.1929   10.3033    4.3142    0.2880    0.4200    0.0169    0.0000    0.0000
   71.0000    0.4800    0.4690    0.0110    1.2569    4.2926    8.0998    4.9854   10.4094    4.3105    0.2880    0.4088    0.0169    0.0000    0.0000
   71.0000    0.4850    0.4690    0.0160    1.2667    4.2519    8.1006    4.8175   10.4955    4.3073    0.2880    0.4041    0.0169    0.0000    0.0000
   71.0000    0.4900    0.4690    0.0210    1.2808    4.2158    8.1026    4.6635   10.5749    4.3041    0.2880    0.3891    0.0169    0.0000    0.0000
   71.0000    0.4950    0.4690    0.0260    1.2902    4.1826    8.1039    4.5259   10.6459    4.3025    0.2880    0.3798    0.0169    0.0000    0.0000
   71.0000    0.5000    0.4690    0.0310    1.3023    4.1524    8.1052    4.3969   10.7125    4.3003    0.2880    0.3694    0.0169    0.0000    0.0000
   71.0000    0.5100    0.4690    0.0410    1.3331    4.1026    8.1066    4.1756   10.8274    4.2946    0.2880    0.3633    0.0169    0.0000    0.0000
   71.0000    0.5200    0.4690    0.0510    1.3689    4.0613    8.1080    3.9830   10.9279    4.2879    0.2880    0.3587    0.0169    0.0000    0.0000
   71.0000    0.5300    0.4690    0.0610    1.4061    4.0139    8.1107    3.7648   11.0412    4.2826    0.2880    0.3414    0.0169    0.0000    0.0000
   71.0000    0.5400    0.4690    0.0710    1.4408    3.9621    8.1125    3.5307   11.1623    4.2781    0.2880    0.3316    0.0169    0.0000    0.0000
   71.0000    0.5500    0.4690    0.0810    1.4712    3.9011    8.1142    3.2643   11.2995    4.2744    0.2880    0.3220    0.0169    0.0000    0.0000
   71.0000    0.5600    0.4690    0.0910    1.5038    3.8285    8.1170    2.9493   11.4609    4.2734    0.2880    0.3009    0.0169    0.0000    0.0000
   71.0000    0.5800    0.4690    0.1110    1.5382    3.7233    8.1171    2.5094   11.6885    4.2682    0.2880    0.3066    0.0169    0.0000    0.0000
   71.0000    0.6200    0.4690    0.1510    1.5836    3.6762    8.1184    2.3043   11.8055    4.2640    0.2880    0.3006    0.0169    0.0000    0.0000
   71.0000    0.6600    0.4690    0.1910    1.6095    3.6617    8.1199    2.2474   11.8476    4.2620    0.2880    0.2937    0.0169    0.0000    0.0000
   71.0000    0.7000    0.4690    0.2310    1.6293    3.6545    8.1200    2.2245   11.8717    4.2595    0.2880    0.2945    0.0169    0.0000    0.0000
#   age       Mtot      Mc        Menv      logL      logT      logTc     logg      logR      logrhoc   Y         Yc        Z         FeH       OFe       
   72.0000    0.4710    0.4690    0.0020    1.2345    4.4007    8.0977    5.4323   10.1818    4.3177    0.2880    0.4202    0.0169    0.0000    0.0000
   72.0000    0.4730    0.4690    0.0040    1.2396    4.3676    8.0981    5.2966   10.2506    4.3159    0.2880    0.4193    0.0169    0.0000    0.0000
   72.0000    0.4750    0.4690    0.0060    1.2460    4.3421    8.0989    5.1900   10.3048    4.3141    0.2880    0.4130    0.0169    0.0000    0.0000
   72.0000    0.4800    0.4690    0.0110    1.2590    4.2923    8.1005    4.9819   10.4111    4.3104    0.2880    0.4015    0.0169    0.0000    0.0000
   72.0000    0.4850    0.4690    0.0160    1.2690    4.2514    8.1013    4.8135   10.4976    4.3074    0.2880    0.3968    0.0169    0.0000    0.0000
   72.0000    0.4900    0.4690    0.0210    1.2831    4.2152    8.1034    4.6587   10.5773    4.3043    0.2880    0.3811    0.0169    0.0000    0.0000
   72.0000    0.4950    0.4690    0.0260    1.2926    4.1819    8.1047    4.5207   10.6485    4.3027    0.2880    0.3719    0.0169    0.0000    0.0000
   72.0000    0.5000    0.4690    0.0310    1.3046    4.1515    8.1061    4.3912   10.7154    4.3005    0.2880    0.3615    0.0169    0.0000    0.0000
   72.0000    0.5100    0.4690    0.0410    1.3350    4.1017    8.1075    4.1699   10.8303    4.2949    0.2880    0.3552    0.0169    0.0000    0.0000
   72.0000    0.5200    0.4690    0.0510    1.3705    4.0604    8.1088    3.9778   10.9305    4.2881    0.2880    0.3505    0.0169    0.0000    0.0000
   72.0000    0.5300    0.4690    0.0610    1.4079    4.0128    8.1118    3.7584   11.0444    4.2833    0.2880    0.3319    0.0169    0.0000    0.0000
   72.0000    0.5400    0.4690    0.0710    1.4421    3.9613    8.1135    3.5262   11.1645    4.2787    0.2880    0.3224    0.0169    0.0000    0.0000
   72.0000    0.5500    0.4690    0.0810    1.4721    3.9005    8.1153    3.2612   11.3010    4.2750    0.2880    0.3127    0.0169    0.0000    0.0000
   72.0000    0.5600    0.4690    0.0910    1.5051    3.8277    8.1183    2.9449   11.4631    4.2745    0.2880    0.2908    0.0169    0.0000    0.0000
   72.0000    0.5800    0.4690    0.1110    1.5388    3.7233    8.1183    2.5087   11.6888    4.2690    0.2880    0.2967    0.0169    0.0000    0.0000
   72.0000    0.6200    0.4690    0.1510    1.5844    3.6762    8.1199    2.3033   11.8060    4.2651    0.2880    0.2900    0.0169    0.0000    0.0000
   72.0000    0.6600    0.4690    0.1910    1.6105    3.6616    8.1213    2.2462   11.8481    4.2631    0.2880    0.2831    0.0169    0.0000    0.0000
   72.0000    0.7000    0.4690    0.2310    1.6304    3.6544    8.1215    2.2232   11.8724    4.2606    0.2880    0.2836    0.0169    0.0000    0.0000
#   age       Mtot      Mc        Menv      logL      logT      logTc     logg      logR      logrhoc   Y         Yc        Z         FeH       OFe       
   73.0000    0.4710    0.4690    0.0020    1.2367    4.4007    8.0984    5.4300   10.1830    4.3176    0.2880    0.4133    0.0169    0.0000    0.0000
   73.0000    0.4730    0.4690    0.0040    1.2417    4.3675    8.0987    5.2940   10.2519    4.3158    0.2880    0.4124    0.0169    0.0000    0.0000
   73.0000    0.4750    0.4690    0.0060    1.2482    4.3420    8.0995    5.1871   10.3063    4.3141    0.2880    0.4059    0.0169    0.0000    0.0000
   73.0000    0.4800    0.4690    0.0110    1.2613    4.2920    8.1012    4.9785   10.4129    4.3105    0.2880    0.3943    0.0169    0.0000    0.0000
   73.0000    0.4850    0.4690    0.0160    1.2713    4.2510    8.1021    4.8094   10.4996    4.3076    0.2880    0.3892    0.0169    0.0000    0.0000
   73.0000    0.4900    0.4690    0.0210    1.2855    4.2146    8.1042    4.6539   10.5797    4.3045    0.2880    0.3731    0.0169    0.0000    0.0000
   73.0000    0.4950    0.4690    0.0260    1.2949    4.1812    8.1055    4.5155   10.6511    4.3029    0.2880    0.3641    0.0169    0.0000    0.0000
   73.0000    0.5000    0.4690    0.0310    1.3069    4.1507    8.1069    4.3854   10.7183    4.3007    0.2880    0.3536    0.0169    0.0000    0.0000
   73.0000    0.5100    0.4690    0.0410    1.3371    4.1007    8.1084    4.1639   10.8333    4.2952    0.2880    0.3469    0.0169    0.0000    0.0000
   73.0000    0.5200    0.4690    0.0510    1.3725    4.0593    8.1099    3.9717   10.9336    4.2887    0.2880    0.3417    0.0169    0.0000    0.0000
   73.0000    0.5300    0.4690    0.0610    1.4097    4.0116    8.1129    3.7519   11.0476    4.2840    0.2880    0.3225    0.0169    0.0000    0.0000
   73.0000    0.5400    0.4690    0.0710    1.4433    3.9605    8.1146    3.5218   11.1667    4.2793    0.2880    0.3132    0.0169    0.0000    0.0000
   73.0000    0.5500    0.4690    0.0810    1.4730    3.9000    8.1164    3.2582   11.3025    4.2756    0.2880    0.3034    0.0169    0.0000    0.0000
   73.0000    0.5600    0.4690    0.0910    1.5065    3.8269    8.1197    2.9402   11.4654    4.2756    0.2880    0.2807    0.0169    0.0000    0.0000
   73.0000    0.5800    0.4690    0.1110    1.5399    3.7231    8.1197    2.5067   11.6899    4.2701    0.2880    0.2862    0.0169    0.0000    0.0000
   73.0000    0.6200    0.4690    0.1510    1.5853    3.6761    8.1214    2.3023   11.8065    4.2663    0.2880    0.2793    0.0169    0.0000    0.0000
   73.0000    0.6600    0.4690    0.1910    1.6114    3.6615    8.1228    2.2450   11.8487    4.2643    0.2880    0.2724    0.0169    0.0000    0.0000
   73.0000    0.7000    0.4690    0.2310    1.6314    3.6543    8.1230    2.2218   11.8731    4.2618    0.2880    0.2727    0.0169    0.0000    0.0000
#   age       Mtot      Mc        Menv      logL      logT      logTc     logg      logR      logrhoc   Y         Yc        Z         FeH       OFe       
   74.0000    0.4710    0.4690    0.0020    1.2388    4.4006    8.0990    5.4276   10.1841    4.3175    0.2880    0.4064    0.0169    0.0000    0.0000
   74.0000    0.4730    0.4690    0.0040    1.2439    4.3674    8.0993    5.2914   10.2532    4.3158    0.2880    0.4054    0.0169    0.0000    0.0000
   74.0000    0.4750    0.4690    0.0060    1.2504    4.3418    8.1002    5.1842   10.3077    4.3140    0.2880    0.3988    0.0169    0.0000    0.0000
   74.0000    0.4800    0.4690    0.0110    1.2636    4.2917    8.1020    4.9750   10.4146    4.3107    0.2880    0.3870    0.0169    0.0000    0.0000
   74.0000    0.4850    0.4690    0.0160    1.2736    4.2505    8.1029    4.8053   10.5017    4.3077    0.2880    0.3816    0.0169    0.0000    0.0000
   74.0000    0.4900    0.4690    0.0210    1.2879    4.2140    8.1051    4.6491   10.5820    4.3047    0.2880    0.3652    0.0169    0.0000    0.0000
   74.0000    0.4950    0.4690    0.0260    1.2972    4.1805    8.1063    4.5103   10.6537    4.3031    0.2880    0.3563    0.0169    0.0000    0.0000
   74.0000    0.5000    0.4690    0.0310    1.3094    4.1498    8.1078    4.3796   10.7212    4.3011    0.2880    0.3454    0.0169    0.0000    0.0000
   74.0000    0.5100    0.4690    0.0410    1.3394    4.0997    8.1094    4.1575   10.8364    4.2958    0.2880    0.3383    0.0169    0.0000    0.0000
   74.0000    0.5200    0.4690    0.0510    1.3745    4.0583    8.1109    3.9655   10.9367    4.2894    0.2880    0.3328    0.0169    0.0000    0.0000
   74.0000    0.5300    0.4690    0.0610    1.4115    4.0105    8.1141    3.7455   11.0508    4.2847    0.2880    0.3130    0.0169    0.0000    0.0000
   74.0000    0.5400    0.4690    0.0710    1.4446    3.9597    8.1156    3.5174   11.1689    4.2798    0.2880    0.3040    0.0169    0.0000    0.0000
   74.0000    0.5500    0.4690    0.0810    1.4744    3.8990    8.1176    3.2529   11.3051    4.2766    0.2880    0.2938    0.0169    0.0000    0.0000
   74.0000    0.5600    0.4690    0.0910    1.5078    3.8261    8.1211    2.9355   11.4678    4.2768    0.2880    0.2705    0.0169    0.0000    0.0000
   74.0000    0.5800    0.4690    0.1110    1.5410    3.7228    8.1212    2.5046   11.6909    4.2713    0.2880    0.2757    0.0169    0.0000    0.0000
   74.0000    0.6200    0.4690    0.1510    1.5862    3.6761    8.1228    2.3012   11.8070    4.2675    0.2880    0.2686    0.0169    0.0000    0.0000
   74.0000    0.6600    0.4690    0.1910    1.6123    3.6615    8.1242    2.2438   11.8493    4.2654    0.2880    0.2617    0.0169    0.0000    0.0000
   74.0000    0.7000    0.4690    0.2310    1.6325    3.6543    8.1246    2.2205   11.8738    4.2630    0.2880    0.2617    0.0169    0.0000    0.0000
#   age       Mtot      Mc        Menv      logL      logT      logTc     logg      logR      logrhoc   Y         Yc        Z         FeH       OFe       
   75.0000    0.4710    0.4690    0.0020    1.2410    4.4006    8.0997    5.4253   10.1853    4.3174    0.2880    0.3994    0.0169    0.0000    0.0000
   75.0000    0.4730    0.4690    0.0040    1.2460    4.3673    8.1000    5.2888   10.2545    4.3157    0.2880    0.3984    0.0169    0.0000    0.0000
   75.0000    0.4750    0.4690    0.0060    1.2526    4.3416    8.1010    5.1814   10.3092    4.3142    0.2880    0.3915    0.0169    0.0000    0.0000
   75.0000    0.4800    0.4690    0.0110    1.2659    4.2914    8.1027    4.9715   10.4163    4.3108    0.2880    0.3797    0.0169    0.0000    0.0000
   75.0000    0.4850    0.4690    0.0160    1.2760    4.2501    8.1037    4.8012   10.5037    4.3079    0.2880    0.3740    0.0169    0.0000    0.0000
   75.0000    0.4900    0.4690    0.0210    1.2903    4.2133    8.1059    4.6443   10.5844    4.3049    0.2880    0.3572    0.0169    0.0000    0.0000
   75.0000    0.4950    0.4690    0.0260    1.2996    4.1798    8.1071    4.5050   10.6563    4.3034    0.2880    0.3483    0.0169    0.0000    0.0000
   75.0000    0.5000    0.4690    0.0310    1.3118    4.1490    8.1088    4.3738   10.7241    4.3017    0.2880    0.3371    0.0169    0.0000    0.0000
   75.0000    0.5100    0.4690    0.0410    1.3417    4.0987    8.1104    4.1512   10.8396    4.2965    0.2880    0.3297    0.0169    0.0000    0.0000
   75.0000    0.5200    0.4690    0.0510    1.3764    4.0572    8.1119    3.9592   10.9398    4.2900    0.2880    0.3239    0.0169    0.0000    0.0000
   75.0000    0.5300    0.4690    0.0610    1.4133    4.0093    8.1152    3.7391   11.0541    4.2853    0.2880    0.3036    0.0169    0.0000    0.0000
   75.0000    0.5400    0.4690    0.0710    1.4461    3.9587    8.1168    3.5117   11.1717    4.2808    0.2880    0.2947    0.0169    0.0000    0.0000
   75.0000    0.5500    0.4690    0.0810    1.4761    3.8978    8.1190    3.2463   11.3084    4.2778    0.2880    0.2839    0.0169    0.0000    0.0000
   75.0000    0.5600    0.4690    0.0910    1.5091    3.8252    8.1224    2.9309   11.4701    4.2780    0.2880    0.2604    0.0169    0.0000    0.0000
   75.0000    0.5800    0.4690    0.1110    1.5420    3.7226    8.1226    2.5025   11.6919    4.2725    0.2880    0.2653    0.0169    0.0000    0.0000
   75.0000    0.6200    0.4690    0.1510    1.5871    3.6760    8.1243    2.3002   11.8075    4.2687    0.2880    0.2578    0.0169    0.0000    0.0000
   75.0000    0.6600    0.4690    0.1910    1.6132    3.6614    8.1257    2.2426   11.8499    4.2666    0.2880    0.2510    0.0169    0.0000    0.0000
   75.0000    0.7000    0.4690    0.2310    1.6335    3.6542    8.1261    2.2191   11.8744    4.2641    0.2880    0.2508    0.0169    0.0000    0.0000
#   age       Mtot      Mc        Menv      logL      logT      logTc     logg      logR      logrhoc   Y         Yc        Z         FeH       OFe       
   76.0000    0.4710    0.4690    0.0020    1.2432    4.4006    8.1004    5.4231   10.1864    4.3176    0.2880    0.3923    0.0169    0.0000    0.0000
   76.0000    0.4730    0.4690    0.0040    1.2483    4.3672    8.1007    5.2862   10.2558    4.3159    0.2880    0.3912    0.0169    0.0000    0.0000
   76.0000    0.4750    0.4690    0.0060    1.2549    4.3414    8.1018    5.1785   10.3106    4.3144    0.2880    0.3841    0.0169    0.0000    0.0000
   76.0000    0.4800    0.4690    0.0110    1.2682    4.2911    8.1035    4.9680   10.4181    4.3110    0.2880    0.3723    0.0169    0.0000    0.0000
   76.0000    0.4850    0.4690    0.0160    1.2783    4.2497    8.1044    4.7971   10.5058    4.3081    0.2880    0.3664    0.0169    0.0000    0.0000
   76.0000    0.4900    0.4690    0.0210    1.2927    4.2127    8.1067    4.6395   10.5868    4.3052    0.2880    0.3492    0.0169    0.0000    0.0000
   76.0000    0.4950    0.4690    0.0260    1.3021    4.1791    8.1080    4.4997   10.6590    4.3040    0.2880    0.3402    0.0169    0.0000    0.0000
   76.0000    0.5000    0.4690    0.0310    1.3143    4.1481    8.1097    4.3680   10.7270    4.3023    0.2880    0.3288    0.0169    0.0000    0.0000
   76.0000    0.5100    0.4690    0.0410    1.3440    4.0976    8.1114    4.1449   10.8428    4.2971    0.2880    0.3211    0.0169    0.0000    0.0000
   76.0000    0.5200    0.4690    0.0510    1.3784    4.0562    8.1130    3.9530   10.9429    4.2907    0.2880    0.3151    0.0169    0.0000    0.0000
   76.0000    0.5300    0.4690    0.0610    1.4155    4.0081    8.1164    3.7318   11.0577    4.2864    0.2880    0.2938    0.0169    0.0000    0.0000
   76.0000    0.5400    0.4690    0.0710    1.4480    3.9575    8.1182    3.5052   11.1750    4.2821    0.2880    0.2852    0.0169    0.0000    0.0000
   76.0000    0.5500    0.4690    0.0810    1.4778    3.8966    8.1203    3.2397   11.3118    4.2790    0.2880    0.2741    0.0169    0.0000    0.0000
   76.0000    0.5600    0.4690    0.0910    1.5105    3.8244    8.1238    2.9262   11.4725    4.2792    0.2880    0.2502    0.0169    0.0000    0.0000
   76.0000    0.5800    0.4690    0.1110    1.5431    3.7223    8.1240    2.5004   11.6929    4.2737    0.2880    0.2548    0.0169    0.0000    0.0000
   76.0000    0.6200    0.4690    0.1510    1.5883    3.6759    8.1259    2.2986   11.8083    4.2702    0.2880    0.2470    0.0169    0.0000    0.0000
   76.0000    0.6600    0.4690    0.1910    1.6148    3.6612    8.1275    2.2403   11.8511    4.2688    0.2880    0.2397    0.0169    0.0000    0.0000
   76.0000    0.7000    0.4690    0.2310    1.6350    3.6540    8.1280    2.2171   11.8754    4.2663    0.2880    0.2393    0.0169    0.0000    0.0000
#   age       Mtot      Mc        Menv      logL      logT      logTc     logg      logR      logrhoc   Y         Yc        Z         FeH       OFe       
   77.0000    0.4710    0.4690    0.0020    1.2454    4.4006    8.1011    5.4208   10.1876    4.3177    0.2880    0.3852    0.0169    0.0000    0.0000
   77.0000    0.4730    0.4690    0.0040    1.2506    4.3671    8.1015    5.2836   10.2571    4.3161    0.2880    0.3840    0.0169    0.0000    0.0000
   77.0000    0.4750    0.4690    0.0060    1.2572    4.3413    8.1025    5.1756   10.3121    4.3145    0.2880    0.3767    0.0169    0.0000    0.0000
   77.0000    0.4800    0.4690    0.0110    1.2705    4.2908    8.1042    4.9646   10.4198    4.3112    0.2880    0.3650    0.0169    0.0000    0.0000
   77.0000    0.4850    0.4690    0.0160    1.2806    4.2492    8.1052    4.7930   10.5078    4.3083    0.2880    0.3588    0.0169    0.0000    0.0000
   77.0000    0.4900    0.4690    0.0210    1.2953    4.2122    8.1077    4.6346   10.5893    4.3057    0.2880    0.3409    0.0169    0.0000    0.0000
   77.0000    0.4950    0.4690    0.0260    1.3046    4.1784    8.1090    4.4945   10.6616    4.3046    0.2880    0.3320    0.0169    0.0000    0.0000
   77.0000    0.5000    0.4690    0.0310    1.3168    4.1473    8.1107    4.3621   10.7299    4.3029    0.2880    0.3204    0.0169    0.0000    0.0000
   77.0000    0.5100    0.4690    0.0410    1.3463    4.0966    8.1123    4.1386   10.8460    4.2977    0.2880    0.3125    0.0169    0.0000    0.0000
   77.0000    0.5200    0.4690    0.0510    1.3804    4.0551    8.1140    3.9468   10.9460    4.2913    0.2880    0.3062    0.0169    0.0000    0.0000
   77.0000    0.5300    0.4690    0.0610    1.4178    4.0067    8.1178    3.7241   11.0615    4.2877    0.2880    0.2838    0.0169    0.0000    0.0000
   77.0000    0.5400    0.4690    0.0710    1.4499    3.9563    8.1195    3.4987   11.1783    4.2833    0.2880    0.2758    0.0169    0.0000    0.0000
   77.0000    0.5500    0.4690    0.0810    1.4794    3.8954    8.1217    3.2331   11.3151    4.2802    0.2880    0.2642    0.0169    0.0000    0.0000
   77.0000    0.5600    0.4690    0.0910    1.5128    3.8228    8.1255    2.9173   11.4769    4.2814    0.2880    0.2399    0.0169    0.0000    0.0000
   77.0000    0.5800    0.4690    0.1110    1.5448    3.7218    8.1256    2.4967   11.6948    4.2754    0.2880    0.2442    0.0169    0.0000    0.0000
   77.0000    0.6200    0.4690    0.1510    1.5904    3.6756    8.1277    2.2954   11.8099    4.2725    0.2880    0.2359    0.0169    0.0000    0.0000
   77.0000    0.6600    0.4690    0.1910    1.6164    3.6610    8.1295    2.2378   11.8523    4.2711    0.2880    0.2282    0.0169    0.0000    0.0000
   77.0000    0.7000    0.4690    0.2310    1.6365    3.6539    8.1299    2.2150   11.8765    4.2686    0.2880    0.2277    0.0169    0.0000    0.0000
#   age       Mtot      Mc        Menv      logL      logT      logTc     logg      logR      logrhoc   Y         Yc        Z         FeH       OFe       
   78.0000    0.4710    0.4690    0.0020    1.2477    4.4006    8.1019    5.4186   10.1887    4.3179    0.2880    0.3781    0.0169    0.0000    0.0000
   78.0000    0.4730    0.4690    0.0040    1.2529    4.3670    8.1023    5.2810   10.2584    4.3162    0.2880    0.3768    0.0169    0.0000    0.0000
   78.0000    0.4750    0.4690    0.0060    1.2595    4.3411    8.1033    5.1727   10.3135    4.3147    0.2880    0.3693    0.0169    0.0000    0.0000
   78.0000    0.4800    0.4690    0.0110    1.2729    4.2905    8.1050    4.9611   10.4216    4.3113    0.2880    0.3577    0.0169    0.0000    0.0000
   78.0000    0.4850    0.4690    0.0160    1.2829    4.2488    8.1060    4.7889   10.5099    4.3085    0.2880    0.3512    0.0169    0.0000    0.0000
   78.0000    0.4900    0.4690    0.0210    1.2979    4.2116    8.1087    4.6296   10.5918    4.3063    0.2880    0.3326    0.0169    0.0000    0.0000
   78.0000    0.4950    0.4690    0.0260    1.3070    4.1777    8.1099    4.4892   10.6642    4.3051    0.2880    0.3239    0.0169    0.0000    0.0000
   78.0000    0.5000    0.4690    0.0310    1.3192    4.1464    8.1116    4.3563   10.7328    4.3035    0.2880    0.3121    0.0169    0.0000    0.0000
   78.0000    0.5100    0.4690    0.0410    1.3486    4.0956    8.1133    4.1322   10.8491    4.2983    0.2880    0.3040    0.0169    0.0000    0.0000
   78.0000    0.5200    0.4690    0.0510    1.3825    4.0540    8.1151    3.9404   10.9493    4.2922    0.2880    0.2972    0.0169    0.0000    0.0000
   78.0000    0.5300    0.4690    0.0610    1.4202    4.0054    8.1192    3.7164   11.0653    4.2891    0.2880    0.2738    0.0169    0.0000    0.0000
   78.0000    0.5400    0.4690    0.0710    1.4517    3.9552    8.1208    3.4922   11.1816    4.2846    0.2880    0.2663    0.0169    0.0000    0.0000
   78.0000    0.5500    0.4690    0.0810    1.4811    3.8941    8.1230    3.2265   11.3184    4.2815    0.2880    0.2544    0.0169    0.0000    0.0000
   78.0000    0.5600    0.4690    0.0910    1.5151    3.8211    8.1273    2.9084   11.4814    4.2836    0.2880    0.2297    0.0169    0.0000    0.0000
   78.0000    0.5800    0.4690    0.1110    1.5469    3.7210    8.1274    2.4916   11.6974    4.2777    0.2880    0.2334    0.0169    0.0000    0.0000
   78.0000    0.6200    0.4690    0.1510    1.5924    3.6753    8.1295    2.2923   11.8115    4.2747    0.2880    0.2249    0.0169    0.0000    0.0000
   78.0000    0.6600    0.4690    0.1910    1.6181    3.6608    8.1314    2.2354   11.8535    4.2733    0.2880    0.2168    0.0169    0.0000    0.0000
   78.0000    0.7000    0.4690    0.2310    1.6379    3.6537    8.1318    2.2130   11.8775    4.2709    0.2880    0.2160    0.0169    0.0000    0.0000
#   age       Mtot      Mc        Menv      logL      logT      logTc     logg      logR      logrhoc   Y         Yc        Z         FeH       OFe       
   79.0000    0.4710    0.4690    0.0020    1.2499    4.4006    8.1026    5.4163   10.1898    4.3180    0.2880    0.3710    0.0169    0.0000    0.0000
   79.0000    0.4730    0.4690    0.0040    1.2551    4.3669    8.1030    5.2784   10.2597    4.3164    0.2880    0.3697    0.0169    0.0000    0.0000
   79.0000    0.4750    0.4690    0.0060    1.2618    4.3410    8.1041    5.1698   10.3150    4.3148    0.2880    0.3620    0.0169    0.0000    0.0000
   79.0000    0.4800    0.4690    0.0110    1.2752    4.2902    8.1058    4.9576   10.4233    4.3115    0.2880    0.3504    0.0169    0.0000    0.0000
   79.0000    0.4850    0.4690    0.0160    1.2854    4.2484    8.1069    4.7847   10.5119    4.3090    0.2880    0.3433    0.0169    0.0000    0.0000
   79.0000    0.4900    0.4690    0.0210    1.3005    4.2110    8.1096    4.6246   10.5942    4.3069    0.2880    0.3242    0.0169    0.0000    0.0000
   79.0000    0.4950    0.4690    0.0260    1.3095    4.1769    8.1109    4.4839   10.6668    4.3057    0.2880    0.3157    0.0169    0.0000    0.0000
   79.0000    0.5000    0.4690    0.0310    1.3217    4.1456    8.1126    4.3505   10.7357    4.3041    0.2880    0.3037    0.0169    0.0000    0.0000
   79.0000    0.5100    0.4690    0.0410    1.3511    4.0946    8.1145    4.1257   10.8524    4.2992    0.2880    0.2951    0.0169    0.0000    0.0000
   79.0000    0.5200    0.4690    0.0510    1.3850    4.0529    8.1164    3.9333   10.9528    4.2934    0.2880    0.2880    0.0169    0.0000    0.0000
   79.0000    0.5300    0.4690    0.0610    1.4225    4.0041    8.1205    3.7087   11.0692    4.2904    0.2880    0.2638    0.0169    0.0000    0.0000
   79.0000    0.5400    0.4690    0.0710    1.4536    3.9540    8.1221    3.4857   11.1848    4.2859    0.2880    0.2568    0.0169    0.0000    0.0000
   79.0000    0.5500    0.4690    0.0810    1.4833    3.8927    8.1245    3.2184   11.3224    4.2832    0.2880    0.2443    0.0169    0.0000    0.0000
   79.0000    0.5600    0.4690    0.0910    1.5174    3.8194    8.1291    2.8995   11.4859    4.2859    0.2880    0.2194    0.0169    0.0000    0.0000
   79.0000    0.5800    0.4690    0.1110    1.5490    3.7203    8.1293    2.4864   11.7000    4.2800    0.2880    0.2226    0.0169    0.0000    0.0000
   79.0000    0.6200    0.4690    0.1510    1.5944    3.6751    8.1313    2.2891   11.8130    4.2770    0.2880    0.2138    0.0169    0.0000    0.0000
   79.0000    0.6600    0.4690    0.1910    1.6197    3.6606    8.1333    2.2330   11.8547    4.2756    0.2880    0.2054    0.0169    0.0000    0.0000
   79.0000    0.7000    0.4690    0.2310    1.6394    3.6536    8.1338    2.2109   11.8785    4.2731    0.2880    0.2044    0.0169    0.0000    0.0000
#   age       Mtot      Mc        Menv      logL      logT      logTc     logg      logR      logrhoc   Y         Yc        Z         FeH       OFe       
   80.0000    0.4710    0.4690    0.0020    1.2521    4.4006    8.1034    5.4141   10.1910    4.3182    0.2880    0.3639    0.0169    0.0000    0.0000
   80.0000    0.4730    0.4690    0.0040    1.2574    4.3668    8.1038    5.2758   10.2610    4.3165    0.2880    0.3625    0.0169    0.0000    0.0000
   80.0000    0.4750    0.4690    0.0060    1.2641    4.3408    8.1048    5.1669   10.3164    4.3150    0.2880    0.3546    0.0169    0.0000    0.0000
   80.0000    0.4800    0.4690    0.0110    1.2777    4.2899    8.1067    4.9540   10.4251    4.3120    0.2880    0.3424    0.0169    0.0000    0.0000
   80.0000    0.4850    0.4690    0.0160    1.2880    4.2480    8.1078    4.7805   10.5140    4.3095    0.2880    0.3353    0.0169    0.0000    0.0000
   80.0000    0.4900    0.4690    0.0210    1.3031    4.2104    8.1106    4.6197   10.5967    4.3075    0.2880    0.3159    0.0169    0.0000    0.0000
   80.0000    0.4950    0.4690    0.0260    1.3120    4.1762    8.1118    4.4786   10.6695    4.3063    0.2880    0.3075    0.0169    0.0000    0.0000
   80.0000    0.5000    0.4690    0.0310    1.3243    4.1447    8.1137    4.3446   10.7387    4.3050    0.2880    0.2951    0.0169    0.0000    0.0000
   80.0000    0.5100    0.4690    0.0410    1.3537    4.0936    8.1157    4.1191   10.8557    4.3004    0.2880    0.2861    0.0169    0.0000    0.0000
   80.0000    0.5200    0.4690    0.0510    1.3874    4.0517    8.1176    3.9262   10.9563    4.2946    0.2880    0.2788    0.0169    0.0000    0.0000
   80.0000    0.5300    0.4690    0.0610    1.4249    4.0027    8.1219    3.7010   11.0730    4.2917    0.2880    0.2538    0.0169    0.0000    0.0000
   80.0000    0.5400    0.4690    0.0710    1.4556    3.9528    8.1235    3.4789   11.1882    4.2874    0.2880    0.2472    0.0169    0.0000    0.0000
   80.0000    0.5500    0.4690    0.0810    1.4858    3.8910    8.1262    3.2092   11.3271    4.2855    0.2880    0.2341    0.0169    0.0000    0.0000
   80.0000    0.5600    0.4690    0.0910    1.5197    3.8178    8.1308    2.8905   11.4903    4.2881    0.2880    0.2091    0.0169    0.0000    0.0000
   80.0000    0.5800    0.4690    0.1110    1.5512    3.7195    8.1311    2.4813   11.7026    4.2823    0.2880    0.2118    0.0169    0.0000    0.0000
   80.0000    0.6200    0.4690    0.1510    1.5964    3.6748    8.1332    2.2860   11.8146    4.2793    0.2880    0.2027    0.0169    0.0000    0.0000
   80.0000    0.6600    0.4690    0.1910    1.6220    3.6603    8.1354    2.2295   11.8564    4.2787    0.2880    0.1939    0.0169    0.0000    0.0000
   80.0000    0.7000    0.4690    0.2310    1.6420    3.6532    8.1360    2.2071   11.8804    4.2765    0.2880    0.1925    0.0169    0.0000    0.0000
#   age       Mtot      Mc        Menv      logL      logT      logTc     logg      logR      logrhoc   Y         Yc        Z         FeH       OFe       
   81.0000    0.4710    0.4690    0.0020    1.2544    4.4006    8.1041    5.4118   10.1921    4.3184    0.2880    0.3568    0.0169    0.0000    0.0000
   81.0000    0.4730    0.4690    0.0040    1.2597    4.3668    8.1045    5.2732   10.2622    4.3167    0.2880    0.3553    0.0169    0.0000    0.0000
   81.0000    0.4750    0.4690    0.0060    1.2665    4.3407    8.1056    5.1640   10.3178    4.3153    0.2880    0.3470    0.0169    0.0000    0.0000
   81.0000    0.4800    0.4690    0.0110    1.2803    4.2897    8.1076    4.9504   10.4269    4.3125    0.2880    0.3344    0.0169    0.0000    0.0000
   81.0000    0.4850    0.4690    0.0160    1.2905    4.2476    8.1088    4.7764   10.5161    4.3101    0.2880    0.3273    0.0169    0.0000    0.0000
   81.0000    0.4900    0.4690    0.0210    1.3057    4.2098    8.1116    4.6147   10.5992    4.3081    0.2880    0.3076    0.0169    0.0000    0.0000
   81.0000    0.4950    0.4690    0.0260    1.3145    4.1755    8.1128    4.4733   10.6721    4.3069    0.2880    0.2993    0.0169    0.0000    0.0000
   81.0000    0.5000    0.4690    0.0310    1.3270    4.1439    8.1149    4.3386   10.7417    4.3061    0.2880    0.2864    0.0169    0.0000    0.0000
   81.0000    0.5100    0.4690    0.0410    1.3563    4.0926    8.1169    4.1124   10.8590    4.3016    0.2880    0.2770    0.0169    0.0000    0.0000
   81.0000    0.5200    0.4690    0.0510    1.3899    4.0505    8.1189    3.9191   10.9599    4.2958    0.2880    0.2696    0.0169    0.0000    0.0000
   81.0000    0.5300    0.4690    0.0610    1.4277    4.0013    8.1234    3.6925   11.0773    4.2936    0.2880    0.2435    0.0169    0.0000    0.0000
   81.0000    0.5400    0.4690    0.0710    1.4580    3.9515    8.1252    3.4713   11.1920    4.2895    0.2880    0.2371    0.0169    0.0000    0.0000
   81.0000    0.5500    0.4690    0.0810    1.4883    3.8893    8.1279    3.1999   11.3317    4.2877    0.2880    0.2238    0.0169    0.0000    0.0000
   81.0000    0.5600    0.4690    0.0910    1.5221    3.8160    8.1327    2.8808   11.4952    4.2905    0.2880    0.1987    0.0169    0.0000    0.0000
   81.0000    0.5800    0.4690    0.1110    1.5533    3.7188    8.1329    2.4761   11.7051    4.2846    0.2880    0.2010    0.0169    0.0000    0.0000
   81.0000    0.6200    0.4690    0.1510    1.5992    3.6744    8.1354    2.2818   11.8167    4.2828    0.2880    0.1911    0.0169    0.0000    0.0000
   81.0000    0.6600    0.4690    0.1910    1.6249    3.6600    8.1377    2.2253   11.8586    4.2825    0.2880    0.1823    0.0169    0.0000    0.0000
   81.0000    0.7000    0.4690    0.2310    1.6451    3.6528    8.1385    2.2023   11.8828    4.2806    0.2880    0.1804    0.0169    0.0000    0.0000
#   age       Mtot      Mc        Menv      logL      logT      logTc     logg      logR      logrhoc   Y         Yc        Z         FeH       OFe       
   82.0000    0.4710    0.4690    0.0020    1.2566    4.4006    8.1048    5.4096   10.1932    4.3185    0.2880    0.3497    0.0169    0.0000    0.0000
   82.0000    0.4730    0.4690    0.0040    1.2621    4.3667    8.1053    5.2706   10.2635    4.3169    0.2880    0.3479    0.0169    0.0000    0.0000
   82.0000    0.4750    0.4690    0.0060    1.2690    4.3406    8.1066    5.1611   10.3193    4.3158    0.2880    0.3392    0.0169    0.0000    0.0000
   82.0000    0.4800    0.4690    0.0110    1.2828    4.2894    8.1086    4.9468   10.4287    4.3131    0.2880    0.3264    0.0169    0.0000    0.0000
   82.0000    0.4850    0.4690    0.0160    1.2930    4.2472    8.1097    4.7722   10.5182    4.3106    0.2880    0.3194    0.0169    0.0000    0.0000
   82.0000    0.4900    0.4690    0.0210    1.3083    4.2093    8.1126    4.6098   10.6016    4.3087    0.2880    0.2992    0.0169    0.0000    0.0000
   82.0000    0.4950    0.4690    0.0260    1.3173    4.1749    8.1139    4.4678   10.6748    4.3080    0.2880    0.2907    0.0169    0.0000    0.0000
   82.0000    0.5000    0.4690    0.0310    1.3298    4.1431    8.1161    4.3326   10.7447    4.3072    0.2880    0.2776    0.0169    0.0000    0.0000
   82.0000    0.5100    0.4690    0.0410    1.3589    4.0916    8.1182    4.1058   10.8623    4.3028    0.2880    0.2679    0.0169    0.0000    0.0000
   82.0000    0.5200    0.4690    0.0510    1.3924    4.0493    8.1202    3.9120   10.9634    4.2970    0.2880    0.2603    0.0169    0.0000    0.0000
   82.0000    0.5300    0.4690    0.0610    1.4307    3.9998    8.1252    3.6834   11.0818    4.2958    0.2880    0.2330    0.0169    0.0000    0.0000
   82.0000    0.5400    0.4690    0.0710    1.4604    3.9503    8.1268    3.4638   11.1958    4.2915    0.2880    0.2270    0.0169    0.0000    0.0000
   82.0000    0.5500    0.4690    0.0810    1.4909    3.8876    8.1296    3.1907   11.3363    4.2899    0.2880    0.2136    0.0169    0.0000    0.0000
   82.0000    0.5600    0.4690    0.0910    1.5259    3.8131    8.1349    2.8656   11.5028    4.2943    0.2880    0.1877    0.0169    0.0000    0.0000
   82.0000    0.5800    0.4690    0.1110    1.5566    3.7177    8.1352    2.4687   11.7089    4.2883    0.2880    0.1896    0.0169    0.0000    0.0000
   82.0000    0.6200    0.4690    0.1510    1.6021    3.6740    8.1378    2.2772   11.8190    4.2867    0.2880    0.1794    0.0169    0.0000    0.0000
   82.0000    0.6600    0.4690    0.1910    1.6278    3.6596    8.1401    2.2210   11.8607    4.2863    0.2880    0.1706    0.0169    0.0000    0.0000
   82.0000    0.7000    0.4690    0.2310    1.6483    3.6524    8.1410    2.1974   11.8853    4.2846    0.2880    0.1684    0.0169    0.0000    0.0000
#   age       Mtot      Mc        Menv      logL      logT      logTc     logg      logR      logrhoc   Y         Yc        Z         FeH       OFe       
   83.0000    0.4710    0.4690    0.0020    1.2591    4.4007    8.1057    5.4074   10.1943    4.3190    0.2880    0.3421    0.0169    0.0000    0.0000
   83.0000    0.4730    0.4690    0.0040    1.2645    4.3667    8.1062    5.2680   10.2648    4.3174    0.2880    0.3402    0.0169    0.0000    0.0000
   83.0000    0.4750    0.4690    0.0060    1.2715    4.3405    8.1075    5.1582   10.3207    4.3163    0.2880    0.3314    0.0169    0.0000    0.0000
   83.0000    0.4800    0.4690    0.0110    1.2854    4.2891    8.1095    4.9431   10.4306    4.3136    0.2880    0.3183    0.0169    0.0000    0.0000
   83.0000    0.4850    0.4690    0.0160    1.2956    4.2468    8.1107    4.7680   10.5202    4.3112    0.2880    0.3114    0.0169    0.0000    0.0000
   83.0000    0.4900    0.4690    0.0210    1.3112    4.2087    8.1138    4.6049   10.6041    4.3098    0.2880    0.2905    0.0169    0.0000    0.0000
   83.0000    0.4950    0.4690    0.0260    1.3200    4.1742    8.1151    4.4623   10.6776    4.3091    0.2880    0.2821    0.0169    0.0000    0.0000
   83.0000    0.5000    0.4690    0.0310    1.3325    4.1423    8.1172    4.3266   10.7477    4.3083    0.2880    0.2688    0.0169    0.0000    0.0000
   83.0000    0.5100    0.4690    0.0410    1.3615    4.0906    8.1194    4.0991   10.8656    4.3039    0.2880    0.2589    0.0169    0.0000    0.0000
   83.0000    0.5200    0.4690    0.0510    1.3948    4.0481    8.1214    3.9049   10.9670    4.2982    0.2880    0.2511    0.0169    0.0000    0.0000
   83.0000    0.5300    0.4690    0.0610    1.4337    3.9982    8.1269    3.6744   11.0864    4.2981    0.2880    0.2225    0.0169    0.0000    0.0000
   83.0000    0.5400    0.4690    0.0710    1.4628    3.9490    8.1284    3.4562   11.1996    4.2936    0.2880    0.2169    0.0169    0.0000    0.0000
   83.0000    0.5500    0.4690    0.0810    1.4934    3.8859    8.1313    3.1814   11.3409    4.2922    0.2880    0.2034    0.0169    0.0000    0.0000
   83.0000    0.5600    0.4690    0.0910    1.5297    3.8103    8.1371    2.8504   11.5103    4.2980    0.2880    0.1767    0.0169    0.0000    0.0000
   83.0000    0.5800    0.4690    0.1110    1.5600    3.7167    8.1375    2.4610   11.7127    4.2923    0.2880    0.1781    0.0169    0.0000    0.0000
   83.0000    0.6200    0.4690    0.1510    1.6051    3.6736    8.1403    2.2727   11.8213    4.2907    0.2880    0.1677    0.0169    0.0000    0.0000
   83.0000    0.6600    0.4690    0.1910    1.6307    3.6593    8.1424    2.2167   11.8628    4.2901    0.2880    0.1590    0.0169    0.0000    0.0000
   83.0000    0.7000    0.4690    0.2310    1.6515    3.6520    8.1435    2.1926   11.8877    4.2887    0.2880    0.1563    0.0169    0.0000    0.0000
#   age       Mtot      Mc        Menv      logL      logT      logTc     logg      logR      logrhoc   Y         Yc        Z         FeH       OFe       
   84.0000    0.4710    0.4690    0.0020    1.2615    4.4007    8.1067    5.4052   10.1954    4.3195    0.2880    0.3346    0.0169    0.0000    0.0000
   84.0000    0.4730    0.4690    0.0040    1.2670    4.3667    8.1071    5.2654   10.2661    4.3179    0.2880    0.3324    0.0169    0.0000    0.0000
   84.0000    0.4750    0.4690    0.0060    1.2740    4.3404    8.1084    5.1553   10.3222    4.3168    0.2880    0.3235    0.0169    0.0000    0.0000
   84.0000    0.4800    0.4690    0.0110    1.2879    4.2888    8.1105    4.9395   10.4324    4.3141    0.2880    0.3103    0.0169    0.0000    0.0000
   84.0000    0.4850    0.4690    0.0160    1.2981    4.2464    8.1116    4.7639   10.5223    4.3118    0.2880    0.3034    0.0169    0.0000    0.0000
   84.0000    0.4900    0.4690    0.0210    1.3140    4.2082    8.1150    4.6001   10.6065    4.3109    0.2880    0.2817    0.0169    0.0000    0.0000
   84.0000    0.4950    0.4690    0.0260    1.3228    4.1735    8.1163    4.4568   10.6803    4.3101    0.2880    0.2734    0.0169    0.0000    0.0000
   84.0000    0.5000    0.4690    0.0310    1.3352    4.1414    8.1184    4.3205   10.7507    4.3094    0.2880    0.2600    0.0169    0.0000    0.0000
   84.0000    0.5100    0.4690    0.0410    1.3641    4.0896    8.1206    4.0925   10.8690    4.3051    0.2880    0.2498    0.0169    0.0000    0.0000
   84.0000    0.5200    0.4690    0.0510    1.3976    4.0470    8.1229    3.8974   10.9707    4.3000    0.2880    0.2417    0.0169    0.0000    0.0000
   84.0000    0.5300    0.4690    0.0610    1.4367    3.9967    8.1286    3.6653   11.0909    4.3003    0.2880    0.2120    0.0169    0.0000    0.0000
   84.0000    0.5400    0.4690    0.0710    1.4653    3.9477    8.1300    3.4486   11.2033    4.2957    0.2880    0.2068    0.0169    0.0000    0.0000
   84.0000    0.5500    0.4690    0.0810    1.4968    3.8837    8.1334    3.1693   11.3470    4.2954    0.2880    0.1926    0.0169    0.0000    0.0000
   84.0000    0.5600    0.4690    0.0910    1.5334    3.8074    8.1393    2.8352   11.5179    4.3017    0.2880    0.1657    0.0169    0.0000    0.0000
   84.0000    0.5800    0.4690    0.1110    1.5634    3.7156    8.1398    2.4534   11.7165    4.2962    0.2880    0.1665    0.0169    0.0000    0.0000
   84.0000    0.6200    0.4690    0.1510    1.6081    3.6732    8.1427    2.2681   11.8236    4.2946    0.2880    0.1560    0.0169    0.0000    0.0000
   84.0000    0.6600    0.4690    0.1910    1.6341    3.6588    8.1449    2.2115   11.8654    4.2946    0.2880    0.1474    0.0169    0.0000    0.0000
   84.0000    0.7000    0.4690    0.2310    1.6557    3.6514    8.1463    2.1861   11.8910    4.2940    0.2880    0.1443    0.0169    0.0000    0.0000
#   age       Mtot      Mc        Menv      logL      logT      logTc     logg      logR      logrhoc   Y         Yc        Z         FeH       OFe       
   85.0000    0.4710    0.4690    0.0020    1.2640    4.4008    8.1076    5.4029   10.1965    4.3200    0.2880    0.3270    0.0169    0.0000    0.0000
   85.0000    0.4730    0.4690    0.0040    1.2695    4.3666    8.1080    5.2629   10.2674    4.3184    0.2880    0.3246    0.0169    0.0000    0.0000
   85.0000    0.4750    0.4690    0.0060    1.2765    4.3404    8.1093    5.1524   10.3236    4.3173    0.2880    0.3157    0.0169    0.0000    0.0000
   85.0000    0.4800    0.4690    0.0110    1.2905    4.2886    8.1114    4.9359   10.4342    4.3147    0.2880    0.3022    0.0169    0.0000    0.0000
   85.0000    0.4850    0.4690    0.0160    1.3007    4.2460    8.1126    4.7598   10.5244    4.3126    0.2880    0.2953    0.0169    0.0000    0.0000
   85.0000    0.4900    0.4690    0.0210    1.3168    4.2077    8.1161    4.5952   10.6089    4.3120    0.2880    0.2729    0.0169    0.0000    0.0000
   85.0000    0.4950    0.4690    0.0260    1.3256    4.1729    8.1174    4.4514   10.6830    4.3112    0.2880    0.2648    0.0169    0.0000    0.0000
   85.0000    0.5000    0.4690    0.0310    1.3379    4.1406    8.1196    4.3145   10.7537    4.3105    0.2880    0.2512    0.0169    0.0000    0.0000
   85.0000    0.5100    0.4690    0.0410    1.3671    4.0886    8.1222    4.0855   10.8724    4.3071    0.2880    0.2403    0.0169    0.0000    0.0000
   85.0000    0.5200    0.4690    0.0510    1.4004    4.0459    8.1244    3.8900   10.9744    4.3020    0.2880    0.2323    0.0169    0.0000    0.0000
   85.0000    0.5300    0.4690    0.0610    1.4398    3.9952    8.1303    3.6562   11.0954    4.3026    0.2880    0.2015    0.0169    0.0000    0.0000
   85.0000    0.5400    0.4690    0.0710    1.4681    3.9462    8.1318    3.4401   11.2076    4.2983    0.2880    0.1966    0.0169    0.0000    0.0000
   85.0000    0.5500    0.4690    0.0810    1.5006    3.8813    8.1356    3.1557   11.3538    4.2992    0.2880    0.1816    0.0169    0.0000    0.0000
   85.0000    0.5600    0.4690    0.0910    1.5372    3.8045    8.1415    2.8200   11.5255    4.3055    0.2880    0.1547    0.0169    0.0000    0.0000
   85.0000    0.5800    0.4690    0.1110    1.5668    3.7146    8.1421    2.4457   11.7203    4.3001    0.2880    0.1550    0.0169    0.0000    0.0000
   85.0000    0.6200    0.4690    0.1510    1.6122    3.6726    8.1454    2.2617   11.8269    4.2997    0.2880    0.1446    0.0169    0.0000    0.0000
   85.0000    0.6600    0.4690    0.1910    1.6396    3.6581    8.1481    2.2031   11.8696    4.3012    0.2880    0.1356    0.0169    0.0000    0.0000
   85.0000    0.7000    0.4690    0.2310    1.6610    3.6507    8.1495    2.1779   11.8951    4.3007    0.2880    0.1326    0.0169    0.0000    0.0000
#   age       Mtot      Mc        Menv      logL      logT      logTc     logg      logR      logrhoc   Y         Yc        Z         FeH       OFe       
   86.0000    0.4710    0.4690    0.0020    1.2665    4.4008    8.1085    5.4007   10.1976    4.3205    0.2880    0.3195    0.0169    0.0000    0.0000
   86.0000    0.4730    0.4690    0.0040    1.2720    4.3666    8.1090    5.2603   10.2687    4.3189    0.2880    0.3168    0.0169    0.0000    0.0000
   86.0000    0.4750    0.4690    0.0060    1.2791    4.3403    8.1103    5.1495   10.3251    4.3178    0.2880    0.3079    0.0169    0.0000    0.0000
   86.0000    0.4800    0.4690    0.0110    1.2932    4.2884    8.1125    4.9324   10.4359    4.3155    0.2880    0.2940    0.0169    0.0000    0.0000
   86.0000    0.4850    0.4690    0.0160    1.3033    4.2457    8.1137    4.7558   10.5264    4.3136    0.2880    0.2871    0.0169    0.0000    0.0000
   86.0000    0.4900    0.4690    0.0210    1.3196    4.2071    8.1173    4.5904   10.6114    4.3131    0.2880    0.2641    0.0169    0.0000    0.0000
   86.0000    0.4950    0.4690    0.0260    1.3283    4.1722    8.1186    4.4459   10.6858    4.3123    0.2880    0.2561    0.0169    0.0000    0.0000
   86.0000    0.5000    0.4690    0.0310    1.3409    4.1399    8.1211    4.3086   10.7566    4.3123    0.2880    0.2421    0.0169    0.0000    0.0000
   86.0000    0.5100    0.4690    0.0410    1.3701    4.0876    8.1237    4.0786   10.8759    4.3091    0.2880    0.2308    0.0169    0.0000    0.0000
   86.0000    0.5200    0.4690    0.0510    1.4033    4.0447    8.1259    3.8825   10.9781    4.3039    0.2880    0.2229    0.0169    0.0000    0.0000
   86.0000    0.5300    0.4690    0.0610    1.4433    3.9938    8.1323    3.6472   11.1000    4.3059    0.2880    0.1909    0.0169    0.0000    0.0000
   86.0000    0.5400    0.4690    0.0710    1.4717    3.9445    8.1340    3.4295   11.2129    4.3019    0.2880    0.1860    0.0169    0.0000    0.0000
   86.0000    0.5500    0.4690    0.0810    1.5044    3.8788    8.1378    3.1421   11.3606    4.3030    0.2880    0.1706    0.0169    0.0000    0.0000
   86.0000    0.5600    0.4690    0.0910    1.5418    3.8012    8.1440    2.8020   11.5345    4.3103    0.2880    0.1441    0.0169    0.0000    0.0000
   86.0000    0.5800    0.4690    0.1110    1.5715    3.7130    8.1448    2.4349   11.7258    4.3055    0.2880    0.1435    0.0169    0.0000    0.0000
   86.0000    0.6200    0.4690    0.1510    1.6175    3.6718    8.1483    2.2532   11.8311    4.3059    0.2880    0.1334    0.0169    0.0000    0.0000
   86.0000    0.6600    0.4690    0.1910    1.6451    3.6574    8.1513    2.1947   11.8738    4.3079    0.2880    0.1237    0.0169    0.0000    0.0000
   86.0000    0.7000    0.4690    0.2310    1.6663    3.6500    8.1527    2.1697   11.8992    4.3073    0.2880    0.1208    0.0169    0.0000    0.0000
#   age       Mtot      Mc        Menv      logL      logT      logTc     logg      logR      logrhoc   Y         Yc        Z         FeH       OFe       
   87.0000    0.4710    0.4690    0.0020    1.2689    4.4009    8.1094    5.3985   10.1987    4.3209    0.2880    0.3119    0.0169    0.0000    0.0000
   87.0000    0.4730    0.4690    0.0040    1.2744    4.3666    8.1099    5.2577   10.2700    4.3193    0.2880    0.3090    0.0169    0.0000    0.0000
   87.0000    0.4750    0.4690    0.0060    1.2816    4.3402    8.1112    5.1466   10.3265    4.3183    0.2880    0.3000    0.0169    0.0000    0.0000
   87.0000    0.4800    0.4690    0.0110    1.2959    4.2882    8.1136    4.9290   10.4376    4.3165    0.2880    0.2857    0.0169    0.0000    0.0000
   87.0000    0.4850    0.4690    0.0160    1.3060    4.2454    8.1148    4.7518   10.5284    4.3145    0.2880    0.2789    0.0169    0.0000    0.0000
   87.0000    0.4900    0.4690    0.0210    1.3224    4.2066    8.1185    4.5856   10.6138    4.3142    0.2880    0.2553    0.0169    0.0000    0.0000
   87.0000    0.4950    0.4690    0.0260    1.3312    4.1715    8.1198    4.4405   10.6885    4.3136    0.2880    0.2474    0.0169    0.0000    0.0000
   87.0000    0.5000    0.4690    0.0310    1.3439    4.1392    8.1225    4.3027   10.7596    4.3142    0.2880    0.2329    0.0169    0.0000    0.0000
   87.0000    0.5100    0.4690    0.0410    1.3732    4.0866    8.1253    4.0717   10.8794    4.3111    0.2880    0.2213    0.0169    0.0000    0.0000
   87.0000    0.5200    0.4690    0.0510    1.4061    4.0436    8.1274    3.8751   10.9819    4.3059    0.2880    0.2135    0.0169    0.0000    0.0000
   87.0000    0.5300    0.4690    0.0610    1.4468    3.9925    8.1344    3.6382   11.1045    4.3095    0.2880    0.1804    0.0169    0.0000    0.0000
   87.0000    0.5400    0.4690    0.0710    1.4753    3.9428    8.1361    3.4190   11.2181    4.3055    0.2880    0.1754    0.0169    0.0000    0.0000
   87.0000    0.5500    0.4690    0.0810    1.5083    3.8764    8.1401    3.1285   11.3674    4.3067    0.2880    0.1596    0.0169    0.0000    0.0000
   87.0000    0.5600    0.4690    0.0910    1.5470    3.7975    8.1468    2.7819   11.5446    4.3160    0.2880    0.1337    0.0169    0.0000    0.0000
   87.0000    0.5800    0.4690    0.1110    1.5772    3.7111    8.1479    2.4216   11.7324    4.3120    0.2880    0.1320    0.0169    0.0000    0.0000
   87.0000    0.6200    0.4690    0.1510    1.6229    3.6711    8.1513    2.2447   11.8353    4.3122    0.2880    0.1223    0.0169    0.0000    0.0000
   87.0000    0.6600    0.4690    0.1910    1.6506    3.6566    8.1545    2.1863   11.8781    4.3146    0.2880    0.1119    0.0169    0.0000    0.0000
   87.0000    0.7000    0.4690    0.2310    1.6716    3.6493    8.1559    2.1614   11.9033    4.3140    0.2880    0.1090    0.0169    0.0000    0.0000
#   age       Mtot      Mc        Menv      logL      logT      logTc     logg      logR      logrhoc   Y         Yc        Z         FeH       OFe       
   88.0000    0.4710    0.4690    0.0020    1.2714    4.4010    8.1103    5.3963   10.1998    4.3214    0.2880    0.3043    0.0169    0.0000    0.0000
   88.0000    0.4730    0.4690    0.0040    1.2769    4.3666    8.1108    5.2551   10.2713    4.3198    0.2880    0.3012    0.0169    0.0000    0.0000
   88.0000    0.4750    0.4690    0.0060    1.2842    4.3402    8.1123    5.1440   10.3278    4.3192    0.2880    0.2921    0.0169    0.0000    0.0000
   88.0000    0.4800    0.4690    0.0110    1.2986    4.2880    8.1147    4.9256   10.4393    4.3175    0.2880    0.2774    0.0169    0.0000    0.0000
   88.0000    0.4850    0.4690    0.0160    1.3086    4.2450    8.1159    4.7478   10.5304    4.3155    0.2880    0.2707    0.0169    0.0000    0.0000
   88.0000    0.4900    0.4690    0.0210    1.3252    4.2062    8.1197    4.5809   10.6162    4.3156    0.2880    0.2465    0.0169    0.0000    0.0000
   88.0000    0.4950    0.4690    0.0260    1.3342    4.1710    8.1213    4.4353   10.6911    4.3155    0.2880    0.2383    0.0169    0.0000    0.0000
   88.0000    0.5000    0.4690    0.0310    1.3469    4.1385    8.1240    4.2968   10.7626    4.3161    0.2880    0.2237    0.0169    0.0000    0.0000
   88.0000    0.5100    0.4690    0.0410    1.3762    4.0856    8.1268    4.0647   10.8829    4.3131    0.2880    0.2117    0.0169    0.0000    0.0000
   88.0000    0.5200    0.4690    0.0510    1.4090    4.0425    8.1290    3.8676   10.9856    4.3079    0.2880    0.2040    0.0169    0.0000    0.0000
   88.0000    0.5300    0.4690    0.0610    1.4504    3.9911    8.1365    3.6291   11.1090    4.3130    0.2880    0.1698    0.0169    0.0000    0.0000
   88.0000    0.5400    0.4690    0.0710    1.4789    3.9410    8.1383    3.4084   11.2234    4.3091    0.2880    0.1648    0.0169    0.0000    0.0000
   88.0000    0.5500    0.4690    0.0810    1.5123    3.8738    8.1424    3.1143   11.3745    4.3107    0.2880    0.1487    0.0169    0.0000    0.0000
   88.0000    0.5600    0.4690    0.0910    1.5523    3.7938    8.1495    2.7619   11.5546    4.3217    0.2880    0.1233    0.0169    0.0000    0.0000
   88.0000    0.5800    0.4690    0.1110    1.5829    3.7093    8.1510    2.4083   11.7390    4.3185    0.2880    0.1205    0.0169    0.0000    0.0000
   88.0000    0.6200    0.4690    0.1510    1.6282    3.6703    8.1543    2.2362   11.8395    4.3185    0.2880    0.1112    0.0169    0.0000    0.0000
   88.0000    0.6600    0.4690    0.1910    1.6562    3.6559    8.1577    2.1779   11.8823    4.3213    0.2880    0.1001    0.0169    0.0000    0.0000
   88.0000    0.7000    0.4690    0.2310    1.6774    3.6485    8.1592    2.1526   11.9077    4.3213    0.2880    0.0975    0.0169    0.0000    0.0000
#   age       Mtot      Mc        Menv      logL      logT      logTc     logg      logR      logrhoc   Y         Yc        Z         FeH       OFe       
   89.0000    0.4710    0.4690    0.0020    1.2739    4.4011    8.1113    5.3941   10.2008    4.3221    0.2880    0.2965    0.0169    0.0000    0.0000
   89.0000    0.4730    0.4690    0.0040    1.2796    4.3667    8.1118    5.2526   10.2725    4.3207    0.2880    0.2931    0.0169    0.0000    0.0000
   89.0000    0.4750    0.4690    0.0060    1.2868    4.3402    8.1133    5.1413   10.3292    4.3202    0.2880    0.2842    0.0169    0.0000    0.0000
   89.0000    0.4800    0.4690    0.0110    1.3013    4.2879    8.1158    4.9223   10.4410    4.3185    0.2880    0.2692    0.0169    0.0000    0.0000
   89.0000    0.4850    0.4690    0.0160    1.3112    4.2447    8.1170    4.7439   10.5324    4.3165    0.2880    0.2625    0.0169    0.0000    0.0000
   89.0000    0.4900    0.4690    0.0210    1.3282    4.2058    8.1211    4.5764   10.6184    4.3174    0.2880    0.2377    0.0169    0.0000    0.0000
   89.0000    0.4950    0.4690    0.0260    1.3372    4.1705    8.1227    4.4301   10.6937    4.3173    0.2880    0.2292    0.0169    0.0000    0.0000
   89.0000    0.5000    0.4690    0.0310    1.3499    4.1378    8.1254    4.2908   10.7655    4.3180    0.2880    0.2145    0.0169    0.0000    0.0000
   89.0000    0.5100    0.4690    0.0410    1.3793    4.0846    8.1283    4.0578   10.8864    4.3150    0.2880    0.2022    0.0169    0.0000    0.0000
   89.0000    0.5200    0.4690    0.0510    1.4121    4.0414    8.1307    3.8602   10.9893    4.3106    0.2880    0.1944    0.0169    0.0000    0.0000
   89.0000    0.5300    0.4690    0.0610    1.4540    3.9898    8.1387    3.6201   11.1135    4.3165    0.2880    0.1592    0.0169    0.0000    0.0000
   89.0000    0.5400    0.4690    0.0710    1.4825    3.9393    8.1404    3.3978   11.2287    4.3127    0.2880    0.1542    0.0169    0.0000    0.0000
   89.0000    0.5500    0.4690    0.0810    1.5177    3.8706    8.1451    3.0961   11.3835    4.3165    0.2880    0.1381    0.0169    0.0000    0.0000
   89.0000    0.5600    0.4690    0.0910    1.5575    3.7900    8.1523    2.7418   11.5647    4.3273    0.2880    0.1129    0.0169    0.0000    0.0000
   89.0000    0.5800    0.4690    0.1110    1.5886    3.7074    8.1541    2.3950   11.7457    4.3250    0.2880    0.1090    0.0169    0.0000    0.0000
   89.0000    0.6200    0.4690    0.1510    1.6336    3.6695    8.1573    2.2278   11.8438    4.3247    0.2880    0.1001    0.0169    0.0000    0.0000
   89.0000    0.6600    0.4690    0.1910    1.6635    3.6549    8.1616    2.1664   11.8880    4.3305    0.2880    0.0895    0.0169    0.0000    0.0000
   89.0000    0.7000    0.4690    0.2310    1.6846    3.6476    8.1632    2.1420   11.9131    4.3306    0.2880    0.0867    0.0169    0.0000    0.0000
#   age       Mtot      Mc        Menv      logL      logT      logTc     logg      logR      logrhoc   Y         Yc        Z         FeH       OFe       
   90.0000    0.4710    0.4690    0.0020    1.2766    4.4012    8.1123    5.3921   10.2019    4.3230    0.2880    0.2884    0.0169    0.0000    0.0000
   90.0000    0.4730    0.4690    0.0040    1.2823    4.3667    8.1130    5.2502   10.2738    4.3217    0.2880    0.2849    0.0169    0.0000    0.0000
   90.0000    0.4750    0.4690    0.0060    1.2895    4.3402    8.1144    5.1386   10.3305    4.3211    0.2880    0.2763    0.0169    0.0000    0.0000
   90.0000    0.4800    0.4690    0.0110    1.3040    4.2877    8.1169    4.9189   10.4427    4.3195    0.2880    0.2609    0.0169    0.0000    0.0000
   90.0000    0.4850    0.4690    0.0160    1.3138    4.2444    8.1181    4.7399   10.5344    4.3175    0.2880    0.2543    0.0169    0.0000    0.0000
   90.0000    0.4900    0.4690    0.0210    1.3311    4.2055    8.1225    4.5720   10.6206    4.3192    0.2880    0.2289    0.0169    0.0000    0.0000
   90.0000    0.4950    0.4690    0.0260    1.3402    4.1699    8.1242    4.4249   10.6963    4.3192    0.2880    0.2201    0.0169    0.0000    0.0000
   90.0000    0.5000    0.4690    0.0310    1.3530    4.1371    8.1269    4.2849   10.7685    4.3199    0.2880    0.2053    0.0169    0.0000    0.0000
   90.0000    0.5100    0.4690    0.0410    1.3825    4.0839    8.1301    4.0515   10.8895    4.3179    0.2880    0.1929    0.0169    0.0000    0.0000
   90.0000    0.5200    0.4690    0.0510    1.4155    4.0404    8.1327    3.8528   10.9930    4.3138    0.2880    0.1845    0.0169    0.0000    0.0000
   90.0000    0.5300    0.4690    0.0610    1.4578    3.9884    8.1409    3.6109   11.1181    4.3203    0.2880    0.1487    0.0169    0.0000    0.0000
   90.0000    0.5400    0.4690    0.0710    1.4871    3.9373    8.1429    3.3852   11.2350    4.3175    0.2880    0.1440    0.0169    0.0000    0.0000
   90.0000    0.5500    0.4690    0.0810    1.5231    3.8675    8.1479    3.0779   11.3926    4.3223    0.2880    0.1276    0.0169    0.0000    0.0000
   90.0000    0.5600    0.4690    0.0910    1.5628    3.7863    8.1551    2.7218   11.5747    4.3330    0.2880    0.1026    0.0169    0.0000    0.0000
   90.0000    0.5800    0.4690    0.1110    1.5948    3.7053    8.1573    2.3805   11.7530    4.3321    0.2880    0.0977    0.0169    0.0000    0.0000
   90.0000    0.6200    0.4690    0.1510    1.6409    3.6681    8.1612    2.2146   11.8504    4.3340    0.2880    0.0894    0.0169    0.0000    0.0000
   90.0000    0.6600    0.4690    0.1910    1.6709    3.6539    8.1655    2.1549   11.8938    4.3397    0.2880    0.0789    0.0169    0.0000    0.0000
   90.0000    0.7000    0.4690    0.2310    1.6918    3.6468    8.1671    2.1313   11.9184    4.3399    0.2880    0.0758    0.0169    0.0000    0.0000
#   age       Mtot      Mc        Menv      logL      logT      logTc     logg      logR      logrhoc   Y         Yc        Z         FeH       OFe       
   91.0000    0.4710    0.4690    0.0020    1.2793    4.4014    8.1134    5.3901   10.2029    4.3240    0.2880    0.2802    0.0169    0.0000    0.0000
   91.0000    0.4730    0.4690    0.0040    1.2850    4.3668    8.1141    5.2478   10.2750    4.3227    0.2880    0.2767    0.0169    0.0000    0.0000
   91.0000    0.4750    0.4690    0.0060    1.2921    4.3401    8.1154    5.1360   10.3319    4.3221    0.2880    0.2684    0.0169    0.0000    0.0000
   91.0000    0.4800    0.4690    0.0110    1.3067    4.2876    8.1180    4.9155   10.4444    4.3205    0.2880    0.2526    0.0169    0.0000    0.0000
   91.0000    0.4850    0.4690    0.0160    1.3166    4.2441    8.1193    4.7361   10.5363    4.3188    0.2880    0.2459    0.0169    0.0000    0.0000
   91.0000    0.4900    0.4690    0.0210    1.3340    4.2051    8.1239    4.5675   10.6228    4.3210    0.2880    0.2200    0.0169    0.0000    0.0000
   91.0000    0.4950    0.4690    0.0260    1.3432    4.1694    8.1256    4.4198   10.6989    4.3211    0.2880    0.2110    0.0169    0.0000    0.0000
   91.0000    0.5000    0.4690    0.0310    1.3560    4.1365    8.1285    4.2794   10.7712    4.3223    0.2880    0.1962    0.0169    0.0000    0.0000
   91.0000    0.5100    0.4690    0.0410    1.3857    4.0832    8.1320    4.0454   10.8926    4.3209    0.2880    0.1836    0.0169    0.0000    0.0000
   91.0000    0.5200    0.4690    0.0510    1.4189    4.0394    8.1346    3.8455   10.9967    4.3171    0.2880    0.1746    0.0169    0.0000    0.0000
   91.0000    0.5300    0.4690    0.0610    1.4627    3.9870    8.1436    3.6002   11.1235    4.3260    0.2880    0.1385    0.0169    0.0000    0.0000
   91.0000    0.5400    0.4690    0.0710    1.4924    3.9351    8.1456    3.3712   11.2420    4.3230    0.2880    0.1340    0.0169    0.0000    0.0000
   91.0000    0.5500    0.4690    0.0810    1.5285    3.8643    8.1507    3.0598   11.4017    4.3281    0.2880    0.1170    0.0169    0.0000    0.0000
   91.0000    0.5600    0.4690    0.0910    1.5701    3.7810    8.1585    2.6932   11.5890    4.3409    0.2880    0.0923    0.0169    0.0000    0.0000
   91.0000    0.5800    0.4690    0.1110    1.6030    3.7026    8.1612    2.3615   11.7625    4.3411    0.2880    0.0871    0.0169    0.0000    0.0000
   91.0000    0.6200    0.4690    0.1510    1.6482    3.6666    8.1652    2.2013   11.8570    4.3433    0.2880    0.0787    0.0169    0.0000    0.0000
   91.0000    0.6600    0.4690    0.1910    1.6808    3.6525    8.1701    2.1395   11.9015    4.3513    0.2880    0.0686    0.0169    0.0000    0.0000
   91.0000    0.7000    0.4690    0.2310    1.7022    3.6455    8.1721    2.1160   11.9261    4.3525    0.2880    0.0655    0.0169    0.0000    0.0000
#   age       Mtot      Mc        Menv      logL      logT      logTc     logg      logR      logrhoc   Y         Yc        Z         FeH       OFe       
   92.0000    0.4710    0.4690    0.0020    1.2819    4.4016    8.1145    5.3880   10.2039    4.3249    0.2880    0.2721    0.0169    0.0000    0.0000
   92.0000    0.4730    0.4690    0.0040    1.2878    4.3669    8.1152    5.2453   10.2762    4.3237    0.2880    0.2685    0.0169    0.0000    0.0000
   92.0000    0.4750    0.4690    0.0060    1.2947    4.3401    8.1165    5.1333   10.3332    4.3230    0.2880    0.2604    0.0169    0.0000    0.0000
   92.0000    0.4800    0.4690    0.0110    1.3095    4.2875    8.1193    4.9123   10.4460    4.3220    0.2880    0.2440    0.0169    0.0000    0.0000
   92.0000    0.4850    0.4690    0.0160    1.3194    4.2439    8.1207    4.7324   10.5381    4.3205    0.2880    0.2375    0.0169    0.0000    0.0000
   92.0000    0.4900    0.4690    0.0210    1.3370    4.2047    8.1253    4.5631   10.6251    4.3228    0.2880    0.2112    0.0169    0.0000    0.0000
   92.0000    0.4950    0.4690    0.0260    1.3462    4.1688    8.1271    4.4146   10.7015    4.3229    0.2880    0.2019    0.0169    0.0000    0.0000
   92.0000    0.5000    0.4690    0.0310    1.3592    4.1361    8.1303    4.2746   10.7737    4.3252    0.2880    0.1871    0.0169    0.0000    0.0000
   92.0000    0.5100    0.4690    0.0410    1.3890    4.0825    8.1338    4.0394   10.8956    4.3240    0.2880    0.1742    0.0169    0.0000    0.0000
   92.0000    0.5200    0.4690    0.0510    1.4223    4.0384    8.1366    3.8381   11.0005    4.3204    0.2880    0.1647    0.0169    0.0000    0.0000
   92.0000    0.5300    0.4690    0.0610    1.4676    3.9855    8.1463    3.5895   11.1288    4.3316    0.2880    0.1284    0.0169    0.0000    0.0000
   92.0000    0.5400    0.4690    0.0710    1.4976    3.9329    8.1483    3.3573   11.2490    4.3286    0.2880    0.1240    0.0169    0.0000    0.0000
   92.0000    0.5500    0.4690    0.0810    1.5340    3.8611    8.1535    3.0416   11.4108    4.3339    0.2880    0.1065    0.0169    0.0000    0.0000
   92.0000    0.5600    0.4690    0.0910    1.5782    3.7752    8.1622    2.6620   11.6046    4.3496    0.2880    0.0822    0.0169    0.0000    0.0000
   92.0000    0.5800    0.4690    0.1110    1.6112    3.6998    8.1650    2.3425   11.7720    4.3501    0.2880    0.0766    0.0169    0.0000    0.0000
   92.0000    0.6200    0.4690    0.1510    1.6583    3.6647    8.1697    2.1836   11.8659    4.3549    0.2880    0.0684    0.0169    0.0000    0.0000
   92.0000    0.6600    0.4690    0.1910    1.6920    3.6508    8.1751    2.1217   11.9104    4.3642    0.2880    0.0585    0.0169    0.0000    0.0000
   92.0000    0.7000    0.4690    0.2310    1.7128    3.6442    8.1772    2.1002   11.9339    4.3653    0.2880    0.0552    0.0169    0.0000    0.0000
#   age       Mtot      Mc        Menv      logL      logT      logTc     logg      logR      logrhoc   Y         Yc        Z         FeH       OFe       
   93.0000    0.4710    0.4690    0.0020    1.2846    4.4017    8.1156    5.3860   10.2049    4.3259    0.2880    0.2639    0.0169    0.0000    0.0000
   93.0000    0.4730    0.4690    0.0040    1.2905    4.3669    8.1163    5.2429   10.2775    4.3247    0.2880    0.2603    0.0169    0.0000    0.0000
   93.0000    0.4750    0.4690    0.0060    1.2974    4.3401    8.1176    5.1306   10.3346    4.3240    0.2880    0.2525    0.0169    0.0000    0.0000
   93.0000    0.4800    0.4690    0.0110    1.3124    4.2874    8.1207    4.9092   10.4475    4.3238    0.2880    0.2353    0.0169    0.0000    0.0000
   93.0000    0.4850    0.4690    0.0160    1.3223    4.2437    8.1220    4.7288   10.5399    4.3222    0.2880    0.2291    0.0169    0.0000    0.0000
   93.0000    0.4900    0.4690    0.0210    1.3399    4.2044    8.1267    4.5586   10.6273    4.3246    0.2880    0.2024    0.0169    0.0000    0.0000
   93.0000    0.4950    0.4690    0.0260    1.3493    4.1685    8.1288    4.4101   10.7037    4.3257    0.2880    0.1928    0.0169    0.0000    0.0000
   93.0000    0.5000    0.4690    0.0310    1.3624    4.1356    8.1321    4.2697   10.7761    4.3282    0.2880    0.1780    0.0169    0.0000    0.0000
   93.0000    0.5100    0.4690    0.0410    1.3922    4.0818    8.1356    4.0333   10.8986    4.3271    0.2880    0.1649    0.0169    0.0000    0.0000
   93.0000    0.5200    0.4690    0.0510    1.4256    4.0374    8.1385    3.8307   11.0042    4.3237    0.2880    0.1549    0.0169    0.0000    0.0000
   93.0000    0.5300    0.4690    0.0610    1.4725    3.9841    8.1490    3.5788   11.1342    4.3372    0.2880    0.1182    0.0169    0.0000    0.0000
   93.0000    0.5400    0.4690    0.0710    1.5028    3.9308    8.1510    3.3433   11.2560    4.3341    0.2880    0.1141    0.0169    0.0000    0.0000
   93.0000    0.5500    0.4690    0.0810    1.5402    3.8575    8.1565    3.0209   11.4212    4.3406    0.2880    0.0965    0.0169    0.0000    0.0000
   93.0000    0.5600    0.4690    0.0910    1.5872    3.7686    8.1660    2.6267   11.6223    4.3590    0.2880    0.0724    0.0169    0.0000    0.0000
   93.0000    0.5800    0.4690    0.1110    1.6218    3.6970    8.1696    2.3206   11.7829    4.3619    0.2880    0.0669    0.0169    0.0000    0.0000
   93.0000    0.6200    0.4690    0.1510    1.6699    3.6626    8.1746    2.1637   11.8759    4.3677    0.2880    0.0583    0.0169    0.0000    0.0000
   93.0000    0.6600    0.4690    0.1910    1.7037    3.6491    8.1803    2.1035   11.9195    4.3777    0.2880    0.0485    0.0169    0.0000    0.0000
   93.0000    0.7000    0.4690    0.2310    1.7255    3.6427    8.1827    2.0812   11.9435    4.3802    0.2880    0.0453    0.0169    0.0000    0.0000
#   age       Mtot      Mc        Menv      logL      logT      logTc     logg      logR      logrhoc   Y         Yc        Z         FeH       OFe       
   94.0000    0.4710    0.4690    0.0020    1.2872    4.4019    8.1166    5.3839   10.2060    4.3268    0.2880    0.2557    0.0169    0.0000    0.0000
   94.0000    0.4730    0.4690    0.0040    1.2932    4.3670    8.1174    5.2404   10.2787    4.3257    0.2880    0.2521    0.0169    0.0000    0.0000
   94.0000    0.4750    0.4690    0.0060    1.3001    4.3402    8.1188    5.1282   10.3358    4.3254    0.2880    0.2443    0.0169    0.0000    0.0000
   94.0000    0.4800    0.4690    0.0110    1.3154    4.2874    8.1221    4.9061   10.4490    4.3255    0.2880    0.2266    0.0169    0.0000    0.0000
   94.0000    0.4850    0.4690    0.0160    1.3251    4.2435    8.1234    4.7252   10.5417    4.3239    0.2880    0.2207    0.0169    0.0000    0.0000
   94.0000    0.4900    0.4690    0.0210    1.3429    4.2042    8.1284    4.5549   10.6292    4.3272    0.2880    0.1935    0.0169    0.0000    0.0000
   94.0000    0.4950    0.4690    0.0260    1.3525    4.1682    8.1307    4.4059   10.7058    4.3286    0.2880    0.1836    0.0169    0.0000    0.0000
   94.0000    0.5000    0.4690    0.0310    1.3655    4.1351    8.1339    4.2649   10.7785    4.3312    0.2880    0.1689    0.0169    0.0000    0.0000
   94.0000    0.5100    0.4690    0.0410    1.3954    4.0811    8.1375    4.0272   10.9017    4.3301    0.2880    0.1556    0.0169    0.0000    0.0000
   94.0000    0.5200    0.4690    0.0510    1.4295    4.0365    8.1408    3.8233   11.0079    4.3279    0.2880    0.1452    0.0169    0.0000    0.0000
   94.0000    0.5300    0.4690    0.0610    1.4775    3.9827    8.1517    3.5681   11.1395    4.3428    0.2880    0.1081    0.0169    0.0000    0.0000
   94.0000    0.5400    0.4690    0.0710    1.5081    3.9286    8.1537    3.3293   11.2630    4.3396    0.2880    0.1041    0.0169    0.0000    0.0000
   94.0000    0.5500    0.4690    0.0810    1.5477    3.8532    8.1598    2.9961   11.4335    4.3486    0.2880    0.0873    0.0169    0.0000    0.0000
   94.0000    0.5600    0.4690    0.0910    1.5986    3.7603    8.1704    2.5819   11.6446    4.3702    0.2880    0.0637    0.0169    0.0000    0.0000
   94.0000    0.5800    0.4690    0.1110    1.6330    3.6942    8.1743    2.2982   11.7940    4.3741    0.2880    0.0573    0.0169    0.0000    0.0000
   94.0000    0.6200    0.4690    0.1510    1.6819    3.6604    8.1797    2.1432   11.8861    4.3811    0.2880    0.0484    0.0169    0.0000    0.0000
   94.0000    0.6600    0.4690    0.1910    1.7178    3.6475    8.1862    2.0824   11.9300    4.3944    0.2880    0.0392    0.0169    0.0000    0.0000
   94.0000    0.7000    0.4690    0.2310    1.7420    3.6405    8.1892    2.0558   11.9561    4.3988    0.2880    0.0360    0.0169    0.0000    0.0000
#   age       Mtot      Mc        Menv      logL      logT      logTc     logg      logR      logrhoc   Y         Yc        Z         FeH       OFe       
   95.0000    0.4710    0.4690    0.0020    1.2900    4.4021    8.1178    5.3820   10.2069    4.3280    0.2880    0.2475    0.0169    0.0000    0.0000
   95.0000    0.4730    0.4690    0.0040    1.2960    4.3671    8.1187    5.2383   10.2797    4.3272    0.2880    0.2438    0.0169    0.0000    0.0000
   95.0000    0.4750    0.4690    0.0060    1.3029    4.3403    8.1201    5.1259   10.3369    4.3271    0.2880    0.2358    0.0169    0.0000    0.0000
   95.0000    0.4800    0.4690    0.0110    1.3183    4.2873    8.1235    4.9030   10.4506    4.3273    0.2880    0.2178    0.0169    0.0000    0.0000
   95.0000    0.4850    0.4690    0.0160    1.3280    4.2433    8.1247    4.7216   10.5435    4.3256    0.2880    0.2122    0.0169    0.0000    0.0000
   95.0000    0.4900    0.4690    0.0210    1.3460    4.2041    8.1301    4.5514   10.6309    4.3301    0.2880    0.1847    0.0169    0.0000    0.0000
   95.0000    0.4950    0.4690    0.0260    1.3556    4.1679    8.1325    4.4017   10.7079    4.3316    0.2880    0.1745    0.0169    0.0000    0.0000
   95.0000    0.5000    0.4690    0.0310    1.3687    4.1347    8.1357    4.2600   10.7810    4.3342    0.2880    0.1598    0.0169    0.0000    0.0000
   95.0000    0.5100    0.4690    0.0410    1.3990    4.0806    8.1396    4.0216   10.9045    4.3341    0.2880    0.1462    0.0169    0.0000    0.0000
   95.0000    0.5200    0.4690    0.0510    1.4339    4.0358    8.1433    3.8160   11.0115    4.3331    0.2880    0.1359    0.0169    0.0000    0.0000
   95.0000    0.5300    0.4690    0.0610    1.4827    3.9812    8.1546    3.5570   11.1451    4.3489    0.2880    0.0981    0.0169    0.0000    0.0000
   95.0000    0.5400    0.4690    0.0710    1.5143    3.9262    8.1568    3.3136   11.2709    4.3468    0.2880    0.0944    0.0169    0.0000    0.0000
   95.0000    0.5500    0.4690    0.0810    1.5551    3.8489    8.1632    2.9714   11.4459    4.3567    0.2880    0.0781    0.0169    0.0000    0.0000
   95.0000    0.5600    0.4690    0.0910    1.6099    3.7520    8.1747    2.5372   11.6669    4.3814    0.2880    0.0549    0.0169    0.0000    0.0000
   95.0000    0.5800    0.4690    0.1110    1.6452    3.6911    8.1793    2.2735   11.8064    4.3872    0.2880    0.0478    0.0169    0.0000    0.0000
   95.0000    0.6200    0.4690    0.1510    1.6964    3.6583    8.1856    2.1198   11.8977    4.3973    0.2880    0.0393    0.0169    0.0000    0.0000
   95.0000    0.6600    0.4690    0.1910    1.7366    3.6450    8.1934    2.0539   11.9442    4.4151    0.2880    0.0301    0.0169    0.0000    0.0000
   95.0000    0.7000    0.4690    0.2310    1.7629    3.6376    8.1969    2.0235   11.9723    4.4215    0.2880    0.0271    0.0169    0.0000    0.0000
#   age       Mtot      Mc        Menv      logL      logT      logTc     logg      logR      logrhoc   Y         Yc        Z         FeH       OFe       
   96.0000    0.4710    0.4690    0.0020    1.2929    4.4024    8.1192    5.3803   10.2078    4.3297    0.2880    0.2389    0.0169    0.0000    0.0000
   96.0000    0.4730    0.4690    0.0040    1.2989    4.3673    8.1200    5.2363   10.2807    4.3289    0.2880    0.2354    0.0169    0.0000    0.0000
   96.0000    0.4750    0.4690    0.0060    1.3057    4.3405    8.1215    5.1237   10.3381    4.3287    0.2880    0.2274    0.0169    0.0000    0.0000
   96.0000    0.4800    0.4690    0.0110    1.3212    4.2873    8.1249    4.8999   10.4521    4.3291    0.2880    0.2091    0.0169    0.0000    0.0000
   96.0000    0.4850    0.4690    0.0160    1.3308    4.2431    8.1261    4.7179   10.5453    4.3273    0.2880    0.2038    0.0169    0.0000    0.0000
   96.0000    0.4900    0.4690    0.0210    1.3490    4.2040    8.1319    4.5480   10.6326    4.3329    0.2880    0.1759    0.0169    0.0000    0.0000
   96.0000    0.4950    0.4690    0.0260    1.3588    4.1677    8.1343    4.3974   10.7100    4.3346    0.2880    0.1654    0.0169    0.0000    0.0000
   96.0000    0.5000    0.4690    0.0310    1.3718    4.1342    8.1376    4.2552   10.7834    4.3372    0.2880    0.1507    0.0169    0.0000    0.0000
   96.0000    0.5100    0.4690    0.0410    1.4030    4.0804    8.1422    4.0167   10.9069    4.3393    0.2880    0.1366    0.0169    0.0000    0.0000
   96.0000    0.5200    0.4690    0.0510    1.4382    4.0350    8.1459    3.8086   11.0152    4.3382    0.2880    0.1265    0.0169    0.0000    0.0000
   96.0000    0.5300    0.4690    0.0610    1.4895    3.9796    8.1580    3.5441   11.1516    4.3569    0.2880    0.0887    0.0169    0.0000    0.0000
   96.0000    0.5400    0.4690    0.0710    1.5213    3.9238    8.1602    3.2968   11.2793    4.3550    0.2880    0.0849    0.0169    0.0000    0.0000
   96.0000    0.5500    0.4690    0.0810    1.5646    3.8432    8.1672    2.9395   11.4619    4.3668    0.2880    0.0692    0.0169    0.0000    0.0000
   96.0000    0.5600    0.4690    0.0910    1.6229    3.7433    8.1795    2.4895   11.6908    4.3941    0.2880    0.0465    0.0169    0.0000    0.0000
   96.0000    0.5800    0.4690    0.1110    1.6616    3.6868    8.1851    2.2402   11.8230    4.4036    0.2880    0.0388    0.0169    0.0000    0.0000
   96.0000    0.6200    0.4690    0.1510    1.7138    3.6557    8.1925    2.0920   11.9118    4.4173    0.2880    0.0304    0.0169    0.0000    0.0000
   96.0000    0.6600    0.4690    0.1910    1.7615    3.6415    8.2018    2.0148   11.9638    4.4406    0.2880    0.0218    0.0169    0.0000    0.0000
   96.0000    0.7000    0.4690    0.2310    1.7902    3.6340    8.2063    1.9816   11.9933    4.4511    0.2880    0.0186    0.0169    0.0000    0.0000
#   age       Mtot      Mc        Menv      logL      logT      logTc     logg      logR      logrhoc   Y         Yc        Z         FeH       OFe       
   97.0000    0.4710    0.4690    0.0020    1.2958    4.4027    8.1206    5.3786   10.2086    4.3314    0.2880    0.2303    0.0169    0.0000    0.0000
   97.0000    0.4730    0.4690    0.0040    1.3017    4.3675    8.1214    5.2343   10.2817    4.3305    0.2880    0.2271    0.0169    0.0000    0.0000
   97.0000    0.4750    0.4690    0.0060    1.3086    4.3406    8.1228    5.1214   10.3392    4.3304    0.2880    0.2190    0.0169    0.0000    0.0000
   97.0000    0.4800    0.4690    0.0110    1.3242    4.2872    8.1263    4.8968   10.4536    4.3308    0.2880    0.2004    0.0169    0.0000    0.0000
   97.0000    0.4850    0.4690    0.0160    1.3338    4.2430    8.1276    4.7148   10.5469    4.3296    0.2880    0.1954    0.0169    0.0000    0.0000
   97.0000    0.4900    0.4690    0.0210    1.3520    4.2039    8.1336    4.5446   10.6343    4.3358    0.2880    0.1671    0.0169    0.0000    0.0000
   97.0000    0.4950    0.4690    0.0260    1.3619    4.1674    8.1362    4.3932   10.7121    4.3376    0.2880    0.1562    0.0169    0.0000    0.0000
   97.0000    0.5000    0.4690    0.0310    1.3752    4.1343    8.1399    4.2522   10.7849    4.3418    0.2880    0.1418    0.0169    0.0000    0.0000
   97.0000    0.5100    0.4690    0.0410    1.4069    4.0801    8.1448    4.0118   10.9094    4.3445    0.2880    0.1270    0.0169    0.0000    0.0000
   97.0000    0.5200    0.4690    0.0510    1.4426    4.0343    8.1484    3.8012   11.0189    4.3434    0.2880    0.1171    0.0169    0.0000    0.0000
   97.0000    0.5300    0.4690    0.0610    1.4962    3.9780    8.1614    3.5312   11.1581    4.3648    0.2880    0.0794    0.0169    0.0000    0.0000
   97.0000    0.5400    0.4690    0.0710    1.5283    3.9213    8.1637    3.2800   11.2877    4.3632    0.2880    0.0754    0.0169    0.0000    0.0000
   97.0000    0.5500    0.4690    0.0810    1.5752    3.8369    8.1715    2.9038   11.4797    4.3779    0.2880    0.0603    0.0169    0.0000    0.0000
   97.0000    0.5600    0.4690    0.0910    1.6386    3.7341    8.1849    2.4367   11.7172    4.4094    0.2880    0.0384    0.0169    0.0000    0.0000
   97.0000    0.5800    0.4690    0.1110    1.6818    3.6813    8.1917    2.1983   11.8441    4.4232    0.2880    0.0302    0.0169    0.0000    0.0000
   97.0000    0.6200    0.4690    0.1510    1.7386    3.6518    8.2009    2.0518   11.9318    4.4431    0.2880    0.0221    0.0169    0.0000    0.0000
   97.0000    0.6600    0.4690    0.1910    1.7960    3.6365    8.2132    1.9602   11.9911    4.4797    0.2880    0.0135    0.0169    0.0000    0.0000
   97.0000    0.7000    0.4690    0.2310    1.8283    3.6289    8.2188    1.9232   12.0223    4.4945    0.2880    0.0101    0.0169    0.0000    0.0000
#   age       Mtot      Mc        Menv      logL      logT      logTc     logg      logR      logrhoc   Y         Yc        Z         FeH       OFe       
   98.0000    0.4710    0.4690    0.0020    1.2988    4.4030    8.1219    5.3769   10.2095    4.3331    0.2880    0.2217    0.0169    0.0000    0.0000
   98.0000    0.4730    0.4690    0.0040    1.3046    4.3678    8.1227    5.2323   10.2828    4.3321    0.2880    0.2187    0.0169    0.0000    0.0000
   98.0000    0.4750    0.4690    0.0060    1.3114    4.3407    8.1241    5.1191   10.3404    4.3320    0.2880    0.2106    0.0169    0.0000    0.0000
   98.0000    0.4800    0.4690    0.0110    1.3272    4.2874    8.1281    4.8946   10.4547    4.3336    0.2880    0.1917    0.0169    0.0000    0.0000
   98.0000    0.4850    0.4690    0.0160    1.3368    4.2431    8.1293    4.7120   10.5483    4.3323    0.2880    0.1870    0.0169    0.0000    0.0000
   98.0000    0.4900    0.4690    0.0210    1.3551    4.2038    8.1354    4.5411   10.6360    4.3386    0.2880    0.1582    0.0169    0.0000    0.0000
   98.0000    0.4950    0.4690    0.0260    1.3651    4.1673    8.1382    4.3896   10.7138    4.3411    0.2880    0.1472    0.0169    0.0000    0.0000
   98.0000    0.5000    0.4690    0.0310    1.3786    4.1345    8.1423    4.2494   10.7863    4.3467    0.2880    0.1329    0.0169    0.0000    0.0000
   98.0000    0.5100    0.4690    0.0410    1.4109    4.0799    8.1473    4.0068   10.9119    4.3498    0.2880    0.1174    0.0169    0.0000    0.0000
   98.0000    0.5200    0.4690    0.0510    1.4469    4.0335    8.1509    3.7938   11.0226    4.3486    0.2880    0.1077    0.0169    0.0000    0.0000
   98.0000    0.5300    0.4690    0.0610    1.5043    3.9762    8.1653    3.5157   11.1658    4.3743    0.2880    0.0703    0.0169    0.0000    0.0000
   98.0000    0.5400    0.4690    0.0710    1.5386    3.9172    8.1681    3.2535   11.3009    4.3741    0.2880    0.0664    0.0169    0.0000    0.0000
   98.0000    0.5500    0.4690    0.0810    1.5857    3.8306    8.1759    2.8680   11.4976    4.3891    0.2880    0.0515    0.0169    0.0000    0.0000
   98.0000    0.5600    0.4690    0.0910    1.6574    3.7243    8.1911    2.3786   11.7463    4.4271    0.2880    0.0303    0.0169    0.0000    0.0000
   98.0000    0.5800    0.4690    0.1110    1.7061    3.6760    8.1997    2.1525   11.8670    4.4479    0.2880    0.0223    0.0169    0.0000    0.0000
   98.0000    0.6200    0.4690    0.1510    1.7730    3.6470    8.2117    1.9980   11.9586    4.4795    0.2880    0.0142    0.0169    0.0000    0.0000
   98.0000    0.6600    0.4690    0.1910    1.8841    3.6244    8.2376    1.8236   12.0594    4.5789    0.2880    0.0053    0.0169    0.0000    0.0000
   98.0000    0.7000    0.4690    0.2310    1.9525    3.6136    8.2525    1.7381   12.1150    4.6367    0.2880    0.0018    0.0169    0.0000    0.0000
#   age       Mtot      Mc        Menv      logL      logT      logTc     logg      logR      logrhoc   Y         Yc        Z         FeH       OFe       
   99.0000    0.4710    0.4690    0.0020    1.3017    4.4033    8.1233    5.3752   10.2103    4.3348    0.2880    0.2131    0.0169    0.0000    0.0000
   99.0000    0.4730    0.4690    0.0040    1.3074    4.3680    8.1240    5.2303   10.2838    4.3338    0.2880    0.2104    0.0169    0.0000    0.0000
   99.0000    0.4750    0.4690    0.0060    1.3142    4.3409    8.1255    5.1168   10.3415    4.3337    0.2880    0.2022    0.0169    0.0000    0.0000
   99.0000    0.4800    0.4690    0.0110    1.3303    4.2876    8.1298    4.8924   10.4558    4.3364    0.2880    0.1829    0.0169    0.0000    0.0000
   99.0000    0.4850    0.4690    0.0160    1.3398    4.2431    8.1310    4.7092   10.5497    4.3350    0.2880    0.1786    0.0169    0.0000    0.0000
   99.0000    0.4900    0.4690    0.0210    1.3581    4.2037    8.1371    4.5378   10.6376    4.3416    0.2880    0.1495    0.0169    0.0000    0.0000
   99.0000    0.4950    0.4690    0.0260    1.3684    4.1676    8.1406    4.3875   10.7149    4.3459    0.2880    0.1383    0.0169    0.0000    0.0000
   99.0000    0.5000    0.4690    0.0310    1.3819    4.1346    8.1447    4.2465   10.7877    4.3515    0.2880    0.1240    0.0169    0.0000    0.0000
   99.0000    0.5100    0.4690    0.0410    1.4149    4.0796    8.1499    4.0019   10.9143    4.3550    0.2880    0.1077    0.0169    0.0000    0.0000
   99.0000    0.5200    0.4690    0.0510    1.4515    4.0328    8.1535    3.7864   11.0262    4.3541    0.2880    0.0985    0.0169    0.0000    0.0000
   99.0000    0.5300    0.4690    0.0610    1.5135    3.9741    8.1695    3.4981   11.1746    4.3851    0.2880    0.0616    0.0169    0.0000    0.0000
   99.0000    0.5400    0.4690    0.0710    1.5491    3.9131    8.1725    3.2265   11.3144    4.3852    0.2880    0.0573    0.0169    0.0000    0.0000
   99.0000    0.5500    0.4690    0.0810    1.5991    3.8218    8.1809    2.8193   11.5219    4.4028    0.2880    0.0432    0.0169    0.0000    0.0000
   99.0000    0.5600    0.4690    0.0910    1.6833    3.7125    8.1989    2.3057   11.7827    4.4511    0.2880    0.0226    0.0169    0.0000    0.0000
   99.0000    0.5800    0.4690    0.1110    1.7420    3.6681    8.2105    2.0848   11.9008    4.4846    0.2880    0.0143    0.0169    0.0000    0.0000
   99.0000    0.6200    0.4690    0.1510    1.8515    3.6351    8.2329    1.8721   12.0216    4.5647    0.2880    0.0063    0.0169    0.0000    0.0000
   99.0000    0.6600    0.4690    0.1910    2.2208    3.5836    8.2628    1.3244   12.3090    4.9853    0.2880    0.0000    0.0169    0.0000    0.0000
   99.0000    0.7000    0.4690    0.2310    2.2409    3.5812    8.2354    1.3197   12.3241    5.0952    0.2880    0.0000    0.0169    0.0000    0.0000
#   age       Mtot      Mc        Menv      logL      logT      logTc     logg      logR      logrhoc   Y         Yc        Z         FeH       OFe       
  100.0000    0.4710    0.4690    0.0020    1.3047    4.4035    8.1247    5.3735   10.2112    4.3365    0.2880    0.2045    0.0169    0.0000    0.0000
  100.0000    0.4730    0.4690    0.0040    1.3103    4.3682    8.1254    5.2283   10.2848    4.3354    0.2880    0.2020    0.0169    0.0000    0.0000
  100.0000    0.4750    0.4690    0.0060    1.3172    4.3412    8.1271    5.1150   10.3424    4.3362    0.2880    0.1934    0.0169    0.0000    0.0000
  100.0000    0.4800    0.4690    0.0110    1.3334    4.2879    8.1316    4.8902   10.4569    4.3393    0.2880    0.1742    0.0169    0.0000    0.0000
  100.0000    0.4850    0.4690    0.0160    1.3428    4.2432    8.1327    4.7064   10.5511    4.3378    0.2880    0.1702    0.0169    0.0000    0.0000
  100.0000    0.4900    0.4690    0.0210    1.3610    4.2041    8.1393    4.5365   10.6383    4.3460    0.2880    0.1414    0.0169    0.0000    0.0000
  100.0000    0.4950    0.4690    0.0260    1.3717    4.1679    8.1430    4.3853   10.7160    4.3507    0.2880    0.1294    0.0169    0.0000    0.0000
  100.0000    0.5000    0.4690    0.0310    1.3853    4.1348    8.1471    4.2437   10.7891    4.3563    0.2880    0.1151    0.0169    0.0000    0.0000
  100.0000    0.5100    0.4690    0.0410    1.4190    4.0795    8.1526    3.9974   10.9166    4.3607    0.2880    0.0982    0.0169    0.0000    0.0000
  100.0000    0.5200    0.4690    0.0510    1.4567    4.0324    8.1566    3.7795   11.0297    4.3613    0.2880    0.0900    0.0169    0.0000    0.0000
  100.0000    0.5300    0.4690    0.0610    1.5228    3.9720    8.1737    3.4805   11.1834    4.3960    0.2880    0.0529    0.0169    0.0000    0.0000
  100.0000    0.5400    0.4690    0.0710    1.5602    3.9085    8.1771    3.1970   11.3292    4.3969    0.2880    0.0485    0.0169    0.0000    0.0000
  100.0000    0.5500    0.4690    0.0810    1.6170    3.8079    8.1867    2.7460   11.5586    4.4198    0.2880    0.0350    0.0169    0.0000    0.0000
  100.0000    0.5600    0.4690    0.0910    1.7186    3.6992    8.2090    2.2172   11.8270    4.4855    0.2880    0.0150    0.0169    0.0000    0.0000
  100.0000    0.5800    0.4690    0.1110    1.8229    3.6527    8.2314    1.9419   11.9723    4.5688    0.2880    0.0064    0.0169    0.0000    0.0000
  100.0000    0.6200    0.4690    0.1510    2.1522    3.5944    8.2623    1.4088   12.2532    4.9179    0.2880    0.0000    0.0169    0.0000    0.0000
  100.0000    0.6600    0.4690    0.1910    2.1689    3.5907    8.2057    1.4043   12.2691    5.1528    0.2880    0.0000    0.0169    0.0000    0.0000
  100.0000    0.7000    0.4690    0.2310    2.1504    3.5919    8.1919    1.4530   12.2575    5.1848    0.2880    0.0000    0.0169    0.0000    0.0000
#   age       Mtot      Mc        Menv      logL      logT      logTc     logg      logR      logrhoc   Y         Yc        Z         FeH       OFe       
  101.0000    0.4710    0.4690    0.0020    1.3076    4.4040    8.1262    5.3722   10.2118    4.3387    0.2880    0.1960    0.0169    0.0000    0.0000
  101.0000    0.4730    0.4690    0.0040    1.3131    4.3685    8.1269    5.2269   10.2854    4.3378    0.2880    0.1939    0.0169    0.0000    0.0000
  101.0000    0.4750    0.4690    0.0060    1.3204    4.3416    8.1289    5.1135   10.3432    4.3391    0.2880    0.1846    0.0169    0.0000    0.0000
  101.0000    0.4800    0.4690    0.0110    1.3364    4.2881    8.1333    4.8880   10.4580    4.3421    0.2880    0.1655    0.0169    0.0000    0.0000
  101.0000    0.4850    0.4690    0.0160    1.3458    4.2432    8.1344    4.7036   10.5525    4.3405    0.2880    0.1618    0.0169    0.0000    0.0000
  101.0000    0.4900    0.4690    0.0210    1.3640    4.2045    8.1415    4.5352   10.6389    4.3504    0.2880    0.1334    0.0169    0.0000    0.0000
  101.0000    0.4950    0.4690    0.0260    1.3750    4.1681    8.1453    4.3832   10.7171    4.3555    0.2880    0.1206    0.0169    0.0000    0.0000
  101.0000    0.5000    0.4690    0.0310    1.3887    4.1349    8.1495    4.2409   10.7905    4.3611    0.2880    0.1062    0.0169    0.0000    0.0000
  101.0000    0.5100    0.4690    0.0410    1.4238    4.0799    8.1559    3.9941   10.9182    4.3683    0.2880    0.0892    0.0169    0.0000    0.0000
  101.0000    0.5200    0.4690    0.0510    1.4620    4.0319    8.1596    3.7725   11.0332    4.3685    0.2880    0.0815    0.0169    0.0000    0.0000
  101.0000    0.5300    0.4690    0.0610    1.5345    3.9692    8.1786    3.4573   11.1949    4.4093    0.2880    0.0444    0.0169    0.0000    0.0000
  101.0000    0.5400    0.4690    0.0710    1.5745    3.9018    8.1822    3.1557   11.3498    4.4112    0.2880    0.0403    0.0169    0.0000    0.0000
  101.0000    0.5500    0.4690    0.0810    1.6397    3.7888    8.1936    2.6466   11.6083    4.4405    0.2880    0.0270    0.0169    0.0000    0.0000
  101.0000    0.5600    0.4690    0.0910    1.7920    3.6776    8.2271    2.0576   11.9068    4.5580    0.2880    0.0073    0.0169    0.0000    0.0000
  101.0000    0.5800    0.4690    0.1110    2.1056    3.6056    8.2589    1.4707   12.2078    4.8927    0.2880    0.0000    0.0169    0.0000    0.0000
  101.0000    0.6200    0.4690    0.1510    2.1739    3.5926    8.2114    1.3800   12.2677    5.1429    0.2880    0.0000    0.0169    0.0000    0.0000
  101.0000    0.6600    0.4690    0.1910    2.1426    3.5941    8.1839    1.4441   12.2492    5.2044    0.2880    0.0000    0.0169    0.0000    0.0000
  101.0000    0.7000    0.4690    0.2310    2.1533    3.5916    8.1800    1.4491   12.2595    5.2195    0.2880    0.0000    0.0169    0.0000    0.0000
#   age       Mtot      Mc        Menv      logL      logT      logTc     logg      logR      logrhoc   Y         Yc        Z         FeH       OFe       
  102.0000    0.4710    0.4690    0.0020    1.3106    4.4045    8.1279    5.3713   10.2122    4.3414    0.2880    0.1875    0.0169    0.0000    0.0000
  102.0000    0.4730    0.4690    0.0040    1.3160    4.3690    8.1285    5.2258   10.2860    4.3403    0.2880    0.1858    0.0169    0.0000    0.0000
  102.0000    0.4750    0.4690    0.0060    1.3235    4.3420    8.1306    5.1119   10.3439    4.3420    0.2880    0.1758    0.0169    0.0000    0.0000
  102.0000    0.4800    0.4690    0.0110    1.3395    4.2883    8.1350    4.8858   10.4591    4.3449    0.2880    0.1568    0.0169    0.0000    0.0000
  102.0000    0.4850    0.4690    0.0160    1.3488    4.2433    8.1361    4.7008   10.5539    4.3432    0.2880    0.1534    0.0169    0.0000    0.0000
  102.0000    0.4900    0.4690    0.0210    1.3669    4.2049    8.1437    4.5340   10.6396    4.3548    0.2880    0.1253    0.0169    0.0000    0.0000
  102.0000    0.4950    0.4690    0.0260    1.3783    4.1684    8.1477    4.3810   10.7182    4.3603    0.2880    0.1117    0.0169    0.0000    0.0000
  102.0000    0.5000    0.4690    0.0310    1.3921    4.1353    8.1522    4.2389   10.7915    4.3668    0.2880    0.0974    0.0169    0.0000    0.0000
  102.0000    0.5100    0.4690    0.0410    1.4286    4.0803    8.1591    3.9909   10.9198    4.3760    0.2880    0.0802    0.0169    0.0000    0.0000
  102.0000    0.5200    0.4690    0.0510    1.4679    4.0315    8.1629    3.7650   11.0370    4.3765    0.2880    0.0730    0.0169    0.0000    0.0000
  102.0000    0.5300    0.4690    0.0610    1.5497    3.9646    8.1842    3.4240   11.2116    4.4252    0.2880    0.0363    0.0169    0.0000    0.0000
  102.0000    0.5400    0.4690    0.0710    1.5932    3.8916    8.1880    3.0964   11.3794    4.4287    0.2880    0.0329    0.0169    0.0000    0.0000
  102.0000    0.5500    0.4690    0.0810    1.6669    3.7653    8.2015    2.5255   11.6688    4.4654    0.2880    0.0195    0.0169    0.0000    0.0000
  102.0000    0.5600    0.4690    0.0910    2.0057    3.6279    8.2613    1.6451   12.1130    4.7796    0.2880    0.0000    0.0169    0.0000    0.0000
  102.0000    0.5800    0.4690    0.1110    2.1768    3.5973    8.2150    1.3667   12.2598    5.1344    0.2880    0.0000    0.0169    0.0000    0.0000
  102.0000    0.6200    0.4690    0.1510    2.1399    3.5972    8.1871    1.4322   12.2416    5.1972    0.2880    0.0000    0.0169    0.0000    0.0000
  102.0000    0.6600    0.4690    0.1910    2.1455    3.5939    8.1723    1.4404   12.2510    5.2383    0.2880    0.0000    0.0169    0.0000    0.0000
  102.0000    0.7000    0.4690    0.2310    2.1562    3.5914    8.1681    1.4452   12.2614    5.2542    0.2880    0.0000    0.0169    0.0000    0.0000
#   age       Mtot      Mc        Menv      logL      logT      logTc     logg      logR      logrhoc   Y         Yc        Z         FeH       OFe       
  103.0000    0.4710    0.4690    0.0020    1.3137    4.4051    8.1296    5.3705   10.2127    4.3442    0.2880    0.1791    0.0169    0.0000    0.0000
  103.0000    0.4730    0.4690    0.0040    1.3188    4.3694    8.1301    5.2247   10.2866    4.3429    0.2880    0.1778    0.0169    0.0000    0.0000
  103.0000    0.4750    0.4690    0.0060    1.3266    4.3424    8.1324    5.1104   10.3447    4.3449    0.2880    0.1669    0.0169    0.0000    0.0000
  103.0000    0.4800    0.4690    0.0110    1.3426    4.2887    8.1369    4.8840   10.4600    4.3482    0.2880    0.1480    0.0169    0.0000    0.0000
  103.0000    0.4850    0.4690    0.0160    1.3517    4.2436    8.1381    4.6992   10.5547    4.3469    0.2880    0.1452    0.0169    0.0000    0.0000
  103.0000    0.4900    0.4690    0.0210    1.3698    4.2053    8.1458    4.5327   10.6402    4.3592    0.2880    0.1173    0.0169    0.0000    0.0000
  103.0000    0.4950    0.4690    0.0260    1.3816    4.1687    8.1501    4.3789   10.7193    4.3651    0.2880    0.1028    0.0169    0.0000    0.0000
  103.0000    0.5000    0.4690    0.0310    1.3958    4.1362    8.1553    4.2389   10.7915    4.3742    0.2880    0.0886    0.0169    0.0000    0.0000
  103.0000    0.5100    0.4690    0.0410    1.4338    4.0809    8.1627    3.9883   10.9211    4.3847    0.2880    0.0715    0.0169    0.0000    0.0000
  103.0000    0.5200    0.4690    0.0510    1.4758    4.0311    8.1670    3.7555   11.0417    4.3869    0.2880    0.0647    0.0169    0.0000    0.0000
  103.0000    0.5300    0.4690    0.0610    1.5688    3.9576    8.1905    3.3770   11.2351    4.4436    0.2880    0.0287    0.0169    0.0000    0.0000
  103.0000    0.5400    0.4690    0.0710    1.6166    3.8772    8.1948    3.0154   11.4200    4.4492    0.2880    0.0256    0.0169    0.0000    0.0000
  103.0000    0.5500    0.4690    0.0810    1.7088    3.7316    8.2128    2.3489   11.7572    4.5055    0.2880    0.0119    0.0169    0.0000    0.0000
  103.0000    0.5600    0.4690    0.0910    2.1828    3.6013    8.2192    1.3616   12.2547    5.1222    0.2880    0.0000    0.0169    0.0000    0.0000
  103.0000    0.5800    0.4690    0.1110    2.1296    3.6039    8.1860    1.4405   12.2229    5.1971    0.2880    0.0000    0.0169    0.0000    0.0000
  103.0000    0.6200    0.4690    0.1510    2.1395    3.5974    8.1742    1.4335   12.2410    5.2315    0.2880    0.0000    0.0169    0.0000    0.0000
  103.0000    0.6600    0.4690    0.1910    2.1484    3.5937    8.1607    1.4367   12.2529    5.2723    0.2880    0.0000    0.0169    0.0000    0.0000
  103.0000    0.7000    0.4690    0.2310    2.1592    3.5911    8.1563    1.4413   12.2634    5.2889    0.2880    0.0000    0.0169    0.0000    0.0000
#   age       Mtot      Mc        Menv      logL      logT      logTc     logg      logR      logrhoc   Y         Yc        Z         FeH       OFe       
  104.0000    0.4710    0.4690    0.0020    1.3167    4.4056    8.1313    5.3696   10.2131    4.3469    0.2880    0.1706    0.0169    0.0000    0.0000
  104.0000    0.4730    0.4690    0.0040    1.3217    4.3699    8.1317    5.2236   10.2871    4.3455    0.2880    0.1697    0.0169    0.0000    0.0000
  104.0000    0.4750    0.4690    0.0060    1.3297    4.3427    8.1342    5.1088   10.3455    4.3478    0.2880    0.1581    0.0169    0.0000    0.0000
  104.0000    0.4800    0.4690    0.0110    1.3459    4.2894    8.1393    4.8836   10.4603    4.3529    0.2880    0.1393    0.0169    0.0000    0.0000
  104.0000    0.4850    0.4690    0.0160    1.3547    4.2441    8.1402    4.6983   10.5552    4.3513    0.2880    0.1371    0.0169    0.0000    0.0000
  104.0000    0.4900    0.4690    0.0210    1.3727    4.2057    8.1480    4.5314   10.6409    4.3635    0.2880    0.1093    0.0169    0.0000    0.0000
  104.0000    0.4950    0.4690    0.0260    1.3850    4.1695    8.1530    4.3787   10.7194    4.3716    0.2880    0.0940    0.0169    0.0000    0.0000
  104.0000    0.5000    0.4690    0.0310    1.3994    4.1372    8.1585    4.2390   10.7914    4.3816    0.2880    0.0799    0.0169    0.0000    0.0000
  104.0000    0.5100    0.4690    0.0410    1.4397    4.0820    8.1668    3.9865   10.9220    4.3949    0.2880    0.0633    0.0169    0.0000    0.0000
  104.0000    0.5200    0.4690    0.0510    1.4837    4.0307    8.1712    3.7460   11.0465    4.3974    0.2880    0.0564    0.0169    0.0000    0.0000
  104.0000    0.5300    0.4690    0.0610    1.5942    3.9464    8.1977    3.3066   11.2703    4.4659    0.2880    0.0216    0.0169    0.0000    0.0000
  104.0000    0.5400    0.4690    0.0710    1.6465    3.8559    8.2028    2.9002   11.4776    4.4750    0.2880    0.0184    0.0169    0.0000    0.0000
  104.0000    0.5500    0.4690    0.0810    1.8207    3.6837    8.2381    2.0452   11.9091    4.6121    0.2880    0.0043    0.0169    0.0000    0.0000
  104.0000    0.5600    0.4690    0.0910    2.1165    3.6134    8.1838    1.4761   12.1974    5.1955    0.2880    0.0000    0.0169    0.0000    0.0000
  104.0000    0.5800    0.4690    0.1110    2.1293    3.6043    8.1741    1.4423   12.2220    5.2292    0.2880    0.0000    0.0169    0.0000    0.0000
  104.0000    0.6200    0.4690    0.1510    2.1392    3.5977    8.1613    1.4348   12.2403    5.2658    0.2880    0.0000    0.0169    0.0000    0.0000
  104.0000    0.6600    0.4690    0.1910    2.1513    3.5935    8.1490    1.4330   12.2547    5.3063    0.2880    0.0000    0.0169    0.0000    0.0000
  104.0000    0.7000    0.4690    0.2310    2.1621    3.5909    8.1444    1.4375   12.2653    5.3236    0.2880    0.0000    0.0169    0.0000    0.0000
#   age       Mtot      Mc        Menv      logL      logT      logTc     logg      logR      logrhoc   Y         Yc        Z         FeH       OFe       
  105.0000    0.4710    0.4690    0.0020    1.3197    4.4062    8.1330    5.3687   10.2136    4.3497    0.2880    0.1621    0.0169    0.0000    0.0000
  105.0000    0.4730    0.4690    0.0040    1.3245    4.3703    8.1333    5.2224   10.2877    4.3481    0.2880    0.1616    0.0169    0.0000    0.0000
  105.0000    0.4750    0.4690    0.0060    1.3329    4.3432    8.1360    5.1074   10.3462    4.3508    0.2880    0.1493    0.0169    0.0000    0.0000
  105.0000    0.4800    0.4690    0.0110    1.3491    4.2901    8.1416    4.8832   10.4605    4.3576    0.2880    0.1305    0.0169    0.0000    0.0000
  105.0000    0.4850    0.4690    0.0160    1.3576    4.2446    8.1424    4.6975   10.5556    4.3557    0.2880    0.1290    0.0169    0.0000    0.0000
  105.0000    0.4900    0.4690    0.0210    1.3757    4.2061    8.1502    4.5301   10.6415    4.3679    0.2880    0.1012    0.0169    0.0000    0.0000
  105.0000    0.4950    0.4690    0.0260    1.3884    4.1706    8.1561    4.3794   10.7190    4.3789    0.2880    0.0851    0.0169    0.0000    0.0000
  105.0000    0.5000    0.4690    0.0310    1.4031    4.1385    8.1620    4.2406   10.7906    4.3901    0.2880    0.0715    0.0169    0.0000    0.0000
  105.0000    0.5100    0.4690    0.0410    1.4456    4.0830    8.1708    3.9848   10.9229    4.4050    0.2880    0.0551    0.0169    0.0000    0.0000
  105.0000    0.5200    0.4690    0.0510    1.4922    4.0302    8.1756    3.7354   11.0517    4.4087    0.2880    0.0482    0.0169    0.0000    0.0000
  105.0000    0.5300    0.4690    0.0610    1.6339    3.9236    8.2074    3.1758   11.3357    4.4998    0.2880    0.0145    0.0169    0.0000    0.0000
  105.0000    0.5400    0.4690    0.0710    1.6902    3.8193    8.2136    2.7102   11.5726    4.5133    0.2880    0.0110    0.0169    0.0000    0.0000
  105.0000    0.5500    0.4690    0.0810    2.1761    3.6035    8.2534    1.3691   12.2471    5.0072    0.2880    0.0000    0.0169    0.0000    0.0000
  105.0000    0.5600    0.4690    0.0910    2.1169    3.6139    8.1724    1.4778   12.1966    5.2260    0.2880    0.0000    0.0169    0.0000    0.0000
  105.0000    0.5800    0.4690    0.1110    2.1290    3.6047    8.1622    1.4442   12.2210    5.2613    0.2880    0.0000    0.0169    0.0000    0.0000
  105.0000    0.6200    0.4690    0.1510    2.1389    3.5979    8.1483    1.4362   12.2396    5.3001    0.2880    0.0000    0.0169    0.0000    0.0000
  105.0000    0.6600    0.4690    0.1910    2.1543    3.5933    8.1374    1.4293   12.2566    5.3402    0.2880    0.0000    0.0169    0.0000    0.0000
  105.0000    0.7000    0.4690    0.2310    2.1650    3.5906    8.1326    1.4336   12.2673    5.3583    0.2880    0.0000    0.0169    0.0000    0.0000
#   age       Mtot      Mc        Menv      logL      logT      logTc     logg      logR      logrhoc   Y         Yc        Z         FeH       OFe       
  106.0000    0.4710    0.4690    0.0020    1.3227    4.4068    8.1347    5.3679   10.2140    4.3524    0.2880    0.1537    0.0169    0.0000    0.0000
  106.0000    0.4730    0.4690    0.0040    1.3274    4.3708    8.1349    5.2213   10.2883    4.3507    0.2880    0.1535    0.0169    0.0000    0.0000
  106.0000    0.4750    0.4690    0.0060    1.3360    4.3440    8.1383    5.1076   10.3461    4.3553    0.2880    0.1409    0.0169    0.0000    0.0000
  106.0000    0.4800    0.4690    0.0110    1.3523    4.2908    8.1440    4.8829   10.4607    4.3624    0.2880    0.1218    0.0169    0.0000    0.0000
  106.0000    0.4850    0.4690    0.0160    1.3606    4.2452    8.1445    4.6966   10.5560    4.3601    0.2880    0.1209    0.0169    0.0000    0.0000
  106.0000    0.4900    0.4690    0.0210    1.3787    4.2071    8.1530    4.5310   10.6410    4.3744    0.2880    0.0931    0.0169    0.0000    0.0000
  106.0000    0.4950    0.4690    0.0260    1.3919    4.1716    8.1591    4.3801   10.7187    4.3862    0.2880    0.0763    0.0169    0.0000    0.0000
  106.0000    0.5000    0.4690    0.0310    1.4069    4.1404    8.1658    4.2444   10.7887    4.3998    0.2880    0.0637    0.0169    0.0000    0.0000
  106.0000    0.5100    0.4690    0.0410    1.4524    4.0841    8.1752    3.9826   10.9239    4.4164    0.2880    0.0470    0.0169    0.0000    0.0000
  106.0000    0.5200    0.4690    0.0510    1.5030    4.0294    8.1804    3.7216   11.0586    4.4225    0.2880    0.0404    0.0169    0.0000    0.0000
  106.0000    0.5300    0.4690    0.0610    1.7166    3.8505    8.2246    2.8007   11.5233    4.5695    0.2880    0.0074    0.0169    0.0000    0.0000
  106.0000    0.5400    0.4690    0.0710    1.8212    3.7154    8.2407    2.1641   11.8456    4.6295    0.2880    0.0036    0.0169    0.0000    0.0000
  106.0000    0.5500    0.4690    0.0810    2.1270    3.6141    8.1981    1.4605   12.2015    5.1623    0.2880    0.0000    0.0169    0.0000    0.0000
  106.0000    0.5600    0.4690    0.0910    2.1174    3.6144    8.1609    1.4794   12.1958    5.2565    0.2880    0.0000    0.0169    0.0000    0.0000
  106.0000    0.5800    0.4690    0.1110    2.1287    3.6051    8.1504    1.4460   12.2201    5.2934    0.2880    0.0000    0.0169    0.0000    0.0000
  106.0000    0.6200    0.4690    0.1510    2.1386    3.5982    8.1354    1.4375   12.2389    5.3344    0.2880    0.0000    0.0169    0.0000    0.0000
  106.0000    0.6600    0.4690    0.1910    2.1662    3.5920    8.1297    1.4119   12.2652    5.3750    0.2880    0.0000    0.0169    0.0000    0.0000
  106.0000    0.7000    0.4690    0.2310    2.1908    3.5877    8.1306    1.3960   12.2861    5.3953    0.2880    0.0000    0.0169    0.0000    0.0000
#   age       Mtot      Mc        Menv      logL      logT      logTc     logg      logR      logrhoc   Y         Yc        Z         FeH       OFe       
  107.0000    0.4710    0.4690    0.0020    1.3257    4.4075    8.1366    5.3679   10.2140    4.3561    0.2880    0.1453    0.0169    0.0000    0.0000
  107.0000    0.4730    0.4690    0.0040    1.3302    4.3715    8.1368    5.2210   10.2884    4.3541    0.2880    0.1457    0.0169    0.0000    0.0000
  107.0000    0.4750    0.4690    0.0060    1.3391    4.3448    8.1405    5.1077   10.3460    4.3598    0.2880    0.1325    0.0169    0.0000    0.0000
  107.0000    0.4800    0.4690    0.0110    1.3556    4.2915    8.1463    4.8825   10.4609    4.3671    0.2880    0.1131    0.0169    0.0000    0.0000
  107.0000    0.4850    0.4690    0.0160    1.3636    4.2457    8.1467    4.6958   10.5564    4.3645    0.2880    0.1128    0.0169    0.0000    0.0000
  107.0000    0.4900    0.4690    0.0210    1.3817    4.2082    8.1559    4.5323   10.6404    4.3813    0.2880    0.0850    0.0169    0.0000    0.0000
  107.0000    0.4950    0.4690    0.0260    1.3953    4.1735    8.1630    4.3842   10.7166    4.3958    0.2880    0.0681    0.0169    0.0000    0.0000
  107.0000    0.5000    0.4690    0.0310    1.4106    4.1422    8.1696    4.2481   10.7869    4.4096    0.2880    0.0558    0.0169    0.0000    0.0000
  107.0000    0.5100    0.4690    0.0410    1.4609    4.0854    8.1802    3.9795   10.9255    4.4302    0.2880    0.0393    0.0169    0.0000    0.0000
  107.0000    0.5200    0.4690    0.0510    1.5179    4.0273    8.1863    3.6982   11.0703    4.4392    0.2880    0.0328    0.0169    0.0000    0.0000
  107.0000    0.5300    0.4690    0.0610    1.9070    3.6792    8.2582    1.9247   11.9612    4.7421    0.2880    0.0001    0.0169    0.0000    0.0000
  107.0000    0.5400    0.4690    0.0710    2.1822    3.6073    8.2462    1.3704   12.2424    5.0335    0.2880    0.0000    0.0169    0.0000    0.0000
  107.0000    0.5500    0.4690    0.0810    2.1150    3.6171    8.1819    1.4845   12.1895    5.1992    0.2880    0.0000    0.0169    0.0000    0.0000
  107.0000    0.5600    0.4690    0.0910    2.1178    3.6150    8.1495    1.4811   12.1950    5.2870    0.2880    0.0000    0.0169    0.0000    0.0000
  107.0000    0.5800    0.4690    0.1110    2.1284    3.6055    8.1385    1.4479   12.2192    5.3255    0.2880    0.0000    0.0169    0.0000    0.0000
  107.0000    0.6200    0.4690    0.1510    2.1517    3.5967    8.1285    1.4184   12.2485    5.3688    0.2880    0.0000    0.0169    0.0000    0.0000
  107.0000    0.6600    0.4690    0.1910    2.1962    3.5884    8.1297    1.3676   12.2874    5.4115    0.2880    0.0000    0.0169    0.0000    0.0000
  107.0000    0.7000    0.4690    0.2310    2.2223    3.5841    8.1311    1.3501   12.3090    5.4330    0.2880    0.0000    0.0169    0.0000    0.0000
#   age       Mtot      Mc        Menv      logL      logT      logTc     logg      logR      logrhoc   Y         Yc        Z         FeH       OFe       
  108.0000    0.4710    0.4690    0.0020    1.3287    4.4084    8.1388    5.3686   10.2137    4.3605    0.2880    0.1371    0.0169    0.0000    0.0000
  108.0000    0.4730    0.4690    0.0040    1.3331    4.3723    8.1388    5.2214   10.2882    4.3583    0.2880    0.1379    0.0169    0.0000    0.0000
  108.0000    0.4750    0.4690    0.0060    1.3423    4.3456    8.1428    5.1079   10.3459    4.3643    0.2880    0.1240    0.0169    0.0000    0.0000
  108.0000    0.4800    0.4690    0.0110    1.3588    4.2922    8.1486    4.8821   10.4611    4.3719    0.2880    0.1043    0.0169    0.0000    0.0000
  108.0000    0.4850    0.4690    0.0160    1.3665    4.2462    8.1489    4.6949   10.5569    4.3689    0.2880    0.1047    0.0169    0.0000    0.0000
  108.0000    0.4900    0.4690    0.0210    1.3848    4.2093    8.1588    4.5336   10.6398    4.3881    0.2880    0.0769    0.0169    0.0000    0.0000
  108.0000    0.4950    0.4690    0.0260    1.3988    4.1756    8.1670    4.3888   10.7143    4.4057    0.2880    0.0601    0.0169    0.0000    0.0000
  108.0000    0.5000    0.4690    0.0310    1.4145    4.1443    8.1737    4.2527   10.7846    4.4200    0.2880    0.0481    0.0169    0.0000    0.0000
  108.0000    0.5100    0.4690    0.0410    1.4721    4.0867    8.1859    3.9737   10.9284    4.4470    0.2880    0.0320    0.0169    0.0000    0.0000
  108.0000    0.5200    0.4690    0.0510    1.5379    4.0232    8.1929    3.6618   11.0885    4.4591    0.2880    0.0256    0.0169    0.0000    0.0000
  108.0000    0.5300    0.4690    0.0610    2.1708    3.6154    8.2226    1.4062   12.2205    5.1169    0.2880    0.0000    0.0169    0.0000    0.0000
  108.0000    0.5400    0.4690    0.0710    2.1256    3.6211    8.1951    1.4823   12.1864    5.1652    0.2880    0.0000    0.0169    0.0000    0.0000
  108.0000    0.5500    0.4690    0.0810    2.1104    3.6189    8.1683    1.4963   12.1835    5.2315    0.2880    0.0000    0.0169    0.0000    0.0000
  108.0000    0.5600    0.4690    0.0910    2.1182    3.6155    8.1380    1.4828   12.1942    5.3175    0.2880    0.0000    0.0169    0.0000    0.0000
  108.0000    0.5800    0.4690    0.1110    2.1280    3.6059    8.1267    1.4497   12.2182    5.3576    0.2880    0.0000    0.0169    0.0000    0.0000
  108.0000    0.6200    0.4690    0.1510    2.1795    3.5933    8.1282    1.3770   12.2692    5.4033    0.2880    0.0000    0.0169    0.0000    0.0000
  108.0000    0.6600    0.4690    0.1910    2.2262    3.5847    8.1298    1.3233   12.3096    5.4480    0.2880    0.0000    0.0169    0.0000    0.0000
  108.0000    0.7000    0.4690    0.2310    2.2539    3.5806    8.1316    1.3042   12.3320    5.4706    0.2880    0.0000    0.0169    0.0000    0.0000
#   age       Mtot      Mc        Menv      logL      logT      logTc     logg      logR      logrhoc   Y         Yc        Z         FeH       OFe       
  109.0000    0.4710    0.4690    0.0020    1.3317    4.4093    8.1410    5.3693   10.2134    4.3649    0.2880    0.1289    0.0169    0.0000    0.0000
  109.0000    0.4730    0.4690    0.0040    1.3359    4.3731    8.1409    5.2218   10.2880    4.3625    0.2880    0.1301    0.0169    0.0000    0.0000
  109.0000    0.4750    0.4690    0.0060    1.3454    4.3465    8.1451    5.1080   10.3458    4.3688    0.2880    0.1156    0.0169    0.0000    0.0000
  109.0000    0.4800    0.4690    0.0110    1.3620    4.2933    8.1513    4.8830   10.4607    4.3777    0.2880    0.0957    0.0169    0.0000    0.0000
  109.0000    0.4850    0.4690    0.0160    1.3694    4.2470    8.1513    4.6951   10.5568    4.3741    0.2880    0.0967    0.0169    0.0000    0.0000
  109.0000    0.4900    0.4690    0.0210    1.3878    4.2111    8.1623    4.5377   10.6377    4.3968    0.2880    0.0693    0.0169    0.0000    0.0000
  109.0000    0.4950    0.4690    0.0260    1.4022    4.1776    8.1710    4.3935   10.7120    4.4157    0.2880    0.0521    0.0169    0.0000    0.0000
  109.0000    0.5000    0.4690    0.0310    1.4187    4.1471    8.1784    4.2596   10.7811    4.4327    0.2880    0.0405    0.0169    0.0000    0.0000
  109.0000    0.5100    0.4690    0.0410    1.4872    4.0874    8.1924    3.9609   10.9348    4.4667    0.2880    0.0250    0.0169    0.0000    0.0000
  109.0000    0.5200    0.4690    0.0510    1.5645    4.0159    8.2007    3.6058   11.1165    4.4839    0.2880    0.0186    0.0169    0.0000    0.0000
  109.0000    0.5300    0.4690    0.0610    2.0989    3.6325    8.1836    1.5464   12.1504    5.1919    0.2880    0.0000    0.0169    0.0000    0.0000
  109.0000    0.5400    0.4690    0.0710    2.1092    3.6255    8.1779    1.5160   12.1696    5.2053    0.2880    0.0000    0.0169    0.0000    0.0000
  109.0000    0.5500    0.4690    0.0810    2.1057    3.6206    8.1547    1.5081   12.1776    5.2638    0.2880    0.0000    0.0169    0.0000    0.0000
  109.0000    0.5600    0.4690    0.0910    2.1186    3.6160    8.1266    1.4844   12.1934    5.3480    0.2880    0.0000    0.0169    0.0000    0.0000
  109.0000    0.5800    0.4690    0.1110    2.1514    3.6029    8.1245    1.4142   12.2360    5.3906    0.2880    0.0000    0.0169    0.0000    0.0000
  109.0000    0.6200    0.4690    0.1510    2.2074    3.5899    8.1280    1.3355   12.2899    5.4378    0.2880    0.0000    0.0169    0.0000    0.0000
  109.0000    0.6600    0.4690    0.1910    2.2566    3.5811    8.1298    1.2783   12.3321    5.4849    0.2880    0.0000    0.0169    0.0000    0.0000
  109.0000    0.7000    0.4690    0.2310    2.3006    3.5751    8.1309    1.2357   12.3662    5.5190    0.2880    0.0000    0.0169    0.0000    0.0000
#   age       Mtot      Mc        Menv      logL      logT      logTc     logg      logR      logrhoc   Y         Yc        Z         FeH       OFe       
  110.0000    0.4710    0.4690    0.0020    1.3347    4.4102    8.1432    5.3700   10.2130    4.3693    0.2880    0.1207    0.0169    0.0000    0.0000
  110.0000    0.4730    0.4690    0.0040    1.3388    4.3739    8.1430    5.2222   10.2878    4.3667    0.2880    0.1224    0.0169    0.0000    0.0000
  110.0000    0.4750    0.4690    0.0060    1.3485    4.3473    8.1474    5.1082   10.3457    4.3733    0.2880    0.1072    0.0169    0.0000    0.0000
  110.0000    0.4800    0.4690    0.0110    1.3652    4.2946    8.1543    4.8850   10.4596    4.3846    0.2880    0.0873    0.0169    0.0000    0.0000
  110.0000    0.4850    0.4690    0.0160    1.3724    4.2481    8.1540    4.6967   10.5560    4.3805    0.2880    0.0890    0.0169    0.0000    0.0000
  110.0000    0.4900    0.4690    0.0210    1.3908    4.2131    8.1660    4.5426   10.6352    4.4060    0.2880    0.0618    0.0169    0.0000    0.0000
  110.0000    0.4950    0.4690    0.0260    1.4056    4.1803    8.1755    4.4010   10.7082    4.4278    0.2880    0.0445    0.0169    0.0000    0.0000
  110.0000    0.5000    0.4690    0.0310    1.4236    4.1508    8.1838    4.2693   10.7763    4.4482    0.2880    0.0333    0.0169    0.0000    0.0000
  110.0000    0.5100    0.4690    0.0410    1.5096    4.0861    8.2002    3.9330   10.9487    4.4918    0.2880    0.0181    0.0169    0.0000    0.0000
  110.0000    0.5200    0.4690    0.0510    1.6078    3.9998    8.2112    3.4981   11.1705    4.5216    0.2880    0.0115    0.0169    0.0000    0.0000
  110.0000    0.5300    0.4690    0.0610    2.0957    3.6355    8.1714    1.5616   12.1428    5.2204    0.2880    0.0000    0.0169    0.0000    0.0000
  110.0000    0.5400    0.4690    0.0710    2.1076    3.6267    8.1664    1.5227   12.1663    5.2352    0.2880    0.0000    0.0169    0.0000    0.0000
  110.0000    0.5500    0.4690    0.0810    2.1010    3.6224    8.1412    1.5200   12.1717    5.2961    0.2880    0.0000    0.0169    0.0000    0.0000
  110.0000    0.5600    0.4690    0.0910    2.1360    3.6135    8.1226    1.4570   12.2071    5.3789    0.2880    0.0000    0.0169    0.0000    0.0000
  110.0000    0.5800    0.4690    0.1110    2.1789    3.5993    8.1240    1.3722   12.2571    5.4237    0.2880    0.0000    0.0169    0.0000    0.0000
  110.0000    0.6200    0.4690    0.1510    2.2352    3.5865    8.1277    1.2940   12.3106    5.4723    0.2880    0.0000    0.0169    0.0000    0.0000
  110.0000    0.6600    0.4690    0.1910    2.3104    3.5747    8.1284    1.1990   12.3717    5.5375    0.2880    0.0000    0.0169    0.0000    0.0000
  110.0000    0.7000    0.4690    0.2310    2.3556    3.5687    8.1295    1.1551   12.4064    5.5731    0.2880    0.0000    0.0169    0.0000    0.0000
#   age       Mtot      Mc        Menv      logL      logT      logTc     logg      logR      logrhoc   Y         Yc        Z         FeH       OFe       
  111.0000    0.4710    0.4690    0.0020    1.3377    4.4111    8.1454    5.3707   10.2127    4.3736    0.2880    0.1125    0.0169    0.0000    0.0000
  111.0000    0.4730    0.4690    0.0040    1.3417    4.3747    8.1451    5.2226   10.2876    4.3709    0.2880    0.1146    0.0169    0.0000    0.0000
  111.0000    0.4750    0.4690    0.0060    1.3516    4.3482    8.1497    5.1086   10.3454    4.3781    0.2880    0.0989    0.0169    0.0000    0.0000
  111.0000    0.4800    0.4690    0.0110    1.3684    4.2959    8.1572    4.8871   10.4585    4.3915    0.2880    0.0789    0.0169    0.0000    0.0000
  111.0000    0.4850    0.4690    0.0160    1.3753    4.2493    8.1567    4.6983   10.5552    4.3869    0.2880    0.0814    0.0169    0.0000    0.0000
  111.0000    0.4900    0.4690    0.0210    1.3938    4.2150    8.1696    4.5476   10.6328    4.4153    0.2880    0.0544    0.0169    0.0000    0.0000
  111.0000    0.4950    0.4690    0.0260    1.4092    4.1837    8.1805    4.4109   10.7033    4.4418    0.2880    0.0373    0.0169    0.0000    0.0000
  111.0000    0.5000    0.4690    0.0310    1.4296    4.1551    8.1900    4.2803   10.7708    4.4664    0.2880    0.0265    0.0169    0.0000    0.0000
  111.0000    0.5100    0.4690    0.0410    1.5470    4.0804    8.2104    3.8727   10.9789    4.5276    0.2880    0.0113    0.0169    0.0000    0.0000
  111.0000    0.5200    0.4690    0.0510    1.7418    3.8971    8.2354    2.9536   11.4427    4.6256    0.2880    0.0044    0.0169    0.0000    0.0000
  111.0000    0.5300    0.4690    0.0610    2.0924    3.6385    8.1591    1.5768   12.1352    5.2488    0.2880    0.0000    0.0169    0.0000    0.0000
  111.0000    0.5400    0.4690    0.0710    2.1061    3.6280    8.1549    1.5293   12.1630    5.2652    0.2880    0.0000    0.0169    0.0000    0.0000
  111.0000    0.5500    0.4690    0.0810    2.0964    3.6242    8.1276    1.5318   12.1658    5.3284    0.2880    0.0000    0.0169    0.0000    0.0000
  111.0000    0.5600    0.4690    0.0910    2.1620    3.6095    8.1224    1.4149   12.2282    5.4100    0.2880    0.0000    0.0169    0.0000    0.0000
  111.0000    0.5800    0.4690    0.1110    2.2064    3.5956    8.1236    1.3302   12.2781    5.4568    0.2880    0.0000    0.0169    0.0000    0.0000
  111.0000    0.6200    0.4690    0.1510    2.2827    3.5805    8.1260    1.2226   12.3463    5.5205    0.2880    0.0000    0.0169    0.0000    0.0000
  111.0000    0.6600    0.4690    0.1910    2.3684    3.5679    8.1264    1.1139   12.4143    5.5932    0.2880    0.0000    0.0169    0.0000    0.0000
  111.0000    0.7000    0.4690    0.2310    2.4315    3.5603    8.1264    1.0453   12.4614    5.6428    0.2880    0.0000    0.0169    0.0000    0.0000
#   age       Mtot      Mc        Menv      logL      logT      logTc     logg      logR      logrhoc   Y         Yc        Z         FeH       OFe       
  112.0000    0.4710    0.4690    0.0020    1.3407    4.4120    8.1476    5.3713   10.2124    4.3780    0.2880    0.1042    0.0169    0.0000    0.0000
  112.0000    0.4730    0.4690    0.0040    1.3446    4.3755    8.1472    5.2230   10.2874    4.3751    0.2880    0.1069    0.0169    0.0000    0.0000
  112.0000    0.4750    0.4690    0.0060    1.3544    4.3495    8.1523    5.1110   10.3443    4.3843    0.2880    0.0915    0.0169    0.0000    0.0000
  112.0000    0.4800    0.4690    0.0110    1.3714    4.2976    8.1605    4.8909   10.4566    4.3995    0.2880    0.0710    0.0169    0.0000    0.0000
  112.0000    0.4850    0.4690    0.0160    1.3782    4.2505    8.1596    4.7004   10.5541    4.3937    0.2880    0.0738    0.0169    0.0000    0.0000
  112.0000    0.4900    0.4690    0.0210    1.3968    4.2174    8.1736    4.5540   10.6296    4.4257    0.2880    0.0471    0.0169    0.0000    0.0000
  112.0000    0.4950    0.4690    0.0260    1.4131    4.1876    8.1861    4.4228   10.6974    4.4577    0.2880    0.0301    0.0169    0.0000    0.0000
  112.0000    0.5000    0.4690    0.0310    1.4367    4.1598    8.1969    4.2923   10.7648    4.4870    0.2880    0.0199    0.0169    0.0000    0.0000
  112.0000    0.5100    0.4690    0.0410    1.6907    4.0085    8.2343    3.4417   11.1944    4.6310    0.2880    0.0044    0.0169    0.0000    0.0000
  112.0000    0.5200    0.4690    0.0510    2.1328    3.6268    8.2531    1.4811   12.1789    4.9953    0.2880    0.0000    0.0169    0.0000    0.0000
  112.0000    0.5300    0.4690    0.0610    2.0891    3.6415    8.1469    1.5921   12.1276    5.2773    0.2880    0.0000    0.0169    0.0000    0.0000
  112.0000    0.5400    0.4690    0.0710    2.1045    3.6293    8.1434    1.5359   12.1597    5.2952    0.2880    0.0000    0.0169    0.0000    0.0000
  112.0000    0.5500    0.4690    0.0810    2.1101    3.6222    8.1224    1.5102   12.1766    5.3588    0.2880    0.0000    0.0169    0.0000    0.0000
  112.0000    0.5600    0.4690    0.0910    2.1880    3.6055    8.1221    1.3729   12.2492    5.4411    0.2880    0.0000    0.0169    0.0000    0.0000
  112.0000    0.5800    0.4690    0.1110    2.2391    3.5915    8.1228    1.2809   12.3028    5.4936    0.2880    0.0000    0.0169    0.0000    0.0000
  112.0000    0.6200    0.4690    0.1510    2.3319    3.5743    8.1241    1.1483   12.3834    5.5701    0.2880    0.0000    0.0169    0.0000    0.0000
  112.0000    0.6600    0.4690    0.1910    2.4455    3.5591    8.1222    1.0013   12.4706    5.6638    0.2880    0.0000    0.0169    0.0000    0.0000
  112.0000    0.7000    0.4690    0.2310    2.5306    3.5490    8.1195    0.9013   12.5333    5.7280    0.2880    0.0000    0.0169    0.0000    0.0000
#   age       Mtot      Mc        Menv      logL      logT      logTc     logg      logR      logrhoc   Y         Yc        Z         FeH       OFe       
  113.0000    0.4710    0.4690    0.0020    1.3436    4.4132    8.1500    5.3730   10.2115    4.3834    0.2880    0.0964    0.0169    0.0000    0.0000
  113.0000    0.4730    0.4690    0.0040    1.3474    4.3763    8.1493    5.2237   10.2871    4.3795    0.2880    0.0991    0.0169    0.0000    0.0000
  113.0000    0.4750    0.4690    0.0060    1.3572    4.3508    8.1550    5.1134   10.3431    4.3905    0.2880    0.0841    0.0169    0.0000    0.0000
  113.0000    0.4800    0.4690    0.0110    1.3741    4.2995    8.1641    4.8960   10.4541    4.4084    0.2880    0.0635    0.0169    0.0000    0.0000
  113.0000    0.4850    0.4690    0.0160    1.3809    4.2524    8.1630    4.7052   10.5517    4.4022    0.2880    0.0669    0.0169    0.0000    0.0000
  113.0000    0.4900    0.4690    0.0210    1.3998    4.2204    8.1781    4.5626   10.6253    4.4379    0.2880    0.0400    0.0169    0.0000    0.0000
  113.0000    0.4950    0.4690    0.0260    1.4174    4.1928    8.1927    4.4395   10.6891    4.4775    0.2880    0.0235    0.0169    0.0000    0.0000
  113.0000    0.5000    0.4690    0.0310    1.4531    4.1661    8.2071    4.3012   10.7604    4.5224    0.2880    0.0130    0.0169    0.0000    0.0000
  113.0000    0.5100    0.4690    0.0410    2.1086    3.6454    8.2526    1.5716   12.1295    4.9914    0.2880    0.0000    0.0169    0.0000    0.0000
  113.0000    0.5200    0.4690    0.0510    2.1131    3.6374    8.1988    1.5434   12.1477    5.1606    0.2880    0.0000    0.0169    0.0000    0.0000
  113.0000    0.5300    0.4690    0.0610    2.0858    3.6445    8.1346    1.6073   12.1200    5.3057    0.2880    0.0000    0.0169    0.0000    0.0000
  113.0000    0.5400    0.4690    0.0710    2.1030    3.6306    8.1319    1.5426   12.1564    5.3251    0.2880    0.0000    0.0169    0.0000    0.0000
  113.0000    0.5500    0.4690    0.0810    2.1333    3.6184    8.1216    1.4715   12.1959    5.3881    0.2880    0.0000    0.0169    0.0000    0.0000
  113.0000    0.5600    0.4690    0.0910    2.2139    3.6015    8.1218    1.3309   12.2702    5.4722    0.2880    0.0000    0.0169    0.0000    0.0000
  113.0000    0.5800    0.4690    0.1110    2.2876    3.5856    8.1211    1.2092   12.3386    5.5414    0.2880    0.0000    0.0169    0.0000    0.0000
  113.0000    0.6200    0.4690    0.1510    2.4046    3.5655    8.1206    1.0406   12.4374    5.6353    0.2880    0.0000    0.0169    0.0000    0.0000
  113.0000    0.6600    0.4690    0.1910    2.5536    3.5464    8.1136    0.8424   12.5500    5.7527    0.2880    0.0000    0.0169    0.0000    0.0000
  113.0000    0.7000    0.4690    0.2310    2.6897    3.5307    8.1036    0.6691   12.6495    5.8378    0.2880    0.0000    0.0169    0.0000    0.0000
#   age       Mtot      Mc        Menv      logL      logT      logTc     logg      logR      logrhoc   Y         Yc        Z         FeH       OFe       
  114.0000    0.4710    0.4690    0.0020    1.3465    4.4146    8.1528    5.3758   10.2101    4.3897    0.2880    0.0888    0.0169    0.0000    0.0000
  114.0000    0.4730    0.4690    0.0040    1.3502    4.3777    8.1519    5.2260   10.2859    4.3857    0.2880    0.0913    0.0169    0.0000    0.0000
  114.0000    0.4750    0.4690    0.0060    1.3600    4.3521    8.1577    5.1158   10.3420    4.3967    0.2880    0.0767    0.0169    0.0000    0.0000
  114.0000    0.4800    0.4690    0.0110    1.3769    4.3015    8.1676    4.9012   10.4515    4.4173    0.2880    0.0561    0.0169    0.0000    0.0000
  114.0000    0.4850    0.4690    0.0160    1.3836    4.2543    8.1665    4.7100   10.5493    4.4107    0.2880    0.0600    0.0169    0.0000    0.0000
  114.0000    0.4900    0.4690    0.0210    1.4026    4.2241    8.1832    4.5748   10.6192    4.4525    0.2880    0.0334    0.0169    0.0000    0.0000
  114.0000    0.4950    0.4690    0.0260    1.4238    4.1995    8.2009    4.4601   10.6788    4.5044    0.2880    0.0168    0.0169    0.0000    0.0000
  114.0000    0.5000    0.4690    0.0310    1.5289    4.1618    8.2265    4.2084   10.8068    4.6023    0.2880    0.0063    0.0169    0.0000    0.0000
  114.0000    0.5100    0.4690    0.0410    2.1033    3.6618    8.1985    1.6423   12.0941    5.1577    0.2880    0.0000    0.0169    0.0000    0.0000
  114.0000    0.5200    0.4690    0.0510    2.0773    3.6582    8.1737    1.6623   12.0882    5.2048    0.2880    0.0000    0.0169    0.0000    0.0000
  114.0000    0.5300    0.4690    0.0610    2.0825    3.6475    8.1223    1.6225   12.1124    5.3342    0.2880    0.0000    0.0169    0.0000    0.0000
  114.0000    0.5400    0.4690    0.0710    2.1014    3.6318    8.1204    1.5492   12.1532    5.3551    0.2880    0.0000    0.0169    0.0000    0.0000
  114.0000    0.5500    0.4690    0.0810    2.1564    3.6145    8.1207    1.4328   12.2152    5.4175    0.2880    0.0000    0.0169    0.0000    0.0000
  114.0000    0.5600    0.4690    0.0910    2.2567    3.5952    8.1208    1.2631   12.3041    5.5153    0.2880    0.0000    0.0169    0.0000    0.0000
  114.0000    0.5800    0.4690    0.1110    2.3409    3.5791    8.1189    1.1301   12.3782    5.5924    0.2880    0.0000    0.0169    0.0000    0.0000
  114.0000    0.6200    0.4690    0.1510    2.4971    3.5547    8.1137    0.9049   12.5052    5.7134    0.2880    0.0000    0.0169    0.0000    0.0000
  114.0000    0.6600    0.4690    0.1910    2.7387    3.5247    8.0936    0.5705   12.6859    5.8674    0.2880    0.0000    0.0169    0.0000    0.0000
#   age       Mtot      Mc        Menv      logL      logT      logTc     logg      logR      logrhoc   Y         Yc        Z         FeH       OFe       
  115.0000    0.4710    0.4690    0.0020    1.3495    4.4160    8.1556    5.3785   10.2088    4.3961    0.2880    0.0813    0.0169    0.0000    0.0000
  115.0000    0.4730    0.4690    0.0040    1.3531    4.3790    8.1546    5.2284   10.2847    4.3919    0.2880    0.0835    0.0169    0.0000    0.0000
  115.0000    0.4750    0.4690    0.0060    1.3628    4.3539    8.1610    5.1202   10.3397    4.4048    0.2880    0.0695    0.0169    0.0000    0.0000
  115.0000    0.4800    0.4690    0.0110    1.3797    4.3037    8.1714    4.9070   10.4486    4.4269    0.2880    0.0487    0.0169    0.0000    0.0000
  115.0000    0.4850    0.4690    0.0160    1.3864    4.2561    8.1699    4.7147   10.5470    4.4192    0.2880    0.0531    0.0169    0.0000    0.0000
  115.0000    0.4900    0.4690    0.0210    1.4054    4.2284    8.1889    4.5894   10.6118    4.4691    0.2880    0.0271    0.0169    0.0000    0.0000
  115.0000    0.4950    0.4690    0.0260    1.4325    4.2080    8.2110    4.4850   10.6663    4.5393    0.2880    0.0101    0.0169    0.0000    0.0000
  115.0000    0.5000    0.4690    0.0310    1.7580    4.0982    8.2560    3.7242   11.0489    4.7975    0.2880    0.0000    0.0169    0.0000    0.0000
  115.0000    0.5100    0.4690    0.0410    2.0469    3.7274    8.1657    1.9609   11.9349    5.2143    0.2880    0.0000    0.0169    0.0000    0.0000
  115.0000    0.5200    0.4690    0.0510    2.0435    3.6787    8.1497    1.7783   12.0302    5.2468    0.2880    0.0000    0.0169    0.0000    0.0000
  115.0000    0.5300    0.4690    0.0610    2.0911    3.6469    8.1156    1.6114   12.1179    5.3616    0.2880    0.0000    0.0169    0.0000    0.0000
  115.0000    0.5400    0.4690    0.0710    2.1222    3.6286    8.1184    1.5155   12.1700    5.3841    0.2880    0.0000    0.0169    0.0000    0.0000
  115.0000    0.5500    0.4690    0.0810    2.1796    3.6106    8.1198    1.3942   12.2346    5.4468    0.2880    0.0000    0.0169    0.0000    0.0000
  115.0000    0.5600    0.4690    0.0910    2.3023    3.5886    8.1197    1.1912   12.3400    5.5602    0.2880    0.0000    0.0169    0.0000    0.0000
  115.0000    0.5800    0.4690    0.1110    2.4127    3.5699    8.1152    1.0213   12.4325    5.6562    0.2880    0.0000    0.0169    0.0000    0.0000
  115.0000    0.6200    0.4690    0.1510    2.6330    3.5388    8.1004    0.7054   12.6049    5.8108    0.2880    0.0000    0.0169    0.0000    0.0000
#   age       Mtot      Mc        Menv      logL      logT      logTc     logg      logR      logrhoc   Y         Yc        Z         FeH       OFe       
  116.0000    0.4710    0.4690    0.0020    1.3524    4.4175    8.1585    5.3817   10.2072    4.4029    0.2880    0.0738    0.0169    0.0000    0.0000
  116.0000    0.4730    0.4690    0.0040    1.3559    4.3803    8.1572    5.2308   10.2835    4.3981    0.2880    0.0756    0.0169    0.0000    0.0000
  116.0000    0.4750    0.4690    0.0060    1.3655    4.3558    8.1644    5.1253   10.3372    4.4136    0.2880    0.0624    0.0169    0.0000    0.0000
  116.0000    0.4800    0.4690    0.0110    1.3830    4.3067    8.1760    4.9157   10.4442    4.4398    0.2880    0.0417    0.0169    0.0000    0.0000
  116.0000    0.4850    0.4690    0.0160    1.3891    4.2584    8.1737    4.7212   10.5438    4.4292    0.2880    0.0464    0.0169    0.0000    0.0000
  116.0000    0.4900    0.4690    0.0210    1.4083    4.2335    8.1953    4.6068   10.6032    4.4880    0.2880    0.0210    0.0169    0.0000    0.0000
  116.0000    0.4950    0.4690    0.0260    1.5012    4.2219    8.2376    4.4720   10.6728    4.6505    0.2880    0.0035    0.0169    0.0000    0.0000
  116.0000    0.5000    0.4690    0.0310    2.1079    3.7686    8.2135    2.0563   11.8828    5.1355    0.2880    0.0000    0.0169    0.0000    0.0000
  116.0000    0.5100    0.4690    0.0410    2.0250    3.7903    8.1469    2.2345   11.7980    5.2477    0.2880    0.0000    0.0169    0.0000    0.0000
  116.0000    0.5200    0.4690    0.0510    2.0325    3.6880    8.1353    1.8263   12.0062    5.2792    0.2880    0.0000    0.0169    0.0000    0.0000
  116.0000    0.5300    0.4690    0.0610    2.1133    3.6421    8.1151    1.5703   12.1385    5.3878    0.2880    0.0000    0.0169    0.0000    0.0000
  116.0000    0.5400    0.4690    0.0710    2.1465    3.6247    8.1180    1.4754   12.1900    5.4129    0.2880    0.0000    0.0169    0.0000    0.0000
  116.0000    0.5500    0.4690    0.0810    2.2100    3.6057    8.1186    1.3442   12.2596    5.4810    0.2880    0.0000    0.0169    0.0000    0.0000
  116.0000    0.5600    0.4690    0.0910    2.3641    3.5807    8.1165    1.0978   12.3867    5.6162    0.2880    0.0000    0.0169    0.0000    0.0000
  116.0000    0.5800    0.4690    0.1110    2.5112    3.5568    8.1070    0.8701   12.5081    5.7349    0.2880    0.0000    0.0169    0.0000    0.0000
#   age       Mtot      Mc        Menv      logL      logT      logTc     logg      logR      logrhoc   Y         Yc        Z         FeH       OFe       
  117.0000    0.4710    0.4690    0.0020    1.3552    4.4196    8.1620    5.3869   10.2046    4.4118    0.2880    0.0663    0.0169    0.0000    0.0000
  117.0000    0.4730    0.4690    0.0040    1.3585    4.3821    8.1604    5.2354   10.2812    4.4060    0.2880    0.0691    0.0169    0.0000    0.0000
  117.0000    0.4750    0.4690    0.0060    1.3683    4.3578    8.1679    5.1304   10.3346    4.4224    0.2880    0.0553    0.0169    0.0000    0.0000
  117.0000    0.4800    0.4690    0.0110    1.3859    4.3101    8.1812    4.9266   10.4387    4.4543    0.2880    0.0347    0.0169    0.0000    0.0000
  117.0000    0.4850    0.4690    0.0160    1.3917    4.2611    8.1779    4.7291   10.5398    4.4406    0.2880    0.0399    0.0169    0.0000    0.0000
  117.0000    0.4900    0.4690    0.0210    1.4136    4.2411    8.2042    4.6319   10.5906    4.5184    0.2880    0.0147    0.0169    0.0000    0.0000
  117.0000    0.4950    0.4690    0.0260    2.0320    3.9952    8.2527    3.0345   11.3915    5.0415    0.2880    0.0000    0.0169    0.0000    0.0000
  117.0000    0.5000    0.4690    0.0310    2.0333    3.9343    8.1741    2.7934   11.5142    5.2057    0.2880    0.0000    0.0169    0.0000    0.0000
  117.0000    0.5100    0.4690    0.0410    2.0221    3.8189    8.1363    2.3519   11.7392    5.2746    0.2880    0.0000    0.0169    0.0000    0.0000
  117.0000    0.5200    0.4690    0.0510    2.0461    3.6851    8.1314    1.8010   12.0189    5.3012    0.2880    0.0000    0.0169    0.0000    0.0000
  117.0000    0.5300    0.4690    0.0610    2.1354    3.6374    8.1146    1.5292   12.1590    5.4140    0.2880    0.0000    0.0169    0.0000    0.0000
  117.0000    0.5400    0.4690    0.0710    2.1708    3.6207    8.1176    1.4354   12.2100    5.4417    0.2880    0.0000    0.0169    0.0000    0.0000
  117.0000    0.5500    0.4690    0.0810    2.2513    3.5993    8.1167    1.2775   12.2929    5.5224    0.2880    0.0000    0.0169    0.0000    0.0000
  117.0000    0.5600    0.4690    0.0910    2.4411    3.5710    8.1113    0.9820   12.4445    5.6812    0.2880    0.0000    0.0169    0.0000    0.0000
  117.0000    0.5800    0.4690    0.1110    2.6687    3.5383    8.0906    0.6386   12.6239    5.8332    0.2880    0.0000    0.0169    0.0000    0.0000
#   age       Mtot      Mc        Menv      logL      logT      logTc     logg      logR      logrhoc   Y         Yc        Z         FeH       OFe       
  118.0000    0.4710    0.4690    0.0020    1.3581    4.4216    8.1656    5.3921   10.2020    4.4208    0.2880    0.0588    0.0169    0.0000    0.0000
  118.0000    0.4730    0.4690    0.0040    1.3611    4.3839    8.1637    5.2403   10.2787    4.4140    0.2880    0.0627    0.0169    0.0000    0.0000
  118.0000    0.4750    0.4690    0.0060    1.3710    4.3599    8.1716    5.1363   10.3317    4.4319    0.2880    0.0483    0.0169    0.0000    0.0000
  118.0000    0.4800    0.4690    0.0110    1.3887    4.3142    8.1870    4.9402   10.4320    4.4710    0.2880    0.0279    0.0169    0.0000    0.0000
  118.0000    0.4850    0.4690    0.0160    1.3944    4.2648    8.1831    4.7415   10.5336    4.4555    0.2880    0.0333    0.0169    0.0000    0.0000
  118.0000    0.4900    0.4690    0.0210    1.4276    4.2533    8.2184    4.6667   10.5732    4.5726    0.2880    0.0082    0.0169    0.0000    0.0000
  118.0000    0.4950    0.4690    0.0260    2.0419    4.0219    8.1956    3.1314   11.3430    5.1710    0.2880    0.0000    0.0169    0.0000    0.0000
  118.0000    0.5000    0.4690    0.0310    1.9958    3.9961    8.1525    3.0784   11.3717    5.2429    0.2880    0.0000    0.0169    0.0000    0.0000
  118.0000    0.5100    0.4690    0.0410    2.0335    3.8217    8.1318    2.3518   11.7393    5.2966    0.2880    0.0000    0.0169    0.0000    0.0000
  118.0000    0.5200    0.4690    0.0510    2.0597    3.6821    8.1275    1.7757   12.0316    5.3233    0.2880    0.0000    0.0169    0.0000    0.0000
  118.0000    0.5300    0.4690    0.0610    2.1575    3.6326    8.1142    1.4881   12.1796    5.4403    0.2880    0.0000    0.0169    0.0000    0.0000
  118.0000    0.5400    0.4690    0.0710    2.1952    3.6168    8.1172    1.3953   12.2300    5.4705    0.2880    0.0000    0.0169    0.0000    0.0000
  118.0000    0.5500    0.4690    0.0810    2.2926    3.5930    8.1149    1.2106   12.3263    5.5639    0.2880    0.0000    0.0169    0.0000    0.0000
  118.0000    0.5600    0.4690    0.0910    2.5535    3.5566    8.1009    0.8122   12.5294    5.7626    0.2880    0.0000    0.0169    0.0000    0.0000
  118.0000    0.5800    0.4690    0.1110    2.9191    3.5088    8.0604    0.2702   12.8081    5.9510    0.2880    0.0000    0.0169    0.0000    0.0000
#   age       Mtot      Mc        Menv      logL      logT      logTc     logg      logR      logrhoc   Y         Yc        Z         FeH       OFe       
  119.0000    0.4710    0.4690    0.0020    1.3610    4.4236    8.1692    5.3974   10.1994    4.4297    0.2880    0.0513    0.0169    0.0000    0.0000
  119.0000    0.4730    0.4690    0.0040    1.3636    4.3858    8.1670    5.2451   10.2763    4.4220    0.2880    0.0563    0.0169    0.0000    0.0000
  119.0000    0.4750    0.4690    0.0060    1.3737    4.3626    8.1758    5.1444   10.3275    4.4435    0.2880    0.0414    0.0169    0.0000    0.0000
  119.0000    0.4800    0.4690    0.0110    1.3914    4.3192    8.1936    4.9576   10.4233    4.4910    0.2880    0.0216    0.0169    0.0000    0.0000
  119.0000    0.4850    0.4690    0.0160    1.3970    4.2691    8.1887    4.7558   10.5264    4.4720    0.2880    0.0270    0.0169    0.0000    0.0000
  119.0000    0.4900    0.4690    0.0210    1.4638    4.2765    8.2452    4.7233   10.5449    4.6843    0.2880    0.0017    0.0169    0.0000    0.0000
  119.0000    0.4950    0.4690    0.0260    1.9894    4.0928    8.1660    3.4676   11.1749    5.2238    0.2880    0.0000    0.0169    0.0000    0.0000
  119.0000    0.5000    0.4690    0.0310    1.9863    4.0235    8.1404    3.1974   11.3122    5.2701    0.2880    0.0000    0.0169    0.0000    0.0000
  119.0000    0.5100    0.4690    0.0410    2.0449    3.8245    8.1272    2.3517   11.7394    5.3186    0.2880    0.0000    0.0169    0.0000    0.0000
  119.0000    0.5200    0.4690    0.0510    2.0733    3.6792    8.1236    1.7503   12.0442    5.3454    0.2880    0.0000    0.0169    0.0000    0.0000
  119.0000    0.5300    0.4690    0.0610    2.1804    3.6277    8.1136    1.4457   12.2008    5.4671    0.2880    0.0000    0.0169    0.0000    0.0000
  119.0000    0.5400    0.4690    0.0710    2.2340    3.6102    8.1160    1.3300   12.2627    5.5096    0.2880    0.0000    0.0169    0.0000    0.0000
  119.0000    0.5500    0.4690    0.0810    2.3556    3.5852    8.1112    1.1166   12.3733    5.6203    0.2880    0.0000    0.0169    0.0000    0.0000
  119.0000    0.5600    0.4690    0.0910    2.7347    3.5358    8.0815    0.5476   12.6617    5.8626    0.2880    0.0000    0.0169    0.0000    0.0000
#   age       Mtot      Mc        Menv      logL      logT      logTc     logg      logR      logrhoc   Y         Yc        Z         FeH       OFe       
  120.0000    0.4710    0.4690    0.0020    1.3637    4.4262    8.1734    5.4053   10.1954    4.4415    0.2880    0.0443    0.0169    0.0000    0.0000
  120.0000    0.4730    0.4690    0.0040    1.3662    4.3876    8.1702    5.2500   10.2739    4.4301    0.2880    0.0499    0.0169    0.0000    0.0000
  120.0000    0.4750    0.4690    0.0060    1.3761    4.3657    8.1803    5.1541   10.3227    4.4565    0.2880    0.0354    0.0169    0.0000    0.0000
  120.0000    0.4800    0.4690    0.0110    1.3951    4.3262    8.2022    4.9818   10.4112    4.5199    0.2880    0.0153    0.0169    0.0000    0.0000
  120.0000    0.4850    0.4690    0.0160    1.3995    4.2738    8.1947    4.7721   10.5182    4.4900    0.2880    0.0211    0.0169    0.0000    0.0000
  120.0000    0.4900    0.4690    0.0210    2.0022    4.1619    8.2380    3.7265   11.0433    5.0977    0.2880    0.0000    0.0169    0.0000    0.0000
  120.0000    0.4950    0.4690    0.0260    1.9700    4.1136    8.1500    3.5700   11.1237    5.2514    0.2880    0.0000    0.0169    0.0000    0.0000
  120.0000    0.5000    0.4690    0.0310    1.9954    4.0284    8.1346    3.2078   11.3070    5.2908    0.2880    0.0000    0.0169    0.0000    0.0000
  120.0000    0.5100    0.4690    0.0410    2.0563    3.8274    8.1227    2.3515   11.7395    5.3405    0.2880    0.0000    0.0169    0.0000    0.0000
  120.0000    0.5200    0.4690    0.0510    2.0870    3.6763    8.1197    1.7250   12.0569    5.3674    0.2880    0.0000    0.0169    0.0000    0.0000
  120.0000    0.5300    0.4690    0.0610    2.2189    3.6207    8.1124    1.3789   12.2342    5.5050    0.2880    0.0000    0.0169    0.0000    0.0000
  120.0000    0.5400    0.4690    0.0710    2.2763    3.6029    8.1147    1.2586   12.2984    5.5512    0.2880    0.0000    0.0169    0.0000    0.0000
  120.0000    0.5500    0.4690    0.0810    2.4320    3.5752    8.1057    1.0002   12.4315    5.6836    0.2880    0.0000    0.0169    0.0000    0.0000
  120.0000    0.5600    0.4690    0.0910    2.9916    3.5091    8.0461    0.1836   12.8438    5.9768    0.2880    0.0000    0.0169    0.0000    0.0000
#   age       Mtot      Mc        Menv      logL      logT      logTc     logg      logR      logrhoc   Y         Yc        Z         FeH       OFe       
  121.0000    0.4710    0.4690    0.0020    1.3662    4.4292    8.1780    5.4146   10.1907    4.4546    0.2880    0.0374    0.0169    0.0000    0.0000
  121.0000    0.4730    0.4690    0.0040    1.3686    4.3901    8.1742    5.2575   10.2701    4.4409    0.2880    0.0436    0.0169    0.0000    0.0000
  121.0000    0.4750    0.4690    0.0060    1.3784    4.3689    8.1851    5.1647   10.3174    4.4701    0.2880    0.0296    0.0169    0.0000    0.0000
  121.0000    0.4800    0.4690    0.0110    1.4013    4.3364    8.2141    5.0164   10.3939    4.5638    0.2880    0.0090    0.0169    0.0000    0.0000
  121.0000    0.4850    0.4690    0.0160    1.4039    4.2810    8.2033    4.7966   10.5060    4.5191    0.2880    0.0150    0.0169    0.0000    0.0000
  121.0000    0.4900    0.4690    0.0210    1.9563    4.1985    8.1874    3.9191   10.9470    5.1873    0.2880    0.0000    0.0169    0.0000    0.0000
  121.0000    0.4950    0.4690    0.0260    1.9506    4.1344    8.1341    3.6725   11.0725    5.2790    0.2880    0.0000    0.0169    0.0000    0.0000
  121.0000    0.5000    0.4690    0.0310    2.0044    4.0332    8.1287    3.2182   11.3018    5.3115    0.2880    0.0000    0.0169    0.0000    0.0000
  121.0000    0.5100    0.4690    0.0410    2.0677    3.8302    8.1181    2.3514   11.7396    5.3625    0.2880    0.0000    0.0169    0.0000    0.0000
  121.0000    0.5200    0.4690    0.0510    2.1006    3.6733    8.1157    1.6997   12.0696    5.3895    0.2880    0.0000    0.0169    0.0000    0.0000
  121.0000    0.5300    0.4690    0.0610    2.2573    3.6136    8.1111    1.3121   12.2676    5.5428    0.2880    0.0000    0.0169    0.0000    0.0000
  121.0000    0.5400    0.4690    0.0710    2.3295    3.5940    8.1120    1.1699   12.3427    5.5998    0.2880    0.0000    0.0169    0.0000    0.0000
  121.0000    0.5500    0.4690    0.0810    2.5406    3.5604    8.0959    0.8321   12.5156    5.7615    0.2880    0.0000    0.0169    0.0000    0.0000
  121.0000    0.5600    0.4690    0.0910    3.2765    3.4827    7.9988   -0.2066   13.0389    6.0873    0.2880    0.0000    0.0169    0.0000    0.0000
#   age       Mtot      Mc        Menv      logL      logT      logTc     logg      logR      logrhoc   Y         Yc        Z         FeH       OFe       
  122.0000    0.4710    0.4690    0.0020    1.3686    4.4325    8.1831    5.4252   10.1854    4.4687    0.2880    0.0306    0.0169    0.0000    0.0000
  122.0000    0.4730    0.4690    0.0040    1.3710    4.3929    8.1786    5.2665   10.2657    4.4532    0.2880    0.0373    0.0169    0.0000    0.0000
  122.0000    0.4750    0.4690    0.0060    1.3804    4.3732    8.1910    5.1799   10.3098    4.4876    0.2880    0.0237    0.0169    0.0000    0.0000
  122.0000    0.4800    0.4690    0.0110    1.4198    4.3611    8.2406    5.0964   10.3539    4.6746    0.2880    0.0026    0.0169    0.0000    0.0000
  122.0000    0.4850    0.4690    0.0160    1.4122    4.2922    8.2161    4.8329   10.4878    4.5667    0.2880    0.0087    0.0169    0.0000    0.0000
  122.0000    0.4900    0.4690    0.0210    1.9144    4.2235    8.1633    4.0606   10.8763    5.2308    0.2880    0.0000    0.0169    0.0000    0.0000
  122.0000    0.4950    0.4690    0.0260    1.9321    4.1547    8.1184    3.7721   11.0227    5.3064    0.2880    0.0000    0.0169    0.0000    0.0000
  122.0000    0.5000    0.4690    0.0310    2.0135    4.0381    8.1229    3.2286   11.2966    5.3321    0.2880    0.0000    0.0169    0.0000    0.0000
  122.0000    0.5100    0.4690    0.0410    2.0791    3.8330    8.1136    2.3513   11.7396    5.3844    0.2880    0.0000    0.0169    0.0000    0.0000
  122.0000    0.5200    0.4690    0.0510    2.1142    3.6704    8.1118    1.6743   12.0823    5.4115    0.2880    0.0000    0.0169    0.0000    0.0000
  122.0000    0.5300    0.4690    0.0610    2.3061    3.6050    8.1087    1.2290   12.3091    5.5875    0.2880    0.0000    0.0169    0.0000    0.0000
  122.0000    0.5400    0.4690    0.0710    2.3944    3.5833    8.1079    1.0625   12.3965    5.6560    0.2880    0.0000    0.0169    0.0000    0.0000
  122.0000    0.5500    0.4690    0.0810    2.7108    3.5398    8.0776    0.5795   12.6419    5.8571    0.2880    0.0000    0.0169    0.0000    0.0000
#   age       Mtot      Mc        Menv      logL      logT      logTc     logg      logR      logrhoc   Y         Yc        Z         FeH       OFe       
  123.0000    0.4710    0.4690    0.0020    1.3710    4.4367    8.1892    5.4398   10.1781    4.4871    0.2880    0.0247    0.0169    0.0000    0.0000
  123.0000    0.4730    0.4690    0.0040    1.3736    4.3962    8.1835    5.2772   10.2603    4.4675    0.2880    0.0312    0.0169    0.0000    0.0000
  123.0000    0.4750    0.4690    0.0060    1.3831    4.3784    8.1980    5.1982   10.3007    4.5097    0.2880    0.0179    0.0169    0.0000    0.0000
  123.0000    0.4800    0.4690    0.0110    1.4958    4.4159    8.2371    5.2397   10.2822    5.0162    0.2880    0.0000    0.0169    0.0000    0.0000
  123.0000    0.4850    0.4690    0.0160    1.4356    4.3174    8.2431    4.9108   10.4489    4.6801    0.2880    0.0023    0.0169    0.0000    0.0000
  123.0000    0.4900    0.4690    0.0210    1.8843    4.2430    8.1429    4.1687   10.8222    5.2694    0.2880    0.0000    0.0169    0.0000    0.0000
  123.0000    0.4950    0.4690    0.0260    1.9498    4.1533    8.1158    3.7488   11.0343    5.3256    0.2880    0.0000    0.0169    0.0000    0.0000
  123.0000    0.5000    0.4690    0.0310    2.0225    4.0429    8.1171    3.2390   11.2914    5.3528    0.2880    0.0000    0.0169    0.0000    0.0000
  123.0000    0.5100    0.4690    0.0410    2.0939    3.8301    8.1100    2.3250   11.7528    5.4075    0.2880    0.0000    0.0169    0.0000    0.0000
  123.0000    0.5200    0.4690    0.0510    2.1409    3.6618    8.1107    1.6134   12.1128    5.4407    0.2880    0.0000    0.0169    0.0000    0.0000
  123.0000    0.5300    0.4690    0.0610    2.3657    3.5949    8.1050    1.1292   12.3590    5.6392    0.2880    0.0000    0.0169    0.0000    0.0000
  123.0000    0.5400    0.4690    0.0710    2.4888    3.5728    8.0995    0.9259   12.4646    5.7267    0.2880    0.0000    0.0169    0.0000    0.0000
#   age       Mtot      Mc        Menv      logL      logT      logTc     logg      logR      logrhoc   Y         Yc        Z         FeH       OFe       
  124.0000    0.4710    0.4690    0.0020    1.3736    4.4415    8.1960    5.4565   10.1697    4.5083    0.2880    0.0188    0.0169    0.0000    0.0000
  124.0000    0.4730    0.4690    0.0040    1.3755    4.4003    8.1892    5.2914   10.2532    4.4844    0.2880    0.0254    0.0169    0.0000    0.0000
  124.0000    0.4750    0.4690    0.0060    1.3871    4.3853    8.2067    5.2217   10.2890    4.5397    0.2880    0.0121    0.0169    0.0000    0.0000
  124.0000    0.4800    0.4690    0.0110    1.5846    4.4192    8.1967    5.1644   10.3198    5.1715    0.2880    0.0000    0.0169    0.0000    0.0000
  124.0000    0.4850    0.4690    0.0160    1.7786    4.3418    8.2461    4.6648   10.5719    5.0753    0.2880    0.0000    0.0169    0.0000    0.0000
  124.0000    0.4900    0.4690    0.0210    1.8979    4.2421    8.1365    4.1514   10.8309    5.2893    0.2880    0.0000    0.0169    0.0000    0.0000
  124.0000    0.4950    0.4690    0.0260    1.9676    4.1519    8.1131    3.7255   11.0460    5.3448    0.2880    0.0000    0.0169    0.0000    0.0000
  124.0000    0.5000    0.4690    0.0310    2.0316    4.0478    8.1112    3.2494   11.2862    5.3735    0.2880    0.0000    0.0169    0.0000    0.0000
  124.0000    0.5100    0.4690    0.0410    2.1188    3.8102    8.1090    2.2201   11.8052    5.4341    0.2880    0.0000    0.0169    0.0000    0.0000
  124.0000    0.5200    0.4690    0.0510    2.1697    3.6524    8.1101    1.5468   12.1461    5.4710    0.2880    0.0000    0.0169    0.0000    0.0000
  124.0000    0.5300    0.4690    0.0610    2.4495    3.5837    8.0980    1.0004   12.4234    5.7027    0.2880    0.0000    0.0169    0.0000    0.0000
  124.0000    0.5400    0.4690    0.0710    2.6322    3.5544    8.0848    0.7088   12.5733    5.8124    0.2880    0.0000    0.0169    0.0000    0.0000
#   age       Mtot      Mc        Menv      logL      logT      logTc     logg      logR      logrhoc   Y         Yc        Z         FeH       OFe       
  125.0000    0.4710    0.4690    0.0020    1.3769    4.4483    8.2049    5.4803   10.1578    4.5394    0.2880    0.0128    0.0169    0.0000    0.0000
  125.0000    0.4730    0.4690    0.0040    1.3774    4.4046    8.1953    5.3069   10.2455    4.5028    0.2880    0.0196    0.0169    0.0000    0.0000
  125.0000    0.4750    0.4690    0.0060    1.4001    4.4033    8.2268    5.2804   10.2596    4.6219    0.2880    0.0059    0.0169    0.0000    0.0000
  125.0000    0.4800    0.4690    0.0110    1.6522    4.4070    8.1685    5.0478   10.3782    5.2245    0.2880    0.0000    0.0169    0.0000    0.0000
  125.0000    0.4850    0.4690    0.0160    1.7877    4.3357    8.2140    4.6313   10.5887    5.1356    0.2880    0.0000    0.0169    0.0000    0.0000
  125.0000    0.4900    0.4690    0.0210    1.9115    4.2412    8.1300    4.1341   10.8395    5.3091    0.2880    0.0000    0.0169    0.0000    0.0000
  125.0000    0.4950    0.4690    0.0260    1.9853    4.1505    8.1105    3.7022   11.0577    5.3639    0.2880    0.0000    0.0169    0.0000    0.0000
  125.0000    0.5000    0.4690    0.0310    2.0437    4.0501    8.1063    3.2468   11.2875    5.3948    0.2880    0.0000    0.0169    0.0000    0.0000
  125.0000    0.5100    0.4690    0.0410    2.1438    3.7902    8.1080    2.1153   11.8576    5.4607    0.2880    0.0000    0.0169    0.0000    0.0000
  125.0000    0.5200    0.4690    0.0510    2.1985    3.6430    8.1095    1.4803   12.1793    5.5012    0.2880    0.0000    0.0169    0.0000    0.0000
  125.0000    0.5300    0.4690    0.0610    2.5655    3.5672    8.0867    0.8185   12.5143    5.7777    0.2880    0.0000    0.0169    0.0000    0.0000
  125.0000    0.5400    0.4690    0.0710    2.8455    3.5300    8.0594    0.3978   12.7288    5.9127    0.2880    0.0000    0.0169    0.0000    0.0000
#   age       Mtot      Mc        Menv      logL      logT      logTc     logg      logR      logrhoc   Y         Yc        Z         FeH       OFe       
  126.0000    0.4710    0.4690    0.0020    1.3872    4.4635    8.2224    5.5307   10.1327    4.6106    0.2880    0.0068    0.0169    0.0000    0.0000
  126.0000    0.4730    0.4690    0.0040    1.3816    4.4113    8.2039    5.3294   10.2342    4.5326    0.2880    0.0138    0.0169    0.0000    0.0000
  126.0000    0.4750    0.4690    0.0060    1.4447    4.4404    8.2549    5.3846   10.2075    4.8208    0.2880    0.0000    0.0169    0.0000    0.0000
  126.0000    0.4800    0.4690    0.0110    1.7092    4.3956    8.1458    4.9450   10.4296    5.2654    0.2880    0.0000    0.0169    0.0000    0.0000
  126.0000    0.4850    0.4690    0.0160    1.7968    4.3295    8.1818    4.5978   10.6054    5.1959    0.2880    0.0000    0.0169    0.0000    0.0000
  126.0000    0.4900    0.4690    0.0210    1.9251    4.2402    8.1235    4.1168   10.8482    5.3290    0.2880    0.0000    0.0169    0.0000    0.0000
  126.0000    0.4950    0.4690    0.0260    2.0030    4.1491    8.1078    3.6789   11.0693    5.3831    0.2880    0.0000    0.0169    0.0000    0.0000
  126.0000    0.5000    0.4690    0.0310    2.0685    4.0421    8.1053    3.1896   11.3161    5.4189    0.2880    0.0000    0.0169    0.0000    0.0000
  126.0000    0.5100    0.4690    0.0410    2.1703    3.7676    8.1069    1.9984   11.9160    5.4882    0.2880    0.0000    0.0169    0.0000    0.0000
  126.0000    0.5200    0.4690    0.0510    2.2373    3.6332    8.1078    1.4026   12.2182    5.5382    0.2880    0.0000    0.0169    0.0000    0.0000
  126.0000    0.5300    0.4690    0.0610    2.7444    3.5456    8.0667    0.5534   12.6469    5.8678    0.2880    0.0000    0.0169    0.0000    0.0000
  126.0000    0.5400    0.4690    0.0710    3.0755    3.5098    8.0203    0.0872   12.8841    6.0192    0.2880    0.0000    0.0169    0.0000    0.0000
#   age       Mtot      Mc        Menv      logL      logT      logTc     logg      logR      logrhoc   Y         Yc        Z         FeH       OFe       
  127.0000    0.4710    0.4690    0.0020    1.4096    4.4887    8.2493    5.6094   10.0933    4.7331    0.2880    0.0007    0.0169    0.0000    0.0000
  127.0000    0.4730    0.4690    0.0040    1.3903    4.4238    8.2186    5.3708   10.2135    4.5899    0.2880    0.0078    0.0169    0.0000    0.0000
  127.0000    0.4750    0.4690    0.0060    1.4965    4.4818    8.2157    5.4983   10.1507    5.1380    0.2880    0.0000    0.0169    0.0000    0.0000
  127.0000    0.4800    0.4690    0.0110    1.7351    4.3917    8.1356    4.9036   10.4503    5.2854    0.2880    0.0000    0.0169    0.0000    0.0000
  127.0000    0.4850    0.4690    0.0160    1.8060    4.3234    8.1496    4.5643   10.6222    5.2561    0.2880    0.0000    0.0169    0.0000    0.0000
  127.0000    0.4900    0.4690    0.0210    1.9387    4.2393    8.1171    4.0995   10.8568    5.3489    0.2880    0.0000    0.0169    0.0000    0.0000
  127.0000    0.4950    0.4690    0.0260    2.0207    4.1477    8.1052    3.6556   11.0810    5.4023    0.2880    0.0000    0.0169    0.0000    0.0000
  127.0000    0.5000    0.4690    0.0310    2.0934    4.0340    8.1043    3.1323   11.3448    5.4430    0.2880    0.0000    0.0169    0.0000    0.0000
  127.0000    0.5100    0.4690    0.0410    2.2061    3.7276    8.1052    1.8028   12.0139    5.5222    0.2880    0.0000    0.0169    0.0000    0.0000
  127.0000    0.5200    0.4690    0.0510    2.2836    3.6233    8.1053    1.3164   12.2612    5.5802    0.2880    0.0000    0.0169    0.0000    0.0000
  127.0000    0.5300    0.4690    0.0610    2.9688    3.5262    8.0351    0.2509   12.7982    5.9673    0.2880    0.0000    0.0169    0.0000    0.0000
#   age       Mtot      Mc        Menv      logL      logT      logTc     logg      logR      logrhoc   Y         Yc        Z         FeH       OFe       
  128.0000    0.4710    0.4690    0.0020    1.4571    4.5448    8.2241    5.7861   10.0049    5.1183    0.2880    0.0000    0.0169    0.0000    0.0000
  128.0000    0.4730    0.4690    0.0040    1.4073    4.4474    8.2445    5.4479   10.1750    4.6994    0.2880    0.0016    0.0169    0.0000    0.0000
  128.0000    0.4750    0.4690    0.0060    1.5843    4.4769    8.1786    5.3909   10.2043    5.2066    0.2880    0.0000    0.0169    0.0000    0.0000
  128.0000    0.4800    0.4690    0.0110    1.7610    4.3878    8.1253    4.8621   10.4710    5.3054    0.2880    0.0000    0.0169    0.0000    0.0000
  128.0000    0.4850    0.4690    0.0160    1.8207    4.3197    8.1321    4.5348   10.6369    5.2928    0.2880    0.0000    0.0169    0.0000    0.0000
  128.0000    0.4900    0.4690    0.0210    1.9523    4.2384    8.1106    4.0822   10.8654    5.3688    0.2880    0.0000    0.0169    0.0000    0.0000
  128.0000    0.4950    0.4690    0.0260    2.0429    4.1443    8.1032    3.6197   11.0990    5.4239    0.2880    0.0000    0.0169    0.0000    0.0000
  128.0000    0.5000    0.4690    0.0310    2.1183    4.0259    8.1033    3.0751   11.3734    5.4671    0.2880    0.0000    0.0169    0.0000    0.0000
  128.0000    0.5100    0.4690    0.0410    2.2460    3.6899    8.1030    1.6121   12.1093    5.5586    0.2880    0.0000    0.0169    0.0000    0.0000
  128.0000    0.5200    0.4690    0.0510    2.3405    3.6117    8.1015    1.2135   12.3127    5.6281    0.2880    0.0000    0.0169    0.0000    0.0000
  128.0000    0.5300    0.4690    0.0610    3.1749    3.5329    7.9949    0.0720   12.8876    6.0699    0.2880    0.0000    0.0169    0.0000    0.0000
#   age       Mtot      Mc        Menv      logL      logT      logTc     logg      logR      logrhoc   Y         Yc        Z         FeH       OFe       
  129.0000    0.4710    0.4690    0.0020    1.5530    4.5469    8.1822    5.6985   10.0487    5.1938    0.2880    0.0000    0.0169    0.0000    0.0000
  129.0000    0.4730    0.4690    0.0040    1.4480    4.5111    8.2346    5.6618   10.0680    5.1045    0.2880    0.0000    0.0169    0.0000    0.0000
  129.0000    0.4750    0.4690    0.0060    1.6512    4.4720    8.1548    5.3044   10.2475    5.2497    0.2880    0.0000    0.0169    0.0000    0.0000
  129.0000    0.4800    0.4690    0.0110    1.7869    4.3839    8.1150    4.8207   10.4917    5.3254    0.2880    0.0000    0.0169    0.0000    0.0000
  129.0000    0.4850    0.4690    0.0160    1.8396    4.3178    8.1259    4.5084   10.6501    5.3115    0.2880    0.0000    0.0169    0.0000    0.0000
  129.0000    0.4900    0.4690    0.0210    1.9659    4.2375    8.1042    4.0649   10.8741    5.3886    0.2880    0.0000    0.0169    0.0000    0.0000
  129.0000    0.4950    0.4690    0.0260    2.0713    4.1379    8.1021    3.5656   11.1260    5.4490    0.2880    0.0000    0.0169    0.0000    0.0000
  129.0000    0.5000    0.4690    0.0310    2.1478    4.0132    8.1020    2.9949   11.4135    5.4943    0.2880    0.0000    0.0169    0.0000    0.0000
  129.0000    0.5100    0.4690    0.0410    2.2970    3.6583    8.0997    1.4347   12.1979    5.6014    0.2880    0.0000    0.0169    0.0000    0.0000
  129.0000    0.5200    0.4690    0.0510    2.4112    3.5982    8.0959    1.0887   12.3751    5.6836    0.2880    0.0000    0.0169    0.0000    0.0000
#   age       Mtot      Mc        Menv      logL      logT      logTc     logg      logR      logrhoc   Y         Yc        Z         FeH       OFe       
  130.0000    0.4710    0.4690    0.0020    1.6229    4.5487    8.1565    5.6356   10.0802    5.2418    0.2880    0.0000    0.0169    0.0000    0.0000
  130.0000    0.4730    0.4690    0.0040    1.5523    4.5087    8.1871    5.5482   10.1248    5.1895    0.2880    0.0000    0.0169    0.0000    0.0000
  130.0000    0.4750    0.4690    0.0060    1.7056    4.4662    8.1372    5.2269   10.2863    5.2794    0.2880    0.0000    0.0169    0.0000    0.0000
  130.0000    0.4800    0.4690    0.0110    1.8120    4.3807    8.1065    4.7826   10.5108    5.3451    0.2880    0.0000    0.0169    0.0000    0.0000
  130.0000    0.4850    0.4690    0.0160    1.8585    4.3159    8.1196    4.4819   10.6634    5.3302    0.2880    0.0000    0.0169    0.0000    0.0000
  130.0000    0.4900    0.4690    0.0210    1.9900    4.2345    8.1020    4.0291   10.8920    5.4108    0.2880    0.0000    0.0169    0.0000    0.0000
  130.0000    0.4950    0.4690    0.0260    2.0998    4.1315    8.1010    3.5115   11.1530    5.4741    0.2880    0.0000    0.0169    0.0000    0.0000
  130.0000    0.5000    0.4690    0.0310    2.1852    3.9929    8.1000    2.8766   11.4726    5.5266    0.2880    0.0000    0.0169    0.0000    0.0000
  130.0000    0.5100    0.4690    0.0410    2.3609    3.6327    8.0947    1.2683   12.2811    5.6508    0.2880    0.0000    0.0169    0.0000    0.0000
  130.0000    0.5200    0.4690    0.0510    2.5142    3.5807    8.0859    0.9153   12.4618    5.7516    0.2880    0.0000    0.0169    0.0000    0.0000
#   age       Mtot      Mc        Menv      logL      logT      logTc     logg      logR      logrhoc   Y         Yc        Z         FeH       OFe       
  131.0000    0.4710    0.4690    0.0020    1.6761    4.5480    8.1396    5.5798   10.1080    5.2700    0.2880    0.0000    0.0169    0.0000    0.0000
  131.0000    0.4730    0.4690    0.0040    1.6275    4.5073    8.1595    5.4676   10.1651    5.2412    0.2880    0.0000    0.0169    0.0000    0.0000
  131.0000    0.4750    0.4690    0.0060    1.7383    4.4645    8.1268    5.1872   10.3062    5.3017    0.2880    0.0000    0.0169    0.0000    0.0000
  131.0000    0.4800    0.4690    0.0110    1.8341    4.3801    8.1048    4.7580   10.5231    5.3637    0.2880    0.0000    0.0169    0.0000    0.0000
  131.0000    0.4850    0.4690    0.0160    1.8774    4.3141    8.1133    4.4555   10.6766    5.3489    0.2880    0.0000    0.0169    0.0000    0.0000
  131.0000    0.4900    0.4690    0.0210    2.0168    4.2311    8.1009    3.9883   10.9124    5.4335    0.2880    0.0000    0.0169    0.0000    0.0000
  131.0000    0.4950    0.4690    0.0260    2.1283    4.1251    8.0999    3.4575   11.1800    5.4991    0.2880    0.0000    0.0169    0.0000    0.0000
  131.0000    0.5000    0.4690    0.0310    2.2230    3.9723    8.0980    2.7563   11.5328    5.5590    0.2880    0.0000    0.0169    0.0000    0.0000
  131.0000    0.5100    0.4690    0.0410    2.4410    3.6114    8.0873    1.1032   12.3636    5.7075    0.2880    0.0000    0.0169    0.0000    0.0000
  131.0000    0.5200    0.4690    0.0510    2.6660    3.5618    8.0694    0.6881   12.5754    5.8323    0.2880    0.0000    0.0169    0.0000    0.0000
#   age       Mtot      Mc        Menv      logL      logT      logTc     logg      logR      logrhoc   Y         Yc        Z         FeH       OFe       
  132.0000    0.4710    0.4690    0.0020    1.7188    4.5484    8.1261    5.5384   10.1287    5.2948    0.2880    0.0000    0.0169    0.0000    0.0000
  132.0000    0.4730    0.4690    0.0040    1.6846    4.5038    8.1418    5.3964   10.2007    5.2716    0.2880    0.0000    0.0169    0.0000    0.0000
  132.0000    0.4750    0.4690    0.0060    1.7591    4.4649    8.1204    5.1681   10.3157    5.3199    0.2880    0.0000    0.0169    0.0000    0.0000
  132.0000    0.4800    0.4690    0.0110    1.8562    4.3794    8.1032    4.7334   10.5354    5.3823    0.2880    0.0000    0.0169    0.0000    0.0000
  132.0000    0.4850    0.4690    0.0160    1.8963    4.3122    8.1071    4.4290   10.6898    5.3676    0.2880    0.0000    0.0169    0.0000    0.0000
  132.0000    0.4900    0.4690    0.0210    2.0437    4.2276    8.0999    3.9476   10.9328    5.4562    0.2880    0.0000    0.0169    0.0000    0.0000
  132.0000    0.4950    0.4690    0.0260    2.1689    4.1118    8.0975    3.3638   11.2268    5.5320    0.2880    0.0000    0.0169    0.0000    0.0000
  132.0000    0.5000    0.4690    0.0310    2.2752    3.9351    8.0944    2.5552   11.6333    5.5999    0.2880    0.0000    0.0169    0.0000    0.0000
  132.0000    0.5100    0.4690    0.0410    2.5529    3.5908    8.0756    0.9086   12.4609    5.7750    0.2880    0.0000    0.0169    0.0000    0.0000
  132.0000    0.5200    0.4690    0.0510    2.8634    3.5421    8.0438    0.4117   12.7136    5.9232    0.2880    0.0000    0.0169    0.0000    0.0000
#   age       Mtot      Mc        Menv      logL      logT      logTc     logg      logR      logrhoc   Y         Yc        Z         FeH       OFe       
  133.0000    0.4710    0.4690    0.0020    1.7385    4.5508    8.1202    5.5283   10.1338    5.3122    0.2880    0.0000    0.0169    0.0000    0.0000
  133.0000    0.4730    0.4690    0.0040    1.7255    4.5024    8.1290    5.3500   10.2239    5.2964    0.2880    0.0000    0.0169    0.0000    0.0000
  133.0000    0.4750    0.4690    0.0060    1.7799    4.4654    8.1140    5.1491   10.3252    5.3380    0.2880    0.0000    0.0169    0.0000    0.0000
  133.0000    0.4800    0.4690    0.0110    1.8783    4.3788    8.1015    4.7088   10.5477    5.4008    0.2880    0.0000    0.0169    0.0000    0.0000
  133.0000    0.4850    0.4690    0.0160    1.9175    4.3103    8.1025    4.4004   10.7041    5.3872    0.2880    0.0000    0.0169    0.0000    0.0000
  133.0000    0.4900    0.4690    0.0210    2.0715    4.2238    8.0987    3.9049   10.9542    5.4796    0.2880    0.0000    0.0169    0.0000    0.0000
  133.0000    0.4950    0.4690    0.0260    2.2097    4.0985    8.0951    3.2696   11.2740    5.5650    0.2880    0.0000    0.0169    0.0000    0.0000
  133.0000    0.5000    0.4690    0.0310    2.3355    3.8881    8.0897    2.3067   11.7576    5.6447    0.2880    0.0000    0.0169    0.0000    0.0000
  133.0000    0.5100    0.4690    0.0410    2.7099    3.5702    8.0579    0.6695   12.5805    5.8528    0.2880    0.0000    0.0169    0.0000    0.0000
  133.0000    0.5200    0.4690    0.0510    3.0649    3.5503    8.0086    0.2430   12.7980    6.0185    0.2880    0.0000    0.0169    0.0000    0.0000
#   age       Mtot      Mc        Menv      logL      logT      logTc     logg      logR      logrhoc   Y         Yc        Z         FeH       OFe       
  134.0000    0.4710    0.4690    0.0020    1.7583    4.5532    8.1143    5.5182   10.1388    5.3295    0.2880    0.0000    0.0169    0.0000    0.0000
  134.0000    0.4730    0.4690    0.0040    1.7457    4.5038    8.1225    5.3352   10.2313    5.3141    0.2880    0.0000    0.0169    0.0000    0.0000
  134.0000    0.4750    0.4690    0.0060    1.8007    4.4658    8.1076    5.1301   10.3348    5.3562    0.2880    0.0000    0.0169    0.0000    0.0000
  134.0000    0.4800    0.4690    0.0110    1.9003    4.3782    8.0998    4.6842   10.5600    5.4194    0.2880    0.0000    0.0169    0.0000    0.0000
  134.0000    0.4850    0.4690    0.0160    1.9434    4.3085    8.1015    4.3674   10.7206    5.4084    0.2880    0.0000    0.0169    0.0000    0.0000
  134.0000    0.4900    0.4690    0.0210    2.1089    4.2179    8.0965    3.8437   10.9847    5.5091    0.2880    0.0000    0.0169    0.0000    0.0000
  134.0000    0.4950    0.4690    0.0260    2.2617    4.0790    8.0912    3.1398   11.3389    5.6039    0.2880    0.0000    0.0169    0.0000    0.0000
  134.0000    0.5000    0.4690    0.0310    2.4123    3.8217    8.0828    1.9643   11.9288    5.6968    0.2880    0.0000    0.0169    0.0000    0.0000
  134.0000    0.5100    0.4690    0.0410    2.8974    3.5631    8.0312    0.4533   12.6886    5.9396    0.2880    0.0000    0.0169    0.0000    0.0000
  134.0000    0.5200    0.4690    0.0510    1.3225    4.9027    7.9917    7.3950    9.2219    6.1592    0.2880    0.0000    0.0169    0.0000    0.0000
#   age       Mtot      Mc        Menv      logL      logT      logTc     logg      logR      logrhoc   Y         Yc        Z         FeH       OFe       
  135.0000    0.4710    0.4690    0.0020    1.7780    4.5556    8.1084    5.5081   10.1439    5.3469    0.2880    0.0000    0.0169    0.0000    0.0000
  135.0000    0.4730    0.4690    0.0040    1.7660    4.5051    8.1160    5.3204   10.2387    5.3317    0.2880    0.0000    0.0169    0.0000    0.0000
  135.0000    0.4750    0.4690    0.0060    1.8215    4.4662    8.1011    5.1110   10.3443    5.3744    0.2880    0.0000    0.0169    0.0000    0.0000
  135.0000    0.4800    0.4690    0.0110    1.9280    4.3774    8.0982    4.6534   10.5754    5.4411    0.2880    0.0000    0.0169    0.0000    0.0000
  135.0000    0.4850    0.4690    0.0160    1.9693    4.3067    8.1004    4.3344   10.7371    5.4296    0.2880    0.0000    0.0169    0.0000    0.0000
  135.0000    0.4900    0.4690    0.0210    2.1464    4.2119    8.0943    3.7825   11.0153    5.5386    0.2880    0.0000    0.0169    0.0000    0.0000
  135.0000    0.4950    0.4690    0.0260    2.3205    4.0560    8.0865    2.9888   11.4143    5.6462    0.2880    0.0000    0.0169    0.0000    0.0000
  135.0000    0.5000    0.4690    0.0310    2.5140    3.7346    8.0726    1.5144   12.1538    5.7572    0.2880    0.0000    0.0169    0.0000    0.0000
  135.0000    0.5100    0.4690    0.0410    2.9646    4.6739    7.9999    4.8293   10.5006    6.0304    0.2880    0.0000    0.0169    0.0000    0.0000
#   age       Mtot      Mc        Menv      logL      logT      logTc     logg      logR      logrhoc   Y         Yc        Z         FeH       OFe       
  136.0000    0.4710    0.4690    0.0020    1.7977    4.5580    8.1025    5.4980   10.1489    5.3642    0.2880    0.0000    0.0169    0.0000    0.0000
  136.0000    0.4730    0.4690    0.0040    1.7863    4.5065    8.1095    5.3055   10.2461    5.3494    0.2880    0.0000    0.0169    0.0000    0.0000
  136.0000    0.4750    0.4690    0.0060    1.8435    4.4678    8.0989    5.0953   10.3521    5.3943    0.2880    0.0000    0.0169    0.0000    0.0000
  136.0000    0.4800    0.4690    0.0110    1.9583    4.3765    8.0966    4.6195   10.5923    5.4644    0.2880    0.0000    0.0169    0.0000    0.0000
  136.0000    0.4850    0.4690    0.0160    1.9952    4.3049    8.0994    4.3014   10.7536    5.4509    0.2880    0.0000    0.0169    0.0000    0.0000
  136.0000    0.4900    0.4690    0.0210    2.1907    4.2049    8.0912    3.7101   11.0515    5.5718    0.2880    0.0000    0.0169    0.0000    0.0000
  136.0000    0.4950    0.4690    0.0260    2.3996    4.0246    8.0792    2.7842   11.5167    5.6968    0.2880    0.0000    0.0169    0.0000    0.0000
  136.0000    0.5000    0.4690    0.0310    2.6520    3.6863    8.0572    1.1828   12.3195    5.8274    0.2880    0.0000    0.0169    0.0000    0.0000
#   age       Mtot      Mc        Menv      logL      logT      logTc     logg      logR      logrhoc   Y         Yc        Z         FeH       OFe       
  137.0000    0.4710    0.4690    0.0020    1.8179    4.5609    8.0979    5.4893   10.1533    5.3822    0.2880    0.0000    0.0169    0.0000    0.0000
  137.0000    0.4730    0.4690    0.0040    1.8065    4.5079    8.1030    5.2907   10.2535    5.3671    0.2880    0.0000    0.0169    0.0000    0.0000
  137.0000    0.4750    0.4690    0.0060    1.8658    4.4696    8.0975    5.0802   10.3597    5.4144    0.2880    0.0000    0.0169    0.0000    0.0000
  137.0000    0.4800    0.4690    0.0110    1.9886    4.3756    8.0949    4.5856   10.6092    5.4877    0.2880    0.0000    0.0169    0.0000    0.0000
  137.0000    0.4850    0.4690    0.0160    2.0256    4.3027    8.0978    4.2623   10.7732    5.4750    0.2880    0.0000    0.0169    0.0000    0.0000
  137.0000    0.4900    0.4690    0.0210    2.2430    4.1965    8.0869    3.6243   11.0944    5.6094    0.2880    0.0000    0.0169    0.0000    0.0000
  137.0000    0.4950    0.4690    0.0260    2.5013    3.9949    8.0690    2.5633   11.6271    5.7545    0.2880    0.0000    0.0169    0.0000    0.0000
  137.0000    0.5000    0.4690    0.0310    2.8158    3.9489    8.0355    2.0695   11.8762    5.9056    0.2880    0.0000    0.0169    0.0000    0.0000
#   age       Mtot      Mc        Menv      logL      logT      logTc     logg      logR      logrhoc   Y         Yc        Z         FeH       OFe       
  138.0000    0.4710    0.4690    0.0020    1.8393    4.5649    8.0966    5.4838   10.1560    5.4016    0.2880    0.0000    0.0169    0.0000    0.0000
  138.0000    0.4730    0.4690    0.0040    1.8276    4.5100    8.0993    5.2782   10.2598    5.3859    0.2880    0.0000    0.0169    0.0000    0.0000
  138.0000    0.4750    0.4690    0.0060    1.8880    4.4714    8.0960    5.0651   10.3673    5.4346    0.2880    0.0000    0.0169    0.0000    0.0000
  138.0000    0.4800    0.4690    0.0110    2.0231    4.3748    8.0928    4.5479   10.6281    5.5133    0.2880    0.0000    0.0169    0.0000    0.0000
  138.0000    0.4850    0.4690    0.0160    2.0607    4.3001    8.0957    4.2165   10.7960    5.5022    0.2880    0.0000    0.0169    0.0000    0.0000
  138.0000    0.4900    0.4690    0.0210    2.3070    4.1894    8.0813    3.5317   11.1407    5.6518    0.2880    0.0000    0.0169    0.0000    0.0000
  138.0000    0.4950    0.4690    0.0260    2.6285    4.0442    8.0544    2.6341   11.5917    5.8212    0.2880    0.0000    0.0169    0.0000    0.0000
  138.0000    0.5000    0.4690    0.0310    2.6794    4.7923    8.0095    5.5798   10.1210    5.9933    0.2880    0.0000    0.0169    0.0000    0.0000
#   age       Mtot      Mc        Menv      logL      logT      logTc     logg      logR      logrhoc   Y         Yc        Z         FeH       OFe       
  139.0000    0.4710    0.4690    0.0020    1.8607    4.5688    8.0954    5.4784   10.1587    5.4210    0.2880    0.0000    0.0169    0.0000    0.0000
  139.0000    0.4730    0.4690    0.0040    1.8494    4.5128    8.0981    5.2677   10.2650    5.4056    0.2880    0.0000    0.0169    0.0000    0.0000
  139.0000    0.4750    0.4690    0.0060    1.9102    4.4732    8.0945    5.0500   10.3748    5.4547    0.2880    0.0000    0.0169    0.0000    0.0000
  139.0000    0.4800    0.4690    0.0110    2.0645    4.3741    8.0899    4.5039   10.6501    5.5426    0.2880    0.0000    0.0169    0.0000    0.0000
  139.0000    0.4850    0.4690    0.0160    2.0958    4.2975    8.0936    4.1708   10.8189    5.5294    0.2880    0.0000    0.0169    0.0000    0.0000
  139.0000    0.4900    0.4690    0.0210    2.3834    4.1867    8.0742    3.4445   11.1843    5.6995    0.2880    0.0000    0.0169    0.0000    0.0000
  139.0000    0.4950    0.4690    0.0260    2.7587    4.3350    8.0344    3.6664   11.0755    5.8959    0.2880    0.0000    0.0169    0.0000    0.0000
#   age       Mtot      Mc        Menv      logL      logT      logTc     logg      logR      logrhoc   Y         Yc        Z         FeH       OFe       
  140.0000    0.4710    0.4690    0.0020    1.8820    4.5728    8.0941    5.4729   10.1615    5.4405    0.2880    0.0000    0.0169    0.0000    0.0000
  140.0000    0.4730    0.4690    0.0040    1.8713    4.5157    8.0968    5.2573   10.2702    5.4253    0.2880    0.0000    0.0169    0.0000    0.0000
  140.0000    0.4750    0.4690    0.0060    1.9347    4.4754    8.0927    5.0344   10.3826    5.4773    0.2880    0.0000    0.0169    0.0000    0.0000
  140.0000    0.4800    0.4690    0.0110    2.1059    4.3734    8.0869    4.4598   10.6721    5.5720    0.2880    0.0000    0.0169    0.0000    0.0000
  140.0000    0.4850    0.4690    0.0160    2.1392    4.2947    8.0906    4.1163   10.8462    5.5615    0.2880    0.0000    0.0169    0.0000    0.0000
  140.0000    0.4900    0.4690    0.0210    2.4767    4.2033    8.0646    3.4177   11.1977    5.7550    0.2880    0.0000    0.0169    0.0000    0.0000
  140.0000    0.4950    0.4690    0.0260    2.5345    4.8165    8.0105    5.8172   10.0002    5.9819    0.2880    0.0000    0.0169    0.0000    0.0000
#   age       Mtot      Mc        Menv      logL      logT      logTc     logg      logR      logrhoc   Y         Yc        Z         FeH       OFe       
  141.0000    0.4710    0.4690    0.0020    1.9034    4.5768    8.0928    5.4675   10.1642    5.4599    0.2880    0.0000    0.0169    0.0000    0.0000
  141.0000    0.4730    0.4690    0.0040    1.8931    4.5185    8.0956    5.2468   10.2755    5.4451    0.2880    0.0000    0.0169    0.0000    0.0000
  141.0000    0.4750    0.4690    0.0060    1.9630    4.4784    8.0903    5.0181   10.3908    5.5039    0.2880    0.0000    0.0169    0.0000    0.0000
  141.0000    0.4800    0.4690    0.0110    2.1585    4.3760    8.0820    4.4177   10.6932    5.6082    0.2880    0.0000    0.0169    0.0000    0.0000
  141.0000    0.4850    0.4690    0.0160    2.1872    4.2919    8.0869    4.0569   10.8759    5.5963    0.2880    0.0000    0.0169    0.0000    0.0000
  141.0000    0.4900    0.4690    0.0210    2.5895    4.2846    8.0508    3.6300   11.0915    5.8188    0.2880    0.0000    0.0169    0.0000    0.0000
  141.0000    0.4950    0.4690    0.0260    1.0000    4.8228    7.9906    7.3769    9.2204    6.1099    0.2880    0.0000    0.0169    0.0000    0.0000
#   age       Mtot      Mc        Menv      logL      logT      logTc     logg      logR      logrhoc   Y         Yc        Z         FeH       OFe       
  142.0000    0.4710    0.4690    0.0020    1.9287    4.5821    8.0907    5.4636   10.1661    5.4837    0.2880    0.0000    0.0169    0.0000    0.0000
  142.0000    0.4730    0.4690    0.0040    1.9150    4.5214    8.0944    5.2364   10.2807    5.4648    0.2880    0.0000    0.0169    0.0000    0.0000
  142.0000    0.4750    0.4690    0.0060    1.9913    4.4814    8.0879    5.0017   10.3990    5.5306    0.2880    0.0000    0.0169    0.0000    0.0000
  142.0000    0.4800    0.4690    0.0110    2.2130    4.3794    8.0768    4.3769   10.7136    5.6452    0.2880    0.0000    0.0169    0.0000    0.0000
  142.0000    0.4850    0.4690    0.0160    2.2452    4.2908    8.0818    3.9949   10.9069    5.6356    0.2880    0.0000    0.0169    0.0000    0.0000
  142.0000    0.4900    0.4690    0.0210    2.6711    4.5233    8.0324    4.5031   10.6550    5.8899    0.2880    0.0000    0.0169    0.0000    0.0000
  142.0000    0.4950    0.4690    0.0260    0.5367    4.7420    7.9295    7.5166    9.1504    6.1666    0.2880    0.0000    0.0169    0.0000    0.0000
#   age       Mtot      Mc        Menv      logL      logT      logTc     logg      logR      logrhoc   Y         Yc        Z         FeH       OFe       
  143.0000    0.4710    0.4690    0.0020    1.9558    4.5881    8.0883    5.4604   10.1678    5.5094    0.2880    0.0000    0.0169    0.0000    0.0000
  143.0000    0.4730    0.4690    0.0040    1.9424    4.5257    8.0920    5.2264   10.2857    5.4909    0.2880    0.0000    0.0169    0.0000    0.0000
  143.0000    0.4750    0.4690    0.0060    2.0197    4.4844    8.0855    4.9853   10.4071    5.5572    0.2880    0.0000    0.0169    0.0000    0.0000
  143.0000    0.4800    0.4690    0.0110    2.2840    4.3908    8.0693    4.3513   10.7264    5.6885    0.2880    0.0000    0.0169    0.0000    0.0000
  143.0000    0.4850    0.4690    0.0160    2.3115    4.2917    8.0756    3.9319   10.9383    5.6787    0.2880    0.0000    0.0169    0.0000    0.0000
  143.0000    0.4900    0.4690    0.0210    2.4414    4.8244    8.0106    5.9373    9.9379    5.9719    0.2880    0.0000    0.0169    0.0000    0.0000
  143.0000    0.4950    0.4690    0.0260    0.2605    4.6878    7.8853    7.5762    9.1207    6.1949    0.2880    0.0000    0.0169    0.0000    0.0000
#   age       Mtot      Mc        Menv      logL      logT      logTc     logg      logR      logrhoc   Y         Yc        Z         FeH       OFe       
  144.0000    0.4710    0.4690    0.0020    1.9828    4.5940    8.0858    5.4571   10.1694    5.5351    0.2880    0.0000    0.0169    0.0000    0.0000
  144.0000    0.4730    0.4690    0.0040    1.9700    4.5302    8.0896    5.2165   10.2907    5.5170    0.2880    0.0000    0.0169    0.0000    0.0000
  144.0000    0.4750    0.4690    0.0060    2.0553    4.4903    8.0809    4.9732   10.4132    5.5915    0.2880    0.0000    0.0169    0.0000    0.0000
  144.0000    0.4800    0.4690    0.0110    2.3652    4.4178    8.0599    4.3781   10.7130    5.7362    0.2880    0.0000    0.0169    0.0000    0.0000
  144.0000    0.4850    0.4690    0.0160    2.3978    4.3051    8.0665    3.8989   10.9549    5.7292    0.2880    0.0000    0.0169    0.0000    0.0000
  144.0000    0.4950    0.4690    0.0260    0.0554    4.6455    7.8522    7.6121    9.1027    6.2114    0.2880    0.0000    0.0169    0.0000    0.0000
#   age       Mtot      Mc        Menv      logL      logT      logTc     logg      logR      logrhoc   Y         Yc        Z         FeH       OFe       
  145.0000    0.4710    0.4690    0.0020    2.0101    4.6003    8.0832    5.4551   10.1705    5.5616    0.2880    0.0000    0.0169    0.0000    0.0000
  145.0000    0.4730    0.4690    0.0040    1.9975    4.5346    8.0872    5.2066   10.2956    5.5431    0.2880    0.0000    0.0169    0.0000    0.0000
  145.0000    0.4750    0.4690    0.0060    2.0922    4.4966    8.0759    4.9619   10.4189    5.6272    0.2880    0.0000    0.0169    0.0000    0.0000
  145.0000    0.4800    0.4690    0.0110    2.4455    4.4803    8.0479    4.5479   10.6281    5.7894    0.2880    0.0000    0.0169    0.0000    0.0000
  145.0000    0.4850    0.4690    0.0160    2.4979    4.3529    8.0544    3.9904   10.9091    5.7856    0.2880    0.0000    0.0169    0.0000    0.0000
#   age       Mtot      Mc        Menv      logL      logT      logTc     logg      logR      logrhoc   Y         Yc        Z         FeH       OFe       
  146.0000    0.4710    0.4690    0.0020    2.0406    4.6106    8.0782    5.4654   10.1652    5.5966    0.2880    0.0000    0.0169    0.0000    0.0000
  146.0000    0.4730    0.4690    0.0040    2.0266    4.5407    8.0837    5.2019   10.2980    5.5730    0.2880    0.0000    0.0169    0.0000    0.0000
  146.0000    0.4750    0.4690    0.0060    2.1347    4.5042    8.0703    4.9496   10.4250    5.6644    0.2880    0.0000    0.0169    0.0000    0.0000
  146.0000    0.4800    0.4690    0.0110    2.4914    4.6003    8.0326    4.9820   10.4111    5.8479    0.2880    0.0000    0.0169    0.0000    0.0000
  146.0000    0.4850    0.4690    0.0160    2.5821    4.4982    8.0378    4.4875   10.6606    5.8488    0.2880    0.0000    0.0169    0.0000    0.0000
#   age       Mtot      Mc        Menv      logL      logT      logTc     logg      logR      logrhoc   Y         Yc        Z         FeH       OFe       
  147.0000    0.4710    0.4690    0.0020    2.0712    4.6208    8.0733    5.4758   10.1600    5.6317    0.2880    0.0000    0.0169    0.0000    0.0000
  147.0000    0.4730    0.4690    0.0040    2.0579    4.5493    8.0785    5.2050   10.2964    5.6086    0.2880    0.0000    0.0169    0.0000    0.0000
  147.0000    0.4750    0.4690    0.0060    2.2021    4.5170    8.0620    4.9333   10.4332    5.7086    0.2880    0.0000    0.0169    0.0000    0.0000
  147.0000    0.4800    0.4690    0.0110    2.3911    4.7591    8.0136    5.7176   10.0433    5.9128    0.2880    0.0000    0.0169    0.0000    0.0000
  147.0000    0.4850    0.4690    0.0160    2.4991    4.7314    8.0175    5.5029   10.1529    5.9191    0.2880    0.0000    0.0169    0.0000    0.0000
#   age       Mtot      Mc        Menv      logL      logT      logTc     logg      logR      logrhoc   Y         Yc        Z         FeH       OFe       
  148.0000    0.4710    0.4690    0.0020    2.1017    4.6310    8.0683    5.4862   10.1548    5.6667    0.2880    0.0000    0.0169    0.0000    0.0000
  148.0000    0.4730    0.4690    0.0040    2.0893    4.5579    8.0734    5.2081   10.2948    5.6442    0.2880    0.0000    0.0169    0.0000    0.0000
  148.0000    0.4750    0.4690    0.0060    2.2938    4.5416    8.0513    4.9399   10.4299    5.7570    0.2880    0.0000    0.0169    0.0000    0.0000
#   age       Mtot      Mc        Menv      logL      logT      logTc     logg      logR      logrhoc   Y         Yc        Z         FeH       OFe       
  149.0000    0.4710    0.4690    0.0020    2.1130    4.6539    8.0570    5.5664   10.1147    5.7155    0.2880    0.0000    0.0169    0.0000    0.0000
  149.0000    0.4730    0.4690    0.0040    2.1243    4.5703    8.0666    5.2224   10.2877    5.6835    0.2880    0.0000    0.0169    0.0000    0.0000
  149.0000    0.4750    0.4690    0.0060    2.3662    4.6019    8.0375    5.1088   10.3454    5.8102    0.2880    0.0000    0.0169    0.0000    0.0000
#   age       Mtot      Mc        Menv      logL      logT      logTc     logg      logR      logrhoc   Y         Yc        Z         FeH       OFe       
  150.0000    0.4710    0.4690    0.0020    2.1239    4.6769    8.0456    5.6479   10.0740    5.7645    0.2880    0.0000    0.0169    0.0000    0.0000
  150.0000    0.4730    0.4690    0.0040    2.1665    4.5900    8.0569    5.2592   10.2693    5.7302    0.2880    0.0000    0.0169    0.0000    0.0000
  150.0000    0.4750    0.4690    0.0060    2.3738    4.6989    8.0208    5.4893   10.1552    5.8678    0.2880    0.0000    0.0169    0.0000    0.0000
#   age       Mtot      Mc        Menv      logL      logT      logTc     logg      logR      logrhoc   Y         Yc        Z         FeH       OFe       
  151.0000    0.4710    0.4690    0.0020    2.1348    4.7000    8.0343    5.7293   10.0333    5.8136    0.2880    0.0000    0.0169    0.0000    0.0000
  151.0000    0.4730    0.4690    0.0040    2.2229    4.6138    8.0463    5.2982   10.2498    5.7783    0.2880    0.0000    0.0169    0.0000    0.0000
  151.0000    0.4750    0.4690    0.0060    2.2926    4.8148    8.0023    6.0339    9.8828    5.9328    0.2880    0.0000    0.0169    0.0000    0.0000
#   age       Mtot      Mc        Menv      logL      logT      logTc     logg      logR      logrhoc   Y         Yc        Z         FeH       OFe       
  152.0000    0.4710    0.4690    0.0020    2.1731    4.7419    8.0190    5.8586    9.9687    5.8675    0.2880    0.0000    0.0169    0.0000    0.0000
  152.0000    0.4730    0.4690    0.0040    2.2992    4.6695    8.0307    5.4448   10.1765    5.8331    0.2880    0.0000    0.0169    0.0000    0.0000
  152.0000    0.4750    0.4690    0.0060    1.1036    4.8042    7.9882    7.1808    9.3093    6.0433    0.2880    0.0000    0.0169    0.0000    0.0000
#   age       Mtot      Mc        Menv      logL      logT      logTc     logg      logR      logrhoc   Y         Yc        Z         FeH       OFe       
  153.0000    0.4710    0.4690    0.0020    2.2538    4.8350    8.0011    6.1500    9.8230    5.9332    0.2880    0.0000    0.0169    0.0000    0.0000
  153.0000    0.4730    0.4690    0.0040    2.2767    4.7524    8.0121    5.7986    9.9996    5.8905    0.2880    0.0000    0.0169    0.0000    0.0000
  153.0000    0.4750    0.4690    0.0060    0.6049    4.7367    7.9425    7.4095    9.1951    6.0982    0.2880    0.0000    0.0169    0.0000    0.0000
#   age       Mtot      Mc        Menv      logL      logT      logTc     logg      logR      logrhoc   Y         Yc        Z         FeH       OFe       
  154.0000    0.4710    0.4690    0.0020    1.1116    4.8023    7.9847    7.1615    9.3172    6.0365    0.2880    0.0000    0.0169    0.0000    0.0000
  154.0000    0.4730    0.4690    0.0040    1.9194    4.8730    8.0032    6.6385    9.5797    5.9778    0.2880    0.0000    0.0169    0.0000    0.0000
  154.0000    0.4750    0.4690    0.0060    0.3109    4.6847    7.9012    7.4955    9.1520    6.1288    0.2880    0.0000    0.0169    0.0000    0.0000
#   age       Mtot      Mc        Menv      logL      logT      logTc     logg      logR      logrhoc   Y         Yc        Z         FeH       OFe       
  155.0000    0.4710    0.4690    0.0020    0.6005    4.7312    7.9410    7.3884    9.2037    6.0879    0.2880    0.0000    0.0169    0.0000    0.0000
  155.0000    0.4750    0.4690    0.0060    0.1020    4.6439    7.8680    7.5413    9.1291    6.1474    0.2880    0.0000    0.0169    0.0000    0.0000
#   age       Mtot      Mc        Menv      logL      logT      logTc     logg      logR      logrhoc   Y         Yc        Z         FeH       OFe       
  156.0000    0.4710    0.4690    0.0020    0.3094    4.6805    7.9012    7.4763    9.1597    6.1173    0.2880    0.0000    0.0169    0.0000    0.0000
#   age       Mtot      Mc        Menv      logL      logT      logTc     logg      logR      logrhoc   Y         Yc        Z         FeH       OFe       
  157.0000    0.4710    0.4690    0.0020    0.1029    4.6407    7.8686    7.5238    9.1360    6.1355    0.2880    0.0000    0.0169    0.0000    0.0000
