#   age       Mtot      Mc        Menv      logL      logT      logTc     logg      logR      logrhoc   Y         Yc        Z         FeH       OFe       
    2.0000    0.4610    0.4580    0.0030    0.9797    4.3559    8.0613    5.4984   10.1441    4.3739    0.2890    0.8950    0.0600    0.5800    0.0000
    2.0000    0.4630    0.4580    0.0050    0.9853    4.3252    8.0616    5.3722   10.2081    4.3717    0.2890    0.8951    0.0600    0.5800    0.0000
    2.0000    0.4650    0.4580    0.0070    0.9897    4.3016    8.0618    5.2749   10.2577    4.3695    0.2890    0.8950    0.0600    0.5800    0.0000
    2.0000    0.4700    0.4580    0.0120    1.0051    4.2550    8.0623    5.0779   10.3586    4.3647    0.2890    0.8920    0.0600    0.5800    0.0000
    2.0000    0.4750    0.4580    0.0170    1.0204    4.2166    8.0627    4.9138   10.4429    4.3612    0.2890    0.8946    0.0600    0.5800    0.0000
    2.0000    0.4800    0.4580    0.0220    1.0416    4.1819    8.0631    4.7579   10.5231    4.3579    0.2890    0.8946    0.0600    0.5800    0.0000
    2.0000    0.4900    0.4580    0.0320    1.1405    4.1037    8.0636    4.3554   10.7289    4.3538    0.2890    0.8914    0.0600    0.5800    0.0000
    2.0000    0.5000    0.4580    0.0420    1.2783    3.9796    8.0636    3.7301   11.0459    4.3541    0.2890    0.8911    0.0600    0.5800    0.0000
    2.0000    0.5100    0.4580    0.0520    1.3644    3.8190    8.0635    3.0101   11.4102    4.3547    0.2890    0.8898    0.0600    0.5800    0.0000
    2.0000    0.5200    0.4580    0.0620    1.4086    3.7000    8.0635    2.4984   11.6703    4.3552    0.2890    0.8908    0.0600    0.5800    0.0000
    2.0000    0.5400    0.4580    0.0820    1.4454    3.6515    8.0636    2.2840   11.7856    4.3556    0.2890    0.8906    0.0600    0.5800    0.0000
    2.0000    0.5600    0.4580    0.1020    1.4648    3.6348    8.0635    2.2135   11.8288    4.3558    0.2890    0.8906    0.0600    0.5800    0.0000
    2.0000    0.6000    0.4580    0.1420    1.4887    3.6206    8.0633    2.1626   11.8693    4.3558    0.2890    0.8902    0.0600    0.5800    0.0000
    2.0000    0.7000    0.4580    0.2420    1.5256    3.6073    8.0632    2.1396   11.9142    4.3561    0.2890    0.8900    0.0600    0.5800    0.0000
    2.0000    0.8000    0.4580    0.3420    1.5503    3.6048    8.0632    2.1626   11.9316    4.3565    0.2890    0.8898    0.0600    0.5800    0.0000
#   age       Mtot      Mc        Menv      logL      logT      logTc     logg      logR      logrhoc   Y         Yc        Z         FeH       OFe       
    3.0000    0.4610    0.4580    0.0030    0.9821    4.3556    8.0618    5.4949   10.1459    4.3739    0.2890    0.8845    0.0600    0.5800    0.0000
    3.0000    0.4630    0.4580    0.0050    0.9876    4.3248    8.0620    5.3683   10.2101    4.3716    0.2890    0.8847    0.0600    0.5800    0.0000
    3.0000    0.4650    0.4580    0.0070    0.9923    4.3011    8.0623    5.2705   10.2599    4.3695    0.2890    0.8844    0.0600    0.5800    0.0000
    3.0000    0.4700    0.4580    0.0120    1.0070    4.2543    8.0627    5.0733   10.3609    4.3648    0.2890    0.8818    0.0600    0.5800    0.0000
    3.0000    0.4750    0.4580    0.0170    1.0217    4.2158    8.0632    4.9092   10.4452    4.3612    0.2890    0.8834    0.0600    0.5800    0.0000
    3.0000    0.4800    0.4580    0.0220    1.0425    4.1810    8.0636    4.7535   10.5253    4.3579    0.2890    0.8831    0.0600    0.5800    0.0000
    3.0000    0.4900    0.4580    0.0320    1.1405    4.1031    8.0641    4.3528   10.7302    4.3537    0.2890    0.8804    0.0600    0.5800    0.0000
    3.0000    0.5000    0.4580    0.0420    1.2822    3.9776    8.0641    3.7181   11.0519    4.3540    0.2890    0.8796    0.0600    0.5800    0.0000
    3.0000    0.5100    0.4580    0.0520    1.3711    3.8135    8.0640    2.9816   11.4244    4.3545    0.2890    0.8797    0.0600    0.5800    0.0000
    3.0000    0.5200    0.4580    0.0620    1.4150    3.6974    8.0641    2.4813   11.6788    4.3551    0.2890    0.8796    0.0600    0.5800    0.0000
    3.0000    0.5400    0.4580    0.0820    1.4518    3.6503    8.0641    2.2726   11.7914    4.3554    0.2890    0.8794    0.0600    0.5800    0.0000
    3.0000    0.5600    0.4580    0.1020    1.4713    3.6337    8.0640    2.2029   11.8340    4.3555    0.2890    0.8794    0.0600    0.5800    0.0000
    3.0000    0.6000    0.4580    0.1420    1.4960    3.6197    8.0638    2.1516   11.8748    4.3555    0.2890    0.8799    0.0600    0.5800    0.0000
    3.0000    0.7000    0.4580    0.2420    1.5334    3.6065    8.0638    2.1287   11.9197    4.3558    0.2890    0.8796    0.0600    0.5800    0.0000
    3.0000    0.8000    0.4580    0.3420    1.5587    3.6042    8.0638    2.1517   11.9371    4.3562    0.2890    0.8793    0.0600    0.5800    0.0000
#   age       Mtot      Mc        Menv      logL      logT      logTc     logg      logR      logrhoc   Y         Yc        Z         FeH       OFe       
    4.0000    0.4610    0.4580    0.0030    0.9845    4.3553    8.0622    5.4913   10.1477    4.3738    0.2890    0.8740    0.0600    0.5800    0.0000
    4.0000    0.4630    0.4580    0.0050    0.9900    4.3245    8.0625    5.3645   10.2120    4.3716    0.2890    0.8743    0.0600    0.5800    0.0000
    4.0000    0.4650    0.4580    0.0070    0.9948    4.3006    8.0628    5.2662   10.2621    4.3695    0.2890    0.8739    0.0600    0.5800    0.0000
    4.0000    0.4700    0.4580    0.0120    1.0089    4.2536    8.0632    5.0686   10.3632    4.3649    0.2890    0.8716    0.0600    0.5800    0.0000
    4.0000    0.4750    0.4580    0.0170    1.0231    4.2150    8.0637    4.9047   10.4475    4.3611    0.2890    0.8721    0.0600    0.5800    0.0000
    4.0000    0.4800    0.4580    0.0220    1.0434    4.1801    8.0641    4.7491   10.5276    4.3578    0.2890    0.8716    0.0600    0.5800    0.0000
    4.0000    0.4900    0.4580    0.0320    1.1404    4.1024    8.0646    4.3502   10.7315    4.3537    0.2890    0.8693    0.0600    0.5800    0.0000
    4.0000    0.5000    0.4580    0.0420    1.2860    3.9756    8.0647    3.7062   11.0578    4.3539    0.2890    0.8681    0.0600    0.5800    0.0000
    4.0000    0.5100    0.4580    0.0520    1.3778    3.8081    8.0645    2.9532   11.4386    4.3544    0.2890    0.8695    0.0600    0.5800    0.0000
    4.0000    0.5200    0.4580    0.0620    1.4213    3.6947    8.0646    2.4643   11.6873    4.3549    0.2890    0.8685    0.0600    0.5800    0.0000
    4.0000    0.5400    0.4580    0.0820    1.4581    3.6490    8.0646    2.2612   11.7971    4.3552    0.2890    0.8683    0.0600    0.5800    0.0000
    4.0000    0.5600    0.4580    0.1020    1.4779    3.6327    8.0645    2.1924   11.8393    4.3553    0.2890    0.8682    0.0600    0.5800    0.0000
    4.0000    0.6000    0.4580    0.1420    1.5033    3.6187    8.0644    2.1407   11.8802    4.3553    0.2890    0.8697    0.0600    0.5800    0.0000
    4.0000    0.7000    0.4580    0.2420    1.5413    3.6058    8.0644    2.1177   11.9251    4.3555    0.2890    0.8692    0.0600    0.5800    0.0000
    4.0000    0.8000    0.4580    0.3420    1.5670    3.6035    8.0643    2.1409   11.9425    4.3558    0.2890    0.8688    0.0600    0.5800    0.0000
#   age       Mtot      Mc        Menv      logL      logT      logTc     logg      logR      logrhoc   Y         Yc        Z         FeH       OFe       
    5.0000    0.4610    0.4580    0.0030    0.9869    4.3551    8.0627    5.4878   10.1494    4.3738    0.2890    0.8635    0.0600    0.5800    0.0000
    5.0000    0.4630    0.4580    0.0050    0.9923    4.3241    8.0629    5.3606   10.2139    4.3716    0.2890    0.8639    0.0600    0.5800    0.0000
    5.0000    0.4650    0.4580    0.0070    0.9974    4.3002    8.0632    5.2618   10.2643    4.3695    0.2890    0.8633    0.0600    0.5800    0.0000
    5.0000    0.4700    0.4580    0.0120    1.0109    4.2530    8.0637    5.0640   10.3654    4.3649    0.2890    0.8614    0.0600    0.5800    0.0000
    5.0000    0.4750    0.4580    0.0170    1.0245    4.2143    8.0641    4.9001   10.4498    4.3611    0.2890    0.8608    0.0600    0.5800    0.0000
    5.0000    0.4800    0.4580    0.0220    1.0443    4.1792    8.0646    4.7447   10.5298    4.3578    0.2890    0.8601    0.0600    0.5800    0.0000
    5.0000    0.4900    0.4580    0.0320    1.1403    4.1018    8.0651    4.3476   10.7327    4.3536    0.2890    0.8583    0.0600    0.5800    0.0000
    5.0000    0.5000    0.4580    0.0420    1.2899    3.9736    8.0652    3.6942   11.0638    4.3538    0.2890    0.8567    0.0600    0.5800    0.0000
    5.0000    0.5100    0.4580    0.0520    1.3845    3.8027    8.0650    2.9247   11.4528    4.3542    0.2890    0.8593    0.0600    0.5800    0.0000
    5.0000    0.5200    0.4580    0.0620    1.4276    3.6920    8.0651    2.4473   11.6958    4.3548    0.2890    0.8573    0.0600    0.5800    0.0000
    5.0000    0.5400    0.4580    0.0820    1.4645    3.6477    8.0652    2.2497   11.8028    4.3550    0.2890    0.8571    0.0600    0.5800    0.0000
    5.0000    0.5600    0.4580    0.1020    1.4844    3.6317    8.0651    2.1819   11.8445    4.3551    0.2890    0.8570    0.0600    0.5800    0.0000
    5.0000    0.6000    0.4580    0.1420    1.5106    3.6178    8.0649    2.1297   11.8857    4.3550    0.2890    0.8595    0.0600    0.5800    0.0000
    5.0000    0.7000    0.4580    0.2420    1.5491    3.6050    8.0649    2.1068   11.9306    4.3552    0.2890    0.8589    0.0600    0.5800    0.0000
    5.0000    0.8000    0.4580    0.3420    1.5753    3.6029    8.0649    2.1300   11.9480    4.3554    0.2890    0.8582    0.0600    0.5800    0.0000
#   age       Mtot      Mc        Menv      logL      logT      logTc     logg      logR      logrhoc   Y         Yc        Z         FeH       OFe       
    6.0000    0.4610    0.4580    0.0030    0.9892    4.3548    8.0632    5.4842   10.1512    4.3738    0.2890    0.8530    0.0600    0.5800    0.0000
    6.0000    0.4630    0.4580    0.0050    0.9946    4.3237    8.0634    5.3568   10.2159    4.3715    0.2890    0.8535    0.0600    0.5800    0.0000
    6.0000    0.4650    0.4580    0.0070    0.9999    4.2997    8.0637    5.2574   10.2664    4.3695    0.2890    0.8527    0.0600    0.5800    0.0000
    6.0000    0.4700    0.4580    0.0120    1.0128    4.2523    8.0641    5.0593   10.3677    4.3650    0.2890    0.8512    0.0600    0.5800    0.0000
    6.0000    0.4750    0.4580    0.0170    1.0259    4.2135    8.0646    4.8955   10.4521    4.3611    0.2890    0.8496    0.0600    0.5800    0.0000
    6.0000    0.4800    0.4580    0.0220    1.0453    4.1783    8.0651    4.7402   10.5320    4.3578    0.2890    0.8489    0.0600    0.5800    0.0000
    6.0000    0.4900    0.4580    0.0320    1.1404    4.1011    8.0656    4.3450   10.7341    4.3535    0.2890    0.8476    0.0600    0.5800    0.0000
    6.0000    0.5000    0.4580    0.0420    1.2924    3.9724    8.0657    3.6869   11.0675    4.3536    0.2890    0.8458    0.0600    0.5800    0.0000
    6.0000    0.5100    0.4580    0.0520    1.3906    3.7979    8.0654    2.8995   11.4654    4.3541    0.2890    0.8492    0.0600    0.5800    0.0000
    6.0000    0.5200    0.4580    0.0620    1.4319    3.6906    8.0657    2.4373   11.7008    4.3545    0.2890    0.8465    0.0600    0.5800    0.0000
    6.0000    0.5400    0.4580    0.0820    1.4686    3.6471    8.0657    2.2430   11.8062    4.3547    0.2890    0.8464    0.0600    0.5800    0.0000
    6.0000    0.5600    0.4580    0.1020    1.4884    3.6312    8.0656    2.1758   11.8475    4.3546    0.2890    0.8462    0.0600    0.5800    0.0000
    6.0000    0.6000    0.4580    0.1420    1.5172    3.6169    8.0654    2.1197   11.8907    4.3547    0.2890    0.8493    0.0600    0.5800    0.0000
    6.0000    0.7000    0.4580    0.2420    1.5556    3.6044    8.0655    2.0979   11.9350    4.3549    0.2890    0.8486    0.0600    0.5800    0.0000
    6.0000    0.8000    0.4580    0.3420    1.5814    3.6024    8.0654    2.1221   11.9519    4.3549    0.2890    0.8478    0.0600    0.5800    0.0000
#   age       Mtot      Mc        Menv      logL      logT      logTc     logg      logR      logrhoc   Y         Yc        Z         FeH       OFe       
    7.0000    0.4610    0.4580    0.0030    0.9916    4.3545    8.0636    5.4807   10.1530    4.3737    0.2890    0.8437    0.0600    0.5800    0.0000
    7.0000    0.4630    0.4580    0.0050    0.9970    4.3233    8.0638    5.3529   10.2178    4.3714    0.2890    0.8440    0.0600    0.5800    0.0000
    7.0000    0.4650    0.4580    0.0070    1.0024    4.2993    8.0641    5.2531   10.2686    4.3694    0.2890    0.8434    0.0600    0.5800    0.0000
    7.0000    0.4700    0.4580    0.0120    1.0151    4.2516    8.0646    5.0545   10.3702    4.3649    0.2890    0.8420    0.0600    0.5800    0.0000
    7.0000    0.4750    0.4580    0.0170    1.0281    4.2127    8.0651    4.8900   10.4548    4.3610    0.2890    0.8404    0.0600    0.5800    0.0000
    7.0000    0.4800    0.4580    0.0220    1.0471    4.1774    8.0655    4.7347   10.5348    4.3577    0.2890    0.8395    0.0600    0.5800    0.0000
    7.0000    0.4900    0.4580    0.0320    1.1406    4.1005    8.0661    4.3421   10.7355    4.3534    0.2890    0.8379    0.0600    0.5800    0.0000
    7.0000    0.5000    0.4580    0.0420    1.2931    3.9723    8.0663    3.6859   11.0680    4.3533    0.2890    0.8358    0.0600    0.5800    0.0000
    7.0000    0.5100    0.4580    0.0520    1.3903    3.8002    8.0660    2.9090   11.4607    4.3535    0.2890    0.8394    0.0600    0.5800    0.0000
    7.0000    0.5200    0.4580    0.0620    1.4320    3.6915    8.0663    2.4407   11.6991    4.3539    0.2890    0.8365    0.0600    0.5800    0.0000
    7.0000    0.5400    0.4580    0.0820    1.4685    3.6475    8.0663    2.2447   11.8053    4.3540    0.2890    0.8365    0.0600    0.5800    0.0000
    7.0000    0.5600    0.4580    0.1020    1.4881    3.6315    8.0662    2.1772   11.8468    4.3538    0.2890    0.8361    0.0600    0.5800    0.0000
    7.0000    0.6000    0.4580    0.1420    1.5160    3.6173    8.0660    2.1223   11.8894    4.3539    0.2890    0.8396    0.0600    0.5800    0.0000
    7.0000    0.7000    0.4580    0.2420    1.5540    3.6047    8.0661    2.1005   11.9337    4.3539    0.2890    0.8388    0.0600    0.5800    0.0000
    7.0000    0.8000    0.4580    0.3420    1.5797    3.6027    8.0661    2.1248   11.9506    4.3538    0.2890    0.8380    0.0600    0.5800    0.0000
#   age       Mtot      Mc        Menv      logL      logT      logTc     logg      logR      logrhoc   Y         Yc        Z         FeH       OFe       
    8.0000    0.4610    0.4580    0.0030    0.9941    4.3542    8.0641    5.4772   10.1547    4.3736    0.2890    0.8350    0.0600    0.5800    0.0000
    8.0000    0.4630    0.4580    0.0050    0.9995    4.3230    8.0642    5.3489   10.2198    4.3713    0.2890    0.8351    0.0600    0.5800    0.0000
    8.0000    0.4650    0.4580    0.0070    1.0048    4.2988    8.0646    5.2489   10.2707    4.3693    0.2890    0.8345    0.0600    0.5800    0.0000
    8.0000    0.4700    0.4580    0.0120    1.0174    4.2510    8.0651    5.0496   10.3727    4.3648    0.2890    0.8329    0.0600    0.5800    0.0000
    8.0000    0.4750    0.4580    0.0170    1.0303    4.2118    8.0656    4.8846   10.4575    4.3609    0.2890    0.8312    0.0600    0.5800    0.0000
    8.0000    0.4800    0.4580    0.0220    1.0489    4.1765    8.0660    4.7292   10.5375    4.3576    0.2890    0.8302    0.0600    0.5800    0.0000
    8.0000    0.4900    0.4580    0.0320    1.1409    4.0998    8.0666    4.3392   10.7370    4.3532    0.2890    0.8283    0.0600    0.5800    0.0000
    8.0000    0.5000    0.4580    0.0420    1.2938    3.9722    8.0668    3.6850   11.0685    4.3530    0.2890    0.8258    0.0600    0.5800    0.0000
    8.0000    0.5100    0.4580    0.0520    1.3900    3.8025    8.0666    2.9184   11.4560    4.3530    0.2890    0.8296    0.0600    0.5800    0.0000
    8.0000    0.5200    0.4580    0.0620    1.4322    3.6924    8.0668    2.4441   11.6974    4.3532    0.2890    0.8264    0.0600    0.5800    0.0000
    8.0000    0.5400    0.4580    0.0820    1.4685    3.6479    8.0668    2.2465   11.8044    4.3533    0.2890    0.8266    0.0600    0.5800    0.0000
    8.0000    0.5600    0.4580    0.1020    1.4877    3.6318    8.0668    2.1787   11.8461    4.3531    0.2890    0.8260    0.0600    0.5800    0.0000
    8.0000    0.6000    0.4580    0.1420    1.5148    3.6176    8.0666    2.1249   11.8881    4.3530    0.2890    0.8299    0.0600    0.5800    0.0000
    8.0000    0.7000    0.4580    0.2420    1.5525    3.6049    8.0667    2.1031   11.9324    4.3529    0.2890    0.8291    0.0600    0.5800    0.0000
    8.0000    0.8000    0.4580    0.3420    1.5779    3.6029    8.0667    2.1275   11.9492    4.3527    0.2890    0.8282    0.0600    0.5800    0.0000
#   age       Mtot      Mc        Menv      logL      logT      logTc     logg      logR      logrhoc   Y         Yc        Z         FeH       OFe       
    9.0000    0.4610    0.4580    0.0030    0.9965    4.3539    8.0645    5.4736   10.1565    4.3735    0.2890    0.8262    0.0600    0.5800    0.0000
    9.0000    0.4630    0.4580    0.0050    1.0019    4.3226    8.0647    5.3449   10.2218    4.3712    0.2890    0.8261    0.0600    0.5800    0.0000
    9.0000    0.4650    0.4580    0.0070    1.0072    4.2983    8.0650    5.2446   10.2728    4.3692    0.2890    0.8256    0.0600    0.5800    0.0000
    9.0000    0.4700    0.4580    0.0120    1.0197    4.2504    8.0655    5.0447   10.3751    4.3647    0.2890    0.8238    0.0600    0.5800    0.0000
    9.0000    0.4750    0.4580    0.0170    1.0325    4.2110    8.0661    4.8792   10.4602    4.3609    0.2890    0.8220    0.0600    0.5800    0.0000
    9.0000    0.4800    0.4580    0.0220    1.0508    4.1755    8.0665    4.7237   10.5402    4.3576    0.2890    0.8208    0.0600    0.5800    0.0000
    9.0000    0.4900    0.4580    0.0320    1.1411    4.0991    8.0671    4.3362   10.7385    4.3531    0.2890    0.8187    0.0600    0.5800    0.0000
    9.0000    0.5000    0.4580    0.0420    1.2946    3.9721    8.0673    3.6840   11.0689    4.3527    0.2890    0.8158    0.0600    0.5800    0.0000
    9.0000    0.5100    0.4580    0.0520    1.3898    3.8048    8.0671    2.9279   11.4513    4.3524    0.2890    0.8199    0.0600    0.5800    0.0000
    9.0000    0.5200    0.4580    0.0620    1.4323    3.6933    8.0674    2.4475   11.6957    4.3526    0.2890    0.8163    0.0600    0.5800    0.0000
    9.0000    0.5400    0.4580    0.0820    1.4684    3.6484    8.0674    2.2482   11.8036    4.3526    0.2890    0.8167    0.0600    0.5800    0.0000
    9.0000    0.5600    0.4580    0.1020    1.4874    3.6321    8.0674    2.1801   11.8454    4.3523    0.2890    0.8159    0.0600    0.5800    0.0000
    9.0000    0.6000    0.4580    0.1420    1.5136    3.6180    8.0672    2.1275   11.8868    4.3522    0.2890    0.8202    0.0600    0.5800    0.0000
    9.0000    0.7000    0.4580    0.2420    1.5510    3.6052    8.0673    2.1057   11.9312    4.3519    0.2890    0.8193    0.0600    0.5800    0.0000
    9.0000    0.8000    0.4580    0.3420    1.5762    3.6031    8.0673    2.1302   11.9479    4.3516    0.2890    0.8184    0.0600    0.5800    0.0000
#   age       Mtot      Mc        Menv      logL      logT      logTc     logg      logR      logrhoc   Y         Yc        Z         FeH       OFe       
   10.0000    0.4610    0.4580    0.0030    0.9989    4.3537    8.0649    5.4701   10.1582    4.3733    0.2890    0.8175    0.0600    0.5800    0.0000
   10.0000    0.4630    0.4580    0.0050    1.0043    4.3222    8.0651    5.3410   10.2237    4.3710    0.2890    0.8171    0.0600    0.5800    0.0000
   10.0000    0.4650    0.4580    0.0070    1.0096    4.2979    8.0655    5.2404   10.2749    4.3691    0.2890    0.8167    0.0600    0.5800    0.0000
   10.0000    0.4700    0.4580    0.0120    1.0220    4.2497    8.0660    5.0397   10.3776    4.3646    0.2890    0.8147    0.0600    0.5800    0.0000
   10.0000    0.4750    0.4580    0.0170    1.0347    4.2102    8.0665    4.8737   10.4629    4.3608    0.2890    0.8128    0.0600    0.5800    0.0000
   10.0000    0.4800    0.4580    0.0220    1.0526    4.1746    8.0670    4.7182   10.5430    4.3575    0.2890    0.8114    0.0600    0.5800    0.0000
   10.0000    0.4900    0.4580    0.0320    1.1414    4.0984    8.0676    4.3333   10.7399    4.3530    0.2890    0.8090    0.0600    0.5800    0.0000
   10.0000    0.5000    0.4580    0.0420    1.2953    3.9720    8.0679    3.6831   11.0694    4.3525    0.2890    0.8058    0.0600    0.5800    0.0000
   10.0000    0.5100    0.4580    0.0520    1.3895    3.8070    8.0677    2.9373   11.4466    4.3519    0.2890    0.8101    0.0600    0.5800    0.0000
   10.0000    0.5200    0.4580    0.0620    1.4325    3.6942    8.0680    2.4509   11.6940    4.3520    0.2890    0.8062    0.0600    0.5800    0.0000
   10.0000    0.5400    0.4580    0.0820    1.4683    3.6488    8.0679    2.2499   11.8027    4.3520    0.2890    0.8068    0.0600    0.5800    0.0000
   10.0000    0.5600    0.4580    0.1020    1.4871    3.6323    8.0680    2.1815   11.8447    4.3515    0.2890    0.8059    0.0600    0.5800    0.0000
   10.0000    0.6000    0.4580    0.1420    1.5124    3.6183    8.0678    2.1301   11.8855    4.3513    0.2890    0.8105    0.0600    0.5800    0.0000
   10.0000    0.7000    0.4580    0.2420    1.5494    3.6055    8.0679    2.1083   11.9299    4.3510    0.2890    0.8096    0.0600    0.5800    0.0000
   10.0000    0.8000    0.4580    0.3420    1.5744    3.6033    8.0680    2.1329   11.9466    4.3505    0.2890    0.8086    0.0600    0.5800    0.0000
#   age       Mtot      Mc        Menv      logL      logT      logTc     logg      logR      logrhoc   Y         Yc        Z         FeH       OFe       
   11.0000    0.4610    0.4580    0.0030    1.0013    4.3534    8.0654    5.4666   10.1600    4.3732    0.2890    0.8087    0.0600    0.5800    0.0000
   11.0000    0.4630    0.4580    0.0050    1.0068    4.3218    8.0656    5.3370   10.2257    4.3709    0.2890    0.8081    0.0600    0.5800    0.0000
   11.0000    0.4650    0.4580    0.0070    1.0120    4.2974    8.0659    5.2361   10.2770    4.3690    0.2890    0.8078    0.0600    0.5800    0.0000
   11.0000    0.4700    0.4580    0.0120    1.0244    4.2491    8.0664    5.0348   10.3801    4.3645    0.2890    0.8056    0.0600    0.5800    0.0000
   11.0000    0.4750    0.4580    0.0170    1.0369    4.2094    8.0670    4.8683   10.4657    4.3607    0.2890    0.8035    0.0600    0.5800    0.0000
   11.0000    0.4800    0.4580    0.0220    1.0544    4.1737    8.0675    4.7127   10.5457    4.3574    0.2890    0.8020    0.0600    0.5800    0.0000
   11.0000    0.4900    0.4580    0.0320    1.1416    4.0978    8.0681    4.3304   10.7414    4.3529    0.2890    0.7994    0.0600    0.5800    0.0000
   11.0000    0.5000    0.4580    0.0420    1.2949    3.9726    8.0684    3.6854   11.0682    4.3521    0.2890    0.7961    0.0600    0.5800    0.0000
   11.0000    0.5100    0.4580    0.0520    1.3892    3.8093    8.0683    2.9468   11.4419    4.3513    0.2890    0.8003    0.0600    0.5800    0.0000
   11.0000    0.5200    0.4580    0.0620    1.4312    3.6959    8.0685    2.4590   11.6899    4.3513    0.2890    0.7964    0.0600    0.5800    0.0000
   11.0000    0.5400    0.4580    0.0820    1.4672    3.6495    8.0685    2.2537   11.8008    4.3512    0.2890    0.7969    0.0600    0.5800    0.0000
   11.0000    0.5600    0.4580    0.1020    1.4856    3.6328    8.0687    2.1850   11.8429    4.3507    0.2890    0.7960    0.0600    0.5800    0.0000
   11.0000    0.6000    0.4580    0.1420    1.5112    3.6187    8.0684    2.1327   11.8842    4.3505    0.2890    0.8008    0.0600    0.5800    0.0000
   11.0000    0.7000    0.4580    0.2420    1.5479    3.6057    8.0685    2.1109   11.9286    4.3500    0.2890    0.7998    0.0600    0.5800    0.0000
   11.0000    0.8000    0.4580    0.3420    1.5726    3.6035    8.0686    2.1357   11.9452    4.3494    0.2890    0.7988    0.0600    0.5800    0.0000
#   age       Mtot      Mc        Menv      logL      logT      logTc     logg      logR      logrhoc   Y         Yc        Z         FeH       OFe       
   12.0000    0.4610    0.4580    0.0030    1.0037    4.3531    8.0658    5.4631   10.1617    4.3731    0.2890    0.8000    0.0600    0.5800    0.0000
   12.0000    0.4630    0.4580    0.0050    1.0092    4.3215    8.0660    5.3330   10.2277    4.3708    0.2890    0.7992    0.0600    0.5800    0.0000
   12.0000    0.4650    0.4580    0.0070    1.0144    4.2969    8.0664    5.2319   10.2792    4.3689    0.2890    0.7990    0.0600    0.5800    0.0000
   12.0000    0.4700    0.4580    0.0120    1.0267    4.2485    8.0669    5.0299   10.3825    4.3643    0.2890    0.7967    0.0600    0.5800    0.0000
   12.0000    0.4750    0.4580    0.0170    1.0392    4.2086    8.0675    4.8629   10.4684    4.3606    0.2890    0.7947    0.0600    0.5800    0.0000
   12.0000    0.4800    0.4580    0.0220    1.0563    4.1728    8.0680    4.7071   10.5485    4.3573    0.2890    0.7932    0.0600    0.5800    0.0000
   12.0000    0.4900    0.4580    0.0320    1.1418    4.0971    8.0686    4.3276   10.7428    4.3526    0.2890    0.7904    0.0600    0.5800    0.0000
   12.0000    0.5000    0.4580    0.0420    1.2931    3.9739    8.0690    3.6925   11.0647    4.3516    0.2890    0.7868    0.0600    0.5800    0.0000
   12.0000    0.5100    0.4580    0.0520    1.3854    3.8150    8.0689    2.9733   11.4286    4.3506    0.2890    0.7911    0.0600    0.5800    0.0000
   12.0000    0.5200    0.4580    0.0620    1.4277    3.6989    8.0691    2.4746   11.6821    4.3505    0.2890    0.7872    0.0600    0.5800    0.0000
   12.0000    0.5400    0.4580    0.0820    1.4636    3.6506    8.0691    2.2619   11.7967    4.3501    0.2890    0.7872    0.0600    0.5800    0.0000
   12.0000    0.5600    0.4580    0.1020    1.4824    3.6337    8.0693    2.1915   11.8397    4.3497    0.2890    0.7866    0.0600    0.5800    0.0000
   12.0000    0.6000    0.4580    0.1420    1.5085    3.6193    8.0690    2.1378   11.8817    4.3494    0.2890    0.7915    0.0600    0.5800    0.0000
   12.0000    0.7000    0.4580    0.2420    1.5456    3.6061    8.0691    2.1148   11.9266    4.3489    0.2890    0.7906    0.0600    0.5800    0.0000
   12.0000    0.8000    0.4580    0.3420    1.5706    3.6038    8.0692    2.1388   11.9436    4.3482    0.2890    0.7896    0.0600    0.5800    0.0000
#   age       Mtot      Mc        Menv      logL      logT      logTc     logg      logR      logrhoc   Y         Yc        Z         FeH       OFe       
   13.0000    0.4610    0.4580    0.0030    1.0060    4.3528    8.0662    5.4597   10.1634    4.3729    0.2890    0.7920    0.0600    0.5800    0.0000
   13.0000    0.4630    0.4580    0.0050    1.0116    4.3211    8.0665    5.3292   10.2296    4.3706    0.2890    0.7910    0.0600    0.5800    0.0000
   13.0000    0.4650    0.4580    0.0070    1.0167    4.2965    8.0668    5.2278   10.2812    4.3687    0.2890    0.7908    0.0600    0.5800    0.0000
   13.0000    0.4700    0.4580    0.0120    1.0291    4.2478    8.0674    5.0250   10.3850    4.3641    0.2890    0.7882    0.0600    0.5800    0.0000
   13.0000    0.4750    0.4580    0.0170    1.0414    4.2078    8.0679    4.8574   10.4711    4.3604    0.2890    0.7862    0.0600    0.5800    0.0000
   13.0000    0.4800    0.4580    0.0220    1.0583    4.1719    8.0684    4.7015   10.5513    4.3571    0.2890    0.7846    0.0600    0.5800    0.0000
   13.0000    0.4900    0.4580    0.0320    1.1420    4.0964    8.0691    4.3247   10.7442    4.3523    0.2890    0.7813    0.0600    0.5800    0.0000
   13.0000    0.5000    0.4580    0.0420    1.2913    3.9752    8.0695    3.6995   11.0612    4.3512    0.2890    0.7776    0.0600    0.5800    0.0000
   13.0000    0.5100    0.4580    0.0520    1.3814    3.8208    8.0694    3.0003   11.4151    4.3500    0.2890    0.7819    0.0600    0.5800    0.0000
   13.0000    0.5200    0.4580    0.0620    1.4242    3.7019    8.0696    2.4902   11.6743    4.3497    0.2890    0.7779    0.0600    0.5800    0.0000
   13.0000    0.5400    0.4580    0.0820    1.4601    3.6518    8.0697    2.2701   11.7926    4.3491    0.2890    0.7775    0.0600    0.5800    0.0000
   13.0000    0.5600    0.4580    0.1020    1.4792    3.6345    8.0699    2.1980   11.8365    4.3487    0.2890    0.7771    0.0600    0.5800    0.0000
   13.0000    0.6000    0.4580    0.1420    1.5057    3.6199    8.0696    2.1430   11.8790    4.3483    0.2890    0.7823    0.0600    0.5800    0.0000
   13.0000    0.7000    0.4580    0.2420    1.5433    3.6065    8.0697    2.1186   11.9247    4.3478    0.2890    0.7813    0.0600    0.5800    0.0000
   13.0000    0.8000    0.4580    0.3420    1.5686    3.6041    8.0698    2.1419   11.9421    4.3471    0.2890    0.7803    0.0600    0.5800    0.0000
#   age       Mtot      Mc        Menv      logL      logT      logTc     logg      logR      logrhoc   Y         Yc        Z         FeH       OFe       
   14.0000    0.4610    0.4580    0.0030    1.0083    4.3525    8.0667    5.4562   10.1652    4.3727    0.2890    0.7840    0.0600    0.5800    0.0000
   14.0000    0.4630    0.4580    0.0050    1.0139    4.3207    8.0670    5.3253   10.2315    4.3704    0.2890    0.7829    0.0600    0.5800    0.0000
   14.0000    0.4650    0.4580    0.0070    1.0191    4.2961    8.0672    5.2236   10.2833    4.3684    0.2890    0.7826    0.0600    0.5800    0.0000
   14.0000    0.4700    0.4580    0.0120    1.0314    4.2472    8.0678    5.0201   10.3875    4.3640    0.2890    0.7796    0.0600    0.5800    0.0000
   14.0000    0.4750    0.4580    0.0170    1.0436    4.2070    8.0684    4.8520   10.4738    4.3602    0.2890    0.7777    0.0600    0.5800    0.0000
   14.0000    0.4800    0.4580    0.0220    1.0602    4.1710    8.0689    4.6959   10.5541    4.3569    0.2890    0.7760    0.0600    0.5800    0.0000
   14.0000    0.4900    0.4580    0.0320    1.1422    4.0957    8.0697    4.3219   10.7456    4.3520    0.2890    0.7722    0.0600    0.5800    0.0000
   14.0000    0.5000    0.4580    0.0420    1.2895    3.9765    8.0700    3.7065   11.0577    4.3507    0.2890    0.7683    0.0600    0.5800    0.0000
   14.0000    0.5100    0.4580    0.0520    1.3775    3.8266    8.0700    3.0274   11.4015    4.3493    0.2890    0.7728    0.0600    0.5800    0.0000
   14.0000    0.5200    0.4580    0.0620    1.4207    3.7049    8.0702    2.5058   11.6665    4.3490    0.2890    0.7687    0.0600    0.5800    0.0000
   14.0000    0.5400    0.4580    0.0820    1.4566    3.6529    8.0704    2.2783   11.7885    4.3481    0.2890    0.7677    0.0600    0.5800    0.0000
   14.0000    0.5600    0.4580    0.1020    1.4760    3.6353    8.0705    2.2045   11.8332    4.3477    0.2890    0.7676    0.0600    0.5800    0.0000
   14.0000    0.6000    0.4580    0.1420    1.5029    3.6205    8.0702    2.1483   11.8764    4.3473    0.2890    0.7731    0.0600    0.5800    0.0000
   14.0000    0.7000    0.4580    0.2420    1.5410    3.6069    8.0703    2.1225   11.9227    4.3467    0.2890    0.7721    0.0600    0.5800    0.0000
   14.0000    0.8000    0.4580    0.3420    1.5666    3.6044    8.0704    2.1450   11.9405    4.3460    0.2890    0.7710    0.0600    0.5800    0.0000
#   age       Mtot      Mc        Menv      logL      logT      logTc     logg      logR      logrhoc   Y         Yc        Z         FeH       OFe       
   15.0000    0.4610    0.4580    0.0030    1.0107    4.3522    8.0671    5.4528   10.1669    4.3724    0.2890    0.7760    0.0600    0.5800    0.0000
   15.0000    0.4630    0.4580    0.0050    1.0163    4.3203    8.0674    5.3215   10.2335    4.3702    0.2890    0.7747    0.0600    0.5800    0.0000
   15.0000    0.4650    0.4580    0.0070    1.0214    4.2956    8.0677    5.2195   10.2854    4.3682    0.2890    0.7743    0.0600    0.5800    0.0000
   15.0000    0.4700    0.4580    0.0120    1.0338    4.2465    8.0683    5.0151   10.3899    4.3638    0.2890    0.7711    0.0600    0.5800    0.0000
   15.0000    0.4750    0.4580    0.0170    1.0458    4.2062    8.0689    4.8466   10.4765    4.3600    0.2890    0.7691    0.0600    0.5800    0.0000
   15.0000    0.4800    0.4580    0.0220    1.0622    4.1701    8.0694    4.6903   10.5569    4.3567    0.2890    0.7673    0.0600    0.5800    0.0000
   15.0000    0.4900    0.4580    0.0320    1.1423    4.0951    8.0702    4.3190   10.7470    4.3517    0.2890    0.7632    0.0600    0.5800    0.0000
   15.0000    0.5000    0.4580    0.0420    1.2877    3.9778    8.0706    3.7135   11.0542    4.3502    0.2890    0.7590    0.0600    0.5800    0.0000
   15.0000    0.5100    0.4580    0.0520    1.3735    3.8324    8.0706    3.0545   11.3880    4.3486    0.2890    0.7636    0.0600    0.5800    0.0000
   15.0000    0.5200    0.4580    0.0620    1.4172    3.7079    8.0707    2.5214   11.6587    4.3482    0.2890    0.7594    0.0600    0.5800    0.0000
   15.0000    0.5400    0.4580    0.0820    1.4530    3.6541    8.0710    2.2864   11.7844    4.3471    0.2890    0.7580    0.0600    0.5800    0.0000
   15.0000    0.5600    0.4580    0.1020    1.4728    3.6362    8.0711    2.2110   11.8300    4.3467    0.2890    0.7582    0.0600    0.5800    0.0000
   15.0000    0.6000    0.4580    0.1420    1.5001    3.6212    8.0708    2.1536   11.8737    4.3462    0.2890    0.7639    0.0600    0.5800    0.0000
   15.0000    0.7000    0.4580    0.2420    1.5388    3.6073    8.0710    2.1264   11.9208    4.3456    0.2890    0.7628    0.0600    0.5800    0.0000
   15.0000    0.8000    0.4580    0.3420    1.5646    3.6047    8.0710    2.1481   11.9390    4.3449    0.2890    0.7618    0.0600    0.5800    0.0000
#   age       Mtot      Mc        Menv      logL      logT      logTc     logg      logR      logrhoc   Y         Yc        Z         FeH       OFe       
   16.0000    0.4610    0.4580    0.0030    1.0130    4.3519    8.0675    5.4494   10.1686    4.3722    0.2890    0.7680    0.0600    0.5800    0.0000
   16.0000    0.4630    0.4580    0.0050    1.0187    4.3200    8.0679    5.3176   10.2354    4.3700    0.2890    0.7665    0.0600    0.5800    0.0000
   16.0000    0.4650    0.4580    0.0070    1.0238    4.2952    8.0681    5.2153   10.2875    4.3680    0.2890    0.7661    0.0600    0.5800    0.0000
   16.0000    0.4700    0.4580    0.0120    1.0361    4.2459    8.0688    5.0102   10.3924    4.3636    0.2890    0.7625    0.0600    0.5800    0.0000
   16.0000    0.4750    0.4580    0.0170    1.0481    4.2054    8.0693    4.8411   10.4792    4.3598    0.2890    0.7606    0.0600    0.5800    0.0000
   16.0000    0.4800    0.4580    0.0220    1.0641    4.1692    8.0698    4.6847   10.5598    4.3565    0.2890    0.7587    0.0600    0.5800    0.0000
   16.0000    0.4900    0.4580    0.0320    1.1425    4.0944    8.0707    4.3162   10.7485    4.3514    0.2890    0.7541    0.0600    0.5800    0.0000
   16.0000    0.5000    0.4580    0.0420    1.2858    3.9792    8.0711    3.7206   11.0506    4.3498    0.2890    0.7497    0.0600    0.5800    0.0000
   16.0000    0.5100    0.4580    0.0520    1.3696    3.8382    8.0711    3.0816   11.3745    4.3479    0.2890    0.7544    0.0600    0.5800    0.0000
   16.0000    0.5200    0.4580    0.0620    1.4137    3.7109    8.0713    2.5370   11.6508    4.3474    0.2890    0.7502    0.0600    0.5800    0.0000
   16.0000    0.5400    0.4580    0.0820    1.4495    3.6552    8.0716    2.2946   11.7803    4.3460    0.2890    0.7484    0.0600    0.5800    0.0000
   16.0000    0.5600    0.4580    0.1020    1.4697    3.6370    8.0717    2.2174   11.8268    4.3458    0.2890    0.7487    0.0600    0.5800    0.0000
   16.0000    0.6000    0.4580    0.1420    1.4973    3.6218    8.0714    2.1589   11.8710    4.3451    0.2890    0.7547    0.0600    0.5800    0.0000
   16.0000    0.7000    0.4580    0.2420    1.5365    3.6076    8.0716    2.1303   11.9189    4.3445    0.2890    0.7536    0.0600    0.5800    0.0000
   16.0000    0.8000    0.4580    0.3420    1.5625    3.6050    8.0716    2.1513   11.9374    4.3438    0.2890    0.7525    0.0600    0.5800    0.0000
#   age       Mtot      Mc        Menv      logL      logT      logTc     logg      logR      logrhoc   Y         Yc        Z         FeH       OFe       
   17.0000    0.4610    0.4580    0.0030    1.0153    4.3517    8.0680    5.4460   10.1703    4.3720    0.2890    0.7600    0.0600    0.5800    0.0000
   17.0000    0.4630    0.4580    0.0050    1.0210    4.3196    8.0683    5.3138   10.2373    4.3698    0.2890    0.7583    0.0600    0.5800    0.0000
   17.0000    0.4650    0.4580    0.0070    1.0261    4.2947    8.0686    5.2112   10.2896    4.3678    0.2890    0.7579    0.0600    0.5800    0.0000
   17.0000    0.4700    0.4580    0.0120    1.0385    4.2452    8.0693    5.0053   10.3949    4.3634    0.2890    0.7539    0.0600    0.5800    0.0000
   17.0000    0.4750    0.4580    0.0170    1.0503    4.2046    8.0698    4.8357   10.4820    4.3596    0.2890    0.7520    0.0600    0.5800    0.0000
   17.0000    0.4800    0.4580    0.0220    1.0661    4.1683    8.0703    4.6790   10.5626    4.3563    0.2890    0.7501    0.0600    0.5800    0.0000
   17.0000    0.4900    0.4580    0.0320    1.1428    4.0937    8.0712    4.3132   10.7499    4.3511    0.2890    0.7454    0.0600    0.5800    0.0000
   17.0000    0.5000    0.4580    0.0420    1.2827    3.9809    8.0717    3.7307   11.0456    4.3493    0.2890    0.7412    0.0600    0.5800    0.0000
   17.0000    0.5100    0.4580    0.0520    1.3653    3.8438    8.0717    3.1081   11.3612    4.3472    0.2890    0.7454    0.0600    0.5800    0.0000
   17.0000    0.5200    0.4580    0.0620    1.4096    3.7153    8.0719    2.5585   11.6401    4.3466    0.2890    0.7413    0.0600    0.5800    0.0000
   17.0000    0.5400    0.4580    0.0820    1.4463    3.6564    8.0722    2.3026   11.7763    4.3451    0.2890    0.7391    0.0600    0.5800    0.0000
   17.0000    0.5600    0.4580    0.1020    1.4670    3.6378    8.0723    2.2232   11.8239    4.3448    0.2890    0.7396    0.0600    0.5800    0.0000
   17.0000    0.6000    0.4580    0.1420    1.4948    3.6224    8.0720    2.1638   11.8686    4.3441    0.2890    0.7454    0.0600    0.5800    0.0000
   17.0000    0.7000    0.4580    0.2420    1.5344    3.6080    8.0722    2.1338   11.9171    4.3434    0.2890    0.7445    0.0600    0.5800    0.0000
   17.0000    0.8000    0.4580    0.3420    1.5608    3.6053    8.0723    2.1540   11.9360    4.3427    0.2890    0.7434    0.0600    0.5800    0.0000
#   age       Mtot      Mc        Menv      logL      logT      logTc     logg      logR      logrhoc   Y         Yc        Z         FeH       OFe       
   18.0000    0.4610    0.4580    0.0030    1.0176    4.3514    8.0684    5.4425   10.1721    4.3718    0.2890    0.7520    0.0600    0.5800    0.0000
   18.0000    0.4630    0.4580    0.0050    1.0234    4.3192    8.0688    5.3100   10.2393    4.3696    0.2890    0.7501    0.0600    0.5800    0.0000
   18.0000    0.4650    0.4580    0.0070    1.0285    4.2943    8.0690    5.2070   10.2917    4.3676    0.2890    0.7497    0.0600    0.5800    0.0000
   18.0000    0.4700    0.4580    0.0120    1.0408    4.2446    8.0697    5.0004   10.3973    4.3632    0.2890    0.7457    0.0600    0.5800    0.0000
   18.0000    0.4750    0.4580    0.0170    1.0525    4.2038    8.0702    4.8304   10.4846    4.3594    0.2890    0.7440    0.0600    0.5800    0.0000
   18.0000    0.4800    0.4580    0.0220    1.0680    4.1674    8.0708    4.6735   10.5653    4.3561    0.2890    0.7421    0.0600    0.5800    0.0000
   18.0000    0.4900    0.4580    0.0320    1.1431    4.0930    8.0717    4.3101   10.7515    4.3508    0.2890    0.7371    0.0600    0.5800    0.0000
   18.0000    0.5000    0.4580    0.0420    1.2796    3.9827    8.0722    3.7409   11.0405    4.3488    0.2890    0.7327    0.0600    0.5800    0.0000
   18.0000    0.5100    0.4580    0.0520    1.3607    3.8491    8.0722    3.1341   11.3482    4.3465    0.2890    0.7367    0.0600    0.5800    0.0000
   18.0000    0.5200    0.4580    0.0620    1.4055    3.7197    8.0725    2.5801   11.6293    4.3457    0.2890    0.7324    0.0600    0.5800    0.0000
   18.0000    0.5400    0.4580    0.0820    1.4430    3.6576    8.0729    2.3107   11.7722    4.3442    0.2890    0.7298    0.0600    0.5800    0.0000
   18.0000    0.5600    0.4580    0.1020    1.4643    3.6386    8.0729    2.2291   11.8210    4.3438    0.2890    0.7304    0.0600    0.5800    0.0000
   18.0000    0.6000    0.4580    0.1420    1.4924    3.6229    8.0726    2.1681   11.8664    4.3432    0.2890    0.7361    0.0600    0.5800    0.0000
   18.0000    0.7000    0.4580    0.2420    1.5325    3.6084    8.0728    2.1372   11.9154    4.3423    0.2890    0.7356    0.0600    0.5800    0.0000
   18.0000    0.8000    0.4580    0.3420    1.5591    3.6055    8.0729    2.1567   11.9346    4.3416    0.2890    0.7343    0.0600    0.5800    0.0000
#   age       Mtot      Mc        Menv      logL      logT      logTc     logg      logR      logrhoc   Y         Yc        Z         FeH       OFe       
   19.0000    0.4610    0.4580    0.0030    1.0199    4.3511    8.0688    5.4392   10.1737    4.3715    0.2890    0.7444    0.0600    0.5800    0.0000
   19.0000    0.4630    0.4580    0.0050    1.0256    4.3188    8.0693    5.3062   10.2411    4.3693    0.2890    0.7424    0.0600    0.5800    0.0000
   19.0000    0.4650    0.4580    0.0070    1.0308    4.2938    8.0695    5.2030   10.2937    4.3673    0.2890    0.7420    0.0600    0.5800    0.0000
   19.0000    0.4700    0.4580    0.0120    1.0431    4.2439    8.0702    4.9956   10.3997    4.3629    0.2890    0.7378    0.0600    0.5800    0.0000
   19.0000    0.4750    0.4580    0.0170    1.0547    4.2030    8.0707    4.8251   10.4873    4.3592    0.2890    0.7361    0.0600    0.5800    0.0000
   19.0000    0.4800    0.4580    0.0220    1.0700    4.1665    8.0712    4.6680   10.5681    4.3558    0.2890    0.7342    0.0600    0.5800    0.0000
   19.0000    0.4900    0.4580    0.0320    1.1434    4.0923    8.0722    4.3070   10.7530    4.3505    0.2890    0.7288    0.0600    0.5800    0.0000
   19.0000    0.5000    0.4580    0.0420    1.2765    3.9845    8.0727    3.7510   11.0354    4.3483    0.2890    0.7242    0.0600    0.5800    0.0000
   19.0000    0.5100    0.4580    0.0520    1.3561    3.8545    8.0728    3.1601   11.3352    4.3458    0.2890    0.7280    0.0600    0.5800    0.0000
   19.0000    0.5200    0.4580    0.0620    1.4015    3.7241    8.0731    2.6017   11.6186    4.3449    0.2890    0.7235    0.0600    0.5800    0.0000
   19.0000    0.5400    0.4580    0.0820    1.4398    3.6588    8.0735    2.3187   11.7682    4.3433    0.2890    0.7205    0.0600    0.5800    0.0000
   19.0000    0.5600    0.4580    0.1020    1.4615    3.6394    8.0736    2.2349   11.8180    4.3428    0.2890    0.7212    0.0600    0.5800    0.0000
   19.0000    0.6000    0.4580    0.1420    1.4901    3.6234    8.0733    2.1725   11.8643    4.3422    0.2890    0.7268    0.0600    0.5800    0.0000
   19.0000    0.7000    0.4580    0.2420    1.5305    3.6087    8.0734    2.1405   11.9137    4.3412    0.2890    0.7266    0.0600    0.5800    0.0000
   19.0000    0.8000    0.4580    0.3420    1.5573    3.6057    8.0735    2.1594   11.9333    4.3404    0.2890    0.7252    0.0600    0.5800    0.0000
#   age       Mtot      Mc        Menv      logL      logT      logTc     logg      logR      logrhoc   Y         Yc        Z         FeH       OFe       
   20.0000    0.4610    0.4580    0.0030    1.0221    4.3508    8.0693    5.4359   10.1754    4.3713    0.2890    0.7369    0.0600    0.5800    0.0000
   20.0000    0.4630    0.4580    0.0050    1.0279    4.3185    8.0697    5.3025   10.2430    4.3690    0.2890    0.7346    0.0600    0.5800    0.0000
   20.0000    0.4650    0.4580    0.0070    1.0330    4.2934    8.0699    5.1990   10.2957    4.3671    0.2890    0.7343    0.0600    0.5800    0.0000
   20.0000    0.4700    0.4580    0.0120    1.0454    4.2433    8.0707    4.9908   10.4021    4.3627    0.2890    0.7299    0.0600    0.5800    0.0000
   20.0000    0.4750    0.4580    0.0170    1.0569    4.2023    8.0712    4.8198   10.4899    4.3589    0.2890    0.7283    0.0600    0.5800    0.0000
   20.0000    0.4800    0.4580    0.0220    1.0719    4.1656    8.0717    4.6624   10.5709    4.3556    0.2890    0.7263    0.0600    0.5800    0.0000
   20.0000    0.4900    0.4580    0.0320    1.1438    4.0916    8.0727    4.3039   10.7546    4.3502    0.2890    0.7205    0.0600    0.5800    0.0000
   20.0000    0.5000    0.4580    0.0420    1.2734    3.9862    8.0733    3.7611   11.0304    4.3477    0.2890    0.7157    0.0600    0.5800    0.0000
   20.0000    0.5100    0.4580    0.0520    1.3516    3.8598    8.0734    3.1860   11.3223    4.3451    0.2890    0.7193    0.0600    0.5800    0.0000
   20.0000    0.5200    0.4580    0.0620    1.3974    3.7285    8.0737    2.6233   11.6078    4.3441    0.2890    0.7146    0.0600    0.5800    0.0000
   20.0000    0.5400    0.4580    0.0820    1.4365    3.6600    8.0741    2.3267   11.7642    4.3424    0.2890    0.7113    0.0600    0.5800    0.0000
   20.0000    0.5600    0.4580    0.1020    1.4588    3.6402    8.0742    2.2408   11.8151    4.3419    0.2890    0.7120    0.0600    0.5800    0.0000
   20.0000    0.6000    0.4580    0.1420    1.4878    3.6239    8.0739    2.1768   11.8621    4.3413    0.2890    0.7174    0.0600    0.5800    0.0000
   20.0000    0.7000    0.4580    0.2420    1.5285    3.6091    8.0741    2.1438   11.9121    4.3401    0.2890    0.7176    0.0600    0.5800    0.0000
   20.0000    0.8000    0.4580    0.3420    1.5556    3.6060    8.0742    2.1620   11.9319    4.3393    0.2890    0.7162    0.0600    0.5800    0.0000
#   age       Mtot      Mc        Menv      logL      logT      logTc     logg      logR      logrhoc   Y         Yc        Z         FeH       OFe       
   21.0000    0.4610    0.4580    0.0030    1.0244    4.3506    8.0697    5.4326   10.1770    4.3710    0.2890    0.7295    0.0600    0.5800    0.0000
   21.0000    0.4630    0.4580    0.0050    1.0302    4.3181    8.0702    5.2987   10.2449    4.3688    0.2890    0.7268    0.0600    0.5800    0.0000
   21.0000    0.4650    0.4580    0.0070    1.0353    4.2929    8.0704    5.1950   10.2977    4.3669    0.2890    0.7267    0.0600    0.5800    0.0000
   21.0000    0.4700    0.4580    0.0120    1.0477    4.2427    8.0711    4.9860   10.4045    4.3624    0.2890    0.7219    0.0600    0.5800    0.0000
   21.0000    0.4750    0.4580    0.0170    1.0591    4.2015    8.0716    4.8145   10.4925    4.3587    0.2890    0.7204    0.0600    0.5800    0.0000
   21.0000    0.4800    0.4580    0.0220    1.0738    4.1647    8.0721    4.6569   10.5736    4.3553    0.2890    0.7183    0.0600    0.5800    0.0000
   21.0000    0.4900    0.4580    0.0320    1.1441    4.0909    8.0732    4.3007   10.7561    4.3499    0.2890    0.7121    0.0600    0.5800    0.0000
   21.0000    0.5000    0.4580    0.0420    1.2703    3.9880    8.0738    3.7712   11.0253    4.3472    0.2890    0.7073    0.0600    0.5800    0.0000
   21.0000    0.5100    0.4580    0.0520    1.3470    3.8652    8.0739    3.2120   11.3093    4.3444    0.2890    0.7106    0.0600    0.5800    0.0000
   21.0000    0.5200    0.4580    0.0620    1.3933    3.7329    8.0743    2.6449   11.5970    4.3432    0.2890    0.7058    0.0600    0.5800    0.0000
   21.0000    0.5400    0.4580    0.0820    1.4333    3.6612    8.0748    2.3348   11.7602    4.3415    0.2890    0.7020    0.0600    0.5800    0.0000
   21.0000    0.5600    0.4580    0.1020    1.4560    3.6410    8.0748    2.2466   11.8122    4.3409    0.2890    0.7028    0.0600    0.5800    0.0000
   21.0000    0.6000    0.4580    0.1420    1.4855    3.6244    8.0745    2.1812   11.8599    4.3403    0.2890    0.7081    0.0600    0.5800    0.0000
   21.0000    0.7000    0.4580    0.2420    1.5266    3.6095    8.0747    2.1472   11.9104    4.3390    0.2890    0.7086    0.0600    0.5800    0.0000
   21.0000    0.8000    0.4580    0.3420    1.5539    3.6062    8.0748    2.1647   11.9306    4.3382    0.2890    0.7071    0.0600    0.5800    0.0000
#   age       Mtot      Mc        Menv      logL      logT      logTc     logg      logR      logrhoc   Y         Yc        Z         FeH       OFe       
   22.0000    0.4610    0.4580    0.0030    1.0266    4.3503    8.0702    5.4293   10.1787    4.3707    0.2890    0.7220    0.0600    0.5800    0.0000
   22.0000    0.4630    0.4580    0.0050    1.0325    4.3178    8.0707    5.2950   10.2467    4.3685    0.2890    0.7191    0.0600    0.5800    0.0000
   22.0000    0.4650    0.4580    0.0070    1.0376    4.2925    8.0709    5.1910   10.2997    4.3666    0.2890    0.7190    0.0600    0.5800    0.0000
   22.0000    0.4700    0.4580    0.0120    1.0500    4.2421    8.0716    4.9812   10.4069    4.3621    0.2890    0.7140    0.0600    0.5800    0.0000
   22.0000    0.4750    0.4580    0.0170    1.0614    4.2007    8.0721    4.8092   10.4952    4.3585    0.2890    0.7126    0.0600    0.5800    0.0000
   22.0000    0.4800    0.4580    0.0220    1.0758    4.1638    8.0726    4.6514   10.5764    4.3551    0.2890    0.7104    0.0600    0.5800    0.0000
   22.0000    0.4900    0.4580    0.0320    1.1444    4.0902    8.0737    4.2976   10.7577    4.3496    0.2890    0.7038    0.0600    0.5800    0.0000
   22.0000    0.5000    0.4580    0.0420    1.2673    3.9897    8.0744    3.7811   11.0204    4.3467    0.2890    0.6988    0.0600    0.5800    0.0000
   22.0000    0.5100    0.4580    0.0520    1.3424    3.8705    8.0745    3.2380   11.2963    4.3437    0.2890    0.7019    0.0600    0.5800    0.0000
   22.0000    0.5200    0.4580    0.0620    1.3894    3.7374    8.0749    2.6669   11.5860    4.3424    0.2890    0.6970    0.0600    0.5800    0.0000
   22.0000    0.5400    0.4580    0.0820    1.4306    3.6624    8.0754    2.3420   11.7565    4.3406    0.2890    0.6931    0.0600    0.5800    0.0000
   22.0000    0.5600    0.4580    0.1020    1.4536    3.6417    8.0754    2.2518   11.8096    4.3400    0.2890    0.6941    0.0600    0.5800    0.0000
   22.0000    0.6000    0.4580    0.1420    1.4832    3.6250    8.0752    2.1855   11.8578    4.3394    0.2890    0.6989    0.0600    0.5800    0.0000
   22.0000    0.7000    0.4580    0.2420    1.5246    3.6098    8.0753    2.1505   11.9087    4.3379    0.2890    0.6997    0.0600    0.5800    0.0000
   22.0000    0.8000    0.4580    0.3420    1.5523    3.6065    8.0754    2.1673   11.9292    4.3371    0.2890    0.6982    0.0600    0.5800    0.0000
#   age       Mtot      Mc        Menv      logL      logT      logTc     logg      logR      logrhoc   Y         Yc        Z         FeH       OFe       
   23.0000    0.4610    0.4580    0.0030    1.0288    4.3500    8.0706    5.4260   10.1803    4.3705    0.2890    0.7146    0.0600    0.5800    0.0000
   23.0000    0.4630    0.4580    0.0050    1.0348    4.3174    8.0711    5.2912   10.2486    4.3682    0.2890    0.7113    0.0600    0.5800    0.0000
   23.0000    0.4650    0.4580    0.0070    1.0398    4.2921    8.0713    5.1869   10.3017    4.3664    0.2890    0.7113    0.0600    0.5800    0.0000
   23.0000    0.4700    0.4580    0.0120    1.0523    4.2415    8.0720    4.9765   10.4093    4.3619    0.2890    0.7060    0.0600    0.5800    0.0000
   23.0000    0.4750    0.4580    0.0170    1.0636    4.2000    8.0725    4.8039   10.4978    4.3582    0.2890    0.7047    0.0600    0.5800    0.0000
   23.0000    0.4800    0.4580    0.0220    1.0777    4.1629    8.0731    4.6458   10.5791    4.3549    0.2890    0.7025    0.0600    0.5800    0.0000
   23.0000    0.4900    0.4580    0.0320    1.1449    4.0895    8.0742    4.2943   10.7593    4.3493    0.2890    0.6958    0.0600    0.5800    0.0000
   23.0000    0.5000    0.4580    0.0420    1.2642    3.9911    8.0749    3.7898   11.0160    4.3461    0.2890    0.6907    0.0600    0.5800    0.0000
   23.0000    0.5100    0.4580    0.0520    1.3384    3.8746    8.0751    3.2583   11.2862    4.3429    0.2890    0.6934    0.0600    0.5800    0.0000
   23.0000    0.5200    0.4580    0.0620    1.3858    3.7422    8.0755    2.6897   11.5746    4.3416    0.2890    0.6883    0.0600    0.5800    0.0000
   23.0000    0.5400    0.4580    0.0820    1.4279    3.6634    8.0760    2.3491   11.7530    4.3398    0.2890    0.6844    0.0600    0.5800    0.0000
   23.0000    0.5600    0.4580    0.1020    1.4514    3.6423    8.0760    2.2568   11.8071    4.3391    0.2890    0.6856    0.0600    0.5800    0.0000
   23.0000    0.6000    0.4580    0.1420    1.4812    3.6254    8.0758    2.1892   11.8559    4.3384    0.2890    0.6901    0.0600    0.5800    0.0000
   23.0000    0.7000    0.4580    0.2420    1.5229    3.6101    8.0760    2.1536   11.9072    4.3368    0.2890    0.6906    0.0600    0.5800    0.0000
   23.0000    0.8000    0.4580    0.3420    1.5508    3.6067    8.0761    2.1699   11.9280    4.3360    0.2890    0.6897    0.0600    0.5800    0.0000
#   age       Mtot      Mc        Menv      logL      logT      logTc     logg      logR      logrhoc   Y         Yc        Z         FeH       OFe       
   24.0000    0.4610    0.4580    0.0030    1.0311    4.3498    8.0711    5.4227   10.1819    4.3702    0.2890    0.7071    0.0600    0.5800    0.0000
   24.0000    0.4630    0.4580    0.0050    1.0371    4.3171    8.0716    5.2875   10.2505    4.3679    0.2890    0.7035    0.0600    0.5800    0.0000
   24.0000    0.4650    0.4580    0.0070    1.0421    4.2916    8.0718    5.1829   10.3037    4.3661    0.2890    0.7037    0.0600    0.5800    0.0000
   24.0000    0.4700    0.4580    0.0120    1.0545    4.2409    8.0725    4.9717   10.4116    4.3616    0.2890    0.6982    0.0600    0.5800    0.0000
   24.0000    0.4750    0.4580    0.0170    1.0657    4.1992    8.0730    4.7987   10.5004    4.3580    0.2890    0.6971    0.0600    0.5800    0.0000
   24.0000    0.4800    0.4580    0.0220    1.0796    4.1620    8.0735    4.6404   10.5819    4.3546    0.2890    0.6950    0.0600    0.5800    0.0000
   24.0000    0.4900    0.4580    0.0320    1.1455    4.0888    8.0746    4.2908   10.7611    4.3490    0.2890    0.6882    0.0600    0.5800    0.0000
   24.0000    0.5000    0.4580    0.0420    1.2612    3.9925    8.0755    3.7985   11.0117    4.3455    0.2890    0.6825    0.0600    0.5800    0.0000
   24.0000    0.5100    0.4580    0.0520    1.3345    3.8783    8.0756    3.2770   11.2768    4.3422    0.2890    0.6849    0.0600    0.5800    0.0000
   24.0000    0.5200    0.4580    0.0620    1.3822    3.7470    8.0761    2.7126   11.5632    4.3408    0.2890    0.6796    0.0600    0.5800    0.0000
   24.0000    0.5400    0.4580    0.0820    1.4253    3.6645    8.0766    2.3562   11.7495    4.3389    0.2890    0.6756    0.0600    0.5800    0.0000
   24.0000    0.5600    0.4580    0.1020    1.4491    3.6430    8.0766    2.2618   11.8047    4.3382    0.2890    0.6771    0.0600    0.5800    0.0000
   24.0000    0.6000    0.4580    0.1420    1.4791    3.6258    8.0765    2.1928   11.8541    4.3374    0.2890    0.6812    0.0600    0.5800    0.0000
   24.0000    0.7000    0.4580    0.2420    1.5211    3.6105    8.0766    2.1566   11.9057    4.3358    0.2890    0.6816    0.0600    0.5800    0.0000
   24.0000    0.8000    0.4580    0.3420    1.5492    3.6070    8.0767    2.1725   11.9267    4.3349    0.2890    0.6813    0.0600    0.5800    0.0000
#   age       Mtot      Mc        Menv      logL      logT      logTc     logg      logR      logrhoc   Y         Yc        Z         FeH       OFe       
   25.0000    0.4610    0.4580    0.0030    1.0333    4.3495    8.0715    5.4194   10.1836    4.3700    0.2890    0.6997    0.0600    0.5800    0.0000
   25.0000    0.4630    0.4580    0.0050    1.0393    4.3167    8.0720    5.2839   10.2523    4.3676    0.2890    0.6961    0.0600    0.5800    0.0000
   25.0000    0.4650    0.4580    0.0070    1.0443    4.2912    8.0722    5.1790   10.3057    4.3658    0.2890    0.6963    0.0600    0.5800    0.0000
   25.0000    0.4700    0.4580    0.0120    1.0567    4.2403    8.0730    4.9671   10.4139    4.3613    0.2890    0.6909    0.0600    0.5800    0.0000
   25.0000    0.4750    0.4580    0.0170    1.0679    4.1985    8.0735    4.7936   10.5030    4.3577    0.2890    0.6900    0.0600    0.5800    0.0000
   25.0000    0.4800    0.4580    0.0220    1.0816    4.1611    8.0740    4.6349   10.5846    4.3543    0.2890    0.6876    0.0600    0.5800    0.0000
   25.0000    0.4900    0.4580    0.0320    1.1460    4.0881    8.0751    4.2874   10.7628    4.3486    0.2890    0.6805    0.0600    0.5800    0.0000
   25.0000    0.5000    0.4580    0.0420    1.2582    3.9940    8.0760    3.8072   11.0073    4.3449    0.2890    0.6744    0.0600    0.5800    0.0000
   25.0000    0.5100    0.4580    0.0520    1.3306    3.8820    8.0762    3.2957   11.2674    4.3415    0.2890    0.6764    0.0600    0.5800    0.0000
   25.0000    0.5200    0.4580    0.0620    1.3786    3.7518    8.0767    2.7354   11.5518    4.3400    0.2890    0.6709    0.0600    0.5800    0.0000
   25.0000    0.5400    0.4580    0.0820    1.4227    3.6656    8.0772    2.3632   11.7460    4.3381    0.2890    0.6669    0.0600    0.5800    0.0000
   25.0000    0.5600    0.4580    0.1020    1.4469    3.6436    8.0772    2.2667   11.8022    4.3373    0.2890    0.6686    0.0600    0.5800    0.0000
   25.0000    0.6000    0.4580    0.1420    1.4770    3.6262    8.0771    2.1965   11.8523    4.3365    0.2890    0.6724    0.0600    0.5800    0.0000
   25.0000    0.7000    0.4580    0.2420    1.5193    3.6108    8.0772    2.1597   11.9042    4.3348    0.2890    0.6725    0.0600    0.5800    0.0000
   25.0000    0.8000    0.4580    0.3420    1.5477    3.6072    8.0774    2.1750   11.9254    4.3339    0.2890    0.6728    0.0600    0.5800    0.0000
#   age       Mtot      Mc        Menv      logL      logT      logTc     logg      logR      logrhoc   Y         Yc        Z         FeH       OFe       
   26.0000    0.4610    0.4580    0.0030    1.0354    4.3492    8.0719    5.4163   10.1851    4.3696    0.2890    0.6929    0.0600    0.5800    0.0000
   26.0000    0.4630    0.4580    0.0050    1.0414    4.3164    8.0725    5.2804   10.2540    4.3673    0.2890    0.6891    0.0600    0.5800    0.0000
   26.0000    0.4650    0.4580    0.0070    1.0465    4.2908    8.0727    5.1752   10.3076    4.3655    0.2890    0.6893    0.0600    0.5800    0.0000
   26.0000    0.4700    0.4580    0.0120    1.0589    4.2397    8.0734    4.9626   10.4162    4.3610    0.2890    0.6836    0.0600    0.5800    0.0000
   26.0000    0.4750    0.4580    0.0170    1.0700    4.1977    8.0739    4.7885   10.5055    4.3574    0.2890    0.6828    0.0600    0.5800    0.0000
   26.0000    0.4800    0.4580    0.0220    1.0835    4.1603    8.0745    4.6295   10.5873    4.3540    0.2890    0.6803    0.0600    0.5800    0.0000
   26.0000    0.4900    0.4580    0.0320    1.1466    4.0873    8.0756    4.2839   10.7645    4.3482    0.2890    0.6728    0.0600    0.5800    0.0000
   26.0000    0.5000    0.4580    0.0420    1.2552    3.9954    8.0765    3.8160   11.0030    4.3443    0.2890    0.6662    0.0600    0.5800    0.0000
   26.0000    0.5100    0.4580    0.0520    1.3268    3.8857    8.0768    3.3145   11.2580    4.3407    0.2890    0.6679    0.0600    0.5800    0.0000
   26.0000    0.5200    0.4580    0.0620    1.3750    3.7566    8.0773    2.7582   11.5404    4.3392    0.2890    0.6623    0.0600    0.5800    0.0000
   26.0000    0.5400    0.4580    0.0820    1.4201    3.6667    8.0778    2.3703   11.7425    4.3372    0.2890    0.6581    0.0600    0.5800    0.0000
   26.0000    0.5600    0.4580    0.1020    1.4446    3.6443    8.0778    2.2717   11.7997    4.3365    0.2890    0.6601    0.0600    0.5800    0.0000
   26.0000    0.6000    0.4580    0.1420    1.4750    3.6266    8.0777    2.2002   11.8504    4.3355    0.2890    0.6636    0.0600    0.5800    0.0000
   26.0000    0.7000    0.4580    0.2420    1.5175    3.6111    8.0779    2.1628   11.9027    4.3338    0.2890    0.6634    0.0600    0.5800    0.0000
   26.0000    0.8000    0.4580    0.3420    1.5462    3.6075    8.0780    2.1776   11.9242    4.3328    0.2890    0.6644    0.0600    0.5800    0.0000
#   age       Mtot      Mc        Menv      logL      logT      logTc     logg      logR      logrhoc   Y         Yc        Z         FeH       OFe       
   27.0000    0.4610    0.4580    0.0030    1.0375    4.3490    8.0724    5.4132   10.1867    4.3693    0.2890    0.6860    0.0600    0.5800    0.0000
   27.0000    0.4630    0.4580    0.0050    1.0436    4.3160    8.0729    5.2769   10.2558    4.3670    0.2890    0.6820    0.0600    0.5800    0.0000
   27.0000    0.4650    0.4580    0.0070    1.0486    4.2904    8.0731    5.1714   10.3095    4.3651    0.2890    0.6823    0.0600    0.5800    0.0000
   27.0000    0.4700    0.4580    0.0120    1.0611    4.2390    8.0739    4.9580   10.4185    4.3607    0.2890    0.6762    0.0600    0.5800    0.0000
   27.0000    0.4750    0.4580    0.0170    1.0721    4.1970    8.0744    4.7834   10.5080    4.3571    0.2890    0.6756    0.0600    0.5800    0.0000
   27.0000    0.4800    0.4580    0.0220    1.0854    4.1594    8.0749    4.6241   10.5900    4.3537    0.2890    0.6730    0.0600    0.5800    0.0000
   27.0000    0.4900    0.4580    0.0320    1.1471    4.0866    8.0761    4.2804   10.7663    4.3479    0.2890    0.6651    0.0600    0.5800    0.0000
   27.0000    0.5000    0.4580    0.0420    1.2522    3.9968    8.0771    3.8247   10.9986    4.3437    0.2890    0.6581    0.0600    0.5800    0.0000
   27.0000    0.5100    0.4580    0.0520    1.3229    3.8895    8.0774    3.3332   11.2487    4.3400    0.2890    0.6595    0.0600    0.5800    0.0000
   27.0000    0.5200    0.4580    0.0620    1.3714    3.7614    8.0779    2.7810   11.5289    4.3384    0.2890    0.6536    0.0600    0.5800    0.0000
   27.0000    0.5400    0.4580    0.0820    1.4175    3.6678    8.0784    2.3773   11.7390    4.3363    0.2890    0.6494    0.0600    0.5800    0.0000
   27.0000    0.5600    0.4580    0.1020    1.4423    3.6450    8.0784    2.2767   11.7973    4.3356    0.2890    0.6516    0.0600    0.5800    0.0000
   27.0000    0.6000    0.4580    0.1420    1.4729    3.6270    8.0784    2.2039   11.8486    4.3345    0.2890    0.6548    0.0600    0.5800    0.0000
   27.0000    0.7000    0.4580    0.2420    1.5158    3.6114    8.0785    2.1658   11.9011    4.3328    0.2890    0.6544    0.0600    0.5800    0.0000
   27.0000    0.8000    0.4580    0.3420    1.5447    3.6077    8.0786    2.1801   11.9229    4.3317    0.2890    0.6559    0.0600    0.5800    0.0000
#   age       Mtot      Mc        Menv      logL      logT      logTc     logg      logR      logrhoc   Y         Yc        Z         FeH       OFe       
   28.0000    0.4610    0.4580    0.0030    1.0396    4.3487    8.0728    5.4101   10.1882    4.3690    0.2890    0.6792    0.0600    0.5800    0.0000
   28.0000    0.4630    0.4580    0.0050    1.0457    4.3157    8.0733    5.2733   10.2576    4.3666    0.2890    0.6749    0.0600    0.5800    0.0000
   28.0000    0.4650    0.4580    0.0070    1.0508    4.2900    8.0735    5.1676   10.3114    4.3648    0.2890    0.6753    0.0600    0.5800    0.0000
   28.0000    0.4700    0.4580    0.0120    1.0633    4.2384    8.0743    4.9534   10.4208    4.3605    0.2890    0.6689    0.0600    0.5800    0.0000
   28.0000    0.4750    0.4580    0.0170    1.0742    4.1962    8.0749    4.7783   10.5106    4.3568    0.2890    0.6684    0.0600    0.5800    0.0000
   28.0000    0.4800    0.4580    0.0220    1.0874    4.1586    8.0754    4.6187   10.5928    4.3534    0.2890    0.6657    0.0600    0.5800    0.0000
   28.0000    0.4900    0.4580    0.0320    1.1477    4.0859    8.0765    4.2770   10.7680    4.3475    0.2890    0.6575    0.0600    0.5800    0.0000
   28.0000    0.5000    0.4580    0.0420    1.2492    3.9982    8.0776    3.8334   10.9943    4.3431    0.2890    0.6499    0.0600    0.5800    0.0000
   28.0000    0.5100    0.4580    0.0520    1.3191    3.8932    8.0779    3.3519   11.2393    4.3393    0.2890    0.6510    0.0600    0.5800    0.0000
   28.0000    0.5200    0.4580    0.0620    1.3681    3.7658    8.0786    2.8021   11.5184    4.3376    0.2890    0.6453    0.0600    0.5800    0.0000
   28.0000    0.5400    0.4580    0.0820    1.4150    3.6689    8.0791    2.3844   11.7355    4.3354    0.2890    0.6412    0.0600    0.5800    0.0000
   28.0000    0.5600    0.4580    0.1020    1.4401    3.6457    8.0790    2.2819   11.7947    4.3346    0.2890    0.6433    0.0600    0.5800    0.0000
   28.0000    0.6000    0.4580    0.1420    1.4709    3.6274    8.0790    2.2075   11.8468    4.3335    0.2890    0.6460    0.0600    0.5800    0.0000
   28.0000    0.7000    0.4580    0.2420    1.5141    3.6117    8.0791    2.1688   11.8997    4.3318    0.2890    0.6458    0.0600    0.5800    0.0000
   28.0000    0.8000    0.4580    0.3420    1.5432    3.6080    8.0793    2.1826   11.9217    4.3307    0.2890    0.6475    0.0600    0.5800    0.0000
#   age       Mtot      Mc        Menv      logL      logT      logTc     logg      logR      logrhoc   Y         Yc        Z         FeH       OFe       
   29.0000    0.4610    0.4580    0.0030    1.0417    4.3485    8.0732    5.4070   10.1898    4.3686    0.2890    0.6723    0.0600    0.5800    0.0000
   29.0000    0.4630    0.4580    0.0050    1.0479    4.3154    8.0737    5.2698   10.2594    4.3663    0.2890    0.6678    0.0600    0.5800    0.0000
   29.0000    0.4650    0.4580    0.0070    1.0529    4.2896    8.0740    5.1638   10.3133    4.3645    0.2890    0.6682    0.0600    0.5800    0.0000
   29.0000    0.4700    0.4580    0.0120    1.0655    4.2378    8.0748    4.9489   10.4231    4.3602    0.2890    0.6615    0.0600    0.5800    0.0000
   29.0000    0.4750    0.4580    0.0170    1.0763    4.1955    8.0754    4.7732   10.5131    4.3565    0.2890    0.6612    0.0600    0.5800    0.0000
   29.0000    0.4800    0.4580    0.0220    1.0893    4.1577    8.0759    4.6133   10.5955    4.3531    0.2890    0.6584    0.0600    0.5800    0.0000
   29.0000    0.4900    0.4580    0.0320    1.1482    4.0852    8.0770    4.2735   10.7698    4.3472    0.2890    0.6498    0.0600    0.5800    0.0000
   29.0000    0.5000    0.4580    0.0420    1.2471    3.9989    8.0781    3.8384   10.9918    4.3425    0.2890    0.6424    0.0600    0.5800    0.0000
   29.0000    0.5100    0.4580    0.0520    1.3160    3.8958    8.0785    3.3655   11.2325    4.3387    0.2890    0.6431    0.0600    0.5800    0.0000
   29.0000    0.5200    0.4580    0.0620    1.3651    3.7700    8.0792    2.8218   11.5085    4.3368    0.2890    0.6372    0.0600    0.5800    0.0000
   29.0000    0.5400    0.4580    0.0820    1.4124    3.6701    8.0797    2.3914   11.7320    4.3345    0.2890    0.6329    0.0600    0.5800    0.0000
   29.0000    0.5600    0.4580    0.1020    1.4379    3.6465    8.0796    2.2871   11.7920    4.3337    0.2890    0.6350    0.0600    0.5800    0.0000
   29.0000    0.6000    0.4580    0.1420    1.4688    3.6277    8.0797    2.2111   11.8450    4.3325    0.2890    0.6372    0.0600    0.5800    0.0000
   29.0000    0.7000    0.4580    0.2420    1.5125    3.6120    8.0798    2.1716   11.8982    4.3308    0.2890    0.6378    0.0600    0.5800    0.0000
   29.0000    0.8000    0.4580    0.3420    1.5420    3.6082    8.0799    2.1848   11.9206    4.3296    0.2890    0.6393    0.0600    0.5800    0.0000
#   age       Mtot      Mc        Menv      logL      logT      logTc     logg      logR      logrhoc   Y         Yc        Z         FeH       OFe       
   30.0000    0.4610    0.4580    0.0030    1.0438    4.3483    8.0736    5.4040   10.1913    4.3683    0.2890    0.6655    0.0600    0.5800    0.0000
   30.0000    0.4630    0.4580    0.0050    1.0500    4.3150    8.0742    5.2663   10.2611    4.3660    0.2890    0.6607    0.0600    0.5800    0.0000
   30.0000    0.4650    0.4580    0.0070    1.0551    4.2892    8.0744    5.1600   10.3152    4.3641    0.2890    0.6612    0.0600    0.5800    0.0000
   30.0000    0.4700    0.4580    0.0120    1.0677    4.2372    8.0752    4.9443   10.4254    4.3599    0.2890    0.6542    0.0600    0.5800    0.0000
   30.0000    0.4750    0.4580    0.0170    1.0784    4.1947    8.0758    4.7681   10.5157    4.3562    0.2890    0.6540    0.0600    0.5800    0.0000
   30.0000    0.4800    0.4580    0.0220    1.0912    4.1568    8.0763    4.6079   10.5982    4.3528    0.2890    0.6510    0.0600    0.5800    0.0000
   30.0000    0.4900    0.4580    0.0320    1.1490    4.0844    8.0775    4.2695   10.7718    4.3468    0.2890    0.6426    0.0600    0.5800    0.0000
   30.0000    0.5000    0.4580    0.0420    1.2450    3.9997    8.0787    3.8435   10.9892    4.3419    0.2890    0.6349    0.0600    0.5800    0.0000
   30.0000    0.5100    0.4580    0.0520    1.3130    3.8983    8.0791    3.3785   11.2260    4.3380    0.2890    0.6352    0.0600    0.5800    0.0000
   30.0000    0.5200    0.4580    0.0620    1.3621    3.7742    8.0798    2.8416   11.4986    4.3360    0.2890    0.6291    0.0600    0.5800    0.0000
   30.0000    0.5400    0.4580    0.0820    1.4099    3.6712    8.0803    2.3984   11.7284    4.3336    0.2890    0.6247    0.0600    0.5800    0.0000
   30.0000    0.5600    0.4580    0.1020    1.4357    3.6472    8.0803    2.2924   11.7894    4.3327    0.2890    0.6267    0.0600    0.5800    0.0000
   30.0000    0.6000    0.4580    0.1420    1.4668    3.6281    8.0804    2.2146   11.8433    4.3315    0.2890    0.6285    0.0600    0.5800    0.0000
   30.0000    0.7000    0.4580    0.2420    1.5108    3.6123    8.0804    2.1744   11.8968    4.3297    0.2890    0.6297    0.0600    0.5800    0.0000
   30.0000    0.8000    0.4580    0.3420    1.5408    3.6084    8.0805    2.1870   11.9195    4.3286    0.2890    0.6310    0.0600    0.5800    0.0000
#   age       Mtot      Mc        Menv      logL      logT      logTc     logg      logR      logrhoc   Y         Yc        Z         FeH       OFe       
   31.0000    0.4610    0.4580    0.0030    1.0459    4.3480    8.0741    5.4009   10.1929    4.3679    0.2890    0.6586    0.0600    0.5800    0.0000
   31.0000    0.4630    0.4580    0.0050    1.0522    4.3147    8.0746    5.2628   10.2629    4.3657    0.2890    0.6536    0.0600    0.5800    0.0000
   31.0000    0.4650    0.4580    0.0070    1.0572    4.2887    8.0748    5.1562   10.3172    4.3638    0.2890    0.6542    0.0600    0.5800    0.0000
   31.0000    0.4700    0.4580    0.0120    1.0698    4.2367    8.0757    4.9398   10.4277    4.3595    0.2890    0.6472    0.0600    0.5800    0.0000
   31.0000    0.4750    0.4580    0.0170    1.0805    4.1940    8.0763    4.7632   10.5182    4.3558    0.2890    0.6469    0.0600    0.5800    0.0000
   31.0000    0.4800    0.4580    0.0220    1.0931    4.1560    8.0768    4.6026   10.6008    4.3525    0.2890    0.6442    0.0600    0.5800    0.0000
   31.0000    0.4900    0.4580    0.0320    1.1498    4.0836    8.0780    4.2655   10.7738    4.3464    0.2890    0.6354    0.0600    0.5800    0.0000
   31.0000    0.5000    0.4580    0.0420    1.2429    4.0004    8.0792    3.8485   10.9867    4.3412    0.2890    0.6274    0.0600    0.5800    0.0000
   31.0000    0.5100    0.4580    0.0520    1.3100    3.9008    8.0797    3.3915   11.2195    4.3374    0.2890    0.6274    0.0600    0.5800    0.0000
   31.0000    0.5200    0.4580    0.0620    1.3590    3.7784    8.0803    2.8614   11.4888    4.3351    0.2890    0.6209    0.0600    0.5800    0.0000
   31.0000    0.5400    0.4580    0.0820    1.4074    3.6723    8.0809    2.4055   11.7249    4.3326    0.2890    0.6165    0.0600    0.5800    0.0000
   31.0000    0.5600    0.4580    0.1020    1.4335    3.6480    8.0809    2.2977   11.7867    4.3318    0.2890    0.6184    0.0600    0.5800    0.0000
   31.0000    0.6000    0.4580    0.1420    1.4648    3.6285    8.0811    2.2181   11.8415    4.3305    0.2890    0.6197    0.0600    0.5800    0.0000
   31.0000    0.7000    0.4580    0.2420    1.5092    3.6126    8.0811    2.1772   11.8954    4.3287    0.2890    0.6216    0.0600    0.5800    0.0000
   31.0000    0.8000    0.4580    0.3420    1.5396    3.6087    8.0812    2.1891   11.9184    4.3276    0.2890    0.6227    0.0600    0.5800    0.0000
#   age       Mtot      Mc        Menv      logL      logT      logTc     logg      logR      logrhoc   Y         Yc        Z         FeH       OFe       
   32.0000    0.4610    0.4580    0.0030    1.0481    4.3478    8.0745    5.3978   10.1944    4.3676    0.2890    0.6518    0.0600    0.5800    0.0000
   32.0000    0.4630    0.4580    0.0050    1.0543    4.3143    8.0750    5.2593   10.2646    4.3653    0.2890    0.6468    0.0600    0.5800    0.0000
   32.0000    0.4650    0.4580    0.0070    1.0593    4.2883    8.0753    5.1524   10.3190    4.3634    0.2890    0.6474    0.0600    0.5800    0.0000
   32.0000    0.4700    0.4580    0.0120    1.0720    4.2361    8.0762    4.9354   10.4299    4.3591    0.2890    0.6406    0.0600    0.5800    0.0000
   32.0000    0.4750    0.4580    0.0170    1.0825    4.1933    8.0767    4.7583   10.5206    4.3555    0.2890    0.6400    0.0600    0.5800    0.0000
   32.0000    0.4800    0.4580    0.0220    1.0950    4.1551    8.0773    4.5974   10.6034    4.3522    0.2890    0.6374    0.0600    0.5800    0.0000
   32.0000    0.4900    0.4580    0.0320    1.1506    4.0828    8.0785    4.2615   10.7758    4.3460    0.2890    0.6282    0.0600    0.5800    0.0000
   32.0000    0.5000    0.4580    0.0420    1.2408    4.0011    8.0798    3.8536   10.9842    4.3406    0.2890    0.6199    0.0600    0.5800    0.0000
   32.0000    0.5100    0.4580    0.0520    1.3070    3.9033    8.0803    3.4044   11.2130    4.3368    0.2890    0.6195    0.0600    0.5800    0.0000
   32.0000    0.5200    0.4580    0.0620    1.3560    3.7826    8.0809    2.8812   11.4789    4.3343    0.2890    0.6128    0.0600    0.5800    0.0000
   32.0000    0.5400    0.4580    0.0820    1.4048    3.6735    8.0816    2.4125   11.7214    4.3317    0.2890    0.6083    0.0600    0.5800    0.0000
   32.0000    0.5600    0.4580    0.1020    1.4313    3.6488    8.0815    2.3029   11.7841    4.3308    0.2890    0.6100    0.0600    0.5800    0.0000
   32.0000    0.6000    0.4580    0.1420    1.4627    3.6288    8.0817    2.2217   11.8397    4.3295    0.2890    0.6109    0.0600    0.5800    0.0000
   32.0000    0.7000    0.4580    0.2420    1.5076    3.6129    8.0817    2.1801   11.8940    4.3277    0.2890    0.6136    0.0600    0.5800    0.0000
   32.0000    0.8000    0.4580    0.3420    1.5383    3.6089    8.0818    2.1913   11.9173    4.3265    0.2890    0.6145    0.0600    0.5800    0.0000
#   age       Mtot      Mc        Menv      logL      logT      logTc     logg      logR      logrhoc   Y         Yc        Z         FeH       OFe       
   33.0000    0.4610    0.4580    0.0030    1.0501    4.3475    8.0749    5.3948   10.1959    4.3672    0.2890    0.6452    0.0600    0.5800    0.0000
   33.0000    0.4630    0.4580    0.0050    1.0564    4.3140    8.0755    5.2560   10.2663    4.3650    0.2890    0.6403    0.0600    0.5800    0.0000
   33.0000    0.4650    0.4580    0.0070    1.0614    4.2880    8.0757    5.1488   10.3208    4.3631    0.2890    0.6409    0.0600    0.5800    0.0000
   33.0000    0.4700    0.4580    0.0120    1.0741    4.2355    8.0766    4.9310   10.4321    4.3587    0.2890    0.6341    0.0600    0.5800    0.0000
   33.0000    0.4750    0.4580    0.0170    1.0845    4.1926    8.0772    4.7535   10.5230    4.3552    0.2890    0.6331    0.0600    0.5800    0.0000
   33.0000    0.4800    0.4580    0.0220    1.0969    4.1543    8.0777    4.5922   10.6060    4.3518    0.2890    0.6306    0.0600    0.5800    0.0000
   33.0000    0.4900    0.4580    0.0320    1.1515    4.0820    8.0790    4.2574   10.7778    4.3456    0.2890    0.6209    0.0600    0.5800    0.0000
   33.0000    0.5000    0.4580    0.0420    1.2387    4.0019    8.0803    3.8586   10.9817    4.3400    0.2890    0.6124    0.0600    0.5800    0.0000
   33.0000    0.5100    0.4580    0.0520    1.3040    3.9058    8.0808    3.4174   11.2066    4.3362    0.2890    0.6117    0.0600    0.5800    0.0000
   33.0000    0.5200    0.4580    0.0620    1.3530    3.7868    8.0815    2.9009   11.4690    4.3335    0.2890    0.6047    0.0600    0.5800    0.0000
   33.0000    0.5400    0.4580    0.0820    1.4023    3.6746    8.0822    2.4196   11.7178    4.3308    0.2890    0.6000    0.0600    0.5800    0.0000
   33.0000    0.5600    0.4580    0.1020    1.4291    3.6495    8.0822    2.3082   11.7815    4.3299    0.2890    0.6017    0.0600    0.5800    0.0000
   33.0000    0.6000    0.4580    0.1420    1.4607    3.6292    8.0824    2.2252   11.8379    4.3285    0.2890    0.6022    0.0600    0.5800    0.0000
   33.0000    0.7000    0.4580    0.2420    1.5060    3.6132    8.0824    2.1829   11.8926    4.3267    0.2890    0.6055    0.0600    0.5800    0.0000
   33.0000    0.8000    0.4580    0.3420    1.5371    3.6091    8.0824    2.1935   11.9162    4.3255    0.2890    0.6062    0.0600    0.5800    0.0000
#   age       Mtot      Mc        Menv      logL      logT      logTc     logg      logR      logrhoc   Y         Yc        Z         FeH       OFe       
   34.0000    0.4610    0.4580    0.0030    1.0521    4.3473    8.0754    5.3918   10.1974    4.3669    0.2890    0.6387    0.0600    0.5800    0.0000
   34.0000    0.4630    0.4580    0.0050    1.0585    4.3137    8.0759    5.2526   10.2680    4.3646    0.2890    0.6337    0.0600    0.5800    0.0000
   34.0000    0.4650    0.4580    0.0070    1.0635    4.2876    8.0762    5.1451   10.3226    4.3627    0.2890    0.6345    0.0600    0.5800    0.0000
   34.0000    0.4700    0.4580    0.0120    1.0762    4.2349    8.0771    4.9265   10.4343    4.3584    0.2890    0.6275    0.0600    0.5800    0.0000
   34.0000    0.4750    0.4580    0.0170    1.0865    4.1919    8.0776    4.7486   10.5255    4.3548    0.2890    0.6262    0.0600    0.5800    0.0000
   34.0000    0.4800    0.4580    0.0220    1.0987    4.1535    8.0782    4.5869   10.6087    4.3515    0.2890    0.6238    0.0600    0.5800    0.0000
   34.0000    0.4900    0.4580    0.0320    1.1523    4.0812    8.0795    4.2534   10.7799    4.3452    0.2890    0.6137    0.0600    0.5800    0.0000
   34.0000    0.5000    0.4580    0.0420    1.2366    4.0026    8.0808    3.8637   10.9792    4.3394    0.2890    0.6049    0.0600    0.5800    0.0000
   34.0000    0.5100    0.4580    0.0520    1.3010    3.9083    8.0814    3.4303   11.2001    4.3356    0.2890    0.6038    0.0600    0.5800    0.0000
   34.0000    0.5200    0.4580    0.0620    1.3501    3.7906    8.0822    2.9190   11.4599    4.3327    0.2890    0.5967    0.0600    0.5800    0.0000
   34.0000    0.5400    0.4580    0.0820    1.4005    3.6756    8.0828    2.4253   11.7150    4.3300    0.2890    0.5928    0.0600    0.5800    0.0000
   34.0000    0.5600    0.4580    0.1020    1.4273    3.6501    8.0828    2.3122   11.7794    4.3290    0.2890    0.5939    0.0600    0.5800    0.0000
   34.0000    0.6000    0.4580    0.1420    1.4592    3.6296    8.0831    2.2281   11.8365    4.3277    0.2890    0.5943    0.0600    0.5800    0.0000
   34.0000    0.7000    0.4580    0.2420    1.5045    3.6135    8.0830    2.1855   11.8913    4.3257    0.2890    0.5976    0.0600    0.5800    0.0000
   34.0000    0.8000    0.4580    0.3420    1.5359    3.6094    8.0831    2.1957   11.9151    4.3244    0.2890    0.5981    0.0600    0.5800    0.0000
#   age       Mtot      Mc        Menv      logL      logT      logTc     logg      logR      logrhoc   Y         Yc        Z         FeH       OFe       
   35.0000    0.4610    0.4580    0.0030    1.0541    4.3471    8.0758    5.3888   10.1989    4.3665    0.2890    0.6322    0.0600    0.5800    0.0000
   35.0000    0.4630    0.4580    0.0050    1.0605    4.3134    8.0764    5.2492   10.2696    4.3643    0.2890    0.6272    0.0600    0.5800    0.0000
   35.0000    0.4650    0.4580    0.0070    1.0655    4.2872    8.0766    5.1415   10.3245    4.3623    0.2890    0.6280    0.0600    0.5800    0.0000
   35.0000    0.4700    0.4580    0.0120    1.0784    4.2343    8.0776    4.9221   10.4365    4.3580    0.2890    0.6210    0.0600    0.5800    0.0000
   35.0000    0.4750    0.4580    0.0170    1.0884    4.1912    8.0781    4.7438   10.5279    4.3545    0.2890    0.6193    0.0600    0.5800    0.0000
   35.0000    0.4800    0.4580    0.0220    1.1006    4.1526    8.0786    4.5817   10.6113    4.3512    0.2890    0.6170    0.0600    0.5800    0.0000
   35.0000    0.4900    0.4580    0.0320    1.1531    4.0804    8.0800    4.2494   10.7819    4.3449    0.2890    0.6065    0.0600    0.5800    0.0000
   35.0000    0.5000    0.4580    0.0420    1.2348    4.0032    8.0814    3.8676   10.9772    4.3388    0.2890    0.5976    0.0600    0.5800    0.0000
   35.0000    0.5100    0.4580    0.0520    1.2984    3.9103    8.0820    3.4409   11.1948    4.3350    0.2890    0.5962    0.0600    0.5800    0.0000
   35.0000    0.5200    0.4580    0.0620    1.3476    3.7938    8.0828    2.9347   11.4521    4.3320    0.2890    0.5889    0.0600    0.5800    0.0000
   35.0000    0.5400    0.4580    0.0820    1.3986    3.6766    8.0834    2.4310   11.7121    4.3292    0.2890    0.5857    0.0600    0.5800    0.0000
   35.0000    0.5600    0.4580    0.1020    1.4256    3.6506    8.0834    2.3159   11.7776    4.3282    0.2890    0.5861    0.0600    0.5800    0.0000
   35.0000    0.6000    0.4580    0.1420    1.4578    3.6299    8.0837    2.2308   11.8351    4.3268    0.2890    0.5867    0.0600    0.5800    0.0000
   35.0000    0.7000    0.4580    0.2420    1.5034    3.6137    8.0836    2.1876   11.8902    4.3247    0.2890    0.5903    0.0600    0.5800    0.0000
   35.0000    0.8000    0.4580    0.3420    1.5346    3.6096    8.0837    2.1979   11.9140    4.3234    0.2890    0.5905    0.0600    0.5800    0.0000
#   age       Mtot      Mc        Menv      logL      logT      logTc     logg      logR      logrhoc   Y         Yc        Z         FeH       OFe       
   36.0000    0.4610    0.4580    0.0030    1.0562    4.3468    8.0762    5.3858   10.2004    4.3661    0.2890    0.6258    0.0600    0.5800    0.0000
   36.0000    0.4630    0.4580    0.0050    1.0626    4.3130    8.0769    5.2459   10.2713    4.3639    0.2890    0.6207    0.0600    0.5800    0.0000
   36.0000    0.4650    0.4580    0.0070    1.0676    4.2868    8.0771    5.1379   10.3263    4.3620    0.2890    0.6216    0.0600    0.5800    0.0000
   36.0000    0.4700    0.4580    0.0120    1.0805    4.2338    8.0781    4.9177   10.4387    4.3576    0.2890    0.6144    0.0600    0.5800    0.0000
   36.0000    0.4750    0.4580    0.0170    1.0904    4.1905    8.0785    4.7389   10.5303    4.3541    0.2890    0.6124    0.0600    0.5800    0.0000
   36.0000    0.4800    0.4580    0.0220    1.1025    4.1518    8.0791    4.5765   10.6139    4.3508    0.2890    0.6102    0.0600    0.5800    0.0000
   36.0000    0.4900    0.4580    0.0320    1.1539    4.0796    8.0805    4.2454   10.7839    4.3445    0.2890    0.5993    0.0600    0.5800    0.0000
   36.0000    0.5000    0.4580    0.0420    1.2337    4.0033    8.0819    3.8694   10.9763    4.3383    0.2890    0.5906    0.0600    0.5800    0.0000
   36.0000    0.5100    0.4580    0.0520    1.2964    3.9118    8.0825    3.4490   11.1907    4.3345    0.2890    0.5889    0.0600    0.5800    0.0000
   36.0000    0.5200    0.4580    0.0620    1.3451    3.7971    8.0834    2.9503   11.4443    4.3313    0.2890    0.5811    0.0600    0.5800    0.0000
   36.0000    0.5400    0.4580    0.0820    1.3968    3.6775    8.0841    2.4368   11.7092    4.3284    0.2890    0.5785    0.0600    0.5800    0.0000
   36.0000    0.5600    0.4580    0.1020    1.4239    3.6511    8.0841    2.3196   11.7757    4.3274    0.2890    0.5784    0.0600    0.5800    0.0000
   36.0000    0.6000    0.4580    0.1420    1.4564    3.6302    8.0843    2.2335   11.8338    4.3260    0.2890    0.5791    0.0600    0.5800    0.0000
   36.0000    0.7000    0.4580    0.2420    1.5023    3.6140    8.0842    2.1897   11.8891    4.3238    0.2890    0.5830    0.0600    0.5800    0.0000
   36.0000    0.8000    0.4580    0.3420    1.5333    3.6098    8.0844    2.2001   11.9129    4.3223    0.2890    0.5829    0.0600    0.5800    0.0000
#   age       Mtot      Mc        Menv      logL      logT      logTc     logg      logR      logrhoc   Y         Yc        Z         FeH       OFe       
   37.0000    0.4610    0.4580    0.0030    1.0582    4.3466    8.0767    5.3829   10.2019    4.3658    0.2890    0.6193    0.0600    0.5800    0.0000
   37.0000    0.4630    0.4580    0.0050    1.0647    4.3127    8.0773    5.2425   10.2730    4.3636    0.2890    0.6141    0.0600    0.5800    0.0000
   37.0000    0.4650    0.4580    0.0070    1.0697    4.2864    8.0775    5.1342   10.3281    4.3616    0.2890    0.6151    0.0600    0.5800    0.0000
   37.0000    0.4700    0.4580    0.0120    1.0826    4.2332    8.0785    4.9133   10.4409    4.3572    0.2890    0.6079    0.0600    0.5800    0.0000
   37.0000    0.4750    0.4580    0.0170    1.0924    4.1898    8.0789    4.7340   10.5328    4.3538    0.2890    0.6055    0.0600    0.5800    0.0000
   37.0000    0.4800    0.4580    0.0220    1.1043    4.1509    8.0796    4.5713   10.6165    4.3505    0.2890    0.6034    0.0600    0.5800    0.0000
   37.0000    0.4900    0.4580    0.0320    1.1549    4.0788    8.0811    4.2411   10.7860    4.3441    0.2890    0.5920    0.0600    0.5800    0.0000
   37.0000    0.5000    0.4580    0.0420    1.2327    4.0035    8.0824    3.8712   10.9753    4.3379    0.2890    0.5837    0.0600    0.5800    0.0000
   37.0000    0.5100    0.4580    0.0520    1.2943    3.9133    8.0831    3.4572   11.1867    4.3339    0.2890    0.5815    0.0600    0.5800    0.0000
   37.0000    0.5200    0.4580    0.0620    1.3425    3.8004    8.0840    2.9659   11.4365    4.3305    0.2890    0.5732    0.0600    0.5800    0.0000
   37.0000    0.5400    0.4580    0.0820    1.3949    3.6785    8.0847    2.4425   11.7064    4.3276    0.2890    0.5713    0.0600    0.5800    0.0000
   37.0000    0.5600    0.4580    0.1020    1.4222    3.6516    8.0847    2.3233   11.7739    4.3266    0.2890    0.5706    0.0600    0.5800    0.0000
   37.0000    0.6000    0.4580    0.1420    1.4550    3.6306    8.0849    2.2362   11.8324    4.3251    0.2890    0.5715    0.0600    0.5800    0.0000
   37.0000    0.7000    0.4580    0.2420    1.5011    3.6142    8.0848    2.1918   11.8881    4.3228    0.2890    0.5757    0.0600    0.5800    0.0000
   37.0000    0.8000    0.4580    0.3420    1.5320    3.6100    8.0850    2.2023   11.9118    4.3213    0.2890    0.5752    0.0600    0.5800    0.0000
#   age       Mtot      Mc        Menv      logL      logT      logTc     logg      logR      logrhoc   Y         Yc        Z         FeH       OFe       
   38.0000    0.4610    0.4580    0.0030    1.0602    4.3464    8.0771    5.3799   10.2034    4.3654    0.2890    0.6128    0.0600    0.5800    0.0000
   38.0000    0.4630    0.4580    0.0050    1.0668    4.3124    8.0778    5.2391   10.2746    4.3632    0.2890    0.6076    0.0600    0.5800    0.0000
   38.0000    0.4650    0.4580    0.0070    1.0717    4.2860    8.0780    5.1306   10.3299    4.3612    0.2890    0.6086    0.0600    0.5800    0.0000
   38.0000    0.4700    0.4580    0.0120    1.0848    4.2326    8.0790    4.9089   10.4432    4.3568    0.2890    0.6013    0.0600    0.5800    0.0000
   38.0000    0.4750    0.4580    0.0170    1.0944    4.1891    8.0794    4.7292   10.5352    4.3534    0.2890    0.5986    0.0600    0.5800    0.0000
   38.0000    0.4800    0.4580    0.0220    1.1062    4.1501    8.0800    4.5661   10.6190    4.3501    0.2890    0.5967    0.0600    0.5800    0.0000
   38.0000    0.4900    0.4580    0.0320    1.1558    4.0779    8.0816    4.2368   10.7882    4.3437    0.2890    0.5847    0.0600    0.5800    0.0000
   38.0000    0.5000    0.4580    0.0420    1.2316    4.0037    8.0830    3.8730   10.9744    4.3374    0.2890    0.5767    0.0600    0.5800    0.0000
   38.0000    0.5100    0.4580    0.0520    1.2923    3.9148    8.0837    3.4654   11.1826    4.3333    0.2890    0.5742    0.0600    0.5800    0.0000
   38.0000    0.5200    0.4580    0.0620    1.3400    3.8037    8.0846    2.9816   11.4287    4.3298    0.2890    0.5654    0.0600    0.5800    0.0000
   38.0000    0.5400    0.4580    0.0820    1.3931    3.6795    8.0853    2.4483   11.7035    4.3268    0.2890    0.5641    0.0600    0.5800    0.0000
   38.0000    0.5600    0.4580    0.1020    1.4206    3.6522    8.0853    2.3270   11.7721    4.3258    0.2890    0.5628    0.0600    0.5800    0.0000
   38.0000    0.6000    0.4580    0.1420    1.4536    3.6309    8.0856    2.2389   11.8311    4.3243    0.2890    0.5639    0.0600    0.5800    0.0000
   38.0000    0.7000    0.4580    0.2420    1.5000    3.6145    8.0855    2.1940   11.8870    4.3219    0.2890    0.5684    0.0600    0.5800    0.0000
   38.0000    0.8000    0.4580    0.3420    1.5307    3.6103    8.0857    2.2045   11.9107    4.3202    0.2890    0.5676    0.0600    0.5800    0.0000
#   age       Mtot      Mc        Menv      logL      logT      logTc     logg      logR      logrhoc   Y         Yc        Z         FeH       OFe       
   39.0000    0.4610    0.4580    0.0030    1.0622    4.3461    8.0776    5.3769   10.2048    4.3651    0.2890    0.6063    0.0600    0.5800    0.0000
   39.0000    0.4630    0.4580    0.0050    1.0689    4.3121    8.0782    5.2358   10.2763    4.3629    0.2890    0.6011    0.0600    0.5800    0.0000
   39.0000    0.4650    0.4580    0.0070    1.0738    4.2856    8.0784    5.1269   10.3317    4.3608    0.2890    0.6022    0.0600    0.5800    0.0000
   39.0000    0.4700    0.4580    0.0120    1.0868    4.2321    8.0795    4.9046   10.4453    4.3564    0.2890    0.5946    0.0600    0.5800    0.0000
   39.0000    0.4750    0.4580    0.0170    1.0964    4.1884    8.0799    4.7244   10.5376    4.3531    0.2890    0.5920    0.0600    0.5800    0.0000
   39.0000    0.4800    0.4580    0.0220    1.1080    4.1493    8.0805    4.5611   10.6215    4.3498    0.2890    0.5901    0.0600    0.5800    0.0000
   39.0000    0.4900    0.4580    0.0320    1.1568    4.0771    8.0821    4.2325   10.7903    4.3433    0.2890    0.5775    0.0600    0.5800    0.0000
   39.0000    0.5000    0.4580    0.0420    1.2305    4.0039    8.0835    3.8748   10.9735    4.3369    0.2890    0.5697    0.0600    0.5800    0.0000
   39.0000    0.5100    0.4580    0.0520    1.2902    3.9163    8.0842    3.4735   11.1785    4.3328    0.2890    0.5668    0.0600    0.5800    0.0000
   39.0000    0.5200    0.4580    0.0620    1.3374    3.8069    8.0852    2.9972   11.4208    4.3291    0.2890    0.5576    0.0600    0.5800    0.0000
   39.0000    0.5400    0.4580    0.0820    1.3913    3.6805    8.0859    2.4540   11.7006    4.3261    0.2890    0.5569    0.0600    0.5800    0.0000
   39.0000    0.5600    0.4580    0.1020    1.4189    3.6527    8.0860    2.3307   11.7702    4.3249    0.2890    0.5551    0.0600    0.5800    0.0000
   39.0000    0.6000    0.4580    0.1420    1.4523    3.6312    8.0862    2.2416   11.8297    4.3234    0.2890    0.5563    0.0600    0.5800    0.0000
   39.0000    0.7000    0.4580    0.2420    1.4988    3.6147    8.0861    2.1961   11.8859    4.3209    0.2890    0.5611    0.0600    0.5800    0.0000
   39.0000    0.8000    0.4580    0.3420    1.5294    3.6105    8.0863    2.2066   11.9096    4.3192    0.2890    0.5600    0.0600    0.5800    0.0000
#   age       Mtot      Mc        Menv      logL      logT      logTc     logg      logR      logrhoc   Y         Yc        Z         FeH       OFe       
   40.0000    0.4610    0.4580    0.0030    1.0643    4.3459    8.0780    5.3739   10.2063    4.3647    0.2890    0.5998    0.0600    0.5800    0.0000
   40.0000    0.4630    0.4580    0.0050    1.0708    4.3118    8.0787    5.2326   10.2779    4.3625    0.2890    0.5949    0.0600    0.5800    0.0000
   40.0000    0.4650    0.4580    0.0070    1.0758    4.2853    8.0789    5.1235   10.3334    4.3604    0.2890    0.5960    0.0600    0.5800    0.0000
   40.0000    0.4700    0.4580    0.0120    1.0889    4.2315    8.0799    4.9003   10.4474    4.3560    0.2890    0.5879    0.0600    0.5800    0.0000
   40.0000    0.4750    0.4580    0.0170    1.0984    4.1877    8.0804    4.7196   10.5400    4.3528    0.2890    0.5854    0.0600    0.5800    0.0000
   40.0000    0.4800    0.4580    0.0220    1.1098    4.1485    8.0809    4.5561   10.6240    4.3495    0.2890    0.5834    0.0600    0.5800    0.0000
   40.0000    0.4900    0.4580    0.0320    1.1577    4.0762    8.0826    4.2282   10.7925    4.3429    0.2890    0.5702    0.0600    0.5800    0.0000
   40.0000    0.5000    0.4580    0.0420    1.2294    4.0041    8.0840    3.8766   10.9726    4.3364    0.2890    0.5627    0.0600    0.5800    0.0000
   40.0000    0.5100    0.4580    0.0520    1.2881    3.9179    8.0848    3.4817   11.1744    4.3322    0.2890    0.5594    0.0600    0.5800    0.0000
   40.0000    0.5200    0.4580    0.0620    1.3349    3.8102    8.0858    3.0127   11.4131    4.3284    0.2890    0.5498    0.0600    0.5800    0.0000
   40.0000    0.5400    0.4580    0.0820    1.3894    3.6814    8.0865    2.4597   11.6978    4.3253    0.2890    0.5497    0.0600    0.5800    0.0000
   40.0000    0.5600    0.4580    0.1020    1.4173    3.6531    8.0866    2.3342   11.7685    4.3242    0.2890    0.5475    0.0600    0.5800    0.0000
   40.0000    0.6000    0.4580    0.1420    1.4509    3.6316    8.0868    2.2444   11.8284    4.3226    0.2890    0.5487    0.0600    0.5800    0.0000
   40.0000    0.7000    0.4580    0.2420    1.4977    3.6150    8.0867    2.1982   11.8849    4.3200    0.2890    0.5538    0.0600    0.5800    0.0000
   40.0000    0.8000    0.4580    0.3420    1.5281    3.6107    8.0870    2.2088   11.9085    4.3181    0.2890    0.5524    0.0600    0.5800    0.0000
#   age       Mtot      Mc        Menv      logL      logT      logTc     logg      logR      logrhoc   Y         Yc        Z         FeH       OFe       
   41.0000    0.4610    0.4580    0.0030    1.0662    4.3457    8.0784    5.3711   10.2077    4.3643    0.2890    0.5940    0.0600    0.5800    0.0000
   41.0000    0.4630    0.4580    0.0050    1.0728    4.3115    8.0791    5.2294   10.2795    4.3620    0.2890    0.5889    0.0600    0.5800    0.0000
   41.0000    0.4650    0.4580    0.0070    1.0777    4.2849    8.0793    5.1201   10.3351    4.3600    0.2890    0.5900    0.0600    0.5800    0.0000
   41.0000    0.4700    0.4580    0.0120    1.0909    4.2310    8.0804    4.8961   10.4495    4.3556    0.2890    0.5812    0.0600    0.5800    0.0000
   41.0000    0.4750    0.4580    0.0170    1.1005    4.1869    8.0809    4.7149   10.5424    4.3525    0.2890    0.5788    0.0600    0.5800    0.0000
   41.0000    0.4800    0.4580    0.0220    1.1117    4.1477    8.0814    4.5511   10.6265    4.3492    0.2890    0.5768    0.0600    0.5800    0.0000
   41.0000    0.4900    0.4580    0.0320    1.1587    4.0754    8.0831    4.2239   10.7946    4.3426    0.2890    0.5629    0.0600    0.5800    0.0000
   41.0000    0.5000    0.4580    0.0420    1.2283    4.0042    8.0846    3.8784   10.9717    4.3359    0.2890    0.5558    0.0600    0.5800    0.0000
   41.0000    0.5100    0.4580    0.0520    1.2861    3.9194    8.0853    3.4899   11.1704    4.3317    0.2890    0.5521    0.0600    0.5800    0.0000
   41.0000    0.5200    0.4580    0.0620    1.3333    3.8122    8.0864    3.0224   11.4083    4.3279    0.2890    0.5429    0.0600    0.5800    0.0000
   41.0000    0.5400    0.4580    0.0820    1.3880    3.6822    8.0871    2.4643   11.6955    4.3246    0.2890    0.5424    0.0600    0.5800    0.0000
   41.0000    0.5600    0.4580    0.1020    1.4160    3.6536    8.0872    2.3373   11.7669    4.3235    0.2890    0.5404    0.0600    0.5800    0.0000
   41.0000    0.6000    0.4580    0.1420    1.4494    3.6319    8.0875    2.2473   11.8269    4.3217    0.2890    0.5411    0.0600    0.5800    0.0000
   41.0000    0.7000    0.4580    0.2420    1.4965    3.6152    8.0873    2.2003   11.8838    4.3191    0.2890    0.5460    0.0600    0.5800    0.0000
   41.0000    0.8000    0.4580    0.3420    1.5271    3.6109    8.0877    2.2106   11.9077    4.3172    0.2890    0.5446    0.0600    0.5800    0.0000
#   age       Mtot      Mc        Menv      logL      logT      logTc     logg      logR      logrhoc   Y         Yc        Z         FeH       OFe       
   42.0000    0.4610    0.4580    0.0030    1.0682    4.3455    8.0789    5.3683   10.2092    4.3638    0.2890    0.5882    0.0600    0.5800    0.0000
   42.0000    0.4630    0.4580    0.0050    1.0748    4.3112    8.0796    5.2263   10.2811    4.3616    0.2890    0.5828    0.0600    0.5800    0.0000
   42.0000    0.4650    0.4580    0.0070    1.0796    4.2845    8.0798    5.1167   10.3368    4.3595    0.2890    0.5840    0.0600    0.5800    0.0000
   42.0000    0.4700    0.4580    0.0120    1.0930    4.2305    8.0809    4.8918   10.4516    4.3553    0.2890    0.5744    0.0600    0.5800    0.0000
   42.0000    0.4750    0.4580    0.0170    1.1025    4.1862    8.0814    4.7101   10.5448    4.3522    0.2890    0.5721    0.0600    0.5800    0.0000
   42.0000    0.4800    0.4580    0.0220    1.1135    4.1469    8.0818    4.5461   10.6290    4.3489    0.2890    0.5701    0.0600    0.5800    0.0000
   42.0000    0.4900    0.4580    0.0320    1.1597    4.0746    8.0836    4.2196   10.7967    4.3422    0.2890    0.5556    0.0600    0.5800    0.0000
   42.0000    0.5000    0.4580    0.0420    1.2274    4.0044    8.0851    3.8798   10.9710    4.3354    0.2890    0.5489    0.0600    0.5800    0.0000
   42.0000    0.5100    0.4580    0.0520    1.2846    3.9204    8.0859    3.4954   11.1676    4.3312    0.2890    0.5450    0.0600    0.5800    0.0000
   42.0000    0.5200    0.4580    0.0620    1.3317    3.8142    8.0870    3.0321   11.4034    4.3274    0.2890    0.5360    0.0600    0.5800    0.0000
   42.0000    0.5400    0.4580    0.0820    1.3865    3.6830    8.0877    2.4690   11.6932    4.3240    0.2890    0.5351    0.0600    0.5800    0.0000
   42.0000    0.5600    0.4580    0.1020    1.4147    3.6540    8.0879    2.3403   11.7654    4.3228    0.2890    0.5332    0.0600    0.5800    0.0000
   42.0000    0.6000    0.4580    0.1420    1.4479    3.6323    8.0881    2.2502   11.8255    4.3209    0.2890    0.5335    0.0600    0.5800    0.0000
   42.0000    0.7000    0.4580    0.2420    1.4954    3.6154    8.0881    2.2024   11.8828    4.3184    0.2890    0.5378    0.0600    0.5800    0.0000
   42.0000    0.8000    0.4580    0.3420    1.5262    3.6111    8.0883    2.2121   11.9069    4.3164    0.2890    0.5367    0.0600    0.5800    0.0000
#   age       Mtot      Mc        Menv      logL      logT      logTc     logg      logR      logrhoc   Y         Yc        Z         FeH       OFe       
   43.0000    0.4610    0.4580    0.0030    1.0702    4.3453    8.0793    5.3655   10.2106    4.3634    0.2890    0.5823    0.0600    0.5800    0.0000
   43.0000    0.4630    0.4580    0.0050    1.0768    4.3109    8.0800    5.2231   10.2827    4.3612    0.2890    0.5767    0.0600    0.5800    0.0000
   43.0000    0.4650    0.4580    0.0070    1.0815    4.2841    8.0802    5.1133   10.3385    4.3591    0.2890    0.5779    0.0600    0.5800    0.0000
   43.0000    0.4700    0.4580    0.0120    1.0950    4.2299    8.0814    4.8875   10.4537    4.3549    0.2890    0.5677    0.0600    0.5800    0.0000
   43.0000    0.4750    0.4580    0.0170    1.1045    4.1855    8.0819    4.7053   10.5472    4.3519    0.2890    0.5655    0.0600    0.5800    0.0000
   43.0000    0.4800    0.4580    0.0220    1.1153    4.1461    8.0823    4.5411   10.6315    4.3486    0.2890    0.5635    0.0600    0.5800    0.0000
   43.0000    0.4900    0.4580    0.0320    1.1607    4.0737    8.0841    4.2152   10.7990    4.3418    0.2890    0.5486    0.0600    0.5800    0.0000
   43.0000    0.5000    0.4580    0.0420    1.2271    4.0041    8.0856    3.8792   10.9713    4.3351    0.2890    0.5423    0.0600    0.5800    0.0000
   43.0000    0.5100    0.4580    0.0520    1.2832    3.9212    8.0865    3.4998   11.1654    4.3307    0.2890    0.5381    0.0600    0.5800    0.0000
   43.0000    0.5200    0.4580    0.0620    1.3301    3.8163    8.0875    3.0418   11.3986    4.3269    0.2890    0.5291    0.0600    0.5800    0.0000
   43.0000    0.5400    0.4580    0.0820    1.3850    3.6838    8.0884    2.4736   11.6909    4.3234    0.2890    0.5278    0.0600    0.5800    0.0000
   43.0000    0.5600    0.4580    0.1020    1.4134    3.6544    8.0885    2.3434   11.7638    4.3221    0.2890    0.5261    0.0600    0.5800    0.0000
   43.0000    0.6000    0.4580    0.1420    1.4465    3.6326    8.0888    2.2530   11.8240    4.3200    0.2890    0.5258    0.0600    0.5800    0.0000
   43.0000    0.7000    0.4580    0.2420    1.4942    3.6157    8.0888    2.2045   11.8817    4.3177    0.2890    0.5295    0.0600    0.5800    0.0000
   43.0000    0.8000    0.4580    0.3420    1.5253    3.6113    8.0890    2.2136   11.9061    4.3156    0.2890    0.5288    0.0600    0.5800    0.0000
#   age       Mtot      Mc        Menv      logL      logT      logTc     logg      logR      logrhoc   Y         Yc        Z         FeH       OFe       
   44.0000    0.4610    0.4580    0.0030    1.0721    4.3451    8.0797    5.3627   10.2120    4.3630    0.2890    0.5765    0.0600    0.5800    0.0000
   44.0000    0.4630    0.4580    0.0050    1.0788    4.3106    8.0805    5.2199   10.2843    4.3608    0.2890    0.5707    0.0600    0.5800    0.0000
   44.0000    0.4650    0.4580    0.0070    1.0834    4.2838    8.0807    5.1099   10.3402    4.3586    0.2890    0.5719    0.0600    0.5800    0.0000
   44.0000    0.4700    0.4580    0.0120    1.0971    4.2294    8.0818    4.8833   10.4558    4.3545    0.2890    0.5610    0.0600    0.5800    0.0000
   44.0000    0.4750    0.4580    0.0170    1.1065    4.1848    8.0823    4.7005   10.5496    4.3516    0.2890    0.5589    0.0600    0.5800    0.0000
   44.0000    0.4800    0.4580    0.0220    1.1171    4.1453    8.0827    4.5361   10.6340    4.3483    0.2890    0.5568    0.0600    0.5800    0.0000
   44.0000    0.4900    0.4580    0.0320    1.1620    4.0728    8.0847    4.2103   10.8014    4.3415    0.2890    0.5424    0.0600    0.5800    0.0000
   44.0000    0.5000    0.4580    0.0420    1.2268    4.0039    8.0861    3.8786   10.9716    4.3348    0.2890    0.5357    0.0600    0.5800    0.0000
   44.0000    0.5100    0.4580    0.0520    1.2819    3.9219    8.0871    3.5043   11.1631    4.3302    0.2890    0.5312    0.0600    0.5800    0.0000
   44.0000    0.5200    0.4580    0.0620    1.3284    3.8183    8.0881    3.0515   11.3937    4.3263    0.2890    0.5222    0.0600    0.5800    0.0000
   44.0000    0.5400    0.4580    0.0820    1.3835    3.6846    8.0890    2.4782   11.6885    4.3228    0.2890    0.5206    0.0600    0.5800    0.0000
   44.0000    0.5600    0.4580    0.1020    1.4121    3.6549    8.0891    2.3465   11.7623    4.3214    0.2890    0.5189    0.0600    0.5800    0.0000
   44.0000    0.6000    0.4580    0.1420    1.4450    3.6330    8.0894    2.2559   11.8226    4.3192    0.2890    0.5182    0.0600    0.5800    0.0000
   44.0000    0.7000    0.4580    0.2420    1.4931    3.6159    8.0895    2.2066   11.8807    4.3170    0.2890    0.5212    0.0600    0.5800    0.0000
   44.0000    0.8000    0.4580    0.3420    1.5244    3.6114    8.0896    2.2152   11.9054    4.3147    0.2890    0.5210    0.0600    0.5800    0.0000
#   age       Mtot      Mc        Menv      logL      logT      logTc     logg      logR      logrhoc   Y         Yc        Z         FeH       OFe       
   45.0000    0.4610    0.4580    0.0030    1.0741    4.3448    8.0802    5.3599   10.2134    4.3625    0.2890    0.5707    0.0600    0.5800    0.0000
   45.0000    0.4630    0.4580    0.0050    1.0807    4.3103    8.0809    5.2168   10.2859    4.3604    0.2890    0.5646    0.0600    0.5800    0.0000
   45.0000    0.4650    0.4580    0.0070    1.0853    4.2834    8.0811    5.1065   10.3419    4.3582    0.2890    0.5659    0.0600    0.5800    0.0000
   45.0000    0.4700    0.4580    0.0120    1.0991    4.2288    8.0823    4.8790   10.4580    4.3541    0.2890    0.5543    0.0600    0.5800    0.0000
   45.0000    0.4750    0.4580    0.0170    1.1085    4.1841    8.0828    4.6957   10.5520    4.3513    0.2890    0.5523    0.0600    0.5800    0.0000
   45.0000    0.4800    0.4580    0.0220    1.1189    4.1445    8.0832    4.5311   10.6365    4.3480    0.2890    0.5502    0.0600    0.5800    0.0000
   45.0000    0.4900    0.4580    0.0320    1.1633    4.0719    8.0852    4.2055   10.8038    4.3412    0.2890    0.5363    0.0600    0.5800    0.0000
   45.0000    0.5000    0.4580    0.0420    1.2265    4.0037    8.0867    3.8780   10.9719    4.3344    0.2890    0.5291    0.0600    0.5800    0.0000
   45.0000    0.5100    0.4580    0.0520    1.2806    3.9227    8.0877    3.5087   11.1609    4.3297    0.2890    0.5242    0.0600    0.5800    0.0000
   45.0000    0.5200    0.4580    0.0620    1.3268    3.8203    8.0886    3.0613   11.3889    4.3258    0.2890    0.5153    0.0600    0.5800    0.0000
   45.0000    0.5400    0.4580    0.0820    1.3820    3.6854    8.0896    2.4829   11.6862    4.3221    0.2890    0.5133    0.0600    0.5800    0.0000
   45.0000    0.5600    0.4580    0.1020    1.4108    3.6553    8.0898    2.3496   11.7607    4.3207    0.2890    0.5118    0.0600    0.5800    0.0000
   45.0000    0.6000    0.4580    0.1420    1.4435    3.6333    8.0901    2.2588   11.8211    4.3184    0.2890    0.5105    0.0600    0.5800    0.0000
   45.0000    0.7000    0.4580    0.2420    1.4919    3.6161    8.0902    2.2087   11.8796    4.3162    0.2890    0.5130    0.0600    0.5800    0.0000
   45.0000    0.8000    0.4580    0.3420    1.5235    3.6116    8.0903    2.2167   11.9046    4.3139    0.2890    0.5131    0.0600    0.5800    0.0000
#   age       Mtot      Mc        Menv      logL      logT      logTc     logg      logR      logrhoc   Y         Yc        Z         FeH       OFe       
   46.0000    0.4610    0.4580    0.0030    1.0761    4.3446    8.0806    5.3571   10.2148    4.3621    0.2890    0.5648    0.0600    0.5800    0.0000
   46.0000    0.4630    0.4580    0.0050    1.0827    4.3100    8.0814    5.2136   10.2875    4.3600    0.2890    0.5585    0.0600    0.5800    0.0000
   46.0000    0.4650    0.4580    0.0070    1.0873    4.2830    8.0816    5.1031   10.3436    4.3577    0.2890    0.5599    0.0600    0.5800    0.0000
   46.0000    0.4700    0.4580    0.0120    1.1011    4.2283    8.0828    4.8749   10.4600    4.3538    0.2890    0.5477    0.0600    0.5800    0.0000
   46.0000    0.4750    0.4580    0.0170    1.1104    4.1835    8.0833    4.6911   10.5543    4.3510    0.2890    0.5464    0.0600    0.5800    0.0000
   46.0000    0.4800    0.4580    0.0220    1.1208    4.1437    8.0837    4.5262   10.6390    4.3477    0.2890    0.5443    0.0600    0.5800    0.0000
   46.0000    0.4900    0.4580    0.0320    1.1645    4.0710    8.0858    4.2006   10.8062    4.3409    0.2890    0.5301    0.0600    0.5800    0.0000
   46.0000    0.5000    0.4580    0.0420    1.2262    4.0035    8.0872    3.8774   10.9722    4.3341    0.2890    0.5225    0.0600    0.5800    0.0000
   46.0000    0.5100    0.4580    0.0520    1.2793    3.9235    8.0882    3.5132   11.1587    4.3293    0.2890    0.5173    0.0600    0.5800    0.0000
   46.0000    0.5200    0.4580    0.0620    1.3252    3.8223    8.0892    3.0710   11.3840    4.3253    0.2890    0.5084    0.0600    0.5800    0.0000
   46.0000    0.5400    0.4580    0.0820    1.3805    3.6862    8.0902    2.4875   11.6839    4.3215    0.2890    0.5060    0.0600    0.5800    0.0000
   46.0000    0.5600    0.4580    0.1020    1.4095    3.6557    8.0904    2.3527   11.7592    4.3200    0.2890    0.5046    0.0600    0.5800    0.0000
   46.0000    0.6000    0.4580    0.1420    1.4421    3.6337    8.0908    2.2617   11.8196    4.3175    0.2890    0.5029    0.0600    0.5800    0.0000
   46.0000    0.7000    0.4580    0.2420    1.4908    3.6164    8.0909    2.2108   11.8786    4.3155    0.2890    0.5047    0.0600    0.5800    0.0000
   46.0000    0.8000    0.4580    0.3420    1.5226    3.6118    8.0910    2.2183   11.9038    4.3131    0.2890    0.5052    0.0600    0.5800    0.0000
#   age       Mtot      Mc        Menv      logL      logT      logTc     logg      logR      logrhoc   Y         Yc        Z         FeH       OFe       
   47.0000    0.4610    0.4580    0.0030    1.0781    4.3444    8.0810    5.3542   10.2162    4.3617    0.2890    0.5590    0.0600    0.5800    0.0000
   47.0000    0.4630    0.4580    0.0050    1.0847    4.3097    8.0818    5.2105   10.2891    4.3596    0.2890    0.5524    0.0600    0.5800    0.0000
   47.0000    0.4650    0.4580    0.0070    1.0892    4.2826    8.0820    5.0998   10.3453    4.3573    0.2890    0.5538    0.0600    0.5800    0.0000
   47.0000    0.4700    0.4580    0.0120    1.1030    4.2278    8.0833    4.8709   10.4620    4.3535    0.2890    0.5412    0.0600    0.5800    0.0000
   47.0000    0.4750    0.4580    0.0170    1.1123    4.1828    8.0838    4.6866   10.5565    4.3506    0.2890    0.5408    0.0600    0.5800    0.0000
   47.0000    0.4800    0.4580    0.0220    1.1226    4.1430    8.0841    4.5213   10.6414    4.3474    0.2890    0.5385    0.0600    0.5800    0.0000
   47.0000    0.4900    0.4580    0.0320    1.1658    4.0701    8.0863    4.1958   10.8087    4.3405    0.2890    0.5239    0.0600    0.5800    0.0000
   47.0000    0.5000    0.4580    0.0420    1.2260    4.0032    8.0877    3.8768   10.9725    4.3337    0.2890    0.5159    0.0600    0.5800    0.0000
   47.0000    0.5100    0.4580    0.0520    1.2780    3.9243    8.0888    3.5176   11.1564    4.3288    0.2890    0.5104    0.0600    0.5800    0.0000
   47.0000    0.5200    0.4580    0.0620    1.3235    3.8244    8.0898    3.0807   11.3791    4.3248    0.2890    0.5015    0.0600    0.5800    0.0000
   47.0000    0.5400    0.4580    0.0820    1.3791    3.6869    8.0908    2.4919   11.6817    4.3209    0.2890    0.4987    0.0600    0.5800    0.0000
   47.0000    0.5600    0.4580    0.1020    1.4083    3.6561    8.0910    2.3555   11.7578    4.3193    0.2890    0.4974    0.0600    0.5800    0.0000
   47.0000    0.6000    0.4580    0.1420    1.4411    3.6339    8.0914    2.2638   11.8186    4.3170    0.2890    0.4956    0.0600    0.5800    0.0000
   47.0000    0.7000    0.4580    0.2420    1.4898    3.6166    8.0916    2.2126   11.8777    4.3148    0.2890    0.4966    0.0600    0.5800    0.0000
   47.0000    0.8000    0.4580    0.3420    1.5218    3.6119    8.0916    2.2197   11.9031    4.3123    0.2890    0.4975    0.0600    0.5800    0.0000
#   age       Mtot      Mc        Menv      logL      logT      logTc     logg      logR      logrhoc   Y         Yc        Z         FeH       OFe       
   48.0000    0.4610    0.4580    0.0030    1.0800    4.3442    8.0815    5.3514   10.2176    4.3612    0.2890    0.5532    0.0600    0.5800    0.0000
   48.0000    0.4630    0.4580    0.0050    1.0867    4.3094    8.0823    5.2074   10.2906    4.3592    0.2890    0.5464    0.0600    0.5800    0.0000
   48.0000    0.4650    0.4580    0.0070    1.0911    4.2823    8.0825    5.0964   10.3470    4.3569    0.2890    0.5478    0.0600    0.5800    0.0000
   48.0000    0.4700    0.4580    0.0120    1.1050    4.2273    8.0838    4.8669   10.4640    4.3532    0.2890    0.5348    0.0600    0.5800    0.0000
   48.0000    0.4750    0.4580    0.0170    1.1142    4.1822    8.0843    4.6821   10.5588    4.3502    0.2890    0.5353    0.0600    0.5800    0.0000
   48.0000    0.4800    0.4580    0.0220    1.1244    4.1422    8.0846    4.5164   10.6439    4.3471    0.2890    0.5326    0.0600    0.5800    0.0000
   48.0000    0.4900    0.4580    0.0320    1.1671    4.0692    8.0868    4.1909   10.8111    4.3402    0.2890    0.5178    0.0600    0.5800    0.0000
   48.0000    0.5000    0.4580    0.0420    1.2257    4.0030    8.0883    3.8762   10.9729    4.3334    0.2890    0.5093    0.0600    0.5800    0.0000
   48.0000    0.5100    0.4580    0.0520    1.2767    3.9251    8.0894    3.5221   11.1542    4.3283    0.2890    0.5035    0.0600    0.5800    0.0000
   48.0000    0.5200    0.4580    0.0620    1.3225    3.8256    8.0904    3.0869   11.3760    4.3244    0.2890    0.4947    0.0600    0.5800    0.0000
   48.0000    0.5400    0.4580    0.0820    1.3781    3.6876    8.0914    2.4956   11.6799    4.3206    0.2890    0.4915    0.0600    0.5800    0.0000
   48.0000    0.5600    0.4580    0.1020    1.4074    3.6565    8.0917    2.3578   11.7566    4.3189    0.2890    0.4902    0.0600    0.5800    0.0000
   48.0000    0.6000    0.4580    0.1420    1.4404    3.6341    8.0921    2.2653   11.8178    4.3166    0.2890    0.4884    0.0600    0.5800    0.0000
   48.0000    0.7000    0.4580    0.2420    1.4890    3.6168    8.0923    2.2141   11.8769    4.3142    0.2890    0.4886    0.0600    0.5800    0.0000
   48.0000    0.8000    0.4580    0.3420    1.5212    3.6120    8.0923    2.2208   11.9026    4.3117    0.2890    0.4901    0.0600    0.5800    0.0000
#   age       Mtot      Mc        Menv      logL      logT      logTc     logg      logR      logrhoc   Y         Yc        Z         FeH       OFe       
   49.0000    0.4610    0.4580    0.0030    1.0820    4.3440    8.0819    5.3487   10.2190    4.3609    0.2890    0.5472    0.0600    0.5800    0.0000
   49.0000    0.4630    0.4580    0.0050    1.0886    4.3092    8.0828    5.2043   10.2921    4.3589    0.2890    0.5404    0.0600    0.5800    0.0000
   49.0000    0.4650    0.4580    0.0070    1.0930    4.2819    8.0829    5.0931   10.3486    4.3567    0.2890    0.5417    0.0600    0.5800    0.0000
   49.0000    0.4700    0.4580    0.0120    1.1069    4.2268    8.0842    4.8630   10.4660    4.3529    0.2890    0.5284    0.0600    0.5800    0.0000
   49.0000    0.4750    0.4580    0.0170    1.1161    4.1815    8.0848    4.6776   10.5610    4.3498    0.2890    0.5298    0.0600    0.5800    0.0000
   49.0000    0.4800    0.4580    0.0220    1.1262    4.1414    8.0851    4.5115   10.6463    4.3468    0.2890    0.5268    0.0600    0.5800    0.0000
   49.0000    0.4900    0.4580    0.0320    1.1684    4.0683    8.0874    4.1860   10.8135    4.3399    0.2890    0.5116    0.0600    0.5800    0.0000
   49.0000    0.5000    0.4580    0.0420    1.2254    4.0028    8.0888    3.8755   10.9732    4.3330    0.2890    0.5027    0.0600    0.5800    0.0000
   49.0000    0.5100    0.4580    0.0520    1.2757    3.9256    8.0900    3.5249   11.1528    4.3280    0.2890    0.4964    0.0600    0.5800    0.0000
   49.0000    0.5200    0.4580    0.0620    1.3215    3.8267    8.0910    3.0921   11.3734    4.3241    0.2890    0.4880    0.0600    0.5800    0.0000
   49.0000    0.5400    0.4580    0.0820    1.3772    3.6882    8.0921    2.4992   11.6780    4.3202    0.2890    0.4843    0.0600    0.5800    0.0000
   49.0000    0.5600    0.4580    0.1020    1.4065    3.6569    8.0923    2.3601   11.7555    4.3184    0.2890    0.4829    0.0600    0.5800    0.0000
   49.0000    0.6000    0.4580    0.1420    1.4397    3.6344    8.0928    2.2669   11.8171    4.3161    0.2890    0.4812    0.0600    0.5800    0.0000
   49.0000    0.7000    0.4580    0.2420    1.4882    3.6170    8.0931    2.2156   11.8762    4.3136    0.2890    0.4806    0.0600    0.5800    0.0000
   49.0000    0.8000    0.4580    0.3420    1.5206    3.6121    8.0930    2.2218   11.9020    4.3111    0.2890    0.4826    0.0600    0.5800    0.0000
#   age       Mtot      Mc        Menv      logL      logT      logTc     logg      logR      logrhoc   Y         Yc        Z         FeH       OFe       
   50.0000    0.4610    0.4580    0.0030    1.0839    4.3438    8.0824    5.3460   10.2203    4.3606    0.2890    0.5412    0.0600    0.5800    0.0000
   50.0000    0.4630    0.4580    0.0050    1.0906    4.3089    8.0832    5.2013   10.2936    4.3585    0.2890    0.5344    0.0600    0.5800    0.0000
   50.0000    0.4650    0.4580    0.0070    1.0950    4.2816    8.0834    5.0898   10.3503    4.3564    0.2890    0.5356    0.0600    0.5800    0.0000
   50.0000    0.4700    0.4580    0.0120    1.1088    4.2263    8.0847    4.8590   10.4679    4.3526    0.2890    0.5219    0.0600    0.5800    0.0000
   50.0000    0.4750    0.4580    0.0170    1.1180    4.1809    8.0853    4.6731   10.5633    4.3495    0.2890    0.5243    0.0600    0.5800    0.0000
   50.0000    0.4800    0.4580    0.0220    1.1280    4.1406    8.0856    4.5065   10.6488    4.3465    0.2890    0.5210    0.0600    0.5800    0.0000
   50.0000    0.4900    0.4580    0.0320    1.1697    4.0674    8.0879    4.1812   10.8160    4.3396    0.2890    0.5054    0.0600    0.5800    0.0000
   50.0000    0.5000    0.4580    0.0420    1.2255    4.0024    8.0893    3.8738   10.9741    4.3328    0.2890    0.4961    0.0600    0.5800    0.0000
   50.0000    0.5100    0.4580    0.0520    1.2752    3.9257    8.0906    3.5260   11.1523    4.3277    0.2890    0.4892    0.0600    0.5800    0.0000
   50.0000    0.5200    0.4580    0.0620    1.3205    3.8278    8.0916    3.0974   11.3708    4.3238    0.2890    0.4813    0.0600    0.5800    0.0000
   50.0000    0.5400    0.4580    0.0820    1.3762    3.6889    8.0927    2.5028   11.6762    4.3198    0.2890    0.4771    0.0600    0.5800    0.0000
   50.0000    0.5600    0.4580    0.1020    1.4056    3.6572    8.0929    2.3625   11.7543    4.3180    0.2890    0.4756    0.0600    0.5800    0.0000
   50.0000    0.6000    0.4580    0.1420    1.4391    3.6346    8.0934    2.2684   11.8163    4.3157    0.2890    0.4741    0.0600    0.5800    0.0000
   50.0000    0.7000    0.4580    0.2420    1.4874    3.6172    8.0938    2.2171   11.8754    4.3130    0.2890    0.4727    0.0600    0.5800    0.0000
   50.0000    0.8000    0.4580    0.3420    1.5200    3.6122    8.0937    2.2229   11.9015    4.3105    0.2890    0.4752    0.0600    0.5800    0.0000
#   age       Mtot      Mc        Menv      logL      logT      logTc     logg      logR      logrhoc   Y         Yc        Z         FeH       OFe       
   51.0000    0.4610    0.4580    0.0030    1.0858    4.3437    8.0829    5.3434   10.2216    4.3603    0.2890    0.5352    0.0600    0.5800    0.0000
   51.0000    0.4630    0.4580    0.0050    1.0925    4.3086    8.0837    5.1983   10.2951    4.3582    0.2890    0.5284    0.0600    0.5800    0.0000
   51.0000    0.4650    0.4580    0.0070    1.0969    4.2813    8.0839    5.0865   10.3519    4.3562    0.2890    0.5295    0.0600    0.5800    0.0000
   51.0000    0.4700    0.4580    0.0120    1.1107    4.2257    8.0852    4.8551   10.4699    4.3523    0.2890    0.5155    0.0600    0.5800    0.0000
   51.0000    0.4750    0.4580    0.0170    1.1199    4.1802    8.0857    4.6686   10.5655    4.3491    0.2890    0.5188    0.0600    0.5800    0.0000
   51.0000    0.4800    0.4580    0.0220    1.1298    4.1398    8.0861    4.5016   10.6513    4.3463    0.2890    0.5151    0.0600    0.5800    0.0000
   51.0000    0.4900    0.4580    0.0320    1.1710    4.0665    8.0885    4.1763   10.8184    4.3393    0.2890    0.4992    0.0600    0.5800    0.0000
   51.0000    0.5000    0.4580    0.0420    1.2260    4.0018    8.0899    3.8712   10.9753    4.3326    0.2890    0.4896    0.0600    0.5800    0.0000
   51.0000    0.5100    0.4580    0.0520    1.2747    3.9259    8.0912    3.5271   11.1517    4.3274    0.2890    0.4821    0.0600    0.5800    0.0000
   51.0000    0.5200    0.4580    0.0620    1.3196    3.8289    8.0922    3.1026   11.3682    4.3234    0.2890    0.4746    0.0600    0.5800    0.0000
   51.0000    0.5400    0.4580    0.0820    1.3752    3.6896    8.0934    2.5064   11.6744    4.3194    0.2890    0.4698    0.0600    0.5800    0.0000
   51.0000    0.5600    0.4580    0.1020    1.4047    3.6576    8.0936    2.3648   11.7531    4.3175    0.2890    0.4683    0.0600    0.5800    0.0000
   51.0000    0.6000    0.4580    0.1420    1.4384    3.6348    8.0941    2.2700   11.8155    4.3153    0.2890    0.4669    0.0600    0.5800    0.0000
   51.0000    0.7000    0.4580    0.2420    1.4866    3.6173    8.0945    2.2186   11.8747    4.3123    0.2890    0.4647    0.0600    0.5800    0.0000
   51.0000    0.8000    0.4580    0.3420    1.5194    3.6124    8.0944    2.2240   11.9009    4.3099    0.2890    0.4678    0.0600    0.5800    0.0000
#   age       Mtot      Mc        Menv      logL      logT      logTc     logg      logR      logrhoc   Y         Yc        Z         FeH       OFe       
   52.0000    0.4610    0.4580    0.0030    1.0877    4.3435    8.0833    5.3407   10.2229    4.3600    0.2890    0.5291    0.0600    0.5800    0.0000
   52.0000    0.4630    0.4580    0.0050    1.0945    4.3083    8.0842    5.1952   10.2967    4.3579    0.2890    0.5224    0.0600    0.5800    0.0000
   52.0000    0.4650    0.4580    0.0070    1.0989    4.2809    8.0843    5.0832   10.3536    4.3559    0.2890    0.5234    0.0600    0.5800    0.0000
   52.0000    0.4700    0.4580    0.0120    1.1127    4.2252    8.0857    4.8511   10.4719    4.3520    0.2890    0.5091    0.0600    0.5800    0.0000
   52.0000    0.4750    0.4580    0.0170    1.1218    4.1796    8.0862    4.6641   10.5678    4.3487    0.2890    0.5132    0.0600    0.5800    0.0000
   52.0000    0.4800    0.4580    0.0220    1.1316    4.1390    8.0865    4.4967   10.6537    4.3460    0.2890    0.5093    0.0600    0.5800    0.0000
   52.0000    0.4900    0.4580    0.0320    1.1724    4.0656    8.0890    4.1713   10.8209    4.3392    0.2890    0.4925    0.0600    0.5800    0.0000
   52.0000    0.5000    0.4580    0.0420    1.2264    4.0013    8.0905    3.8686   10.9766    4.3324    0.2890    0.4830    0.0600    0.5800    0.0000
   52.0000    0.5100    0.4580    0.0520    1.2741    3.9260    8.0918    3.5282   11.1511    4.3271    0.2890    0.4749    0.0600    0.5800    0.0000
   52.0000    0.5200    0.4580    0.0620    1.3186    3.8299    8.0928    3.1078   11.3656    4.3231    0.2890    0.4679    0.0600    0.5800    0.0000
   52.0000    0.5400    0.4580    0.0820    1.3742    3.6902    8.0940    2.5101   11.6726    4.3191    0.2890    0.4626    0.0600    0.5800    0.0000
   52.0000    0.5600    0.4580    0.1020    1.4038    3.6579    8.0942    2.3671   11.7520    4.3171    0.2890    0.4610    0.0600    0.5800    0.0000
   52.0000    0.6000    0.4580    0.1420    1.4377    3.6350    8.0948    2.2716   11.8148    4.3149    0.2890    0.4598    0.0600    0.5800    0.0000
   52.0000    0.7000    0.4580    0.2420    1.4858    3.6175    8.0953    2.2201   11.8739    4.3117    0.2890    0.4567    0.0600    0.5800    0.0000
   52.0000    0.8000    0.4580    0.3420    1.5188    3.6125    8.0951    2.2251   11.9004    4.3092    0.2890    0.4604    0.0600    0.5800    0.0000
#   age       Mtot      Mc        Menv      logL      logT      logTc     logg      logR      logrhoc   Y         Yc        Z         FeH       OFe       
   53.0000    0.4610    0.4580    0.0030    1.0895    4.3433    8.0838    5.3381   10.2243    4.3598    0.2890    0.5231    0.0600    0.5800    0.0000
   53.0000    0.4630    0.4580    0.0050    1.0965    4.3081    8.0847    5.1922   10.2982    4.3575    0.2890    0.5164    0.0600    0.5800    0.0000
   53.0000    0.4650    0.4580    0.0070    1.1008    4.2806    8.0848    5.0799   10.3552    4.3557    0.2890    0.5172    0.0600    0.5800    0.0000
   53.0000    0.4700    0.4580    0.0120    1.1146    4.2247    8.0862    4.8471   10.4739    4.3517    0.2890    0.5027    0.0600    0.5800    0.0000
   53.0000    0.4750    0.4580    0.0170    1.1237    4.1789    8.0867    4.6596   10.5700    4.3483    0.2890    0.5077    0.0600    0.5800    0.0000
   53.0000    0.4800    0.4580    0.0220    1.1334    4.1383    8.0870    4.4918   10.6562    4.3457    0.2890    0.5034    0.0600    0.5800    0.0000
   53.0000    0.4900    0.4580    0.0320    1.1738    4.0647    8.0896    4.1663   10.8234    4.3390    0.2890    0.4858    0.0600    0.5800    0.0000
   53.0000    0.5000    0.4580    0.0420    1.2268    4.0008    8.0910    3.8660   10.9779    4.3321    0.2890    0.4765    0.0600    0.5800    0.0000
   53.0000    0.5100    0.4580    0.0520    1.2736    3.9261    8.0924    3.5293   11.1506    4.3268    0.2890    0.4677    0.0600    0.5800    0.0000
   53.0000    0.5200    0.4580    0.0620    1.3177    3.8310    8.0934    3.1131   11.3630    4.3228    0.2890    0.4612    0.0600    0.5800    0.0000
   53.0000    0.5400    0.4580    0.0820    1.3732    3.6909    8.0946    2.5137   11.6708    4.3187    0.2890    0.4554    0.0600    0.5800    0.0000
   53.0000    0.5600    0.4580    0.1020    1.4029    3.6583    8.0949    2.3694   11.7508    4.3166    0.2890    0.4537    0.0600    0.5800    0.0000
   53.0000    0.6000    0.4580    0.1420    1.4370    3.6352    8.0955    2.2731   11.8140    4.3145    0.2890    0.4526    0.0600    0.5800    0.0000
   53.0000    0.7000    0.4580    0.2420    1.4850    3.6177    8.0960    2.2216   11.8732    4.3111    0.2890    0.4488    0.0600    0.5800    0.0000
   53.0000    0.8000    0.4580    0.3420    1.5182    3.6126    8.0958    2.2262   11.8998    4.3086    0.2890    0.4529    0.0600    0.5800    0.0000
#   age       Mtot      Mc        Menv      logL      logT      logTc     logg      logR      logrhoc   Y         Yc        Z         FeH       OFe       
   54.0000    0.4610    0.4580    0.0030    1.0914    4.3431    8.0843    5.3354   10.2256    4.3595    0.2890    0.5171    0.0600    0.5800    0.0000
   54.0000    0.4630    0.4580    0.0050    1.0984    4.3078    8.0852    5.1891   10.2997    4.3572    0.2890    0.5104    0.0600    0.5800    0.0000
   54.0000    0.4650    0.4580    0.0070    1.1028    4.2802    8.0853    5.0766   10.3569    4.3554    0.2890    0.5111    0.0600    0.5800    0.0000
   54.0000    0.4700    0.4580    0.0120    1.1165    4.2242    8.0867    4.8433   10.4758    4.3515    0.2890    0.4967    0.0600    0.5800    0.0000
   54.0000    0.4750    0.4580    0.0170    1.1255    4.1783    8.0872    4.6551   10.5723    4.3479    0.2890    0.5022    0.0600    0.5800    0.0000
   54.0000    0.4800    0.4580    0.0220    1.1352    4.1375    8.0875    4.4869   10.6586    4.3454    0.2890    0.4975    0.0600    0.5800    0.0000
   54.0000    0.4900    0.4580    0.0320    1.1752    4.0638    8.0901    4.1613   10.8259    4.3389    0.2890    0.4792    0.0600    0.5800    0.0000
   54.0000    0.5000    0.4580    0.0420    1.2272    4.0002    8.0916    3.8635   10.9792    4.3319    0.2890    0.4700    0.0600    0.5800    0.0000
   54.0000    0.5100    0.4580    0.0520    1.2731    3.9263    8.0930    3.5304   11.1500    4.3265    0.2890    0.4605    0.0600    0.5800    0.0000
   54.0000    0.5200    0.4580    0.0620    1.3167    3.8321    8.0940    3.1183   11.3603    4.3224    0.2890    0.4545    0.0600    0.5800    0.0000
   54.0000    0.5400    0.4580    0.0820    1.3723    3.6915    8.0953    2.5172   11.6690    4.3184    0.2890    0.4481    0.0600    0.5800    0.0000
   54.0000    0.5600    0.4580    0.1020    1.4020    3.6587    8.0956    2.3716   11.7497    4.3163    0.2890    0.4464    0.0600    0.5800    0.0000
   54.0000    0.6000    0.4580    0.1420    1.4364    3.6354    8.0961    2.2746   11.8133    4.3142    0.2890    0.4453    0.0600    0.5800    0.0000
   54.0000    0.7000    0.4580    0.2420    1.4844    3.6179    8.0968    2.2228   11.8726    4.3107    0.2890    0.4413    0.0600    0.5800    0.0000
   54.0000    0.8000    0.4580    0.3420    1.5176    3.6127    8.0966    2.2273   11.8993    4.3081    0.2890    0.4456    0.0600    0.5800    0.0000
#   age       Mtot      Mc        Menv      logL      logT      logTc     logg      logR      logrhoc   Y         Yc        Z         FeH       OFe       
   55.0000    0.4610    0.4580    0.0030    1.0933    4.3429    8.0847    5.3328   10.2269    4.3592    0.2890    0.5110    0.0600    0.5800    0.0000
   55.0000    0.4630    0.4580    0.0050    1.1004    4.3075    8.0857    5.1861   10.3012    4.3568    0.2890    0.5043    0.0600    0.5800    0.0000
   55.0000    0.4650    0.4580    0.0070    1.1047    4.2799    8.0857    5.0733   10.3585    4.3552    0.2890    0.5050    0.0600    0.5800    0.0000
   55.0000    0.4700    0.4580    0.0120    1.1184    4.2238    8.0872    4.8396   10.4777    4.3513    0.2890    0.4910    0.0600    0.5800    0.0000
   55.0000    0.4750    0.4580    0.0170    1.1274    4.1776    8.0877    4.6507   10.5745    4.3477    0.2890    0.4960    0.0600    0.5800    0.0000
   55.0000    0.4800    0.4580    0.0220    1.1371    4.1367    8.0881    4.4820   10.6610    4.3453    0.2890    0.4915    0.0600    0.5800    0.0000
   55.0000    0.4900    0.4580    0.0320    1.1766    4.0629    8.0907    4.1563   10.8284    4.3387    0.2890    0.4725    0.0600    0.5800    0.0000
   55.0000    0.5000    0.4580    0.0420    1.2276    3.9997    8.0921    3.8609   10.9805    4.3317    0.2890    0.4634    0.0600    0.5800    0.0000
   55.0000    0.5100    0.4580    0.0520    1.2725    3.9264    8.0936    3.5315   11.1495    4.3262    0.2890    0.4534    0.0600    0.5800    0.0000
   55.0000    0.5200    0.4580    0.0620    1.3159    3.8330    8.0946    3.1226   11.3582    4.3222    0.2890    0.4477    0.0600    0.5800    0.0000
   55.0000    0.5400    0.4580    0.0820    1.3716    3.6921    8.0960    2.5201   11.6675    4.3182    0.2890    0.4408    0.0600    0.5800    0.0000
   55.0000    0.5600    0.4580    0.1020    1.4013    3.6590    8.0963    2.3737   11.7486    4.3161    0.2890    0.4390    0.0600    0.5800    0.0000
   55.0000    0.6000    0.4580    0.1420    1.4358    3.6356    8.0968    2.2759   11.8126    4.3140    0.2890    0.4379    0.0600    0.5800    0.0000
   55.0000    0.7000    0.4580    0.2420    1.4838    3.6180    8.0976    2.2240   11.8720    4.3104    0.2890    0.4338    0.0600    0.5800    0.0000
   55.0000    0.8000    0.4580    0.3420    1.5170    3.6128    8.0974    2.2284   11.8987    4.3076    0.2890    0.4383    0.0600    0.5800    0.0000
#   age       Mtot      Mc        Menv      logL      logT      logTc     logg      logR      logrhoc   Y         Yc        Z         FeH       OFe       
   56.0000    0.4610    0.4580    0.0030    1.0952    4.3427    8.0852    5.3301   10.2282    4.3589    0.2890    0.5050    0.0600    0.5800    0.0000
   56.0000    0.4630    0.4580    0.0050    1.1023    4.3072    8.0861    5.1831   10.3027    4.3566    0.2890    0.4984    0.0600    0.5800    0.0000
   56.0000    0.4650    0.4580    0.0070    1.1066    4.2795    8.0862    5.0700   10.3602    4.3550    0.2890    0.4990    0.0600    0.5800    0.0000
   56.0000    0.4700    0.4580    0.0120    1.1202    4.2233    8.0877    4.8359   10.4795    4.3512    0.2890    0.4853    0.0600    0.5800    0.0000
   56.0000    0.4750    0.4580    0.0170    1.1293    4.1770    8.0882    4.6464   10.5766    4.3476    0.2890    0.4895    0.0600    0.5800    0.0000
   56.0000    0.4800    0.4580    0.0220    1.1389    4.1360    8.0886    4.4772   10.6635    4.3451    0.2890    0.4854    0.0600    0.5800    0.0000
   56.0000    0.4900    0.4580    0.0320    1.1781    4.0620    8.0912    4.1513   10.8309    4.3386    0.2890    0.4658    0.0600    0.5800    0.0000
   56.0000    0.5000    0.4580    0.0420    1.2281    3.9992    8.0927    3.8583   10.9818    4.3315    0.2890    0.4569    0.0600    0.5800    0.0000
   56.0000    0.5100    0.4580    0.0520    1.2724    3.9264    8.0943    3.5314   11.1495    4.3261    0.2890    0.4464    0.0600    0.5800    0.0000
   56.0000    0.5200    0.4580    0.0620    1.3155    3.8334    8.0953    3.1250   11.3570    4.3221    0.2890    0.4408    0.0600    0.5800    0.0000
   56.0000    0.5400    0.4580    0.0820    1.3709    3.6927    8.0966    2.5231   11.6660    4.3180    0.2890    0.4335    0.0600    0.5800    0.0000
   56.0000    0.5600    0.4580    0.1020    1.4005    3.6593    8.0970    2.3759   11.7476    4.3159    0.2890    0.4316    0.0600    0.5800    0.0000
   56.0000    0.6000    0.4580    0.1420    1.4352    3.6358    8.0975    2.2773   11.8119    4.3137    0.2890    0.4305    0.0600    0.5800    0.0000
   56.0000    0.7000    0.4580    0.2420    1.4832    3.6182    8.0984    2.2253   11.8714    4.3100    0.2890    0.4264    0.0600    0.5800    0.0000
   56.0000    0.8000    0.4580    0.3420    1.5164    3.6129    8.0982    2.2295   11.8982    4.3072    0.2890    0.4309    0.0600    0.5800    0.0000
#   age       Mtot      Mc        Menv      logL      logT      logTc     logg      logR      logrhoc   Y         Yc        Z         FeH       OFe       
   57.0000    0.4610    0.4580    0.0030    1.0971    4.3426    8.0857    5.3275   10.2295    4.3587    0.2890    0.4990    0.0600    0.5800    0.0000
   57.0000    0.4630    0.4580    0.0050    1.1041    4.3070    8.0866    5.1804   10.3041    4.3564    0.2890    0.4926    0.0600    0.5800    0.0000
   57.0000    0.4650    0.4580    0.0070    1.1085    4.2792    8.0867    5.0669   10.3617    4.3548    0.2890    0.4931    0.0600    0.5800    0.0000
   57.0000    0.4700    0.4580    0.0120    1.1221    4.2228    8.0882    4.8322   10.4814    4.3510    0.2890    0.4796    0.0600    0.5800    0.0000
   57.0000    0.4750    0.4580    0.0170    1.1312    4.1764    8.0887    4.6421   10.5788    4.3475    0.2890    0.4829    0.0600    0.5800    0.0000
   57.0000    0.4800    0.4580    0.0220    1.1407    4.1352    8.0891    4.4723   10.6659    4.3450    0.2890    0.4794    0.0600    0.5800    0.0000
   57.0000    0.4900    0.4580    0.0320    1.1795    4.0611    8.0918    4.1463   10.8334    4.3385    0.2890    0.4591    0.0600    0.5800    0.0000
   57.0000    0.5000    0.4580    0.0420    1.2285    3.9986    8.0933    3.8557   10.9830    4.3313    0.2890    0.4503    0.0600    0.5800    0.0000
   57.0000    0.5100    0.4580    0.0520    1.2724    3.9261    8.0949    3.5304   11.1500    4.3260    0.2890    0.4397    0.0600    0.5800    0.0000
   57.0000    0.5200    0.4580    0.0620    1.3150    3.8339    8.0960    3.1274   11.3558    4.3219    0.2890    0.4340    0.0600    0.5800    0.0000
   57.0000    0.5400    0.4580    0.0820    1.3702    3.6933    8.0973    2.5261   11.6645    4.3179    0.2890    0.4262    0.0600    0.5800    0.0000
   57.0000    0.5600    0.4580    0.1020    1.3998    3.6597    8.0977    2.3780   11.7465    4.3157    0.2890    0.4242    0.0600    0.5800    0.0000
   57.0000    0.6000    0.4580    0.1420    1.4345    3.6360    8.0982    2.2786   11.8112    4.3135    0.2890    0.4231    0.0600    0.5800    0.0000
   57.0000    0.7000    0.4580    0.2420    1.4825    3.6183    8.0991    2.2265   11.8707    4.3096    0.2890    0.4189    0.0600    0.5800    0.0000
   57.0000    0.8000    0.4580    0.3420    1.5158    3.6131    8.0989    2.2306   11.8976    4.3067    0.2890    0.4236    0.0600    0.5800    0.0000
#   age       Mtot      Mc        Menv      logL      logT      logTc     logg      logR      logrhoc   Y         Yc        Z         FeH       OFe       
   58.0000    0.4610    0.4580    0.0030    1.0990    4.3424    8.0862    5.3250   10.2307    4.3585    0.2890    0.4934    0.0600    0.5800    0.0000
   58.0000    0.4630    0.4580    0.0050    1.1060    4.3068    8.0871    5.1776   10.3054    4.3562    0.2890    0.4867    0.0600    0.5800    0.0000
   58.0000    0.4650    0.4580    0.0070    1.1105    4.2789    8.0872    5.0638   10.3633    4.3546    0.2890    0.4872    0.0600    0.5800    0.0000
   58.0000    0.4700    0.4580    0.0120    1.1240    4.2224    8.0887    4.8285   10.4832    4.3508    0.2890    0.4740    0.0600    0.5800    0.0000
   58.0000    0.4750    0.4580    0.0170    1.1330    4.1758    8.0892    4.6378   10.5809    4.3474    0.2890    0.4763    0.0600    0.5800    0.0000
   58.0000    0.4800    0.4580    0.0220    1.1425    4.1344    8.0896    4.4674   10.6684    4.3448    0.2890    0.4734    0.0600    0.5800    0.0000
   58.0000    0.4900    0.4580    0.0320    1.1809    4.0602    8.0923    4.1413   10.8359    4.3383    0.2890    0.4524    0.0600    0.5800    0.0000
   58.0000    0.5000    0.4580    0.0420    1.2292    3.9979    8.0939    3.8521   10.9848    4.3313    0.2890    0.4438    0.0600    0.5800    0.0000
   58.0000    0.5100    0.4580    0.0520    1.2725    3.9259    8.0956    3.5293   11.1506    4.3260    0.2890    0.4330    0.0600    0.5800    0.0000
   58.0000    0.5200    0.4580    0.0620    1.3146    3.8344    8.0966    3.1298   11.3546    4.3218    0.2890    0.4271    0.0600    0.5800    0.0000
   58.0000    0.5400    0.4580    0.0820    1.3695    3.6938    8.0980    2.5291   11.6631    4.3177    0.2890    0.4189    0.0600    0.5800    0.0000
   58.0000    0.5600    0.4580    0.1020    1.3990    3.6600    8.0985    2.3801   11.7455    4.3155    0.2890    0.4168    0.0600    0.5800    0.0000
   58.0000    0.6000    0.4580    0.1420    1.4339    3.6362    8.0989    2.2800   11.8105    4.3132    0.2890    0.4157    0.0600    0.5800    0.0000
   58.0000    0.7000    0.4580    0.2420    1.4819    3.6185    8.0999    2.2277   11.8701    4.3092    0.2890    0.4114    0.0600    0.5800    0.0000
   58.0000    0.8000    0.4580    0.3420    1.5152    3.6132    8.0997    2.2317   11.8970    4.3062    0.2890    0.4163    0.0600    0.5800    0.0000
#   age       Mtot      Mc        Menv      logL      logT      logTc     logg      logR      logrhoc   Y         Yc        Z         FeH       OFe       
   59.0000    0.4610    0.4580    0.0030    1.1008    4.3423    8.0867    5.3226   10.2320    4.3583    0.2890    0.4877    0.0600    0.5800    0.0000
   59.0000    0.4630    0.4580    0.0050    1.1078    4.3066    8.0876    5.1749   10.3068    4.3561    0.2890    0.4809    0.0600    0.5800    0.0000
   59.0000    0.4650    0.4580    0.0070    1.1124    4.2786    8.0877    5.0607   10.3648    4.3544    0.2890    0.4813    0.0600    0.5800    0.0000
   59.0000    0.4700    0.4580    0.0120    1.1259    4.2219    8.0892    4.8248   10.4851    4.3506    0.2890    0.4683    0.0600    0.5800    0.0000
   59.0000    0.4750    0.4580    0.0170    1.1349    4.1752    8.0896    4.6335   10.5831    4.3473    0.2890    0.4697    0.0600    0.5800    0.0000
   59.0000    0.4800    0.4580    0.0220    1.1443    4.1337    8.0902    4.4626   10.6708    4.3447    0.2890    0.4673    0.0600    0.5800    0.0000
   59.0000    0.4900    0.4580    0.0320    1.1824    4.0593    8.0929    4.1363   10.8384    4.3383    0.2890    0.4459    0.0600    0.5800    0.0000
   59.0000    0.5000    0.4580    0.0420    1.2300    3.9972    8.0945    3.8485   10.9867    4.3312    0.2890    0.4372    0.0600    0.5800    0.0000
   59.0000    0.5100    0.4580    0.0520    1.2726    3.9256    8.0962    3.5282   11.1511    4.3260    0.2890    0.4262    0.0600    0.5800    0.0000
   59.0000    0.5200    0.4580    0.0620    1.3141    3.8349    8.0973    3.1322   11.3534    4.3217    0.2890    0.4202    0.0600    0.5800    0.0000
   59.0000    0.5400    0.4580    0.0820    1.3687    3.6944    8.0987    2.5321   11.6616    4.3176    0.2890    0.4116    0.0600    0.5800    0.0000
   59.0000    0.5600    0.4580    0.1020    1.3983    3.6604    8.0992    2.3822   11.7444    4.3153    0.2890    0.4094    0.0600    0.5800    0.0000
   59.0000    0.6000    0.4580    0.1420    1.4333    3.6364    8.0996    2.2813   11.8099    4.3130    0.2890    0.4082    0.0600    0.5800    0.0000
   59.0000    0.7000    0.4580    0.2420    1.4813    3.6186    8.1007    2.2290   11.8695    4.3088    0.2890    0.4039    0.0600    0.5800    0.0000
   59.0000    0.8000    0.4580    0.3420    1.5146    3.6133    8.1005    2.2328   11.8965    4.3058    0.2890    0.4090    0.0600    0.5800    0.0000
#   age       Mtot      Mc        Menv      logL      logT      logTc     logg      logR      logrhoc   Y         Yc        Z         FeH       OFe       
   60.0000    0.4610    0.4580    0.0030    1.1027    4.3421    8.0872    5.3201   10.2332    4.3581    0.2890    0.4821    0.0600    0.5800    0.0000
   60.0000    0.4630    0.4580    0.0050    1.1096    4.3064    8.0880    5.1721   10.3082    4.3559    0.2890    0.4751    0.0600    0.5800    0.0000
   60.0000    0.4650    0.4580    0.0070    1.1143    4.2783    8.0882    5.0575   10.3664    4.3543    0.2890    0.4754    0.0600    0.5800    0.0000
   60.0000    0.4700    0.4580    0.0120    1.1277    4.2214    8.0897    4.8211   10.4870    4.3505    0.2890    0.4626    0.0600    0.5800    0.0000
   60.0000    0.4750    0.4580    0.0170    1.1368    4.1746    8.0901    4.6292   10.5852    4.3472    0.2890    0.4631    0.0600    0.5800    0.0000
   60.0000    0.4800    0.4580    0.0220    1.1461    4.1329    8.0907    4.4577   10.6732    4.3445    0.2890    0.4613    0.0600    0.5800    0.0000
   60.0000    0.4900    0.4580    0.0320    1.1839    4.0585    8.0935    4.1312   10.8409    4.3383    0.2890    0.4394    0.0600    0.5800    0.0000
   60.0000    0.5000    0.4580    0.0420    1.2307    3.9965    8.0951    3.8448   10.9885    4.3312    0.2890    0.4306    0.0600    0.5800    0.0000
   60.0000    0.5100    0.4580    0.0520    1.2727    3.9253    8.0969    3.5271   11.1516    4.3259    0.2890    0.4195    0.0600    0.5800    0.0000
   60.0000    0.5200    0.4580    0.0620    1.3137    3.8354    8.0980    3.1346   11.3522    4.3216    0.2890    0.4133    0.0600    0.5800    0.0000
   60.0000    0.5400    0.4580    0.0820    1.3680    3.6950    8.0994    2.5351   11.6601    4.3174    0.2890    0.4043    0.0600    0.5800    0.0000
   60.0000    0.5600    0.4580    0.1020    1.3975    3.6607    8.0999    2.3843   11.7434    4.3151    0.2890    0.4020    0.0600    0.5800    0.0000
   60.0000    0.6000    0.4580    0.1420    1.4327    3.6366    8.1003    2.2826   11.8092    4.3127    0.2890    0.4008    0.0600    0.5800    0.0000
   60.0000    0.7000    0.4580    0.2420    1.4809    3.6187    8.1015    2.2299   11.8691    4.3086    0.2890    0.3963    0.0600    0.5800    0.0000
   60.0000    0.8000    0.4580    0.3420    1.5140    3.6135    8.1013    2.2339   11.8959    4.3053    0.2890    0.4017    0.0600    0.5800    0.0000
#   age       Mtot      Mc        Menv      logL      logT      logTc     logg      logR      logrhoc   Y         Yc        Z         FeH       OFe       
   61.0000    0.4610    0.4580    0.0030    1.1045    4.3419    8.0877    5.3177   10.2344    4.3579    0.2890    0.4764    0.0600    0.5800    0.0000
   61.0000    0.4630    0.4580    0.0050    1.1115    4.3061    8.0885    5.1694   10.3096    4.3557    0.2890    0.4693    0.0600    0.5800    0.0000
   61.0000    0.4650    0.4580    0.0070    1.1162    4.2780    8.0887    5.0544   10.3680    4.3541    0.2890    0.4695    0.0600    0.5800    0.0000
   61.0000    0.4700    0.4580    0.0120    1.1296    4.2210    8.0902    4.8173   10.4888    4.3503    0.2890    0.4569    0.0600    0.5800    0.0000
   61.0000    0.4750    0.4580    0.0170    1.1386    4.1740    8.0906    4.6249   10.5874    4.3471    0.2890    0.4565    0.0600    0.5800    0.0000
   61.0000    0.4800    0.4580    0.0220    1.1479    4.1322    8.0912    4.4528   10.6757    4.3443    0.2890    0.4553    0.0600    0.5800    0.0000
   61.0000    0.4900    0.4580    0.0320    1.1854    4.0576    8.0940    4.1261   10.8435    4.3383    0.2890    0.4329    0.0600    0.5800    0.0000
   61.0000    0.5000    0.4580    0.0420    1.2315    3.9957    8.0957    3.8411   10.9904    4.3311    0.2890    0.4241    0.0600    0.5800    0.0000
   61.0000    0.5100    0.4580    0.0520    1.2728    3.9251    8.0975    3.5260   11.1522    4.3259    0.2890    0.4128    0.0600    0.5800    0.0000
   61.0000    0.5200    0.4580    0.0620    1.3132    3.8358    8.0987    3.1370   11.3510    4.3215    0.2890    0.4065    0.0600    0.5800    0.0000
   61.0000    0.5400    0.4580    0.0820    1.3675    3.6954    8.1001    2.5374   11.6589    4.3173    0.2890    0.3970    0.0600    0.5800    0.0000
   61.0000    0.5600    0.4580    0.1020    1.3971    3.6609    8.1007    2.3857   11.7427    4.3151    0.2890    0.3946    0.0600    0.5800    0.0000
   61.0000    0.6000    0.4580    0.1420    1.4323    3.6367    8.1011    2.2836   11.8087    4.3127    0.2890    0.3935    0.0600    0.5800    0.0000
   61.0000    0.7000    0.4580    0.2420    1.4807    3.6188    8.1023    2.2305   11.8688    4.3086    0.2890    0.3885    0.0600    0.5800    0.0000
   61.0000    0.8000    0.4580    0.3420    1.5137    3.6136    8.1022    2.2347   11.8956    4.3051    0.2890    0.3939    0.0600    0.5800    0.0000
#   age       Mtot      Mc        Menv      logL      logT      logTc     logg      logR      logrhoc   Y         Yc        Z         FeH       OFe       
   62.0000    0.4610    0.4580    0.0030    1.1063    4.3418    8.0882    5.3152   10.2357    4.3578    0.2890    0.4707    0.0600    0.5800    0.0000
   62.0000    0.4630    0.4580    0.0050    1.1133    4.3059    8.0890    5.1666   10.3109    4.3556    0.2890    0.4634    0.0600    0.5800    0.0000
   62.0000    0.4650    0.4580    0.0070    1.1181    4.2777    8.0892    5.0513   10.3695    4.3539    0.2890    0.4636    0.0600    0.5800    0.0000
   62.0000    0.4700    0.4580    0.0120    1.1315    4.2205    8.0907    4.8136   10.4907    4.3501    0.2890    0.4513    0.0600    0.5800    0.0000
   62.0000    0.4750    0.4580    0.0170    1.1405    4.1734    8.0911    4.6206   10.5895    4.3470    0.2890    0.4500    0.0600    0.5800    0.0000
   62.0000    0.4800    0.4580    0.0220    1.1497    4.1314    8.0918    4.4480   10.6781    4.3442    0.2890    0.4492    0.0600    0.5800    0.0000
   62.0000    0.4900    0.4580    0.0320    1.1869    4.0567    8.0946    4.1210   10.8460    4.3383    0.2890    0.4263    0.0600    0.5800    0.0000
   62.0000    0.5000    0.4580    0.0420    1.2323    3.9950    8.0964    3.8375   10.9922    4.3311    0.2890    0.4175    0.0600    0.5800    0.0000
   62.0000    0.5100    0.4580    0.0520    1.2729    3.9248    8.0982    3.5250   11.1527    4.3258    0.2890    0.4061    0.0600    0.5800    0.0000
   62.0000    0.5200    0.4580    0.0620    1.3128    3.8363    8.0993    3.1392   11.3499    4.3214    0.2890    0.3996    0.0600    0.5800    0.0000
   62.0000    0.5400    0.4580    0.0820    1.3673    3.6957    8.1009    2.5387   11.6582    4.3175    0.2890    0.3898    0.0600    0.5800    0.0000
   62.0000    0.5600    0.4580    0.1020    1.3967    3.6611    8.1015    2.3867   11.7422    4.3152    0.2890    0.3870    0.0600    0.5800    0.0000
   62.0000    0.6000    0.4580    0.1420    1.4319    3.6369    8.1019    2.2845   11.8082    4.3128    0.2890    0.3861    0.0600    0.5800    0.0000
   62.0000    0.7000    0.4580    0.2420    1.4805    3.6189    8.1031    2.2311   11.8685    4.3086    0.2890    0.3808    0.0600    0.5800    0.0000
   62.0000    0.8000    0.4580    0.3420    1.5134    3.6137    8.1031    2.2353   11.8953    4.3050    0.2890    0.3860    0.0600    0.5800    0.0000
#   age       Mtot      Mc        Menv      logL      logT      logTc     logg      logR      logrhoc   Y         Yc        Z         FeH       OFe       
   63.0000    0.4610    0.4580    0.0030    1.1082    4.3416    8.0887    5.3127   10.2369    4.3576    0.2890    0.4651    0.0600    0.5800    0.0000
   63.0000    0.4630    0.4580    0.0050    1.1151    4.3057    8.0895    5.1639   10.3123    4.3554    0.2890    0.4576    0.0600    0.5800    0.0000
   63.0000    0.4650    0.4580    0.0070    1.1200    4.2774    8.0897    5.0482   10.3711    4.3537    0.2890    0.4577    0.0600    0.5800    0.0000
   63.0000    0.4700    0.4580    0.0120    1.1334    4.2201    8.0912    4.8100   10.4925    4.3501    0.2890    0.4455    0.0600    0.5800    0.0000
   63.0000    0.4750    0.4580    0.0170    1.1424    4.1728    8.0917    4.6164   10.5916    4.3470    0.2890    0.4441    0.0600    0.5800    0.0000
   63.0000    0.4800    0.4580    0.0220    1.1517    4.1307    8.0924    4.4430   10.6806    4.3442    0.2890    0.4431    0.0600    0.5800    0.0000
   63.0000    0.4900    0.4580    0.0320    1.1885    4.0558    8.0952    4.1160   10.8486    4.3383    0.2890    0.4198    0.0600    0.5800    0.0000
   63.0000    0.5000    0.4580    0.0420    1.2330    3.9943    8.0970    3.8338   10.9940    4.3311    0.2890    0.4109    0.0600    0.5800    0.0000
   63.0000    0.5100    0.4580    0.0520    1.2731    3.9245    8.0989    3.5237   11.1534    4.3258    0.2890    0.3993    0.0600    0.5800    0.0000
   63.0000    0.5200    0.4580    0.0620    1.3129    3.8362    8.1001    3.1385   11.3502    4.3216    0.2890    0.3924    0.0600    0.5800    0.0000
   63.0000    0.5400    0.4580    0.0820    1.3670    3.6960    8.1016    2.5401   11.6575    4.3176    0.2890    0.3827    0.0600    0.5800    0.0000
   63.0000    0.5600    0.4580    0.1020    1.3964    3.6613    8.1023    2.3877   11.7417    4.3152    0.2890    0.3795    0.0600    0.5800    0.0000
   63.0000    0.6000    0.4580    0.1420    1.4315    3.6370    8.1027    2.2855   11.8077    4.3128    0.2890    0.3788    0.0600    0.5800    0.0000
   63.0000    0.7000    0.4580    0.2420    1.4802    3.6190    8.1040    2.2317   11.8682    4.3085    0.2890    0.3730    0.0600    0.5800    0.0000
   63.0000    0.8000    0.4580    0.3420    1.5131    3.6138    8.1040    2.2360   11.8950    4.3049    0.2890    0.3781    0.0600    0.5800    0.0000
#   age       Mtot      Mc        Menv      logL      logT      logTc     logg      logR      logrhoc   Y         Yc        Z         FeH       OFe       
   64.0000    0.4610    0.4580    0.0030    1.1100    4.3415    8.0892    5.3103   10.2381    4.3574    0.2890    0.4594    0.0600    0.5800    0.0000
   64.0000    0.4630    0.4580    0.0050    1.1169    4.3055    8.0900    5.1611   10.3137    4.3552    0.2890    0.4518    0.0600    0.5800    0.0000
   64.0000    0.4650    0.4580    0.0070    1.1219    4.2771    8.0902    5.0450   10.3726    4.3536    0.2890    0.4518    0.0600    0.5800    0.0000
   64.0000    0.4700    0.4580    0.0120    1.1352    4.2197    8.0918    4.8064   10.4943    4.3500    0.2890    0.4397    0.0600    0.5800    0.0000
   64.0000    0.4750    0.4580    0.0170    1.1442    4.1722    8.0922    4.6121   10.5937    4.3470    0.2890    0.4383    0.0600    0.5800    0.0000
   64.0000    0.4800    0.4580    0.0220    1.1536    4.1299    8.0929    4.4381   10.6831    4.3442    0.2890    0.4369    0.0600    0.5800    0.0000
   64.0000    0.4900    0.4580    0.0320    1.1900    4.0549    8.0958    4.1109   10.8511    4.3383    0.2890    0.4133    0.0600    0.5800    0.0000
   64.0000    0.5000    0.4580    0.0420    1.2338    3.9936    8.0976    3.8301   10.9959    4.3310    0.2890    0.4044    0.0600    0.5800    0.0000
   64.0000    0.5100    0.4580    0.0520    1.2737    3.9238    8.0996    3.5202   11.1551    4.3260    0.2890    0.3919    0.0600    0.5800    0.0000
   64.0000    0.5200    0.4580    0.0620    1.3131    3.8361    8.1008    3.1379   11.3505    4.3218    0.2890    0.3852    0.0600    0.5800    0.0000
   64.0000    0.5400    0.4580    0.0820    1.3668    3.6962    8.1024    2.5414   11.6569    4.3177    0.2890    0.3755    0.0600    0.5800    0.0000
   64.0000    0.5600    0.4580    0.1020    1.3961    3.6615    8.1031    2.3888   11.7411    4.3153    0.2890    0.3720    0.0600    0.5800    0.0000
   64.0000    0.6000    0.4580    0.1420    1.4311    3.6372    8.1035    2.2864   11.8073    4.3128    0.2890    0.3714    0.0600    0.5800    0.0000
   64.0000    0.7000    0.4580    0.2420    1.4800    3.6191    8.1048    2.2322   11.8679    4.3085    0.2890    0.3652    0.0600    0.5800    0.0000
   64.0000    0.8000    0.4580    0.3420    1.5128    3.6139    8.1048    2.2366   11.8947    4.3048    0.2890    0.3702    0.0600    0.5800    0.0000
#   age       Mtot      Mc        Menv      logL      logT      logTc     logg      logR      logrhoc   Y         Yc        Z         FeH       OFe       
   65.0000    0.4610    0.4580    0.0030    1.1119    4.3413    8.0897    5.3078   10.2394    4.3572    0.2890    0.4538    0.0600    0.5800    0.0000
   65.0000    0.4630    0.4580    0.0050    1.1188    4.3053    8.0905    5.1584   10.3150    4.3552    0.2890    0.4460    0.0600    0.5800    0.0000
   65.0000    0.4650    0.4580    0.0070    1.1238    4.2768    8.0908    5.0421   10.3741    4.3535    0.2890    0.4460    0.0600    0.5800    0.0000
   65.0000    0.4700    0.4580    0.0120    1.1371    4.2192    8.0923    4.8028   10.4961    4.3500    0.2890    0.4339    0.0600    0.5800    0.0000
   65.0000    0.4750    0.4580    0.0170    1.1461    4.1716    8.0928    4.6079   10.5958    4.3470    0.2890    0.4324    0.0600    0.5800    0.0000
   65.0000    0.4800    0.4580    0.0220    1.1555    4.1292    8.0935    4.4332   10.6855    4.3442    0.2890    0.4308    0.0600    0.5800    0.0000
   65.0000    0.4900    0.4580    0.0320    1.1915    4.0540    8.0964    4.1058   10.8536    4.3383    0.2890    0.4068    0.0600    0.5800    0.0000
   65.0000    0.5000    0.4580    0.0420    1.2347    3.9928    8.0982    3.8261   10.9979    4.3311    0.2890    0.3977    0.0600    0.5800    0.0000
   65.0000    0.5100    0.4580    0.0520    1.2744    3.9232    8.1004    3.5168   11.1568    4.3263    0.2890    0.3846    0.0600    0.5800    0.0000
   65.0000    0.5200    0.4580    0.0620    1.3132    3.8359    8.1015    3.1373   11.3508    4.3220    0.2890    0.3780    0.0600    0.5800    0.0000
   65.0000    0.5400    0.4580    0.0820    1.3665    3.6965    8.1032    2.5428   11.6562    4.3178    0.2890    0.3684    0.0600    0.5800    0.0000
   65.0000    0.5600    0.4580    0.1020    1.3957    3.6617    8.1039    2.3898   11.7406    4.3154    0.2890    0.3645    0.0600    0.5800    0.0000
   65.0000    0.6000    0.4580    0.1420    1.4307    3.6373    8.1044    2.2873   11.8068    4.3128    0.2890    0.3640    0.0600    0.5800    0.0000
   65.0000    0.7000    0.4580    0.2420    1.4798    3.6192    8.1056    2.2328   11.8676    4.3085    0.2890    0.3574    0.0600    0.5800    0.0000
   65.0000    0.8000    0.4580    0.3420    1.5125    3.6140    8.1057    2.2372   11.8944    4.3047    0.2890    0.3623    0.0600    0.5800    0.0000
#   age       Mtot      Mc        Menv      logL      logT      logTc     logg      logR      logrhoc   Y         Yc        Z         FeH       OFe       
   66.0000    0.4610    0.4580    0.0030    1.1137    4.3412    8.0902    5.3054   10.2406    4.3571    0.2890    0.4482    0.0600    0.5800    0.0000
   66.0000    0.4630    0.4580    0.0050    1.1207    4.3051    8.0910    5.1558   10.3164    4.3552    0.2890    0.4403    0.0600    0.5800    0.0000
   66.0000    0.4650    0.4580    0.0070    1.1256    4.2766    8.0913    5.0393   10.3755    4.3535    0.2890    0.4403    0.0600    0.5800    0.0000
   66.0000    0.4700    0.4580    0.0120    1.1390    4.2188    8.0929    4.7992   10.4979    4.3500    0.2890    0.4280    0.0600    0.5800    0.0000
   66.0000    0.4750    0.4580    0.0170    1.1480    4.1711    8.0934    4.6037   10.5979    4.3470    0.2890    0.4265    0.0600    0.5800    0.0000
   66.0000    0.4800    0.4580    0.0220    1.1574    4.1284    8.0941    4.4282   10.6880    4.3441    0.2890    0.4247    0.0600    0.5800    0.0000
   66.0000    0.4900    0.4580    0.0320    1.1930    4.0531    8.0970    4.1007   10.8562    4.3383    0.2890    0.4003    0.0600    0.5800    0.0000
   66.0000    0.5000    0.4580    0.0420    1.2359    3.9919    8.0989    3.8214   11.0002    4.3313    0.2890    0.3911    0.0600    0.5800    0.0000
   66.0000    0.5100    0.4580    0.0520    1.2751    3.9225    8.1011    3.5133   11.1585    4.3265    0.2890    0.3772    0.0600    0.5800    0.0000
   66.0000    0.5200    0.4580    0.0620    1.3133    3.8358    8.1022    3.1367   11.3511    4.3222    0.2890    0.3708    0.0600    0.5800    0.0000
   66.0000    0.5400    0.4580    0.0820    1.3663    3.6968    8.1039    2.5442   11.6555    4.3179    0.2890    0.3612    0.0600    0.5800    0.0000
   66.0000    0.5600    0.4580    0.1020    1.3954    3.6618    8.1047    2.3908   11.7401    4.3155    0.2890    0.3570    0.0600    0.5800    0.0000
   66.0000    0.6000    0.4580    0.1420    1.4303    3.6375    8.1052    2.2883   11.8063    4.3129    0.2890    0.3567    0.0600    0.5800    0.0000
   66.0000    0.7000    0.4580    0.2420    1.4796    3.6193    8.1064    2.2334   11.8673    4.3085    0.2890    0.3496    0.0600    0.5800    0.0000
   66.0000    0.8000    0.4580    0.3420    1.5123    3.6140    8.1066    2.2378   11.8941    4.3047    0.2890    0.3544    0.0600    0.5800    0.0000
#   age       Mtot      Mc        Menv      logL      logT      logTc     logg      logR      logrhoc   Y         Yc        Z         FeH       OFe       
   67.0000    0.4610    0.4580    0.0030    1.1155    4.3411    8.0907    5.3032   10.2417    4.3571    0.2890    0.4426    0.0600    0.5800    0.0000
   67.0000    0.4630    0.4580    0.0050    1.1226    4.3048    8.0915    5.1531   10.3177    4.3551    0.2890    0.4346    0.0600    0.5800    0.0000
   67.0000    0.4650    0.4580    0.0070    1.1274    4.2763    8.0918    5.0364   10.3769    4.3535    0.2890    0.4347    0.0600    0.5800    0.0000
   67.0000    0.4700    0.4580    0.0120    1.1408    4.2184    8.0934    4.7956   10.4997    4.3499    0.2890    0.4222    0.0600    0.5800    0.0000
   67.0000    0.4750    0.4580    0.0170    1.1498    4.1705    8.0939    4.5995   10.6000    4.3469    0.2890    0.4207    0.0600    0.5800    0.0000
   67.0000    0.4800    0.4580    0.0220    1.1593    4.1277    8.0947    4.4233   10.6905    4.3441    0.2890    0.4185    0.0600    0.5800    0.0000
   67.0000    0.4900    0.4580    0.0320    1.1947    4.0522    8.0976    4.0953   10.8589    4.3385    0.2890    0.3939    0.0600    0.5800    0.0000
   67.0000    0.5000    0.4580    0.0420    1.2371    3.9910    8.0996    3.8167   11.0026    4.3316    0.2890    0.3844    0.0600    0.5800    0.0000
   67.0000    0.5100    0.4580    0.0520    1.2758    3.9218    8.1019    3.5099   11.1602    4.3267    0.2890    0.3699    0.0600    0.5800    0.0000
   67.0000    0.5200    0.4580    0.0620    1.3135    3.8357    8.1029    3.1361   11.3514    4.3223    0.2890    0.3636    0.0600    0.5800    0.0000
   67.0000    0.5400    0.4580    0.0820    1.3660    3.6970    8.1047    2.5455   11.6548    4.3180    0.2890    0.3540    0.0600    0.5800    0.0000
   67.0000    0.5600    0.4580    0.1020    1.3951    3.6620    8.1055    2.3918   11.7396    4.3156    0.2890    0.3495    0.0600    0.5800    0.0000
   67.0000    0.6000    0.4580    0.1420    1.4300    3.6376    8.1060    2.2891   11.8059    4.3129    0.2890    0.3493    0.0600    0.5800    0.0000
   67.0000    0.7000    0.4580    0.2420    1.4796    3.6194    8.1074    2.2337   11.8672    4.3088    0.2890    0.3419    0.0600    0.5800    0.0000
   67.0000    0.8000    0.4580    0.3420    1.5121    3.6141    8.1075    2.2383   11.8939    4.3047    0.2890    0.3464    0.0600    0.5800    0.0000
#   age       Mtot      Mc        Menv      logL      logT      logTc     logg      logR      logrhoc   Y         Yc        Z         FeH       OFe       
   68.0000    0.4610    0.4580    0.0030    1.1173    4.3409    8.0912    5.3009   10.2429    4.3570    0.2890    0.4371    0.0600    0.5800    0.0000
   68.0000    0.4630    0.4580    0.0050    1.1245    4.3046    8.0921    5.1504   10.3191    4.3551    0.2890    0.4289    0.0600    0.5800    0.0000
   68.0000    0.4650    0.4580    0.0070    1.1292    4.2761    8.0923    5.0336   10.3784    4.3535    0.2890    0.4290    0.0600    0.5800    0.0000
   68.0000    0.4700    0.4580    0.0120    1.1427    4.2180    8.0940    4.7921   10.5014    4.3499    0.2890    0.4164    0.0600    0.5800    0.0000
   68.0000    0.4750    0.4580    0.0170    1.1517    4.1699    8.0945    4.5953   10.6021    4.3469    0.2890    0.4148    0.0600    0.5800    0.0000
   68.0000    0.4800    0.4580    0.0220    1.1612    4.1269    8.0952    4.4184   10.6929    4.3441    0.2890    0.4124    0.0600    0.5800    0.0000
   68.0000    0.4900    0.4580    0.0320    1.1965    4.0513    8.0983    4.0898   10.8617    4.3388    0.2890    0.3874    0.0600    0.5800    0.0000
   68.0000    0.5000    0.4580    0.0420    1.2383    3.9901    8.1003    3.8119   11.0050    4.3318    0.2890    0.3777    0.0600    0.5800    0.0000
   68.0000    0.5100    0.4580    0.0520    1.2764    3.9211    8.1026    3.5065   11.1620    4.3269    0.2890    0.3626    0.0600    0.5800    0.0000
   68.0000    0.5200    0.4580    0.0620    1.3136    3.8356    8.1037    3.1354   11.3517    4.3225    0.2890    0.3564    0.0600    0.5800    0.0000
   68.0000    0.5400    0.4580    0.0820    1.3660    3.6972    8.1055    2.5462   11.6545    4.3183    0.2890    0.3468    0.0600    0.5800    0.0000
   68.0000    0.5600    0.4580    0.1020    1.3952    3.6621    8.1064    2.3920   11.7395    4.3161    0.2890    0.3419    0.0600    0.5800    0.0000
   68.0000    0.6000    0.4580    0.1420    1.4300    3.6376    8.1069    2.2893   11.8058    4.3133    0.2890    0.3417    0.0600    0.5800    0.0000
   68.0000    0.7000    0.4580    0.2420    1.4795    3.6194    8.1084    2.2340   11.8670    4.3091    0.2890    0.3341    0.0600    0.5800    0.0000
   68.0000    0.8000    0.4580    0.3420    1.5121    3.6141    8.1085    2.2384   11.8938    4.3051    0.2890    0.3383    0.0600    0.5800    0.0000
#   age       Mtot      Mc        Menv      logL      logT      logTc     logg      logR      logrhoc   Y         Yc        Z         FeH       OFe       
   69.0000    0.4610    0.4580    0.0030    1.1191    4.3408    8.0917    5.2986   10.2440    4.3570    0.2890    0.4316    0.0600    0.5800    0.0000
   69.0000    0.4630    0.4580    0.0050    1.1263    4.3044    8.0926    5.1477   10.3204    4.3551    0.2890    0.4232    0.0600    0.5800    0.0000
   69.0000    0.4650    0.4580    0.0070    1.1310    4.2758    8.0929    5.0307   10.3798    4.3534    0.2890    0.4233    0.0600    0.5800    0.0000
   69.0000    0.4700    0.4580    0.0120    1.1446    4.2176    8.0945    4.7885   10.5032    4.3499    0.2890    0.4106    0.0600    0.5800    0.0000
   69.0000    0.4750    0.4580    0.0170    1.1535    4.1693    8.0950    4.5911   10.6042    4.3469    0.2890    0.4090    0.0600    0.5800    0.0000
   69.0000    0.4800    0.4580    0.0220    1.1631    4.1262    8.0958    4.4134   10.6954    4.3441    0.2890    0.4063    0.0600    0.5800    0.0000
   69.0000    0.4900    0.4580    0.0320    1.1982    4.0504    8.0990    4.0843   10.8644    4.3390    0.2890    0.3810    0.0600    0.5800    0.0000
   69.0000    0.5000    0.4580    0.0420    1.2395    3.9892    8.1010    3.8072   11.0073    4.3320    0.2890    0.3710    0.0600    0.5800    0.0000
   69.0000    0.5100    0.4580    0.0520    1.2771    3.9204    8.1034    3.5030   11.1637    4.3271    0.2890    0.3552    0.0600    0.5800    0.0000
   69.0000    0.5200    0.4580    0.0620    1.3138    3.8354    8.1044    3.1346   11.3522    4.3228    0.2890    0.3492    0.0600    0.5800    0.0000
   69.0000    0.5400    0.4580    0.0820    1.3663    3.6972    8.1064    2.5459   11.6546    4.3188    0.2890    0.3393    0.0600    0.5800    0.0000
   69.0000    0.5600    0.4580    0.1020    1.3954    3.6621    8.1073    2.3921   11.7394    4.3165    0.2890    0.3343    0.0600    0.5800    0.0000
   69.0000    0.6000    0.4580    0.1420    1.4301    3.6377    8.1078    2.2895   11.8057    4.3137    0.2890    0.3341    0.0600    0.5800    0.0000
   69.0000    0.7000    0.4580    0.2420    1.4795    3.6195    8.1093    2.2343   11.8669    4.3094    0.2890    0.3264    0.0600    0.5800    0.0000
   69.0000    0.8000    0.4580    0.3420    1.5122    3.6142    8.1095    2.2385   11.8937    4.3054    0.2890    0.3302    0.0600    0.5800    0.0000
#   age       Mtot      Mc        Menv      logL      logT      logTc     logg      logR      logrhoc   Y         Yc        Z         FeH       OFe       
   70.0000    0.4610    0.4580    0.0030    1.1210    4.3407    8.0922    5.2963   10.2451    4.3570    0.2890    0.4261    0.0600    0.5800    0.0000
   70.0000    0.4630    0.4580    0.0050    1.1282    4.3042    8.0932    5.1450   10.3218    4.3551    0.2890    0.4175    0.0600    0.5800    0.0000
   70.0000    0.4650    0.4580    0.0070    1.1328    4.2756    8.0934    5.0279   10.3812    4.3534    0.2890    0.4176    0.0600    0.5800    0.0000
   70.0000    0.4700    0.4580    0.0120    1.1465    4.2171    8.0950    4.7849   10.5050    4.3498    0.2890    0.4048    0.0600    0.5800    0.0000
   70.0000    0.4750    0.4580    0.0170    1.1554    4.1687    8.0956    4.5868   10.6063    4.3469    0.2890    0.4031    0.0600    0.5800    0.0000
   70.0000    0.4800    0.4580    0.0220    1.1651    4.1254    8.0964    4.4085   10.6978    4.3441    0.2890    0.4001    0.0600    0.5800    0.0000
   70.0000    0.4900    0.4580    0.0320    1.1999    4.0494    8.0997    4.0788   10.8672    4.3392    0.2890    0.3745    0.0600    0.5800    0.0000
   70.0000    0.5000    0.4580    0.0420    1.2407    3.9883    8.1016    3.8025   11.0097    4.3323    0.2890    0.3643    0.0600    0.5800    0.0000
   70.0000    0.5100    0.4580    0.0520    1.2780    3.9196    8.1041    3.4991   11.1656    4.3275    0.2890    0.3479    0.0600    0.5800    0.0000
   70.0000    0.5200    0.4580    0.0620    1.3145    3.8348    8.1053    3.1315   11.3537    4.3233    0.2890    0.3421    0.0600    0.5800    0.0000
   70.0000    0.5400    0.4580    0.0820    1.3666    3.6972    8.1073    2.5456   11.6548    4.3192    0.2890    0.3319    0.0600    0.5800    0.0000
   70.0000    0.5600    0.4580    0.1020    1.3955    3.6622    8.1082    2.3923   11.7394    4.3169    0.2890    0.3267    0.0600    0.5800    0.0000
   70.0000    0.6000    0.4580    0.1420    1.4301    3.6377    8.1087    2.2898   11.8056    4.3141    0.2890    0.3265    0.0600    0.5800    0.0000
   70.0000    0.7000    0.4580    0.2420    1.4794    3.6196    8.1103    2.2345   11.8667    4.3098    0.2890    0.3186    0.0600    0.5800    0.0000
   70.0000    0.8000    0.4580    0.3420    1.5122    3.6142    8.1105    2.2386   11.8937    4.3057    0.2890    0.3221    0.0600    0.5800    0.0000
#   age       Mtot      Mc        Menv      logL      logT      logTc     logg      logR      logrhoc   Y         Yc        Z         FeH       OFe       
   71.0000    0.4610    0.4580    0.0030    1.1228    4.3406    8.0927    5.2941   10.2463    4.3570    0.2890    0.4205    0.0600    0.5800    0.0000
   71.0000    0.4630    0.4580    0.0050    1.1301    4.3040    8.0937    5.1424   10.3231    4.3550    0.2890    0.4118    0.0600    0.5800    0.0000
   71.0000    0.4650    0.4580    0.0070    1.1346    4.2753    8.0939    5.0251   10.3826    4.3534    0.2890    0.4119    0.0600    0.5800    0.0000
   71.0000    0.4700    0.4580    0.0120    1.1484    4.2167    8.0956    4.7812   10.5068    4.3498    0.2890    0.3989    0.0600    0.5800    0.0000
   71.0000    0.4750    0.4580    0.0170    1.1573    4.1681    8.0962    4.5826   10.6084    4.3470    0.2890    0.3971    0.0600    0.5800    0.0000
   71.0000    0.4800    0.4580    0.0220    1.1671    4.1247    8.0970    4.4035   10.7004    4.3443    0.2890    0.3938    0.0600    0.5800    0.0000
   71.0000    0.4900    0.4580    0.0320    1.2017    4.0485    8.1003    4.0733   10.8699    4.3394    0.2890    0.3681    0.0600    0.5800    0.0000
   71.0000    0.5000    0.4580    0.0420    1.2419    3.9874    8.1023    3.7978   11.0120    4.3325    0.2890    0.3576    0.0600    0.5800    0.0000
   71.0000    0.5100    0.4580    0.0520    1.2792    3.9187    8.1050    3.4940   11.1682    4.3280    0.2890    0.3407    0.0600    0.5800    0.0000
   71.0000    0.5200    0.4580    0.0620    1.3151    3.8342    8.1061    3.1285   11.3552    4.3238    0.2890    0.3350    0.0600    0.5800    0.0000
   71.0000    0.5400    0.4580    0.0820    1.3669    3.6973    8.1082    2.5453   11.6550    4.3197    0.2890    0.3244    0.0600    0.5800    0.0000
   71.0000    0.5600    0.4580    0.1020    1.3956    3.6622    8.1092    2.3925   11.7393    4.3174    0.2890    0.3192    0.0600    0.5800    0.0000
   71.0000    0.6000    0.4580    0.1420    1.4302    3.6378    8.1096    2.2900   11.8055    4.3145    0.2890    0.3189    0.0600    0.5800    0.0000
   71.0000    0.7000    0.4580    0.2420    1.4794    3.6196    8.1113    2.2348   11.8666    4.3101    0.2890    0.3109    0.0600    0.5800    0.0000
   71.0000    0.8000    0.4580    0.3420    1.5122    3.6142    8.1115    2.2388   11.8936    4.3060    0.2890    0.3140    0.0600    0.5800    0.0000
#   age       Mtot      Mc        Menv      logL      logT      logTc     logg      logR      logrhoc   Y         Yc        Z         FeH       OFe       
   72.0000    0.4610    0.4580    0.0030    1.1246    4.3405    8.0932    5.2918   10.2474    4.3570    0.2890    0.4150    0.0600    0.5800    0.0000
   72.0000    0.4630    0.4580    0.0050    1.1320    4.3038    8.0942    5.1397   10.3245    4.3550    0.2890    0.4061    0.0600    0.5800    0.0000
   72.0000    0.4650    0.4580    0.0070    1.1364    4.2751    8.0944    5.0222   10.3840    4.3534    0.2890    0.4062    0.0600    0.5800    0.0000
   72.0000    0.4700    0.4580    0.0120    1.1504    4.2163    8.0962    4.7775   10.5087    4.3500    0.2890    0.3927    0.0600    0.5800    0.0000
   72.0000    0.4750    0.4580    0.0170    1.1593    4.1675    8.0968    4.5783   10.6106    4.3472    0.2890    0.3910    0.0600    0.5800    0.0000
   72.0000    0.4800    0.4580    0.0220    1.1691    4.1239    8.0977    4.3984   10.7029    4.3446    0.2890    0.3874    0.0600    0.5800    0.0000
   72.0000    0.4900    0.4580    0.0320    1.2034    4.0476    8.1010    4.0678   10.8727    4.3397    0.2890    0.3616    0.0600    0.5800    0.0000
   72.0000    0.5000    0.4580    0.0420    1.2431    3.9865    8.1030    3.7931   11.0144    4.3328    0.2890    0.3509    0.0600    0.5800    0.0000
   72.0000    0.5100    0.4580    0.0520    1.2804    3.9177    8.1058    3.4889   11.1707    4.3285    0.2890    0.3336    0.0600    0.5800    0.0000
   72.0000    0.5200    0.4580    0.0620    1.3158    3.8336    8.1070    3.1255   11.3567    4.3243    0.2890    0.3279    0.0600    0.5800    0.0000
   72.0000    0.5400    0.4580    0.0820    1.3672    3.6973    8.1091    2.5450   11.6551    4.3201    0.2890    0.3169    0.0600    0.5800    0.0000
   72.0000    0.5600    0.4580    0.1020    1.3957    3.6623    8.1101    2.3926   11.7392    4.3178    0.2890    0.3116    0.0600    0.5800    0.0000
   72.0000    0.6000    0.4580    0.1420    1.4302    3.6378    8.1105    2.2902   11.8054    4.3148    0.2890    0.3113    0.0600    0.5800    0.0000
   72.0000    0.7000    0.4580    0.2420    1.4793    3.6197    8.1122    2.2351   11.8665    4.3104    0.2890    0.3031    0.0600    0.5800    0.0000
   72.0000    0.8000    0.4580    0.3420    1.5123    3.6143    8.1125    2.2389   11.8935    4.3064    0.2890    0.3059    0.0600    0.5800    0.0000
#   age       Mtot      Mc        Menv      logL      logT      logTc     logg      logR      logrhoc   Y         Yc        Z         FeH       OFe       
   73.0000    0.4610    0.4580    0.0030    1.1264    4.3404    8.0937    5.2895   10.2485    4.3569    0.2890    0.4095    0.0600    0.5800    0.0000
   73.0000    0.4630    0.4580    0.0050    1.1339    4.3036    8.0948    5.1370   10.3258    4.3550    0.2890    0.4004    0.0600    0.5800    0.0000
   73.0000    0.4650    0.4580    0.0070    1.1382    4.2748    8.0949    5.0194   10.3855    4.3534    0.2890    0.4006    0.0600    0.5800    0.0000
   73.0000    0.4700    0.4580    0.0120    1.1525    4.2159    8.0969    4.7738   10.5106    4.3503    0.2890    0.3864    0.0600    0.5800    0.0000
   73.0000    0.4750    0.4580    0.0170    1.1613    4.1669    8.0975    4.5740   10.6127    4.3474    0.2890    0.3849    0.0600    0.5800    0.0000
   73.0000    0.4800    0.4580    0.0220    1.1711    4.1231    8.0983    4.3934   10.7054    4.3448    0.2890    0.3810    0.0600    0.5800    0.0000
   73.0000    0.4900    0.4580    0.0320    1.2051    4.0466    8.1017    4.0623   10.8754    4.3399    0.2890    0.3552    0.0600    0.5800    0.0000
   73.0000    0.5000    0.4580    0.0420    1.2447    3.9855    8.1038    3.7874   11.0172    4.3332    0.2890    0.3441    0.0600    0.5800    0.0000
   73.0000    0.5100    0.4580    0.0520    1.2817    3.9167    8.1067    3.4838   11.1733    4.3291    0.2890    0.3264    0.0600    0.5800    0.0000
   73.0000    0.5200    0.4580    0.0620    1.3165    3.8330    8.1079    3.1225   11.3582    4.3248    0.2890    0.3208    0.0600    0.5800    0.0000
   73.0000    0.5400    0.4580    0.0820    1.3675    3.6973    8.1100    2.5448   11.6553    4.3206    0.2890    0.3095    0.0600    0.5800    0.0000
   73.0000    0.5600    0.4580    0.1020    1.3958    3.6624    8.1110    2.3928   11.7391    4.3183    0.2890    0.3040    0.0600    0.5800    0.0000
   73.0000    0.6000    0.4580    0.1420    1.4303    3.6379    8.1115    2.2904   11.8053    4.3152    0.2890    0.3037    0.0600    0.5800    0.0000
   73.0000    0.7000    0.4580    0.2420    1.4796    3.6197    8.1133    2.2348   11.8666    4.3110    0.2890    0.2950    0.0600    0.5800    0.0000
   73.0000    0.8000    0.4580    0.3420    1.5124    3.6143    8.1135    2.2389   11.8935    4.3068    0.2890    0.2976    0.0600    0.5800    0.0000
#   age       Mtot      Mc        Menv      logL      logT      logTc     logg      logR      logrhoc   Y         Yc        Z         FeH       OFe       
   74.0000    0.4610    0.4580    0.0030    1.1282    4.3403    8.0942    5.2872   10.2497    4.3569    0.2890    0.4040    0.0600    0.5800    0.0000
   74.0000    0.4630    0.4580    0.0050    1.1359    4.3034    8.0954    5.1343   10.3271    4.3552    0.2890    0.3944    0.0600    0.5800    0.0000
   74.0000    0.4650    0.4580    0.0070    1.1402    4.2746    8.0956    5.0164   10.3869    4.3536    0.2890    0.3946    0.0600    0.5800    0.0000
   74.0000    0.4700    0.4580    0.0120    1.1545    4.2155    8.0975    4.7700   10.5124    4.3505    0.2890    0.3802    0.0600    0.5800    0.0000
   74.0000    0.4750    0.4580    0.0170    1.1633    4.1664    8.0981    4.5697   10.6149    4.3476    0.2890    0.3788    0.0600    0.5800    0.0000
   74.0000    0.4800    0.4580    0.0220    1.1731    4.1224    8.0989    4.3884   10.7079    4.3450    0.2890    0.3747    0.0600    0.5800    0.0000
   74.0000    0.4900    0.4580    0.0320    1.2069    4.0457    8.1024    4.0568   10.8782    4.3402    0.2890    0.3487    0.0600    0.5800    0.0000
   74.0000    0.5000    0.4580    0.0420    1.2463    3.9844    8.1046    3.7816   11.0201    4.3338    0.2890    0.3373    0.0600    0.5800    0.0000
   74.0000    0.5100    0.4580    0.0520    1.2829    3.9158    8.1075    3.4787   11.1759    4.3296    0.2890    0.3192    0.0600    0.5800    0.0000
   74.0000    0.5200    0.4580    0.0620    1.3172    3.8325    8.1087    3.1195   11.3597    4.3253    0.2890    0.3137    0.0600    0.5800    0.0000
   74.0000    0.5400    0.4580    0.0820    1.3678    3.6973    8.1109    2.5445   11.6555    4.3211    0.2890    0.3020    0.0600    0.5800    0.0000
   74.0000    0.5600    0.4580    0.1020    1.3962    3.6624    8.1120    2.3924   11.7393    4.3190    0.2890    0.2962    0.0600    0.5800    0.0000
   74.0000    0.6000    0.4580    0.1420    1.4306    3.6379    8.1125    2.2902   11.8054    4.3158    0.2890    0.2959    0.0600    0.5800    0.0000
   74.0000    0.7000    0.4580    0.2420    1.4802    3.6196    8.1144    2.2342   11.8669    4.3119    0.2890    0.2866    0.0600    0.5800    0.0000
   74.0000    0.8000    0.4580    0.3420    1.5127    3.6143    8.1148    2.2385   11.8937    4.3077    0.2890    0.2887    0.0600    0.5800    0.0000
#   age       Mtot      Mc        Menv      logL      logT      logTc     logg      logR      logrhoc   Y         Yc        Z         FeH       OFe       
   75.0000    0.4610    0.4580    0.0030    1.1301    4.3402    8.0948    5.2849   10.2508    4.3569    0.2890    0.3983    0.0600    0.5800    0.0000
   75.0000    0.4630    0.4580    0.0050    1.1379    4.3033    8.0960    5.1316   10.3285    4.3554    0.2890    0.3884    0.0600    0.5800    0.0000
   75.0000    0.4650    0.4580    0.0070    1.1422    4.2743    8.0962    5.0135   10.3884    4.3537    0.2890    0.3886    0.0600    0.5800    0.0000
   75.0000    0.4700    0.4580    0.0120    1.1566    4.2150    8.0982    4.7663   10.5143    4.3507    0.2890    0.3739    0.0600    0.5800    0.0000
   75.0000    0.4750    0.4580    0.0170    1.1653    4.1658    8.0987    4.5655   10.6170    4.3478    0.2890    0.3726    0.0600    0.5800    0.0000
   75.0000    0.4800    0.4580    0.0220    1.1751    4.1216    8.0996    4.3834   10.7104    4.3452    0.2890    0.3683    0.0600    0.5800    0.0000
   75.0000    0.4900    0.4580    0.0320    1.2088    4.0447    8.1031    4.0510   10.8810    4.3407    0.2890    0.3421    0.0600    0.5800    0.0000
   75.0000    0.5000    0.4580    0.0420    1.2479    3.9834    8.1054    3.7757   11.0230    4.3343    0.2890    0.3304    0.0600    0.5800    0.0000
   75.0000    0.5100    0.4580    0.0520    1.2841    3.9148    8.1084    3.4736   11.1784    4.3302    0.2890    0.3120    0.0600    0.5800    0.0000
   75.0000    0.5200    0.4580    0.0620    1.3179    3.8319    8.1096    3.1165   11.3612    4.3258    0.2890    0.3066    0.0600    0.5800    0.0000
   75.0000    0.5400    0.4580    0.0820    1.3685    3.6971    8.1119    2.5432   11.6561    4.3219    0.2890    0.2944    0.0600    0.5800    0.0000
   75.0000    0.5600    0.4580    0.1020    1.3969    3.6623    8.1131    2.3914   11.7399    4.3199    0.2890    0.2881    0.0600    0.5800    0.0000
   75.0000    0.6000    0.4580    0.1420    1.4311    3.6379    8.1136    2.2896   11.8057    4.3167    0.2890    0.2880    0.0600    0.5800    0.0000
   75.0000    0.7000    0.4580    0.2420    1.4807    3.6196    8.1156    2.2336   11.8672    4.3128    0.2890    0.2783    0.0600    0.5800    0.0000
   75.0000    0.8000    0.4580    0.3420    1.5131    3.6143    8.1160    2.2381   11.8939    4.3086    0.2890    0.2797    0.0600    0.5800    0.0000
#   age       Mtot      Mc        Menv      logL      logT      logTc     logg      logR      logrhoc   Y         Yc        Z         FeH       OFe       
   76.0000    0.4610    0.4580    0.0030    1.1320    4.3401    8.0954    5.2826   10.2520    4.3571    0.2890    0.3924    0.0600    0.5800    0.0000
   76.0000    0.4630    0.4580    0.0050    1.1399    4.3031    8.0966    5.1289   10.3298    4.3556    0.2890    0.3824    0.0600    0.5800    0.0000
   76.0000    0.4650    0.4580    0.0070    1.1442    4.2741    8.0968    5.0105   10.3899    4.3539    0.2890    0.3827    0.0600    0.5800    0.0000
   76.0000    0.4700    0.4580    0.0120    1.1586    4.2146    8.0988    4.7626   10.5162    4.3509    0.2890    0.3677    0.0600    0.5800    0.0000
   76.0000    0.4750    0.4580    0.0170    1.1672    4.1652    8.0994    4.5612   10.6192    4.3480    0.2890    0.3665    0.0600    0.5800    0.0000
   76.0000    0.4800    0.4580    0.0220    1.1771    4.1208    8.1002    4.3783   10.7129    4.3455    0.2890    0.3619    0.0600    0.5800    0.0000
   76.0000    0.4900    0.4580    0.0320    1.2107    4.0438    8.1039    4.0453   10.8839    4.3412    0.2890    0.3355    0.0600    0.5800    0.0000
   76.0000    0.5000    0.4580    0.0420    1.2495    3.9823    8.1062    3.7699   11.0260    4.3348    0.2890    0.3236    0.0600    0.5800    0.0000
   76.0000    0.5100    0.4580    0.0520    1.2854    3.9139    8.1092    3.4685   11.1810    4.3307    0.2890    0.3049    0.0600    0.5800    0.0000
   76.0000    0.5200    0.4580    0.0620    1.3186    3.8312    8.1105    3.1133   11.3628    4.3264    0.2890    0.2995    0.0600    0.5800    0.0000
   76.0000    0.5400    0.4580    0.0820    1.3693    3.6969    8.1129    2.5414   11.6569    4.3228    0.2890    0.2866    0.0600    0.5800    0.0000
   76.0000    0.5600    0.4580    0.1020    1.3976    3.6622    8.1142    2.3903   11.7404    4.3209    0.2890    0.2800    0.0600    0.5800    0.0000
   76.0000    0.6000    0.4580    0.1420    1.4316    3.6379    8.1147    2.2889   11.8060    4.3176    0.2890    0.2801    0.0600    0.5800    0.0000
   76.0000    0.7000    0.4580    0.2420    1.4812    3.6196    8.1167    2.2330   11.8675    4.3136    0.2890    0.2699    0.0600    0.5800    0.0000
   76.0000    0.8000    0.4580    0.3420    1.5134    3.6143    8.1173    2.2378   11.8941    4.3095    0.2890    0.2708    0.0600    0.5800    0.0000
#   age       Mtot      Mc        Menv      logL      logT      logTc     logg      logR      logrhoc   Y         Yc        Z         FeH       OFe       
   77.0000    0.4610    0.4580    0.0030    1.1340    4.3400    8.0960    5.2803   10.2532    4.3573    0.2890    0.3864    0.0600    0.5800    0.0000
   77.0000    0.4630    0.4580    0.0050    1.1419    4.3029    8.0973    5.1262   10.3312    4.3558    0.2890    0.3764    0.0600    0.5800    0.0000
   77.0000    0.4650    0.4580    0.0070    1.1462    4.2738    8.0974    5.0075   10.3914    4.3541    0.2890    0.3767    0.0600    0.5800    0.0000
   77.0000    0.4700    0.4580    0.0120    1.1607    4.2142    8.0994    4.7588   10.5181    4.3511    0.2890    0.3614    0.0600    0.5800    0.0000
   77.0000    0.4750    0.4580    0.0170    1.1692    4.1646    8.1000    4.5569   10.6213    4.3482    0.2890    0.3604    0.0600    0.5800    0.0000
   77.0000    0.4800    0.4580    0.0220    1.1791    4.1201    8.1008    4.3733   10.7154    4.3457    0.2890    0.3556    0.0600    0.5800    0.0000
   77.0000    0.4900    0.4580    0.0320    1.2126    4.0428    8.1047    4.0396   10.8868    4.3417    0.2890    0.3288    0.0600    0.5800    0.0000
   77.0000    0.5000    0.4580    0.0420    1.2511    3.9813    8.1070    3.7640   11.0289    4.3353    0.2890    0.3167    0.0600    0.5800    0.0000
   77.0000    0.5100    0.4580    0.0520    1.2867    3.9128    8.1101    3.4630   11.1837    4.3314    0.2890    0.2976    0.0600    0.5800    0.0000
   77.0000    0.5200    0.4580    0.0620    1.3199    3.8301    8.1115    3.1076   11.3656    4.3273    0.2890    0.2920    0.0600    0.5800    0.0000
   77.0000    0.5400    0.4580    0.0820    1.3701    3.6967    8.1139    2.5397   11.6578    4.3238    0.2890    0.2788    0.0600    0.5800    0.0000
   77.0000    0.5600    0.4580    0.1020    1.3983    3.6621    8.1153    2.3893   11.7409    4.3218    0.2890    0.2719    0.0600    0.5800    0.0000
   77.0000    0.6000    0.4580    0.1420    1.4321    3.6378    8.1158    2.2883   11.8064    4.3185    0.2890    0.2722    0.0600    0.5800    0.0000
   77.0000    0.7000    0.4580    0.2420    1.4818    3.6195    8.1178    2.2324   11.8679    4.3145    0.2890    0.2616    0.0600    0.5800    0.0000
   77.0000    0.8000    0.4580    0.3420    1.5137    3.6143    8.1185    2.2374   11.8943    4.3104    0.2890    0.2619    0.0600    0.5800    0.0000
#   age       Mtot      Mc        Menv      logL      logT      logTc     logg      logR      logrhoc   Y         Yc        Z         FeH       OFe       
   78.0000    0.4610    0.4580    0.0030    1.1360    4.3399    8.0966    5.2780   10.2543    4.3574    0.2890    0.3805    0.0600    0.5800    0.0000
   78.0000    0.4630    0.4580    0.0050    1.1439    4.3028    8.0979    5.1235   10.3325    4.3559    0.2890    0.3704    0.0600    0.5800    0.0000
   78.0000    0.4650    0.4580    0.0070    1.1482    4.2736    8.0980    5.0046   10.3929    4.3543    0.2890    0.3707    0.0600    0.5800    0.0000
   78.0000    0.4700    0.4580    0.0120    1.1627    4.2138    8.1001    4.7551   10.5199    4.3513    0.2890    0.3552    0.0600    0.5800    0.0000
   78.0000    0.4750    0.4580    0.0170    1.1712    4.1640    8.1007    4.5526   10.6235    4.3484    0.2890    0.3543    0.0600    0.5800    0.0000
   78.0000    0.4800    0.4580    0.0220    1.1811    4.1193    8.1015    4.3683   10.7179    4.3460    0.2890    0.3492    0.0600    0.5800    0.0000
   78.0000    0.4900    0.4580    0.0320    1.2145    4.0418    8.1054    4.0339   10.8896    4.3423    0.2890    0.3222    0.0600    0.5800    0.0000
   78.0000    0.5000    0.4580    0.0420    1.2527    3.9802    8.1078    3.7582   11.0318    4.3358    0.2890    0.3099    0.0600    0.5800    0.0000
   78.0000    0.5100    0.4580    0.0520    1.2883    3.9117    8.1111    3.4568   11.1868    4.3324    0.2890    0.2903    0.0600    0.5800    0.0000
   78.0000    0.5200    0.4580    0.0620    1.3212    3.8290    8.1125    3.1019   11.3685    4.3282    0.2890    0.2846    0.0600    0.5800    0.0000
   78.0000    0.5400    0.4580    0.0820    1.3710    3.6964    8.1150    2.5380   11.6586    4.3247    0.2890    0.2710    0.0600    0.5800    0.0000
   78.0000    0.5600    0.4580    0.1020    1.3990    3.6620    8.1164    2.3883   11.7414    4.3228    0.2890    0.2639    0.0600    0.5800    0.0000
   78.0000    0.6000    0.4580    0.1420    1.4326    3.6378    8.1169    2.2877   11.8067    4.3193    0.2890    0.2643    0.0600    0.5800    0.0000
   78.0000    0.7000    0.4580    0.2420    1.4823    3.6195    8.1190    2.2317   11.8682    4.3154    0.2890    0.2532    0.0600    0.5800    0.0000
   78.0000    0.8000    0.4580    0.3420    1.5141    3.6143    8.1198    2.2370   11.8944    4.3113    0.2890    0.2529    0.0600    0.5800    0.0000
#   age       Mtot      Mc        Menv      logL      logT      logTc     logg      logR      logrhoc   Y         Yc        Z         FeH       OFe       
   79.0000    0.4610    0.4580    0.0030    1.1380    4.3398    8.0972    5.2757   10.2555    4.3576    0.2890    0.3745    0.0600    0.5800    0.0000
   79.0000    0.4630    0.4580    0.0050    1.1459    4.3026    8.0985    5.1208   10.3339    4.3561    0.2890    0.3643    0.0600    0.5800    0.0000
   79.0000    0.4650    0.4580    0.0070    1.1502    4.2733    8.0987    5.0016   10.3943    4.3545    0.2890    0.3648    0.0600    0.5800    0.0000
   79.0000    0.4700    0.4580    0.0120    1.1648    4.2133    8.1007    4.7514   10.5218    4.3516    0.2890    0.3489    0.0600    0.5800    0.0000
   79.0000    0.4750    0.4580    0.0170    1.1732    4.1634    8.1013    4.5483   10.6256    4.3486    0.2890    0.3481    0.0600    0.5800    0.0000
   79.0000    0.4800    0.4580    0.0220    1.1832    4.1186    8.1023    4.3633   10.7204    4.3464    0.2890    0.3426    0.0600    0.5800    0.0000
   79.0000    0.4900    0.4580    0.0320    1.2164    4.0409    8.1062    4.0281   10.8925    4.3428    0.2890    0.3156    0.0600    0.5800    0.0000
   79.0000    0.5000    0.4580    0.0420    1.2543    3.9792    8.1086    3.7524   11.0347    4.3364    0.2890    0.3030    0.0600    0.5800    0.0000
   79.0000    0.5100    0.4580    0.0520    1.2899    3.9105    8.1121    3.4507   11.1899    4.3333    0.2890    0.2829    0.0600    0.5800    0.0000
   79.0000    0.5200    0.4580    0.0620    1.3225    3.8280    8.1135    3.0961   11.3714    4.3292    0.2890    0.2771    0.0600    0.5800    0.0000
   79.0000    0.5400    0.4580    0.0820    1.3718    3.6962    8.1160    2.5363   11.6595    4.3257    0.2890    0.2633    0.0600    0.5800    0.0000
   79.0000    0.5600    0.4580    0.1020    1.3997    3.6620    8.1175    2.3872   11.7419    4.3237    0.2890    0.2558    0.0600    0.5800    0.0000
   79.0000    0.6000    0.4580    0.1420    1.4331    3.6378    8.1180    2.2871   11.8070    4.3202    0.2890    0.2564    0.0600    0.5800    0.0000
   79.0000    0.7000    0.4580    0.2420    1.4832    3.6194    8.1203    2.2306   11.8688    4.3167    0.2890    0.2449    0.0600    0.5800    0.0000
   79.0000    0.8000    0.4580    0.3420    1.5151    3.6142    8.1212    2.2356   11.8951    4.3128    0.2890    0.2439    0.0600    0.5800    0.0000
#   age       Mtot      Mc        Menv      logL      logT      logTc     logg      logR      logrhoc   Y         Yc        Z         FeH       OFe       
   80.0000    0.4610    0.4580    0.0030    1.1399    4.3397    8.0978    5.2733   10.2567    4.3578    0.2890    0.3686    0.0600    0.5800    0.0000
   80.0000    0.4630    0.4580    0.0050    1.1479    4.3024    8.0991    5.1181   10.3352    4.3563    0.2890    0.3583    0.0600    0.5800    0.0000
   80.0000    0.4650    0.4580    0.0070    1.1522    4.2731    8.0993    4.9987   10.3958    4.3546    0.2890    0.3588    0.0600    0.5800    0.0000
   80.0000    0.4700    0.4580    0.0120    1.1668    4.2130    8.1014    4.7479   10.5236    4.3520    0.2890    0.3428    0.0600    0.5800    0.0000
   80.0000    0.4750    0.4580    0.0170    1.1753    4.1629    8.1020    4.5442   10.6277    4.3491    0.2890    0.3419    0.0600    0.5800    0.0000
   80.0000    0.4800    0.4580    0.0220    1.1853    4.1179    8.1030    4.3583   10.7229    4.3469    0.2890    0.3361    0.0600    0.5800    0.0000
   80.0000    0.4900    0.4580    0.0320    1.2183    4.0399    8.1070    4.0224   10.8954    4.3433    0.2890    0.3090    0.0600    0.5800    0.0000
   80.0000    0.5000    0.4580    0.0420    1.2562    3.9780    8.1095    3.7459   11.0380    4.3371    0.2890    0.2961    0.0600    0.5800    0.0000
   80.0000    0.5100    0.4580    0.0520    1.2915    3.9094    8.1131    3.4445   11.1930    4.3343    0.2890    0.2755    0.0600    0.5800    0.0000
   80.0000    0.5200    0.4580    0.0620    1.3239    3.8269    8.1145    3.0904   11.3742    4.3301    0.2890    0.2696    0.0600    0.5800    0.0000
   80.0000    0.5400    0.4580    0.0820    1.3726    3.6960    8.1171    2.5346   11.6603    4.3266    0.2890    0.2555    0.0600    0.5800    0.0000
   80.0000    0.5600    0.4580    0.1020    1.4006    3.6618    8.1187    2.3858   11.7427    4.3249    0.2890    0.2477    0.0600    0.5800    0.0000
   80.0000    0.6000    0.4580    0.1420    1.4337    3.6378    8.1192    2.2863   11.8075    4.3212    0.2890    0.2484    0.0600    0.5800    0.0000
   80.0000    0.7000    0.4580    0.2420    1.4842    3.6193    8.1217    2.2291   11.8695    4.3182    0.2890    0.2366    0.0600    0.5800    0.0000
   80.0000    0.8000    0.4580    0.3420    1.5165    3.6141    8.1227    2.2338   11.8961    4.3145    0.2890    0.2348    0.0600    0.5800    0.0000
#   age       Mtot      Mc        Menv      logL      logT      logTc     logg      logR      logrhoc   Y         Yc        Z         FeH       OFe       
   81.0000    0.4610    0.4580    0.0030    1.1419    4.3396    8.0984    5.2710   10.2578    4.3579    0.2890    0.3626    0.0600    0.5800    0.0000
   81.0000    0.4630    0.4580    0.0050    1.1499    4.3023    8.0998    5.1154   10.3366    4.3565    0.2890    0.3523    0.0600    0.5800    0.0000
   81.0000    0.4650    0.4580    0.0070    1.1542    4.2728    8.0999    4.9957   10.3973    4.3548    0.2890    0.3528    0.0600    0.5800    0.0000
   81.0000    0.4700    0.4580    0.0120    1.1689    4.2126    8.1022    4.7444   10.5253    4.3525    0.2890    0.3367    0.0600    0.5800    0.0000
   81.0000    0.4750    0.4580    0.0170    1.1773    4.1624    8.1028    4.5400   10.6298    4.3496    0.2890    0.3357    0.0600    0.5800    0.0000
   81.0000    0.4800    0.4580    0.0220    1.1873    4.1171    8.1038    4.3533   10.7254    4.3474    0.2890    0.3295    0.0600    0.5800    0.0000
   81.0000    0.4900    0.4580    0.0320    1.2202    4.0390    8.1077    4.0167   10.8983    4.3438    0.2890    0.3024    0.0600    0.5800    0.0000
   81.0000    0.5000    0.4580    0.0420    1.2583    3.9768    8.1105    3.7389   11.0414    4.3380    0.2890    0.2890    0.0600    0.5800    0.0000
   81.0000    0.5100    0.4580    0.0520    1.2932    3.9082    8.1141    3.4383   11.1961    4.3352    0.2890    0.2681    0.0600    0.5800    0.0000
   81.0000    0.5200    0.4580    0.0620    1.3252    3.8258    8.1155    3.0847   11.3771    4.3311    0.2890    0.2621    0.0600    0.5800    0.0000
   81.0000    0.5400    0.4580    0.0820    1.3736    3.6957    8.1182    2.5324   11.6614    4.3278    0.2890    0.2477    0.0600    0.5800    0.0000
   81.0000    0.5600    0.4580    0.1020    1.4021    3.6616    8.1200    2.3832   11.7440    4.3265    0.2890    0.2394    0.0600    0.5800    0.0000
   81.0000    0.6000    0.4580    0.1420    1.4349    3.6376    8.1205    2.2845   11.8083    4.3228    0.2890    0.2402    0.0600    0.5800    0.0000
   81.0000    0.7000    0.4580    0.2420    1.4853    3.6192    8.1231    2.2276   11.8702    4.3198    0.2890    0.2283    0.0600    0.5800    0.0000
   81.0000    0.8000    0.4580    0.3420    1.5179    3.6140    8.1242    2.2319   11.8970    4.3163    0.2890    0.2257    0.0600    0.5800    0.0000
#   age       Mtot      Mc        Menv      logL      logT      logTc     logg      logR      logrhoc   Y         Yc        Z         FeH       OFe       
   82.0000    0.4610    0.4580    0.0030    1.1439    4.3395    8.0990    5.2687   10.2590    4.3581    0.2890    0.3566    0.0600    0.5800    0.0000
   82.0000    0.4630    0.4580    0.0050    1.1520    4.3021    8.1004    5.1129   10.3379    4.3569    0.2890    0.3462    0.0600    0.5800    0.0000
   82.0000    0.4650    0.4580    0.0070    1.1562    4.2726    8.1006    4.9928   10.3987    4.3551    0.2890    0.3468    0.0600    0.5800    0.0000
   82.0000    0.4700    0.4580    0.0120    1.1709    4.2122    8.1029    4.7409   10.5271    4.3529    0.2890    0.3305    0.0600    0.5800    0.0000
   82.0000    0.4750    0.4580    0.0170    1.1794    4.1618    8.1035    4.5358   10.6319    4.3501    0.2890    0.3295    0.0600    0.5800    0.0000
   82.0000    0.4800    0.4580    0.0220    1.1894    4.1164    8.1045    4.3483   10.7279    4.3478    0.2890    0.3230    0.0600    0.5800    0.0000
   82.0000    0.4900    0.4580    0.0320    1.2223    4.0380    8.1086    4.0107   10.9012    4.3446    0.2890    0.2956    0.0600    0.5800    0.0000
   82.0000    0.5000    0.4580    0.0420    1.2604    3.9756    8.1114    3.7320   11.0449    4.3390    0.2890    0.2820    0.0600    0.5800    0.0000
   82.0000    0.5100    0.4580    0.0520    1.2948    3.9071    8.1151    3.4322   11.1992    4.3362    0.2890    0.2607    0.0600    0.5800    0.0000
   82.0000    0.5200    0.4580    0.0620    1.3265    3.8247    8.1165    3.0789   11.3799    4.3320    0.2890    0.2546    0.0600    0.5800    0.0000
   82.0000    0.5400    0.4580    0.0820    1.3752    3.6952    8.1195    2.5289   11.6631    4.3294    0.2890    0.2398    0.0600    0.5800    0.0000
   82.0000    0.5600    0.4580    0.1020    1.4037    3.6613    8.1214    2.3806   11.7453    4.3282    0.2890    0.2312    0.0600    0.5800    0.0000
   82.0000    0.6000    0.4580    0.1420    1.4361    3.6375    8.1218    2.2828   11.8092    4.3245    0.2890    0.2319    0.0600    0.5800    0.0000
   82.0000    0.7000    0.4580    0.2420    1.4864    3.6191    8.1245    2.2262   11.8709    4.3214    0.2890    0.2200    0.0600    0.5800    0.0000
   82.0000    0.8000    0.4580    0.3420    1.5193    3.6138    8.1257    2.2300   11.8980    4.3180    0.2890    0.2166    0.0600    0.5800    0.0000
#   age       Mtot      Mc        Menv      logL      logT      logTc     logg      logR      logrhoc   Y         Yc        Z         FeH       OFe       
   83.0000    0.4610    0.4580    0.0030    1.1459    4.3394    8.0996    5.2664   10.2602    4.3583    0.2890    0.3507    0.0600    0.5800    0.0000
   83.0000    0.4630    0.4580    0.0050    1.1540    4.3020    8.1011    5.1104   10.3391    4.3573    0.2890    0.3401    0.0600    0.5800    0.0000
   83.0000    0.4650    0.4580    0.0070    1.1582    4.2724    8.1013    4.9900   10.4002    4.3556    0.2890    0.3407    0.0600    0.5800    0.0000
   83.0000    0.4700    0.4580    0.0120    1.1730    4.2119    8.1036    4.7373   10.5288    4.3534    0.2890    0.3244    0.0600    0.5800    0.0000
   83.0000    0.4750    0.4580    0.0170    1.1814    4.1613    8.1042    4.5316   10.6340    4.3505    0.2890    0.3233    0.0600    0.5800    0.0000
   83.0000    0.4800    0.4580    0.0220    1.1915    4.1157    8.1053    4.3433   10.7304    4.3483    0.2890    0.3164    0.0600    0.5800    0.0000
   83.0000    0.4900    0.4580    0.0320    1.2245    4.0370    8.1095    4.0047   10.9043    4.3455    0.2890    0.2887    0.0600    0.5800    0.0000
   83.0000    0.5000    0.4580    0.0420    1.2625    3.9744    8.1124    3.7250   11.0484    4.3399    0.2890    0.2749    0.0600    0.5800    0.0000
   83.0000    0.5100    0.4580    0.0520    1.2964    3.9059    8.1161    3.4260   11.2023    4.3372    0.2890    0.2533    0.0600    0.5800    0.0000
   83.0000    0.5200    0.4580    0.0620    1.3281    3.8234    8.1176    3.0721   11.3833    4.3332    0.2890    0.2470    0.0600    0.5800    0.0000
   83.0000    0.5400    0.4580    0.0820    1.3767    3.6947    8.1208    2.5255   11.6649    4.3311    0.2890    0.2319    0.0600    0.5800    0.0000
   83.0000    0.5600    0.4580    0.1020    1.4052    3.6610    8.1227    2.3780   11.7466    4.3299    0.2890    0.2229    0.0600    0.5800    0.0000
   83.0000    0.6000    0.4580    0.1420    1.4373    3.6374    8.1231    2.2811   11.8100    4.3261    0.2890    0.2237    0.0600    0.5800    0.0000
   83.0000    0.7000    0.4580    0.2420    1.4875    3.6190    8.1259    2.2247   11.8717    4.3230    0.2890    0.2117    0.0600    0.5800    0.0000
   83.0000    0.8000    0.4580    0.3420    1.5207    3.6137    8.1272    2.2282   11.8989    4.3197    0.2890    0.2076    0.0600    0.5800    0.0000
#   age       Mtot      Mc        Menv      logL      logT      logTc     logg      logR      logrhoc   Y         Yc        Z         FeH       OFe       
   84.0000    0.4610    0.4580    0.0030    1.1478    4.3394    8.1003    5.2642   10.2612    4.3587    0.2890    0.3448    0.0600    0.5800    0.0000
   84.0000    0.4630    0.4580    0.0050    1.1561    4.3019    8.1018    5.1079   10.3403    4.3577    0.2890    0.3340    0.0600    0.5800    0.0000
   84.0000    0.4650    0.4580    0.0070    1.1603    4.2722    8.1020    4.9872   10.4016    4.3560    0.2890    0.3346    0.0600    0.5800    0.0000
   84.0000    0.4700    0.4580    0.0120    1.1750    4.2115    8.1043    4.7338   10.5306    4.3539    0.2890    0.3182    0.0600    0.5800    0.0000
   84.0000    0.4750    0.4580    0.0170    1.1835    4.1608    8.1049    4.5275   10.6361    4.3510    0.2890    0.3171    0.0600    0.5800    0.0000
   84.0000    0.4800    0.4580    0.0220    1.1936    4.1150    8.1061    4.3383   10.7329    4.3488    0.2890    0.3099    0.0600    0.5800    0.0000
   84.0000    0.4900    0.4580    0.0320    1.2267    4.0361    8.1104    3.9986   10.9073    4.3464    0.2890    0.2818    0.0600    0.5800    0.0000
   84.0000    0.5000    0.4580    0.0420    1.2646    3.9732    8.1133    3.7180   11.0519    4.3408    0.2890    0.2679    0.0600    0.5800    0.0000
   84.0000    0.5100    0.4580    0.0520    1.2983    3.9047    8.1173    3.4190   11.2058    4.3385    0.2890    0.2457    0.0600    0.5800    0.0000
   84.0000    0.5200    0.4580    0.0620    1.3302    3.8217    8.1189    3.0635   11.3877    4.3349    0.2890    0.2391    0.0600    0.5800    0.0000
   84.0000    0.5400    0.4580    0.0820    1.3783    3.6942    8.1221    2.5220   11.6666    4.3327    0.2890    0.2241    0.0600    0.5800    0.0000
   84.0000    0.5600    0.4580    0.1020    1.4067    3.6608    8.1240    2.3755   11.7479    4.3315    0.2890    0.2147    0.0600    0.5800    0.0000
   84.0000    0.6000    0.4580    0.1420    1.4385    3.6372    8.1244    2.2794   11.8109    4.3277    0.2890    0.2155    0.0600    0.5800    0.0000
   84.0000    0.7000    0.4580    0.2420    1.4886    3.6189    8.1273    2.2232   11.8724    4.3245    0.2890    0.2035    0.0600    0.5800    0.0000
   84.0000    0.8000    0.4580    0.3420    1.5223    3.6136    8.1288    2.2260   11.9000    4.3217    0.2890    0.1985    0.0600    0.5800    0.0000
#   age       Mtot      Mc        Menv      logL      logT      logTc     logg      logR      logrhoc   Y         Yc        Z         FeH       OFe       
   85.0000    0.4610    0.4580    0.0030    1.1498    4.3393    8.1010    5.2621   10.2623    4.3591    0.2890    0.3389    0.0600    0.5800    0.0000
   85.0000    0.4630    0.4580    0.0050    1.1581    4.3018    8.1025    5.1054   10.3416    4.3581    0.2890    0.3279    0.0600    0.5800    0.0000
   85.0000    0.4650    0.4580    0.0070    1.1623    4.2721    8.1027    4.9844   10.4030    4.3564    0.2890    0.3286    0.0600    0.5800    0.0000
   85.0000    0.4700    0.4580    0.0120    1.1771    4.2111    8.1051    4.7303   10.5323    4.3543    0.2890    0.3121    0.0600    0.5800    0.0000
   85.0000    0.4750    0.4580    0.0170    1.1855    4.1602    8.1056    4.5233   10.6382    4.3515    0.2890    0.3109    0.0600    0.5800    0.0000
   85.0000    0.4800    0.4580    0.0220    1.1957    4.1143    8.1068    4.3333   10.7354    4.3493    0.2890    0.3033    0.0600    0.5800    0.0000
   85.0000    0.4900    0.4580    0.0320    1.2288    4.0351    8.1114    3.9926   10.9103    4.3473    0.2890    0.2749    0.0600    0.5800    0.0000
   85.0000    0.5000    0.4580    0.0420    1.2667    3.9720    8.1142    3.7111   11.0554    4.3418    0.2890    0.2609    0.0600    0.5800    0.0000
   85.0000    0.5100    0.4580    0.0520    1.3005    3.9033    8.1185    3.4114   11.2096    4.3402    0.2890    0.2378    0.0600    0.5800    0.0000
   85.0000    0.5200    0.4580    0.0620    1.3324    3.8201    8.1202    3.0549   11.3920    4.3366    0.2890    0.2312    0.0600    0.5800    0.0000
   85.0000    0.5400    0.4580    0.0820    1.3798    3.6938    8.1234    2.5186   11.6683    4.3343    0.2890    0.2162    0.0600    0.5800    0.0000
   85.0000    0.5600    0.4580    0.1020    1.4082    3.6605    8.1254    2.3729   11.7492    4.3332    0.2890    0.2064    0.0600    0.5800    0.0000
   85.0000    0.6000    0.4580    0.1420    1.4397    3.6371    8.1257    2.2776   11.8117    4.3294    0.2890    0.2073    0.0600    0.5800    0.0000
   85.0000    0.7000    0.4580    0.2420    1.4904    3.6187    8.1290    2.2205   11.8738    4.3269    0.2890    0.1947    0.0600    0.5800    0.0000
   85.0000    0.8000    0.4580    0.3420    1.5246    3.6133    8.1306    2.2228   11.9016    4.3245    0.2890    0.1894    0.0600    0.5800    0.0000
#   age       Mtot      Mc        Menv      logL      logT      logTc     logg      logR      logrhoc   Y         Yc        Z         FeH       OFe       
   86.0000    0.4610    0.4580    0.0030    1.1518    4.3393    8.1017    5.2600   10.2634    4.3595    0.2890    0.3330    0.0600    0.5800    0.0000
   86.0000    0.4630    0.4580    0.0050    1.1602    4.3016    8.1032    5.1029   10.3428    4.3586    0.2890    0.3217    0.0600    0.5800    0.0000
   86.0000    0.4650    0.4580    0.0070    1.1643    4.2719    8.1034    4.9816   10.4044    4.3569    0.2890    0.3225    0.0600    0.5800    0.0000
   86.0000    0.4700    0.4580    0.0120    1.1791    4.2108    8.1058    4.7268   10.5341    4.3548    0.2890    0.3059    0.0600    0.5800    0.0000
   86.0000    0.4750    0.4580    0.0170    1.1876    4.1597    8.1064    4.5191   10.6403    4.3519    0.2890    0.3047    0.0600    0.5800    0.0000
   86.0000    0.4800    0.4580    0.0220    1.1979    4.1136    8.1076    4.3285   10.7379    4.3499    0.2890    0.2969    0.0600    0.5800    0.0000
   86.0000    0.4900    0.4580    0.0320    1.2310    4.0341    8.1123    3.9866   10.9133    4.3482    0.2890    0.2680    0.0600    0.5800    0.0000
   86.0000    0.5000    0.4580    0.0420    1.2689    3.9708    8.1152    3.7041   11.0589    4.3427    0.2890    0.2538    0.0600    0.5800    0.0000
   86.0000    0.5100    0.4580    0.0520    1.3027    3.9020    8.1198    3.4038   11.2134    4.3418    0.2890    0.2300    0.0600    0.5800    0.0000
   86.0000    0.5200    0.4580    0.0620    1.3345    3.8185    8.1214    3.0462   11.3963    4.3382    0.2890    0.2232    0.0600    0.5800    0.0000
   86.0000    0.5400    0.4580    0.0820    1.3814    3.6933    8.1247    2.5151   11.6701    4.3360    0.2890    0.2083    0.0600    0.5800    0.0000
   86.0000    0.5600    0.4580    0.1020    1.4100    3.6602    8.1268    2.3699   11.7507    4.3351    0.2890    0.1981    0.0600    0.5800    0.0000
   86.0000    0.6000    0.4580    0.1420    1.4411    3.6370    8.1271    2.2756   11.8127    4.3311    0.2890    0.1990    0.0600    0.5800    0.0000
   86.0000    0.7000    0.4580    0.2420    1.4929    3.6184    8.1308    2.2168   11.8756    4.3298    0.2890    0.1857    0.0600    0.5800    0.0000
   86.0000    0.8000    0.4580    0.3420    1.5269    3.6131    8.1324    2.2195   11.9033    4.3274    0.2890    0.1803    0.0600    0.5800    0.0000
#   age       Mtot      Mc        Menv      logL      logT      logTc     logg      logR      logrhoc   Y         Yc        Z         FeH       OFe       
   87.0000    0.4610    0.4580    0.0030    1.1538    4.3393    8.1023    5.2578   10.2644    4.3599    0.2890    0.3272    0.0600    0.5800    0.0000
   87.0000    0.4630    0.4580    0.0050    1.1623    4.3015    8.1039    5.1004   10.3440    4.3590    0.2890    0.3156    0.0600    0.5800    0.0000
   87.0000    0.4650    0.4580    0.0070    1.1664    4.2717    8.1041    4.9788   10.4058    4.3573    0.2890    0.3164    0.0600    0.5800    0.0000
   87.0000    0.4700    0.4580    0.0120    1.1812    4.2104    8.1065    4.7233   10.5359    4.3552    0.2890    0.2998    0.0600    0.5800    0.0000
   87.0000    0.4750    0.4580    0.0170    1.1896    4.1592    8.1071    4.5150   10.6424    4.3525    0.2890    0.2984    0.0600    0.5800    0.0000
   87.0000    0.4800    0.4580    0.0220    1.2000    4.1129    8.1085    4.3237   10.7402    4.3508    0.2890    0.2905    0.0600    0.5800    0.0000
   87.0000    0.4900    0.4580    0.0320    1.2332    4.0332    8.1132    3.9805   10.9163    4.3491    0.2890    0.2611    0.0600    0.5800    0.0000
   87.0000    0.5000    0.4580    0.0420    1.2710    3.9696    8.1163    3.6972   11.0623    4.3439    0.2890    0.2465    0.0600    0.5800    0.0000
   87.0000    0.5100    0.4580    0.0520    1.3049    3.9007    8.1210    3.3962   11.2171    4.3435    0.2890    0.2221    0.0600    0.5800    0.0000
   87.0000    0.5200    0.4580    0.0620    1.3366    3.8169    8.1227    3.0376   11.4006    4.3399    0.2890    0.2153    0.0600    0.5800    0.0000
   87.0000    0.5400    0.4580    0.0820    1.3829    3.6928    8.1260    2.5117   11.6718    4.3376    0.2890    0.2004    0.0600    0.5800    0.0000
   87.0000    0.5600    0.4580    0.1020    1.4126    3.6597    8.1285    2.3654   11.7529    4.3380    0.2890    0.1895    0.0600    0.5800    0.0000
   87.0000    0.6000    0.4580    0.1420    1.4438    3.6366    8.1289    2.2714   11.8149    4.3340    0.2890    0.1903    0.0600    0.5800    0.0000
   87.0000    0.7000    0.4580    0.2420    1.4954    3.6181    8.1326    2.2132   11.8774    4.3327    0.2890    0.1767    0.0600    0.5800    0.0000
   87.0000    0.8000    0.4580    0.3420    1.5292    3.6129    8.1343    2.2162   11.9049    4.3303    0.2890    0.1712    0.0600    0.5800    0.0000
#   age       Mtot      Mc        Menv      logL      logT      logTc     logg      logR      logrhoc   Y         Yc        Z         FeH       OFe       
   88.0000    0.4610    0.4580    0.0030    1.1557    4.3392    8.1030    5.2557   10.2655    4.3603    0.2890    0.3213    0.0600    0.5800    0.0000
   88.0000    0.4630    0.4580    0.0050    1.1643    4.3014    8.1046    5.0979   10.3453    4.3594    0.2890    0.3095    0.0600    0.5800    0.0000
   88.0000    0.4650    0.4580    0.0070    1.1684    4.2715    8.1048    4.9760   10.4072    4.3578    0.2890    0.3103    0.0600    0.5800    0.0000
   88.0000    0.4700    0.4580    0.0120    1.1834    4.2101    8.1074    4.7199   10.5376    4.3560    0.2890    0.2934    0.0600    0.5800    0.0000
   88.0000    0.4750    0.4580    0.0170    1.1918    4.1587    8.1079    4.5110   10.6444    4.3533    0.2890    0.2921    0.0600    0.5800    0.0000
   88.0000    0.4800    0.4580    0.0220    1.2022    4.1123    8.1093    4.3190   10.7426    4.3516    0.2890    0.2841    0.0600    0.5800    0.0000
   88.0000    0.4900    0.4580    0.0320    1.2354    4.0322    8.1141    3.9745   10.9194    4.3500    0.2890    0.2542    0.0600    0.5800    0.0000
   88.0000    0.5000    0.4580    0.0420    1.2733    3.9685    8.1175    3.6905   11.0657    4.3456    0.2890    0.2388    0.0600    0.5800    0.0000
   88.0000    0.5100    0.4580    0.0520    1.3071    3.8993    8.1223    3.3886   11.2209    4.3451    0.2890    0.2142    0.0600    0.5800    0.0000
   88.0000    0.5200    0.4580    0.0620    1.3387    3.8152    8.1240    3.0290   11.4050    4.3415    0.2890    0.2074    0.0600    0.5800    0.0000
   88.0000    0.5400    0.4580    0.0820    1.3856    3.6920    8.1277    2.5056   11.6748    4.3403    0.2890    0.1920    0.0600    0.5800    0.0000
   88.0000    0.5600    0.4580    0.1020    1.4152    3.6592    8.1303    2.3609   11.7551    4.3409    0.2890    0.1809    0.0600    0.5800    0.0000
   88.0000    0.6000    0.4580    0.1420    1.4466    3.6362    8.1307    2.2671   11.8170    4.3369    0.2890    0.1815    0.0600    0.5800    0.0000
   88.0000    0.7000    0.4580    0.2420    1.4979    3.6178    8.1344    2.2095   11.8793    4.3356    0.2890    0.1677    0.0600    0.5800    0.0000
   88.0000    0.8000    0.4580    0.3420    1.5315    3.6126    8.1361    2.2129   11.9066    4.3331    0.2890    0.1621    0.0600    0.5800    0.0000
#   age       Mtot      Mc        Menv      logL      logT      logTc     logg      logR      logrhoc   Y         Yc        Z         FeH       OFe       
   89.0000    0.4610    0.4580    0.0030    1.1577    4.3392    8.1037    5.2536   10.2665    4.3607    0.2890    0.3154    0.0600    0.5800    0.0000
   89.0000    0.4630    0.4580    0.0050    1.1664    4.3013    8.1053    5.0954   10.3465    4.3599    0.2890    0.3034    0.0600    0.5800    0.0000
   89.0000    0.4650    0.4580    0.0070    1.1705    4.2713    8.1055    4.9732   10.4086    4.3582    0.2890    0.3042    0.0600    0.5800    0.0000
   89.0000    0.4700    0.4580    0.0120    1.1856    4.2098    8.1082    4.7165   10.5393    4.3568    0.2890    0.2870    0.0600    0.5800    0.0000
   89.0000    0.4750    0.4580    0.0170    1.1939    4.1583    8.1088    4.5069   10.6464    4.3541    0.2890    0.2857    0.0600    0.5800    0.0000
   89.0000    0.4800    0.4580    0.0220    1.2044    4.1117    8.1102    4.3142   10.7450    4.3524    0.2890    0.2777    0.0600    0.5800    0.0000
   89.0000    0.4900    0.4580    0.0320    1.2376    4.0313    8.1151    3.9685   10.9223    4.3511    0.2890    0.2472    0.0600    0.5800    0.0000
   89.0000    0.5000    0.4580    0.0420    1.2756    3.9674    8.1187    3.6838   11.0691    4.3472    0.2890    0.2311    0.0600    0.5800    0.0000
   89.0000    0.5100    0.4580    0.0520    1.3093    3.8980    8.1235    3.3810   11.2247    4.3468    0.2890    0.2064    0.0600    0.5800    0.0000
   89.0000    0.5200    0.4580    0.0620    1.3409    3.8136    8.1253    3.0202   11.4094    4.3433    0.2890    0.1995    0.0600    0.5800    0.0000
   89.0000    0.5400    0.4580    0.0820    1.3883    3.6911    8.1294    2.4994   11.6779    4.3431    0.2890    0.1835    0.0600    0.5800    0.0000
   89.0000    0.5600    0.4580    0.1020    1.4178    3.6587    8.1321    2.3564   11.7574    4.3438    0.2890    0.1723    0.0600    0.5800    0.0000
   89.0000    0.6000    0.4580    0.1420    1.4493    3.6358    8.1324    2.2629   11.8191    4.3397    0.2890    0.1728    0.0600    0.5800    0.0000
   89.0000    0.7000    0.4580    0.2420    1.5004    3.6175    8.1362    2.2058   11.8811    4.3385    0.2890    0.1587    0.0600    0.5800    0.0000
   89.0000    0.8000    0.4580    0.3420    1.5338    3.6124    8.1379    2.2096   11.9083    4.3360    0.2890    0.1530    0.0600    0.5800    0.0000
#   age       Mtot      Mc        Menv      logL      logT      logTc     logg      logR      logrhoc   Y         Yc        Z         FeH       OFe       
   90.0000    0.4610    0.4580    0.0030    1.1597    4.3392    8.1044    5.2514   10.2676    4.3611    0.2890    0.3095    0.0600    0.5800    0.0000
   90.0000    0.4630    0.4580    0.0050    1.1685    4.3012    8.1061    5.0929   10.3477    4.3604    0.2890    0.2972    0.0600    0.5800    0.0000
   90.0000    0.4650    0.4580    0.0070    1.1726    4.2712    8.1063    4.9704   10.4100    4.3587    0.2890    0.2981    0.0600    0.5800    0.0000
   90.0000    0.4700    0.4580    0.0120    1.1878    4.2095    8.1091    4.7131   10.5410    4.3576    0.2890    0.2806    0.0600    0.5800    0.0000
   90.0000    0.4750    0.4580    0.0170    1.1961    4.1578    8.1096    4.5029   10.6484    4.3549    0.2890    0.2793    0.0600    0.5800    0.0000
   90.0000    0.4800    0.4580    0.0220    1.2065    4.1110    8.1111    4.3095   10.7473    4.3533    0.2890    0.2712    0.0600    0.5800    0.0000
   90.0000    0.4900    0.4580    0.0320    1.2400    4.0304    8.1162    3.9628   10.9252    4.3525    0.2890    0.2402    0.0600    0.5800    0.0000
   90.0000    0.5000    0.4580    0.0420    1.2778    3.9663    8.1200    3.6771   11.0724    4.3488    0.2890    0.2234    0.0600    0.5800    0.0000
   90.0000    0.5100    0.4580    0.0520    1.3116    3.8967    8.1248    3.3734   11.2285    4.3486    0.2890    0.1986    0.0600    0.5800    0.0000
   90.0000    0.5200    0.4580    0.0620    1.3438    3.8116    8.1269    3.0093   11.4148    4.3460    0.2890    0.1913    0.0600    0.5800    0.0000
   90.0000    0.5400    0.4580    0.0820    1.3911    3.6902    8.1311    2.4932   11.6811    4.3459    0.2890    0.1750    0.0600    0.5800    0.0000
   90.0000    0.5600    0.4580    0.1020    1.4204    3.6583    8.1338    2.3519   11.7596    4.3466    0.2890    0.1637    0.0600    0.5800    0.0000
   90.0000    0.6000    0.4580    0.1420    1.4520    3.6354    8.1342    2.2586   11.8212    4.3426    0.2890    0.1641    0.0600    0.5800    0.0000
   90.0000    0.7000    0.4580    0.2420    1.5029    3.6172    8.1380    2.2021   11.8830    4.3415    0.2890    0.1497    0.0600    0.5800    0.0000
   90.0000    0.8000    0.4580    0.3420    1.5375    3.6120    8.1402    2.2042   11.9109    4.3402    0.2890    0.1438    0.0600    0.5800    0.0000
#   age       Mtot      Mc        Menv      logL      logT      logTc     logg      logR      logrhoc   Y         Yc        Z         FeH       OFe       
   91.0000    0.4610    0.4580    0.0030    1.1617    4.3391    8.1051    5.2493   10.2686    4.3615    0.2890    0.3036    0.0600    0.5800    0.0000
   91.0000    0.4630    0.4580    0.0050    1.1707    4.3011    8.1069    5.0905   10.3489    4.3612    0.2890    0.2909    0.0600    0.5800    0.0000
   91.0000    0.4650    0.4580    0.0070    1.1748    4.2710    8.1071    4.9677   10.4113    4.3595    0.2890    0.2917    0.0600    0.5800    0.0000
   91.0000    0.4700    0.4580    0.0120    1.1900    4.2092    8.1100    4.7097   10.5427    4.3585    0.2890    0.2742    0.0600    0.5800    0.0000
   91.0000    0.4750    0.4580    0.0170    1.1982    4.1574    8.1105    4.4989   10.6504    4.3557    0.2890    0.2730    0.0600    0.5800    0.0000
   91.0000    0.4800    0.4580    0.0220    1.2087    4.1104    8.1119    4.3047   10.7497    4.3541    0.2890    0.2648    0.0600    0.5800    0.0000
   91.0000    0.4900    0.4580    0.0320    1.2423    4.0296    8.1174    3.9570   10.9281    4.3540    0.2890    0.2332    0.0600    0.5800    0.0000
   91.0000    0.5000    0.4580    0.0420    1.2801    3.9652    8.1212    3.6704   11.0758    4.3505    0.2890    0.2157    0.0600    0.5800    0.0000
   91.0000    0.5100    0.4580    0.0520    1.3142    3.8954    8.1263    3.3658   11.2323    4.3511    0.2890    0.1911    0.0600    0.5800    0.0000
   91.0000    0.5200    0.4580    0.0620    1.3468    3.8096    8.1286    2.9984   11.4202    4.3487    0.2890    0.1832    0.0600    0.5800    0.0000
   91.0000    0.5400    0.4580    0.0820    1.3938    3.6894    8.1328    2.4870   11.6842    4.3487    0.2890    0.1665    0.0600    0.5800    0.0000
   91.0000    0.5600    0.4580    0.1020    1.4230    3.6578    8.1356    2.3474   11.7618    4.3495    0.2890    0.1551    0.0600    0.5800    0.0000
   91.0000    0.6000    0.4580    0.1420    1.4547    3.6350    8.1360    2.2544   11.8233    4.3454    0.2890    0.1554    0.0600    0.5800    0.0000
   91.0000    0.7000    0.4580    0.2420    1.5071    3.6167    8.1405    2.1959   11.8861    4.3463    0.2890    0.1406    0.0600    0.5800    0.0000
   91.0000    0.8000    0.4580    0.3420    1.5419    3.6115    8.1428    2.1979   11.9141    4.3451    0.2890    0.1347    0.0600    0.5800    0.0000
#   age       Mtot      Mc        Menv      logL      logT      logTc     logg      logR      logrhoc   Y         Yc        Z         FeH       OFe       
   92.0000    0.4610    0.4580    0.0030    1.1637    4.3391    8.1058    5.2472   10.2697    4.3621    0.2890    0.2976    0.0600    0.5800    0.0000
   92.0000    0.4630    0.4580    0.0050    1.1729    4.3011    8.1078    5.0881   10.3502    4.3620    0.2890    0.2846    0.0600    0.5800    0.0000
   92.0000    0.4650    0.4580    0.0070    1.1770    4.2709    8.1080    4.9650   10.4127    4.3603    0.2890    0.2854    0.0600    0.5800    0.0000
   92.0000    0.4700    0.4580    0.0120    1.1923    4.2089    8.1108    4.7062   10.5444    4.3593    0.2890    0.2678    0.0600    0.5800    0.0000
   92.0000    0.4750    0.4580    0.0170    1.2004    4.1569    8.1113    4.4948   10.6524    4.3565    0.2890    0.2666    0.0600    0.5800    0.0000
   92.0000    0.4800    0.4580    0.0220    1.2108    4.1097    8.1128    4.3000   10.7521    4.3550    0.2890    0.2584    0.0600    0.5800    0.0000
   92.0000    0.4900    0.4580    0.0320    1.2447    4.0287    8.1185    3.9513   10.9309    4.3555    0.2890    0.2262    0.0600    0.5800    0.0000
   92.0000    0.5000    0.4580    0.0420    1.2824    3.9640    8.1224    3.6637   11.0791    4.3521    0.2890    0.2080    0.0600    0.5800    0.0000
   92.0000    0.5100    0.4580    0.0520    1.3169    3.8942    8.1278    3.3582   11.2361    4.3535    0.2890    0.1836    0.0600    0.5800    0.0000
   92.0000    0.5200    0.4580    0.0620    1.3497    3.8076    8.1302    2.9875   11.4257    4.3514    0.2890    0.1750    0.0600    0.5800    0.0000
   92.0000    0.5400    0.4580    0.0820    1.3965    3.6885    8.1345    2.4808   11.6873    4.3515    0.2890    0.1580    0.0600    0.5800    0.0000
   92.0000    0.5600    0.4580    0.1020    1.4264    3.6572    8.1376    2.3415   11.7647    4.3532    0.2890    0.1463    0.0600    0.5800    0.0000
   92.0000    0.6000    0.4580    0.1420    1.4578    3.6346    8.1381    2.2496   11.8257    4.3491    0.2890    0.1465    0.0600    0.5800    0.0000
   92.0000    0.7000    0.4580    0.2420    1.5112    3.6162    8.1430    2.1897   11.8892    4.3512    0.2890    0.1315    0.0600    0.5800    0.0000
   92.0000    0.8000    0.4580    0.3420    1.5462    3.6110    8.1453    2.1916   11.9173    4.3500    0.2890    0.1256    0.0600    0.5800    0.0000
#   age       Mtot      Mc        Menv      logL      logT      logTc     logg      logR      logrhoc   Y         Yc        Z         FeH       OFe       
   93.0000    0.4610    0.4580    0.0030    1.1659    4.3392    8.1067    5.2452   10.2707    4.3629    0.2890    0.2914    0.0600    0.5800    0.0000
   93.0000    0.4630    0.4580    0.0050    1.1751    4.3011    8.1086    5.0857   10.3514    4.3627    0.2890    0.2783    0.0600    0.5800    0.0000
   93.0000    0.4650    0.4580    0.0070    1.1792    4.2708    8.1088    4.9624   10.4140    4.3611    0.2890    0.2790    0.0600    0.5800    0.0000
   93.0000    0.4700    0.4580    0.0120    1.1945    4.2085    8.1117    4.7028   10.5461    4.3601    0.2890    0.2613    0.0600    0.5800    0.0000
   93.0000    0.4750    0.4580    0.0170    1.2025    4.1564    8.1121    4.4908   10.6544    4.3573    0.2890    0.2603    0.0600    0.5800    0.0000
   93.0000    0.4800    0.4580    0.0220    1.2130    4.1091    8.1136    4.2952   10.7544    4.3558    0.2890    0.2520    0.0600    0.5800    0.0000
   93.0000    0.4900    0.4580    0.0320    1.2470    4.0278    8.1196    3.9455   10.9338    4.3569    0.2890    0.2192    0.0600    0.5800    0.0000
   93.0000    0.5000    0.4580    0.0420    1.2846    3.9629    8.1237    3.6570   11.0825    4.3537    0.2890    0.2003    0.0600    0.5800    0.0000
   93.0000    0.5100    0.4580    0.0520    1.3195    3.8929    8.1293    3.3506   11.2399    4.3560    0.2890    0.1761    0.0600    0.5800    0.0000
   93.0000    0.5200    0.4580    0.0620    1.3527    3.8056    8.1318    2.9767   11.4311    4.3541    0.2890    0.1669    0.0600    0.5800    0.0000
   93.0000    0.5400    0.4580    0.0820    1.3994    3.6876    8.1362    2.4744   11.6905    4.3544    0.2890    0.1495    0.0600    0.5800    0.0000
   93.0000    0.5600    0.4580    0.1020    1.4310    3.6563    8.1399    2.3336   11.7687    4.3580    0.2890    0.1375    0.0600    0.5800    0.0000
   93.0000    0.6000    0.4580    0.1420    1.4616    3.6341    8.1405    2.2439   11.8285    4.3539    0.2890    0.1374    0.0600    0.5800    0.0000
   93.0000    0.7000    0.4580    0.2420    1.5154    3.6157    8.1455    2.1835   11.8923    4.3561    0.2890    0.1224    0.0600    0.5800    0.0000
   93.0000    0.8000    0.4580    0.3420    1.5506    3.6105    8.1478    2.1853   11.9204    4.3549    0.2890    0.1164    0.0600    0.5800    0.0000
#   age       Mtot      Mc        Menv      logL      logT      logTc     logg      logR      logrhoc   Y         Yc        Z         FeH       OFe       
   94.0000    0.4610    0.4580    0.0030    1.1681    4.3392    8.1075    5.2432   10.2717    4.3636    0.2890    0.2852    0.0600    0.5800    0.0000
   94.0000    0.4630    0.4580    0.0050    1.1773    4.3010    8.1095    5.0833   10.3526    4.3635    0.2890    0.2721    0.0600    0.5800    0.0000
   94.0000    0.4650    0.4580    0.0070    1.1814    4.2707    8.1097    4.9597   10.4153    4.3619    0.2890    0.2727    0.0600    0.5800    0.0000
   94.0000    0.4700    0.4580    0.0120    1.1967    4.2082    8.1125    4.6994   10.5478    4.3609    0.2890    0.2549    0.0600    0.5800    0.0000
   94.0000    0.4750    0.4580    0.0170    1.2047    4.1560    8.1130    4.4868   10.6564    4.3581    0.2890    0.2539    0.0600    0.5800    0.0000
   94.0000    0.4800    0.4580    0.0220    1.2153    4.1085    8.1146    4.2906   10.7568    4.3571    0.2890    0.2454    0.0600    0.5800    0.0000
   94.0000    0.4900    0.4580    0.0320    1.2493    4.0270    8.1207    3.9398   10.9366    4.3584    0.2890    0.2122    0.0600    0.5800    0.0000
   94.0000    0.5000    0.4580    0.0420    1.2875    3.9618    8.1252    3.6498   11.0861    4.3563    0.2890    0.1925    0.0600    0.5800    0.0000
   94.0000    0.5100    0.4580    0.0520    1.3221    3.8917    8.1308    3.3430   11.2437    4.3585    0.2890    0.1686    0.0600    0.5800    0.0000
   94.0000    0.5200    0.4580    0.0620    1.3556    3.8036    8.1335    2.9658   11.4366    4.3568    0.2890    0.1587    0.0600    0.5800    0.0000
   94.0000    0.5400    0.4580    0.0820    1.4039    3.6865    8.1385    2.4652   11.6951    4.3591    0.2890    0.1409    0.0600    0.5800    0.0000
   94.0000    0.5600    0.4580    0.1020    1.4356    3.6555    8.1423    2.3257   11.7727    4.3629    0.2890    0.1286    0.0600    0.5800    0.0000
   94.0000    0.6000    0.4580    0.1420    1.4653    3.6336    8.1430    2.2383   11.8314    4.3588    0.2890    0.1284    0.0600    0.5800    0.0000
   94.0000    0.7000    0.4580    0.2420    1.5195    3.6151    8.1480    2.1773   11.8954    4.3610    0.2890    0.1133    0.0600    0.5800    0.0000
   94.0000    0.8000    0.4580    0.3420    1.5549    3.6100    8.1504    2.1789   11.9236    4.3598    0.2890    0.1073    0.0600    0.5800    0.0000
#   age       Mtot      Mc        Menv      logL      logT      logTc     logg      logR      logrhoc   Y         Yc        Z         FeH       OFe       
   95.0000    0.4610    0.4580    0.0030    1.1704    4.3392    8.1084    5.2411   10.2727    4.3644    0.2890    0.2790    0.0600    0.5800    0.0000
   95.0000    0.4630    0.4580    0.0050    1.1795    4.3010    8.1104    5.0809   10.3538    4.3643    0.2890    0.2658    0.0600    0.5800    0.0000
   95.0000    0.4650    0.4580    0.0070    1.1836    4.2705    8.1105    4.9570   10.4167    4.3627    0.2890    0.2663    0.0600    0.5800    0.0000
   95.0000    0.4700    0.4580    0.0120    1.1990    4.2080    8.1134    4.6961   10.5495    4.3618    0.2890    0.2485    0.0600    0.5800    0.0000
   95.0000    0.4750    0.4580    0.0170    1.2069    4.1556    8.1139    4.4829   10.6583    4.3591    0.2890    0.2475    0.0600    0.5800    0.0000
   95.0000    0.4800    0.4580    0.0220    1.2177    4.1080    8.1157    4.2860   10.7591    4.3585    0.2890    0.2387    0.0600    0.5800    0.0000
   95.0000    0.4900    0.4580    0.0320    1.2517    4.0261    8.1218    3.9340   10.9395    4.3598    0.2890    0.2052    0.0600    0.5800    0.0000
   95.0000    0.5000    0.4580    0.0420    1.2904    3.9608    8.1267    3.6425   11.0898    4.3588    0.2890    0.1847    0.0600    0.5800    0.0000
   95.0000    0.5100    0.4580    0.0520    1.3248    3.8904    8.1323    3.3354   11.2475    4.3610    0.2890    0.1611    0.0600    0.5800    0.0000
   95.0000    0.5200    0.4580    0.0620    1.3586    3.8016    8.1351    2.9549   11.4420    4.3595    0.2890    0.1506    0.0600    0.5800    0.0000
   95.0000    0.5400    0.4580    0.0820    1.4085    3.6853    8.1408    2.4560   11.6997    4.3637    0.2890    0.1323    0.0600    0.5800    0.0000
   95.0000    0.5600    0.4580    0.1020    1.4402    3.6547    8.1446    2.3178   11.7767    4.3677    0.2890    0.1197    0.0600    0.5800    0.0000
   95.0000    0.6000    0.4580    0.1420    1.4690    3.6331    8.1455    2.2326   11.8342    4.3637    0.2890    0.1193    0.0600    0.5800    0.0000
   95.0000    0.7000    0.4580    0.2420    1.5237    3.6146    8.1504    2.1711   11.8985    4.3658    0.2890    0.1042    0.0600    0.5800    0.0000
   95.0000    0.8000    0.4580    0.3420    1.5595    3.6095    8.1531    2.1724   11.9269    4.3653    0.2890    0.0981    0.0600    0.5800    0.0000
#   age       Mtot      Mc        Menv      logL      logT      logTc     logg      logR      logrhoc   Y         Yc        Z         FeH       OFe       
   96.0000    0.4610    0.4580    0.0030    1.1726    4.3393    8.1092    5.2391   10.2737    4.3652    0.2890    0.2727    0.0600    0.5800    0.0000
   96.0000    0.4630    0.4580    0.0050    1.1818    4.3010    8.1112    5.0785   10.3550    4.3650    0.2890    0.2595    0.0600    0.5800    0.0000
   96.0000    0.4650    0.4580    0.0070    1.1858    4.2704    8.1114    4.9543   10.4180    4.3635    0.2890    0.2600    0.0600    0.5800    0.0000
   96.0000    0.4700    0.4580    0.0120    1.2014    4.2078    8.1145    4.6929   10.5510    4.3632    0.2890    0.2417    0.0600    0.5800    0.0000
   96.0000    0.4750    0.4580    0.0170    1.2092    4.1552    8.1149    4.4791   10.6602    4.3605    0.2890    0.2410    0.0600    0.5800    0.0000
   96.0000    0.4800    0.4580    0.0220    1.2200    4.1074    8.1168    4.2814   10.7614    4.3598    0.2890    0.2320    0.0600    0.5800    0.0000
   96.0000    0.4900    0.4580    0.0320    1.2541    4.0253    8.1230    3.9284   10.9423    4.3615    0.2890    0.1980    0.0600    0.5800    0.0000
   96.0000    0.5000    0.4580    0.0420    1.2933    3.9597    8.1282    3.6352   11.0934    4.3613    0.2890    0.1769    0.0600    0.5800    0.0000
   96.0000    0.5100    0.4580    0.0520    1.3274    3.8892    8.1338    3.3278   11.2513    4.3635    0.2890    0.1537    0.0600    0.5800    0.0000
   96.0000    0.5200    0.4580    0.0620    1.3626    3.7996    8.1372    2.9425   11.4482    4.3638    0.2890    0.1425    0.0600    0.5800    0.0000
   96.0000    0.5400    0.4580    0.0820    1.4131    3.6842    8.1431    2.4468   11.7043    4.3684    0.2890    0.1238    0.0600    0.5800    0.0000
   96.0000    0.5600    0.4580    0.1020    1.4448    3.6539    8.1470    2.3099   11.7806    4.3726    0.2890    0.1109    0.0600    0.5800    0.0000
   96.0000    0.6000    0.4580    0.1420    1.4727    3.6327    8.1479    2.2269   11.8371    4.3685    0.2890    0.1102    0.0600    0.5800    0.0000
   96.0000    0.7000    0.4580    0.2420    1.5287    3.6140    8.1534    2.1637   11.9022    4.3721    0.2890    0.0951    0.0600    0.5800    0.0000
   96.0000    0.8000    0.4580    0.3420    1.5649    3.6089    8.1565    2.1647   11.9306    4.3734    0.2890    0.0887    0.0600    0.5800    0.0000
#   age       Mtot      Mc        Menv      logL      logT      logTc     logg      logR      logrhoc   Y         Yc        Z         FeH       OFe       
   97.0000    0.4610    0.4580    0.0030    1.1748    4.3393    8.1101    5.2371   10.2747    4.3660    0.2890    0.2665    0.0600    0.5800    0.0000
   97.0000    0.4630    0.4580    0.0050    1.1840    4.3009    8.1121    5.0760   10.3562    4.3658    0.2890    0.2532    0.0600    0.5800    0.0000
   97.0000    0.4650    0.4580    0.0070    1.1880    4.2703    8.1122    4.9516   10.4193    4.3643    0.2890    0.2537    0.0600    0.5800    0.0000
   97.0000    0.4700    0.4580    0.0120    1.2038    4.2076    8.1156    4.6898   10.5526    4.3645    0.2890    0.2349    0.0600    0.5800    0.0000
   97.0000    0.4750    0.4580    0.0170    1.2116    4.1549    8.1160    4.4753   10.6621    4.3618    0.2890    0.2345    0.0600    0.5800    0.0000
   97.0000    0.4800    0.4580    0.0220    1.2224    4.1068    8.1179    4.2768   10.7637    4.3612    0.2890    0.2253    0.0600    0.5800    0.0000
   97.0000    0.4900    0.4580    0.0320    1.2569    4.0246    8.1245    3.9229   10.9451    4.3640    0.2890    0.1906    0.0600    0.5800    0.0000
   97.0000    0.5000    0.4580    0.0420    1.2962    3.9586    8.1298    3.6280   11.0970    4.3639    0.2890    0.1690    0.0600    0.5800    0.0000
   97.0000    0.5100    0.4580    0.0520    1.3307    3.8879    8.1356    3.3194   11.2556    4.3669    0.2890    0.1459    0.0600    0.5800    0.0000
   97.0000    0.5200    0.4580    0.0620    1.3667    3.7975    8.1394    2.9301   11.4544    4.3683    0.2890    0.1343    0.0600    0.5800    0.0000
   97.0000    0.5400    0.4580    0.0820    1.4176    3.6830    8.1454    2.4376   11.7089    4.3731    0.2890    0.1152    0.0600    0.5800    0.0000
   97.0000    0.5600    0.4580    0.1020    1.4494    3.6531    8.1494    2.3020   11.7846    4.3774    0.2890    0.1020    0.0600    0.5800    0.0000
   97.0000    0.6000    0.4580    0.1420    1.4764    3.6322    8.1504    2.2212   11.8399    4.3734    0.2890    0.1012    0.0600    0.5800    0.0000
   97.0000    0.7000    0.4580    0.2420    1.5344    3.6134    8.1566    2.1554   11.9064    4.3795    0.2890    0.0861    0.0600    0.5800    0.0000
   97.0000    0.8000    0.4580    0.3420    1.5703    3.6084    8.1599    2.1571   11.9344    4.3815    0.2890    0.0794    0.0600    0.5800    0.0000
#   age       Mtot      Mc        Menv      logL      logT      logTc     logg      logR      logrhoc   Y         Yc        Z         FeH       OFe       
   98.0000    0.4610    0.4580    0.0030    1.1770    4.3393    8.1109    5.2350   10.2757    4.3667    0.2890    0.2603    0.0600    0.5800    0.0000
   98.0000    0.4630    0.4580    0.0050    1.1863    4.3009    8.1130    5.0738   10.3573    4.3669    0.2890    0.2468    0.0600    0.5800    0.0000
   98.0000    0.4650    0.4580    0.0070    1.1903    4.2702    8.1131    4.9491   10.4206    4.3654    0.2890    0.2472    0.0600    0.5800    0.0000
   98.0000    0.4700    0.4580    0.0120    1.2062    4.2074    8.1166    4.6866   10.5542    4.3659    0.2890    0.2282    0.0600    0.5800    0.0000
   98.0000    0.4750    0.4580    0.0170    1.2139    4.1545    8.1170    4.4716   10.6640    4.3631    0.2890    0.2279    0.0600    0.5800    0.0000
   98.0000    0.4800    0.4580    0.0220    1.2248    4.1063    8.1189    4.2722   10.7660    4.3626    0.2890    0.2185    0.0600    0.5800    0.0000
   98.0000    0.4900    0.4580    0.0320    1.2597    4.0240    8.1260    3.9173   10.9479    4.3665    0.2890    0.1832    0.0600    0.5800    0.0000
   98.0000    0.5000    0.4580    0.0420    1.2990    3.9575    8.1313    3.6207   11.1007    4.3664    0.2890    0.1612    0.0600    0.5800    0.0000
   98.0000    0.5100    0.4580    0.0520    1.3346    3.8866    8.1377    3.3102   11.2602    4.3712    0.2890    0.1380    0.0600    0.5800    0.0000
   98.0000    0.5200    0.4580    0.0620    1.3708    3.7954    8.1416    2.9176   11.4607    4.3728    0.2890    0.1262    0.0600    0.5800    0.0000
   98.0000    0.5400    0.4580    0.0820    1.4222    3.6819    8.1477    2.4284   11.7135    4.3778    0.2890    0.1066    0.0600    0.5800    0.0000
   98.0000    0.5600    0.4580    0.1020    1.4558    3.6521    8.1522    2.2916   11.7898    4.3840    0.2890    0.0936    0.0600    0.5800    0.0000
   98.0000    0.6000    0.4580    0.1420    1.4831    3.6313    8.1536    2.2109   11.8451    4.3806    0.2890    0.0923    0.0600    0.5800    0.0000
   98.0000    0.7000    0.4580    0.2420    1.5401    3.6127    8.1599    2.1470   11.9105    4.3869    0.2890    0.0771    0.0600    0.5800    0.0000
   98.0000    0.8000    0.4580    0.3420    1.5779    3.6075    8.1636    2.1461   11.9398    4.3903    0.2890    0.0708    0.0600    0.5800    0.0000
#   age       Mtot      Mc        Menv      logL      logT      logTc     logg      logR      logrhoc   Y         Yc        Z         FeH       OFe       
   99.0000    0.4610    0.4580    0.0030    1.1792    4.3394    8.1118    5.2330   10.2767    4.3675    0.2890    0.2540    0.0600    0.5800    0.0000
   99.0000    0.4630    0.4580    0.0050    1.1886    4.3010    8.1141    5.0718   10.3583    4.3682    0.2890    0.2402    0.0600    0.5800    0.0000
   99.0000    0.4650    0.4580    0.0070    1.1926    4.2702    8.1142    4.9468   10.4218    4.3667    0.2890    0.2407    0.0600    0.5800    0.0000
   99.0000    0.4700    0.4580    0.0120    1.2086    4.2073    8.1177    4.6834   10.5558    4.3673    0.2890    0.2214    0.0600    0.5800    0.0000
   99.0000    0.4750    0.4580    0.0170    1.2163    4.1542    8.1181    4.4678   10.6659    4.3645    0.2890    0.2214    0.0600    0.5800    0.0000
   99.0000    0.4800    0.4580    0.0220    1.2271    4.1057    8.1200    4.2677   10.7683    4.3640    0.2890    0.2118    0.0600    0.5800    0.0000
   99.0000    0.4900    0.4580    0.0320    1.2624    4.0233    8.1275    3.9118   10.9506    4.3689    0.2890    0.1757    0.0600    0.5800    0.0000
   99.0000    0.5000    0.4580    0.0420    1.3019    3.9564    8.1328    3.6134   11.1043    4.3690    0.2890    0.1534    0.0600    0.5800    0.0000
   99.0000    0.5100    0.4580    0.0520    1.3385    3.8853    8.1399    3.3009   11.2648    4.3754    0.2890    0.1300    0.0600    0.5800    0.0000
   99.0000    0.5200    0.4580    0.0620    1.3749    3.7933    8.1438    2.9051   11.4669    4.3772    0.2890    0.1180    0.0600    0.5800    0.0000
   99.0000    0.5400    0.4580    0.0820    1.4273    3.6806    8.1502    2.4182   11.7186    4.3831    0.2890    0.0981    0.0600    0.5800    0.0000
   99.0000    0.5600    0.4580    0.1020    1.4627    3.6510    8.1553    2.2804   11.7954    4.3910    0.2890    0.0853    0.0600    0.5800    0.0000
   99.0000    0.6000    0.4580    0.1420    1.4903    3.6303    8.1568    2.2000   11.8506    4.3882    0.2890    0.0835    0.0600    0.5800    0.0000
   99.0000    0.7000    0.4580    0.2420    1.5483    3.6118    8.1636    2.1349   11.9166    4.3960    0.2890    0.0691    0.0600    0.5800    0.0000
   99.0000    0.8000    0.4580    0.3420    1.5873    3.6064    8.1676    2.1323   11.9467    4.3997    0.2890    0.0631    0.0600    0.5800    0.0000
#   age       Mtot      Mc        Menv      logL      logT      logTc     logg      logR      logrhoc   Y         Yc        Z         FeH       OFe       
  100.0000    0.4610    0.4580    0.0030    1.1814    4.3395    8.1127    5.2311   10.2777    4.3685    0.2890    0.2477    0.0600    0.5800    0.0000
  100.0000    0.4630    0.4580    0.0050    1.1910    4.3011    8.1151    5.0697   10.3594    4.3695    0.2890    0.2336    0.0600    0.5800    0.0000
  100.0000    0.4650    0.4580    0.0070    1.1950    4.2702    8.1152    4.9444   10.4229    4.3680    0.2890    0.2342    0.0600    0.5800    0.0000
  100.0000    0.4700    0.4580    0.0120    1.2110    4.2071    8.1188    4.6803   10.5574    4.3686    0.2890    0.2147    0.0600    0.5800    0.0000
  100.0000    0.4750    0.4580    0.0170    1.2186    4.1538    8.1191    4.4641   10.6678    4.3658    0.2890    0.2149    0.0600    0.5800    0.0000
  100.0000    0.4800    0.4580    0.0220    1.2295    4.1051    8.1211    4.2631   10.7706    4.3654    0.2890    0.2051    0.0600    0.5800    0.0000
  100.0000    0.4900    0.4580    0.0320    1.2652    4.0226    8.1289    3.9063   10.9534    4.3714    0.2890    0.1683    0.0600    0.5800    0.0000
  100.0000    0.5000    0.4580    0.0420    1.3053    3.9555    8.1347    3.6063   11.1078    4.3725    0.2890    0.1456    0.0600    0.5800    0.0000
  100.0000    0.5100    0.4580    0.0520    1.3424    3.8840    8.1420    3.2917   11.2694    4.3797    0.2890    0.1221    0.0600    0.5800    0.0000
  100.0000    0.5200    0.4580    0.0620    1.3790    3.7912    8.1460    2.8927   11.4732    4.3817    0.2890    0.1099    0.0600    0.5800    0.0000
  100.0000    0.5400    0.4580    0.0820    1.4340    3.6789    8.1532    2.4046   11.7254    4.3903    0.2890    0.0897    0.0600    0.5800    0.0000
  100.0000    0.5600    0.4580    0.1020    1.4696    3.6500    8.1583    2.2692   11.8010    4.3981    0.2890    0.0770    0.0600    0.5800    0.0000
  100.0000    0.6000    0.4580    0.1420    1.4975    3.6294    8.1601    2.1889   11.8561    4.3959    0.2890    0.0747    0.0600    0.5800    0.0000
  100.0000    0.7000    0.4580    0.2420    1.5572    3.6107    8.1676    2.1218   11.9232    4.4055    0.2890    0.0615    0.0600    0.5800    0.0000
  100.0000    0.8000    0.4580    0.3420    1.5968    3.6053    8.1715    2.1185   11.9537    4.4092    0.2890    0.0553    0.0600    0.5800    0.0000
#   age       Mtot      Mc        Menv      logL      logT      logTc     logg      logR      logrhoc   Y         Yc        Z         FeH       OFe       
  101.0000    0.4610    0.4580    0.0030    1.1838    4.3396    8.1137    5.2294   10.2786    4.3698    0.2890    0.2411    0.0600    0.5800    0.0000
  101.0000    0.4630    0.4580    0.0050    1.1934    4.3012    8.1162    5.0677   10.3604    4.3709    0.2890    0.2270    0.0600    0.5800    0.0000
  101.0000    0.4650    0.4580    0.0070    1.1973    4.2702    8.1163    4.9421   10.4241    4.3693    0.2890    0.2277    0.0600    0.5800    0.0000
  101.0000    0.4700    0.4580    0.0120    1.2135    4.2069    8.1199    4.6771   10.5589    4.3700    0.2890    0.2079    0.0600    0.5800    0.0000
  101.0000    0.4750    0.4580    0.0170    1.2210    4.1535    8.1202    4.4603   10.6697    4.3672    0.2890    0.2084    0.0600    0.5800    0.0000
  101.0000    0.4800    0.4580    0.0220    1.2320    4.1046    8.1223    4.2586   10.7728    4.3671    0.2890    0.1982    0.0600    0.5800    0.0000
  101.0000    0.4900    0.4580    0.0320    1.2680    4.0219    8.1304    3.9008   10.9562    4.3738    0.2890    0.1609    0.0600    0.5800    0.0000
  101.0000    0.5000    0.4580    0.0420    1.3091    3.9547    8.1368    3.5994   11.1113    4.3767    0.2890    0.1378    0.0600    0.5800    0.0000
  101.0000    0.5100    0.4580    0.0520    1.3463    3.8826    8.1442    3.2825   11.2740    4.3840    0.2890    0.1141    0.0600    0.5800    0.0000
  101.0000    0.5200    0.4580    0.0620    1.3831    3.7892    8.1482    2.8802   11.4794    4.3861    0.2890    0.1018    0.0600    0.5800    0.0000
  101.0000    0.5400    0.4580    0.0820    1.4408    3.6772    8.1562    2.3910   11.7321    4.3974    0.2890    0.0813    0.0600    0.5800    0.0000
  101.0000    0.5600    0.4580    0.1020    1.4787    3.6483    8.1620    2.2533   11.8089    4.4073    0.2890    0.0690    0.0600    0.5800    0.0000
  101.0000    0.6000    0.4580    0.1420    1.5066    3.6283    8.1640    2.1754   11.8629    4.4055    0.2890    0.0671    0.0600    0.5800    0.0000
  101.0000    0.7000    0.4580    0.2420    1.5661    3.6096    8.1715    2.1086   11.9297    4.4150    0.2890    0.0539    0.0600    0.5800    0.0000
  101.0000    0.8000    0.4580    0.3420    1.6076    3.6042    8.1759    2.1031   11.9614    4.4201    0.2890    0.0475    0.0600    0.5800    0.0000
#   age       Mtot      Mc        Menv      logL      logT      logTc     logg      logR      logrhoc   Y         Yc        Z         FeH       OFe       
  102.0000    0.4610    0.4580    0.0030    1.1861    4.3398    8.1147    5.2277   10.2794    4.3711    0.2890    0.2345    0.0600    0.5800    0.0000
  102.0000    0.4630    0.4580    0.0050    1.1958    4.3013    8.1172    5.0656   10.3614    4.3722    0.2890    0.2204    0.0600    0.5800    0.0000
  102.0000    0.4650    0.4580    0.0070    1.1997    4.2703    8.1173    4.9397   10.4253    4.3707    0.2890    0.2212    0.0600    0.5800    0.0000
  102.0000    0.4700    0.4580    0.0120    1.2159    4.2067    8.1209    4.6739   10.5605    4.3714    0.2890    0.2012    0.0600    0.5800    0.0000
  102.0000    0.4750    0.4580    0.0170    1.2233    4.1531    8.1212    4.4566   10.6716    4.3685    0.2890    0.2019    0.0600    0.5800    0.0000
  102.0000    0.4800    0.4580    0.0220    1.2348    4.1042    8.1237    4.2543   10.7750    4.3695    0.2890    0.1908    0.0600    0.5800    0.0000
  102.0000    0.4900    0.4580    0.0320    1.2707    4.0212    8.1319    3.8953   10.9589    4.3763    0.2890    0.1534    0.0600    0.5800    0.0000
  102.0000    0.5000    0.4580    0.0420    1.3128    3.9539    8.1389    3.5924   11.1148    4.3810    0.2890    0.1300    0.0600    0.5800    0.0000
  102.0000    0.5100    0.4580    0.0520    1.3503    3.8813    8.1463    3.2733   11.2786    4.3883    0.2890    0.1062    0.0600    0.5800    0.0000
  102.0000    0.5200    0.4580    0.0620    1.3889    3.7862    8.1509    2.8627   11.4882    4.3922    0.2890    0.0940    0.0600    0.5800    0.0000
  102.0000    0.5400    0.4580    0.0820    1.4482    3.6753    8.1595    2.3762   11.7396    4.4052    0.2890    0.0731    0.0600    0.5800    0.0000
  102.0000    0.5600    0.4580    0.1020    1.4885    3.6464    8.1660    2.2360   11.8176    4.4171    0.2890    0.0610    0.0600    0.5800    0.0000
  102.0000    0.6000    0.4580    0.1420    1.5158    3.6272    8.1679    2.1620   11.8696    4.4152    0.2890    0.0594    0.0600    0.5800    0.0000
  102.0000    0.7000    0.4580    0.2420    1.5768    3.6084    8.1760    2.0929   11.9376    4.4266    0.2890    0.0462    0.0600    0.5800    0.0000
  102.0000    0.8000    0.4580    0.3420    1.6213    3.6029    8.1812    2.0842   11.9709    4.4344    0.2890    0.0396    0.0600    0.5800    0.0000
#   age       Mtot      Mc        Menv      logL      logT      logTc     logg      logR      logrhoc   Y         Yc        Z         FeH       OFe       
  103.0000    0.4610    0.4580    0.0030    1.1885    4.3400    8.1158    5.2261   10.2803    4.3724    0.2890    0.2280    0.0600    0.5800    0.0000
  103.0000    0.4630    0.4580    0.0050    1.1981    4.3013    8.1183    5.0636   10.3624    4.3736    0.2890    0.2138    0.0600    0.5800    0.0000
  103.0000    0.4650    0.4580    0.0070    1.2020    4.2703    8.1183    4.9374   10.4264    4.3720    0.2890    0.2147    0.0600    0.5800    0.0000
  103.0000    0.4700    0.4580    0.0120    1.2185    4.2067    8.1223    4.6714   10.5618    4.3735    0.2890    0.1942    0.0600    0.5800    0.0000
  103.0000    0.4750    0.4580    0.0170    1.2259    4.1529    8.1225    4.4532   10.6733    4.3705    0.2890    0.1950    0.0600    0.5800    0.0000
  103.0000    0.4800    0.4580    0.0220    1.2376    4.1039    8.1252    4.2500   10.7771    4.3719    0.2890    0.1833    0.0600    0.5800    0.0000
  103.0000    0.4900    0.4580    0.0320    1.2737    4.0208    8.1337    3.8906   10.9613    4.3796    0.2890    0.1460    0.0600    0.5800    0.0000
  103.0000    0.5000    0.4580    0.0420    1.3166    3.9531    8.1410    3.5855   11.1182    4.3853    0.2890    0.1222    0.0600    0.5800    0.0000
  103.0000    0.5100    0.4580    0.0520    1.3545    3.8800    8.1486    3.2637   11.2834    4.3930    0.2890    0.0983    0.0600    0.5800    0.0000
  103.0000    0.5200    0.4580    0.0620    1.3951    3.7830    8.1537    2.8437   11.4976    4.3987    0.2890    0.0862    0.0600    0.5800    0.0000
  103.0000    0.5400    0.4580    0.0820    1.4578    3.6731    8.1633    2.3579   11.7487    4.4147    0.2890    0.0654    0.0600    0.5800    0.0000
  103.0000    0.5600    0.4580    0.1020    1.4983    3.6445    8.1700    2.2186   11.8262    4.4270    0.2890    0.0531    0.0600    0.5800    0.0000
  103.0000    0.6000    0.4580    0.1420    1.5249    3.6261    8.1718    2.1485   11.8763    4.4248    0.2890    0.0517    0.0600    0.5800    0.0000
  103.0000    0.7000    0.4580    0.2420    1.5903    3.6069    8.1811    2.0732   11.9474    4.4406    0.2890    0.0384    0.0600    0.5800    0.0000
  103.0000    0.8000    0.4580    0.3420    1.6367    3.6015    8.1871    2.0634   11.9813    4.4507    0.2890    0.0320    0.0600    0.5800    0.0000
#   age       Mtot      Mc        Menv      logL      logT      logTc     logg      logR      logrhoc   Y         Yc        Z         FeH       OFe       
  104.0000    0.4610    0.4580    0.0030    1.1908    4.3401    8.1168    5.2244   10.2811    4.3737    0.2890    0.2214    0.0600    0.5800    0.0000
  104.0000    0.4630    0.4580    0.0050    1.2005    4.3014    8.1193    5.0615   10.3635    4.3749    0.2890    0.2072    0.0600    0.5800    0.0000
  104.0000    0.4650    0.4580    0.0070    1.2043    4.2703    8.1194    4.9351   10.4276    4.3733    0.2890    0.2082    0.0600    0.5800    0.0000
  104.0000    0.4700    0.4580    0.0120    1.2211    4.2068    8.1236    4.6689   10.5630    4.3757    0.2890    0.1872    0.0600    0.5800    0.0000
  104.0000    0.4750    0.4580    0.0170    1.2284    4.1527    8.1239    4.4499   10.6749    4.3727    0.2890    0.1881    0.0600    0.5800    0.0000
  104.0000    0.4800    0.4580    0.0220    1.2404    4.1035    8.1267    4.2457   10.7792    4.3744    0.2890    0.1759    0.0600    0.5800    0.0000
  104.0000    0.4900    0.4580    0.0320    1.2770    4.0206    8.1357    3.8864   10.9634    4.3836    0.2890    0.1384    0.0600    0.5800    0.0000
  104.0000    0.5000    0.4580    0.0420    1.3203    3.9523    8.1431    3.5786   11.1217    4.3895    0.2890    0.1144    0.0600    0.5800    0.0000
  104.0000    0.5100    0.4580    0.0520    1.3599    3.8787    8.1514    3.2530   11.2888    4.3995    0.2890    0.0905    0.0600    0.5800    0.0000
  104.0000    0.5200    0.4580    0.0620    1.4014    3.7799    8.1564    2.8248   11.5070    4.4051    0.2890    0.0785    0.0600    0.5800    0.0000
  104.0000    0.5400    0.4580    0.0820    1.4673    3.6709    8.1671    2.3395   11.7579    4.4241    0.2890    0.0578    0.0600    0.5800    0.0000
  104.0000    0.5600    0.4580    0.1020    1.5106    3.6424    8.1745    2.1981   11.8365    4.4390    0.2890    0.0453    0.0600    0.5800    0.0000
  104.0000    0.6000    0.4580    0.1420    1.5370    3.6245    8.1762    2.1303   11.8854    4.4363    0.2890    0.0441    0.0600    0.5800    0.0000
  104.0000    0.7000    0.4580    0.2420    1.6067    3.6049    8.1868    2.0491   11.9594    4.4564    0.2890    0.0313    0.0600    0.5800    0.0000
  104.0000    0.8000    0.4580    0.3420    1.6576    3.5993    8.1941    2.0337   11.9962    4.4710    0.2890    0.0249    0.0600    0.5800    0.0000
#   age       Mtot      Mc        Menv      logL      logT      logTc     logg      logR      logrhoc   Y         Yc        Z         FeH       OFe       
  105.0000    0.4610    0.4580    0.0030    1.1932    4.3403    8.1179    5.2227   10.2820    4.3750    0.2890    0.2148    0.0600    0.5800    0.0000
  105.0000    0.4630    0.4580    0.0050    1.2029    4.3015    8.1204    5.0595   10.3645    4.3763    0.2890    0.2006    0.0600    0.5800    0.0000
  105.0000    0.4650    0.4580    0.0070    1.2067    4.2703    8.1204    4.9327   10.4288    4.3746    0.2890    0.2017    0.0600    0.5800    0.0000
  105.0000    0.4700    0.4580    0.0120    1.2237    4.2068    8.1250    4.6664   10.5643    4.3780    0.2890    0.1801    0.0600    0.5800    0.0000
  105.0000    0.4750    0.4580    0.0170    1.2310    4.1525    8.1252    4.4467   10.6765    4.3750    0.2890    0.1811    0.0600    0.5800    0.0000
  105.0000    0.4800    0.4580    0.0220    1.2432    4.1031    8.1282    4.2414   10.7814    4.3768    0.2890    0.1685    0.0600    0.5800    0.0000
  105.0000    0.4900    0.4580    0.0320    1.2802    4.0204    8.1377    3.8823   10.9654    4.3877    0.2890    0.1309    0.0600    0.5800    0.0000
  105.0000    0.5000    0.4580    0.0420    1.3241    3.9515    8.1452    3.5716   11.1251    4.3938    0.2890    0.1066    0.0600    0.5800    0.0000
  105.0000    0.5100    0.4580    0.0520    1.3653    3.8773    8.1542    3.2422   11.2941    4.4059    0.2890    0.0827    0.0600    0.5800    0.0000
  105.0000    0.5200    0.4580    0.0620    1.4093    3.7758    8.1597    2.8006   11.5191    4.4131    0.2890    0.0710    0.0600    0.5800    0.0000
  105.0000    0.5400    0.4580    0.0820    1.4768    3.6687    8.1709    2.3212   11.7671    4.4336    0.2890    0.0502    0.0600    0.5800    0.0000
  105.0000    0.5600    0.4580    0.1020    1.5254    3.6400    8.1796    2.1734   11.8488    4.4532    0.2890    0.0377    0.0600    0.5800    0.0000
  105.0000    0.6000    0.4580    0.1420    1.5515    3.6225    8.1812    2.1078   11.8966    4.4500    0.2890    0.0369    0.0600    0.5800    0.0000
  105.0000    0.7000    0.4580    0.2420    1.6290    3.6027    8.1936    2.0175   11.9753    4.4767    0.2890    0.0244    0.0600    0.5800    0.0000
  105.0000    0.8000    0.4580    0.3420    1.6844    3.5965    8.2022    1.9958   12.0151    4.4963    0.2890    0.0180    0.0600    0.5800    0.0000
#   age       Mtot      Mc        Menv      logL      logT      logTc     logg      logR      logrhoc   Y         Yc        Z         FeH       OFe       
  106.0000    0.4610    0.4580    0.0030    1.1955    4.3405    8.1189    5.2210   10.2828    4.3763    0.2890    0.2083    0.0600    0.5800    0.0000
  106.0000    0.4630    0.4580    0.0050    1.2054    4.3018    8.1217    5.0581   10.3652    4.3783    0.2890    0.1940    0.0600    0.5800    0.0000
  106.0000    0.4650    0.4580    0.0070    1.2092    4.2705    8.1217    4.9309   10.4297    4.3766    0.2890    0.1951    0.0600    0.5800    0.0000
  106.0000    0.4700    0.4580    0.0120    1.2264    4.2069    8.1264    4.6640   10.5655    4.3803    0.2890    0.1731    0.0600    0.5800    0.0000
  106.0000    0.4750    0.4580    0.0170    1.2336    4.1524    8.1266    4.4435   10.6781    4.3772    0.2890    0.1742    0.0600    0.5800    0.0000
  106.0000    0.4800    0.4580    0.0220    1.2459    4.1028    8.1297    4.2372   10.7835    4.3792    0.2890    0.1611    0.0600    0.5800    0.0000
  106.0000    0.4900    0.4580    0.0320    1.2835    4.0202    8.1397    3.8781   10.9675    4.3917    0.2890    0.1234    0.0600    0.5800    0.0000
  106.0000    0.5000    0.4580    0.0420    1.3280    3.9507    8.1473    3.5647   11.1286    4.3982    0.2890    0.0991    0.0600    0.5800    0.0000
  106.0000    0.5100    0.4580    0.0520    1.3707    3.8760    8.1569    3.2314   11.2995    4.4124    0.2890    0.0749    0.0600    0.5800    0.0000
  106.0000    0.5200    0.4580    0.0620    1.4186    3.7709    8.1633    2.7720   11.5334    4.4222    0.2890    0.0637    0.0600    0.5800    0.0000
  106.0000    0.5400    0.4580    0.0820    1.4923    3.6649    8.1756    2.2907   11.7823    4.4467    0.2890    0.0427    0.0600    0.5800    0.0000
  106.0000    0.5600    0.4580    0.1020    1.5425    3.6370    8.1853    2.1444   11.8633    4.4693    0.2890    0.0305    0.0600    0.5800    0.0000
  106.0000    0.6000    0.4580    0.1420    1.5678    3.6201    8.1866    2.0818   11.9097    4.4657    0.2890    0.0301    0.0600    0.5800    0.0000
  106.0000    0.7000    0.4580    0.2420    1.6566    3.5997    8.2018    1.9780   11.9951    4.5029    0.2890    0.0176    0.0600    0.5800    0.0000
  106.0000    0.8000    0.4580    0.3420    1.7197    3.5931    8.2123    1.9467   12.0397    4.5298    0.2890    0.0113    0.0600    0.5800    0.0000
#   age       Mtot      Mc        Menv      logL      logT      logTc     logg      logR      logrhoc   Y         Yc        Z         FeH       OFe       
  107.0000    0.4610    0.4580    0.0030    1.1979    4.3407    8.1199    5.2193   10.2837    4.3777    0.2890    0.2017    0.0600    0.5800    0.0000
  107.0000    0.4630    0.4580    0.0050    1.2079    4.3020    8.1230    5.0567   10.3659    4.3804    0.2890    0.1875    0.0600    0.5800    0.0000
  107.0000    0.4650    0.4580    0.0070    1.2117    4.2707    8.1230    4.9292   10.4305    4.3787    0.2890    0.1885    0.0600    0.5800    0.0000
  107.0000    0.4700    0.4580    0.0120    1.2290    4.2069    8.1278    4.6615   10.5667    4.3825    0.2890    0.1661    0.0600    0.5800    0.0000
  107.0000    0.4750    0.4580    0.0170    1.2362    4.1522    8.1280    4.4402   10.6797    4.3795    0.2890    0.1672    0.0600    0.5800    0.0000
  107.0000    0.4800    0.4580    0.0220    1.2487    4.1024    8.1312    4.2329   10.7857    4.3816    0.2890    0.1536    0.0600    0.5800    0.0000
  107.0000    0.4900    0.4580    0.0320    1.2867    4.0199    8.1417    3.8740   10.9695    4.3957    0.2890    0.1159    0.0600    0.5800    0.0000
  107.0000    0.5000    0.4580    0.0420    1.3324    3.9502    8.1497    3.5581   11.1319    4.4036    0.2890    0.0927    0.0600    0.5800    0.0000
  107.0000    0.5100    0.4580    0.0520    1.3784    3.8742    8.1604    3.2167   11.3068    4.4210    0.2890    0.0679    0.0600    0.5800    0.0000
  107.0000    0.5200    0.4580    0.0620    1.4279    3.7661    8.1670    2.7434   11.5477    4.4313    0.2890    0.0564    0.0600    0.5800    0.0000
  107.0000    0.5400    0.4580    0.0820    1.5088    3.6614    8.1810    2.2599   11.7977    4.4616    0.2890    0.0354    0.0600    0.5800    0.0000
  107.0000    0.5600    0.4580    0.1020    1.5656    3.6332    8.1922    2.1062   11.8824    4.4899    0.2890    0.0238    0.0600    0.5800    0.0000
  107.0000    0.6000    0.4580    0.1420    1.5904    3.6173    8.1935    2.0478   11.9266    4.4861    0.2890    0.0235    0.0600    0.5800    0.0000
  107.0000    0.7000    0.4580    0.2420    1.6916    3.5956    8.2120    1.9267   12.0207    4.5384    0.2890    0.0109    0.0600    0.5800    0.0000
  107.0000    0.8000    0.4580    0.3420    1.8251    3.5820    8.2381    1.7970   12.1145    4.6387    0.2890    0.0042    0.0600    0.5800    0.0000
#   age       Mtot      Mc        Menv      logL      logT      logTc     logg      logR      logrhoc   Y         Yc        Z         FeH       OFe       
  108.0000    0.4610    0.4580    0.0030    1.2003    4.3410    8.1211    5.2182   10.2843    4.3795    0.2890    0.1953    0.0600    0.5800    0.0000
  108.0000    0.4630    0.4580    0.0050    1.2104    4.3023    8.1242    5.0553   10.3665    4.3825    0.2890    0.1809    0.0600    0.5800    0.0000
  108.0000    0.4650    0.4580    0.0070    1.2142    4.2709    8.1243    4.9276   10.4314    4.3808    0.2890    0.1819    0.0600    0.5800    0.0000
  108.0000    0.4700    0.4580    0.0120    1.2316    4.2069    8.1292    4.6591   10.5679    4.3848    0.2890    0.1591    0.0600    0.5800    0.0000
  108.0000    0.4750    0.4580    0.0170    1.2388    4.1520    8.1294    4.4370   10.6813    4.3817    0.2890    0.1603    0.0600    0.5800    0.0000
  108.0000    0.4800    0.4580    0.0220    1.2517    4.1023    8.1329    4.2296   10.7873    4.3848    0.2890    0.1462    0.0600    0.5800    0.0000
  108.0000    0.4900    0.4580    0.0320    1.2900    4.0197    8.1438    3.8698   10.9716    4.3998    0.2890    0.1084    0.0600    0.5800    0.0000
  108.0000    0.5000    0.4580    0.0420    1.3368    3.9496    8.1520    3.5514   11.1352    4.4090    0.2890    0.0863    0.0600    0.5800    0.0000
  108.0000    0.5100    0.4580    0.0520    1.3861    3.8724    8.1639    3.2019   11.3142    4.4297    0.2890    0.0608    0.0600    0.5800    0.0000
  108.0000    0.5200    0.4580    0.0620    1.4376    3.7609    8.1707    2.7130   11.5629    4.4407    0.2890    0.0492    0.0600    0.5800    0.0000
  108.0000    0.5400    0.4580    0.0820    1.5273    3.6576    8.1870    2.2266   11.8143    4.4785    0.2890    0.0285    0.0600    0.5800    0.0000
  108.0000    0.5600    0.4580    0.1020    1.5951    3.6286    8.2007    2.0583   11.9063    4.5180    0.2890    0.0169    0.0600    0.5800    0.0000
  108.0000    0.6000    0.4580    0.1420    1.6191    3.6136    8.2018    2.0044   11.9483    4.5129    0.2890    0.0169    0.0600    0.5800    0.0000
  108.0000    0.7000    0.4580    0.2420    1.8042    3.5832    8.2381    1.7647   12.1017    4.6489    0.2890    0.0039    0.0600    0.5800    0.0000
  108.0000    0.8000    0.4580    0.3420    2.1510    3.5476    8.2501    1.3334   12.3463    5.0209    0.2890    0.0000    0.0600    0.5800    0.0000
#   age       Mtot      Mc        Menv      logL      logT      logTc     logg      logR      logrhoc   Y         Yc        Z         FeH       OFe       
  109.0000    0.4610    0.4580    0.0030    1.2027    4.3413    8.1224    5.2172   10.2848    4.3815    0.2890    0.1890    0.0600    0.5800    0.0000
  109.0000    0.4630    0.4580    0.0050    1.2129    4.3026    8.1255    5.0540   10.3672    4.3846    0.2890    0.1743    0.0600    0.5800    0.0000
  109.0000    0.4650    0.4580    0.0070    1.2167    4.2711    8.1256    4.9259   10.4322    4.3829    0.2890    0.1753    0.0600    0.5800    0.0000
  109.0000    0.4700    0.4580    0.0120    1.2342    4.2070    8.1306    4.6566   10.5691    4.3870    0.2890    0.1521    0.0600    0.5800    0.0000
  109.0000    0.4750    0.4580    0.0170    1.2414    4.1519    8.1307    4.4337   10.6829    4.3839    0.2890    0.1533    0.0600    0.5800    0.0000
  109.0000    0.4800    0.4580    0.0220    1.2547    4.1024    8.1349    4.2271   10.7885    4.3888    0.2890    0.1387    0.0600    0.5800    0.0000
  109.0000    0.4900    0.4580    0.0320    1.2932    4.0195    8.1458    3.8657   10.9737    4.4038    0.2890    0.1009    0.0600    0.5800    0.0000
  109.0000    0.5000    0.4580    0.0420    1.3413    3.9491    8.1543    3.5448   11.1386    4.4145    0.2890    0.0799    0.0600    0.5800    0.0000
  109.0000    0.5100    0.4580    0.0520    1.3938    3.8707    8.1674    3.1872   11.3216    4.4383    0.2890    0.0538    0.0600    0.5800    0.0000
  109.0000    0.5200    0.4580    0.0620    1.4505    3.7535    8.1749    2.6702   11.5844    4.4524    0.2890    0.0424    0.0600    0.5800    0.0000
  109.0000    0.5400    0.4580    0.0820    1.5507    3.6530    8.1938    2.1846   11.8353    4.4992    0.2890    0.0217    0.0600    0.5800    0.0000
  109.0000    0.5600    0.4580    0.1020    1.6327    3.6230    8.2113    1.9983   11.9364    4.5555    0.2890    0.0100    0.0600    0.5800    0.0000
  109.0000    0.6000    0.4580    0.1420    1.6547    3.6089    8.2117    1.9501   11.9755    4.5470    0.2890    0.0102    0.0600    0.5800    0.0000
  109.0000    0.7000    0.4580    0.2420    2.1340    3.5468    8.2467    1.2894   12.3393    5.0250    0.2890    0.0000    0.0600    0.5800    0.0000
  109.0000    0.8000    0.4580    0.3420    2.0406    3.5600    8.1929    1.4934   12.2663    5.1323    0.2890    0.0000    0.0600    0.5800    0.0000
#   age       Mtot      Mc        Menv      logL      logT      logTc     logg      logR      logrhoc   Y         Yc        Z         FeH       OFe       
  110.0000    0.4610    0.4580    0.0030    1.2052    4.3417    8.1237    5.2162   10.2853    4.3836    0.2890    0.1826    0.0600    0.5800    0.0000
  110.0000    0.4630    0.4580    0.0050    1.2154    4.3029    8.1268    5.0526   10.3679    4.3867    0.2890    0.1677    0.0600    0.5800    0.0000
  110.0000    0.4650    0.4580    0.0070    1.2193    4.2713    8.1270    4.9243   10.4330    4.3850    0.2890    0.1687    0.0600    0.5800    0.0000
  110.0000    0.4700    0.4580    0.0120    1.2369    4.2073    8.1322    4.6553   10.5698    4.3902    0.2890    0.1454    0.0600    0.5800    0.0000
  110.0000    0.4750    0.4580    0.0170    1.2441    4.1520    8.1324    4.4314   10.6841    4.3870    0.2890    0.1463    0.0600    0.5800    0.0000
  110.0000    0.4800    0.4580    0.0220    1.2577    4.1026    8.1369    4.2247   10.7898    4.3927    0.2890    0.1312    0.0600    0.5800    0.0000
  110.0000    0.4900    0.4580    0.0320    1.2971    4.0199    8.1483    3.8634   10.9749    4.4095    0.2890    0.0937    0.0600    0.5800    0.0000
  110.0000    0.5000    0.4580    0.0420    1.3462    3.9486    8.1569    3.5380   11.1420    4.4205    0.2890    0.0734    0.0600    0.5800    0.0000
  110.0000    0.5100    0.4580    0.0520    1.4036    3.8679    8.1714    3.1666   11.3319    4.4486    0.2890    0.0468    0.0600    0.5800    0.0000
  110.0000    0.5200    0.4580    0.0620    1.4648    3.7458    8.1797    2.6251   11.6069    4.4655    0.2890    0.0359    0.0600    0.5800    0.0000
  110.0000    0.5400    0.4580    0.0820    1.5822    3.6465    8.2025    2.1271   11.8641    4.5284    0.2890    0.0154    0.0600    0.5800    0.0000
  110.0000    0.5600    0.4580    0.1020    1.7549    3.6047    8.2371    1.8030   12.0340    4.6676    0.2890    0.0035    0.0600    0.5800    0.0000
  110.0000    0.6000    0.4580    0.1420    1.7754    3.5926    8.2385    1.7641   12.0685    4.6620    0.2890    0.0034    0.0600    0.5800    0.0000
  110.0000    0.7000    0.4580    0.2420    2.0268    3.5597    8.1910    1.4475   12.2603    5.1313    0.2890    0.0000    0.0600    0.5800    0.0000
  110.0000    0.8000    0.4580    0.3420    2.0305    3.5612    8.1729    1.5081   12.2590    5.1636    0.2890    0.0000    0.0600    0.5800    0.0000
#   age       Mtot      Mc        Menv      logL      logT      logTc     logg      logR      logrhoc   Y         Yc        Z         FeH       OFe       
  111.0000    0.4610    0.4580    0.0030    1.2076    4.3420    8.1249    5.2152   10.2858    4.3856    0.2890    0.1763    0.0600    0.5800    0.0000
  111.0000    0.4630    0.4580    0.0050    1.2179    4.3031    8.1281    5.0512   10.3686    4.3888    0.2890    0.1612    0.0600    0.5800    0.0000
  111.0000    0.4650    0.4580    0.0070    1.2218    4.2715    8.1283    4.9226   10.4339    4.3871    0.2890    0.1621    0.0600    0.5800    0.0000
  111.0000    0.4700    0.4580    0.0120    1.2396    4.2078    8.1340    4.6544   10.5702    4.3937    0.2890    0.1388    0.0600    0.5800    0.0000
  111.0000    0.4750    0.4580    0.0170    1.2470    4.1523    8.1343    4.4297   10.6849    4.3908    0.2890    0.1392    0.0600    0.5800    0.0000
  111.0000    0.4800    0.4580    0.0220    1.2607    4.1027    8.1389    4.2223   10.7910    4.3967    0.2890    0.1237    0.0600    0.5800    0.0000
  111.0000    0.4900    0.4580    0.0320    1.3010    4.0203    8.1509    3.8613   10.9759    4.4155    0.2890    0.0866    0.0600    0.5800    0.0000
  111.0000    0.5000    0.4580    0.0420    1.3526    3.9484    8.1602    3.5307   11.1456    4.4287    0.2890    0.0666    0.0600    0.5800    0.0000
  111.0000    0.5100    0.4580    0.0520    1.4157    3.8641    8.1760    3.1392   11.3456    4.4607    0.2890    0.0400    0.0600    0.5800    0.0000
  111.0000    0.5200    0.4580    0.0620    1.4801    3.7378    8.1847    2.5778   11.6306    4.4795    0.2890    0.0297    0.0600    0.5800    0.0000
  111.0000    0.5400    0.4580    0.0820    1.6276    3.6376    8.2138    2.0458   11.9047    4.5705    0.2890    0.0092    0.0600    0.5800    0.0000
  111.0000    0.5600    0.4580    0.1020    2.1032    3.5579    8.2436    1.2674   12.3019    5.0331    0.2890    0.0000    0.0600    0.5800    0.0000
  111.0000    0.6000    0.4580    0.1420    2.1140    3.5518    8.2418    1.2623   12.3194    5.0387    0.2890    0.0000    0.0600    0.5800    0.0000
  111.0000    0.7000    0.4580    0.2420    2.0118    3.5613    8.1685    1.4692   12.2494    5.1635    0.2890    0.0000    0.0600    0.5800    0.0000
  111.0000    0.8000    0.4580    0.3420    2.0204    3.5623    8.1530    1.5227   12.2517    5.1949    0.2890    0.0000    0.0600    0.5800    0.0000
#   age       Mtot      Mc        Menv      logL      logT      logTc     logg      logR      logrhoc   Y         Yc        Z         FeH       OFe       
  112.0000    0.4610    0.4580    0.0030    1.2100    4.3424    8.1262    5.2142   10.2863    4.3876    0.2890    0.1700    0.0600    0.5800    0.0000
  112.0000    0.4630    0.4580    0.0050    1.2204    4.3034    8.1294    5.0499   10.3692    4.3908    0.2890    0.1546    0.0600    0.5800    0.0000
  112.0000    0.4650    0.4580    0.0070    1.2243    4.2717    8.1296    4.9210   10.4347    4.3893    0.2890    0.1555    0.0600    0.5800    0.0000
  112.0000    0.4700    0.4580    0.0120    1.2423    4.2082    8.1358    4.6536   10.5707    4.3972    0.2890    0.1323    0.0600    0.5800    0.0000
  112.0000    0.4750    0.4580    0.0170    1.2499    4.1526    8.1363    4.4281   10.6857    4.3946    0.2890    0.1321    0.0600    0.5800    0.0000
  112.0000    0.4800    0.4580    0.0220    1.2638    4.1029    8.1408    4.2198   10.7922    4.4007    0.2890    0.1162    0.0600    0.5800    0.0000
  112.0000    0.4900    0.4580    0.0320    1.3049    4.0207    8.1535    3.8592   10.9770    4.4214    0.2890    0.0795    0.0600    0.5800    0.0000
  112.0000    0.5000    0.4580    0.0420    1.3590    3.9482    8.1635    3.5234   11.1492    4.4369    0.2890    0.0598    0.0600    0.5800    0.0000
  112.0000    0.5100    0.4580    0.0520    1.4315    3.8582    8.1810    3.0999   11.3653    4.4753    0.2890    0.0335    0.0600    0.5800    0.0000
  112.0000    0.5200    0.4580    0.0620    1.5003    3.7269    8.1901    2.5138   11.6626    4.4957    0.2890    0.0245    0.0600    0.5800    0.0000
  112.0000    0.5400    0.4580    0.0820    1.7509    3.6155    8.2395    1.8343   12.0105    4.6824    0.2890    0.0027    0.0600    0.5800    0.0000
  112.0000    0.5600    0.4580    0.1020    1.9969    3.5714    8.1865    1.4276   12.2217    5.1388    0.2890    0.0000    0.0600    0.5800    0.0000
  112.0000    0.6000    0.4580    0.1420    2.0081    3.5647    8.1866    1.4197   12.2407    5.1385    0.2890    0.0000    0.0600    0.5800    0.0000
  112.0000    0.7000    0.4580    0.2420    1.9967    3.5629    8.1461    1.4909   12.2385    5.1957    0.2890    0.0000    0.0600    0.5800    0.0000
  112.0000    0.8000    0.4580    0.3420    2.0103    3.5634    8.1330    1.5374   12.2443    5.2262    0.2890    0.0000    0.0600    0.5800    0.0000
#   age       Mtot      Mc        Menv      logL      logT      logTc     logg      logR      logrhoc   Y         Yc        Z         FeH       OFe       
  113.0000    0.4610    0.4580    0.0030    1.2125    4.3427    8.1275    5.2132   10.2868    4.3896    0.2890    0.1636    0.0600    0.5800    0.0000
  113.0000    0.4630    0.4580    0.0050    1.2230    4.3038    8.1308    5.0489   10.3697    4.3933    0.2890    0.1481    0.0600    0.5800    0.0000
  113.0000    0.4650    0.4580    0.0070    1.2269    4.2720    8.1310    4.9196   10.4354    4.3916    0.2890    0.1489    0.0600    0.5800    0.0000
  113.0000    0.4700    0.4580    0.0120    1.2449    4.2087    8.1375    4.6527   10.5711    4.4007    0.2890    0.1257    0.0600    0.5800    0.0000
  113.0000    0.4750    0.4580    0.0170    1.2528    4.1529    8.1382    4.4265   10.6865    4.3985    0.2890    0.1251    0.0600    0.5800    0.0000
  113.0000    0.4800    0.4580    0.0220    1.2668    4.1030    8.1428    4.2174   10.7934    4.4046    0.2890    0.1087    0.0600    0.5800    0.0000
  113.0000    0.4900    0.4580    0.0320    1.3090    4.0215    8.1563    3.8580   10.9776    4.4280    0.2890    0.0726    0.0600    0.5800    0.0000
  113.0000    0.5000    0.4580    0.0420    1.3654    3.9480    8.1668    3.5161   11.1529    4.4451    0.2890    0.0530    0.0600    0.5800    0.0000
  113.0000    0.5100    0.4580    0.0520    1.4495    3.8506    8.1864    3.0516   11.3894    4.4908    0.2890    0.0274    0.0600    0.5800    0.0000
  113.0000    0.5200    0.4580    0.0620    1.5225    3.7152    8.1959    2.4448   11.6970    4.5141    0.2890    0.0192    0.0600    0.5800    0.0000
  113.0000    0.5400    0.4580    0.0820    2.1103    3.5616    8.2348    1.2596   12.2978    5.0640    0.2890    0.0000    0.0600    0.5800    0.0000
  113.0000    0.5600    0.4580    0.1020    1.9561    3.5773    8.1541    1.4922   12.1895    5.1770    0.2890    0.0000    0.0600    0.5800    0.0000
  113.0000    0.6000    0.4580    0.1420    1.9713    3.5691    8.1543    1.4740   12.2135    5.1783    0.2890    0.0000    0.0600    0.5800    0.0000
  113.0000    0.7000    0.4580    0.2420    1.9817    3.5646    8.1236    1.5126   12.2277    5.2278    0.2890    0.0000    0.0600    0.5800    0.0000
  113.0000    0.8000    0.4580    0.3420    2.0044    3.5641    8.1164    1.5460   12.2400    5.2559    0.2890    0.0000    0.0600    0.5800    0.0000
#   age       Mtot      Mc        Menv      logL      logT      logTc     logg      logR      logrhoc   Y         Yc        Z         FeH       OFe       
  114.0000    0.4610    0.4580    0.0030    1.2149    4.3431    8.1287    5.2122   10.2873    4.3917    0.2890    0.1573    0.0600    0.5800    0.0000
  114.0000    0.4630    0.4580    0.0050    1.2255    4.3044    8.1325    5.0489   10.3697    4.3966    0.2890    0.1420    0.0600    0.5800    0.0000
  114.0000    0.4650    0.4580    0.0070    1.2295    4.2726    8.1327    4.9193   10.4356    4.3950    0.2890    0.1425    0.0600    0.5800    0.0000
  114.0000    0.4700    0.4580    0.0120    1.2476    4.2092    8.1393    4.6518   10.5715    4.4043    0.2890    0.1192    0.0600    0.5800    0.0000
  114.0000    0.4750    0.4580    0.0170    1.2557    4.1533    8.1401    4.4249   10.6873    4.4023    0.2890    0.1180    0.0600    0.5800    0.0000
  114.0000    0.4800    0.4580    0.0220    1.2698    4.1032    8.1448    4.2150   10.7946    4.4086    0.2890    0.1012    0.0600    0.5800    0.0000
  114.0000    0.4900    0.4580    0.0320    1.3134    4.0227    8.1594    3.8583   10.9775    4.4356    0.2890    0.0662    0.0600    0.5800    0.0000
  114.0000    0.5000    0.4580    0.0420    1.3726    3.9478    8.1703    3.5083   11.1568    4.4539    0.2890    0.0470    0.0600    0.5800    0.0000
  114.0000    0.5100    0.4580    0.0520    1.4702    3.8411    8.1920    2.9928   11.4188    4.5074    0.2890    0.0218    0.0600    0.5800    0.0000
  114.0000    0.5200    0.4580    0.0620    1.5593    3.6985    8.2053    2.3414   11.7487    4.5472    0.2890    0.0130    0.0600    0.5800    0.0000
  114.0000    0.5400    0.4580    0.0820    1.9548    3.5848    8.1734    1.5078   12.1737    5.1582    0.2890    0.0000    0.0600    0.5800    0.0000
  114.0000    0.5600    0.4580    0.1020    1.9189    3.5827    8.1238    1.5511   12.1600    5.2138    0.2890    0.0000    0.0600    0.5800    0.0000
  114.0000    0.6000    0.4580    0.1420    1.9345    3.5735    8.1221    1.5283   12.1863    5.2181    0.2890    0.0000    0.0600    0.5800    0.0000
  114.0000    0.7000    0.4580    0.2420    1.9848    3.5643    8.1152    1.5085   12.2297    5.2526    0.2890    0.0000    0.0600    0.5800    0.0000
  114.0000    0.8000    0.4580    0.3420    2.0204    3.5624    8.1174    1.5232   12.2515    5.2778    0.2890    0.0000    0.0600    0.5800    0.0000
#   age       Mtot      Mc        Menv      logL      logT      logTc     logg      logR      logrhoc   Y         Yc        Z         FeH       OFe       
  115.0000    0.4610    0.4580    0.0030    1.2173    4.3434    8.1300    5.2112   10.2878    4.3937    0.2890    0.1510    0.0600    0.5800    0.0000
  115.0000    0.4630    0.4580    0.0050    1.2281    4.3051    8.1342    5.0489   10.3698    4.3999    0.2890    0.1358    0.0600    0.5800    0.0000
  115.0000    0.4650    0.4580    0.0070    1.2320    4.2732    8.1344    4.9191   10.4357    4.3984    0.2890    0.1361    0.0600    0.5800    0.0000
  115.0000    0.4700    0.4580    0.0120    1.2503    4.2096    8.1411    4.6510   10.5720    4.4078    0.2890    0.1127    0.0600    0.5800    0.0000
  115.0000    0.4750    0.4580    0.0170    1.2586    4.1536    8.1420    4.4233   10.6882    4.4061    0.2890    0.1109    0.0600    0.5800    0.0000
  115.0000    0.4800    0.4580    0.0220    1.2727    4.1039    8.1471    4.2148   10.7947    4.4137    0.2890    0.0945    0.0600    0.5800    0.0000
  115.0000    0.4900    0.4580    0.0320    1.3179    4.0239    8.1625    3.8586   10.9773    4.4433    0.2890    0.0598    0.0600    0.5800    0.0000
  115.0000    0.5000    0.4580    0.0420    1.3804    3.9476    8.1739    3.5000   11.1609    4.4634    0.2890    0.0417    0.0600    0.5800    0.0000
  115.0000    0.5100    0.4580    0.0520    1.5071    3.8196    8.2008    2.8695   11.4804    4.5384    0.2890    0.0154    0.0600    0.5800    0.0000
  115.0000    0.5200    0.4580    0.0620    1.6437    3.6690    8.2228    2.1391   11.8499    4.6197    0.2890    0.0067    0.0600    0.5800    0.0000
  115.0000    0.5400    0.4580    0.0820    1.9315    3.5890    8.1557    1.5481   12.1535    5.1874    0.2890    0.0000    0.0600    0.5800    0.0000
  115.0000    0.5600    0.4580    0.1020    1.9313    3.5813    8.1225    1.5328   12.1691    5.2312    0.2890    0.0000    0.0600    0.5800    0.0000
  115.0000    0.6000    0.4580    0.1420    1.9476    3.5721    8.1211    1.5096   12.1957    5.2361    0.2890    0.0000    0.0600    0.5800    0.0000
  115.0000    0.7000    0.4580    0.2420    1.9995    3.5627    8.1160    1.4876   12.2402    5.2727    0.2890    0.0000    0.0600    0.5800    0.0000
  115.0000    0.8000    0.4580    0.3420    2.0365    3.5607    8.1184    1.5003   12.2629    5.2997    0.2890    0.0000    0.0600    0.5800    0.0000
#   age       Mtot      Mc        Menv      logL      logT      logTc     logg      logR      logrhoc   Y         Yc        Z         FeH       OFe       
  116.0000    0.4610    0.4580    0.0030    1.2199    4.3441    8.1316    5.2112   10.2878    4.3968    0.2890    0.1448    0.0600    0.5800    0.0000
  116.0000    0.4630    0.4580    0.0050    1.2306    4.3057    8.1358    5.0489   10.3698    4.4033    0.2890    0.1296    0.0600    0.5800    0.0000
  116.0000    0.4650    0.4580    0.0070    1.2346    4.2738    8.1361    4.9188   10.4358    4.4018    0.2890    0.1297    0.0600    0.5800    0.0000
  116.0000    0.4700    0.4580    0.0120    1.2530    4.2101    8.1428    4.6501   10.5724    4.4113    0.2890    0.1061    0.0600    0.5800    0.0000
  116.0000    0.4750    0.4580    0.0170    1.2615    4.1539    8.1439    4.4217   10.6890    4.4099    0.2890    0.1039    0.0600    0.5800    0.0000
  116.0000    0.4800    0.4580    0.0220    1.2756    4.1046    8.1495    4.2151   10.7945    4.4191    0.2890    0.0880    0.0600    0.5800    0.0000
  116.0000    0.4900    0.4580    0.0320    1.3224    4.0251    8.1657    3.8589   10.9772    4.4510    0.2890    0.0534    0.0600    0.5800    0.0000
  116.0000    0.5000    0.4580    0.0420    1.3930    3.9454    8.1781    3.4785   11.1717    4.4752    0.2890    0.0358    0.0600    0.5800    0.0000
  116.0000    0.5100    0.4580    0.0520    1.5711    3.7783    8.2140    2.6404   11.5951    4.5905    0.2890    0.0088    0.0600    0.5800    0.0000
  116.0000    0.5200    0.4580    0.0620    1.8060    3.6209    8.2502    1.7845   12.0272    4.7574    0.2890    0.0005    0.0600    0.5800    0.0000
  116.0000    0.5400    0.4580    0.0820    1.9394    3.5883    8.1495    1.5371   12.1591    5.2067    0.2890    0.0000    0.0600    0.5800    0.0000
  116.0000    0.5600    0.4580    0.1020    1.9438    3.5798    8.1212    1.5146   12.1782    5.2487    0.2890    0.0000    0.0600    0.5800    0.0000
  116.0000    0.6000    0.4580    0.1420    1.9609    3.5707    8.1202    1.4909   12.2051    5.2541    0.2890    0.0000    0.0600    0.5800    0.0000
  116.0000    0.7000    0.4580    0.2420    2.0143    3.5612    8.1167    1.4667   12.2507    5.2927    0.2890    0.0000    0.0600    0.5800    0.0000
  116.0000    0.8000    0.4580    0.3420    2.0526    3.5590    8.1194    1.4774   12.2743    5.3216    0.2890    0.0000    0.0600    0.5800    0.0000
#   age       Mtot      Mc        Menv      logL      logT      logTc     logg      logR      logrhoc   Y         Yc        Z         FeH       OFe       
  117.0000    0.4610    0.4580    0.0030    1.2224    4.3448    8.1333    5.2114   10.2876    4.4001    0.2890    0.1386    0.0600    0.5800    0.0000
  117.0000    0.4630    0.4580    0.0050    1.2332    4.3064    8.1375    5.0488   10.3698    4.4066    0.2890    0.1234    0.0600    0.5800    0.0000
  117.0000    0.4650    0.4580    0.0070    1.2372    4.2744    8.1378    4.9186   10.4359    4.4051    0.2890    0.1233    0.0600    0.5800    0.0000
  117.0000    0.4700    0.4580    0.0120    1.2557    4.2106    8.1446    4.6494   10.5728    4.4149    0.2890    0.0996    0.0600    0.5800    0.0000
  117.0000    0.4750    0.4580    0.0170    1.2646    4.1546    8.1462    4.4212   10.6892    4.4147    0.2890    0.0967    0.0600    0.5800    0.0000
  117.0000    0.4800    0.4580    0.0220    1.2785    4.1054    8.1519    4.2154   10.7944    4.4245    0.2890    0.0815    0.0600    0.5800    0.0000
  117.0000    0.4900    0.4580    0.0320    1.3279    4.0265    8.1693    3.8592   10.9770    4.4603    0.2890    0.0470    0.0600    0.5800    0.0000
  117.0000    0.5000    0.4580    0.0420    1.4078    3.9423    8.1827    3.4513   11.1853    4.4883    0.2890    0.0298    0.0600    0.5800    0.0000
  117.0000    0.5100    0.4580    0.0520    1.7085    3.6839    8.2382    2.1257   11.8524    4.6972    0.2890    0.0027    0.0600    0.5800    0.0000
  117.0000    0.5200    0.4580    0.0620    2.0521    3.5799    8.2110    1.3746   12.2321    5.1192    0.2890    0.0000    0.0600    0.5800    0.0000
  117.0000    0.5400    0.4580    0.0820    1.9474    3.5875    8.1433    1.5261   12.1646    5.2261    0.2890    0.0000    0.0600    0.5800    0.0000
  117.0000    0.5600    0.4580    0.1020    1.9562    3.5784    8.1199    1.4964   12.1873    5.2661    0.2890    0.0000    0.0600    0.5800    0.0000
  117.0000    0.6000    0.4580    0.1420    1.9741    3.5693    8.1193    1.4721   12.2145    5.2721    0.2890    0.0000    0.0600    0.5800    0.0000
  117.0000    0.7000    0.4580    0.2420    2.0291    3.5597    8.1174    1.4458   12.2611    5.3128    0.2890    0.0000    0.0600    0.5800    0.0000
  117.0000    0.8000    0.4580    0.3420    2.0686    3.5573    8.1204    1.4546   12.2857    5.3435    0.2890    0.0000    0.0600    0.5800    0.0000
#   age       Mtot      Mc        Menv      logL      logT      logTc     logg      logR      logrhoc   Y         Yc        Z         FeH       OFe       
  118.0000    0.4610    0.4580    0.0030    1.2249    4.3455    8.1349    5.2117   10.2875    4.4034    0.2890    0.1324    0.0600    0.5800    0.0000
  118.0000    0.4630    0.4580    0.0050    1.2357    4.3070    8.1392    5.0488   10.3698    4.4099    0.2890    0.1173    0.0600    0.5800    0.0000
  118.0000    0.4650    0.4580    0.0070    1.2398    4.2749    8.1395    4.9183   10.4361    4.4085    0.2890    0.1169    0.0600    0.5800    0.0000
  118.0000    0.4700    0.4580    0.0120    1.2585    4.2115    8.1468    4.6502   10.5723    4.4200    0.2890    0.0936    0.0600    0.5800    0.0000
  118.0000    0.4750    0.4580    0.0170    1.2678    4.1556    8.1487    4.4221   10.6888    4.4208    0.2890    0.0895    0.0600    0.5800    0.0000
  118.0000    0.4800    0.4580    0.0220    1.2814    4.1062    8.1542    4.2157   10.7942    4.4299    0.2890    0.0749    0.0600    0.5800    0.0000
  118.0000    0.4900    0.4580    0.0320    1.3345    4.0282    8.1735    3.8597   10.9767    4.4714    0.2890    0.0406    0.0600    0.5800    0.0000
  118.0000    0.5000    0.4580    0.0420    1.4226    3.9406    8.1880    3.4297   11.1961    4.5054    0.2890    0.0245    0.0600    0.5800    0.0000
  118.0000    0.5100    0.4580    0.0520    2.0736    3.5827    8.2355    1.3555   12.2375    5.0578    0.2890    0.0000    0.0600    0.5800    0.0000
  118.0000    0.5200    0.4580    0.0620    1.9231    3.6033    8.1612    1.5970   12.1210    5.1784    0.2890    0.0000    0.0600    0.5800    0.0000
  118.0000    0.5400    0.4580    0.0820    1.9553    3.5867    8.1371    1.5150   12.1701    5.2454    0.2890    0.0000    0.0600    0.5800    0.0000
  118.0000    0.5600    0.4580    0.1020    1.9686    3.5769    8.1186    1.4782   12.1964    5.2835    0.2890    0.0000    0.0600    0.5800    0.0000
  118.0000    0.6000    0.4580    0.1420    1.9874    3.5680    8.1184    1.4533   12.2239    5.2901    0.2890    0.0000    0.0600    0.5800    0.0000
  118.0000    0.7000    0.4580    0.2420    2.0438    3.5582    8.1182    1.4248   12.2716    5.3328    0.2890    0.0000    0.0600    0.5800    0.0000
  118.0000    0.8000    0.4580    0.3420    2.0847    3.5556    8.1215    1.4317   12.2971    5.3654    0.2890    0.0000    0.0600    0.5800    0.0000
#   age       Mtot      Mc        Menv      logL      logT      logTc     logg      logR      logrhoc   Y         Yc        Z         FeH       OFe       
  119.0000    0.4610    0.4580    0.0030    1.2275    4.3462    8.1366    5.2119   10.2874    4.4068    0.2890    0.1263    0.0600    0.5800    0.0000
  119.0000    0.4630    0.4580    0.0050    1.2383    4.3076    8.1409    5.0488   10.3699    4.4132    0.2890    0.1111    0.0600    0.5800    0.0000
  119.0000    0.4650    0.4580    0.0070    1.2424    4.2755    8.1412    4.9181   10.4362    4.4119    0.2890    0.1105    0.0600    0.5800    0.0000
  119.0000    0.4700    0.4580    0.0120    1.2613    4.2124    8.1489    4.6511   10.5719    4.4251    0.2890    0.0876    0.0600    0.5800    0.0000
  119.0000    0.4750    0.4580    0.0170    1.2711    4.1567    8.1513    4.4229   10.6883    4.4269    0.2890    0.0822    0.0600    0.5800    0.0000
  119.0000    0.4800    0.4580    0.0220    1.2850    4.1081    8.1576    4.2195   10.7923    4.4382    0.2890    0.0682    0.0600    0.5800    0.0000
  119.0000    0.4900    0.4580    0.0320    1.3425    4.0304    8.1781    3.8602   10.9764    4.4841    0.2890    0.0346    0.0600    0.5800    0.0000
  119.0000    0.5000    0.4580    0.0420    1.4416    3.9371    8.1941    3.3967   11.2126    4.5254    0.2890    0.0190    0.0600    0.5800    0.0000
  119.0000    0.5100    0.4580    0.0520    1.9508    3.6089    8.1766    1.5836   12.1235    5.1593    0.2890    0.0000    0.0600    0.5800    0.0000
  119.0000    0.5200    0.4580    0.0620    1.9209    3.6045    8.1521    1.6038   12.1175    5.1993    0.2890    0.0000    0.0600    0.5800    0.0000
  119.0000    0.5400    0.4580    0.0820    1.9633    3.5860    8.1309    1.5040   12.1757    5.2647    0.2890    0.0000    0.0600    0.5800    0.0000
  119.0000    0.5600    0.4580    0.1020    1.9810    3.5755    8.1173    1.4600   12.2056    5.3010    0.2890    0.0000    0.0600    0.5800    0.0000
  119.0000    0.6000    0.4580    0.1420    2.0007    3.5666    8.1175    1.4345   12.2333    5.3081    0.2890    0.0000    0.0600    0.5800    0.0000
  119.0000    0.7000    0.4580    0.2420    2.0586    3.5566    8.1189    1.4039   12.2820    5.3529    0.2890    0.0000    0.0600    0.5800    0.0000
  119.0000    0.8000    0.4580    0.3420    2.1007    3.5540    8.1225    1.4089   12.3086    5.3873    0.2890    0.0000    0.0600    0.5800    0.0000
#   age       Mtot      Mc        Menv      logL      logT      logTc     logg      logR      logrhoc   Y         Yc        Z         FeH       OFe       
  120.0000    0.4610    0.4580    0.0030    1.2300    4.3469    8.1382    5.2121   10.2872    4.4101    0.2890    0.1201    0.0600    0.5800    0.0000
  120.0000    0.4630    0.4580    0.0050    1.2409    4.3083    8.1426    5.0488   10.3699    4.4165    0.2890    0.1049    0.0600    0.5800    0.0000
  120.0000    0.4650    0.4580    0.0070    1.2450    4.2761    8.1429    4.9179   10.4363    4.4153    0.2890    0.1041    0.0600    0.5800    0.0000
  120.0000    0.4700    0.4580    0.0120    1.2642    4.2133    8.1510    4.6519   10.5715    4.4302    0.2890    0.0816    0.0600    0.5800    0.0000
  120.0000    0.4750    0.4580    0.0170    1.2743    4.1577    8.1538    4.4238   10.6879    4.4330    0.2890    0.0750    0.0600    0.5800    0.0000
  120.0000    0.4800    0.4580    0.0220    1.2885    4.1100    8.1610    4.2233   10.7904    4.4465    0.2890    0.0616    0.0600    0.5800    0.0000
  120.0000    0.4900    0.4580    0.0320    1.3518    4.0326    8.1830    3.8595   10.9768    4.4981    0.2890    0.0287    0.0600    0.5800    0.0000
  120.0000    0.5000    0.4580    0.0420    1.4851    3.9230    8.2045    3.2971   11.2624    4.5624    0.2890    0.0124    0.0600    0.5800    0.0000
  120.0000    0.5100    0.4580    0.0520    1.9093    3.6188    8.1546    1.6645   12.0830    5.1897    0.2890    0.0000    0.0600    0.5800    0.0000
  120.0000    0.5200    0.4580    0.0620    1.9283    3.6039    8.1463    1.5941   12.1224    5.2172    0.2890    0.0000    0.0600    0.5800    0.0000
  120.0000    0.5400    0.4580    0.0820    1.9712    3.5852    8.1247    1.4930   12.1812    5.2840    0.2890    0.0000    0.0600    0.5800    0.0000
  120.0000    0.5600    0.4580    0.1020    1.9934    3.5740    8.1159    1.4418   12.2147    5.3184    0.2890    0.0000    0.0600    0.5800    0.0000
  120.0000    0.6000    0.4580    0.1420    2.0139    3.5652    8.1166    1.4157   12.2427    5.3260    0.2890    0.0000    0.0600    0.5800    0.0000
  120.0000    0.7000    0.4580    0.2420    2.0734    3.5551    8.1196    1.3830   12.2925    5.3729    0.2890    0.0000    0.0600    0.5800    0.0000
  120.0000    0.8000    0.4580    0.3420    2.1325    3.5504    8.1232    1.3629   12.3316    5.4213    0.2890    0.0000    0.0600    0.5800    0.0000
#   age       Mtot      Mc        Menv      logL      logT      logTc     logg      logR      logrhoc   Y         Yc        Z         FeH       OFe       
  121.0000    0.4610    0.4580    0.0030    1.2326    4.3476    8.1399    5.2124   10.2871    4.4134    0.2890    0.1139    0.0600    0.5800    0.0000
  121.0000    0.4630    0.4580    0.0050    1.2434    4.3090    8.1443    5.0491   10.3697    4.4202    0.2890    0.0988    0.0600    0.5800    0.0000
  121.0000    0.4650    0.4580    0.0070    1.2476    4.2769    8.1447    4.9183   10.4361    4.4192    0.2890    0.0980    0.0600    0.5800    0.0000
  121.0000    0.4700    0.4580    0.0120    1.2670    4.2142    8.1532    4.6528   10.5710    4.4352    0.2890    0.0757    0.0600    0.5800    0.0000
  121.0000    0.4750    0.4580    0.0170    1.2772    4.1595    8.1568    4.4280   10.6858    4.4402    0.2890    0.0690    0.0600    0.5800    0.0000
  121.0000    0.4800    0.4580    0.0220    1.2921    4.1118    8.1643    4.2271   10.7885    4.4547    0.2890    0.0549    0.0600    0.5800    0.0000
  121.0000    0.4900    0.4580    0.0320    1.3647    4.0346    8.1888    3.8545   10.9792    4.5152    0.2890    0.0233    0.0600    0.5800    0.0000
  121.0000    0.5000    0.4580    0.0420    1.5891    3.8490    8.2227    2.8966   11.4626    4.6391    0.2890    0.0063    0.0600    0.5800    0.0000
  121.0000    0.5100    0.4580    0.0520    1.9150    3.6191    8.1481    1.6597   12.0854    5.2063    0.2890    0.0000    0.0600    0.5800    0.0000
  121.0000    0.5200    0.4580    0.0620    1.9358    3.6034    8.1406    1.5844   12.1272    5.2350    0.2890    0.0000    0.0600    0.5800    0.0000
  121.0000    0.5400    0.4580    0.0820    1.9792    3.5844    8.1185    1.4820   12.1867    5.3034    0.2890    0.0000    0.0600    0.5800    0.0000
  121.0000    0.5600    0.4580    0.1020    2.0058    3.5726    8.1146    1.4236   12.2238    5.3359    0.2890    0.0000    0.0600    0.5800    0.0000
  121.0000    0.6000    0.4580    0.1420    2.0272    3.5638    8.1157    1.3969   12.2521    5.3440    0.2890    0.0000    0.0600    0.5800    0.0000
  121.0000    0.7000    0.4580    0.2420    2.1005    3.5520    8.1202    1.3434   12.3123    5.4029    0.2890    0.0000    0.0600    0.5800    0.0000
  121.0000    0.8000    0.4580    0.3420    2.1648    3.5467    8.1239    1.3161   12.3550    5.4556    0.2890    0.0000    0.0600    0.5800    0.0000
#   age       Mtot      Mc        Menv      logL      logT      logTc     logg      logR      logrhoc   Y         Yc        Z         FeH       OFe       
  122.0000    0.4610    0.4580    0.0030    1.2351    4.3483    8.1415    5.2126   10.2870    4.4167    0.2890    0.1078    0.0600    0.5800    0.0000
  122.0000    0.4630    0.4580    0.0050    1.2459    4.3101    8.1464    5.0508   10.3689    4.4249    0.2890    0.0931    0.0600    0.5800    0.0000
  122.0000    0.4650    0.4580    0.0070    1.2501    4.2779    8.1468    4.9199   10.4353    4.4239    0.2890    0.0924    0.0600    0.5800    0.0000
  122.0000    0.4700    0.4580    0.0120    1.2694    4.2157    8.1557    4.6564   10.5692    4.4413    0.2890    0.0704    0.0600    0.5800    0.0000
  122.0000    0.4750    0.4580    0.0170    1.2801    4.1612    8.1598    4.4322   10.6837    4.4474    0.2890    0.0630    0.0600    0.5800    0.0000
  122.0000    0.4800    0.4580    0.0220    1.2957    4.1140    8.1679    4.2321   10.7860    4.4637    0.2890    0.0483    0.0600    0.5800    0.0000
  122.0000    0.4900    0.4580    0.0320    1.3849    4.0351    8.1958    3.8362   10.9884    4.5380    0.2890    0.0177    0.0600    0.5800    0.0000
  122.0000    0.5000    0.4580    0.0420    1.7509    3.7157    8.2472    2.2017   11.8101    4.7606    0.2890    0.0006    0.0600    0.5800    0.0000
  122.0000    0.5100    0.4580    0.0520    1.9206    3.6193    8.1417    1.6549   12.0878    5.2229    0.2890    0.0000    0.0600    0.5800    0.0000
  122.0000    0.5200    0.4580    0.0620    1.9432    3.6028    8.1349    1.5747   12.1321    5.2529    0.2890    0.0000    0.0600    0.5800    0.0000
  122.0000    0.5400    0.4580    0.0820    1.9871    3.5837    8.1123    1.4709   12.1922    5.3227    0.2890    0.0000    0.0600    0.5800    0.0000
  122.0000    0.5600    0.4580    0.1020    2.0189    3.5710    8.1134    1.4044   12.2334    5.3538    0.2890    0.0000    0.0600    0.5800    0.0000
  122.0000    0.6000    0.4580    0.1420    2.0459    3.5617    8.1156    1.3699   12.2656    5.3665    0.2890    0.0000    0.0600    0.5800    0.0000
  122.0000    0.7000    0.4580    0.2420    2.1295    3.5487    8.1208    1.3011   12.3334    5.4343    0.2890    0.0000    0.0600    0.5800    0.0000
  122.0000    0.8000    0.4580    0.3420    2.1971    3.5431    8.1246    1.2694   12.3784    5.4900    0.2890    0.0000    0.0600    0.5800    0.0000
#   age       Mtot      Mc        Menv      logL      logT      logTc     logg      logR      logrhoc   Y         Yc        Z         FeH       OFe       
  123.0000    0.4610    0.4580    0.0030    1.2376    4.3490    8.1432    5.2128   10.2868    4.4200    0.2890    0.1016    0.0600    0.5800    0.0000
  123.0000    0.4630    0.4580    0.0050    1.2485    4.3111    8.1484    5.0525   10.3680    4.4297    0.2890    0.0874    0.0600    0.5800    0.0000
  123.0000    0.4650    0.4580    0.0070    1.2526    4.2789    8.1488    4.9214   10.4345    4.4286    0.2890    0.0868    0.0600    0.5800    0.0000
  123.0000    0.4700    0.4580    0.0120    1.2717    4.2173    8.1584    4.6604   10.5673    4.4475    0.2890    0.0652    0.0600    0.5800    0.0000
  123.0000    0.4750    0.4580    0.0170    1.2830    4.1630    8.1628    4.4364   10.6816    4.4546    0.2890    0.0570    0.0600    0.5800    0.0000
  123.0000    0.4800    0.4580    0.0220    1.2993    4.1168    8.1718    4.2401   10.7821    4.4743    0.2890    0.0420    0.0600    0.5800    0.0000
  123.0000    0.4900    0.4580    0.0320    1.4161    4.0333    8.2045    3.7980   11.0076    4.5691    0.2890    0.0118    0.0600    0.5800    0.0000
  123.0000    0.5000    0.4580    0.0420    2.0428    3.5980    8.2099    1.4392   12.1913    5.1144    0.2890    0.0000    0.0600    0.5800    0.0000
  123.0000    0.5100    0.4580    0.0520    1.9263    3.6195    8.1352    1.6501   12.0902    5.2394    0.2890    0.0000    0.0600    0.5800    0.0000
  123.0000    0.5200    0.4580    0.0620    1.9507    3.6022    8.1292    1.5650   12.1369    5.2708    0.2890    0.0000    0.0600    0.5800    0.0000
  123.0000    0.5400    0.4580    0.0820    2.0056    3.5812    8.1120    1.4427   12.2064    5.3452    0.2890    0.0000    0.0600    0.5800    0.0000
  123.0000    0.5600    0.4580    0.1020    2.0421    3.5684    8.1137    1.3707   12.2502    5.3796    0.2890    0.0000    0.0600    0.5800    0.0000
  123.0000    0.6000    0.4580    0.1420    2.0701    3.5589    8.1161    1.3346   12.2833    5.3935    0.2890    0.0000    0.0600    0.5800    0.0000
  123.0000    0.7000    0.4580    0.2420    2.1584    3.5454    8.1214    1.2588   12.3546    5.4657    0.2890    0.0000    0.0600    0.5800    0.0000
  123.0000    0.8000    0.4580    0.3420    2.2488    3.5375    8.1240    1.1951   12.4155    5.5375    0.2890    0.0000    0.0600    0.5800    0.0000
#   age       Mtot      Mc        Menv      logL      logT      logTc     logg      logR      logrhoc   Y         Yc        Z         FeH       OFe       
  124.0000    0.4610    0.4580    0.0030    1.2401    4.3499    8.1450    5.2139   10.2863    4.4238    0.2890    0.0962    0.0600    0.5800    0.0000
  124.0000    0.4630    0.4580    0.0050    1.2510    4.3122    8.1504    5.0542   10.3672    4.4344    0.2890    0.0816    0.0600    0.5800    0.0000
  124.0000    0.4650    0.4580    0.0070    1.2550    4.2800    8.1509    4.9230   10.4337    4.4333    0.2890    0.0812    0.0600    0.5800    0.0000
  124.0000    0.4700    0.4580    0.0120    1.2741    4.2189    8.1610    4.6644   10.5653    4.4537    0.2890    0.0601    0.0600    0.5800    0.0000
  124.0000    0.4750    0.4580    0.0170    1.2858    4.1647    8.1658    4.4406   10.6794    4.4618    0.2890    0.0510    0.0600    0.5800    0.0000
  124.0000    0.4800    0.4580    0.0220    1.3028    4.1201    8.1759    4.2496   10.7773    4.4857    0.2890    0.0364    0.0600    0.5800    0.0000
  124.0000    0.4900    0.4580    0.0320    1.5290    3.9879    8.2225    3.5039   11.1546    4.6467    0.2890    0.0061    0.0600    0.5800    0.0000
  124.0000    0.5000    0.4580    0.0420    1.9145    3.6387    8.1606    1.7305   12.0458    5.1744    0.2890    0.0000    0.0600    0.5800    0.0000
  124.0000    0.5100    0.4580    0.0520    1.9320    3.6197    8.1287    1.6454   12.0925    5.2560    0.2890    0.0000    0.0600    0.5800    0.0000
  124.0000    0.5200    0.4580    0.0620    1.9581    3.6017    8.1235    1.5553   12.1418    5.2887    0.2890    0.0000    0.0600    0.5800    0.0000
  124.0000    0.5400    0.4580    0.0820    2.0251    3.5786    8.1123    1.4128   12.2213    5.3681    0.2890    0.0000    0.0600    0.5800    0.0000
  124.0000    0.5600    0.4580    0.1020    2.0653    3.5658    8.1139    1.3371   12.2670    5.4054    0.2890    0.0000    0.0600    0.5800    0.0000
  124.0000    0.6000    0.4580    0.1420    2.0944    3.5562    8.1166    1.2993   12.3009    5.4205    0.2890    0.0000    0.0600    0.5800    0.0000
  124.0000    0.7000    0.4580    0.2420    2.1963    3.5410    8.1214    1.2035   12.3822    5.5032    0.2890    0.0000    0.0600    0.5800    0.0000
  124.0000    0.8000    0.4580    0.3420    2.3042    3.5314    8.1231    1.1156   12.4552    5.5875    0.2890    0.0000    0.0600    0.5800    0.0000
#   age       Mtot      Mc        Menv      logL      logT      logTc     logg      logR      logrhoc   Y         Yc        Z         FeH       OFe       
  125.0000    0.4610    0.4580    0.0030    1.2426    4.3508    8.1469    5.2152   10.2857    4.4277    0.2890    0.0911    0.0600    0.5800    0.0000
  125.0000    0.4630    0.4580    0.0050    1.2535    4.3132    8.1525    5.0559   10.3663    4.4392    0.2890    0.0759    0.0600    0.5800    0.0000
  125.0000    0.4650    0.4580    0.0070    1.2575    4.2810    8.1530    4.9246   10.4329    4.4380    0.2890    0.0756    0.0600    0.5800    0.0000
  125.0000    0.4700    0.4580    0.0120    1.2765    4.2205    8.1636    4.6684   10.5633    4.4599    0.2890    0.0549    0.0600    0.5800    0.0000
  125.0000    0.4750    0.4580    0.0170    1.2887    4.1670    8.1692    4.4470   10.6762    4.4707    0.2890    0.0455    0.0600    0.5800    0.0000
  125.0000    0.4800    0.4580    0.0220    1.3063    4.1236    8.1801    4.2598   10.7721    4.4974    0.2890    0.0311    0.0600    0.5800    0.0000
  125.0000    0.4900    0.4580    0.0320    1.7231    3.8779    8.2477    2.8693   11.4719    4.7806    0.2890    0.0003    0.0600    0.5800    0.0000
  125.0000    0.5000    0.4580    0.0420    1.9037    3.6483    8.1489    1.7796   12.0212    5.1950    0.2890    0.0000    0.0600    0.5800    0.0000
  125.0000    0.5100    0.4580    0.0520    1.9376    3.6199    8.1223    1.6406   12.0949    5.2726    0.2890    0.0000    0.0600    0.5800    0.0000
  125.0000    0.5200    0.4580    0.0620    1.9655    3.6011    8.1177    1.5456   12.1466    5.3066    0.2890    0.0000    0.0600    0.5800    0.0000
  125.0000    0.5400    0.4580    0.0820    2.0445    3.5760    8.1125    1.3830   12.2362    5.3910    0.2890    0.0000    0.0600    0.5800    0.0000
  125.0000    0.5600    0.4580    0.1020    2.0885    3.5632    8.1142    1.3034   12.2838    5.4312    0.2890    0.0000    0.0600    0.5800    0.0000
  125.0000    0.6000    0.4580    0.1420    2.1186    3.5534    8.1172    1.2641   12.3186    5.4475    0.2890    0.0000    0.0600    0.5800    0.0000
  125.0000    0.7000    0.4580    0.2420    2.2457    3.5354    8.1206    1.1317   12.4182    5.5484    0.2890    0.0000    0.0600    0.5800    0.0000
  125.0000    0.8000    0.4580    0.3420    2.3812    3.5232    8.1192    1.0054   12.5103    5.6533    0.2890    0.0000    0.0600    0.5800    0.0000
#   age       Mtot      Mc        Menv      logL      logT      logTc     logg      logR      logrhoc   Y         Yc        Z         FeH       OFe       
  126.0000    0.4610    0.4580    0.0030    1.2450    4.3517    8.1487    5.2164   10.2850    4.4317    0.2890    0.0859    0.0600    0.5800    0.0000
  126.0000    0.4630    0.4580    0.0050    1.2560    4.3148    8.1551    5.0595   10.3645    4.4453    0.2890    0.0705    0.0600    0.5800    0.0000
  126.0000    0.4650    0.4580    0.0070    1.2601    4.2826    8.1556    4.9283   10.4310    4.4444    0.2890    0.0701    0.0600    0.5800    0.0000
  126.0000    0.4700    0.4580    0.0120    1.2788    4.2221    8.1663    4.6725   10.5612    4.4662    0.2890    0.0498    0.0600    0.5800    0.0000
  126.0000    0.4750    0.4580    0.0170    1.2916    4.1694    8.1727    4.4538   10.6728    4.4799    0.2890    0.0402    0.0600    0.5800    0.0000
  126.0000    0.4800    0.4580    0.0220    1.3105    4.1282    8.1854    4.2743   10.7649    4.5125    0.2890    0.0258    0.0600    0.5800    0.0000
  126.0000    0.4900    0.4580    0.0320    2.0370    3.6231    8.2081    1.5362   12.1384    5.1220    0.2890    0.0000    0.0600    0.5800    0.0000
  126.0000    0.5000    0.4580    0.0420    1.9063    3.6536    8.1417    1.7981   12.0120    5.2113    0.2890    0.0000    0.0600    0.5800    0.0000
  126.0000    0.5100    0.4580    0.0520    1.9433    3.6202    8.1158    1.6358   12.0973    5.2891    0.2890    0.0000    0.0600    0.5800    0.0000
  126.0000    0.5200    0.4580    0.0620    1.9730    3.6005    8.1120    1.5359   12.1515    5.3245    0.2890    0.0000    0.0600    0.5800    0.0000
  126.0000    0.5400    0.4580    0.0820    2.0640    3.5734    8.1128    1.3531   12.2511    5.4138    0.2890    0.0000    0.0600    0.5800    0.0000
  126.0000    0.5600    0.4580    0.1020    2.1118    3.5606    8.1144    1.2697   12.3006    5.4569    0.2890    0.0000    0.0600    0.5800    0.0000
  126.0000    0.6000    0.4580    0.1420    2.1499    3.5497    8.1172    1.2179   12.3416    5.4795    0.2890    0.0000    0.0600    0.5800    0.0000
  126.0000    0.7000    0.4580    0.2420    2.3046    3.5286    8.1186    1.0456   12.4612    5.6004    0.2890    0.0000    0.0600    0.5800    0.0000
  126.0000    0.8000    0.4580    0.3420    2.4813    3.5114    8.1118    0.8584   12.5838    5.7330    0.2890    0.0000    0.0600    0.5800    0.0000
#   age       Mtot      Mc        Menv      logL      logT      logTc     logg      logR      logrhoc   Y         Yc        Z         FeH       OFe       
  127.0000    0.4610    0.4580    0.0030    1.2475    4.3527    8.1506    5.2177   10.2843    4.4356    0.2890    0.0808    0.0600    0.5800    0.0000
  127.0000    0.4630    0.4580    0.0050    1.2585    4.3164    8.1577    5.0634   10.3626    4.4517    0.2890    0.0653    0.0600    0.5800    0.0000
  127.0000    0.4650    0.4580    0.0070    1.2627    4.2842    8.1583    4.9323   10.4290    4.4510    0.2890    0.0646    0.0600    0.5800    0.0000
  127.0000    0.4700    0.4580    0.0120    1.2817    4.2246    8.1699    4.6797   10.5576    4.4757    0.2890    0.0441    0.0600    0.5800    0.0000
  127.0000    0.4750    0.4580    0.0170    1.2946    4.1728    8.1768    4.4643   10.6676    4.4913    0.2890    0.0349    0.0600    0.5800    0.0000
  127.0000    0.4800    0.4580    0.0220    1.3148    4.1332    8.1909    4.2900   10.7571    4.5285    0.2890    0.0205    0.0600    0.5800    0.0000
  127.0000    0.4900    0.4580    0.0320    1.8905    3.7752    8.1585    2.2913   11.7609    5.1806    0.2890    0.0000    0.0600    0.5800    0.0000
  127.0000    0.5000    0.4580    0.0420    1.9089    3.6589    8.1345    1.8165   12.0027    5.2275    0.2890    0.0000    0.0600    0.5800    0.0000
  127.0000    0.5100    0.4580    0.0520    1.9489    3.6204    8.1093    1.6310   12.0997    5.3057    0.2890    0.0000    0.0600    0.5800    0.0000
  127.0000    0.5200    0.4580    0.0620    1.9855    3.5990    8.1088    1.5174   12.1607    5.3441    0.2890    0.0000    0.0600    0.5800    0.0000
  127.0000    0.5400    0.4580    0.0820    2.0835    3.5709    8.1131    1.3233   12.2661    5.4367    0.2890    0.0000    0.0600    0.5800    0.0000
  127.0000    0.5600    0.4580    0.1020    2.1482    3.5559    8.1136    1.2143   12.3284    5.4920    0.2890    0.0000    0.0600    0.5800    0.0000
  127.0000    0.6000    0.4580    0.1420    2.1919    3.5445    8.1166    1.1551   12.3730    5.5190    0.2890    0.0000    0.0600    0.5800    0.0000
  127.0000    0.7000    0.4580    0.2420    2.3773    3.5201    8.1148    0.9390   12.5146    5.6620    0.2890    0.0000    0.0600    0.5800    0.0000
  127.0000    0.8000    0.4580    0.3420    2.6488    3.4909    8.0966    0.6086   12.7087    5.8346    0.2890    0.0000    0.0600    0.5800    0.0000
#   age       Mtot      Mc        Menv      logL      logT      logTc     logg      logR      logrhoc   Y         Yc        Z         FeH       OFe       
  128.0000    0.4610    0.4580    0.0030    1.2499    4.3536    8.1525    5.2190   10.2837    4.4395    0.2890    0.0756    0.0600    0.5800    0.0000
  128.0000    0.4630    0.4580    0.0050    1.2610    4.3180    8.1604    5.0672   10.3606    4.4580    0.2890    0.0600    0.0600    0.5800    0.0000
  128.0000    0.4650    0.4580    0.0070    1.2654    4.2859    8.1610    4.9363   10.4270    4.4576    0.2890    0.0591    0.0600    0.5800    0.0000
  128.0000    0.4700    0.4580    0.0120    1.2845    4.2273    8.1736    4.6876   10.5537    4.4856    0.2890    0.0387    0.0600    0.5800    0.0000
  128.0000    0.4750    0.4580    0.0170    1.2977    4.1764    8.1810    4.4753   10.6621    4.5031    0.2890    0.0297    0.0600    0.5800    0.0000
  128.0000    0.4800    0.4580    0.0220    1.3243    4.1401    8.1987    4.3084   10.7479    4.5550    0.2890    0.0152    0.0600    0.5800    0.0000
  128.0000    0.4900    0.4580    0.0320    1.8704    3.8217    8.1420    2.4972   11.6580    5.2032    0.2890    0.0000    0.0600    0.5800    0.0000
  128.0000    0.5000    0.4580    0.0420    1.9115    3.6641    8.1273    1.8350   11.9935    5.2438    0.2890    0.0000    0.0600    0.5800    0.0000
  128.0000    0.5100    0.4580    0.0520    1.9594    3.6193    8.1057    1.6162   12.1071    5.3235    0.2890    0.0000    0.0600    0.5800    0.0000
  128.0000    0.5200    0.4580    0.0620    2.0051    3.5962    8.1089    1.4867   12.1761    5.3662    0.2890    0.0000    0.0600    0.5800    0.0000
  128.0000    0.5400    0.4580    0.0820    2.1157    3.5666    8.1125    1.2738   12.2908    5.4687    0.2890    0.0000    0.0600    0.5800    0.0000
  128.0000    0.5600    0.4580    0.1020    2.1881    3.5505    8.1125    1.1529   12.3591    5.5296    0.2890    0.0000    0.0600    0.5800    0.0000
  128.0000    0.6000    0.4580    0.1420    2.2347    3.5393    8.1158    1.0912   12.4050    5.5590    0.2890    0.0000    0.0600    0.5800    0.0000
  128.0000    0.7000    0.4580    0.2420    2.4804    3.5078    8.1066    0.7868   12.5906    5.7408    0.2890    0.0000    0.0600    0.5800    0.0000
  128.0000    0.8000    0.4580    0.3420    2.9373    3.4493    8.0654    0.1536   12.9362    5.9592    0.2890    0.0000    0.0600    0.5800    0.0000
#   age       Mtot      Mc        Menv      logL      logT      logTc     logg      logR      logrhoc   Y         Yc        Z         FeH       OFe       
  129.0000    0.4610    0.4580    0.0030    1.2524    4.3553    8.1552    5.2233   10.2816    4.4463    0.2890    0.0700    0.0600    0.5800    0.0000
  129.0000    0.4630    0.4580    0.0050    1.2635    4.3196    8.1630    5.0711   10.3587    4.4644    0.2890    0.0547    0.0600    0.5800    0.0000
  129.0000    0.4650    0.4580    0.0070    1.2680    4.2875    8.1637    4.9403   10.4250    4.4643    0.2890    0.0536    0.0600    0.5800    0.0000
  129.0000    0.4700    0.4580    0.0120    1.2871    4.2305    8.1775    4.6976   10.5487    4.4966    0.2890    0.0336    0.0600    0.5800    0.0000
  129.0000    0.4750    0.4580    0.0170    1.3006    4.1811    8.1863    4.4914   10.6541    4.5183    0.2890    0.0247    0.0600    0.5800    0.0000
  129.0000    0.4800    0.4580    0.0220    1.3359    4.1474    8.2071    4.3259   10.7392    4.5845    0.2890    0.0099    0.0600    0.5800    0.0000
  129.0000    0.4900    0.4580    0.0320    1.8725    3.8360    8.1335    2.5525   11.6303    5.2195    0.2890    0.0000    0.0600    0.5800    0.0000
  129.0000    0.5000    0.4580    0.0420    1.9141    3.6694    8.1201    1.8534   11.9842    5.2600    0.2890    0.0000    0.0600    0.5800    0.0000
  129.0000    0.5100    0.4580    0.0520    1.9766    3.6164    8.1061    1.5877   12.1214    5.3430    0.2890    0.0000    0.0600    0.5800    0.0000
  129.0000    0.5200    0.4580    0.0620    2.0246    3.5934    8.1090    1.4559   12.1915    5.3882    0.2890    0.0000    0.0600    0.5800    0.0000
  129.0000    0.5400    0.4580    0.0820    2.1508    3.5619    8.1117    1.2201   12.3176    5.5027    0.2890    0.0000    0.0600    0.5800    0.0000
  129.0000    0.5600    0.4580    0.1020    2.2343    3.5444    8.1107    1.0821   12.3946    5.5714    0.2890    0.0000    0.0600    0.5800    0.0000
  129.0000    0.6000    0.4580    0.1420    2.2979    3.5313    8.1126    0.9962   12.4525    5.6126    0.2890    0.0000    0.0600    0.5800    0.0000
  129.0000    0.7000    0.4580    0.2420    2.6553    3.4857    8.0906    0.5231   12.7225    5.8400    0.2890    0.0000    0.0600    0.5800    0.0000
  129.0000    0.8000    0.4580    0.3420    3.2292    3.3949    8.0153   -0.3556   13.1908    6.0921    0.2890    0.0000    0.0600    0.5800    0.0000
#   age       Mtot      Mc        Menv      logL      logT      logTc     logg      logR      logrhoc   Y         Yc        Z         FeH       OFe       
  130.0000    0.4610    0.4580    0.0030    1.2549    4.3570    8.1580    5.2279   10.2793    4.4535    0.2890    0.0643    0.0600    0.5800    0.0000
  130.0000    0.4630    0.4580    0.0050    1.2660    4.3212    8.1657    5.0752   10.3566    4.4710    0.2890    0.0495    0.0600    0.5800    0.0000
  130.0000    0.4650    0.4580    0.0070    1.2707    4.2894    8.1667    4.9453   10.4225    4.4718    0.2890    0.0481    0.0600    0.5800    0.0000
  130.0000    0.4700    0.4580    0.0120    1.2900    4.2341    8.1820    4.7093   10.5429    4.5093    0.2890    0.0285    0.0600    0.5800    0.0000
  130.0000    0.4750    0.4580    0.0170    1.3038    4.1861    8.1917    4.5079   10.6459    4.5342    0.2890    0.0196    0.0600    0.5800    0.0000
  130.0000    0.4800    0.4580    0.0220    1.4135    4.1591    8.2302    4.2950   10.7546    4.6839    0.2890    0.0042    0.0600    0.5800    0.0000
  130.0000    0.4900    0.4580    0.0320    1.8746    3.8504    8.1249    2.6078   11.6026    5.2358    0.2890    0.0000    0.0600    0.5800    0.0000
  130.0000    0.5000    0.4580    0.0420    1.9167    3.6747    8.1129    1.8719   11.9750    5.2763    0.2890    0.0000    0.0600    0.5800    0.0000
  130.0000    0.5100    0.4580    0.0520    1.9937    3.6136    8.1064    1.5591   12.1356    5.3625    0.2890    0.0000    0.0600    0.5800    0.0000
  130.0000    0.5200    0.4580    0.0620    2.0442    3.5906    8.1092    1.4251   12.2069    5.4103    0.2890    0.0000    0.0600    0.5800    0.0000
  130.0000    0.5400    0.4580    0.0820    2.1858    3.5572    8.1110    1.1664   12.3443    5.5367    0.2890    0.0000    0.0600    0.5800    0.0000
  130.0000    0.5600    0.4580    0.1020    2.2946    3.5364    8.1075    0.9898   12.4407    5.6225    0.2890    0.0000    0.0600    0.5800    0.0000
  130.0000    0.6000    0.4580    0.1420    2.3737    3.5217    8.1077    0.8822   12.5095    5.6734    0.2890    0.0000    0.0600    0.5800    0.0000
  130.0000    0.7000    0.4580    0.2420    2.9318    3.4429    8.0597    0.0759   12.9461    5.9585    0.2890    0.0000    0.0600    0.5800    0.0000
#   age       Mtot      Mc        Menv      logL      logT      logTc     logg      logR      logrhoc   Y         Yc        Z         FeH       OFe       
  131.0000    0.4610    0.4580    0.0030    1.2573    4.3588    8.1608    5.2325   10.2770    4.4606    0.2890    0.0586    0.0600    0.5800    0.0000
  131.0000    0.4630    0.4580    0.0050    1.2686    4.3235    8.1690    5.0818   10.3533    4.4798    0.2890    0.0443    0.0600    0.5800    0.0000
  131.0000    0.4650    0.4580    0.0070    1.2735    4.2918    8.1702    4.9521   10.4191    4.4810    0.2890    0.0426    0.0600    0.5800    0.0000
  131.0000    0.4700    0.4580    0.0120    1.2933    4.2390    8.1878    4.7256   10.5347    4.5260    0.2890    0.0232    0.0600    0.5800    0.0000
  131.0000    0.4750    0.4580    0.0170    1.3116    4.1937    8.1999    4.5307   10.6345    4.5626    0.2890    0.0142    0.0600    0.5800    0.0000
  131.0000    0.4800    0.4580    0.0220    1.7660    4.0712    8.2428    3.5912   11.1065    4.9641    0.2890    0.0000    0.0600    0.5800    0.0000
  131.0000    0.4900    0.4580    0.0320    1.8767    3.8647    8.1164    2.6630   11.5750    5.2521    0.2890    0.0000    0.0600    0.5800    0.0000
  131.0000    0.5000    0.4580    0.0420    1.9193    3.6799    8.1057    1.8903   11.9658    5.2925    0.2890    0.0000    0.0600    0.5800    0.0000
  131.0000    0.5100    0.4580    0.0520    2.0108    3.6107    8.1068    1.5306   12.1499    5.3820    0.2890    0.0000    0.0600    0.5800    0.0000
  131.0000    0.5200    0.4580    0.0620    2.0638    3.5878    8.1093    1.3944   12.2223    5.4323    0.2890    0.0000    0.0600    0.5800    0.0000
  131.0000    0.5400    0.4580    0.0820    2.2398    3.5503    8.1080    1.0847   12.3852    5.5829    0.2890    0.0000    0.0600    0.5800    0.0000
  131.0000    0.5600    0.4580    0.1020    2.3726    3.5262    8.1020    0.8710   12.5000    5.6830    0.2890    0.0000    0.0600    0.5800    0.0000
  131.0000    0.6000    0.4580    0.1420    2.4790    3.5085    8.0990    0.7241   12.5885    5.7477    0.2890    0.0000    0.0600    0.5800    0.0000
  131.0000    0.7000    0.4580    0.2420    3.2114    3.3913    8.0125   -0.4103   13.1892    6.0845    0.2890    0.0000    0.0600    0.5800    0.0000
#   age       Mtot      Mc        Menv      logL      logT      logTc     logg      logR      logrhoc   Y         Yc        Z         FeH       OFe       
  132.0000    0.4610    0.4580    0.0030    1.2598    4.3606    8.1637    5.2371   10.2747    4.4678    0.2890    0.0529    0.0600    0.5800    0.0000
  132.0000    0.4630    0.4580    0.0050    1.2711    4.3259    8.1724    5.0888   10.3498    4.4890    0.2890    0.0392    0.0600    0.5800    0.0000
  132.0000    0.4650    0.4580    0.0070    1.2761    4.2945    8.1739    4.9601   10.4151    4.4910    0.2890    0.0375    0.0600    0.5800    0.0000
  132.0000    0.4700    0.4580    0.0120    1.2977    4.2450    8.1945    4.7453   10.5248    4.5475    0.2890    0.0178    0.0600    0.5800    0.0000
  132.0000    0.4750    0.4580    0.0170    1.3256    4.2048    8.2113    4.5613   10.6192    4.6061    0.2890    0.0088    0.0600    0.5800    0.0000
  132.0000    0.4800    0.4580    0.0220    1.9250    3.9854    8.1928    3.0885   11.3579    5.1600    0.2890    0.0000    0.0600    0.5800    0.0000
  132.0000    0.4900    0.4580    0.0320    1.8789    3.8791    8.1078    2.7183   11.5473    5.2684    0.2890    0.0000    0.0600    0.5800    0.0000
  132.0000    0.5000    0.4580    0.0420    1.9308    3.6786    8.1038    1.8734   11.9742    5.3095    0.2890    0.0000    0.0600    0.5800    0.0000
  132.0000    0.5100    0.4580    0.0520    2.0280    3.6079    8.1071    1.5021   12.1642    5.4015    0.2890    0.0000    0.0600    0.5800    0.0000
  132.0000    0.5200    0.4580    0.0620    2.0886    3.5839    8.1091    1.3540   12.2425    5.4581    0.2890    0.0000    0.0600    0.5800    0.0000
  132.0000    0.5400    0.4580    0.0820    2.2980    3.5427    8.1044    0.9963   12.4295    5.6314    0.2890    0.0000    0.0600    0.5800    0.0000
  132.0000    0.5600    0.4580    0.1020    2.4798    3.5132    8.0928    0.7120   12.5795    5.7560    0.2890    0.0000    0.0600    0.5800    0.0000
  132.0000    0.6000    0.4580    0.1420    2.6498    3.4867    8.0833    0.4656   12.7177    5.8394    0.2890    0.0000    0.0600    0.5800    0.0000
#   age       Mtot      Mc        Menv      logL      logT      logTc     logg      logR      logrhoc   Y         Yc        Z         FeH       OFe       
  133.0000    0.4610    0.4580    0.0030    1.2625    4.3627    8.1668    5.2427   10.2719    4.4760    0.2890    0.0474    0.0600    0.5800    0.0000
  133.0000    0.4630    0.4580    0.0050    1.2739    4.3288    8.1764    5.0977   10.3453    4.5000    0.2890    0.0343    0.0600    0.5800    0.0000
  133.0000    0.4650    0.4580    0.0070    1.2785    4.2974    8.1777    4.9691   10.4106    4.5016    0.2890    0.0328    0.0600    0.5800    0.0000
  133.0000    0.4700    0.4580    0.0120    1.3037    4.2528    8.2027    4.7703   10.5123    4.5761    0.2890    0.0123    0.0600    0.5800    0.0000
  133.0000    0.4750    0.4580    0.0170    1.3616    4.2283    8.2341    4.6190   10.5903    4.7029    0.2890    0.0031    0.0600    0.5800    0.0000
  133.0000    0.4800    0.4580    0.0220    1.7834    4.0895    8.1484    3.6470   11.0786    5.2041    0.2890    0.0000    0.0600    0.5800    0.0000
  133.0000    0.4900    0.4580    0.0320    1.8836    3.8905    8.1013    2.7592   11.5269    5.2845    0.2890    0.0000    0.0600    0.5800    0.0000
  133.0000    0.5000    0.4580    0.0420    1.9456    3.6747    8.1038    1.8430   11.9894    5.3269    0.2890    0.0000    0.0600    0.5800    0.0000
  133.0000    0.5100    0.4580    0.0520    2.0451    3.6050    8.1075    1.4736   12.1785    5.4210    0.2890    0.0000    0.0600    0.5800    0.0000
  133.0000    0.5200    0.4580    0.0620    2.1228    3.5781    8.1081    1.2964   12.2712    5.4906    0.2890    0.0000    0.0600    0.5800    0.0000
  133.0000    0.5400    0.4580    0.0820    2.3771    3.5321    8.0984    0.8743   12.4905    5.6915    0.2890    0.0000    0.0600    0.5800    0.0000
  133.0000    0.5600    0.4580    0.1020    2.6546    3.4905    8.0766    0.4461   12.7125    5.8454    0.2890    0.0000    0.0600    0.5800    0.0000
  133.0000    0.6000    0.4580    0.1420    2.9074    3.4442    8.0545    0.0385   12.9313    5.9484    0.2890    0.0000    0.0600    0.5800    0.0000
#   age       Mtot      Mc        Menv      logL      logT      logTc     logg      logR      logrhoc   Y         Yc        Z         FeH       OFe       
  134.0000    0.4610    0.4580    0.0030    1.2655    4.3650    8.1703    5.2492   10.2687    4.4851    0.2890    0.0420    0.0600    0.5800    0.0000
  134.0000    0.4630    0.4580    0.0050    1.2766    4.3319    8.1805    5.1072   10.3406    4.5115    0.2890    0.0294    0.0600    0.5800    0.0000
  134.0000    0.4650    0.4580    0.0070    1.2811    4.3008    8.1821    4.9803   10.4050    4.5141    0.2890    0.0280    0.0600    0.5800    0.0000
  134.0000    0.4700    0.4580    0.0120    1.3194    4.2703    8.2194    4.8248   10.4851    4.6444    0.2890    0.0067    0.0600    0.5800    0.0000
  134.0000    0.4750    0.4580    0.0170    1.7764    4.1976    8.2437    4.0814   10.8591    5.0440    0.2890    0.0000    0.0600    0.5800    0.0000
  134.0000    0.4800    0.4580    0.0220    1.7908    4.0931    8.1418    3.6537   11.0752    5.2185    0.2890    0.0000    0.0600    0.5800    0.0000
  134.0000    0.4900    0.4580    0.0320    1.8967    3.8924    8.1014    2.7540   11.5295    5.3000    0.2890    0.0000    0.0600    0.5800    0.0000
  134.0000    0.5000    0.4580    0.0420    1.9605    3.6708    8.1039    1.8127   12.0046    5.3442    0.2890    0.0000    0.0600    0.5800    0.0000
  134.0000    0.5100    0.4580    0.0520    2.0709    3.6006    8.1071    1.4301   12.2002    5.4468    0.2890    0.0000    0.0600    0.5800    0.0000
  134.0000    0.5200    0.4580    0.0620    2.1570    3.5722    8.1071    1.2388   12.3000    5.5230    0.2890    0.0000    0.0600    0.5800    0.0000
  134.0000    0.5400    0.4580    0.0820    2.4879    3.5177    8.0886    0.7061   12.5747    5.7641    0.2890    0.0000    0.0600    0.5800    0.0000
  134.0000    0.5600    0.4580    0.1020    2.9135    3.4486    8.0478    0.0201   12.9254    5.9470    0.2890    0.0000    0.0600    0.5800    0.0000
  134.0000    0.6000    0.4580    0.1420    3.1615    3.4055    8.0117   -0.3703   13.1356    6.0641    0.2890    0.0000    0.0600    0.5800    0.0000
#   age       Mtot      Mc        Menv      logL      logT      logTc     logg      logR      logrhoc   Y         Yc        Z         FeH       OFe       
  135.0000    0.4610    0.4580    0.0030    1.2680    4.3676    8.1740    5.2570   10.2648    4.4952    0.2890    0.0370    0.0600    0.5800    0.0000
  135.0000    0.4630    0.4580    0.0050    1.2789    4.3359    8.1856    5.1211   10.3337    4.5263    0.2890    0.0245    0.0600    0.5800    0.0000
  135.0000    0.4650    0.4580    0.0070    1.2839    4.3050    8.1873    4.9944   10.3980    4.5293    0.2890    0.0231    0.0600    0.5800    0.0000
  135.0000    0.4700    0.4580    0.0120    1.3419    4.2947    8.2420    4.8998   10.4477    4.7405    0.2890    0.0011    0.0600    0.5800    0.0000
  135.0000    0.4750    0.4580    0.0170    1.7675    4.2043    8.1822    4.1173   10.8411    5.1688    0.2890    0.0000    0.0600    0.5800    0.0000
  135.0000    0.4800    0.4580    0.0220    1.7981    4.0966    8.1352    3.6604   11.0719    5.2330    0.2890    0.0000    0.0600    0.5800    0.0000
  135.0000    0.4900    0.4580    0.0320    1.9097    3.8944    8.1015    2.7488   11.5321    5.3155    0.2890    0.0000    0.0600    0.5800    0.0000
  135.0000    0.5000    0.4580    0.0420    1.9754    3.6670    8.1040    1.7823   12.0198    5.3615    0.2890    0.0000    0.0600    0.5800    0.0000
  135.0000    0.5100    0.4580    0.0520    2.1011    3.5954    8.1064    1.3792   12.2256    5.4756    0.2890    0.0000    0.0600    0.5800    0.0000
  135.0000    0.5200    0.4580    0.0620    2.2002    3.5656    8.1050    1.1690   12.3349    5.5612    0.2890    0.0000    0.0600    0.5800    0.0000
  135.0000    0.5400    0.4580    0.0820    2.6696    3.4938    8.0716    0.4292   12.7130    5.8528    0.2890    0.0000    0.0600    0.5800    0.0000
  135.0000    0.5600    0.4580    0.1020    3.1381    3.4236    8.0090   -0.3046   13.0879    6.0558    0.2890    0.0000    0.0600    0.5800    0.0000
#   age       Mtot      Mc        Menv      logL      logT      logTc     logg      logR      logrhoc   Y         Yc        Z         FeH       OFe       
  136.0000    0.4610    0.4580    0.0030    1.2703    4.3704    8.1777    5.2657   10.2605    4.5059    0.2890    0.0322    0.0600    0.5800    0.0000
  136.0000    0.4630    0.4580    0.0050    1.2815    4.3400    8.1908    5.1354   10.3265    4.5419    0.2890    0.0197    0.0600    0.5800    0.0000
  136.0000    0.4650    0.4580    0.0070    1.2878    4.3104    8.1936    5.0123   10.3890    4.5497    0.2890    0.0180    0.0600    0.5800    0.0000
  136.0000    0.4700    0.4580    0.0120    1.5698    4.3437    8.2224    4.8682   10.4634    5.1103    0.2890    0.0000    0.0600    0.5800    0.0000
  136.0000    0.4750    0.4580    0.0170    1.7520    4.2082    8.1620    4.1483   10.8256    5.1917    0.2890    0.0000    0.0600    0.5800    0.0000
  136.0000    0.4800    0.4580    0.0220    1.8055    4.1001    8.1285    3.6671   11.0685    5.2475    0.2890    0.0000    0.0600    0.5800    0.0000
  136.0000    0.4900    0.4580    0.0320    1.9228    3.8964    8.1016    2.7436   11.5347    5.3310    0.2890    0.0000    0.0600    0.5800    0.0000
  136.0000    0.5000    0.4580    0.0420    1.9902    3.6631    8.1041    1.7519   12.0350    5.3789    0.2890    0.0000    0.0600    0.5800    0.0000
  136.0000    0.5100    0.4580    0.0520    2.1312    3.5902    8.1057    1.3282   12.2511    5.5045    0.2890    0.0000    0.0600    0.5800    0.0000
  136.0000    0.5200    0.4580    0.0620    2.2532    3.5580    8.1017    1.0857   12.3766    5.6055    0.2890    0.0000    0.0600    0.5800    0.0000
  136.0000    0.5400    0.4580    0.0820    2.9158    3.4594    8.0432    0.0449   12.9052    5.9526    0.2890    0.0000    0.0600    0.5800    0.0000
#   age       Mtot      Mc        Menv      logL      logT      logTc     logg      logR      logrhoc   Y         Yc        Z         FeH       OFe       
  137.0000    0.4610    0.4580    0.0030    1.2728    4.3738    8.1822    5.2768   10.2549    4.5189    0.2890    0.0274    0.0600    0.5800    0.0000
  137.0000    0.4630    0.4580    0.0050    1.2871    4.3464    8.1981    5.1552   10.3167    4.5669    0.2890    0.0148    0.0600    0.5800    0.0000
  137.0000    0.4650    0.4580    0.0070    1.2937    4.3181    8.2020    5.0370   10.3767    4.5795    0.2890    0.0123    0.0600    0.5800    0.0000
  137.0000    0.4700    0.4580    0.0120    1.5737    4.3288    8.1775    4.8043   10.4953    5.1705    0.2890    0.0000    0.0600    0.5800    0.0000
  137.0000    0.4750    0.4580    0.0170    1.7449    4.2093    8.1432    4.1597   10.8200    5.2129    0.2890    0.0000    0.0600    0.5800    0.0000
  137.0000    0.4800    0.4580    0.0220    1.8129    4.1036    8.1219    3.6738   11.0651    5.2620    0.2890    0.0000    0.0600    0.5800    0.0000
  137.0000    0.4900    0.4580    0.0320    1.9358    3.8984    8.1016    2.7384   11.5373    5.3466    0.2890    0.0000    0.0600    0.5800    0.0000
  137.0000    0.5000    0.4580    0.0420    2.0051    3.6592    8.1041    1.7216   12.0502    5.3962    0.2890    0.0000    0.0600    0.5800    0.0000
  137.0000    0.5100    0.4580    0.0520    2.1681    3.5840    8.1043    1.2664   12.2820    5.5378    0.2890    0.0000    0.0600    0.5800    0.0000
  137.0000    0.5200    0.4580    0.0620    2.3202    3.5490    8.0969    0.9825   12.4281    5.6576    0.2890    0.0000    0.0600    0.5800    0.0000
  137.0000    0.5400    0.4580    0.0820    3.1363    3.4400    8.0049   -0.2532   13.0542    6.0561    0.2890    0.0000    0.0600    0.5800    0.0000
#   age       Mtot      Mc        Menv      logL      logT      logTc     logg      logR      logrhoc   Y         Yc        Z         FeH       OFe       
  138.0000    0.4610    0.4580    0.0030    1.2755    4.3777    8.1873    5.2899   10.2484    4.5339    0.2890    0.0226    0.0600    0.5800    0.0000
  138.0000    0.4630    0.4580    0.0050    1.2931    4.3532    8.2058    5.1764   10.3061    4.5938    0.2890    0.0099    0.0600    0.5800    0.0000
  138.0000    0.4650    0.4580    0.0070    1.3073    4.3351    8.2186    5.0916   10.3494    4.6478    0.2890    0.0068    0.0600    0.5800    0.0000
  138.0000    0.4700    0.4580    0.0120    1.6032    4.3123    8.1458    4.7090   10.5430    5.2044    0.2890    0.0000    0.0600    0.5800    0.0000
  138.0000    0.4750    0.4580    0.0170    1.7378    4.2103    8.1243    4.1710   10.8143    5.2341    0.2890    0.0000    0.0600    0.5800    0.0000
  138.0000    0.4800    0.4580    0.0220    1.8202    4.1072    8.1153    3.6805   11.0618    5.2765    0.2890    0.0000    0.0600    0.5800    0.0000
  138.0000    0.4900    0.4580    0.0320    1.9489    3.9003    8.1017    2.7332   11.5399    5.3621    0.2890    0.0000    0.0600    0.5800    0.0000
  138.0000    0.5000    0.4580    0.0420    2.0231    3.6537    8.1041    1.6817   12.0701    5.4158    0.2890    0.0000    0.0600    0.5800    0.0000
  138.0000    0.5100    0.4580    0.0520    2.2153    3.5763    8.1019    1.1880   12.3212    5.5779    0.2890    0.0000    0.0600    0.5800    0.0000
  138.0000    0.5200    0.4580    0.0620    2.4076    3.5372    8.0900    0.8479   12.4955    5.7183    0.2890    0.0000    0.0600    0.5800    0.0000
#   age       Mtot      Mc        Menv      logL      logT      logTc     logg      logR      logrhoc   Y         Yc        Z         FeH       OFe       
  139.0000    0.4610    0.4580    0.0030    1.2795    4.3828    8.1935    5.3062   10.2403    4.5539    0.2890    0.0177    0.0600    0.5800    0.0000
  139.0000    0.4630    0.4580    0.0050    1.3125    4.3764    8.2281    5.2495   10.2695    4.6891    0.2890    0.0045    0.0600    0.5800    0.0000
  139.0000    0.4650    0.4580    0.0070    1.3260    4.3583    8.2406    5.1658   10.3124    4.7415    0.2890    0.0014    0.0600    0.5800    0.0000
  139.0000    0.4700    0.4580    0.0120    1.6326    4.2958    8.1140    4.6136   10.5907    5.2382    0.2890    0.0000    0.0600    0.5800    0.0000
  139.0000    0.4750    0.4580    0.0170    1.7307    4.2113    8.1055    4.1824   10.8086    5.2554    0.2890    0.0000    0.0600    0.5800    0.0000
  139.0000    0.4800    0.4580    0.0220    1.8276    4.1107    8.1086    3.6872   11.0584    5.2910    0.2890    0.0000    0.0600    0.5800    0.0000
  139.0000    0.4900    0.4580    0.0320    1.9619    3.9023    8.1018    2.7281   11.5425    5.3776    0.2890    0.0000    0.0600    0.5800    0.0000
  139.0000    0.5000    0.4580    0.0420    2.0494    3.6440    8.1035    1.6167   12.1026    5.4412    0.2890    0.0000    0.0600    0.5800    0.0000
  139.0000    0.5100    0.4580    0.0520    2.2695    3.5673    8.0986    1.0979   12.3663    5.6217    0.2890    0.0000    0.0600    0.5800    0.0000
  139.0000    0.5200    0.4580    0.0620    2.5381    3.5197    8.0786    0.6475   12.5957    5.7922    0.2890    0.0000    0.0600    0.5800    0.0000
#   age       Mtot      Mc        Menv      logL      logT      logTc     logg      logR      logrhoc   Y         Yc        Z         FeH       OFe       
  140.0000    0.4610    0.4580    0.0030    1.2851    4.3893    8.2011    5.3266   10.2300    4.5802    0.2890    0.0126    0.0600    0.5800    0.0000
  140.0000    0.4630    0.4580    0.0050    1.3627    4.4192    8.2467    5.3705   10.2090    4.9021    0.2890    0.0000    0.0600    0.5800    0.0000
  140.0000    0.4650    0.4580    0.0070    1.3862    4.4252    8.2270    5.3731   10.2086    5.1104    0.2890    0.0000    0.0600    0.5800    0.0000
  140.0000    0.4700    0.4580    0.0120    1.6476    4.2951    8.1099    4.5956   10.5997    5.2520    0.2890    0.0000    0.0600    0.5800    0.0000
  140.0000    0.4750    0.4580    0.0170    1.7337    4.2123    8.0956    4.1831   10.8083    5.2726    0.2890    0.0000    0.0600    0.5800    0.0000
  140.0000    0.4800    0.4580    0.0220    1.8350    4.1142    8.1020    3.6939   11.0551    5.3055    0.2890    0.0000    0.0600    0.5800    0.0000
  140.0000    0.4900    0.4580    0.0320    1.9750    3.9043    8.1019    2.7229   11.5451    5.3931    0.2890    0.0000    0.0600    0.5800    0.0000
  140.0000    0.5000    0.4580    0.0420    2.0756    3.6343    8.1030    1.5517   12.1351    5.4667    0.2890    0.0000    0.0600    0.5800    0.0000
  140.0000    0.5100    0.4580    0.0520    2.3393    3.5555    8.0935    0.9816   12.4245    5.6737    0.2890    0.0000    0.0600    0.5800    0.0000
  140.0000    0.5200    0.4580    0.0620    2.7269    3.4961    8.0594    0.3645   12.7372    5.8794    0.2890    0.0000    0.0600    0.5800    0.0000
#   age       Mtot      Mc        Menv      logL      logT      logTc     logg      logR      logrhoc   Y         Yc        Z         FeH       OFe       
  141.0000    0.4610    0.4580    0.0030    1.2967    4.4035    8.2156    5.3718   10.2074    4.6394    0.2890    0.0073    0.0600    0.5800    0.0000
  141.0000    0.4630    0.4580    0.0050    1.4232    4.4469    8.1975    5.4206   10.1838    5.1547    0.2890    0.0000    0.0600    0.5800    0.0000
  141.0000    0.4650    0.4580    0.0070    1.5043    4.4009    8.1695    5.1578   10.3163    5.1810    0.2890    0.0000    0.0600    0.5800    0.0000
  141.0000    0.4700    0.4580    0.0120    1.6616    4.2954    8.1077    4.5828   10.6061    5.2643    0.2890    0.0000    0.0600    0.5800    0.0000
  141.0000    0.4750    0.4580    0.0170    1.7481    4.2130    8.0959    4.1717   10.8139    5.2851    0.2890    0.0000    0.0600    0.5800    0.0000
  141.0000    0.4800    0.4580    0.0220    1.8452    4.1169    8.0975    3.6946   11.0547    5.3203    0.2890    0.0000    0.0600    0.5800    0.0000
  141.0000    0.4900    0.4580    0.0320    1.9977    3.8954    8.1014    2.6648   11.5741    5.4147    0.2890    0.0000    0.0600    0.5800    0.0000
  141.0000    0.5000    0.4580    0.0420    2.1019    3.6246    8.1025    1.4867   12.1676    5.4922    0.2890    0.0000    0.0600    0.5800    0.0000
  141.0000    0.5100    0.4580    0.0520    2.4372    3.5422    8.0853    0.8301   12.5002    5.7364    0.2890    0.0000    0.0600    0.5800    0.0000
  141.0000    0.5200    0.4580    0.0620    2.9689    3.4654    8.0284   -0.0006   12.9198    5.9736    0.2890    0.0000    0.0600    0.5800    0.0000
#   age       Mtot      Mc        Menv      logL      logT      logTc     logg      logR      logrhoc   Y         Yc        Z         FeH       OFe       
  142.0000    0.4610    0.4580    0.0030    1.3146    4.4257    8.2374    5.4426   10.1721    4.7325    0.2890    0.0020    0.0600    0.5800    0.0000
  142.0000    0.4630    0.4580    0.0050    1.5303    4.4343    8.1582    5.2632   10.2627    5.1985    0.2890    0.0000    0.0600    0.5800    0.0000
  142.0000    0.4650    0.4580    0.0070    1.5503    4.3942    8.1483    5.0849   10.3527    5.2061    0.2890    0.0000    0.0600    0.5800    0.0000
  142.0000    0.4700    0.4580    0.0120    1.6756    4.2957    8.1054    4.5700   10.6125    5.2767    0.2890    0.0000    0.0600    0.5800    0.0000
  142.0000    0.4750    0.4580    0.0170    1.7626    4.2138    8.0962    4.1604   10.8196    5.2977    0.2890    0.0000    0.0600    0.5800    0.0000
  142.0000    0.4800    0.4580    0.0220    1.8612    4.1179    8.0976    3.6825   11.0608    5.3359    0.2890    0.0000    0.0600    0.5800    0.0000
  142.0000    0.4900    0.4580    0.0320    2.0212    3.8857    8.1008    2.6027   11.6052    5.4367    0.2890    0.0000    0.0600    0.5800    0.0000
  142.0000    0.5000    0.4580    0.0420    2.1390    3.6136    8.1004    1.4054   12.2082    5.5251    0.2890    0.0000    0.0600    0.5800    0.0000
  142.0000    0.5100    0.4580    0.0520    2.5859    3.5214    8.0721    0.5983   12.6161    5.8112    0.2890    0.0000    0.0600    0.5800    0.0000
  142.0000    0.5200    0.4580    0.0620    3.1737    3.4885    7.9927   -0.1127   12.9758    6.0750    0.2890    0.0000    0.0600    0.5800    0.0000
#   age       Mtot      Mc        Menv      logL      logT      logTc     logg      logR      logrhoc   Y         Yc        Z         FeH       OFe       
  143.0000    0.4610    0.4580    0.0030    1.3514    4.4894    8.2329    5.6609   10.0628    5.0848    0.2890    0.0000    0.0600    0.5800    0.0000
  143.0000    0.4630    0.4580    0.0050    1.5642    4.4308    8.1357    5.2156   10.2865    5.2213    0.2890    0.0000    0.0600    0.5800    0.0000
  143.0000    0.4650    0.4580    0.0070    1.5704    4.3926    8.1349    5.0585   10.3659    5.2229    0.2890    0.0000    0.0600    0.5800    0.0000
  143.0000    0.4700    0.4580    0.0120    1.6896    4.2960    8.1032    4.5573   10.6188    5.2891    0.2890    0.0000    0.0600    0.5800    0.0000
  143.0000    0.4750    0.4580    0.0170    1.7771    4.2146    8.0965    4.1491   10.8253    5.3103    0.2890    0.0000    0.0600    0.5800    0.0000
  143.0000    0.4800    0.4580    0.0220    1.8773    4.1189    8.0977    3.6704   11.0669    5.3514    0.2890    0.0000    0.0600    0.5800    0.0000
  143.0000    0.4900    0.4580    0.0320    2.0446    3.8760    8.1003    2.5406   11.6362    5.4588    0.2890    0.0000    0.0600    0.5800    0.0000
  143.0000    0.5000    0.4580    0.0420    2.1794    3.6022    8.0979    1.3193   12.2513    5.5603    0.2890    0.0000    0.0600    0.5800    0.0000
  143.0000    0.5100    0.4580    0.0520    2.7926    3.4984    8.0507    0.2996   12.7655    5.8973    0.2890    0.0000    0.0600    0.5800    0.0000
#   age       Mtot      Mc        Menv      logL      logT      logTc     logg      logR      logrhoc   Y         Yc        Z         FeH       OFe       
  144.0000    0.4610    0.4580    0.0030    1.4786    4.4829    8.1749    5.5075   10.1395    5.1791    0.2890    0.0000    0.0600    0.5800    0.0000
  144.0000    0.4630    0.4580    0.0050    1.5981    4.4274    8.1132    5.1680   10.3103    5.2441    0.2890    0.0000    0.0600    0.5800    0.0000
  144.0000    0.4650    0.4580    0.0070    1.5904    4.3911    8.1215    5.0322   10.3791    5.2398    0.2890    0.0000    0.0600    0.5800    0.0000
  144.0000    0.4700    0.4580    0.0120    1.7036    4.2963    8.1009    4.5445   10.6252    5.3014    0.2890    0.0000    0.0600    0.5800    0.0000
  144.0000    0.4750    0.4580    0.0170    1.7915    4.2154    8.0968    4.1377   10.8309    5.3228    0.2890    0.0000    0.0600    0.5800    0.0000
  144.0000    0.4800    0.4580    0.0220    1.8934    4.1199    8.0978    3.6583   11.0729    5.3670    0.2890    0.0000    0.0600    0.5800    0.0000
  144.0000    0.4900    0.4580    0.0320    2.0681    3.8663    8.0997    2.4782   11.6674    5.4808    0.2890    0.0000    0.0600    0.5800    0.0000
  144.0000    0.5000    0.4580    0.0420    2.2273    3.5910    8.0948    1.2265   12.2976    5.5997    0.2890    0.0000    0.0600    0.5800    0.0000
  144.0000    0.5100    0.4580    0.0520    2.9988    3.4964    8.0199    0.0849   12.8728    5.9919    0.2890    0.0000    0.0600    0.5800    0.0000
#   age       Mtot      Mc        Menv      logL      logT      logTc     logg      logR      logrhoc   Y         Yc        Z         FeH       OFe       
  145.0000    0.4610    0.4580    0.0030    1.5364    4.4800    8.1498    5.4380   10.1743    5.2073    0.2890    0.0000    0.0600    0.5800    0.0000
  145.0000    0.4630    0.4580    0.0050    1.6219    4.4264    8.1006    5.1403   10.3241    5.2619    0.2890    0.0000    0.0600    0.5800    0.0000
  145.0000    0.4650    0.4580    0.0070    1.6105    4.3895    8.1081    5.0058   10.3923    5.2566    0.2890    0.0000    0.0600    0.5800    0.0000
  145.0000    0.4700    0.4580    0.0120    1.7177    4.2965    8.0987    4.5318   10.6316    5.3138    0.2890    0.0000    0.0600    0.5800    0.0000
  145.0000    0.4750    0.4580    0.0170    1.8060    4.2162    8.0971    4.1264   10.8366    5.3354    0.2890    0.0000    0.0600    0.5800    0.0000
  145.0000    0.4800    0.4580    0.0220    1.9095    4.1209    8.0979    3.6462   11.0790    5.3826    0.2890    0.0000    0.0600    0.5800    0.0000
  145.0000    0.4900    0.4580    0.0320    2.1030    3.8418    8.0981    2.3452   11.7339    5.5104    0.2890    0.0000    0.0600    0.5800    0.0000
  145.0000    0.5000    0.4580    0.0420    2.2870    3.5801    8.0911    1.1234   12.3492    5.6456    0.2890    0.0000    0.0600    0.5800    0.0000
  145.0000    0.5100    0.4580    0.0520    2.1341    5.0004    7.9945    6.9661    9.4322    6.1101    0.2890    0.0000    0.0600    0.5800    0.0000
#   age       Mtot      Mc        Menv      logL      logT      logTc     logg      logR      logrhoc   Y         Yc        Z         FeH       OFe       
  146.0000    0.4610    0.4580    0.0030    1.5599    4.4800    8.1336    5.4143   10.1861    5.2256    0.2890    0.0000    0.0600    0.5800    0.0000
  146.0000    0.4630    0.4580    0.0050    1.6340    4.4283    8.0998    5.1360   10.3262    5.2738    0.2890    0.0000    0.0600    0.5800    0.0000
  146.0000    0.4650    0.4580    0.0070    1.6306    4.3879    8.0947    4.9794   10.4055    5.2734    0.2890    0.0000    0.0600    0.5800    0.0000
  146.0000    0.4700    0.4580    0.0120    1.7317    4.2968    8.0964    4.5190   10.6380    5.3262    0.2890    0.0000    0.0600    0.5800    0.0000
  146.0000    0.4750    0.4580    0.0170    1.8205    4.2170    8.0974    4.1150   10.8423    5.3480    0.2890    0.0000    0.0600    0.5800    0.0000
  146.0000    0.4800    0.4580    0.0220    1.9256    4.1218    8.0980    3.6340   11.0850    5.3981    0.2890    0.0000    0.0600    0.5800    0.0000
  146.0000    0.4900    0.4580    0.0320    2.1379    3.8173    8.0965    2.2121   11.8005    5.5401    0.2890    0.0000    0.0600    0.5800    0.0000
  146.0000    0.5000    0.4580    0.0420    2.3677    3.5655    8.0849    0.9844   12.4187    5.7001    0.2890    0.0000    0.0600    0.5800    0.0000
#   age       Mtot      Mc        Menv      logL      logT      logTc     logg      logR      logrhoc   Y         Yc        Z         FeH       OFe       
  147.0000    0.4610    0.4580    0.0030    1.5835    4.4799    8.1173    5.3907   10.1979    5.2439    0.2890    0.0000    0.0600    0.5800    0.0000
  147.0000    0.4630    0.4580    0.0050    1.6460    4.4303    8.0989    5.1318   10.3284    5.2857    0.2890    0.0000    0.0600    0.5800    0.0000
  147.0000    0.4650    0.4580    0.0070    1.6454    4.3887    8.0929    4.9676   10.4114    5.2864    0.2890    0.0000    0.0600    0.5800    0.0000
  147.0000    0.4700    0.4580    0.0120    1.7505    4.2964    8.0956    4.4984   10.6483    5.3407    0.2890    0.0000    0.0600    0.5800    0.0000
  147.0000    0.4750    0.4580    0.0170    1.8383    4.2171    8.0973    4.0977   10.8510    5.3631    0.2890    0.0000    0.0600    0.5800    0.0000
  147.0000    0.4800    0.4580    0.0220    1.9429    4.1224    8.0980    3.6188   11.0927    5.4145    0.2890    0.0000    0.0600    0.5800    0.0000
  147.0000    0.4900    0.4580    0.0320    2.1813    3.7795    8.0941    2.0173   11.8979    5.5748    0.2890    0.0000    0.0600    0.5800    0.0000
  147.0000    0.5000    0.4580    0.0420    2.4770    3.5475    8.0752    0.8030   12.5095    5.7633    0.2890    0.0000    0.0600    0.5800    0.0000
#   age       Mtot      Mc        Menv      logL      logT      logTc     logg      logR      logrhoc   Y         Yc        Z         FeH       OFe       
  148.0000    0.4610    0.4580    0.0030    1.6071    4.4799    8.1011    5.3671   10.2097    5.2622    0.2890    0.0000    0.0600    0.5800    0.0000
  148.0000    0.4630    0.4580    0.0050    1.6580    4.4322    8.0981    5.1275   10.3305    5.2976    0.2890    0.0000    0.0600    0.5800    0.0000
  148.0000    0.4650    0.4580    0.0070    1.6594    4.3898    8.0932    4.9581   10.4161    5.2987    0.2890    0.0000    0.0600    0.5800    0.0000
  148.0000    0.4700    0.4580    0.0120    1.7705    4.2958    8.0951    4.4760   10.6595    5.3557    0.2890    0.0000    0.0600    0.5800    0.0000
  148.0000    0.4750    0.4580    0.0170    1.8587    4.2168    8.0969    4.0760   10.8618    5.3802    0.2890    0.0000    0.0600    0.5800    0.0000
  148.0000    0.4800    0.4580    0.0220    1.9686    4.1197    8.0971    3.5824   11.1108    5.4364    0.2890    0.0000    0.0600    0.5800    0.0000
  148.0000    0.4900    0.4580    0.0320    2.2311    3.7323    8.0909    1.7789   12.0171    5.6132    0.2890    0.0000    0.0600    0.5800    0.0000
  148.0000    0.5000    0.4580    0.0420    2.6325    3.5289    8.0601    0.5728   12.6246    5.8383    0.2890    0.0000    0.0600    0.5800    0.0000
#   age       Mtot      Mc        Menv      logL      logT      logTc     logg      logR      logrhoc   Y         Yc        Z         FeH       OFe       
  149.0000    0.4610    0.4580    0.0030    1.6253    4.4811    8.0930    5.3538   10.2164    5.2773    0.2890    0.0000    0.0600    0.5800    0.0000
  149.0000    0.4630    0.4580    0.0050    1.6701    4.4342    8.0972    5.1232   10.3326    5.3095    0.2890    0.0000    0.0600    0.5800    0.0000
  149.0000    0.4650    0.4580    0.0070    1.6734    4.3909    8.0935    4.9487   10.4209    5.3110    0.2890    0.0000    0.0600    0.5800    0.0000
  149.0000    0.4700    0.4580    0.0120    1.7905    4.2952    8.0947    4.4536   10.6707    5.3707    0.2890    0.0000    0.0600    0.5800    0.0000
  149.0000    0.4750    0.4580    0.0170    1.8791    4.2165    8.0965    4.0542   10.8727    5.3972    0.2890    0.0000    0.0600    0.5800    0.0000
  149.0000    0.4800    0.4580    0.0220    1.9944    4.1170    8.0962    3.5461   11.1290    5.4582    0.2890    0.0000    0.0600    0.5800    0.0000
  149.0000    0.4900    0.4580    0.0320    2.2941    3.6691    8.0860    1.4632   12.1750    5.6578    0.2890    0.0000    0.0600    0.5800    0.0000
  149.0000    0.5000    0.4580    0.0420    2.8318    3.5144    8.0377    0.3154   12.7532    5.9240    0.2890    0.0000    0.0600    0.5800    0.0000
#   age       Mtot      Mc        Menv      logL      logT      logTc     logg      logR      logrhoc   Y         Yc        Z         FeH       OFe       
  150.0000    0.4610    0.4580    0.0030    1.6382    4.4836    8.0931    5.3507   10.2179    5.2891    0.2890    0.0000    0.0600    0.5800    0.0000
  150.0000    0.4630    0.4580    0.0050    1.6821    4.4361    8.0964    5.1189   10.3348    5.3214    0.2890    0.0000    0.0600    0.5800    0.0000
  150.0000    0.4650    0.4580    0.0070    1.6874    4.3921    8.0938    4.9393   10.4256    5.3234    0.2890    0.0000    0.0600    0.5800    0.0000
  150.0000    0.4700    0.4580    0.0120    1.8104    4.2946    8.0942    4.4312   10.6819    5.3857    0.2890    0.0000    0.0600    0.5800    0.0000
  150.0000    0.4750    0.4580    0.0170    1.8995    4.2161    8.0961    4.0325   10.8836    5.4143    0.2890    0.0000    0.0600    0.5800    0.0000
  150.0000    0.4800    0.4580    0.0220    2.0201    4.1144    8.0953    3.5097   11.1472    5.4800    0.2890    0.0000    0.0600    0.5800    0.0000
  150.0000    0.4900    0.4580    0.0320    2.3773    3.6157    8.0789    1.1667   12.3231    5.7099    0.2890    0.0000    0.0600    0.5800    0.0000
  150.0000    0.5000    0.4580    0.0420    3.0470    4.1664    8.0063    2.7085   11.5567    6.0140    0.2890    0.0000    0.0600    0.5800    0.0000
#   age       Mtot      Mc        Menv      logL      logT      logTc     logg      logR      logrhoc   Y         Yc        Z         FeH       OFe       
  151.0000    0.4610    0.4580    0.0030    1.6511    4.4861    8.0932    5.3477   10.2194    5.3010    0.2890    0.0000    0.0600    0.5800    0.0000
  151.0000    0.4630    0.4580    0.0050    1.6941    4.4380    8.0956    5.1146   10.3369    5.3333    0.2890    0.0000    0.0600    0.5800    0.0000
  151.0000    0.4650    0.4580    0.0070    1.7014    4.3932    8.0941    4.9299   10.4303    5.3357    0.2890    0.0000    0.0600    0.5800    0.0000
  151.0000    0.4700    0.4580    0.0120    1.8304    4.2940    8.0937    4.4088   10.6932    5.4007    0.2890    0.0000    0.0600    0.5800    0.0000
  151.0000    0.4750    0.4580    0.0170    1.9199    4.2158    8.0957    4.0107   10.8944    5.4313    0.2890    0.0000    0.0600    0.5800    0.0000
  151.0000    0.4800    0.4580    0.0220    2.0490    4.1106    8.0940    3.4657   11.1692    5.5038    0.2890    0.0000    0.0600    0.5800    0.0000
  151.0000    0.4900    0.4580    0.0320    2.4938    3.5851    8.0682    0.9274   12.4427    5.7715    0.2890    0.0000    0.0600    0.5800    0.0000
#   age       Mtot      Mc        Menv      logL      logT      logTc     logg      logR      logrhoc   Y         Yc        Z         FeH       OFe       
  152.0000    0.4610    0.4580    0.0030    1.6641    4.4886    8.0932    5.3447   10.2209    5.3128    0.2890    0.0000    0.0600    0.5800    0.0000
  152.0000    0.4630    0.4580    0.0050    1.7061    4.4400    8.0947    5.1103   10.3390    5.3452    0.2890    0.0000    0.0600    0.5800    0.0000
  152.0000    0.4650    0.4580    0.0070    1.7154    4.3944    8.0943    4.9205   10.4350    5.3480    0.2890    0.0000    0.0600    0.5800    0.0000
  152.0000    0.4700    0.4580    0.0120    1.8547    4.2937    8.0929    4.3830   10.7060    5.4191    0.2890    0.0000    0.0600    0.5800    0.0000
  152.0000    0.4750    0.4580    0.0170    1.9461    4.2147    8.0947    3.9801   10.9097    5.4521    0.2890    0.0000    0.0600    0.5800    0.0000
  152.0000    0.4800    0.4580    0.0220    2.0870    4.1038    8.0917    3.4003   11.2019    5.5329    0.2890    0.0000    0.0600    0.5800    0.0000
  152.0000    0.4900    0.4580    0.0320    2.6462    3.5743    8.0525    0.7320   12.5406    5.8415    0.2890    0.0000    0.0600    0.5800    0.0000
#   age       Mtot      Mc        Menv      logL      logT      logTc     logg      logR      logrhoc   Y         Yc        Z         FeH       OFe       
  153.0000    0.4610    0.4580    0.0030    1.6770    4.4911    8.0933    5.3417   10.2224    5.3247    0.2890    0.0000    0.0600    0.5800    0.0000
  153.0000    0.4630    0.4580    0.0050    1.7199    4.4420    8.0939    5.1044   10.3420    5.3582    0.2890    0.0000    0.0600    0.5800    0.0000
  153.0000    0.4650    0.4580    0.0070    1.7293    4.3955    8.0946    4.9110   10.4397    5.3603    0.2890    0.0000    0.0600    0.5800    0.0000
  153.0000    0.4700    0.4580    0.0120    1.8801    4.2933    8.0921    4.3564   10.7193    5.4382    0.2890    0.0000    0.0600    0.5800    0.0000
  153.0000    0.4750    0.4580    0.0170    1.9750    4.2132    8.0933    3.9451   10.9272    5.4748    0.2890    0.0000    0.0600    0.5800    0.0000
  153.0000    0.4800    0.4580    0.0220    2.1249    4.0969    8.0894    3.3349   11.2346    5.5620    0.2890    0.0000    0.0600    0.5800    0.0000
  153.0000    0.4900    0.4580    0.0320    2.8276    4.0049    8.0314    2.2728   11.7702    5.9193    0.2890    0.0000    0.0600    0.5800    0.0000
#   age       Mtot      Mc        Menv      logL      logT      logTc     logg      logR      logrhoc   Y         Yc        Z         FeH       OFe       
  154.0000    0.4610    0.4580    0.0030    1.6899    4.4935    8.0934    5.3386   10.2239    5.3365    0.2890    0.0000    0.0600    0.5800    0.0000
  154.0000    0.4630    0.4580    0.0050    1.7384    4.4440    8.0934    5.0942   10.3471    5.3739    0.2890    0.0000    0.0600    0.5800    0.0000
  154.0000    0.4650    0.4580    0.0070    1.7474    4.3966    8.0942    4.8975   10.4465    5.3756    0.2890    0.0000    0.0600    0.5800    0.0000
  154.0000    0.4700    0.4580    0.0120    1.9054    4.2930    8.0912    4.3298   10.7326    5.4574    0.2890    0.0000    0.0600    0.5800    0.0000
  154.0000    0.4750    0.4580    0.0170    2.0040    4.2117    8.0919    3.9101   10.9447    5.4975    0.2890    0.0000    0.0600    0.5800    0.0000
  154.0000    0.4800    0.4580    0.0220    2.1737    4.0882    8.0859    3.2512   11.2765    5.5965    0.2890    0.0000    0.0600    0.5800    0.0000
  154.0000    0.4900    0.4580    0.0320    2.4132    4.8661    8.0092    6.1326    9.8403    6.0162    0.2890    0.0000    0.0600    0.5800    0.0000
#   age       Mtot      Mc        Menv      logL      logT      logTc     logg      logR      logrhoc   Y         Yc        Z         FeH       OFe       
  155.0000    0.4610    0.4580    0.0030    1.7028    4.4960    8.0934    5.3356   10.2255    5.3484    0.2890    0.0000    0.0600    0.5800    0.0000
  155.0000    0.4630    0.4580    0.0050    1.7569    4.4461    8.0928    5.0840   10.3522    5.3896    0.2890    0.0000    0.0600    0.5800    0.0000
  155.0000    0.4650    0.4580    0.0070    1.7670    4.3977    8.0935    4.8823   10.4541    5.3921    0.2890    0.0000    0.0600    0.5800    0.0000
  155.0000    0.4700    0.4580    0.0120    1.9308    4.2927    8.0904    4.3033   10.7458    5.4765    0.2890    0.0000    0.0600    0.5800    0.0000
  155.0000    0.4750    0.4580    0.0170    2.0356    4.2101    8.0902    3.8723   10.9637    5.5217    0.2890    0.0000    0.0600    0.5800    0.0000
  155.0000    0.4800    0.4580    0.0220    2.2278    4.0785    8.0817    3.1584   11.3229    5.6335    0.2890    0.0000    0.0600    0.5800    0.0000
#   age       Mtot      Mc        Menv      logL      logT      logTc     logg      logR      logrhoc   Y         Yc        Z         FeH       OFe       
  156.0000    0.4610    0.4580    0.0030    1.7158    4.4985    8.0935    5.3326   10.2270    5.3602    0.2890    0.0000    0.0600    0.5800    0.0000
  156.0000    0.4630    0.4580    0.0050    1.7754    4.4482    8.0923    5.0738   10.3573    5.4054    0.2890    0.0000    0.0600    0.5800    0.0000
  156.0000    0.4650    0.4580    0.0070    1.7866    4.3989    8.0929    4.8672   10.4616    5.4086    0.2890    0.0000    0.0600    0.5800    0.0000
  156.0000    0.4700    0.4580    0.0120    1.9633    4.2930    8.0883    4.2720   10.7615    5.5007    0.2890    0.0000    0.0600    0.5800    0.0000
  156.0000    0.4750    0.4580    0.0170    2.0763    4.2083    8.0873    3.8244   10.9876    5.5512    0.2890    0.0000    0.0600    0.5800    0.0000
  156.0000    0.4800    0.4580    0.0220    2.3001    4.0719    8.0754    3.0599   11.3721    5.6775    0.2890    0.0000    0.0600    0.5800    0.0000
#   age       Mtot      Mc        Menv      logL      logT      logTc     logg      logR      logrhoc   Y         Yc        Z         FeH       OFe       
  157.0000    0.4610    0.4580    0.0030    1.7339    4.5016    8.0929    5.3269   10.2298    5.3758    0.2890    0.0000    0.0600    0.5800    0.0000
  157.0000    0.4630    0.4580    0.0050    1.7938    4.4502    8.0917    5.0636   10.3624    5.4211    0.2890    0.0000    0.0600    0.5800    0.0000
  157.0000    0.4650    0.4580    0.0070    1.8062    4.4000    8.0922    4.8521   10.4692    5.4251    0.2890    0.0000    0.0600    0.5800    0.0000
  157.0000    0.4700    0.4580    0.0120    1.9969    4.2935    8.0860    4.2399   10.7775    5.5256    0.2890    0.0000    0.0600    0.5800    0.0000
  157.0000    0.4750    0.4580    0.0170    2.1170    4.2065    8.0845    3.7765   11.0115    5.5807    0.2890    0.0000    0.0600    0.5800    0.0000
  157.0000    0.4800    0.4580    0.0220    2.3879    4.0806    8.0674    3.0067   11.3987    5.7267    0.2890    0.0000    0.0600    0.5800    0.0000
#   age       Mtot      Mc        Menv      logL      logT      logTc     logg      logR      logrhoc   Y         Yc        Z         FeH       OFe       
  158.0000    0.4610    0.4580    0.0030    1.7526    4.5047    8.0922    5.3209   10.2328    5.3916    0.2890    0.0000    0.0600    0.5800    0.0000
  158.0000    0.4630    0.4580    0.0050    1.8123    4.4523    8.0912    5.0534   10.3676    5.4368    0.2890    0.0000    0.0600    0.5800    0.0000
  158.0000    0.4650    0.4580    0.0070    1.8258    4.4011    8.0915    4.8370   10.4767    5.4416    0.2890    0.0000    0.0600    0.5800    0.0000
  158.0000    0.4700    0.4580    0.0120    2.0306    4.2939    8.0837    4.2079   10.7936    5.5505    0.2890    0.0000    0.0600    0.5800    0.0000
  158.0000    0.4750    0.4580    0.0170    2.1700    4.2074    8.0801    3.7272   11.0362    5.6159    0.2890    0.0000    0.0600    0.5800    0.0000
  158.0000    0.4800    0.4580    0.0220    2.4929    4.1400    8.0569    3.1388   11.3327    5.7832    0.2890    0.0000    0.0600    0.5800    0.0000
#   age       Mtot      Mc        Menv      logL      logT      logTc     logg      logR      logrhoc   Y         Yc        Z         FeH       OFe       
  159.0000    0.4610    0.4580    0.0030    1.7712    4.5079    8.0916    5.3149   10.2358    5.4075    0.2890    0.0000    0.0600    0.5800    0.0000
  159.0000    0.4630    0.4580    0.0050    1.8361    4.4552    8.0896    5.0411   10.3737    5.4572    0.2890    0.0000    0.0600    0.5800    0.0000
  159.0000    0.4650    0.4580    0.0070    1.8496    4.4026    8.0902    4.8190   10.4857    5.4615    0.2890    0.0000    0.0600    0.5800    0.0000
  159.0000    0.4700    0.4580    0.0120    2.0750    4.2969    8.0800    4.1753   10.8099    5.5813    0.2890    0.0000    0.0600    0.5800    0.0000
  159.0000    0.4750    0.4580    0.0170    2.2268    4.2092    8.0753    3.6776   11.0611    5.6529    0.2890    0.0000    0.0600    0.5800    0.0000
  159.0000    0.4800    0.4580    0.0220    2.6030    4.3415    8.0425    3.8349   10.9846    5.8478    0.2890    0.0000    0.0600    0.5800    0.0000
#   age       Mtot      Mc        Menv      logL      logT      logTc     logg      logR      logrhoc   Y         Yc        Z         FeH       OFe       
  160.0000    0.4610    0.4580    0.0030    1.7899    4.5111    8.0909    5.3089   10.2388    5.4234    0.2890    0.0000    0.0600    0.5800    0.0000
  160.0000    0.4630    0.4580    0.0050    1.8605    4.4581    8.0880    5.0286   10.3800    5.4782    0.2890    0.0000    0.0600    0.5800    0.0000
  160.0000    0.4650    0.4580    0.0070    1.8758    4.4042    8.0884    4.7993   10.4955    5.4834    0.2890    0.0000    0.0600    0.5800    0.0000
  160.0000    0.4700    0.4580    0.0120    2.1208    4.3002    8.0761    4.1427   10.8262    5.6129    0.2890    0.0000    0.0600    0.5800    0.0000
  160.0000    0.4750    0.4580    0.0170    2.3030    4.2243    8.0682    3.6618   11.0689    5.6972    0.2890    0.0000    0.0600    0.5800    0.0000
  160.0000    0.4800    0.4580    0.0220    2.5270    4.6956    8.0233    5.3276   10.2383    5.9215    0.2890    0.0000    0.0600    0.5800    0.0000
#   age       Mtot      Mc        Menv      logL      logT      logTc     logg      logR      logrhoc   Y         Yc        Z         FeH       OFe       
  161.0000    0.4610    0.4580    0.0030    1.8085    4.5142    8.0902    5.3029   10.2418    5.4393    0.2890    0.0000    0.0600    0.5800    0.0000
  161.0000    0.4630    0.4580    0.0050    1.8849    4.4611    8.0863    5.0160   10.3862    5.4991    0.2890    0.0000    0.0600    0.5800    0.0000
  161.0000    0.4650    0.4580    0.0070    1.9021    4.4059    8.0866    4.7796   10.5054    5.5053    0.2890    0.0000    0.0600    0.5800    0.0000
  161.0000    0.4700    0.4580    0.0120    2.1786    4.3098    8.0707    4.1235   10.8358    5.6494    0.2890    0.0000    0.0600    0.5800    0.0000
  161.0000    0.4750    0.4580    0.0170    2.3883    4.2667    8.0594    3.7462   11.0268    5.7465    0.2890    0.0000    0.0600    0.5800    0.0000
  161.0000    0.4800    0.4580    0.0220    1.8314    4.9102    8.0080    6.8817    9.4612    6.0244    0.2890    0.0000    0.0600    0.5800    0.0000
#   age       Mtot      Mc        Menv      logL      logT      logTc     logg      logR      logrhoc   Y         Yc        Z         FeH       OFe       
  162.0000    0.4610    0.4580    0.0030    1.8308    4.5183    8.0889    5.2970   10.2448    5.4585    0.2890    0.0000    0.0600    0.5800    0.0000
  162.0000    0.4630    0.4580    0.0050    1.9093    4.4641    8.0847    5.0035   10.3925    5.5201    0.2890    0.0000    0.0600    0.5800    0.0000
  162.0000    0.4650    0.4580    0.0070    1.9283    4.4075    8.0848    4.7600   10.5152    5.5272    0.2890    0.0000    0.0600    0.5800    0.0000
  162.0000    0.4700    0.4580    0.0120    2.2433    4.3253    8.0643    4.1210   10.8371    5.6888    0.2890    0.0000    0.0600    0.5800    0.0000
  162.0000    0.4750    0.4580    0.0170    2.4797    4.3667    8.0478    4.0545   10.8725    5.8023    0.2890    0.0000    0.0600    0.5800    0.0000
  162.0000    0.4800    0.4580    0.0220    0.7852    4.7769    7.9655    7.3943    9.2049    6.1166    0.2890    0.0000    0.0600    0.5800    0.0000
#   age       Mtot      Mc        Menv      logL      logT      logTc     logg      logR      logrhoc   Y         Yc        Z         FeH       OFe       
  163.0000    0.4610    0.4580    0.0030    1.8553    4.5229    8.0871    5.2910   10.2478    5.4796    0.2890    0.0000    0.0600    0.5800    0.0000
  163.0000    0.4630    0.4580    0.0050    1.9384    4.4692    8.0815    4.9948   10.3968    5.5469    0.2890    0.0000    0.0600    0.5800    0.0000
  163.0000    0.4650    0.4580    0.0070    1.9625    4.4109    8.0815    4.7395   10.5254    5.5546    0.2890    0.0000    0.0600    0.5800    0.0000
  163.0000    0.4700    0.4580    0.0120    2.3203    4.3605    8.0559    4.1848   10.8052    5.7336    0.2890    0.0000    0.0600    0.5800    0.0000
  163.0000    0.4750    0.4580    0.0170    2.5113    4.5732    8.0325    4.8490   10.4754    5.8654    0.2890    0.0000    0.0600    0.5800    0.0000
#   age       Mtot      Mc        Menv      logL      logT      logTc     logg      logR      logrhoc   Y         Yc        Z         FeH       OFe       
  164.0000    0.4610    0.4580    0.0030    1.8798    4.5276    8.0853    5.2851   10.2507    5.5007    0.2890    0.0000    0.0600    0.5800    0.0000
  164.0000    0.4630    0.4580    0.0050    1.9685    4.4748    8.0780    4.9869   10.4008    5.5750    0.2890    0.0000    0.0600    0.5800    0.0000
  164.0000    0.4650    0.4580    0.0070    1.9982    4.4147    8.0780    4.7189   10.5357    5.5832    0.2890    0.0000    0.0600    0.5800    0.0000
  164.0000    0.4700    0.4580    0.0120    2.3938    4.4384    8.0455    4.4226   10.6862    5.7846    0.2890    0.0000    0.0600    0.5800    0.0000
  164.0000    0.4750    0.4580    0.0170    2.3405    4.7739    8.0130    5.8225    9.9885    5.9369    0.2890    0.0000    0.0600    0.5800    0.0000
#   age       Mtot      Mc        Menv      logL      logT      logTc     logg      logR      logrhoc   Y         Yc        Z         FeH       OFe       
  165.0000    0.4610    0.4580    0.0030    1.9042    4.5322    8.0835    5.2791   10.2537    5.5218    0.2890    0.0000    0.0600    0.5800    0.0000
  165.0000    0.4630    0.4580    0.0050    1.9987    4.4804    8.0745    4.9790   10.4047    5.6032    0.2890    0.0000    0.0600    0.5800    0.0000
  165.0000    0.4650    0.4580    0.0070    2.0350    4.4187    8.0743    4.6983   10.5460    5.6122    0.2890    0.0000    0.0600    0.5800    0.0000
  165.0000    0.4700    0.4580    0.0120    2.4252    4.5762    8.0318    4.9425   10.4262    5.8420    0.2890    0.0000    0.0600    0.5800    0.0000
  165.0000    0.4750    0.4580    0.0170    1.2350    4.8454    7.9995    7.2142    9.2926    6.0458    0.2890    0.0000    0.0600    0.5800    0.0000
#   age       Mtot      Mc        Menv      logL      logT      logTc     logg      logR      logrhoc   Y         Yc        Z         FeH       OFe       
  166.0000    0.4610    0.4580    0.0030    1.9315    4.5387    8.0806    5.2778   10.2544    5.5473    0.2890    0.0000    0.0600    0.5800    0.0000
  166.0000    0.4630    0.4580    0.0050    2.0334    4.4900    8.0694    4.9826   10.4029    5.6362    0.2890    0.0000    0.0600    0.5800    0.0000
  166.0000    0.4650    0.4580    0.0070    2.0916    4.4277    8.0686    4.6775   10.5564    5.6477    0.2890    0.0000    0.0600    0.5800    0.0000
  166.0000    0.4700    0.4580    0.0120    2.3304    4.7304    8.0147    5.6544   10.0703    5.9054    0.2890    0.0000    0.0600    0.5800    0.0000
  166.0000    0.4750    0.4580    0.0170    0.6638    4.7521    7.9525    7.4120    9.1938    6.1148    0.2890    0.0000    0.0600    0.5800    0.0000
#   age       Mtot      Mc        Menv      logL      logT      logTc     logg      logR      logrhoc   Y         Yc        Z         FeH       OFe       
  167.0000    0.4610    0.4580    0.0030    1.9607    4.5464    8.0769    5.2795   10.2536    5.5756    0.2890    0.0000    0.0600    0.5800    0.0000
  167.0000    0.4630    0.4580    0.0050    2.0718    4.5026    8.0629    4.9951   10.3967    5.6731    0.2890    0.0000    0.0600    0.5800    0.0000
  167.0000    0.4650    0.4580    0.0070    2.1530    4.4413    8.0621    4.6704   10.5600    5.6851    0.2890    0.0000    0.0600    0.5800    0.0000
  167.0000    0.4700    0.4580    0.0120    1.9023    4.8879    8.0013    6.7125    9.5412    5.9954    0.2890    0.0000    0.0600    0.5800    0.0000
#   age       Mtot      Mc        Menv      logL      logT      logTc     logg      logR      logrhoc   Y         Yc        Z         FeH       OFe       
  168.0000    0.4610    0.4580    0.0030    1.9899    4.5541    8.0732    5.2811   10.2528    5.6040    0.2890    0.0000    0.0600    0.5800    0.0000
  168.0000    0.4630    0.4580    0.0050    2.1143    4.5165    8.0562    5.0082   10.3901    5.7107    0.2890    0.0000    0.0600    0.5800    0.0000
  168.0000    0.4650    0.4580    0.0070    2.2254    4.4653    8.0540    4.6943   10.5480    5.7268    0.2890    0.0000    0.0600    0.5800    0.0000
  168.0000    0.4700    0.4580    0.0120    0.7782    4.7681    7.9688    7.3570    9.2190    6.0827    0.2890    0.0000    0.0600    0.5800    0.0000
#   age       Mtot      Mc        Menv      logL      logT      logTc     logg      logR      logrhoc   Y         Yc        Z         FeH       OFe       
  169.0000    0.4610    0.4580    0.0030    2.0178    4.5643    8.0684    5.2942   10.2462    5.6355    0.2890    0.0000    0.0600    0.5800    0.0000
  169.0000    0.4630    0.4580    0.0050    2.1996    4.5427    8.0467    5.0276   10.3804    5.7551    0.2890    0.0000    0.0600    0.5800    0.0000
  169.0000    0.4650    0.4580    0.0070    2.2940    4.5192    8.0435    4.8411   10.4747    5.7738    0.2890    0.0000    0.0600    0.5800    0.0000
  169.0000    0.4700    0.4580    0.0120    0.4427    4.7087    7.9234    7.4545    9.1702    6.1250    0.2890    0.0000    0.0600    0.5800    0.0000
#   age       Mtot      Mc        Menv      logL      logT      logTc     logg      logR      logrhoc   Y         Yc        Z         FeH       OFe       
  170.0000    0.4610    0.4580    0.0030    2.0426    4.5806    8.0609    5.3345   10.2261    5.6746    0.2890    0.0000    0.0600    0.5800    0.0000
  170.0000    0.4630    0.4580    0.0050    2.2636    4.6002    8.0345    5.1939   10.2973    5.8038    0.2890    0.0000    0.0600    0.5800    0.0000
  170.0000    0.4650    0.4580    0.0070    2.3268    4.6076    8.0305    5.1623   10.3141    5.8249    0.2890    0.0000    0.0600    0.5800    0.0000
  170.0000    0.4700    0.4580    0.0120    0.2074    4.6635    7.8856    7.5094    9.1428    6.1494    0.2890    0.0000    0.0600    0.5800    0.0000
#   age       Mtot      Mc        Menv      logL      logT      logTc     logg      logR      logrhoc   Y         Yc        Z         FeH       OFe       
  171.0000    0.4610    0.4580    0.0030    2.0674    4.5969    8.0534    5.3747   10.2060    5.7137    0.2890    0.0000    0.0600    0.5800    0.0000
  171.0000    0.4630    0.4580    0.0050    2.2581    4.6847    8.0196    5.5369   10.1258    5.8560    0.2890    0.0000    0.0600    0.5800    0.0000
  171.0000    0.4650    0.4580    0.0070    2.2747    4.7146    8.0146    5.6423   10.0741    5.8805    0.2890    0.0000    0.0600    0.5800    0.0000
#   age       Mtot      Mc        Menv      logL      logT      logTc     logg      logR      logrhoc   Y         Yc        Z         FeH       OFe       
  172.0000    0.4610    0.4580    0.0030    2.0922    4.6131    8.0460    5.4150   10.1859    5.7528    0.2890    0.0000    0.0600    0.5800    0.0000
  172.0000    0.4630    0.4580    0.0050    2.1604    4.7712    8.0021    5.9807    9.9039    5.9120    0.2890    0.0000    0.0600    0.5800    0.0000
  172.0000    0.4650    0.4580    0.0070    2.1140    4.8055    7.9959    6.1664    9.8120    5.9416    0.2890    0.0000    0.0600    0.5800    0.0000
#   age       Mtot      Mc        Menv      logL      logT      logTc     logg      logR      logrhoc   Y         Yc        Z         FeH       OFe       
  173.0000    0.4610    0.4580    0.0030    2.1401    4.6494    8.0333    5.5120   10.1373    5.8019    0.2890    0.0000    0.0600    0.5800    0.0000
  173.0000    0.4630    0.4580    0.0050    1.3660    4.8429    7.9948    7.0620    9.3632    6.0025    0.2890    0.0000    0.0600    0.5800    0.0000
  173.0000    0.4650    0.4580    0.0070    0.9420    4.7913    7.9832    7.2816    9.2544    6.0443    0.2890    0.0000    0.0600    0.5800    0.0000
#   age       Mtot      Mc        Menv      logL      logT      logTc     logg      logR      logrhoc   Y         Yc        Z         FeH       OFe       
  174.0000    0.4610    0.4580    0.0030    2.1662    4.6981    8.0189    5.6809   10.0529    5.8525    0.2890    0.0000    0.0600    0.5800    0.0000
  174.0000    0.4630    0.4580    0.0050    0.6721    4.7453    7.9603    7.3656    9.2114    6.0714    0.2890    0.0000    0.0600    0.5800    0.0000
  174.0000    0.4650    0.4580    0.0070    0.5295    4.7211    7.9408    7.4131    9.1886    6.0961    0.2890    0.0000    0.0600    0.5800    0.0000
#   age       Mtot      Mc        Menv      logL      logT      logTc     logg      logR      logrhoc   Y         Yc        Z         FeH       OFe       
  175.0000    0.4610    0.4580    0.0030    2.1280    4.7695    8.0018    6.0045    9.8910    5.9066    0.2890    0.0000    0.0600    0.5800    0.0000
  175.0000    0.4630    0.4580    0.0050    0.3686    4.6902    7.9186    7.4488    9.1699    6.1081    0.2890    0.0000    0.0600    0.5800    0.0000
  175.0000    0.4650    0.4580    0.0070    0.2771    4.6739    7.9010    7.4768    9.1568    6.1250    0.2890    0.0000    0.0600    0.5800    0.0000
#   age       Mtot      Mc        Menv      logL      logT      logTc     logg      logR      logrhoc   Y         Yc        Z         FeH       OFe       
  176.0000    0.4610    0.4580    0.0030    1.3668    4.8383    7.9951    7.0412    9.3728    5.9960    0.2890    0.0000    0.0600    0.5800    0.0000
  176.0000    0.4630    0.4580    0.0050    0.1594    4.6494    7.8827    7.4945    9.1470    6.1292    0.2890    0.0000    0.0600    0.5800    0.0000
  176.0000    0.4650    0.4580    0.0070    0.0852    4.6359    7.8683    7.5170    9.1367    6.1429    0.2890    0.0000    0.0600    0.5800    0.0000
#   age       Mtot      Mc        Menv      logL      logT      logTc     logg      logR      logrhoc   Y         Yc        Z         FeH       OFe       
  177.0000    0.4610    0.4580    0.0030    0.6717    4.7434    7.9613    7.3562    9.2152    6.0638    0.2890    0.0000    0.0600    0.5800    0.0000
#   age       Mtot      Mc        Menv      logL      logT      logTc     logg      logR      logrhoc   Y         Yc        Z         FeH       OFe       
  178.0000    0.4610    0.4580    0.0030    0.3748    4.6899    7.9201    7.4389    9.1738    6.1004    0.2890    0.0000    0.0600    0.5800    0.0000
#   age       Mtot      Mc        Menv      logL      logT      logTc     logg      logR      logrhoc   Y         Yc        Z         FeH       OFe       
  179.0000    0.4610    0.4580    0.0030    0.1660    4.6496    7.8846    7.4870    9.1498    6.1223    0.2890    0.0000    0.0600    0.5800    0.0000
