#   age       Mtot      Mc        Menv      Mini      logL      logT      logTc     logg      logR      logrhoc   Y         Yc        Z         FeH       OFe       
    9.8500    0.6685    0.4640    0.2045    0.9685    1.5556    3.6245    8.0645    2.1571   11.8949    4.3433    0.2920    0.9168    0.0400    0.3900    0.0000
    9.8500    0.6695    0.4640    0.2055    0.9695    1.5560    3.6243    8.0645    2.1568   11.8954    4.3433    0.2920    0.9168    0.0400    0.3900    0.0000
    9.8500    0.6705    0.4640    0.2065    0.9705    1.5564    3.6241    8.0645    2.1564   11.8959    4.3433    0.2920    0.9168    0.0400    0.3900    0.0000
    9.8500    0.6715    0.4640    0.2075    0.9715    1.5568    3.6240    8.0645    2.1560   11.8964    4.3433    0.2920    0.9168    0.0400    0.3900    0.0000
    9.8500    0.6725    0.4640    0.2085    0.9725    1.5572    3.6238    8.0644    2.1556   11.8969    4.3433    0.2920    0.9168    0.0400    0.3900    0.0000
    9.8500    0.6734    0.4640    0.2094    0.9734    1.5575    3.6237    8.0644    2.1552   11.8975    4.3433    0.2920    0.9168    0.0400    0.3900    0.0000
    9.8500    0.6744    0.4640    0.2104    0.9744    1.5579    3.6235    8.0644    2.1549   11.8980    4.3434    0.2920    0.9168    0.0400    0.3900    0.0000
    9.8500    0.6754    0.4640    0.2114    0.9754    1.5583    3.6234    8.0644    2.1545   11.8985    4.3434    0.2920    0.9168    0.0400    0.3900    0.0000
    9.8500    0.6764    0.4640    0.2124    0.9764    1.5587    3.6232    8.0644    2.1541   11.8990    4.3434    0.2920    0.9168    0.0400    0.3900    0.0000
    9.8500    0.6774    0.4640    0.2134    0.9774    1.5591    3.6230    8.0644    2.1537   11.8995    4.3434    0.2920    0.9168    0.0400    0.3900    0.0000
    9.8500    0.6783    0.4640    0.2143    0.9783    1.5595    3.6229    8.0644    2.1533   11.9000    4.3434    0.2920    0.9168    0.0400    0.3900    0.0000
    9.8500    0.6793    0.4640    0.2153    0.9793    1.5599    3.6227    8.0644    2.1530   11.9006    4.3434    0.2920    0.9168    0.0400    0.3900    0.0000
    9.8500    0.6803    0.4640    0.2163    0.9803    1.5603    3.6226    8.0644    2.1526   11.9011    4.3434    0.2920    0.9168    0.0400    0.3900    0.0000
    9.8500    0.6813    0.4640    0.2173    0.9813    1.5607    3.6224    8.0644    2.1522   11.9016    4.3434    0.2920    0.9168    0.0400    0.3900    0.0000
    9.8500    0.6823    0.4640    0.2183    0.9823    1.5611    3.6222    8.0644    2.1518   11.9021    4.3434    0.2920    0.9168    0.0400    0.3900    0.0000
    9.8500    0.6832    0.4640    0.2192    0.9832    1.5615    3.6221    8.0644    2.1514   11.9026    4.3434    0.2920    0.9168    0.0400    0.3900    0.0000
    9.8500    0.6842    0.4640    0.2202    0.9842    1.5619    3.6219    8.0644    2.1511   11.9032    4.3434    0.2920    0.9168    0.0400    0.3900    0.0000
    9.8500    0.6852    0.4640    0.2212    0.9852    1.5846    3.6211    8.0746    2.1260   11.9160    4.3294    0.2920    0.7370    0.0400    0.3900    0.0000
    9.8500    0.6862    0.4640    0.2222    0.9862    1.5644    3.6265    8.0874    2.1684   11.8951    4.3054    0.2920    0.5666    0.0400    0.3900    0.0000
    9.8500    0.6872    0.4640    0.2232    0.9872    1.5542    3.6303    8.1019    2.1945   11.8824    4.2904    0.2920    0.4091    0.0400    0.3900    0.0000
    9.8500    0.6881    0.4640    0.2241    0.9881    1.5608    3.6312    8.1237    2.1920   11.8840    4.2984    0.2920    0.2366    0.0400    0.3900    0.0000
    9.8500    0.6891    0.4640    0.2251    0.9891    1.6632    3.6189    8.1785    2.0412   11.9597    4.4091    0.2920    0.0449    0.0400    0.3900    0.0000
    9.8500    0.6901    0.4640    0.2261    0.9901    2.3112    3.5459    8.1213    1.1016   12.4299    5.5383    0.2920    0.0000    0.0400    0.3900    0.0000
    9.8500    0.6911    0.4640    0.2271    0.9911    3.0177    3.4499    8.0501    0.0118   12.9751    5.9619    0.2920    0.0000    0.0400    0.3900    0.0000
    9.8500    0.6921    0.4640    0.2281    0.9921    3.0233    3.4491    8.0495    0.0035   12.9795    5.9646    0.2920    0.0000    0.0400    0.3900    0.0000
    9.8500    0.6930    0.4640    0.2290    0.9930    3.0288    3.4482    8.0489   -0.0047   12.9840    5.9674    0.2920    0.0000    0.0400    0.3900    0.0000
    9.8500    0.6940    0.4640    0.2300    0.9940    3.0344    3.4474    8.0483   -0.0129   12.9884    5.9702    0.2920    0.0000    0.0400    0.3900    0.0000
    9.8500    0.6950    0.4640    0.2310    0.9950    3.0400    3.4466    8.0478   -0.0212   12.9929    5.9729    0.2920    0.0000    0.0400    0.3900    0.0000
    9.8500    0.6960    0.4640    0.2320    0.9960    3.0455    3.4457    8.0472   -0.0294   12.9973    5.9757    0.2920    0.0000    0.0400    0.3900    0.0000
    9.8500    0.6970    0.4640    0.2330    0.9970    3.0511    3.4449    8.0466   -0.0376   13.0018    5.9784    0.2920    0.0000    0.0400    0.3900    0.0000
    9.8500    0.6980    0.4640    0.2340    0.9980    3.0567    3.4441    8.0461   -0.0459   13.0062    5.9812    0.2920    0.0000    0.0400    0.3900    0.0000
    9.8500    0.6989    0.4640    0.2349    0.9989    3.0622    3.4432    8.0455   -0.0541   13.0107    5.9840    0.2920    0.0000    0.0400    0.3900    0.0000
    9.8500    0.6999    0.4640    0.2359    0.9999    3.0678    3.4424    8.0449   -0.0623   13.0151    5.9867    0.2920    0.0000    0.0400    0.3900    0.0000
#   age       Mtot      Mc        Menv      Mini      logL      logT      logTc     logg      logR      logrhoc   Y         Yc        Z         FeH       OFe       
    9.9000    0.6313    0.4640    0.1673    0.9313    1.5405    3.6305    8.0645    2.1716   11.8752    4.3431    0.2920    0.9167    0.0400    0.3900    0.0000
    9.9000    0.6322    0.4640    0.1682    0.9322    1.5409    3.6304    8.0645    2.1712   11.8757    4.3431    0.2920    0.9167    0.0400    0.3900    0.0000
    9.9000    0.6332    0.4640    0.1692    0.9332    1.5413    3.6302    8.0645    2.1708   11.8762    4.3431    0.2920    0.9168    0.0400    0.3900    0.0000
    9.9000    0.6342    0.4640    0.1702    0.9342    1.5417    3.6300    8.0645    2.1704   11.8768    4.3431    0.2920    0.9168    0.0400    0.3900    0.0000
    9.9000    0.6352    0.4640    0.1712    0.9352    1.5421    3.6299    8.0645    2.1701   11.8773    4.3431    0.2920    0.9168    0.0400    0.3900    0.0000
    9.9000    0.6362    0.4640    0.1722    0.9362    1.5425    3.6297    8.0645    2.1697   11.8778    4.3431    0.2920    0.9168    0.0400    0.3900    0.0000
    9.9000    0.6371    0.4640    0.1731    0.9371    1.5429    3.6296    8.0645    2.1693   11.8783    4.3431    0.2920    0.9168    0.0400    0.3900    0.0000
    9.9000    0.6381    0.4640    0.1741    0.9381    1.5433    3.6294    8.0645    2.1689   11.8788    4.3431    0.2920    0.9168    0.0400    0.3900    0.0000
    9.9000    0.6391    0.4640    0.1751    0.9391    1.5437    3.6292    8.0645    2.1685   11.8793    4.3431    0.2920    0.9168    0.0400    0.3900    0.0000
    9.9000    0.6401    0.4640    0.1761    0.9401    1.5441    3.6291    8.0645    2.1682   11.8799    4.3432    0.2920    0.9168    0.0400    0.3900    0.0000
    9.9000    0.6411    0.4640    0.1771    0.9411    1.5445    3.6289    8.0645    2.1678   11.8804    4.3432    0.2920    0.9168    0.0400    0.3900    0.0000
    9.9000    0.6420    0.4640    0.1780    0.9420    1.5449    3.6288    8.0645    2.1674   11.8809    4.3432    0.2920    0.9168    0.0400    0.3900    0.0000
    9.9000    0.6430    0.4640    0.1790    0.9430    1.5453    3.6286    8.0645    2.1670   11.8814    4.3432    0.2920    0.9168    0.0400    0.3900    0.0000
    9.9000    0.6440    0.4640    0.1800    0.9440    1.5457    3.6285    8.0645    2.1666   11.8819    4.3432    0.2920    0.9168    0.0400    0.3900    0.0000
    9.9000    0.6450    0.4640    0.1810    0.9450    1.5461    3.6283    8.0645    2.1663   11.8824    4.3432    0.2920    0.9168    0.0400    0.3900    0.0000
    9.9000    0.6460    0.4640    0.1820    0.9460    1.5465    3.6281    8.0645    2.1659   11.8830    4.3432    0.2920    0.9168    0.0400    0.3900    0.0000
    9.9000    0.6470    0.4640    0.1830    0.9470    1.5469    3.6280    8.0645    2.1655   11.8835    4.3432    0.2920    0.9168    0.0400    0.3900    0.0000
    9.9000    0.6479    0.4640    0.1839    0.9479    1.5720    3.6268    8.0733    2.1362   11.8984    4.3321    0.2920    0.7563    0.0400    0.3900    0.0000
    9.9000    0.6489    0.4640    0.1849    0.9489    1.5454    3.6346    8.0881    2.1945   11.8696    4.3053    0.2920    0.5565    0.0400    0.3900    0.0000
    9.9000    0.6499    0.4640    0.1859    0.9499    1.5334    3.6398    8.1055    2.2282   11.8531    4.2914    0.2920    0.3728    0.0400    0.3900    0.0000
    9.9000    0.6509    0.4640    0.1869    0.9509    1.5563    3.6388    8.1373    2.2019   11.8667    4.3203    0.2920    0.1613    0.0400    0.3900    0.0000
    9.9000    0.6519    0.4640    0.1879    0.9519    2.0807    3.5743    8.1282    1.4201   12.2578    5.2527    0.2920    0.0000    0.0400    0.3900    0.0000
    9.9000    0.6528    0.4640    0.1888    0.9528    2.8006    3.4823    8.0723    0.3330   12.8017    5.8543    0.2920    0.0000    0.0400    0.3900    0.0000
    9.9000    0.6538    0.4640    0.1898    0.9538    2.8062    3.4815    8.0718    0.3247   12.8061    5.8570    0.2920    0.0000    0.0400    0.3900    0.0000
    9.9000    0.6548    0.4640    0.1908    0.9548    2.8117    3.4807    8.0712    0.3165   12.8106    5.8598    0.2920    0.0000    0.0400    0.3900    0.0000
    9.9000    0.6558    0.4640    0.1918    0.9558    2.8173    3.4798    8.0706    0.3083   12.8150    5.8626    0.2920    0.0000    0.0400    0.3900    0.0000
    9.9000    0.6568    0.4640    0.1928    0.9568    2.8229    3.4790    8.0701    0.3000   12.8195    5.8653    0.2920    0.0000    0.0400    0.3900    0.0000
    9.9000    0.6577    0.4640    0.1937    0.9577    2.8284    3.4782    8.0695    0.2918   12.8239    5.8681    0.2920    0.0000    0.0400    0.3900    0.0000
    9.9000    0.6587    0.4640    0.1947    0.9587    2.8340    3.4773    8.0689    0.2836   12.8284    5.8708    0.2920    0.0000    0.0400    0.3900    0.0000
    9.9000    0.6597    0.4640    0.1957    0.9597    2.8396    3.4765    8.0683    0.2753   12.8328    5.8736    0.2920    0.0000    0.0400    0.3900    0.0000
    9.9000    0.6607    0.4640    0.1967    0.9607    2.8451    3.4757    8.0678    0.2671   12.8373    5.8763    0.2920    0.0000    0.0400    0.3900    0.0000
    9.9000    0.6617    0.4640    0.1977    0.9617    2.8507    3.4748    8.0672    0.2589   12.8417    5.8791    0.2920    0.0000    0.0400    0.3900    0.0000
    9.9000    0.6626    0.4640    0.1986    0.9626    2.8563    3.4740    8.0666    0.2506   12.8462    5.8819    0.2920    0.0000    0.0400    0.3900    0.0000
    9.9000    0.6636    0.4640    0.1996    0.9636    2.8618    3.4732    8.0661    0.2424   12.8506    5.8846    0.2920    0.0000    0.0400    0.3900    0.0000
    9.9000    0.6646    0.4640    0.2006    0.9646    2.8674    3.4723    8.0655    0.2341   12.8550    5.8874    0.2920    0.0000    0.0400    0.3900    0.0000
    9.9000    0.6656    0.4640    0.2016    0.9656    2.8730    3.4715    8.0649    0.2259   12.8595    5.8901    0.2920    0.0000    0.0400    0.3900    0.0000
    9.9000    0.6666    0.4640    0.2026    0.9666    2.8785    3.4707    8.0643    0.2177   12.8639    5.8929    0.2920    0.0000    0.0400    0.3900    0.0000
    9.9000    0.6675    0.4640    0.2035    0.9675    2.8841    3.4698    8.0638    0.2094   12.8684    5.8957    0.2920    0.0000    0.0400    0.3900    0.0000
#   age       Mtot      Mc        Menv      Mini      logL      logT      logTc     logg      logR      logrhoc   Y         Yc        Z         FeH       OFe       
    9.9500    0.5959    0.4640    0.1319    0.8959    1.5255    3.6371    8.0645    2.1889   11.8546    4.3429    0.2920    0.9167    0.0400    0.3900    0.0000
    9.9500    0.6960    0.4640    0.2320    0.8960    1.5666    3.6200    8.0644    2.1465   11.9094    4.3435    0.2920    0.9168    0.0400    0.3900    0.0000
    9.9500    0.5969    0.4640    0.1329    0.8969    1.5261    3.6367    8.0645    2.1876   11.8556    4.3429    0.2920    0.9167    0.0400    0.3900    0.0000
    9.9500    0.6970    0.4640    0.2330    0.8970    1.5670    3.6198    8.0644    2.1461   11.9099    4.3435    0.2920    0.9168    0.0400    0.3900    0.0000
    9.9500    0.5979    0.4640    0.1339    0.8979    1.5267    3.6364    8.0645    2.1864   11.8566    4.3429    0.2920    0.9167    0.0400    0.3900    0.0000
    9.9500    0.6980    0.4640    0.2340    0.8980    1.5674    3.6197    8.0644    2.1457   11.9104    4.3435    0.2920    0.9168    0.0400    0.3900    0.0000
    9.9500    0.5989    0.4640    0.1349    0.8989    1.5273    3.6360    8.0645    2.1851   11.8576    4.3429    0.2920    0.9167    0.0400    0.3900    0.0000
    9.9500    0.6989    0.4640    0.2349    0.8989    1.5678    3.6195    8.0644    2.1454   11.9109    4.3435    0.2920    0.9168    0.0400    0.3900    0.0000
    9.9500    0.5999    0.4640    0.1359    0.8999    1.5279    3.6356    8.0645    2.1838   11.8586    4.3429    0.2920    0.9167    0.0400    0.3900    0.0000
    9.9500    0.6999    0.4640    0.2359    0.8999    1.5682    3.6194    8.0644    2.1450   11.9114    4.3435    0.2920    0.9168    0.0400    0.3900    0.0000
    9.9500    0.6009    0.4640    0.1369    0.9009    1.5283    3.6355    8.0645    2.1833   11.8592    4.3429    0.2920    0.9167    0.0400    0.3900    0.0000
    9.9500    0.6018    0.4640    0.1378    0.9018    1.5287    3.6353    8.0645    2.1830   11.8597    4.3429    0.2920    0.9167    0.0400    0.3900    0.0000
    9.9500    0.6028    0.4640    0.1388    0.9028    1.5291    3.6351    8.0645    2.1826   11.8602    4.3429    0.2920    0.9167    0.0400    0.3900    0.0000
    9.9500    0.6038    0.4640    0.1398    0.9038    1.5295    3.6350    8.0645    2.1822   11.8607    4.3429    0.2920    0.9167    0.0400    0.3900    0.0000
    9.9500    0.6048    0.4640    0.1408    0.9048    1.5299    3.6348    8.0645    2.1818   11.8612    4.3429    0.2920    0.9167    0.0400    0.3900    0.0000
    9.9500    0.6058    0.4640    0.1418    0.9058    1.5303    3.6347    8.0645    2.1814   11.8617    4.3429    0.2920    0.9167    0.0400    0.3900    0.0000
    9.9500    0.6067    0.4640    0.1427    0.9067    1.5306    3.6345    8.0645    2.1811   11.8623    4.3430    0.2920    0.9167    0.0400    0.3900    0.0000
    9.9500    0.6077    0.4640    0.1437    0.9077    1.5310    3.6343    8.0645    2.1807   11.8628    4.3430    0.2920    0.9167    0.0400    0.3900    0.0000
    9.9500    0.6087    0.4640    0.1447    0.9087    1.5314    3.6342    8.0645    2.1803   11.8633    4.3430    0.2920    0.9167    0.0400    0.3900    0.0000
    9.9500    0.6097    0.4640    0.1457    0.9097    1.5318    3.6340    8.0645    2.1799   11.8638    4.3430    0.2920    0.9167    0.0400    0.3900    0.0000
    9.9500    0.6107    0.4640    0.1467    0.9107    1.5322    3.6339    8.0645    2.1795   11.8643    4.3430    0.2920    0.9167    0.0400    0.3900    0.0000
    9.9500    0.6116    0.4640    0.1476    0.9116    1.5326    3.6337    8.0645    2.1792   11.8649    4.3430    0.2920    0.9167    0.0400    0.3900    0.0000
    9.9500    0.6126    0.4640    0.1486    0.9126    1.5392    3.6381    8.0812    2.1905   11.8594    4.3182    0.2920    0.6397    0.0400    0.3900    0.0000
    9.9500    0.6136    0.4640    0.1496    0.9136    1.5165    3.6469    8.0995    2.2491   11.8305    4.2950    0.2920    0.4286    0.0400    0.3900    0.0000
    9.9500    0.6146    0.4640    0.1506    0.9146    1.5271    3.6489    8.1299    2.2469   11.8320    4.3117    0.2920    0.1959    0.0400    0.3900    0.0000
    9.9500    0.6156    0.4640    0.1516    0.9156    2.0699    3.5779    8.1218    1.4207   12.2453    5.2637    0.2920    0.0000    0.0400    0.3900    0.0000
    9.9500    0.6165    0.4640    0.1525    0.9165    2.5946    3.5131    8.0935    0.6377   12.6372    5.7522    0.2920    0.0000    0.0400    0.3900    0.0000
    9.9500    0.6175    0.4640    0.1535    0.9175    2.6002    3.5122    8.0929    0.6295   12.6417    5.7549    0.2920    0.0000    0.0400    0.3900    0.0000
    9.9500    0.6185    0.4640    0.1545    0.9185    2.6058    3.5114    8.0923    0.6212   12.6461    5.7577    0.2920    0.0000    0.0400    0.3900    0.0000
    9.9500    0.6195    0.4640    0.1555    0.9195    2.6113    3.5106    8.0918    0.6130   12.6505    5.7605    0.2920    0.0000    0.0400    0.3900    0.0000
    9.9500    0.6205    0.4640    0.1565    0.9205    2.6169    3.5098    8.0912    0.6047   12.6550    5.7632    0.2920    0.0000    0.0400    0.3900    0.0000
    9.9500    0.6214    0.4640    0.1574    0.9214    2.6225    3.5089    8.0906    0.5965   12.6594    5.7660    0.2920    0.0000    0.0400    0.3900    0.0000
    9.9500    0.6224    0.4640    0.1584    0.9224    2.6280    3.5081    8.0901    0.5883   12.6639    5.7687    0.2920    0.0000    0.0400    0.3900    0.0000
    9.9500    0.6234    0.4640    0.1594    0.9234    2.6336    3.5073    8.0895    0.5800   12.6683    5.7715    0.2920    0.0000    0.0400    0.3900    0.0000
    9.9500    0.6244    0.4640    0.1604    0.9244    2.6392    3.5064    8.0889    0.5718   12.6728    5.7743    0.2920    0.0000    0.0400    0.3900    0.0000
    9.9500    0.6254    0.4640    0.1614    0.9254    2.6447    3.5056    8.0883    0.5636   12.6772    5.7770    0.2920    0.0000    0.0400    0.3900    0.0000
    9.9500    0.6264    0.4640    0.1624    0.9264    2.6503    3.5048    8.0878    0.5553   12.6817    5.7798    0.2920    0.0000    0.0400    0.3900    0.0000
    9.9500    0.6273    0.4640    0.1633    0.9273    2.6559    3.5039    8.0872    0.5471   12.6861    5.7825    0.2920    0.0000    0.0400    0.3900    0.0000
    9.9500    0.6283    0.4640    0.1643    0.9283    2.6614    3.5031    8.0866    0.5389   12.6906    5.7853    0.2920    0.0000    0.0400    0.3900    0.0000
    9.9500    0.6293    0.4640    0.1653    0.9293    2.6670    3.5023    8.0861    0.5306   12.6950    5.7881    0.2920    0.0000    0.0400    0.3900    0.0000
    9.9500    0.6303    0.4640    0.1663    0.9303    2.6726    3.5014    8.0855    0.5224   12.6994    5.7908    0.2920    0.0000    0.0400    0.3900    0.0000
#   age       Mtot      Mc        Menv      Mini      logL      logT      logTc     logg      logR      logrhoc   Y         Yc        Z         FeH       OFe       
   10.0000    0.5626    0.4640    0.0986    0.8626    1.5015    3.6541    8.0645    2.2561   11.8085    4.3425    0.2920    0.9167    0.0400    0.3900    0.0000
   10.0000    0.6626    0.4640    0.1986    0.8626    1.5532    3.6254    8.0645    2.1594   11.8918    4.3433    0.2920    0.9168    0.0400    0.3900    0.0000
   10.0000    0.5636    0.4640    0.0996    0.8636    1.5023    3.6535    8.0645    2.2534   11.8102    4.3425    0.2920    0.9167    0.0400    0.3900    0.0000
   10.0000    0.6636    0.4640    0.1996    0.8636    1.5536    3.6253    8.0645    2.1590   11.8923    4.3433    0.2920    0.9168    0.0400    0.3900    0.0000
   10.0000    0.5646    0.4640    0.1006    0.8646    1.5031    3.6528    8.0645    2.2508   11.8119    4.3426    0.2920    0.9167    0.0400    0.3900    0.0000
   10.0000    0.6646    0.4640    0.2006    0.8646    1.5540    3.6251    8.0645    2.1587   11.8928    4.3433    0.2920    0.9168    0.0400    0.3900    0.0000
   10.0000    0.5655    0.4640    0.1015    0.8655    1.5040    3.6522    8.0645    2.2482   11.8136    4.3426    0.2920    0.9167    0.0400    0.3900    0.0000
   10.0000    0.6656    0.4640    0.2016    0.8656    1.5544    3.6249    8.0645    2.1583   11.8933    4.3433    0.2920    0.9168    0.0400    0.3900    0.0000
   10.0000    0.5665    0.4640    0.1025    0.8665    1.5048    3.6516    8.0645    2.2455   11.8152    4.3426    0.2920    0.9167    0.0400    0.3900    0.0000
   10.0000    0.6666    0.4640    0.2026    0.8666    1.5548    3.6248    8.0645    2.1579   11.8938    4.3433    0.2920    0.9168    0.0400    0.3900    0.0000
   10.0000    0.5675    0.4640    0.1035    0.8675    1.5056    3.6509    8.0645    2.2429   11.8169    4.3426    0.2920    0.9167    0.0400    0.3900    0.0000
   10.0000    0.6675    0.4640    0.2035    0.8675    1.5552    3.6246    8.0645    2.1575   11.8944    4.3433    0.2920    0.9168    0.0400    0.3900    0.0000
   10.0000    0.5685    0.4640    0.1045    0.8685    1.5064    3.6503    8.0645    2.2403   11.8186    4.3426    0.2920    0.9167    0.0400    0.3900    0.0000
   10.0000    0.6685    0.4640    0.2045    0.8685    1.5556    3.6245    8.0645    2.1571   11.8949    4.3433    0.2920    0.9168    0.0400    0.3900    0.0000
   10.0000    0.5695    0.4640    0.1055    0.8695    1.5072    3.6497    8.0645    2.2376   11.8203    4.3426    0.2920    0.9167    0.0400    0.3900    0.0000
   10.0000    0.6695    0.4640    0.2055    0.8695    1.5560    3.6243    8.0645    2.1568   11.8954    4.3433    0.2920    0.9168    0.0400    0.3900    0.0000
   10.0000    0.5704    0.4640    0.1064    0.8704    1.5081    3.6490    8.0645    2.2350   11.8220    4.3426    0.2920    0.9167    0.0400    0.3900    0.0000
   10.0000    0.6705    0.4640    0.2065    0.8705    1.5564    3.6241    8.0645    2.1564   11.8959    4.3433    0.2920    0.9168    0.0400    0.3900    0.0000
   10.0000    0.5714    0.4640    0.1074    0.8714    1.5089    3.6484    8.0645    2.2324   11.8237    4.3426    0.2920    0.9167    0.0400    0.3900    0.0000
   10.0000    0.6715    0.4640    0.2075    0.8715    1.5568    3.6240    8.0645    2.1560   11.8964    4.3433    0.2920    0.9168    0.0400    0.3900    0.0000
   10.0000    0.5724    0.4640    0.1084    0.8724    1.5097    3.6477    8.0645    2.2297   11.8254    4.3426    0.2920    0.9167    0.0400    0.3900    0.0000
   10.0000    0.6725    0.4640    0.2085    0.8725    1.5572    3.6238    8.0644    2.1556   11.8969    4.3433    0.2920    0.9168    0.0400    0.3900    0.0000
   10.0000    0.5734    0.4640    0.1094    0.8734    1.5105    3.6471    8.0645    2.2271   11.8270    4.3426    0.2920    0.9167    0.0400    0.3900    0.0000
   10.0000    0.6734    0.4640    0.2094    0.8734    1.5575    3.6237    8.0644    2.1552   11.8975    4.3433    0.2920    0.9168    0.0400    0.3900    0.0000
   10.0000    0.5744    0.4640    0.1104    0.8744    1.5113    3.6465    8.0645    2.2245   11.8287    4.3427    0.2920    0.9167    0.0400    0.3900    0.0000
   10.0000    0.6744    0.4640    0.2104    0.8744    1.5579    3.6235    8.0644    2.1549   11.8980    4.3434    0.2920    0.9168    0.0400    0.3900    0.0000
   10.0000    0.5754    0.4640    0.1114    0.8754    1.5121    3.6458    8.0645    2.2219   11.8304    4.3427    0.2920    0.9167    0.0400    0.3900    0.0000
   10.0000    0.6754    0.4640    0.2114    0.8754    1.5583    3.6234    8.0644    2.1545   11.8985    4.3434    0.2920    0.9168    0.0400    0.3900    0.0000
   10.0000    0.5763    0.4640    0.1123    0.8763    1.5130    3.6452    8.0645    2.2192   11.8321    4.3427    0.2920    0.9167    0.0400    0.3900    0.0000
   10.0000    0.6764    0.4640    0.2124    0.8764    1.5587    3.6232    8.0644    2.1541   11.8990    4.3434    0.2920    0.9168    0.0400    0.3900    0.0000
   10.0000    0.5773    0.4640    0.1133    0.8773    1.5138    3.6445    8.0645    2.2166   11.8338    4.3427    0.2920    0.9167    0.0400    0.3900    0.0000
   10.0000    0.6774    0.4640    0.2134    0.8774    1.5735    3.6211    8.0651    2.1317   11.9106    4.3436    0.2920    0.9017    0.0400    0.3900    0.0000
   10.0000    0.5783    0.4640    0.1143    0.8783    1.5116    3.6540    8.0836    2.2575   11.8138    4.3145    0.2920    0.6068    0.0400    0.3900    0.0000
   10.0000    0.6783    0.4640    0.2143    0.8783    1.5628    3.6274    8.0850    2.1680   11.8927    4.3097    0.2920    0.5942    0.0400    0.3900    0.0000
   10.0000    0.5793    0.4640    0.1153    0.8793    1.4873    3.6684    8.1059    2.3399   11.7729    4.2954    0.2920    0.3645    0.0400    0.3900    0.0000
   10.0000    0.6793    0.4640    0.2153    0.8793    1.5486    3.6333    8.1090    2.2066   11.8738    4.2896    0.2920    0.3441    0.0400    0.3900    0.0000
   10.0000    0.5803    0.4640    0.1163    0.8803    1.5599    3.6576    8.1613    2.2253   11.8307    4.3775    0.2920    0.0752    0.0400    0.3900    0.0000
   10.0000    0.6803    0.4640    0.2163    0.8803    1.6556    3.6213    8.1772    2.0525   11.9511    4.4067    0.2920    0.0467    0.0400    0.3900    0.0000
   10.0000    0.5812    0.4640    0.1172    0.8812    2.6408    3.5120    8.0877    0.5624   12.6625    5.7888    0.2920    0.0000    0.0400    0.3900    0.0000
   10.0000    0.6813    0.4640    0.2173    0.8813    2.9620    3.4582    8.0558    0.0941   12.9306    5.9343    0.2920    0.0000    0.0400    0.3900    0.0000
   10.0000    0.5822    0.4640    0.1182    0.8822    2.6553    3.5099    8.0861    0.5402   12.6739    5.7956    0.2920    0.0000    0.0400    0.3900    0.0000
   10.0000    0.6823    0.4640    0.2183    0.8823    2.9676    3.4574    8.0552    0.0859   12.9351    5.9370    0.2920    0.0000    0.0400    0.3900    0.0000
   10.0000    0.5832    0.4640    0.1192    0.8832    2.6698    3.5078    8.0846    0.5181   12.6853    5.8024    0.2920    0.0000    0.0400    0.3900    0.0000
   10.0000    0.6832    0.4640    0.2192    0.8832    2.9732    3.4565    8.0546    0.0777   12.9395    5.9398    0.2920    0.0000    0.0400    0.3900    0.0000
   10.0000    0.5842    0.4640    0.1202    0.8842    2.6844    3.5057    8.0830    0.4959   12.6968    5.8093    0.2920    0.0000    0.0400    0.3900    0.0000
   10.0000    0.6842    0.4640    0.2202    0.8842    2.9787    3.4557    8.0541    0.0694   12.9440    5.9426    0.2920    0.0000    0.0400    0.3900    0.0000
   10.0000    0.5852    0.4640    0.1212    0.8852    2.6989    3.5037    8.0815    0.4737   12.7082    5.8161    0.2920    0.0000    0.0400    0.3900    0.0000
   10.0000    0.6852    0.4640    0.2212    0.8852    2.9843    3.4549    8.0535    0.0612   12.9484    5.9453    0.2920    0.0000    0.0400    0.3900    0.0000
   10.0000    0.5861    0.4640    0.1221    0.8861    2.7134    3.5016    8.0800    0.4516   12.7197    5.8230    0.2920    0.0000    0.0400    0.3900    0.0000
   10.0000    0.6862    0.4640    0.2222    0.8862    2.9899    3.4540    8.0529    0.0530   12.9529    5.9481    0.2920    0.0000    0.0400    0.3900    0.0000
   10.0000    0.5871    0.4640    0.1231    0.8871    2.7279    3.4995    8.0784    0.4294   12.7311    5.8298    0.2920    0.0000    0.0400    0.3900    0.0000
   10.0000    0.6872    0.4640    0.2232    0.8872    2.9954    3.4532    8.0523    0.0447   12.9573    5.9508    0.2920    0.0000    0.0400    0.3900    0.0000
   10.0000    0.5881    0.4640    0.1241    0.8881    2.7425    3.4974    8.0769    0.4072   12.7425    5.8366    0.2920    0.0000    0.0400    0.3900    0.0000
   10.0000    0.6881    0.4640    0.2241    0.8881    3.0010    3.4524    8.0518    0.0365   12.9617    5.9536    0.2920    0.0000    0.0400    0.3900    0.0000
   10.0000    0.5891    0.4640    0.1251    0.8891    2.7570    3.4953    8.0754    0.3851   12.7540    5.8435    0.2920    0.0000    0.0400    0.3900    0.0000
   10.0000    0.6891    0.4640    0.2251    0.8891    3.0066    3.4516    8.0512    0.0283   12.9662    5.9564    0.2920    0.0000    0.0400    0.3900    0.0000
   10.0000    0.5901    0.4640    0.1261    0.8901    2.7715    3.4932    8.0738    0.3629   12.7654    5.8503    0.2920    0.0000    0.0400    0.3900    0.0000
   10.0000    0.6901    0.4640    0.2261    0.8901    3.0121    3.4507    8.0506    0.0200   12.9706    5.9591    0.2920    0.0000    0.0400    0.3900    0.0000
   10.0000    0.5910    0.4640    0.1270    0.8910    2.7860    3.4911    8.0723    0.3408   12.7769    5.8571    0.2920    0.0000    0.0400    0.3900    0.0000
   10.0000    0.6911    0.4640    0.2271    0.8911    3.0177    3.4499    8.0501    0.0118   12.9751    5.9619    0.2920    0.0000    0.0400    0.3900    0.0000
   10.0000    0.5920    0.4640    0.1280    0.8920    2.8006    3.4890    8.0708    0.3186   12.7883    5.8640    0.2920    0.0000    0.0400    0.3900    0.0000
   10.0000    0.6921    0.4640    0.2281    0.8921    3.0233    3.4491    8.0495    0.0035   12.9795    5.9646    0.2920    0.0000    0.0400    0.3900    0.0000
   10.0000    0.5930    0.4640    0.1290    0.8930    2.8151    3.4869    8.0692    0.2964   12.7997    5.8708    0.2920    0.0000    0.0400    0.3900    0.0000
   10.0000    0.6930    0.4640    0.2290    0.8930    3.0288    3.4482    8.0489   -0.0047   12.9840    5.9674    0.2920    0.0000    0.0400    0.3900    0.0000
   10.0000    0.5940    0.4640    0.1300    0.8940    2.8296    3.4848    8.0677    0.2743   12.8112    5.8777    0.2920    0.0000    0.0400    0.3900    0.0000
   10.0000    0.6940    0.4640    0.2300    0.8940    3.0344    3.4474    8.0483   -0.0129   12.9884    5.9702    0.2920    0.0000    0.0400    0.3900    0.0000
   10.0000    0.5950    0.4640    0.1310    0.8950    2.8442    3.4827    8.0661    0.2521   12.8226    5.8845    0.2920    0.0000    0.0400    0.3900    0.0000
   10.0000    0.6950    0.4640    0.2310    0.8950    3.0400    3.4466    8.0478   -0.0212   12.9929    5.9729    0.2920    0.0000    0.0400    0.3900    0.0000
#   age       Mtot      Mc        Menv      Mini      logL      logT      logTc     logg      logR      logrhoc   Y         Yc        Z         FeH       OFe       
   10.0500    0.6293    0.4640    0.1653    0.8293    1.5397    3.6308    8.0645    2.1723   11.8742    4.3431    0.2920    0.9167    0.0400    0.3900    0.0000
   10.0500    0.5302    0.4640    0.0662    0.8302    1.4479    3.7281    8.0647    2.5796   11.6339    4.3420    0.2920    0.9163    0.0400    0.3900    0.0000
   10.0500    0.6303    0.4640    0.1663    0.8303    1.5401    3.6307    8.0645    2.1720   11.8747    4.3431    0.2920    0.9167    0.0400    0.3900    0.0000
   10.0500    0.5312    0.4640    0.0672    0.8312    1.4504    3.7239    8.0647    2.5610   11.6436    4.3420    0.2920    0.9163    0.0400    0.3900    0.0000
   10.0500    0.6313    0.4640    0.1673    0.8313    1.5405    3.6305    8.0645    2.1716   11.8752    4.3431    0.2920    0.9167    0.0400    0.3900    0.0000
   10.0500    0.5322    0.4640    0.0682    0.8322    1.4528    3.7196    8.0647    2.5423   11.6533    4.3420    0.2920    0.9163    0.0400    0.3900    0.0000
   10.0500    0.6322    0.4640    0.1682    0.8322    1.5409    3.6304    8.0645    2.1712   11.8757    4.3431    0.2920    0.9167    0.0400    0.3900    0.0000
   10.0500    0.5332    0.4640    0.0692    0.8332    1.4553    3.7154    8.0647    2.5237   11.6630    4.3420    0.2920    0.9164    0.0400    0.3900    0.0000
   10.0500    0.6332    0.4640    0.1692    0.8332    1.5413    3.6302    8.0645    2.1708   11.8762    4.3431    0.2920    0.9168    0.0400    0.3900    0.0000
   10.0500    0.5342    0.4640    0.0702    0.8342    1.4577    3.7111    8.0647    2.5051   11.6727    4.3420    0.2920    0.9164    0.0400    0.3900    0.0000
   10.0500    0.6342    0.4640    0.1702    0.8342    1.5417    3.6300    8.0645    2.1704   11.8768    4.3431    0.2920    0.9168    0.0400    0.3900    0.0000
   10.0500    0.5351    0.4640    0.0711    0.8351    1.4602    3.7069    8.0646    2.4865   11.6824    4.3420    0.2920    0.9165    0.0400    0.3900    0.0000
   10.0500    0.6352    0.4640    0.1712    0.8352    1.5421    3.6299    8.0645    2.1701   11.8773    4.3431    0.2920    0.9168    0.0400    0.3900    0.0000
   10.0500    0.5361    0.4640    0.0721    0.8361    1.4626    3.7026    8.0646    2.4679   11.6921    4.3420    0.2920    0.9165    0.0400    0.3900    0.0000
   10.0500    0.6362    0.4640    0.1722    0.8362    1.5425    3.6297    8.0645    2.1697   11.8778    4.3431    0.2920    0.9168    0.0400    0.3900    0.0000
   10.0500    0.5371    0.4640    0.0731    0.8371    1.4651    3.6984    8.0646    2.4492   11.7018    4.3420    0.2920    0.9165    0.0400    0.3900    0.0000
   10.0500    0.6371    0.4640    0.1731    0.8371    1.5429    3.6296    8.0645    2.1693   11.8783    4.3431    0.2920    0.9168    0.0400    0.3900    0.0000
   10.0500    0.5381    0.4640    0.0741    0.8381    1.4675    3.6941    8.0646    2.4306   11.7115    4.3420    0.2920    0.9166    0.0400    0.3900    0.0000
   10.0500    0.6381    0.4640    0.1741    0.8381    1.5433    3.6294    8.0645    2.1689   11.8788    4.3431    0.2920    0.9168    0.0400    0.3900    0.0000
   10.0500    0.5391    0.4640    0.0751    0.8391    1.4700    3.6899    8.0646    2.4120   11.7212    4.3420    0.2920    0.9166    0.0400    0.3900    0.0000
   10.0500    0.6391    0.4640    0.1751    0.8391    1.5437    3.6292    8.0645    2.1685   11.8793    4.3431    0.2920    0.9168    0.0400    0.3900    0.0000
   10.0500    0.5400    0.4640    0.0760    0.8400    1.4724    3.6857    8.0645    2.3939   11.7307    4.3420    0.2920    0.9166    0.0400    0.3900    0.0000
   10.0500    0.6401    0.4640    0.1761    0.8401    1.5441    3.6291    8.0645    2.1682   11.8799    4.3432    0.2920    0.9168    0.0400    0.3900    0.0000
   10.0500    0.5410    0.4640    0.0770    0.8410    1.4737    3.6843    8.0645    2.3875   11.7343    4.3420    0.2920    0.9166    0.0400    0.3900    0.0000
   10.0500    0.6411    0.4640    0.1771    0.8411    1.5445    3.6289    8.0645    2.1678   11.8804    4.3432    0.2920    0.9168    0.0400    0.3900    0.0000
   10.0500    0.5420    0.4640    0.0780    0.8420    1.4750    3.6828    8.0645    2.3810   11.7379    4.3421    0.2920    0.9166    0.0400    0.3900    0.0000
   10.0500    0.6420    0.4640    0.1780    0.8420    1.5449    3.6288    8.0645    2.1674   11.8809    4.3432    0.2920    0.9168    0.0400    0.3900    0.0000
   10.0500    0.5430    0.4640    0.0790    0.8430    1.4764    3.6813    8.0645    2.3746   11.7415    4.3421    0.2920    0.9166    0.0400    0.3900    0.0000
   10.0500    0.6430    0.4640    0.1790    0.8430    1.5453    3.6286    8.0645    2.1670   11.8814    4.3432    0.2920    0.9168    0.0400    0.3900    0.0000
   10.0500    0.5440    0.4640    0.0800    0.8440    1.4777    3.6799    8.0645    2.3682   11.7451    4.3421    0.2920    0.9166    0.0400    0.3900    0.0000
   10.0500    0.6440    0.4640    0.1800    0.8440    1.5457    3.6285    8.0645    2.1666   11.8819    4.3432    0.2920    0.9168    0.0400    0.3900    0.0000
   10.0500    0.5449    0.4640    0.0809    0.8449    1.4776    3.7025    8.0794    2.4594   11.6999    4.3234    0.2920    0.6613    0.0400    0.3900    0.0000
   10.0500    0.6450    0.4640    0.1810    0.8450    1.5550    3.6317    8.0808    2.1710   11.8800    4.3182    0.2920    0.6459    0.0400    0.3900    0.0000
   10.0500    0.5459    0.4640    0.0819    0.8459    1.4256    3.7801    8.1049    2.8228   11.5186    4.3012    0.2920    0.3668    0.0400    0.3900    0.0000
   10.0500    0.6460    0.4640    0.1820    0.8460    1.5307    3.6412    8.1076    2.2337   11.8491    4.2914    0.2920    0.3542    0.0400    0.3900    0.0000
   10.0500    0.5469    0.4640    0.0829    0.8469    1.5534    3.7256    8.1759    2.4778   11.6915    4.4257    0.2920    0.0449    0.0400    0.3900    0.0000
   10.0500    0.6470    0.4640    0.1830    0.8470    1.7267    3.6172    8.2047    1.9425   11.9950    4.4936    0.2920    0.0165    0.0400    0.3900    0.0000
   10.0500    0.5479    0.4640    0.0839    0.8479    2.7270    3.5156    8.0650    0.4648   12.6983    5.8333    0.2920    0.0000    0.0400    0.3900    0.0000
   10.0500    0.6479    0.4640    0.1839    0.8479    2.7728    3.4865    8.0752    0.3742   12.7795    5.8405    0.2920    0.0000    0.0400    0.3900    0.0000
   10.0500    0.5489    0.4640    0.0849    0.8489    2.7438    3.5135    8.0627    0.4401   12.7110    5.8415    0.2920    0.0000    0.0400    0.3900    0.0000
   10.0500    0.6489    0.4640    0.1849    0.8489    2.7783    3.4856    8.0746    0.3659   12.7839    5.8432    0.2920    0.0000    0.0400    0.3900    0.0000
   10.0500    0.5499    0.4640    0.0859    0.8499    2.7605    3.5113    8.0604    0.4154   12.7238    5.8498    0.2920    0.0000    0.0400    0.3900    0.0000
   10.0500    0.6499    0.4640    0.1859    0.8499    2.7839    3.4848    8.0741    0.3577   12.7884    5.8460    0.2920    0.0000    0.0400    0.3900    0.0000
   10.0500    0.5508    0.4640    0.0868    0.8508    2.7773    3.5091    8.0581    0.3907   12.7365    5.8580    0.2920    0.0000    0.0400    0.3900    0.0000
   10.0500    0.6509    0.4640    0.1869    0.8509    2.7895    3.4840    8.0735    0.3494   12.7928    5.8488    0.2920    0.0000    0.0400    0.3900    0.0000
   10.0500    0.5518    0.4640    0.0878    0.8518    2.7941    3.5069    8.0558    0.3660   12.7492    5.8663    0.2920    0.0000    0.0400    0.3900    0.0000
   10.0500    0.6519    0.4640    0.1879    0.8519    2.7950    3.4831    8.0729    0.3412   12.7973    5.8515    0.2920    0.0000    0.0400    0.3900    0.0000
   10.0500    0.5528    0.4640    0.0888    0.8528    2.8108    3.5047    8.0534    0.3413   12.7620    5.8745    0.2920    0.0000    0.0400    0.3900    0.0000
   10.0500    0.6528    0.4640    0.1888    0.8528    2.8006    3.4823    8.0723    0.3330   12.8017    5.8543    0.2920    0.0000    0.0400    0.3900    0.0000
   10.0500    0.5538    0.4640    0.0898    0.8538    2.8276    3.5026    8.0511    0.3166   12.7747    5.8828    0.2920    0.0000    0.0400    0.3900    0.0000
   10.0500    0.6538    0.4640    0.1898    0.8538    2.8062    3.4815    8.0718    0.3247   12.8061    5.8570    0.2920    0.0000    0.0400    0.3900    0.0000
   10.0500    0.5548    0.4640    0.0908    0.8548    2.8443    3.5004    8.0488    0.2919   12.7874    5.8911    0.2920    0.0000    0.0400    0.3900    0.0000
   10.0500    0.6548    0.4640    0.1908    0.8548    2.8117    3.4807    8.0712    0.3165   12.8106    5.8598    0.2920    0.0000    0.0400    0.3900    0.0000
   10.0500    0.5557    0.4640    0.0917    0.8557    2.8611    3.4982    8.0465    0.2671   12.8002    5.8993    0.2920    0.0000    0.0400    0.3900    0.0000
   10.0500    0.6558    0.4640    0.1918    0.8558    2.8173    3.4798    8.0706    0.3083   12.8150    5.8626    0.2920    0.0000    0.0400    0.3900    0.0000
   10.0500    0.5567    0.4640    0.0927    0.8567    2.8778    3.4960    8.0442    0.2424   12.8129    5.9076    0.2920    0.0000    0.0400    0.3900    0.0000
   10.0500    0.6568    0.4640    0.1928    0.8568    2.8229    3.4790    8.0701    0.3000   12.8195    5.8653    0.2920    0.0000    0.0400    0.3900    0.0000
   10.0500    0.5577    0.4640    0.0937    0.8577    2.8946    3.4938    8.0418    0.2177   12.8256    5.9158    0.2920    0.0000    0.0400    0.3900    0.0000
   10.0500    0.6577    0.4640    0.1937    0.8577    2.8284    3.4782    8.0695    0.2918   12.8239    5.8681    0.2920    0.0000    0.0400    0.3900    0.0000
   10.0500    0.5587    0.4640    0.0947    0.8587    2.9113    3.4917    8.0395    0.1930   12.8384    5.9241    0.2920    0.0000    0.0400    0.3900    0.0000
   10.0500    0.6587    0.4640    0.1947    0.8587    2.8340    3.4773    8.0689    0.2836   12.8284    5.8708    0.2920    0.0000    0.0400    0.3900    0.0000
   10.0500    0.5597    0.4640    0.0957    0.8597    2.9281    3.4895    8.0372    0.1683   12.8511    5.9323    0.2920    0.0000    0.0400    0.3900    0.0000
   10.0500    0.6597    0.4640    0.1957    0.8597    2.8396    3.4765    8.0683    0.2753   12.8328    5.8736    0.2920    0.0000    0.0400    0.3900    0.0000
   10.0500    0.5606    0.4640    0.0966    0.8606    2.9449    3.4873    8.0349    0.1436   12.8638    5.9406    0.2920    0.0000    0.0400    0.3900    0.0000
   10.0500    0.6607    0.4640    0.1967    0.8607    2.8451    3.4757    8.0678    0.2671   12.8373    5.8763    0.2920    0.0000    0.0400    0.3900    0.0000
   10.0500    0.5616    0.4640    0.0976    0.8616    2.9616    3.4851    8.0326    0.1189   12.8766    5.9488    0.2920    0.0000    0.0400    0.3900    0.0000
   10.0500    0.6617    0.4640    0.1977    0.8617    2.8507    3.4748    8.0672    0.2589   12.8417    5.8791    0.2920    0.0000    0.0400    0.3900    0.0000
#   age       Mtot      Mc        Menv      Mini      logL      logT      logTc     logg      logR      logrhoc   Y         Yc        Z         FeH       OFe       
   10.1000    0.5979    0.4640    0.1339    0.7979    1.5267    3.6364    8.0645    2.1864   11.8566    4.3429    0.2920    0.9167    0.0400    0.3900    0.0000
   10.1000    0.6980    0.4640    0.2340    0.7980    1.5674    3.6197    8.0644    2.1457   11.9104    4.3435    0.2920    0.9168    0.0400    0.3900    0.0000
   10.1000    0.4988    0.4640    0.0348    0.7988    1.1810    4.1260    8.0648    4.4116   10.7047    4.3404    0.2920    0.9158    0.0400    0.3900    0.0000
   10.1000    0.5989    0.4640    0.1349    0.7989    1.5273    3.6360    8.0645    2.1851   11.8576    4.3429    0.2920    0.9167    0.0400    0.3900    0.0000
   10.1000    0.6989    0.4640    0.2349    0.7989    1.5678    3.6195    8.0644    2.1454   11.9109    4.3435    0.2920    0.9168    0.0400    0.3900    0.0000
   10.1000    0.4998    0.4640    0.0358    0.7998    1.1902    4.1190    8.0648    4.3753   10.7232    4.3401    0.2920    0.9157    0.0400    0.3900    0.0000
   10.1000    0.5999    0.4640    0.1359    0.7999    1.5279    3.6356    8.0645    2.1838   11.8586    4.3429    0.2920    0.9167    0.0400    0.3900    0.0000
   10.1000    0.6999    0.4640    0.2359    0.7999    1.5682    3.6194    8.0644    2.1450   11.9114    4.3435    0.2920    0.9168    0.0400    0.3900    0.0000
   10.1000    0.5008    0.4640    0.0368    0.8008    1.2019    4.1090    8.0648    4.3243   10.7492    4.3400    0.2920    0.9156    0.0400    0.3900    0.0000
   10.1000    0.6009    0.4640    0.1369    0.8009    1.5283    3.6355    8.0645    2.1833   11.8592    4.3429    0.2920    0.9167    0.0400    0.3900    0.0000
   10.1000    0.5018    0.4640    0.0378    0.8018    1.2141    4.0983    8.0648    4.2702   10.7767    4.3400    0.2920    0.9156    0.0400    0.3900    0.0000
   10.1000    0.6018    0.4640    0.1378    0.8018    1.5287    3.6353    8.0645    2.1830   11.8597    4.3429    0.2920    0.9167    0.0400    0.3900    0.0000
   10.1000    0.5028    0.4640    0.0388    0.8028    1.2263    4.0876    8.0648    4.2160   10.8041    4.3400    0.2920    0.9156    0.0400    0.3900    0.0000
   10.1000    0.6028    0.4640    0.1388    0.8028    1.5291    3.6351    8.0645    2.1826   11.8602    4.3429    0.2920    0.9167    0.0400    0.3900    0.0000
   10.1000    0.5038    0.4640    0.0398    0.8038    1.2386    4.0769    8.0648    4.1619   10.8316    4.3400    0.2920    0.9156    0.0400    0.3900    0.0000
   10.1000    0.6038    0.4640    0.1398    0.8038    1.5295    3.6350    8.0645    2.1822   11.8607    4.3429    0.2920    0.9167    0.0400    0.3900    0.0000
   10.1000    0.5047    0.4640    0.0407    0.8047    1.2508    4.0662    8.0648    4.1078   10.8591    4.3400    0.2920    0.9156    0.0400    0.3900    0.0000
   10.1000    0.6048    0.4640    0.1408    0.8048    1.5299    3.6348    8.0645    2.1818   11.8612    4.3429    0.2920    0.9167    0.0400    0.3900    0.0000
   10.1000    0.5057    0.4640    0.0417    0.8057    1.2630    4.0555    8.0648    4.0536   10.8866    4.3401    0.2920    0.9156    0.0400    0.3900    0.0000
   10.1000    0.6058    0.4640    0.1418    0.8058    1.5303    3.6347    8.0645    2.1814   11.8617    4.3429    0.2920    0.9167    0.0400    0.3900    0.0000
   10.1000    0.5067    0.4640    0.0427    0.8067    1.2752    4.0448    8.0648    3.9995   10.9141    4.3401    0.2920    0.9156    0.0400    0.3900    0.0000
   10.1000    0.6067    0.4640    0.1427    0.8067    1.5306    3.6345    8.0645    2.1811   11.8623    4.3430    0.2920    0.9167    0.0400    0.3900    0.0000
   10.1000    0.5077    0.4640    0.0437    0.8077    1.2874    4.0341    8.0648    3.9454   10.9416    4.3401    0.2920    0.9156    0.0400    0.3900    0.0000
   10.1000    0.6077    0.4640    0.1437    0.8077    1.5310    3.6343    8.0645    2.1807   11.8628    4.3430    0.2920    0.9167    0.0400    0.3900    0.0000
   10.1000    0.5087    0.4640    0.0447    0.8087    1.2996    4.0234    8.0648    3.8912   10.9691    4.3401    0.2920    0.9156    0.0400    0.3900    0.0000
   10.1000    0.6087    0.4640    0.1447    0.8087    1.5314    3.6342    8.0645    2.1803   11.8633    4.3430    0.2920    0.9167    0.0400    0.3900    0.0000
   10.1000    0.5096    0.4640    0.0456    0.8096    1.3118    4.0127    8.0648    3.8371   10.9966    4.3401    0.2920    0.9156    0.0400    0.3900    0.0000
   10.1000    0.6097    0.4640    0.1457    0.8097    1.5318    3.6340    8.0645    2.1799   11.8638    4.3430    0.2920    0.9167    0.0400    0.3900    0.0000
   10.1000    0.5106    0.4640    0.0466    0.8106    1.3216    4.0001    8.0648    3.7776   11.0267    4.3402    0.2920    0.9156    0.0400    0.3900    0.0000
   10.1000    0.6107    0.4640    0.1467    0.8107    1.5322    3.6339    8.0645    2.1795   11.8643    4.3430    0.2920    0.9167    0.0400    0.3900    0.0000
   10.1000    0.5116    0.4640    0.0476    0.8116    1.3299    3.9863    8.0648    3.7150   11.0584    4.3402    0.2920    0.9156    0.0400    0.3900    0.0000
   10.1000    0.6116    0.4640    0.1476    0.8116    1.5326    3.6337    8.0645    2.1792   11.8649    4.3430    0.2920    0.9167    0.0400    0.3900    0.0000
   10.1000    0.5126    0.4640    0.0486    0.8126    1.3640    3.9575    8.0667    3.5669   11.1329    4.3412    0.2920    0.8729    0.0400    0.3900    0.0000
   10.1000    0.6126    0.4640    0.1486    0.8126    1.5708    3.6284    8.0677    2.1200   11.8947    4.3417    0.2920    0.8504    0.0400    0.3900    0.0000
   10.1000    0.5136    0.4640    0.0496    0.8136    1.3018    4.0164    8.0898    3.8651   10.9842    4.3156    0.2920    0.5121    0.0400    0.3900    0.0000
   10.1000    0.6136    0.4640    0.1496    0.8136    1.5196    3.6454    8.0954    2.2400   11.8351    4.2979    0.2920    0.4712    0.0400    0.3900    0.0000
   10.1000    0.5145    0.4640    0.0505    0.8145    1.3515    3.9896    8.1286    3.7093   11.0625    4.3391    0.2920    0.1846    0.0400    0.3900    0.0000
   10.1000    0.6146    0.4640    0.1506    0.8146    1.5706    3.6428    8.1557    2.1793   11.8657    4.3602    0.2920    0.0920    0.0400    0.3900    0.0000
   10.1000    0.5155    0.4640    0.0515    0.8155    2.3717    3.6640    8.0923    1.3874   12.2239    5.6301    0.2920    0.0000    0.0400    0.3900    0.0000
   10.1000    0.6156    0.4640    0.1516    0.8156    2.5891    3.5139    8.0941    0.6459   12.6328    5.7494    0.2920    0.0000    0.0400    0.3900    0.0000
   10.1000    0.5165    0.4640    0.0525    0.8165    1.6860    4.4309    8.0223    5.1416   10.3472    5.9932    0.2920    0.0000    0.0400    0.3900    0.0000
   10.1000    0.6165    0.4640    0.1525    0.8165    2.5946    3.5131    8.0935    0.6377   12.6372    5.7522    0.2920    0.0000    0.0400    0.3900    0.0000
   10.1000    0.5175    0.4640    0.0535    0.8175    1.5578    4.5540    8.0140    5.7629   10.0369    6.0314    0.2920    0.0000    0.0400    0.3900    0.0000
   10.1000    0.6175    0.4640    0.1535    0.8175    2.6002    3.5122    8.0929    0.6295   12.6417    5.7549    0.2920    0.0000    0.0400    0.3900    0.0000
   10.1000    0.5185    0.4640    0.0545    0.8185    1.4296    4.6771    8.0057    6.3843    9.7267    6.0696    0.2920    0.0000    0.0400    0.3900    0.0000
   10.1000    0.6185    0.4640    0.1545    0.8185    2.6058    3.5114    8.0923    0.6212   12.6461    5.7577    0.2920    0.0000    0.0400    0.3900    0.0000
   10.1000    0.5194    0.4640    0.0554    0.8194    1.3014    4.8002    7.9975    7.0056    9.4164    6.1078    0.2920    0.0000    0.0400    0.3900    0.0000
   10.1000    0.6195    0.4640    0.1555    0.8195    2.6113    3.5106    8.0918    0.6130   12.6505    5.7605    0.2920    0.0000    0.0400    0.3900    0.0000
   10.1000    0.5204    0.4640    0.0564    0.8204    2.5593    3.6140    8.0725    1.0041   12.4176    5.7850    0.2920    0.0000    0.0400    0.3900    0.0000
   10.1000    0.6205    0.4640    0.1565    0.8205    2.6169    3.5098    8.0912    0.6047   12.6550    5.7632    0.2920    0.0000    0.0400    0.3900    0.0000
   10.1000    0.5214    0.4640    0.0574    0.8214    2.4805    3.7528    8.0650    1.6386   12.1007    5.8194    0.2920    0.0000    0.0400    0.3900    0.0000
   10.1000    0.6214    0.4640    0.1574    0.8214    2.6225    3.5089    8.0906    0.5965   12.6594    5.7660    0.2920    0.0000    0.0400    0.3900    0.0000
   10.1000    0.5224    0.4640    0.0584    0.8224    2.4018    3.8915    8.0574    2.2731   11.7839    5.8539    0.2920    0.0000    0.0400    0.3900    0.0000
   10.1000    0.6224    0.4640    0.1584    0.8224    2.6280    3.5081    8.0901    0.5883   12.6639    5.7687    0.2920    0.0000    0.0400    0.3900    0.0000
   10.1000    0.5234    0.4640    0.0594    0.8234    2.3231    4.0303    8.0499    2.9077   11.4670    5.8884    0.2920    0.0000    0.0400    0.3900    0.0000
   10.1000    0.6234    0.4640    0.1594    0.8234    2.6336    3.5073    8.0895    0.5800   12.6683    5.7715    0.2920    0.0000    0.0400    0.3900    0.0000
   10.1000    0.5243    0.4640    0.0603    0.8243    2.2443    4.1690    8.0424    3.5422   11.1501    5.9228    0.2920    0.0000    0.0400    0.3900    0.0000
   10.1000    0.6244    0.4640    0.1604    0.8244    2.6392    3.5064    8.0889    0.5718   12.6728    5.7743    0.2920    0.0000    0.0400    0.3900    0.0000
   10.1000    0.5253    0.4640    0.0613    0.8253    2.1656    4.3078    8.0348    4.1768   10.8333    5.9573    0.2920    0.0000    0.0400    0.3900    0.0000
   10.1000    0.6254    0.4640    0.1614    0.8254    2.6447    3.5056    8.0883    0.5636   12.6772    5.7770    0.2920    0.0000    0.0400    0.3900    0.0000
   10.1000    0.5263    0.4640    0.0623    0.8263    2.0869    4.4465    8.0273    4.8113   10.5164    5.9918    0.2920    0.0000    0.0400    0.3900    0.0000
   10.1000    0.6264    0.4640    0.1624    0.8264    2.6503    3.5048    8.0878    0.5553   12.6817    5.7798    0.2920    0.0000    0.0400    0.3900    0.0000
   10.1000    0.5273    0.4640    0.0633    0.8273    2.0082    4.5853    8.0198    5.4459   10.1995    6.0263    0.2920    0.0000    0.0400    0.3900    0.0000
   10.1000    0.6273    0.4640    0.1633    0.8273    2.6559    3.5039    8.0872    0.5471   12.6861    5.7825    0.2920    0.0000    0.0400    0.3900    0.0000
   10.1000    0.5283    0.4640    0.0643    0.8283    1.9294    4.7240    8.0122    6.0804    9.8827    6.0607    0.2920    0.0000    0.0400    0.3900    0.0000
   10.1000    0.6283    0.4640    0.1643    0.8283    2.6614    3.5031    8.0866    0.5389   12.6906    5.7853    0.2920    0.0000    0.0400    0.3900    0.0000
   10.1000    0.5293    0.4640    0.0653    0.8293    1.8507    4.8628    8.0047    6.7149    9.5658    6.0952    0.2920    0.0000    0.0400    0.3900    0.0000
#   age       Mtot      Mc        Menv      Mini      logL      logT      logTc     logg      logR      logrhoc   Y         Yc        Z         FeH       OFe       
   10.1500    0.4684    0.4640    0.0044    0.7684    1.0250    4.3561    8.0625    5.4608   10.1664    4.3602    0.2920    0.9186    0.0400    0.3900    0.0000
   10.1500    0.5685    0.4640    0.1045    0.7685    1.5064    3.6503    8.0645    2.2403   11.8186    4.3426    0.2920    0.9167    0.0400    0.3900    0.0000
   10.1500    0.6685    0.4640    0.2045    0.7685    1.5556    3.6245    8.0645    2.1571   11.8949    4.3433    0.2920    0.9168    0.0400    0.3900    0.0000
   10.1500    0.4694    0.4640    0.0054    0.7694    1.0276    4.3434    8.0626    5.4085   10.1930    4.3591    0.2920    0.9186    0.0400    0.3900    0.0000
   10.1500    0.5695    0.4640    0.1055    0.7695    1.5072    3.6497    8.0645    2.2376   11.8203    4.3426    0.2920    0.9167    0.0400    0.3900    0.0000
   10.1500    0.6695    0.4640    0.2055    0.7695    1.5560    3.6243    8.0645    2.1568   11.8954    4.3433    0.2920    0.9168    0.0400    0.3900    0.0000
   10.1500    0.4704    0.4640    0.0064    0.7704    1.0304    4.3322    8.0628    5.3616   10.2169    4.3581    0.2920    0.9185    0.0400    0.3900    0.0000
   10.1500    0.5704    0.4640    0.1064    0.7704    1.5081    3.6490    8.0645    2.2350   11.8220    4.3426    0.2920    0.9167    0.0400    0.3900    0.0000
   10.1500    0.6705    0.4640    0.2065    0.7705    1.5564    3.6241    8.0645    2.1564   11.8959    4.3433    0.2920    0.9168    0.0400    0.3900    0.0000
   10.1500    0.4714    0.4640    0.0074    0.7714    1.0334    4.3229    8.0629    5.3225   10.2369    4.3573    0.2920    0.9184    0.0400    0.3900    0.0000
   10.1500    0.5714    0.4640    0.1074    0.7714    1.5089    3.6484    8.0645    2.2324   11.8237    4.3426    0.2920    0.9167    0.0400    0.3900    0.0000
   10.1500    0.6715    0.4640    0.2075    0.7715    1.5568    3.6240    8.0645    2.1560   11.8964    4.3433    0.2920    0.9168    0.0400    0.3900    0.0000
   10.1500    0.4724    0.4640    0.0084    0.7724    1.0364    4.3137    8.0630    5.2835   10.2569    4.3564    0.2920    0.9183    0.0400    0.3900    0.0000
   10.1500    0.5724    0.4640    0.1084    0.7724    1.5097    3.6477    8.0645    2.2297   11.8254    4.3426    0.2920    0.9167    0.0400    0.3900    0.0000
   10.1500    0.6725    0.4640    0.2085    0.7725    1.5572    3.6238    8.0644    2.1556   11.8969    4.3433    0.2920    0.9168    0.0400    0.3900    0.0000
   10.1500    0.4733    0.4640    0.0093    0.7733    1.0394    4.3045    8.0630    5.2444   10.2769    4.3555    0.2920    0.9182    0.0400    0.3900    0.0000
   10.1500    0.5734    0.4640    0.1094    0.7734    1.5105    3.6471    8.0645    2.2271   11.8270    4.3426    0.2920    0.9167    0.0400    0.3900    0.0000
   10.1500    0.6734    0.4640    0.2094    0.7734    1.5575    3.6237    8.0644    2.1552   11.8975    4.3433    0.2920    0.9168    0.0400    0.3900    0.0000
   10.1500    0.4743    0.4640    0.0103    0.7743    1.0424    4.2952    8.0631    5.2053   10.2969    4.3546    0.2920    0.9180    0.0400    0.3900    0.0000
   10.1500    0.5744    0.4640    0.1104    0.7744    1.5113    3.6465    8.0645    2.2245   11.8287    4.3427    0.2920    0.9167    0.0400    0.3900    0.0000
   10.1500    0.6744    0.4640    0.2104    0.7744    1.5579    3.6235    8.0644    2.1549   11.8980    4.3434    0.2920    0.9168    0.0400    0.3900    0.0000
   10.1500    0.4753    0.4640    0.0113    0.7753    1.0453    4.2866    8.0633    5.1687   10.3156    4.3538    0.2920    0.9179    0.0400    0.3900    0.0000
   10.1500    0.5754    0.4640    0.1114    0.7754    1.5121    3.6458    8.0645    2.2219   11.8304    4.3427    0.2920    0.9167    0.0400    0.3900    0.0000
   10.1500    0.6754    0.4640    0.2114    0.7754    1.5583    3.6234    8.0644    2.1545   11.8985    4.3434    0.2920    0.9168    0.0400    0.3900    0.0000
   10.1500    0.4763    0.4640    0.0123    0.7763    1.0481    4.2793    8.0634    5.1378   10.3315    4.3530    0.2920    0.9176    0.0400    0.3900    0.0000
   10.1500    0.5763    0.4640    0.1123    0.7763    1.5130    3.6452    8.0645    2.2192   11.8321    4.3427    0.2920    0.9167    0.0400    0.3900    0.0000
   10.1500    0.6764    0.4640    0.2124    0.7764    1.5587    3.6232    8.0644    2.1541   11.8990    4.3434    0.2920    0.9168    0.0400    0.3900    0.0000
   10.1500    0.4773    0.4640    0.0133    0.7773    1.0508    4.2720    8.0635    5.1068   10.3474    4.3522    0.2920    0.9173    0.0400    0.3900    0.0000
   10.1500    0.5773    0.4640    0.1133    0.7773    1.5138    3.6445    8.0645    2.2166   11.8338    4.3427    0.2920    0.9167    0.0400    0.3900    0.0000
   10.1500    0.6774    0.4640    0.2134    0.7774    1.5591    3.6230    8.0644    2.1537   11.8995    4.3434    0.2920    0.9168    0.0400    0.3900    0.0000
   10.1500    0.4783    0.4640    0.0143    0.7783    1.0536    4.2648    8.0636    5.0759   10.3633    4.3515    0.2920    0.9170    0.0400    0.3900    0.0000
   10.1500    0.5783    0.4640    0.1143    0.7783    1.5146    3.6439    8.0645    2.2140   11.8355    4.3427    0.2920    0.9167    0.0400    0.3900    0.0000
   10.1500    0.6783    0.4640    0.2143    0.7783    1.5595    3.6229    8.0644    2.1533   11.9000    4.3434    0.2920    0.9168    0.0400    0.3900    0.0000
   10.1500    0.4792    0.4640    0.0152    0.7792    1.0564    4.2575    8.0637    5.0449   10.3793    4.3507    0.2920    0.9168    0.0400    0.3900    0.0000
   10.1500    0.5793    0.4640    0.1153    0.7793    1.5154    3.6433    8.0645    2.2113   11.8372    4.3427    0.2920    0.9167    0.0400    0.3900    0.0000
   10.1500    0.6793    0.4640    0.2153    0.7793    1.5599    3.6227    8.0644    2.1530   11.9006    4.3434    0.2920    0.9168    0.0400    0.3900    0.0000
   10.1500    0.4802    0.4640    0.0162    0.7802    1.0591    4.2504    8.0638    5.0148   10.3948    4.3499    0.2920    0.9166    0.0400    0.3900    0.0000
   10.1500    0.5803    0.4640    0.1163    0.7803    1.5162    3.6427    8.0645    2.2091   11.8387    4.3427    0.2920    0.9167    0.0400    0.3900    0.0000
   10.1500    0.6803    0.4640    0.2163    0.7803    1.5603    3.6226    8.0644    2.1526   11.9011    4.3434    0.2920    0.9168    0.0400    0.3900    0.0000
   10.1500    0.4812    0.4640    0.0172    0.7812    1.0620    4.2440    8.0638    4.9874   10.4089    4.3492    0.2920    0.9167    0.0400    0.3900    0.0000
   10.1500    0.5812    0.4640    0.1172    0.7812    1.5168    3.6424    8.0645    2.2078   11.8397    4.3427    0.2920    0.9167    0.0400    0.3900    0.0000
   10.1500    0.6813    0.4640    0.2173    0.7813    1.5607    3.6224    8.0644    2.1522   11.9016    4.3434    0.2920    0.9168    0.0400    0.3900    0.0000
   10.1500    0.4822    0.4640    0.0182    0.7822    1.0892    4.2292    8.0705    4.9017   10.4522    4.3487    0.2920    0.7737    0.0400    0.3900    0.0000
   10.1500    0.5822    0.4640    0.1182    0.7822    1.5385    3.6424    8.0742    2.1869   11.8505    4.3313    0.2920    0.7418    0.0400    0.3900    0.0000
   10.1500    0.6823    0.4640    0.2183    0.7823    1.5813    3.6222    8.0756    2.1315   11.9123    4.3274    0.2920    0.7212    0.0400    0.3900    0.0000
   10.1500    0.4832    0.4640    0.0192    0.7832    1.1833    4.1936    8.0952    4.6661   10.5704    4.3326    0.2920    0.4216    0.0400    0.3900    0.0000
   10.1500    0.5832    0.4640    0.1192    0.7832    1.4907    3.6657    8.1091    2.3287   11.7800    4.2957    0.2920    0.3374    0.0400    0.3900    0.0000
   10.1500    0.6832    0.4640    0.2192    0.7832    1.5517    3.6326    8.1133    2.2036   11.8766    4.2907    0.2920    0.3091    0.0400    0.3900    0.0000
   10.1500    0.4841    0.4640    0.0201    0.7841    1.3121    4.1831    8.1657    4.4964   10.6557    4.4456    0.2920    0.0526    0.0400    0.3900    0.0000
   10.1500    0.5842    0.4640    0.1202    0.7842    2.1983    3.5675    8.1163    1.2289   12.3303    5.4461    0.2920    0.0000    0.0400    0.3900    0.0000
   10.1500    0.6842    0.4640    0.2202    0.7842    2.5393    3.5196    8.1065    0.7643   12.5966    5.7210    0.2920    0.0000    0.0400    0.3900    0.0000
   10.1500    0.4851    0.4640    0.0211    0.7851    0.3725    4.6954    7.9109    7.4859    9.1614    6.1178    0.2920    0.0000    0.0400    0.3900    0.0000
   10.1500    0.5852    0.4640    0.1212    0.7852    2.6989    3.5037    8.0815    0.4737   12.7082    5.8161    0.2920    0.0000    0.0400    0.3900    0.0000
   10.1500    0.6852    0.4640    0.2212    0.7852    2.9843    3.4549    8.0535    0.0612   12.9484    5.9453    0.2920    0.0000    0.0400    0.3900    0.0000
   10.1500    0.4861    0.4640    0.0221    0.7861    0.3207    4.6857    7.9016    7.4998    9.1549    6.1259    0.2920    0.0000    0.0400    0.3900    0.0000
   10.1500    0.5861    0.4640    0.1221    0.7861    2.7134    3.5016    8.0800    0.4516   12.7197    5.8230    0.2920    0.0000    0.0400    0.3900    0.0000
   10.1500    0.6862    0.4640    0.2222    0.7862    2.9899    3.4540    8.0529    0.0530   12.9529    5.9481    0.2920    0.0000    0.0400    0.3900    0.0000
   10.1500    0.4871    0.4640    0.0231    0.7871    0.2689    4.6760    7.8923    7.5137    9.1484    6.1341    0.2920    0.0000    0.0400    0.3900    0.0000
   10.1500    0.5871    0.4640    0.1231    0.7871    2.7279    3.4995    8.0784    0.4294   12.7311    5.8298    0.2920    0.0000    0.0400    0.3900    0.0000
   10.1500    0.6872    0.4640    0.2232    0.7872    2.9954    3.4532    8.0523    0.0447   12.9573    5.9508    0.2920    0.0000    0.0400    0.3900    0.0000
   10.1500    0.4881    0.4640    0.0241    0.7881    0.2171    4.6663    7.8829    7.5276    9.1419    6.1423    0.2920    0.0000    0.0400    0.3900    0.0000
   10.1500    0.5881    0.4640    0.1241    0.7881    2.7425    3.4974    8.0769    0.4072   12.7425    5.8366    0.2920    0.0000    0.0400    0.3900    0.0000
   10.1500    0.6881    0.4640    0.2241    0.7881    3.0010    3.4524    8.0518    0.0365   12.9617    5.9536    0.2920    0.0000    0.0400    0.3900    0.0000
   10.1500    0.4890    0.4640    0.0250    0.7890    0.1653    4.6566    7.8736    7.5414    9.1354    6.1504    0.2920    0.0000    0.0400    0.3900    0.0000
   10.1500    0.5891    0.4640    0.1251    0.7891    2.7570    3.4953    8.0754    0.3851   12.7540    5.8435    0.2920    0.0000    0.0400    0.3900    0.0000
   10.1500    0.6891    0.4640    0.2251    0.7891    3.0066    3.4516    8.0512    0.0283   12.9662    5.9564    0.2920    0.0000    0.0400    0.3900    0.0000
   10.1500    0.4900    0.4640    0.0260    0.7900    2.4062    4.3731    8.0605    4.1673   10.8229    5.7257    0.2920    0.0000    0.0400    0.3900    0.0000
   10.1500    0.5901    0.4640    0.1261    0.7901    2.7715    3.4932    8.0738    0.3629   12.7654    5.8503    0.2920    0.0000    0.0400    0.3900    0.0000
   10.1500    0.6901    0.4640    0.2261    0.7901    3.0121    3.4507    8.0506    0.0200   12.9706    5.9591    0.2920    0.0000    0.0400    0.3900    0.0000
   10.1500    0.4910    0.4640    0.0270    0.7910    2.2066    4.4057    8.0447    4.4981   10.6579    5.7690    0.2920    0.0000    0.0400    0.3900    0.0000
   10.1500    0.5910    0.4640    0.1270    0.7910    2.7860    3.4911    8.0723    0.3408   12.7769    5.8571    0.2920    0.0000    0.0400    0.3900    0.0000
   10.1500    0.6911    0.4640    0.2271    0.7911    3.0177    3.4499    8.0501    0.0118   12.9751    5.9619    0.2920    0.0000    0.0400    0.3900    0.0000
   10.1500    0.4920    0.4640    0.0280    0.7920    2.0070    4.4383    8.0290    4.8288   10.4930    5.8123    0.2920    0.0000    0.0400    0.3900    0.0000
   10.1500    0.5920    0.4640    0.1280    0.7920    2.8006    3.4890    8.0708    0.3186   12.7883    5.8640    0.2920    0.0000    0.0400    0.3900    0.0000
   10.1500    0.6921    0.4640    0.2281    0.7921    3.0233    3.4491    8.0495    0.0035   12.9795    5.9646    0.2920    0.0000    0.0400    0.3900    0.0000
   10.1500    0.4930    0.4640    0.0290    0.7930    1.8074    4.4708    8.0132    5.1596   10.3280    5.8555    0.2920    0.0000    0.0400    0.3900    0.0000
   10.1500    0.5930    0.4640    0.1290    0.7930    2.8151    3.4869    8.0692    0.2964   12.7997    5.8708    0.2920    0.0000    0.0400    0.3900    0.0000
   10.1500    0.6930    0.4640    0.2290    0.7930    3.0288    3.4482    8.0489   -0.0047   12.9840    5.9674    0.2920    0.0000    0.0400    0.3900    0.0000
   10.1500    0.4939    0.4640    0.0299    0.7939    1.6078    4.5034    7.9974    5.4904   10.1630    5.8988    0.2920    0.0000    0.0400    0.3900    0.0000
   10.1500    0.5940    0.4640    0.1300    0.7940    2.8296    3.4848    8.0677    0.2743   12.8112    5.8777    0.2920    0.0000    0.0400    0.3900    0.0000
   10.1500    0.6940    0.4640    0.2300    0.7940    3.0344    3.4474    8.0483   -0.0129   12.9884    5.9702    0.2920    0.0000    0.0400    0.3900    0.0000
   10.1500    0.4949    0.4640    0.0309    0.7949    1.4083    4.5360    7.9817    5.8212    9.9981    5.9421    0.2920    0.0000    0.0400    0.3900    0.0000
   10.1500    0.5950    0.4640    0.1310    0.7950    2.8442    3.4827    8.0661    0.2521   12.8226    5.8845    0.2920    0.0000    0.0400    0.3900    0.0000
   10.1500    0.6950    0.4640    0.2310    0.7950    3.0400    3.4466    8.0478   -0.0212   12.9929    5.9729    0.2920    0.0000    0.0400    0.3900    0.0000
   10.1500    0.4959    0.4640    0.0319    0.7959    1.2087    4.5686    7.9659    6.1520    9.8331    5.9853    0.2920    0.0000    0.0400    0.3900    0.0000
   10.1500    0.5959    0.4640    0.1319    0.7959    2.8587    3.4807    8.0646    0.2299   12.8341    5.8913    0.2920    0.0000    0.0400    0.3900    0.0000
   10.1500    0.6960    0.4640    0.2320    0.7960    3.0455    3.4457    8.0472   -0.0294   12.9973    5.9757    0.2920    0.0000    0.0400    0.3900    0.0000
   10.1500    0.4969    0.4640    0.0329    0.7969    1.0091    4.6012    7.9501    6.4827    9.6682    6.0286    0.2920    0.0000    0.0400    0.3900    0.0000
   10.1500    0.5969    0.4640    0.1329    0.7969    2.8732    3.4786    8.0631    0.2078   12.8455    5.8982    0.2920    0.0000    0.0400    0.3900    0.0000
   10.1500    0.6970    0.4640    0.2330    0.7970    3.0511    3.4449    8.0466   -0.0376   13.0018    5.9784    0.2920    0.0000    0.0400    0.3900    0.0000
   10.1500    0.4979    0.4640    0.0339    0.7979    0.8095    4.6338    7.9344    6.8135    9.5032    6.0719    0.2920    0.0000    0.0400    0.3900    0.0000
#   age       Mtot      Mc        Menv      Mini      logL      logT      logTc     logg      logR      logrhoc   Y         Yc        Z         FeH       OFe       
   10.2000    0.5391    0.4640    0.0751    0.7391    1.4700    3.6899    8.0646    2.4120   11.7212    4.3420    0.2920    0.9166    0.0400    0.3900    0.0000
   10.2000    0.6391    0.4640    0.1751    0.7391    1.5437    3.6292    8.0645    2.1685   11.8793    4.3431    0.2920    0.9168    0.0400    0.3900    0.0000
   10.2000    0.5400    0.4640    0.0760    0.7400    1.4724    3.6857    8.0645    2.3939   11.7307    4.3420    0.2920    0.9166    0.0400    0.3900    0.0000
   10.2000    0.6401    0.4640    0.1761    0.7401    1.5441    3.6291    8.0645    2.1682   11.8799    4.3432    0.2920    0.9168    0.0400    0.3900    0.0000
   10.2000    0.5410    0.4640    0.0770    0.7410    1.4737    3.6843    8.0645    2.3875   11.7343    4.3420    0.2920    0.9166    0.0400    0.3900    0.0000
   10.2000    0.6411    0.4640    0.1771    0.7411    1.5445    3.6289    8.0645    2.1678   11.8804    4.3432    0.2920    0.9168    0.0400    0.3900    0.0000
   10.2000    0.5420    0.4640    0.0780    0.7420    1.4750    3.6828    8.0645    2.3810   11.7379    4.3421    0.2920    0.9166    0.0400    0.3900    0.0000
   10.2000    0.6420    0.4640    0.1780    0.7420    1.5449    3.6288    8.0645    2.1674   11.8809    4.3432    0.2920    0.9168    0.0400    0.3900    0.0000
   10.2000    0.5430    0.4640    0.0790    0.7430    1.4764    3.6813    8.0645    2.3746   11.7415    4.3421    0.2920    0.9166    0.0400    0.3900    0.0000
   10.2000    0.6430    0.4640    0.1790    0.7430    1.5453    3.6286    8.0645    2.1670   11.8814    4.3432    0.2920    0.9168    0.0400    0.3900    0.0000
   10.2000    0.5440    0.4640    0.0800    0.7440    1.4777    3.6799    8.0645    2.3682   11.7451    4.3421    0.2920    0.9166    0.0400    0.3900    0.0000
   10.2000    0.6440    0.4640    0.1800    0.7440    1.5457    3.6285    8.0645    2.1666   11.8819    4.3432    0.2920    0.9168    0.0400    0.3900    0.0000
   10.2000    0.5449    0.4640    0.0809    0.7449    1.4790    3.6784    8.0645    2.3617   11.7487    4.3421    0.2920    0.9166    0.0400    0.3900    0.0000
   10.2000    0.6450    0.4640    0.1810    0.7450    1.5461    3.6283    8.0645    2.1663   11.8824    4.3432    0.2920    0.9168    0.0400    0.3900    0.0000
   10.2000    0.5459    0.4640    0.0819    0.7459    1.4803    3.6769    8.0645    2.3553   11.7523    4.3422    0.2920    0.9166    0.0400    0.3900    0.0000
   10.2000    0.6460    0.4640    0.1820    0.7460    1.5465    3.6281    8.0645    2.1659   11.8830    4.3432    0.2920    0.9168    0.0400    0.3900    0.0000
   10.2000    0.5469    0.4640    0.0829    0.7469    1.4817    3.6754    8.0645    2.3489   11.7559    4.3422    0.2920    0.9167    0.0400    0.3900    0.0000
   10.2000    0.6470    0.4640    0.1830    0.7470    1.5469    3.6280    8.0645    2.1655   11.8835    4.3432    0.2920    0.9168    0.0400    0.3900    0.0000
   10.2000    0.5479    0.4640    0.0839    0.7479    1.4830    3.6740    8.0645    2.3424   11.7595    4.3422    0.2920    0.9167    0.0400    0.3900    0.0000
   10.2000    0.6479    0.4640    0.1839    0.7479    1.5473    3.6278    8.0645    2.1651   11.8840    4.3432    0.2920    0.9168    0.0400    0.3900    0.0000
   10.2000    0.5489    0.4640    0.0849    0.7489    1.4843    3.6725    8.0645    2.3360   11.7631    4.3422    0.2920    0.9167    0.0400    0.3900    0.0000
   10.2000    0.6489    0.4640    0.1849    0.7489    1.5477    3.6277    8.0645    2.1647   11.8845    4.3432    0.2920    0.9168    0.0400    0.3900    0.0000
   10.2000    0.5499    0.4640    0.0859    0.7499    1.4856    3.6710    8.0645    2.3296   11.7667    4.3423    0.2920    0.9167    0.0400    0.3900    0.0000
   10.2000    0.6499    0.4640    0.1859    0.7499    1.5481    3.6275    8.0645    2.1644   11.8850    4.3432    0.2920    0.9168    0.0400    0.3900    0.0000
   10.2000    0.5508    0.4640    0.0868    0.7508    1.4870    3.6696    8.0645    2.3232   11.7703    4.3423    0.2920    0.9167    0.0400    0.3900    0.0000
   10.2000    0.6509    0.4640    0.1869    0.7509    1.5484    3.6273    8.0645    2.1640   11.8856    4.3432    0.2920    0.9168    0.0400    0.3900    0.0000
   10.2000    0.5518    0.4640    0.0878    0.7518    1.4883    3.6681    8.0645    2.3167   11.7739    4.3423    0.2920    0.9167    0.0400    0.3900    0.0000
   10.2000    0.6519    0.4640    0.1879    0.7519    1.5488    3.6272    8.0645    2.1636   11.8861    4.3432    0.2920    0.9168    0.0400    0.3900    0.0000
   10.2000    0.5528    0.4640    0.0888    0.7528    1.5024    3.6758    8.0762    2.3342   11.7656    4.3284    0.2920    0.7081    0.0400    0.3900    0.0000
   10.2000    0.6528    0.4640    0.1888    0.7528    1.5636    3.6288    8.0782    2.1560   11.8902    4.3231    0.2920    0.6830    0.0400    0.3900    0.0000
   10.2000    0.5538    0.4640    0.0898    0.7538    1.4549    3.7359    8.1239    2.6228   11.6217    4.3134    0.2920    0.2238    0.0400    0.3900    0.0000
   10.2000    0.6538    0.4640    0.1898    0.7538    1.5491    3.6391    8.1304    2.2121   11.8625    4.3094    0.2920    0.1949    0.0400    0.3900    0.0000
   10.2000    0.5548    0.4640    0.0908    0.7548    2.8443    3.5004    8.0488    0.2919   12.7874    5.8911    0.2920    0.0000    0.0400    0.3900    0.0000
   10.2000    0.6548    0.4640    0.1908    0.7548    2.8117    3.4807    8.0712    0.3165   12.8106    5.8598    0.2920    0.0000    0.0400    0.3900    0.0000
   10.2000    0.5557    0.4640    0.0917    0.7557    2.8611    3.4982    8.0465    0.2671   12.8002    5.8993    0.2920    0.0000    0.0400    0.3900    0.0000
   10.2000    0.6558    0.4640    0.1918    0.7558    2.8173    3.4798    8.0706    0.3083   12.8150    5.8626    0.2920    0.0000    0.0400    0.3900    0.0000
   10.2000    0.5567    0.4640    0.0927    0.7567    2.8778    3.4960    8.0442    0.2424   12.8129    5.9076    0.2920    0.0000    0.0400    0.3900    0.0000
   10.2000    0.6568    0.4640    0.1928    0.7568    2.8229    3.4790    8.0701    0.3000   12.8195    5.8653    0.2920    0.0000    0.0400    0.3900    0.0000
   10.2000    0.5577    0.4640    0.0937    0.7577    2.8946    3.4938    8.0418    0.2177   12.8256    5.9158    0.2920    0.0000    0.0400    0.3900    0.0000
   10.2000    0.6577    0.4640    0.1937    0.7577    2.8284    3.4782    8.0695    0.2918   12.8239    5.8681    0.2920    0.0000    0.0400    0.3900    0.0000
   10.2000    0.5587    0.4640    0.0947    0.7587    2.9113    3.4917    8.0395    0.1930   12.8384    5.9241    0.2920    0.0000    0.0400    0.3900    0.0000
   10.2000    0.6587    0.4640    0.1947    0.7587    2.8340    3.4773    8.0689    0.2836   12.8284    5.8708    0.2920    0.0000    0.0400    0.3900    0.0000
   10.2000    0.5597    0.4640    0.0957    0.7597    2.9281    3.4895    8.0372    0.1683   12.8511    5.9323    0.2920    0.0000    0.0400    0.3900    0.0000
   10.2000    0.6597    0.4640    0.1957    0.7597    2.8396    3.4765    8.0683    0.2753   12.8328    5.8736    0.2920    0.0000    0.0400    0.3900    0.0000
   10.2000    0.5606    0.4640    0.0966    0.7606    2.9449    3.4873    8.0349    0.1436   12.8638    5.9406    0.2920    0.0000    0.0400    0.3900    0.0000
   10.2000    0.6607    0.4640    0.1967    0.7607    2.8451    3.4757    8.0678    0.2671   12.8373    5.8763    0.2920    0.0000    0.0400    0.3900    0.0000
   10.2000    0.5616    0.4640    0.0976    0.7616    2.9616    3.4851    8.0326    0.1189   12.8766    5.9488    0.2920    0.0000    0.0400    0.3900    0.0000
   10.2000    0.6617    0.4640    0.1977    0.7617    2.8507    3.4748    8.0672    0.2589   12.8417    5.8791    0.2920    0.0000    0.0400    0.3900    0.0000
   10.2000    0.5626    0.4640    0.0986    0.7626    2.9784    3.4829    8.0302    0.0942   12.8893    5.9571    0.2920    0.0000    0.0400    0.3900    0.0000
   10.2000    0.6626    0.4640    0.1986    0.7626    2.8563    3.4740    8.0666    0.2506   12.8462    5.8819    0.2920    0.0000    0.0400    0.3900    0.0000
   10.2000    0.5636    0.4640    0.0996    0.7636    2.9951    3.4808    8.0279    0.0695   12.9021    5.9654    0.2920    0.0000    0.0400    0.3900    0.0000
   10.2000    0.6636    0.4640    0.1996    0.7636    2.8618    3.4732    8.0661    0.2424   12.8506    5.8846    0.2920    0.0000    0.0400    0.3900    0.0000
   10.2000    0.5646    0.4640    0.1006    0.7646    3.0119    3.4786    8.0256    0.0448   12.9148    5.9736    0.2920    0.0000    0.0400    0.3900    0.0000
   10.2000    0.6646    0.4640    0.2006    0.7646    2.8674    3.4723    8.0655    0.2341   12.8550    5.8874    0.2920    0.0000    0.0400    0.3900    0.0000
   10.2000    0.5655    0.4640    0.1015    0.7655    3.0286    3.4764    8.0233    0.0201   12.9275    5.9819    0.2920    0.0000    0.0400    0.3900    0.0000
   10.2000    0.6656    0.4640    0.2016    0.7656    2.8730    3.4715    8.0649    0.2259   12.8595    5.8901    0.2920    0.0000    0.0400    0.3900    0.0000
   10.2000    0.5665    0.4640    0.1025    0.7665    3.0454    3.4742    8.0210   -0.0046   12.9403    5.9901    0.2920    0.0000    0.0400    0.3900    0.0000
   10.2000    0.6666    0.4640    0.2026    0.7666    2.8785    3.4707    8.0643    0.2177   12.8639    5.8929    0.2920    0.0000    0.0400    0.3900    0.0000
   10.2000    0.4670    0.4640    0.0030    0.7670    0.1049    4.6325    7.8773    7.4855    9.1534    6.0865    0.2920    0.0000    0.0400    0.3900    0.0000
   10.2000    0.4675    0.4640    0.0035    0.7675    0.2506    4.6604    7.9005    7.4516    9.1705    6.0726    0.2920    0.0000    0.0400    0.3900    0.0000
   10.2000    0.5675    0.4640    0.1035    0.7675    3.0621    3.4720    8.0186   -0.0294   12.9530    5.9984    0.2920    0.0000    0.0400    0.3900    0.0000
   10.2000    0.6675    0.4640    0.2035    0.7675    2.8841    3.4698    8.0638    0.2094   12.8684    5.8957    0.2920    0.0000    0.0400    0.3900    0.0000
#   age       Mtot      Mc        Menv      Mini      logL      logT      logTc     logg      logR      logrhoc   Y         Yc        Z         FeH       OFe       
   10.2500    0.5116    0.4640    0.0476    0.7116    1.3299    3.9863    8.0648    3.7150   11.0584    4.3402    0.2920    0.9156    0.0400    0.3900    0.0000
   10.2500    0.6116    0.4640    0.1476    0.7116    1.5326    3.6337    8.0645    2.1792   11.8649    4.3430    0.2920    0.9167    0.0400    0.3900    0.0000
   10.2500    0.5126    0.4640    0.0486    0.7126    1.3382    3.9725    8.0648    3.6524   11.0901    4.3403    0.2920    0.9156    0.0400    0.3900    0.0000
   10.2500    0.6126    0.4640    0.1486    0.7126    1.5330    3.6336    8.0645    2.1788   11.8654    4.3430    0.2920    0.9167    0.0400    0.3900    0.0000
   10.2500    0.5136    0.4640    0.0496    0.7136    1.3466    3.9588    8.0648    3.5899   11.1218    4.3404    0.2920    0.9156    0.0400    0.3900    0.0000
   10.2500    0.6136    0.4640    0.1496    0.7136    1.5334    3.6334    8.0645    2.1784   11.8659    4.3430    0.2920    0.9167    0.0400    0.3900    0.0000
   10.2500    0.5145    0.4640    0.0505    0.7145    1.3549    3.9450    8.0648    3.5273   11.1535    4.3405    0.2920    0.9156    0.0400    0.3900    0.0000
   10.2500    0.6146    0.4640    0.1506    0.7146    1.5338    3.6332    8.0645    2.1780   11.8664    4.3430    0.2920    0.9167    0.0400    0.3900    0.0000
   10.2500    0.5155    0.4640    0.0515    0.7155    1.3632    3.9312    8.0648    3.4647   11.1852    4.3406    0.2920    0.9156    0.0400    0.3900    0.0000
   10.2500    0.6156    0.4640    0.1516    0.7156    1.5342    3.6331    8.0645    2.1776   11.8669    4.3430    0.2920    0.9167    0.0400    0.3900    0.0000
   10.2500    0.5165    0.4640    0.0525    0.7165    1.3715    3.9174    8.0647    3.4021   11.2169    4.3406    0.2920    0.9156    0.0400    0.3900    0.0000
   10.2500    0.6165    0.4640    0.1525    0.7165    1.5346    3.6329    8.0645    2.1773   11.8674    4.3430    0.2920    0.9167    0.0400    0.3900    0.0000
   10.2500    0.5175    0.4640    0.0535    0.7175    1.3799    3.9036    8.0647    3.3395   11.2486    4.3407    0.2920    0.9156    0.0400    0.3900    0.0000
   10.2500    0.6175    0.4640    0.1535    0.7175    1.5350    3.6328    8.0645    2.1769   11.8680    4.3430    0.2920    0.9167    0.0400    0.3900    0.0000
   10.2500    0.5185    0.4640    0.0545    0.7185    1.3882    3.8899    8.0647    3.2769   11.2803    4.3408    0.2920    0.9156    0.0400    0.3900    0.0000
   10.2500    0.6185    0.4640    0.1545    0.7185    1.5354    3.6326    8.0645    2.1765   11.8685    4.3430    0.2920    0.9167    0.0400    0.3900    0.0000
   10.2500    0.5194    0.4640    0.0554    0.7194    1.3965    3.8761    8.0647    3.2143   11.3120    4.3409    0.2920    0.9156    0.0400    0.3900    0.0000
   10.2500    0.6195    0.4640    0.1555    0.7195    1.5358    3.6324    8.0645    2.1761   11.8690    4.3430    0.2920    0.9167    0.0400    0.3900    0.0000
   10.2500    0.5204    0.4640    0.0564    0.7204    1.4032    3.8624    8.0647    3.1536   11.3428    4.3410    0.2920    0.9156    0.0400    0.3900    0.0000
   10.2500    0.6205    0.4640    0.1565    0.7205    1.5362    3.6323    8.0645    2.1757   11.8695    4.3430    0.2920    0.9167    0.0400    0.3900    0.0000
   10.2500    0.5214    0.4640    0.0574    0.7214    1.4077    3.8487    8.0647    3.0952   11.3724    4.3411    0.2920    0.9157    0.0400    0.3900    0.0000
   10.2500    0.6214    0.4640    0.1574    0.7214    1.5366    3.6321    8.0645    2.1754   11.8700    4.3430    0.2920    0.9167    0.0400    0.3900    0.0000
   10.2500    0.5224    0.4640    0.0584    0.7224    1.4122    3.8351    8.0647    3.0369   11.4020    4.3412    0.2920    0.9158    0.0400    0.3900    0.0000
   10.2500    0.6224    0.4640    0.1584    0.7224    1.5370    3.6320    8.0645    2.1750   11.8705    4.3430    0.2920    0.9167    0.0400    0.3900    0.0000
   10.2500    0.5234    0.4640    0.0594    0.7234    1.4168    3.8214    8.0647    2.9785   11.4315    4.3413    0.2920    0.9158    0.0400    0.3900    0.0000
   10.2500    0.6234    0.4640    0.1594    0.7234    1.5374    3.6318    8.0645    2.1746   11.8711    4.3431    0.2920    0.9167    0.0400    0.3900    0.0000
   10.2500    0.5243    0.4640    0.0603    0.7243    1.4453    3.8198    8.0731    2.9445   11.4490    4.3349    0.2920    0.7541    0.0400    0.3900    0.0000
   10.2500    0.6244    0.4640    0.1604    0.7244    1.5567    3.6324    8.0757    2.1581   11.8796    4.3281    0.2920    0.7195    0.0400    0.3900    0.0000
   10.2500    0.5253    0.4640    0.0613    0.7253    1.3774    3.9307    8.1231    3.4567   11.1933    4.3231    0.2920    0.2210    0.0400    0.3900    0.0000
   10.2500    0.6254    0.4640    0.1614    0.7254    1.5496    3.6440    8.1419    2.2129   11.8527    4.3307    0.2920    0.1405    0.0400    0.3900    0.0000
   10.2500    0.5263    0.4640    0.0623    0.7263    2.0869    4.4465    8.0273    4.8113   10.5164    5.9918    0.2920    0.0000    0.0400    0.3900    0.0000
   10.2500    0.6264    0.4640    0.1624    0.7264    2.6503    3.5048    8.0878    0.5553   12.6817    5.7798    0.2920    0.0000    0.0400    0.3900    0.0000
   10.2500    0.5273    0.4640    0.0633    0.7273    2.0082    4.5853    8.0198    5.4459   10.1995    6.0263    0.2920    0.0000    0.0400    0.3900    0.0000
   10.2500    0.6273    0.4640    0.1633    0.7273    2.6559    3.5039    8.0872    0.5471   12.6861    5.7825    0.2920    0.0000    0.0400    0.3900    0.0000
   10.2500    0.5283    0.4640    0.0643    0.7283    1.9294    4.7240    8.0122    6.0804    9.8827    6.0607    0.2920    0.0000    0.0400    0.3900    0.0000
   10.2500    0.6283    0.4640    0.1643    0.7283    2.6614    3.5031    8.0866    0.5389   12.6906    5.7853    0.2920    0.0000    0.0400    0.3900    0.0000
   10.2500    0.5293    0.4640    0.0653    0.7293    1.8507    4.8628    8.0047    6.7149    9.5658    6.0952    0.2920    0.0000    0.0400    0.3900    0.0000
   10.2500    0.6293    0.4640    0.1653    0.7293    2.6670    3.5023    8.0861    0.5306   12.6950    5.7881    0.2920    0.0000    0.0400    0.3900    0.0000
   10.2500    0.5302    0.4640    0.0662    0.7302    2.4370    3.5591    8.0953    0.9145   12.4664    5.6644    0.2920    0.0000    0.0400    0.3900    0.0000
   10.2500    0.6303    0.4640    0.1663    0.7303    2.6726    3.5014    8.0855    0.5224   12.6994    5.7908    0.2920    0.0000    0.0400    0.3900    0.0000
   10.2500    0.5312    0.4640    0.0672    0.7312    2.5193    3.5580    8.0847    0.8287   12.5097    5.7068    0.2920    0.0000    0.0400    0.3900    0.0000
   10.2500    0.6313    0.4640    0.1673    0.7313    2.6781    3.5006    8.0849    0.5142   12.7039    5.7936    0.2920    0.0000    0.0400    0.3900    0.0000
   10.2500    0.5322    0.4640    0.0682    0.7322    2.6015    3.5569    8.0741    0.7430   12.5530    5.7491    0.2920    0.0000    0.0400    0.3900    0.0000
   10.2500    0.6322    0.4640    0.1682    0.7322    2.6837    3.4998    8.0843    0.5059   12.7083    5.7963    0.2920    0.0000    0.0400    0.3900    0.0000
   10.2500    0.5332    0.4640    0.0692    0.7332    2.6837    3.5558    8.0635    0.6572   12.5963    5.7915    0.2920    0.0000    0.0400    0.3900    0.0000
   10.2500    0.6332    0.4640    0.1692    0.7332    2.6893    3.4989    8.0838    0.4977   12.7128    5.7991    0.2920    0.0000    0.0400    0.3900    0.0000
   10.2500    0.5342    0.4640    0.0702    0.7342    2.7659    3.5547    8.0528    0.5714   12.6396    5.8338    0.2920    0.0000    0.0400    0.3900    0.0000
   10.2500    0.6342    0.4640    0.1702    0.7342    2.6948    3.4981    8.0832    0.4894   12.7172    5.8019    0.2920    0.0000    0.0400    0.3900    0.0000
   10.2500    0.5351    0.4640    0.0711    0.7351    2.8481    3.5536    8.0422    0.4857   12.6828    5.8762    0.2920    0.0000    0.0400    0.3900    0.0000
   10.2500    0.6352    0.4640    0.1712    0.7352    2.7004    3.4973    8.0826    0.4812   12.7217    5.8046    0.2920    0.0000    0.0400    0.3900    0.0000
   10.2500    0.5361    0.4640    0.0721    0.7361    2.9304    3.5525    8.0316    0.3999   12.7261    5.9185    0.2920    0.0000    0.0400    0.3900    0.0000
   10.2500    0.6362    0.4640    0.1722    0.7362    2.7060    3.4965    8.0821    0.4730   12.7261    5.8074    0.2920    0.0000    0.0400    0.3900    0.0000
   10.2500    0.5371    0.4640    0.0731    0.7371    3.0126    3.5514    8.0210    0.3141   12.7694    5.9609    0.2920    0.0000    0.0400    0.3900    0.0000
   10.2500    0.6371    0.4640    0.1731    0.7371    2.7115    3.4956    8.0815    0.4647   12.7306    5.8101    0.2920    0.0000    0.0400    0.3900    0.0000
   10.2500    0.5381    0.4640    0.0741    0.7381    3.0948    3.5503    8.0104    0.2284   12.8127    6.0032    0.2920    0.0000    0.0400    0.3900    0.0000
   10.2500    0.6381    0.4640    0.1741    0.7381    2.7171    3.4948    8.0809    0.4565   12.7350    5.8129    0.2920    0.0000    0.0400    0.3900    0.0000
#   age       Mtot      Mc        Menv      Mini      logL      logT      logTc     logg      logR      logrhoc   Y         Yc        Z         FeH       OFe       
   10.3000    0.4670    0.4640    0.0030    0.5670    0.3453    4.6787    7.9173    7.4293    9.1815    6.0616    0.2920    0.0000    0.0400    0.3900    0.0000
   10.3000    0.4675    0.4640    0.0035    0.5675    1.0230    4.3707    8.0624    5.5204   10.1362    4.3615    0.2920    0.9184    0.0400    0.3900    0.0000
   10.3000    0.4684    0.4640    0.0044    0.5684    1.0250    4.3561    8.0625    5.4608   10.1664    4.3602    0.2920    0.9186    0.0400    0.3900    0.0000
   10.3000    0.4694    0.4640    0.0054    0.5694    1.0276    4.3434    8.0626    5.4085   10.1930    4.3591    0.2920    0.9186    0.0400    0.3900    0.0000
   10.3000    0.4704    0.4640    0.0064    0.5704    1.0304    4.3322    8.0628    5.3616   10.2169    4.3581    0.2920    0.9185    0.0400    0.3900    0.0000
   10.3000    0.4714    0.4640    0.0074    0.5714    1.0334    4.3229    8.0629    5.3225   10.2369    4.3573    0.2920    0.9184    0.0400    0.3900    0.0000
   10.3000    0.4724    0.4640    0.0084    0.5724    1.0364    4.3137    8.0630    5.2835   10.2569    4.3564    0.2920    0.9183    0.0400    0.3900    0.0000
   10.3000    0.4733    0.4640    0.0093    0.5733    1.0394    4.3045    8.0630    5.2444   10.2769    4.3555    0.2920    0.9182    0.0400    0.3900    0.0000
   10.3000    0.4743    0.4640    0.0103    0.5743    1.0424    4.2952    8.0631    5.2053   10.2969    4.3546    0.2920    0.9180    0.0400    0.3900    0.0000
   10.3000    0.4753    0.4640    0.0113    0.5753    1.0453    4.2866    8.0633    5.1687   10.3156    4.3538    0.2920    0.9179    0.0400    0.3900    0.0000
   10.3000    0.4763    0.4640    0.0123    0.5763    1.0481    4.2793    8.0634    5.1378   10.3315    4.3530    0.2920    0.9176    0.0400    0.3900    0.0000
   10.3000    0.4773    0.4640    0.0133    0.5773    1.0508    4.2720    8.0635    5.1068   10.3474    4.3522    0.2920    0.9173    0.0400    0.3900    0.0000
   10.3000    0.4783    0.4640    0.0143    0.5783    1.0536    4.2648    8.0636    5.0759   10.3633    4.3515    0.2920    0.9170    0.0400    0.3900    0.0000
   10.3000    0.4792    0.4640    0.0152    0.5792    1.0564    4.2575    8.0637    5.0449   10.3793    4.3507    0.2920    0.9168    0.0400    0.3900    0.0000
   10.3000    0.4802    0.4640    0.0162    0.5802    1.0591    4.2504    8.0638    5.0148   10.3948    4.3499    0.2920    0.9166    0.0400    0.3900    0.0000
   10.3000    0.4812    0.4640    0.0172    0.5812    1.0620    4.2440    8.0638    4.9874   10.4089    4.3492    0.2920    0.9167    0.0400    0.3900    0.0000
   10.3000    0.4822    0.4640    0.0182    0.5822    1.0648    4.2377    8.0639    4.9600   10.4231    4.3485    0.2920    0.9169    0.0400    0.3900    0.0000
   10.3000    0.4832    0.4640    0.0192    0.5832    1.0676    4.2313    8.0639    4.9326   10.4372    4.3478    0.2920    0.9170    0.0400    0.3900    0.0000
   10.3000    0.4841    0.4640    0.0201    0.5841    1.0704    4.2250    8.0640    4.9052   10.4513    4.3471    0.2920    0.9172    0.0400    0.3900    0.0000
   10.3000    0.4851    0.4640    0.0211    0.5851    1.0735    4.2187    8.0640    4.8778   10.4655    4.3464    0.2920    0.9173    0.0400    0.3900    0.0000
   10.3000    0.4861    0.4640    0.0221    0.5861    1.0783    4.2127    8.0641    4.8499   10.4799    4.3459    0.2920    0.9173    0.0400    0.3900    0.0000
   10.3000    0.4871    0.4640    0.0231    0.5871    1.0831    4.2067    8.0642    4.8220   10.4943    4.3453    0.2920    0.9173    0.0400    0.3900    0.0000
   10.3000    0.4881    0.4640    0.0241    0.5881    1.0879    4.2007    8.0643    4.7940   10.5087    4.3448    0.2920    0.9172    0.0400    0.3900    0.0000
   10.3000    0.4890    0.4640    0.0250    0.5890    1.0927    4.1947    8.0643    4.7661   10.5231    4.3442    0.2920    0.9172    0.0400    0.3900    0.0000
   10.3000    0.4900    0.4640    0.0260    0.5900    1.0976    4.1886    8.0644    4.7380   10.5375    4.3437    0.2920    0.9171    0.0400    0.3900    0.0000
   10.3000    0.4910    0.4640    0.0270    0.5910    1.1069    4.1817    8.0645    4.7018   10.5561    4.3433    0.2920    0.9170    0.0400    0.3900    0.0000
   10.3000    0.4920    0.4640    0.0280    0.5920    1.1161    4.1747    8.0645    4.6655   10.5747    4.3430    0.2920    0.9168    0.0400    0.3900    0.0000
   10.3000    0.4930    0.4640    0.0290    0.5930    1.1254    4.1677    8.0645    4.6292   10.5932    4.3426    0.2920    0.9167    0.0400    0.3900    0.0000
   10.3000    0.4939    0.4640    0.0299    0.5939    1.1346    4.1608    8.0646    4.5930   10.6118    4.3422    0.2920    0.9165    0.0400    0.3900    0.0000
   10.3000    0.4949    0.4640    0.0309    0.5949    1.1439    4.1538    8.0646    4.5567   10.6304    4.3419    0.2920    0.9164    0.0400    0.3900    0.0000
   10.3000    0.4959    0.4640    0.0319    0.5959    1.1532    4.1469    8.0646    4.5204   10.6490    4.3415    0.2920    0.9163    0.0400    0.3900    0.0000
   10.3000    0.4969    0.4640    0.0329    0.5969    1.1624    4.1399    8.0647    4.4841   10.6675    4.3412    0.2920    0.9161    0.0400    0.3900    0.0000
   10.3000    0.4979    0.4640    0.0339    0.5979    1.1717    4.1329    8.0647    4.4479   10.6861    4.3408    0.2920    0.9160    0.0400    0.3900    0.0000
   10.3000    0.4988    0.4640    0.0348    0.5988    1.1810    4.1260    8.0648    4.4116   10.7047    4.3404    0.2920    0.9158    0.0400    0.3900    0.0000
   10.3000    0.4998    0.4640    0.0358    0.5998    1.1902    4.1190    8.0648    4.3753   10.7232    4.3401    0.2920    0.9157    0.0400    0.3900    0.0000
   10.3000    0.5008    0.4640    0.0368    0.6008    1.2019    4.1090    8.0648    4.3243   10.7492    4.3400    0.2920    0.9156    0.0400    0.3900    0.0000
   10.3000    0.5018    0.4640    0.0378    0.6018    1.2141    4.0983    8.0648    4.2702   10.7767    4.3400    0.2920    0.9156    0.0400    0.3900    0.0000
   10.3000    0.5028    0.4640    0.0388    0.6028    1.2263    4.0876    8.0648    4.2160   10.8041    4.3400    0.2920    0.9156    0.0400    0.3900    0.0000
   10.3000    0.5038    0.4640    0.0398    0.6038    1.2386    4.0769    8.0648    4.1619   10.8316    4.3400    0.2920    0.9156    0.0400    0.3900    0.0000
   10.3000    0.5047    0.4640    0.0407    0.6047    1.2508    4.0662    8.0648    4.1078   10.8591    4.3400    0.2920    0.9156    0.0400    0.3900    0.0000
   10.3000    0.5057    0.4640    0.0417    0.6057    1.2630    4.0555    8.0648    4.0536   10.8866    4.3401    0.2920    0.9156    0.0400    0.3900    0.0000
   10.3000    0.5067    0.4640    0.0427    0.6067    1.2752    4.0448    8.0648    3.9995   10.9141    4.3401    0.2920    0.9156    0.0400    0.3900    0.0000
   10.3000    0.5077    0.4640    0.0437    0.6077    1.2874    4.0341    8.0648    3.9454   10.9416    4.3401    0.2920    0.9156    0.0400    0.3900    0.0000
   10.3000    0.5087    0.4640    0.0447    0.6087    1.2996    4.0234    8.0648    3.8912   10.9691    4.3401    0.2920    0.9156    0.0400    0.3900    0.0000
   10.3000    0.5096    0.4640    0.0456    0.6096    1.3118    4.0127    8.0648    3.8371   10.9966    4.3401    0.2920    0.9156    0.0400    0.3900    0.0000
   10.3000    0.5106    0.4640    0.0466    0.6106    1.3216    4.0001    8.0648    3.7776   11.0267    4.3402    0.2920    0.9156    0.0400    0.3900    0.0000
   10.3000    0.5116    0.4640    0.0476    0.6116    1.3299    3.9863    8.0648    3.7150   11.0584    4.3402    0.2920    0.9156    0.0400    0.3900    0.0000
   10.3000    0.5126    0.4640    0.0486    0.6126    1.3382    3.9725    8.0648    3.6524   11.0901    4.3403    0.2920    0.9156    0.0400    0.3900    0.0000
   10.3000    0.5136    0.4640    0.0496    0.6136    1.3466    3.9588    8.0648    3.5899   11.1218    4.3404    0.2920    0.9156    0.0400    0.3900    0.0000
   10.3000    0.5145    0.4640    0.0505    0.6145    1.3549    3.9450    8.0648    3.5273   11.1535    4.3405    0.2920    0.9156    0.0400    0.3900    0.0000
   10.3000    0.5155    0.4640    0.0515    0.6155    1.3632    3.9312    8.0648    3.4647   11.1852    4.3406    0.2920    0.9156    0.0400    0.3900    0.0000
   10.3000    0.5165    0.4640    0.0525    0.6165    1.3715    3.9174    8.0647    3.4021   11.2169    4.3406    0.2920    0.9156    0.0400    0.3900    0.0000
   10.3000    0.5175    0.4640    0.0535    0.6175    1.3799    3.9036    8.0647    3.3395   11.2486    4.3407    0.2920    0.9156    0.0400    0.3900    0.0000
   10.3000    0.5185    0.4640    0.0545    0.6185    1.3882    3.8899    8.0647    3.2769   11.2803    4.3408    0.2920    0.9156    0.0400    0.3900    0.0000
   10.3000    0.5194    0.4640    0.0554    0.6194    1.3965    3.8761    8.0647    3.2143   11.3120    4.3409    0.2920    0.9156    0.0400    0.3900    0.0000
   10.3000    0.5204    0.4640    0.0564    0.6204    1.4032    3.8624    8.0647    3.1536   11.3428    4.3410    0.2920    0.9156    0.0400    0.3900    0.0000
   10.3000    0.5214    0.4640    0.0574    0.6214    1.4077    3.8487    8.0647    3.0952   11.3724    4.3411    0.2920    0.9157    0.0400    0.3900    0.0000
   10.3000    0.5224    0.4640    0.0584    0.6224    1.4122    3.8351    8.0647    3.0369   11.4020    4.3412    0.2920    0.9158    0.0400    0.3900    0.0000
   10.3000    0.5234    0.4640    0.0594    0.6234    1.4168    3.8214    8.0647    2.9785   11.4315    4.3413    0.2920    0.9158    0.0400    0.3900    0.0000
   10.3000    0.5243    0.4640    0.0603    0.6243    1.4213    3.8078    8.0647    2.9202   11.4611    4.3414    0.2920    0.9159    0.0400    0.3900    0.0000
   10.3000    0.5253    0.4640    0.0613    0.6253    1.4258    3.7941    8.0647    2.8618   11.4907    4.3415    0.2920    0.9160    0.0400    0.3900    0.0000
   10.3000    0.5263    0.4640    0.0623    0.6263    1.4303    3.7805    8.0647    2.8035   11.5203    4.3416    0.2920    0.9160    0.0400    0.3900    0.0000
   10.3000    0.5273    0.4640    0.0633    0.6273    1.4349    3.7668    8.0647    2.7451   11.5499    4.3417    0.2920    0.9161    0.0400    0.3900    0.0000
   10.3000    0.5283    0.4640    0.0643    0.6283    1.4394    3.7532    8.0647    2.6868   11.5795    4.3418    0.2920    0.9162    0.0400    0.3900    0.0000
   10.3000    0.5293    0.4640    0.0653    0.6293    1.4439    3.7395    8.0647    2.6284   11.6091    4.3419    0.2920    0.9162    0.0400    0.3900    0.0000
   10.3000    0.5302    0.4640    0.0662    0.6302    1.4479    3.7281    8.0647    2.5796   11.6339    4.3420    0.2920    0.9163    0.0400    0.3900    0.0000
   10.3000    0.5312    0.4640    0.0672    0.6312    1.4504    3.7239    8.0647    2.5610   11.6436    4.3420    0.2920    0.9163    0.0400    0.3900    0.0000
   10.3000    0.5322    0.4640    0.0682    0.6322    1.4528    3.7196    8.0647    2.5423   11.6533    4.3420    0.2920    0.9163    0.0400    0.3900    0.0000
   10.3000    0.5332    0.4640    0.0692    0.6332    1.4553    3.7154    8.0647    2.5237   11.6630    4.3420    0.2920    0.9164    0.0400    0.3900    0.0000
   10.3000    0.5342    0.4640    0.0702    0.6342    1.4577    3.7111    8.0647    2.5051   11.6727    4.3420    0.2920    0.9164    0.0400    0.3900    0.0000
   10.3000    0.5351    0.4640    0.0711    0.6351    1.4602    3.7069    8.0646    2.4865   11.6824    4.3420    0.2920    0.9165    0.0400    0.3900    0.0000
   10.3000    0.5361    0.4640    0.0721    0.6361    1.4626    3.7026    8.0646    2.4679   11.6921    4.3420    0.2920    0.9165    0.0400    0.3900    0.0000
   10.3000    0.5371    0.4640    0.0731    0.6371    1.4651    3.6984    8.0646    2.4492   11.7018    4.3420    0.2920    0.9165    0.0400    0.3900    0.0000
   10.3000    0.5381    0.4640    0.0741    0.6381    1.4675    3.6941    8.0646    2.4306   11.7115    4.3420    0.2920    0.9166    0.0400    0.3900    0.0000
   10.3000    0.5391    0.4640    0.0751    0.6391    1.4700    3.6899    8.0646    2.4120   11.7212    4.3420    0.2920    0.9166    0.0400    0.3900    0.0000
   10.3000    0.5400    0.4640    0.0760    0.6400    1.4724    3.6857    8.0645    2.3939   11.7307    4.3420    0.2920    0.9166    0.0400    0.3900    0.0000
   10.3000    0.5410    0.4640    0.0770    0.6410    1.4737    3.6843    8.0645    2.3875   11.7343    4.3420    0.2920    0.9166    0.0400    0.3900    0.0000
   10.3000    0.5420    0.4640    0.0780    0.6420    1.4750    3.6828    8.0645    2.3810   11.7379    4.3421    0.2920    0.9166    0.0400    0.3900    0.0000
   10.3000    0.5430    0.4640    0.0790    0.6430    1.4764    3.6813    8.0645    2.3746   11.7415    4.3421    0.2920    0.9166    0.0400    0.3900    0.0000
   10.3000    0.5440    0.4640    0.0800    0.6440    1.4777    3.6799    8.0645    2.3682   11.7451    4.3421    0.2920    0.9166    0.0400    0.3900    0.0000
   10.3000    0.5449    0.4640    0.0809    0.6449    1.4790    3.6784    8.0645    2.3617   11.7487    4.3421    0.2920    0.9166    0.0400    0.3900    0.0000
   10.3000    0.5459    0.4640    0.0819    0.6459    1.4803    3.6769    8.0645    2.3553   11.7523    4.3422    0.2920    0.9166    0.0400    0.3900    0.0000
   10.3000    0.5469    0.4640    0.0829    0.6469    1.4817    3.6754    8.0645    2.3489   11.7559    4.3422    0.2920    0.9167    0.0400    0.3900    0.0000
   10.3000    0.5479    0.4640    0.0839    0.6479    1.4830    3.6740    8.0645    2.3424   11.7595    4.3422    0.2920    0.9167    0.0400    0.3900    0.0000
   10.3000    0.5489    0.4640    0.0849    0.6489    1.4843    3.6725    8.0645    2.3360   11.7631    4.3422    0.2920    0.9167    0.0400    0.3900    0.0000
   10.3000    0.5499    0.4640    0.0859    0.6499    1.4856    3.6710    8.0645    2.3296   11.7667    4.3423    0.2920    0.9167    0.0400    0.3900    0.0000
   10.3000    0.5508    0.4640    0.0868    0.6508    1.4870    3.6696    8.0645    2.3232   11.7703    4.3423    0.2920    0.9167    0.0400    0.3900    0.0000
   10.3000    0.5518    0.4640    0.0878    0.6518    1.4883    3.6681    8.0645    2.3167   11.7739    4.3423    0.2920    0.9167    0.0400    0.3900    0.0000
   10.3000    0.5528    0.4640    0.0888    0.6528    1.4896    3.6666    8.0645    2.3103   11.7775    4.3423    0.2920    0.9167    0.0400    0.3900    0.0000
   10.3000    0.5538    0.4640    0.0898    0.6538    1.4909    3.6652    8.0645    2.3039   11.7811    4.3424    0.2920    0.9167    0.0400    0.3900    0.0000
   10.3000    0.5548    0.4640    0.0908    0.6548    1.4923    3.6637    8.0645    2.2974   11.7847    4.3424    0.2920    0.9167    0.0400    0.3900    0.0000
   10.3000    0.5557    0.4640    0.0917    0.6557    1.4936    3.6622    8.0645    2.2910   11.7884    4.3424    0.2920    0.9167    0.0400    0.3900    0.0000
   10.3000    0.5567    0.4640    0.0927    0.6567    1.4949    3.6607    8.0645    2.2846   11.7920    4.3424    0.2920    0.9167    0.0400    0.3900    0.0000
   10.3000    0.5577    0.4640    0.0937    0.6577    1.4962    3.6593    8.0645    2.2781   11.7956    4.3425    0.2920    0.9167    0.0400    0.3900    0.0000
   10.3000    0.5587    0.4640    0.0947    0.6587    1.4976    3.6578    8.0645    2.2717   11.7992    4.3425    0.2920    0.9167    0.0400    0.3900    0.0000
   10.3000    0.5597    0.4640    0.0957    0.6597    1.4989    3.6563    8.0645    2.2653   11.8028    4.3425    0.2920    0.9167    0.0400    0.3900    0.0000
   10.3000    0.5606    0.4640    0.0966    0.6606    1.4999    3.6554    8.0645    2.2613   11.8051    4.3425    0.2920    0.9167    0.0400    0.3900    0.0000
   10.3000    0.5616    0.4640    0.0976    0.6616    1.5007    3.6548    8.0645    2.2587   11.8068    4.3425    0.2920    0.9167    0.0400    0.3900    0.0000
   10.3000    0.5626    0.4640    0.0986    0.6626    1.5015    3.6541    8.0645    2.2561   11.8085    4.3425    0.2920    0.9167    0.0400    0.3900    0.0000
   10.3000    0.5636    0.4640    0.0996    0.6636    1.5023    3.6535    8.0645    2.2534   11.8102    4.3425    0.2920    0.9167    0.0400    0.3900    0.0000
   10.3000    0.5646    0.4640    0.1006    0.6646    1.5031    3.6528    8.0645    2.2508   11.8119    4.3426    0.2920    0.9167    0.0400    0.3900    0.0000
   10.3000    0.5655    0.4640    0.1015    0.6655    1.5040    3.6522    8.0645    2.2482   11.8136    4.3426    0.2920    0.9167    0.0400    0.3900    0.0000
   10.3000    0.5665    0.4640    0.1025    0.6665    1.5048    3.6516    8.0645    2.2455   11.8152    4.3426    0.2920    0.9167    0.0400    0.3900    0.0000
   10.3000    0.4670    0.4640    0.0030    0.6670    0.3453    4.6787    7.9173    7.4293    9.1815    6.0616    0.2920    0.0000    0.0400    0.3900    0.0000
   10.3000    0.4675    0.4640    0.0035    0.6675    1.0230    4.3707    8.0624    5.5204   10.1362    4.3615    0.2920    0.9184    0.0400    0.3900    0.0000
   10.3000    0.5675    0.4640    0.1035    0.6675    1.5056    3.6509    8.0645    2.2429   11.8169    4.3426    0.2920    0.9167    0.0400    0.3900    0.0000
   10.3000    0.4684    0.4640    0.0044    0.6684    1.0250    4.3561    8.0625    5.4608   10.1664    4.3602    0.2920    0.9186    0.0400    0.3900    0.0000
   10.3000    0.5685    0.4640    0.1045    0.6685    1.5064    3.6503    8.0645    2.2403   11.8186    4.3426    0.2920    0.9167    0.0400    0.3900    0.0000
   10.3000    0.4694    0.4640    0.0054    0.6694    1.0276    4.3434    8.0626    5.4085   10.1930    4.3591    0.2920    0.9186    0.0400    0.3900    0.0000
   10.3000    0.5695    0.4640    0.1055    0.6695    1.5072    3.6497    8.0645    2.2376   11.8203    4.3426    0.2920    0.9167    0.0400    0.3900    0.0000
   10.3000    0.4704    0.4640    0.0064    0.6704    1.0304    4.3322    8.0628    5.3616   10.2169    4.3581    0.2920    0.9185    0.0400    0.3900    0.0000
   10.3000    0.5704    0.4640    0.1064    0.6704    1.5081    3.6490    8.0645    2.2350   11.8220    4.3426    0.2920    0.9167    0.0400    0.3900    0.0000
   10.3000    0.4714    0.4640    0.0074    0.6714    1.0334    4.3229    8.0629    5.3225   10.2369    4.3573    0.2920    0.9184    0.0400    0.3900    0.0000
   10.3000    0.5714    0.4640    0.1074    0.6714    1.5089    3.6484    8.0645    2.2324   11.8237    4.3426    0.2920    0.9167    0.0400    0.3900    0.0000
   10.3000    0.4724    0.4640    0.0084    0.6724    1.0364    4.3137    8.0630    5.2835   10.2569    4.3564    0.2920    0.9183    0.0400    0.3900    0.0000
   10.3000    0.5724    0.4640    0.1084    0.6724    1.5097    3.6477    8.0645    2.2297   11.8254    4.3426    0.2920    0.9167    0.0400    0.3900    0.0000
   10.3000    0.4733    0.4640    0.0093    0.6733    1.0394    4.3045    8.0630    5.2444   10.2769    4.3555    0.2920    0.9182    0.0400    0.3900    0.0000
   10.3000    0.5734    0.4640    0.1094    0.6734    1.5105    3.6471    8.0645    2.2271   11.8270    4.3426    0.2920    0.9167    0.0400    0.3900    0.0000
   10.3000    0.4743    0.4640    0.0103    0.6743    1.0424    4.2952    8.0631    5.2053   10.2969    4.3546    0.2920    0.9180    0.0400    0.3900    0.0000
   10.3000    0.5744    0.4640    0.1104    0.6744    1.5113    3.6465    8.0645    2.2245   11.8287    4.3427    0.2920    0.9167    0.0400    0.3900    0.0000
   10.3000    0.4753    0.4640    0.0113    0.6753    1.0453    4.2866    8.0633    5.1687   10.3156    4.3538    0.2920    0.9179    0.0400    0.3900    0.0000
   10.3000    0.5754    0.4640    0.1114    0.6754    1.5121    3.6458    8.0645    2.2219   11.8304    4.3427    0.2920    0.9167    0.0400    0.3900    0.0000
   10.3000    0.4763    0.4640    0.0123    0.6763    1.0481    4.2793    8.0634    5.1378   10.3315    4.3530    0.2920    0.9176    0.0400    0.3900    0.0000
   10.3000    0.5763    0.4640    0.1123    0.6763    1.5130    3.6452    8.0645    2.2192   11.8321    4.3427    0.2920    0.9167    0.0400    0.3900    0.0000
   10.3000    0.4773    0.4640    0.0133    0.6773    1.0508    4.2720    8.0635    5.1068   10.3474    4.3522    0.2920    0.9173    0.0400    0.3900    0.0000
   10.3000    0.5773    0.4640    0.1133    0.6773    1.5138    3.6445    8.0645    2.2166   11.8338    4.3427    0.2920    0.9167    0.0400    0.3900    0.0000
   10.3000    0.4783    0.4640    0.0143    0.6783    1.0536    4.2648    8.0636    5.0759   10.3633    4.3515    0.2920    0.9170    0.0400    0.3900    0.0000
   10.3000    0.5783    0.4640    0.1143    0.6783    1.5146    3.6439    8.0645    2.2140   11.8355    4.3427    0.2920    0.9167    0.0400    0.3900    0.0000
   10.3000    0.4792    0.4640    0.0152    0.6792    1.0564    4.2575    8.0637    5.0449   10.3793    4.3507    0.2920    0.9168    0.0400    0.3900    0.0000
   10.3000    0.5793    0.4640    0.1153    0.6793    1.5154    3.6433    8.0645    2.2113   11.8372    4.3427    0.2920    0.9167    0.0400    0.3900    0.0000
   10.3000    0.4802    0.4640    0.0162    0.6802    1.0591    4.2504    8.0638    5.0148   10.3948    4.3499    0.2920    0.9166    0.0400    0.3900    0.0000
   10.3000    0.5803    0.4640    0.1163    0.6803    1.5162    3.6427    8.0645    2.2091   11.8387    4.3427    0.2920    0.9167    0.0400    0.3900    0.0000
   10.3000    0.4812    0.4640    0.0172    0.6812    1.0620    4.2440    8.0638    4.9874   10.4089    4.3492    0.2920    0.9167    0.0400    0.3900    0.0000
   10.3000    0.5812    0.4640    0.1172    0.6812    1.5168    3.6424    8.0645    2.2078   11.8397    4.3427    0.2920    0.9167    0.0400    0.3900    0.0000
   10.3000    0.4822    0.4640    0.0182    0.6822    1.0648    4.2377    8.0639    4.9600   10.4231    4.3485    0.2920    0.9169    0.0400    0.3900    0.0000
   10.3000    0.5822    0.4640    0.1182    0.6822    1.5173    3.6420    8.0645    2.2065   11.8407    4.3427    0.2920    0.9167    0.0400    0.3900    0.0000
   10.3000    0.4832    0.4640    0.0192    0.6832    1.0676    4.2313    8.0639    4.9326   10.4372    4.3478    0.2920    0.9170    0.0400    0.3900    0.0000
   10.3000    0.5832    0.4640    0.1192    0.6832    1.5179    3.6416    8.0645    2.2053   11.8417    4.3428    0.2920    0.9167    0.0400    0.3900    0.0000
   10.3000    0.4841    0.4640    0.0201    0.6841    1.0704    4.2250    8.0640    4.9052   10.4513    4.3471    0.2920    0.9172    0.0400    0.3900    0.0000
   10.3000    0.5842    0.4640    0.1202    0.6842    1.5185    3.6413    8.0645    2.2040   11.8427    4.3428    0.2920    0.9167    0.0400    0.3900    0.0000
   10.3000    0.4851    0.4640    0.0211    0.6851    1.0735    4.2187    8.0640    4.8778   10.4655    4.3464    0.2920    0.9173    0.0400    0.3900    0.0000
   10.3000    0.5852    0.4640    0.1212    0.6852    1.5191    3.6409    8.0645    2.2027   11.8436    4.3428    0.2920    0.9167    0.0400    0.3900    0.0000
   10.3000    0.4861    0.4640    0.0221    0.6861    1.0783    4.2127    8.0641    4.8499   10.4799    4.3459    0.2920    0.9173    0.0400    0.3900    0.0000
   10.3000    0.5861    0.4640    0.1221    0.6861    1.5197    3.6406    8.0645    2.2015   11.8446    4.3428    0.2920    0.9167    0.0400    0.3900    0.0000
   10.3000    0.4871    0.4640    0.0231    0.6871    1.0831    4.2067    8.0642    4.8220   10.4943    4.3453    0.2920    0.9173    0.0400    0.3900    0.0000
   10.3000    0.5871    0.4640    0.1231    0.6871    1.5203    3.6402    8.0645    2.2002   11.8456    4.3428    0.2920    0.9167    0.0400    0.3900    0.0000
   10.3000    0.4881    0.4640    0.0241    0.6881    1.0879    4.2007    8.0643    4.7940   10.5087    4.3448    0.2920    0.9172    0.0400    0.3900    0.0000
   10.3000    0.5881    0.4640    0.1241    0.6881    1.5208    3.6399    8.0645    2.1990   11.8466    4.3428    0.2920    0.9167    0.0400    0.3900    0.0000
   10.3000    0.4890    0.4640    0.0250    0.6890    1.0927    4.1947    8.0643    4.7661   10.5231    4.3442    0.2920    0.9172    0.0400    0.3900    0.0000
   10.3000    0.5891    0.4640    0.1251    0.6891    1.5214    3.6395    8.0645    2.1977   11.8476    4.3428    0.2920    0.9167    0.0400    0.3900    0.0000
   10.3000    0.4900    0.4640    0.0260    0.6900    1.0976    4.1886    8.0644    4.7380   10.5375    4.3437    0.2920    0.9171    0.0400    0.3900    0.0000
   10.3000    0.5901    0.4640    0.1261    0.6901    1.5220    3.6392    8.0645    2.1964   11.8486    4.3428    0.2920    0.9167    0.0400    0.3900    0.0000
   10.3000    0.4910    0.4640    0.0270    0.6910    1.1069    4.1817    8.0645    4.7018   10.5561    4.3433    0.2920    0.9170    0.0400    0.3900    0.0000
   10.3000    0.5910    0.4640    0.1270    0.6910    1.5226    3.6388    8.0645    2.1952   11.8496    4.3428    0.2920    0.9167    0.0400    0.3900    0.0000
   10.3000    0.4920    0.4640    0.0280    0.6920    1.1161    4.1747    8.0645    4.6655   10.5747    4.3430    0.2920    0.9168    0.0400    0.3900    0.0000
   10.3000    0.5920    0.4640    0.1280    0.6920    1.5232    3.6385    8.0645    2.1939   11.8506    4.3428    0.2920    0.9167    0.0400    0.3900    0.0000
   10.3000    0.4930    0.4640    0.0290    0.6930    1.1254    4.1677    8.0645    4.6292   10.5932    4.3426    0.2920    0.9167    0.0400    0.3900    0.0000
   10.3000    0.5930    0.4640    0.1290    0.6930    1.5238    3.6381    8.0645    2.1927   11.8516    4.3428    0.2920    0.9167    0.0400    0.3900    0.0000
   10.3000    0.4939    0.4640    0.0299    0.6939    1.1346    4.1608    8.0646    4.5930   10.6118    4.3422    0.2920    0.9165    0.0400    0.3900    0.0000
   10.3000    0.5940    0.4640    0.1300    0.6940    1.5244    3.6378    8.0645    2.1914   11.8526    4.3429    0.2920    0.9167    0.0400    0.3900    0.0000
   10.3000    0.4949    0.4640    0.0309    0.6949    1.1439    4.1538    8.0646    4.5567   10.6304    4.3419    0.2920    0.9164    0.0400    0.3900    0.0000
   10.3000    0.5950    0.4640    0.1310    0.6950    1.5249    3.6374    8.0645    2.1901   11.8536    4.3429    0.2920    0.9167    0.0400    0.3900    0.0000
   10.3000    0.4959    0.4640    0.0319    0.6959    1.1532    4.1469    8.0646    4.5204   10.6490    4.3415    0.2920    0.9163    0.0400    0.3900    0.0000
   10.3000    0.5959    0.4640    0.1319    0.6959    1.5255    3.6371    8.0645    2.1889   11.8546    4.3429    0.2920    0.9167    0.0400    0.3900    0.0000
   10.3000    0.4969    0.4640    0.0329    0.6969    1.1645    4.1385    8.0656    4.4766   10.6713    4.3417    0.2920    0.8959    0.0400    0.3900    0.0000
   10.3000    0.5969    0.4640    0.1329    0.6969    1.5622    3.6316    8.0675    2.1310   11.8839    4.3419    0.2920    0.8550    0.0400    0.3900    0.0000
   10.3000    0.4979    0.4640    0.0339    0.6979    1.2638    4.0846    8.1116    4.1624   10.8289    4.3315    0.2920    0.2824    0.0400    0.3900    0.0000
   10.3000    0.5979    0.4640    0.1339    0.6979    1.5263    3.6529    8.1368    2.2528   11.8234    4.3239    0.2920    0.1610    0.0400    0.3900    0.0000
   10.3000    0.4988    0.4640    0.0348    0.6988    0.6099    4.6664    7.9186    7.1443    9.3382    6.1152    0.2920    0.0000    0.0400    0.3900    0.0000
   10.3000    0.5989    0.4640    0.1349    0.6989    2.9023    3.4744    8.0600    0.1635   12.8684    5.9119    0.2920    0.0000    0.0400    0.3900    0.0000
   10.3000    0.4998    0.4640    0.0358    0.6998    0.4103    4.6990    7.9028    7.4751    9.1733    6.1584    0.2920    0.0000    0.0400    0.3900    0.0000
   10.3000    0.5999    0.4640    0.1359    0.6999    2.9168    3.4723    8.0585    0.1413   12.8798    5.9187    0.2920    0.0000    0.0400    0.3900    0.0000
   10.3000    0.5008    0.4640    0.0368    0.7008    2.3754    4.1760    8.0574    3.4193   11.2016    5.7761    0.2920    0.0000    0.0400    0.3900    0.0000
   10.3000    0.6009    0.4640    0.1369    0.7009    2.5056    3.5264    8.1026    0.7695   12.5661    5.7080    0.2920    0.0000    0.0400    0.3900    0.0000
   10.3000    0.5018    0.4640    0.0378    0.7018    2.2054    4.2412    8.0464    3.8507   10.9863    5.8162    0.2920    0.0000    0.0400    0.3900    0.0000
   10.3000    0.6018    0.4640    0.1378    0.7018    2.5111    3.5256    8.1021    0.7612   12.5705    5.7108    0.2920    0.0000    0.0400    0.3900    0.0000
   10.3000    0.5028    0.4640    0.0388    0.7028    2.0355    4.3064    8.0355    4.2822   10.7710    5.8562    0.2920    0.0000    0.0400    0.3900    0.0000
   10.3000    0.6028    0.4640    0.1388    0.7028    2.5167    3.5247    8.1015    0.7530   12.5750    5.7136    0.2920    0.0000    0.0400    0.3900    0.0000
   10.3000    0.5038    0.4640    0.0398    0.7038    1.8656    4.3716    8.0245    4.7137   10.5557    5.8963    0.2920    0.0000    0.0400    0.3900    0.0000
   10.3000    0.6038    0.4640    0.1398    0.7038    2.5223    3.5239    8.1009    0.7448   12.5794    5.7163    0.2920    0.0000    0.0400    0.3900    0.0000
   10.3000    0.5047    0.4640    0.0407    0.7047    1.6957    4.4368    8.0136    5.1452   10.3404    5.9363    0.2920    0.0000    0.0400    0.3900    0.0000
   10.3000    0.6048    0.4640    0.1408    0.7048    2.5278    3.5231    8.1003    0.7365   12.5839    5.7191    0.2920    0.0000    0.0400    0.3900    0.0000
   10.3000    0.5057    0.4640    0.0417    0.7057    1.5258    4.5019    8.0026    5.5766   10.1251    5.9763    0.2920    0.0000    0.0400    0.3900    0.0000
   10.3000    0.6058    0.4640    0.1418    0.7058    2.5334    3.5222    8.0998    0.7283   12.5883    5.7218    0.2920    0.0000    0.0400    0.3900    0.0000
   10.3000    0.5067    0.4640    0.0427    0.7067    1.3559    4.5671    7.9916    6.0081    9.9098    6.0164    0.2920    0.0000    0.0400    0.3900    0.0000
   10.3000    0.6067    0.4640    0.1427    0.7067    2.5390    3.5214    8.0992    0.7200   12.5927    5.7246    0.2920    0.0000    0.0400    0.3900    0.0000
   10.3000    0.5077    0.4640    0.0437    0.7077    1.1859    4.6323    7.9807    6.4396    9.6944    6.0564    0.2920    0.0000    0.0400    0.3900    0.0000
   10.3000    0.6077    0.4640    0.1437    0.7077    2.5445    3.5206    8.0986    0.7118   12.5972    5.7274    0.2920    0.0000    0.0400    0.3900    0.0000
   10.3000    0.5087    0.4640    0.0447    0.7087    1.0160    4.6975    7.9697    6.8711    9.4791    6.0965    0.2920    0.0000    0.0400    0.3900    0.0000
   10.3000    0.6087    0.4640    0.1447    0.7087    2.5501    3.5197    8.0981    0.7036   12.6016    5.7301    0.2920    0.0000    0.0400    0.3900    0.0000
   10.3000    0.5096    0.4640    0.0456    0.7096    0.8461    4.7627    7.9588    7.3025    9.2638    6.1365    0.2920    0.0000    0.0400    0.3900    0.0000
   10.3000    0.6097    0.4640    0.1457    0.7097    2.5557    3.5189    8.0975    0.6953   12.6061    5.7329    0.2920    0.0000    0.0400    0.3900    0.0000
   10.3000    0.5106    0.4640    0.0466    0.7106    2.4552    3.6924    8.0721    1.4135   12.2087    5.7640    0.2920    0.0000    0.0400    0.3900    0.0000
   10.3000    0.6107    0.4640    0.1467    0.7107    2.5612    3.5181    8.0969    0.6871   12.6105    5.7356    0.2920    0.0000    0.0400    0.3900    0.0000
