#   age       Mtot      Mc        Menv      Mini      logL      logT      logTc     logg      logR      logrhoc   Y         Yc        Z         FeH       OFe       
    9.8000    0.7480    0.4950    0.2530    1.0480    1.7111    3.8171    8.0738    2.8218   11.5873    4.2631    0.2450    0.9486    0.0001   -2.2600    0.5000
    9.8000    0.7490    0.4950    0.2540    1.0490    1.7119    3.8156    8.0738    2.8152   11.5909    4.2631    0.2450    0.9486    0.0001   -2.2600    0.5000
    9.8000    0.7499    0.4950    0.2549    1.0499    1.7128    3.8140    8.0738    2.8086   11.5945    4.2632    0.2450    0.9486    0.0001   -2.2600    0.5000
    9.8000    0.7509    0.4950    0.2559    1.0509    2.9984    3.6265    8.0806    0.7738   12.6122    5.9598    0.2450    0.0000    0.0001   -2.2600    0.5000
    9.8000    0.7519    0.4950    0.2569    1.0519    3.0101    3.6258    8.0794    0.7596   12.6196    5.9652    0.2450    0.0000    0.0001   -2.2600    0.5000
    9.8000    0.7529    0.4950    0.2579    1.0529    3.0218    3.6250    8.0782    0.7454   12.6269    5.9706    0.2450    0.0000    0.0001   -2.2600    0.5000
    9.8000    0.7539    0.4950    0.2589    1.0539    3.0335    3.6243    8.0770    0.7312   12.6343    5.9760    0.2450    0.0000    0.0001   -2.2600    0.5000
    9.8000    0.7548    0.4950    0.2598    1.0548    3.0453    3.6235    8.0757    0.7170   12.6417    5.9813    0.2450    0.0000    0.0001   -2.2600    0.5000
    9.8000    0.7558    0.4950    0.2608    1.0558    3.0570    3.6227    8.0745    0.7028   12.6491    5.9867    0.2450    0.0000    0.0001   -2.2600    0.5000
    9.8000    0.7568    0.4950    0.2618    1.0568    3.0687    3.6220    8.0733    0.6886   12.6565    5.9921    0.2450    0.0000    0.0001   -2.2600    0.5000
    9.8000    0.7578    0.4950    0.2628    1.0578    3.0804    3.6212    8.0721    0.6744   12.6638    5.9975    0.2450    0.0000    0.0001   -2.2600    0.5000
    9.8000    0.7588    0.4950    0.2638    1.0588    3.0921    3.6204    8.0709    0.6602   12.6712    6.0029    0.2450    0.0000    0.0001   -2.2600    0.5000
    9.8000    0.7597    0.4950    0.2647    1.0597    3.1038    3.6197    8.0697    0.6460   12.6786    6.0083    0.2450    0.0000    0.0001   -2.2600    0.5000
    9.8000    0.7607    0.4950    0.2657    1.0607    3.1155    3.6189    8.0685    0.6318   12.6860    6.0136    0.2450    0.0000    0.0001   -2.2600    0.5000
    9.8000    0.7617    0.4950    0.2667    1.0617    3.1273    3.6182    8.0672    0.6176   12.6934    6.0190    0.2450    0.0000    0.0001   -2.2600    0.5000
    9.8000    0.7627    0.4950    0.2677    1.0627    3.1390    3.6174    8.0660    0.6034   12.7008    6.0244    0.2450    0.0000    0.0001   -2.2600    0.5000
    9.8000    0.7637    0.4950    0.2687    1.0637    3.1507    3.6166    8.0648    0.5892   12.7081    6.0298    0.2450    0.0000    0.0001   -2.2600    0.5000
    9.8000    0.7646    0.4950    0.2696    1.0646    3.1624    3.6159    8.0636    0.5750   12.7155    6.0352    0.2450    0.0000    0.0001   -2.2600    0.5000
    9.8000    0.7656    0.4950    0.2706    1.0656    3.1741    3.6151    8.0624    0.5608   12.7229    6.0406    0.2450    0.0000    0.0001   -2.2600    0.5000
    9.8000    0.7666    0.4950    0.2716    1.0666    3.1858    3.6143    8.0612    0.5466   12.7303    6.0459    0.2450    0.0000    0.0001   -2.2600    0.5000
    9.8000    0.7676    0.4950    0.2726    1.0676    3.1976    3.6136    8.0599    0.5324   12.7377    6.0513    0.2450    0.0000    0.0001   -2.2600    0.5000
    9.8000    0.7686    0.4950    0.2736    1.0686    3.2093    3.6128    8.0587    0.5182   12.7451    6.0567    0.2450    0.0000    0.0001   -2.2600    0.5000
    9.8000    0.7696    0.4950    0.2746    1.0696    3.2210    3.6121    8.0575    0.5040   12.7524    6.0621    0.2450    0.0000    0.0001   -2.2600    0.5000
    9.8000    0.7705    0.4950    0.2755    1.0705    3.2327    3.6113    8.0563    0.4898   12.7598    6.0675    0.2450    0.0000    0.0001   -2.2600    0.5000
    9.8000    0.7715    0.4950    0.2765    1.0715    3.2444    3.6105    8.0551    0.4756   12.7672    6.0729    0.2450    0.0000    0.0001   -2.2600    0.5000
    9.8000    0.7725    0.4950    0.2775    1.0725    3.2561    3.6098    8.0539    0.4614   12.7746    6.0782    0.2450    0.0000    0.0001   -2.2600    0.5000
    9.8000    0.7735    0.4950    0.2785    1.0735    3.2679    3.6090    8.0527    0.4472   12.7820    6.0836    0.2450    0.0000    0.0001   -2.2600    0.5000
    9.8000    0.7745    0.4950    0.2795    1.0745    3.2796    3.6082    8.0514    0.4330   12.7894    6.0890    0.2450    0.0000    0.0001   -2.2600    0.5000
    9.8000    0.7754    0.4950    0.2804    1.0754    3.2913    3.6075    8.0502    0.4188   12.7967    6.0944    0.2450    0.0000    0.0001   -2.2600    0.5000
    9.8000    0.7764    0.4950    0.2814    1.0764    3.3030    3.6067    8.0490    0.4046   12.8041    6.0998    0.2450    0.0000    0.0001   -2.2600    0.5000
    9.8000    0.7774    0.4950    0.2824    1.0774    3.3147    3.6060    8.0478    0.3904   12.8115    6.1052    0.2450    0.0000    0.0001   -2.2600    0.5000
    9.8000    0.7784    0.4950    0.2834    1.0784    3.3264    3.6052    8.0466    0.3762   12.8189    6.1105    0.2450    0.0000    0.0001   -2.2600    0.5000
    9.8000    0.7794    0.4950    0.2844    1.0794    3.3381    3.6044    8.0454    0.3620   12.8263    6.1159    0.2450    0.0000    0.0001   -2.2600    0.5000
#   age       Mtot      Mc        Menv      Mini      logL      logT      logTc     logg      logR      logrhoc   Y         Yc        Z         FeH       OFe       
    9.8500    0.7078    0.4950    0.2128    1.0078    1.6691    3.8898    8.0739    3.1303   11.4210    4.2623    0.2450    0.9490    0.0001   -2.2600    0.5000
    9.8500    0.7087    0.4950    0.2137    1.0087    1.6705    3.8876    8.0739    3.1206   11.4262    4.2623    0.2450    0.9490    0.0001   -2.2600    0.5000
    9.8500    0.7097    0.4950    0.2147    1.0097    1.6720    3.8854    8.0739    3.1110   11.4313    4.2623    0.2450    0.9490    0.0001   -2.2600    0.5000
    9.8500    0.7107    0.4950    0.2157    1.0107    2.9396    3.6303    8.0525    0.8239   12.5752    5.9875    0.2450    0.0000    0.0001   -2.2600    0.5000
    9.8500    0.7117    0.4950    0.2167    1.0117    2.9465    3.6298    8.0515    0.8157   12.5796    5.9921    0.2450    0.0000    0.0001   -2.2600    0.5000
    9.8500    0.7127    0.4950    0.2177    1.0127    2.9534    3.6294    8.0505    0.8076   12.5840    5.9966    0.2450    0.0000    0.0001   -2.2600    0.5000
    9.8500    0.7136    0.4950    0.2186    1.0136    2.9603    3.6289    8.0496    0.7994   12.5884    6.0012    0.2450    0.0000    0.0001   -2.2600    0.5000
    9.8500    0.7146    0.4950    0.2196    1.0146    2.9672    3.6284    8.0486    0.7913   12.5928    6.0057    0.2450    0.0000    0.0001   -2.2600    0.5000
    9.8500    0.7156    0.4950    0.2206    1.0156    2.9741    3.6279    8.0476    0.7831   12.5972    6.0103    0.2450    0.0000    0.0001   -2.2600    0.5000
    9.8500    0.7166    0.4950    0.2216    1.0166    2.9810    3.6275    8.0467    0.7749   12.6016    6.0148    0.2450    0.0000    0.0001   -2.2600    0.5000
    9.8500    0.7176    0.4950    0.2226    1.0176    2.9879    3.6270    8.0457    0.7668   12.6060    6.0194    0.2450    0.0000    0.0001   -2.2600    0.5000
    9.8500    0.7186    0.4950    0.2236    1.0186    2.9948    3.6265    8.0447    0.7586   12.6104    6.0239    0.2450    0.0000    0.0001   -2.2600    0.5000
    9.8500    0.7195    0.4950    0.2245    1.0195    3.0017    3.6261    8.0438    0.7505   12.6148    6.0285    0.2450    0.0000    0.0001   -2.2600    0.5000
    9.8500    0.7205    0.4950    0.2255    1.0205    2.6352    3.6502    8.1183    1.2140   12.3833    5.7929    0.2450    0.0000    0.0001   -2.2600    0.5000
    9.8500    0.7215    0.4950    0.2265    1.0215    2.6469    3.6494    8.1171    1.1998   12.3907    5.7983    0.2450    0.0000    0.0001   -2.2600    0.5000
    9.8500    0.7225    0.4950    0.2275    1.0225    2.6586    3.6487    8.1159    1.1856   12.3981    5.8037    0.2450    0.0000    0.0001   -2.2600    0.5000
    9.8500    0.7235    0.4950    0.2285    1.0235    2.6703    3.6479    8.1146    1.1714   12.4055    5.8091    0.2450    0.0000    0.0001   -2.2600    0.5000
    9.8500    0.7244    0.4950    0.2294    1.0244    2.6821    3.6471    8.1134    1.1572   12.4128    5.8145    0.2450    0.0000    0.0001   -2.2600    0.5000
    9.8500    0.7254    0.4950    0.2304    1.0254    2.6938    3.6464    8.1122    1.1430   12.4202    5.8199    0.2450    0.0000    0.0001   -2.2600    0.5000
    9.8500    0.7264    0.4950    0.2314    1.0264    2.7055    3.6456    8.1110    1.1288   12.4276    5.8252    0.2450    0.0000    0.0001   -2.2600    0.5000
    9.8500    0.7274    0.4950    0.2324    1.0274    2.7172    3.6448    8.1098    1.1146   12.4350    5.8306    0.2450    0.0000    0.0001   -2.2600    0.5000
    9.8500    0.7284    0.4950    0.2334    1.0284    2.7289    3.6441    8.1086    1.1004   12.4424    5.8360    0.2450    0.0000    0.0001   -2.2600    0.5000
    9.8500    0.7293    0.4950    0.2343    1.0293    2.7406    3.6433    8.1073    1.0862   12.4498    5.8414    0.2450    0.0000    0.0001   -2.2600    0.5000
    9.8500    0.7303    0.4950    0.2353    1.0303    2.7524    3.6426    8.1061    1.0720   12.4571    5.8468    0.2450    0.0000    0.0001   -2.2600    0.5000
    9.8500    0.7313    0.4950    0.2363    1.0313    2.7641    3.6418    8.1049    1.0578   12.4645    5.8522    0.2450    0.0000    0.0001   -2.2600    0.5000
    9.8500    0.7323    0.4950    0.2373    1.0323    2.7758    3.6410    8.1037    1.0436   12.4719    5.8575    0.2450    0.0000    0.0001   -2.2600    0.5000
    9.8500    0.7333    0.4950    0.2383    1.0333    2.7875    3.6403    8.1025    1.0294   12.4793    5.8629    0.2450    0.0000    0.0001   -2.2600    0.5000
    9.8500    0.7342    0.4950    0.2392    1.0342    2.7992    3.6395    8.1013    1.0152   12.4867    5.8683    0.2450    0.0000    0.0001   -2.2600    0.5000
    9.8500    0.7352    0.4950    0.2402    1.0352    2.8109    3.6387    8.1001    1.0010   12.4940    5.8737    0.2450    0.0000    0.0001   -2.2600    0.5000
    9.8500    0.7362    0.4950    0.2412    1.0362    2.8226    3.6380    8.0988    0.9868   12.5014    5.8791    0.2450    0.0000    0.0001   -2.2600    0.5000
    9.8500    0.7372    0.4950    0.2422    1.0372    2.8344    3.6372    8.0976    0.9726   12.5088    5.8845    0.2450    0.0000    0.0001   -2.2600    0.5000
    9.8500    0.7382    0.4950    0.2432    1.0382    2.8461    3.6365    8.0964    0.9584   12.5162    5.8898    0.2450    0.0000    0.0001   -2.2600    0.5000
    9.8500    0.7391    0.4950    0.2441    1.0391    2.8578    3.6357    8.0952    0.9442   12.5236    5.8952    0.2450    0.0000    0.0001   -2.2600    0.5000
    9.8500    0.7401    0.4950    0.2451    1.0401    2.8695    3.6349    8.0940    0.9300   12.5310    5.9006    0.2450    0.0000    0.0001   -2.2600    0.5000
    9.8500    0.7411    0.4950    0.2461    1.0411    2.8812    3.6342    8.0928    0.9158   12.5383    5.9060    0.2450    0.0000    0.0001   -2.2600    0.5000
    9.8500    0.7421    0.4950    0.2471    1.0421    2.8929    3.6334    8.0915    0.9016   12.5457    5.9114    0.2450    0.0000    0.0001   -2.2600    0.5000
    9.8500    0.7431    0.4950    0.2481    1.0431    2.9047    3.6326    8.0903    0.8874   12.5531    5.9168    0.2450    0.0000    0.0001   -2.2600    0.5000
    9.8500    0.7441    0.4950    0.2491    1.0441    2.9164    3.6319    8.0891    0.8732   12.5605    5.9221    0.2450    0.0000    0.0001   -2.2600    0.5000
    9.8500    0.7450    0.4950    0.2500    1.0450    2.9281    3.6311    8.0879    0.8590   12.5679    5.9275    0.2450    0.0000    0.0001   -2.2600    0.5000
    9.8500    0.7460    0.4950    0.2510    1.0460    2.9398    3.6304    8.0867    0.8448   12.5753    5.9329    0.2450    0.0000    0.0001   -2.2600    0.5000
    9.8500    0.7470    0.4950    0.2520    1.0470    2.9515    3.6296    8.0855    0.8306   12.5826    5.9383    0.2450    0.0000    0.0001   -2.2600    0.5000
#   age       Mtot      Mc        Menv      Mini      logL      logT      logTc     logg      logR      logrhoc   Y         Yc        Z         FeH       OFe       
    9.9000    0.6695    0.4950    0.1745    0.9695    1.6121    3.9756    8.0740    3.5063   11.2208    4.2614    0.2450    0.9492    0.0001   -2.2600    0.5000
    9.9000    0.7696    0.4950    0.2746    0.9696    1.7295    3.7823    8.0737    2.6767   11.6662    4.2636    0.2450    0.9484    0.0001   -2.2600    0.5000
    9.9000    0.6705    0.4950    0.1755    0.9705    1.6135    3.9734    8.0740    3.4966   11.2260    4.2614    0.2450    0.9492    0.0001   -2.2600    0.5000
    9.9000    0.7705    0.4950    0.2755    0.9705    1.7303    3.7807    8.0737    2.6701   11.6698    4.2636    0.2450    0.9484    0.0001   -2.2600    0.5000
    9.9000    0.6715    0.4950    0.1765    0.9715    1.6150    3.9712    8.0740    3.4870   11.2311    4.2614    0.2450    0.9492    0.0001   -2.2600    0.5000
    9.9000    0.7715    0.4950    0.2765    0.9715    1.7311    3.7791    8.0737    2.6635   11.6733    4.2636    0.2450    0.9484    0.0001   -2.2600    0.5000
    9.9000    0.6725    0.4950    0.1775    0.9725    2.6705    3.6487    8.0901    1.1421   12.4039    5.8099    0.2450    0.0000    0.0001   -2.2600    0.5000
    9.9000    0.7725    0.4950    0.2775    0.9725    3.2561    3.6098    8.0539    0.4614   12.7746    6.0782    0.2450    0.0000    0.0001   -2.2600    0.5000
    9.9000    0.6734    0.4950    0.1784    0.9734    2.6774    3.6482    8.0891    1.1339   12.4083    5.8144    0.2450    0.0000    0.0001   -2.2600    0.5000
    9.9000    0.7735    0.4950    0.2785    0.9735    3.2679    3.6090    8.0527    0.4472   12.7820    6.0836    0.2450    0.0000    0.0001   -2.2600    0.5000
    9.9000    0.6744    0.4950    0.1794    0.9744    2.6843    3.6478    8.0882    1.1257   12.4127    5.8190    0.2450    0.0000    0.0001   -2.2600    0.5000
    9.9000    0.7745    0.4950    0.2795    0.9745    3.2796    3.6082    8.0514    0.4330   12.7894    6.0890    0.2450    0.0000    0.0001   -2.2600    0.5000
    9.9000    0.6754    0.4950    0.1804    0.9754    2.6912    3.6473    8.0872    1.1176   12.4171    5.8235    0.2450    0.0000    0.0001   -2.2600    0.5000
    9.9000    0.7754    0.4950    0.2804    0.9754    3.2913    3.6075    8.0502    0.4188   12.7967    6.0944    0.2450    0.0000    0.0001   -2.2600    0.5000
    9.9000    0.6764    0.4950    0.1814    0.9764    2.6981    3.6468    8.0862    1.1094   12.4214    5.8281    0.2450    0.0000    0.0001   -2.2600    0.5000
    9.9000    0.7764    0.4950    0.2814    0.9764    3.3030    3.6067    8.0490    0.4046   12.8041    6.0998    0.2450    0.0000    0.0001   -2.2600    0.5000
    9.9000    0.6774    0.4950    0.1824    0.9774    2.7050    3.6463    8.0853    1.1013   12.4258    5.8327    0.2450    0.0000    0.0001   -2.2600    0.5000
    9.9000    0.7774    0.4950    0.2824    0.9774    3.3147    3.6060    8.0478    0.3904   12.8115    6.1052    0.2450    0.0000    0.0001   -2.2600    0.5000
    9.9000    0.6783    0.4950    0.1833    0.9783    2.7119    3.6459    8.0843    1.0931   12.4302    5.8372    0.2450    0.0000    0.0001   -2.2600    0.5000
    9.9000    0.7784    0.4950    0.2834    0.9784    3.3264    3.6052    8.0466    0.3762   12.8189    6.1105    0.2450    0.0000    0.0001   -2.2600    0.5000
    9.9000    0.6793    0.4950    0.1843    0.9793    2.7188    3.6454    8.0833    1.0850   12.4346    5.8418    0.2450    0.0000    0.0001   -2.2600    0.5000
    9.9000    0.7794    0.4950    0.2844    0.9794    3.3381    3.6044    8.0454    0.3620   12.8263    6.1159    0.2450    0.0000    0.0001   -2.2600    0.5000
    9.9000    0.6803    0.4950    0.1853    0.9803    2.7257    3.6449    8.0824    1.0768   12.4390    5.8463    0.2450    0.0000    0.0001   -2.2600    0.5000
    9.9000    0.6813    0.4950    0.1863    0.9813    2.7326    3.6444    8.0814    1.0686   12.4434    5.8509    0.2450    0.0000    0.0001   -2.2600    0.5000
    9.9000    0.6823    0.4950    0.1873    0.9823    2.7395    3.6440    8.0804    1.0605   12.4478    5.8554    0.2450    0.0000    0.0001   -2.2600    0.5000
    9.9000    0.6832    0.4950    0.1882    0.9832    2.7464    3.6435    8.0795    1.0523   12.4522    5.8600    0.2450    0.0000    0.0001   -2.2600    0.5000
    9.9000    0.6842    0.4950    0.1892    0.9842    2.7533    3.6430    8.0785    1.0442   12.4566    5.8645    0.2450    0.0000    0.0001   -2.2600    0.5000
    9.9000    0.6852    0.4950    0.1902    0.9852    2.7602    3.6426    8.0775    1.0360   12.4610    5.8691    0.2450    0.0000    0.0001   -2.2600    0.5000
    9.9000    0.6862    0.4950    0.1912    0.9862    2.7671    3.6421    8.0766    1.0278   12.4654    5.8736    0.2450    0.0000    0.0001   -2.2600    0.5000
    9.9000    0.6872    0.4950    0.1922    0.9872    2.7740    3.6416    8.0756    1.0197   12.4698    5.8782    0.2450    0.0000    0.0001   -2.2600    0.5000
    9.9000    0.6881    0.4950    0.1931    0.9881    2.7809    3.6411    8.0747    1.0115   12.4742    5.8828    0.2450    0.0000    0.0001   -2.2600    0.5000
    9.9000    0.6891    0.4950    0.1941    0.9891    2.7878    3.6407    8.0737    1.0034   12.4786    5.8873    0.2450    0.0000    0.0001   -2.2600    0.5000
    9.9000    0.6901    0.4950    0.1951    0.9901    2.7947    3.6402    8.0727    0.9952   12.4830    5.8919    0.2450    0.0000    0.0001   -2.2600    0.5000
    9.9000    0.6911    0.4950    0.1961    0.9911    2.8016    3.6397    8.0718    0.9871   12.4873    5.8964    0.2450    0.0000    0.0001   -2.2600    0.5000
    9.9000    0.6921    0.4950    0.1971    0.9921    2.8085    3.6393    8.0708    0.9789   12.4917    5.9010    0.2450    0.0000    0.0001   -2.2600    0.5000
    9.9000    0.6930    0.4950    0.1980    0.9930    2.8154    3.6388    8.0698    0.9707   12.4961    5.9055    0.2450    0.0000    0.0001   -2.2600    0.5000
    9.9000    0.6940    0.4950    0.1990    0.9940    2.8223    3.6383    8.0689    0.9626   12.5005    5.9101    0.2450    0.0000    0.0001   -2.2600    0.5000
    9.9000    0.6950    0.4950    0.2000    0.9950    2.8292    3.6378    8.0679    0.9544   12.5049    5.9146    0.2450    0.0000    0.0001   -2.2600    0.5000
    9.9000    0.6960    0.4950    0.2010    0.9960    2.8361    3.6374    8.0669    0.9463   12.5093    5.9192    0.2450    0.0000    0.0001   -2.2600    0.5000
    9.9000    0.6970    0.4950    0.2020    0.9970    2.8430    3.6369    8.0660    0.9381   12.5137    5.9237    0.2450    0.0000    0.0001   -2.2600    0.5000
    9.9000    0.6980    0.4950    0.2030    0.9980    2.8499    3.6364    8.0650    0.9299   12.5181    5.9283    0.2450    0.0000    0.0001   -2.2600    0.5000
    9.9000    0.6989    0.4950    0.2039    0.9989    2.8568    3.6360    8.0640    0.9218   12.5225    5.9329    0.2450    0.0000    0.0001   -2.2600    0.5000
    9.9000    0.6999    0.4950    0.2049    0.9999    2.8637    3.6355    8.0631    0.9136   12.5269    5.9374    0.2450    0.0000    0.0001   -2.2600    0.5000
    9.9000    0.7009    0.4950    0.2059    1.0009    2.8706    3.6350    8.0621    0.9055   12.5313    5.9420    0.2450    0.0000    0.0001   -2.2600    0.5000
    9.9000    0.7019    0.4950    0.2069    1.0019    2.8775    3.6345    8.0611    0.8973   12.5357    5.9465    0.2450    0.0000    0.0001   -2.2600    0.5000
    9.9000    0.7029    0.4950    0.2079    1.0029    2.8844    3.6341    8.0602    0.8892   12.5401    5.9511    0.2450    0.0000    0.0001   -2.2600    0.5000
    9.9000    0.7038    0.4950    0.2088    1.0038    2.8913    3.6336    8.0592    0.8810   12.5445    5.9556    0.2450    0.0000    0.0001   -2.2600    0.5000
    9.9000    0.7048    0.4950    0.2098    1.0048    2.8982    3.6331    8.0582    0.8728   12.5489    5.9602    0.2450    0.0000    0.0001   -2.2600    0.5000
    9.9000    0.7058    0.4950    0.2108    1.0058    2.9051    3.6327    8.0573    0.8647   12.5532    5.9647    0.2450    0.0000    0.0001   -2.2600    0.5000
    9.9000    0.7068    0.4950    0.2118    1.0068    2.9120    3.6322    8.0563    0.8565   12.5576    5.9693    0.2450    0.0000    0.0001   -2.2600    0.5000
#   age       Mtot      Mc        Menv      Mini      logL      logT      logTc     logg      logR      logrhoc   Y         Yc        Z         FeH       OFe       
    9.9500    0.6332    0.4950    0.1382    0.9332    1.5506    4.0590    8.0741    3.8776   11.0234    4.2608    0.2450    0.9494    0.0001   -2.2600    0.5000
    9.9500    0.7333    0.4950    0.2383    0.9333    1.6986    3.8409    8.0738    2.9208   11.5336    4.2628    0.2450    0.9488    0.0001   -2.2600    0.5000
    9.9500    0.6342    0.4950    0.1392    0.9342    1.5532    4.0565    8.0741    3.8658   11.0296    4.2608    0.2450    0.9494    0.0001   -2.2600    0.5000
    9.9500    0.7342    0.4950    0.2392    0.9342    1.6994    3.8393    8.0738    2.9142   11.5372    4.2629    0.2450    0.9488    0.0001   -2.2600    0.5000
    9.9500    0.6352    0.4950    0.1402    0.9352    3.1564    3.6159    8.0402    0.5011   12.7123    6.0320    0.2450    0.0000    0.0001   -2.2600    0.5000
    9.9500    0.7352    0.4950    0.2402    0.9352    2.8109    3.6387    8.1001    1.0010   12.4940    5.8737    0.2450    0.0000    0.0001   -2.2600    0.5000
    9.9500    0.6362    0.4950    0.1412    0.9362    3.1746    3.6147    8.0385    0.4784   12.7240    6.0401    0.2450    0.0000    0.0001   -2.2600    0.5000
    9.9500    0.7362    0.4950    0.2412    0.9362    2.8226    3.6380    8.0988    0.9868   12.5014    5.8791    0.2450    0.0000    0.0001   -2.2600    0.5000
    9.9500    0.6371    0.4950    0.1421    0.9371    3.1928    3.6134    8.0368    0.4558   12.7357    6.0482    0.2450    0.0000    0.0001   -2.2600    0.5000
    9.9500    0.7372    0.4950    0.2422    0.9372    2.8344    3.6372    8.0976    0.9726   12.5088    5.8845    0.2450    0.0000    0.0001   -2.2600    0.5000
    9.9500    0.6381    0.4950    0.1431    0.9381    3.2110    3.6121    8.0350    0.4332   12.7473    6.0564    0.2450    0.0000    0.0001   -2.2600    0.5000
    9.9500    0.7382    0.4950    0.2432    0.9382    2.8461    3.6365    8.0964    0.9584   12.5162    5.8898    0.2450    0.0000    0.0001   -2.2600    0.5000
    9.9500    0.6391    0.4950    0.1441    0.9391    3.2292    3.6108    8.0333    0.4105   12.7590    6.0645    0.2450    0.0000    0.0001   -2.2600    0.5000
    9.9500    0.7391    0.4950    0.2441    0.9391    2.8578    3.6357    8.0952    0.9442   12.5236    5.8952    0.2450    0.0000    0.0001   -2.2600    0.5000
    9.9500    0.6401    0.4950    0.1451    0.9401    2.4427    3.6643    8.1219    1.4113   12.2589    5.6596    0.2450    0.0000    0.0001   -2.2600    0.5000
    9.9500    0.7401    0.4950    0.2451    0.9401    2.8695    3.6349    8.0940    0.9300   12.5310    5.9006    0.2450    0.0000    0.0001   -2.2600    0.5000
    9.9500    0.6411    0.4950    0.1461    0.9411    2.4496    3.6638    8.1210    1.4031   12.2633    5.6641    0.2450    0.0000    0.0001   -2.2600    0.5000
    9.9500    0.7411    0.4950    0.2461    0.9411    2.8812    3.6342    8.0928    0.9158   12.5383    5.9060    0.2450    0.0000    0.0001   -2.2600    0.5000
    9.9500    0.6420    0.4950    0.1470    0.9420    2.4565    3.6633    8.1200    1.3950   12.2677    5.6687    0.2450    0.0000    0.0001   -2.2600    0.5000
    9.9500    0.7421    0.4950    0.2471    0.9421    2.8929    3.6334    8.0915    0.9016   12.5457    5.9114    0.2450    0.0000    0.0001   -2.2600    0.5000
    9.9500    0.6430    0.4950    0.1480    0.9430    2.4634    3.6628    8.1191    1.3868   12.2721    5.6732    0.2450    0.0000    0.0001   -2.2600    0.5000
    9.9500    0.7431    0.4950    0.2481    0.9431    2.9047    3.6326    8.0903    0.8874   12.5531    5.9168    0.2450    0.0000    0.0001   -2.2600    0.5000
    9.9500    0.6440    0.4950    0.1490    0.9440    2.4703    3.6624    8.1181    1.3787   12.2765    5.6778    0.2450    0.0000    0.0001   -2.2600    0.5000
    9.9500    0.7441    0.4950    0.2491    0.9441    2.9164    3.6319    8.0891    0.8732   12.5605    5.9221    0.2450    0.0000    0.0001   -2.2600    0.5000
    9.9500    0.6450    0.4950    0.1500    0.9450    2.4772    3.6619    8.1171    1.3705   12.2809    5.6824    0.2450    0.0000    0.0001   -2.2600    0.5000
    9.9500    0.7450    0.4950    0.2500    0.9450    2.9281    3.6311    8.0879    0.8590   12.5679    5.9275    0.2450    0.0000    0.0001   -2.2600    0.5000
    9.9500    0.6460    0.4950    0.1510    0.9460    2.4841    3.6614    8.1162    1.3623   12.2853    5.6869    0.2450    0.0000    0.0001   -2.2600    0.5000
    9.9500    0.7460    0.4950    0.2510    0.9460    2.9398    3.6304    8.0867    0.8448   12.5753    5.9329    0.2450    0.0000    0.0001   -2.2600    0.5000
    9.9500    0.6470    0.4950    0.1520    0.9470    2.4911    3.6610    8.1152    1.3542   12.2897    5.6915    0.2450    0.0000    0.0001   -2.2600    0.5000
    9.9500    0.7470    0.4950    0.2520    0.9470    2.9515    3.6296    8.0855    0.8306   12.5826    5.9383    0.2450    0.0000    0.0001   -2.2600    0.5000
    9.9500    0.6479    0.4950    0.1529    0.9479    2.4980    3.6605    8.1142    1.3460   12.2940    5.6960    0.2450    0.0000    0.0001   -2.2600    0.5000
    9.9500    0.7480    0.4950    0.2530    0.9480    2.9632    3.6288    8.0843    0.8164   12.5900    5.9437    0.2450    0.0000    0.0001   -2.2600    0.5000
    9.9500    0.6489    0.4950    0.1539    0.9489    2.5049    3.6600    8.1133    1.3379   12.2984    5.7006    0.2450    0.0000    0.0001   -2.2600    0.5000
    9.9500    0.7490    0.4950    0.2540    0.9490    2.9750    3.6281    8.0830    0.8022   12.5974    5.9491    0.2450    0.0000    0.0001   -2.2600    0.5000
    9.9500    0.6499    0.4950    0.1549    0.9499    2.5118    3.6595    8.1123    1.3297   12.3028    5.7051    0.2450    0.0000    0.0001   -2.2600    0.5000
    9.9500    0.7499    0.4950    0.2549    0.9499    2.9867    3.6273    8.0818    0.7880   12.6048    5.9544    0.2450    0.0000    0.0001   -2.2600    0.5000
    9.9500    0.6509    0.4950    0.1559    0.9509    2.5187    3.6591    8.1113    1.3215   12.3072    5.7097    0.2450    0.0000    0.0001   -2.2600    0.5000
    9.9500    0.7509    0.4950    0.2559    0.9509    2.9984    3.6265    8.0806    0.7738   12.6122    5.9598    0.2450    0.0000    0.0001   -2.2600    0.5000
    9.9500    0.6519    0.4950    0.1569    0.9519    2.5256    3.6586    8.1104    1.3134   12.3116    5.7142    0.2450    0.0000    0.0001   -2.2600    0.5000
    9.9500    0.7519    0.4950    0.2569    0.9519    3.0101    3.6258    8.0794    0.7596   12.6196    5.9652    0.2450    0.0000    0.0001   -2.2600    0.5000
    9.9500    0.6528    0.4950    0.1578    0.9528    2.5325    3.6581    8.1094    1.3052   12.3160    5.7188    0.2450    0.0000    0.0001   -2.2600    0.5000
    9.9500    0.7529    0.4950    0.2579    0.9529    3.0218    3.6250    8.0782    0.7454   12.6269    5.9706    0.2450    0.0000    0.0001   -2.2600    0.5000
    9.9500    0.6538    0.4950    0.1588    0.9538    2.5394    3.6577    8.1084    1.2971   12.3204    5.7233    0.2450    0.0000    0.0001   -2.2600    0.5000
    9.9500    0.7539    0.4950    0.2589    0.9539    3.0335    3.6243    8.0770    0.7312   12.6343    5.9760    0.2450    0.0000    0.0001   -2.2600    0.5000
    9.9500    0.6548    0.4950    0.1598    0.9548    2.5463    3.6572    8.1075    1.2889   12.3248    5.7279    0.2450    0.0000    0.0001   -2.2600    0.5000
    9.9500    0.7548    0.4950    0.2598    0.9548    3.0453    3.6235    8.0757    0.7170   12.6417    5.9813    0.2450    0.0000    0.0001   -2.2600    0.5000
    9.9500    0.6558    0.4950    0.1608    0.9558    2.5532    3.6567    8.1065    1.2808   12.3292    5.7325    0.2450    0.0000    0.0001   -2.2600    0.5000
    9.9500    0.7558    0.4950    0.2608    0.9558    3.0570    3.6227    8.0745    0.7028   12.6491    5.9867    0.2450    0.0000    0.0001   -2.2600    0.5000
    9.9500    0.6568    0.4950    0.1618    0.9568    2.5601    3.6562    8.1055    1.2726   12.3336    5.7370    0.2450    0.0000    0.0001   -2.2600    0.5000
    9.9500    0.7568    0.4950    0.2618    0.9568    3.0687    3.6220    8.0733    0.6886   12.6565    5.9921    0.2450    0.0000    0.0001   -2.2600    0.5000
    9.9500    0.6577    0.4950    0.1627    0.9577    2.5670    3.6558    8.1046    1.2644   12.3380    5.7416    0.2450    0.0000    0.0001   -2.2600    0.5000
    9.9500    0.7578    0.4950    0.2628    0.9578    3.0804    3.6212    8.0721    0.6744   12.6638    5.9975    0.2450    0.0000    0.0001   -2.2600    0.5000
    9.9500    0.6587    0.4950    0.1637    0.9587    2.5739    3.6553    8.1036    1.2563   12.3424    5.7461    0.2450    0.0000    0.0001   -2.2600    0.5000
    9.9500    0.7588    0.4950    0.2638    0.9588    3.0921    3.6204    8.0709    0.6602   12.6712    6.0029    0.2450    0.0000    0.0001   -2.2600    0.5000
    9.9500    0.6597    0.4950    0.1647    0.9597    2.5808    3.6548    8.1026    1.2481   12.3468    5.7507    0.2450    0.0000    0.0001   -2.2600    0.5000
    9.9500    0.7597    0.4950    0.2647    0.9597    3.1038    3.6197    8.0697    0.6460   12.6786    6.0083    0.2450    0.0000    0.0001   -2.2600    0.5000
    9.9500    0.6607    0.4950    0.1657    0.9607    2.5877    3.6544    8.1017    1.2400   12.3512    5.7552    0.2450    0.0000    0.0001   -2.2600    0.5000
    9.9500    0.7607    0.4950    0.2657    0.9607    3.1155    3.6189    8.0685    0.6318   12.6860    6.0136    0.2450    0.0000    0.0001   -2.2600    0.5000
    9.9500    0.6617    0.4950    0.1667    0.9617    2.5946    3.6539    8.1007    1.2318   12.3556    5.7598    0.2450    0.0000    0.0001   -2.2600    0.5000
    9.9500    0.7617    0.4950    0.2667    0.9617    3.1273    3.6182    8.0672    0.6176   12.6934    6.0190    0.2450    0.0000    0.0001   -2.2600    0.5000
    9.9500    0.6626    0.4950    0.1676    0.9626    2.6015    3.6534    8.0997    1.2236   12.3599    5.7643    0.2450    0.0000    0.0001   -2.2600    0.5000
    9.9500    0.7627    0.4950    0.2677    0.9627    3.1390    3.6174    8.0660    0.6034   12.7008    6.0244    0.2450    0.0000    0.0001   -2.2600    0.5000
    9.9500    0.6636    0.4950    0.1686    0.9636    2.6084    3.6529    8.0988    1.2155   12.3643    5.7689    0.2450    0.0000    0.0001   -2.2600    0.5000
    9.9500    0.7637    0.4950    0.2687    0.9637    3.1507    3.6166    8.0648    0.5892   12.7081    6.0298    0.2450    0.0000    0.0001   -2.2600    0.5000
    9.9500    0.6646    0.4950    0.1696    0.9646    2.6153    3.6525    8.0978    1.2073   12.3687    5.7734    0.2450    0.0000    0.0001   -2.2600    0.5000
    9.9500    0.7646    0.4950    0.2696    0.9646    3.1624    3.6159    8.0636    0.5750   12.7155    6.0352    0.2450    0.0000    0.0001   -2.2600    0.5000
    9.9500    0.6656    0.4950    0.1706    0.9656    2.6222    3.6520    8.0969    1.1992   12.3731    5.7780    0.2450    0.0000    0.0001   -2.2600    0.5000
    9.9500    0.7656    0.4950    0.2706    0.9656    3.1741    3.6151    8.0624    0.5608   12.7229    6.0406    0.2450    0.0000    0.0001   -2.2600    0.5000
    9.9500    0.6666    0.4950    0.1716    0.9666    2.6291    3.6515    8.0959    1.1910   12.3775    5.7826    0.2450    0.0000    0.0001   -2.2600    0.5000
    9.9500    0.7666    0.4950    0.2716    0.9666    3.1858    3.6143    8.0612    0.5466   12.7303    6.0459    0.2450    0.0000    0.0001   -2.2600    0.5000
    9.9500    0.6675    0.4950    0.1725    0.9675    2.6360    3.6511    8.0949    1.1829   12.3819    5.7871    0.2450    0.0000    0.0001   -2.2600    0.5000
    9.9500    0.7676    0.4950    0.2726    0.9676    3.1976    3.6136    8.0599    0.5324   12.7377    6.0513    0.2450    0.0000    0.0001   -2.2600    0.5000
    9.9500    0.6685    0.4950    0.1735    0.9685    2.6429    3.6506    8.0940    1.1747   12.3863    5.7917    0.2450    0.0000    0.0001   -2.2600    0.5000
    9.9500    0.7686    0.4950    0.2736    0.9686    3.2093    3.6128    8.0587    0.5182   12.7451    6.0567    0.2450    0.0000    0.0001   -2.2600    0.5000
#   age       Mtot      Mc        Menv      Mini      logL      logT      logTc     logg      logR      logrhoc   Y         Yc        Z         FeH       OFe       
   10.0000    0.5979    0.4950    0.1029    0.8979    1.4587    4.1480    8.0740    4.3004   10.7996    4.2615    0.2450    0.9494    0.0001   -2.2600    0.5000
   10.0000    0.6980    0.4950    0.2030    0.8980    1.6545    3.9118    8.0739    3.2267   11.3697    4.2621    0.2450    0.9490    0.0001   -2.2600    0.5000
   10.0000    0.5989    0.4950    0.1039    0.8989    1.4616    4.1456    8.0740    4.2888   10.8057    4.2614    0.2450    0.9494    0.0001   -2.2600    0.5000
   10.0000    0.6989    0.4950    0.2039    0.8989    1.6559    3.9096    8.0739    3.2170   11.3748    4.2621    0.2450    0.9490    0.0001   -2.2600    0.5000
   10.0000    0.5999    0.4950    0.1049    0.8999    2.8983    3.6347    8.0281    0.8094   12.5459    5.9866    0.2450    0.0000    0.0001   -2.2600    0.5000
   10.0000    0.6999    0.4950    0.2049    0.8999    2.8637    3.6355    8.0631    0.9136   12.5269    5.9374    0.2450    0.0000    0.0001   -2.2600    0.5000
   10.0000    0.6009    0.4950    0.1059    0.9009    2.5196    3.6609    8.1008    1.2937   12.3040    5.7471    0.2450    0.0000    0.0001   -2.2600    0.5000
   10.0000    0.7009    0.4950    0.2059    0.9009    2.8706    3.6350    8.0621    0.9055   12.5313    5.9420    0.2450    0.0000    0.0001   -2.2600    0.5000
   10.0000    0.6018    0.4950    0.1068    0.9018    2.5378    3.6597    8.0991    1.2710   12.3156    5.7553    0.2450    0.0000    0.0001   -2.2600    0.5000
   10.0000    0.7019    0.4950    0.2069    0.9019    2.8775    3.6345    8.0611    0.8973   12.5357    5.9465    0.2450    0.0000    0.0001   -2.2600    0.5000
   10.0000    0.6028    0.4950    0.1078    0.9028    2.5560    3.6584    8.0974    1.2484   12.3273    5.7634    0.2450    0.0000    0.0001   -2.2600    0.5000
   10.0000    0.7029    0.4950    0.2079    0.9029    2.8844    3.6341    8.0602    0.8892   12.5401    5.9511    0.2450    0.0000    0.0001   -2.2600    0.5000
   10.0000    0.6038    0.4950    0.1088    0.9038    2.5742    3.6571    8.0956    1.2257   12.3390    5.7715    0.2450    0.0000    0.0001   -2.2600    0.5000
   10.0000    0.7038    0.4950    0.2088    0.9038    2.8913    3.6336    8.0592    0.8810   12.5445    5.9556    0.2450    0.0000    0.0001   -2.2600    0.5000
   10.0000    0.6048    0.4950    0.1098    0.9048    2.5924    3.6558    8.0939    1.2031   12.3506    5.7797    0.2450    0.0000    0.0001   -2.2600    0.5000
   10.0000    0.7048    0.4950    0.2098    0.9048    2.8982    3.6331    8.0582    0.8728   12.5489    5.9602    0.2450    0.0000    0.0001   -2.2600    0.5000
   10.0000    0.6058    0.4950    0.1108    0.9058    2.6106    3.6545    8.0922    1.1804   12.3623    5.7878    0.2450    0.0000    0.0001   -2.2600    0.5000
   10.0000    0.7058    0.4950    0.2108    0.9058    2.9051    3.6327    8.0573    0.8647   12.5532    5.9647    0.2450    0.0000    0.0001   -2.2600    0.5000
   10.0000    0.6067    0.4950    0.1117    0.9067    2.6288    3.6532    8.0904    1.1578   12.3740    5.7959    0.2450    0.0000    0.0001   -2.2600    0.5000
   10.0000    0.7068    0.4950    0.2118    0.9068    2.9120    3.6322    8.0563    0.8565   12.5576    5.9693    0.2450    0.0000    0.0001   -2.2600    0.5000
   10.0000    0.6077    0.4950    0.1127    0.9077    2.6470    3.6519    8.0887    1.1352   12.3856    5.8041    0.2450    0.0000    0.0001   -2.2600    0.5000
   10.0000    0.7078    0.4950    0.2128    0.9078    2.9189    3.6317    8.0553    0.8484   12.5620    5.9738    0.2450    0.0000    0.0001   -2.2600    0.5000
   10.0000    0.6087    0.4950    0.1137    0.9087    2.6652    3.6507    8.0870    1.1125   12.3973    5.8122    0.2450    0.0000    0.0001   -2.2600    0.5000
   10.0000    0.7087    0.4950    0.2137    0.9087    2.9258    3.6312    8.0544    0.8402   12.5664    5.9784    0.2450    0.0000    0.0001   -2.2600    0.5000
   10.0000    0.6097    0.4950    0.1147    0.9097    2.6834    3.6494    8.0853    1.0899   12.4090    5.8204    0.2450    0.0000    0.0001   -2.2600    0.5000
   10.0000    0.7097    0.4950    0.2147    0.9097    2.9327    3.6308    8.0534    0.8321   12.5708    5.9830    0.2450    0.0000    0.0001   -2.2600    0.5000
   10.0000    0.6107    0.4950    0.1157    0.9107    2.7016    3.6481    8.0835    1.0672   12.4206    5.8285    0.2450    0.0000    0.0001   -2.2600    0.5000
   10.0000    0.7107    0.4950    0.2157    0.9107    2.9396    3.6303    8.0525    0.8239   12.5752    5.9875    0.2450    0.0000    0.0001   -2.2600    0.5000
   10.0000    0.6116    0.4950    0.1166    0.9116    2.7198    3.6468    8.0818    1.0446   12.4323    5.8366    0.2450    0.0000    0.0001   -2.2600    0.5000
   10.0000    0.7117    0.4950    0.2167    0.9117    2.9465    3.6298    8.0515    0.8157   12.5796    5.9921    0.2450    0.0000    0.0001   -2.2600    0.5000
   10.0000    0.6126    0.4950    0.1176    0.9126    2.7380    3.6455    8.0801    1.0219   12.4440    5.8448    0.2450    0.0000    0.0001   -2.2600    0.5000
   10.0000    0.7127    0.4950    0.2177    0.9127    2.9534    3.6294    8.0505    0.8076   12.5840    5.9966    0.2450    0.0000    0.0001   -2.2600    0.5000
   10.0000    0.6136    0.4950    0.1186    0.9136    2.7561    3.6442    8.0783    0.9993   12.4556    5.8529    0.2450    0.0000    0.0001   -2.2600    0.5000
   10.0000    0.7136    0.4950    0.2186    0.9136    2.9603    3.6289    8.0496    0.7994   12.5884    6.0012    0.2450    0.0000    0.0001   -2.2600    0.5000
   10.0000    0.6146    0.4950    0.1196    0.9146    2.7743    3.6429    8.0766    0.9766   12.4673    5.8611    0.2450    0.0000    0.0001   -2.2600    0.5000
   10.0000    0.7146    0.4950    0.2196    0.9146    2.9672    3.6284    8.0486    0.7913   12.5928    6.0057    0.2450    0.0000    0.0001   -2.2600    0.5000
   10.0000    0.6156    0.4950    0.1206    0.9156    2.7925    3.6417    8.0749    0.9540   12.4790    5.8692    0.2450    0.0000    0.0001   -2.2600    0.5000
   10.0000    0.7156    0.4950    0.2206    0.9156    2.9741    3.6279    8.0476    0.7831   12.5972    6.0103    0.2450    0.0000    0.0001   -2.2600    0.5000
   10.0000    0.6165    0.4950    0.1215    0.9165    2.8107    3.6404    8.0731    0.9313   12.4906    5.8773    0.2450    0.0000    0.0001   -2.2600    0.5000
   10.0000    0.7166    0.4950    0.2216    0.9166    2.9810    3.6275    8.0467    0.7749   12.6016    6.0148    0.2450    0.0000    0.0001   -2.2600    0.5000
   10.0000    0.6175    0.4950    0.1225    0.9175    2.8289    3.6391    8.0714    0.9087   12.5023    5.8855    0.2450    0.0000    0.0001   -2.2600    0.5000
   10.0000    0.7176    0.4950    0.2226    0.9176    2.9879    3.6270    8.0457    0.7668   12.6060    6.0194    0.2450    0.0000    0.0001   -2.2600    0.5000
   10.0000    0.6185    0.4950    0.1235    0.9185    2.8471    3.6378    8.0697    0.8861   12.5140    5.8936    0.2450    0.0000    0.0001   -2.2600    0.5000
   10.0000    0.7186    0.4950    0.2236    0.9186    2.9948    3.6265    8.0447    0.7586   12.6104    6.0239    0.2450    0.0000    0.0001   -2.2600    0.5000
   10.0000    0.6195    0.4950    0.1245    0.9195    2.8653    3.6365    8.0679    0.8634   12.5257    5.9017    0.2450    0.0000    0.0001   -2.2600    0.5000
   10.0000    0.7195    0.4950    0.2245    0.9195    3.0017    3.6261    8.0438    0.7505   12.6148    6.0285    0.2450    0.0000    0.0001   -2.2600    0.5000
   10.0000    0.6205    0.4950    0.1255    0.9205    2.8835    3.6352    8.0662    0.8408   12.5373    5.9099    0.2450    0.0000    0.0001   -2.2600    0.5000
   10.0000    0.7205    0.4950    0.2255    0.9205    2.6352    3.6502    8.1183    1.2140   12.3833    5.7929    0.2450    0.0000    0.0001   -2.2600    0.5000
   10.0000    0.6214    0.4950    0.1264    0.9214    2.9017    3.6339    8.0645    0.8181   12.5490    5.9180    0.2450    0.0000    0.0001   -2.2600    0.5000
   10.0000    0.7215    0.4950    0.2265    0.9215    2.6469    3.6494    8.1171    1.1998   12.3907    5.7983    0.2450    0.0000    0.0001   -2.2600    0.5000
   10.0000    0.6224    0.4950    0.1274    0.9224    2.9199    3.6327    8.0627    0.7955   12.5607    5.9262    0.2450    0.0000    0.0001   -2.2600    0.5000
   10.0000    0.7225    0.4950    0.2275    0.9225    2.6586    3.6487    8.1159    1.1856   12.3981    5.8037    0.2450    0.0000    0.0001   -2.2600    0.5000
   10.0000    0.6234    0.4950    0.1284    0.9234    2.9381    3.6314    8.0610    0.7728   12.5723    5.9343    0.2450    0.0000    0.0001   -2.2600    0.5000
   10.0000    0.7235    0.4950    0.2285    0.9235    2.6703    3.6479    8.1146    1.1714   12.4055    5.8091    0.2450    0.0000    0.0001   -2.2600    0.5000
   10.0000    0.6244    0.4950    0.1294    0.9244    2.9563    3.6301    8.0593    0.7502   12.5840    5.9424    0.2450    0.0000    0.0001   -2.2600    0.5000
   10.0000    0.7244    0.4950    0.2294    0.9244    2.6821    3.6471    8.1134    1.1572   12.4128    5.8145    0.2450    0.0000    0.0001   -2.2600    0.5000
   10.0000    0.6254    0.4950    0.1304    0.9254    2.9745    3.6288    8.0575    0.7275   12.5957    5.9506    0.2450    0.0000    0.0001   -2.2600    0.5000
   10.0000    0.7254    0.4950    0.2304    0.9254    2.6938    3.6464    8.1122    1.1430   12.4202    5.8199    0.2450    0.0000    0.0001   -2.2600    0.5000
   10.0000    0.6264    0.4950    0.1314    0.9264    2.9927    3.6275    8.0558    0.7049   12.6073    5.9587    0.2450    0.0000    0.0001   -2.2600    0.5000
   10.0000    0.7264    0.4950    0.2314    0.9264    2.7055    3.6456    8.1110    1.1288   12.4276    5.8252    0.2450    0.0000    0.0001   -2.2600    0.5000
   10.0000    0.6273    0.4950    0.1323    0.9273    3.0109    3.6262    8.0541    0.6823   12.6190    5.9669    0.2450    0.0000    0.0001   -2.2600    0.5000
   10.0000    0.7274    0.4950    0.2324    0.9274    2.7172    3.6448    8.1098    1.1146   12.4350    5.8306    0.2450    0.0000    0.0001   -2.2600    0.5000
   10.0000    0.6283    0.4950    0.1333    0.9283    3.0291    3.6249    8.0523    0.6596   12.6307    5.9750    0.2450    0.0000    0.0001   -2.2600    0.5000
   10.0000    0.7284    0.4950    0.2334    0.9284    2.7289    3.6441    8.1086    1.1004   12.4424    5.8360    0.2450    0.0000    0.0001   -2.2600    0.5000
   10.0000    0.6293    0.4950    0.1343    0.9293    3.0472    3.6237    8.0506    0.6370   12.6423    5.9831    0.2450    0.0000    0.0001   -2.2600    0.5000
   10.0000    0.7293    0.4950    0.2343    0.9293    2.7406    3.6433    8.1073    1.0862   12.4498    5.8414    0.2450    0.0000    0.0001   -2.2600    0.5000
   10.0000    0.6303    0.4950    0.1353    0.9303    3.0654    3.6224    8.0489    0.6143   12.6540    5.9913    0.2450    0.0000    0.0001   -2.2600    0.5000
   10.0000    0.7303    0.4950    0.2353    0.9303    2.7524    3.6426    8.1061    1.0720   12.4571    5.8468    0.2450    0.0000    0.0001   -2.2600    0.5000
   10.0000    0.6313    0.4950    0.1363    0.9313    3.0836    3.6211    8.0471    0.5917   12.6657    5.9994    0.2450    0.0000    0.0001   -2.2600    0.5000
   10.0000    0.7313    0.4950    0.2363    0.9313    2.7641    3.6418    8.1049    1.0578   12.4645    5.8522    0.2450    0.0000    0.0001   -2.2600    0.5000
   10.0000    0.6322    0.4950    0.1372    0.9322    3.1018    3.6198    8.0454    0.5690   12.6773    6.0076    0.2450    0.0000    0.0001   -2.2600    0.5000
   10.0000    0.7323    0.4950    0.2373    0.9323    2.7758    3.6410    8.1037    1.0436   12.4719    5.8575    0.2450    0.0000    0.0001   -2.2600    0.5000
#   age       Mtot      Mc        Menv      Mini      logL      logT      logTc     logg      logR      logrhoc   Y         Yc        Z         FeH       OFe       
   10.0500    0.5636    0.4950    0.0686    0.8636    1.3609    4.2281    8.0734    4.6932   10.5903    4.2673    0.2450    0.9486    0.0001   -2.2600    0.5000
   10.0500    0.6636    0.4950    0.1686    0.8636    1.6033    3.9889    8.0740    3.5641   11.1900    4.2612    0.2450    0.9492    0.0001   -2.2600    0.5000
   10.0500    0.7637    0.4950    0.2687    0.8637    1.7245    3.7918    8.0737    2.7162   11.6447    4.2634    0.2450    0.9485    0.0001   -2.2600    0.5000
   10.0500    0.5646    0.4950    0.0696    0.8646    1.3636    4.2258    8.0734    4.6823   10.5961    4.2671    0.2450    0.9487    0.0001   -2.2600    0.5000
   10.0500    0.6646    0.4950    0.1696    0.8646    1.6048    3.9867    8.0740    3.5545   11.1951    4.2613    0.2450    0.9492    0.0001   -2.2600    0.5000
   10.0500    0.7646    0.4950    0.2696    0.8646    1.7253    3.7902    8.0737    2.7097   11.6483    4.2635    0.2450    0.9485    0.0001   -2.2600    0.5000
   10.0500    0.5655    0.4950    0.0705    0.8655    2.6112    3.6605    8.0738    1.1739   12.3507    5.8082    0.2450    0.0000    0.0001   -2.2600    0.5000
   10.0500    0.6656    0.4950    0.1706    0.8656    2.6222    3.6520    8.0969    1.1992   12.3731    5.7780    0.2450    0.0000    0.0001   -2.2600    0.5000
   10.0500    0.7656    0.4950    0.2706    0.8656    3.1741    3.6151    8.0624    0.5608   12.7229    6.0406    0.2450    0.0000    0.0001   -2.2600    0.5000
   10.0500    0.5665    0.4950    0.0715    0.8665    2.6385    3.6583    8.0701    1.1386   12.3688    5.8219    0.2450    0.0000    0.0001   -2.2600    0.5000
   10.0500    0.6666    0.4950    0.1716    0.8666    2.6291    3.6515    8.0959    1.1910   12.3775    5.7826    0.2450    0.0000    0.0001   -2.2600    0.5000
   10.0500    0.7666    0.4950    0.2716    0.8666    3.1858    3.6143    8.0612    0.5466   12.7303    6.0459    0.2450    0.0000    0.0001   -2.2600    0.5000
   10.0500    0.5675    0.4950    0.0725    0.8675    2.6658    3.6561    8.0664    1.1033   12.3868    5.8356    0.2450    0.0000    0.0001   -2.2600    0.5000
   10.0500    0.6675    0.4950    0.1725    0.8675    2.6360    3.6511    8.0949    1.1829   12.3819    5.7871    0.2450    0.0000    0.0001   -2.2600    0.5000
   10.0500    0.7676    0.4950    0.2726    0.8676    3.1976    3.6136    8.0599    0.5324   12.7377    6.0513    0.2450    0.0000    0.0001   -2.2600    0.5000
   10.0500    0.5685    0.4950    0.0735    0.8685    2.6931    3.6539    8.0626    1.0680   12.4048    5.8494    0.2450    0.0000    0.0001   -2.2600    0.5000
   10.0500    0.6685    0.4950    0.1735    0.8685    2.6429    3.6506    8.0940    1.1747   12.3863    5.7917    0.2450    0.0000    0.0001   -2.2600    0.5000
   10.0500    0.7686    0.4950    0.2736    0.8686    3.2093    3.6128    8.0587    0.5182   12.7451    6.0567    0.2450    0.0000    0.0001   -2.2600    0.5000
   10.0500    0.5695    0.4950    0.0745    0.8695    2.7205    3.6518    8.0589    1.0328   12.4228    5.8631    0.2450    0.0000    0.0001   -2.2600    0.5000
   10.0500    0.6695    0.4950    0.1745    0.8695    2.6498    3.6501    8.0930    1.1665   12.3907    5.7962    0.2450    0.0000    0.0001   -2.2600    0.5000
   10.0500    0.7696    0.4950    0.2746    0.8696    3.2210    3.6121    8.0575    0.5040   12.7524    6.0621    0.2450    0.0000    0.0001   -2.2600    0.5000
   10.0500    0.5704    0.4950    0.0754    0.8704    2.7478    3.6496    8.0552    0.9975   12.4408    5.8768    0.2450    0.0000    0.0001   -2.2600    0.5000
   10.0500    0.6705    0.4950    0.1755    0.8705    2.6567    3.6496    8.0920    1.1584   12.3951    5.8008    0.2450    0.0000    0.0001   -2.2600    0.5000
   10.0500    0.7705    0.4950    0.2755    0.8705    3.2327    3.6113    8.0563    0.4898   12.7598    6.0675    0.2450    0.0000    0.0001   -2.2600    0.5000
   10.0500    0.5714    0.4950    0.0764    0.8714    2.7751    3.6474    8.0514    0.9622   12.4588    5.8905    0.2450    0.0000    0.0001   -2.2600    0.5000
   10.0500    0.6715    0.4950    0.1765    0.8715    2.6636    3.6492    8.0911    1.1502   12.3995    5.8053    0.2450    0.0000    0.0001   -2.2600    0.5000
   10.0500    0.7715    0.4950    0.2765    0.8715    3.2444    3.6105    8.0551    0.4756   12.7672    6.0729    0.2450    0.0000    0.0001   -2.2600    0.5000
   10.0500    0.5724    0.4950    0.0774    0.8724    2.8024    3.6452    8.0477    0.9269   12.4768    5.9042    0.2450    0.0000    0.0001   -2.2600    0.5000
   10.0500    0.6725    0.4950    0.1775    0.8725    2.6705    3.6487    8.0901    1.1421   12.4039    5.8099    0.2450    0.0000    0.0001   -2.2600    0.5000
   10.0500    0.7725    0.4950    0.2775    0.8725    3.2561    3.6098    8.0539    0.4614   12.7746    6.0782    0.2450    0.0000    0.0001   -2.2600    0.5000
   10.0500    0.5734    0.4950    0.0784    0.8734    2.8297    3.6431    8.0440    0.8917   12.4948    5.9180    0.2450    0.0000    0.0001   -2.2600    0.5000
   10.0500    0.6734    0.4950    0.1784    0.8734    2.6774    3.6482    8.0891    1.1339   12.4083    5.8144    0.2450    0.0000    0.0001   -2.2600    0.5000
   10.0500    0.7735    0.4950    0.2785    0.8735    3.2679    3.6090    8.0527    0.4472   12.7820    6.0836    0.2450    0.0000    0.0001   -2.2600    0.5000
   10.0500    0.5744    0.4950    0.0794    0.8744    2.8571    3.6409    8.0402    0.8564   12.5128    5.9317    0.2450    0.0000    0.0001   -2.2600    0.5000
   10.0500    0.6744    0.4950    0.1794    0.8744    2.6843    3.6478    8.0882    1.1257   12.4127    5.8190    0.2450    0.0000    0.0001   -2.2600    0.5000
   10.0500    0.7745    0.4950    0.2795    0.8745    3.2796    3.6082    8.0514    0.4330   12.7894    6.0890    0.2450    0.0000    0.0001   -2.2600    0.5000
   10.0500    0.5754    0.4950    0.0804    0.8754    2.8844    3.6387    8.0365    0.8211   12.5309    5.9454    0.2450    0.0000    0.0001   -2.2600    0.5000
   10.0500    0.6754    0.4950    0.1804    0.8754    2.6912    3.6473    8.0872    1.1176   12.4171    5.8235    0.2450    0.0000    0.0001   -2.2600    0.5000
   10.0500    0.7754    0.4950    0.2804    0.8754    3.2913    3.6075    8.0502    0.4188   12.7967    6.0944    0.2450    0.0000    0.0001   -2.2600    0.5000
   10.0500    0.5763    0.4950    0.0813    0.8763    2.9117    3.6365    8.0328    0.7858   12.5489    5.9591    0.2450    0.0000    0.0001   -2.2600    0.5000
   10.0500    0.6764    0.4950    0.1814    0.8764    2.6981    3.6468    8.0862    1.1094   12.4214    5.8281    0.2450    0.0000    0.0001   -2.2600    0.5000
   10.0500    0.7764    0.4950    0.2814    0.8764    3.3030    3.6067    8.0490    0.4046   12.8041    6.0998    0.2450    0.0000    0.0001   -2.2600    0.5000
   10.0500    0.5773    0.4950    0.0823    0.8773    2.9390    3.6343    8.0291    0.7506   12.5669    5.9728    0.2450    0.0000    0.0001   -2.2600    0.5000
   10.0500    0.6774    0.4950    0.1824    0.8774    2.7050    3.6463    8.0853    1.1013   12.4258    5.8327    0.2450    0.0000    0.0001   -2.2600    0.5000
   10.0500    0.7774    0.4950    0.2824    0.8774    3.3147    3.6060    8.0478    0.3904   12.8115    6.1052    0.2450    0.0000    0.0001   -2.2600    0.5000
   10.0500    0.5783    0.4950    0.0833    0.8783    2.9663    3.6322    8.0253    0.7153   12.5849    5.9865    0.2450    0.0000    0.0001   -2.2600    0.5000
   10.0500    0.6783    0.4950    0.1833    0.8783    2.7119    3.6459    8.0843    1.0931   12.4302    5.8372    0.2450    0.0000    0.0001   -2.2600    0.5000
   10.0500    0.7784    0.4950    0.2834    0.8784    3.3264    3.6052    8.0466    0.3762   12.8189    6.1105    0.2450    0.0000    0.0001   -2.2600    0.5000
   10.0500    0.5793    0.4950    0.0843    0.8793    2.9937    3.6300    8.0216    0.6800   12.6029    6.0003    0.2450    0.0000    0.0001   -2.2600    0.5000
   10.0500    0.6793    0.4950    0.1843    0.8793    2.7188    3.6454    8.0833    1.0850   12.4346    5.8418    0.2450    0.0000    0.0001   -2.2600    0.5000
   10.0500    0.7794    0.4950    0.2844    0.8794    3.3381    3.6044    8.0454    0.3620   12.8263    6.1159    0.2450    0.0000    0.0001   -2.2600    0.5000
   10.0500    0.5803    0.4950    0.0853    0.8803    2.5230    3.6624    8.0920    1.2809   12.3029    5.7686    0.2450    0.0000    0.0001   -2.2600    0.5000
   10.0500    0.6803    0.4950    0.1853    0.8803    2.7257    3.6449    8.0824    1.0768   12.4390    5.8463    0.2450    0.0000    0.0001   -2.2600    0.5000
   10.0500    0.5812    0.4950    0.0862    0.8812    2.5418    3.6610    8.0888    1.2573   12.3150    5.7795    0.2450    0.0000    0.0001   -2.2600    0.5000
   10.0500    0.6813    0.4950    0.1863    0.8813    2.7326    3.6444    8.0814    1.0686   12.4434    5.8509    0.2450    0.0000    0.0001   -2.2600    0.5000
   10.0500    0.5822    0.4950    0.0872    0.8822    2.5605    3.6596    8.0856    1.2338   12.3272    5.7904    0.2450    0.0000    0.0001   -2.2600    0.5000
   10.0500    0.6823    0.4950    0.1873    0.8823    2.7395    3.6440    8.0804    1.0605   12.4478    5.8554    0.2450    0.0000    0.0001   -2.2600    0.5000
   10.0500    0.5832    0.4950    0.0882    0.8832    2.5793    3.6582    8.0824    1.2102   12.3393    5.8013    0.2450    0.0000    0.0001   -2.2600    0.5000
   10.0500    0.6832    0.4950    0.1882    0.8832    2.7464    3.6435    8.0795    1.0523   12.4522    5.8600    0.2450    0.0000    0.0001   -2.2600    0.5000
   10.0500    0.5842    0.4950    0.0892    0.8842    2.5981    3.6568    8.0792    1.1866   12.3515    5.8122    0.2450    0.0000    0.0001   -2.2600    0.5000
   10.0500    0.6842    0.4950    0.1892    0.8842    2.7533    3.6430    8.0785    1.0442   12.4566    5.8645    0.2450    0.0000    0.0001   -2.2600    0.5000
   10.0500    0.5852    0.4950    0.0902    0.8852    2.6168    3.6554    8.0760    1.1630   12.3636    5.8231    0.2450    0.0000    0.0001   -2.2600    0.5000
   10.0500    0.6852    0.4950    0.1902    0.8852    2.7602    3.6426    8.0775    1.0360   12.4610    5.8691    0.2450    0.0000    0.0001   -2.2600    0.5000
   10.0500    0.5861    0.4950    0.0911    0.8861    2.6356    3.6541    8.0728    1.1395   12.3758    5.8340    0.2450    0.0000    0.0001   -2.2600    0.5000
   10.0500    0.6862    0.4950    0.1912    0.8862    2.7671    3.6421    8.0766    1.0278   12.4654    5.8736    0.2450    0.0000    0.0001   -2.2600    0.5000
   10.0500    0.5871    0.4950    0.0921    0.8871    2.6544    3.6527    8.0696    1.1159   12.3879    5.8449    0.2450    0.0000    0.0001   -2.2600    0.5000
   10.0500    0.6872    0.4950    0.1922    0.8872    2.7740    3.6416    8.0756    1.0197   12.4698    5.8782    0.2450    0.0000    0.0001   -2.2600    0.5000
   10.0500    0.5881    0.4950    0.0931    0.8881    2.6731    3.6513    8.0664    1.0923   12.4001    5.8558    0.2450    0.0000    0.0001   -2.2600    0.5000
   10.0500    0.6881    0.4950    0.1931    0.8881    2.7809    3.6411    8.0747    1.0115   12.4742    5.8828    0.2450    0.0000    0.0001   -2.2600    0.5000
   10.0500    0.5891    0.4950    0.0941    0.8891    2.6919    3.6499    8.0632    1.0687   12.4122    5.8667    0.2450    0.0000    0.0001   -2.2600    0.5000
   10.0500    0.6891    0.4950    0.1941    0.8891    2.7878    3.6407    8.0737    1.0034   12.4786    5.8873    0.2450    0.0000    0.0001   -2.2600    0.5000
   10.0500    0.5901    0.4950    0.0951    0.8901    2.7107    3.6485    8.0600    1.0451   12.4244    5.8776    0.2450    0.0000    0.0001   -2.2600    0.5000
   10.0500    0.6901    0.4950    0.1951    0.8901    2.7947    3.6402    8.0727    0.9952   12.4830    5.8919    0.2450    0.0000    0.0001   -2.2600    0.5000
   10.0500    0.5910    0.4950    0.0960    0.8910    2.7294    3.6472    8.0569    1.0216   12.4365    5.8885    0.2450    0.0000    0.0001   -2.2600    0.5000
   10.0500    0.6911    0.4950    0.1961    0.8911    2.8016    3.6397    8.0718    0.9871   12.4873    5.8964    0.2450    0.0000    0.0001   -2.2600    0.5000
   10.0500    0.5920    0.4950    0.0970    0.8920    2.7482    3.6458    8.0537    0.9980   12.4487    5.8994    0.2450    0.0000    0.0001   -2.2600    0.5000
   10.0500    0.6921    0.4950    0.1971    0.8921    2.8085    3.6393    8.0708    0.9789   12.4917    5.9010    0.2450    0.0000    0.0001   -2.2600    0.5000
   10.0500    0.5930    0.4950    0.0980    0.8930    2.7670    3.6444    8.0505    0.9744   12.4608    5.9103    0.2450    0.0000    0.0001   -2.2600    0.5000
   10.0500    0.6930    0.4950    0.1980    0.8930    2.8154    3.6388    8.0698    0.9707   12.4961    5.9055    0.2450    0.0000    0.0001   -2.2600    0.5000
   10.0500    0.5940    0.4950    0.0990    0.8940    2.7857    3.6430    8.0473    0.9508   12.4730    5.9212    0.2450    0.0000    0.0001   -2.2600    0.5000
   10.0500    0.6940    0.4950    0.1990    0.8940    2.8223    3.6383    8.0689    0.9626   12.5005    5.9101    0.2450    0.0000    0.0001   -2.2600    0.5000
   10.0500    0.5950    0.4950    0.1000    0.8950    2.8045    3.6416    8.0441    0.9273   12.4851    5.9321    0.2450    0.0000    0.0001   -2.2600    0.5000
   10.0500    0.6950    0.4950    0.2000    0.8950    2.8292    3.6378    8.0679    0.9544   12.5049    5.9146    0.2450    0.0000    0.0001   -2.2600    0.5000
   10.0500    0.5959    0.4950    0.1009    0.8959    2.8233    3.6403    8.0409    0.9037   12.4973    5.9430    0.2450    0.0000    0.0001   -2.2600    0.5000
   10.0500    0.6960    0.4950    0.2010    0.8960    2.8361    3.6374    8.0669    0.9463   12.5093    5.9192    0.2450    0.0000    0.0001   -2.2600    0.5000
   10.0500    0.5969    0.4950    0.1019    0.8969    2.8420    3.6389    8.0377    0.8801   12.5094    5.9539    0.2450    0.0000    0.0001   -2.2600    0.5000
   10.0500    0.6970    0.4950    0.2020    0.8970    2.8430    3.6369    8.0660    0.9381   12.5137    5.9237    0.2450    0.0000    0.0001   -2.2600    0.5000
#   age       Mtot      Mc        Menv      Mini      logL      logT      logTc     logg      logR      logrhoc   Y         Yc        Z         FeH       OFe       
   10.1000    0.5312    0.4950    0.0362    0.8312    1.2925    4.3072    8.0720    5.0524   10.3978    4.2797    0.2450    0.9496    0.0001   -2.2600    0.5000
   10.1000    0.6313    0.4950    0.1363    0.8313    1.5456    4.0640    8.0741    3.9011   11.0109    4.2608    0.2450    0.9494    0.0001   -2.2600    0.5000
   10.1000    0.7313    0.4950    0.2363    0.8313    1.6969    3.8441    8.0738    2.9340   11.5264    4.2628    0.2450    0.9488    0.0001   -2.2600    0.5000
   10.1000    0.5322    0.4950    0.0372    0.8322    1.2942    4.3047    8.0720    5.0413   10.4038    4.2793    0.2450    0.9496    0.0001   -2.2600    0.5000
   10.1000    0.6322    0.4950    0.1372    0.8322    1.5481    4.0615    8.0741    3.8893   11.0171    4.2608    0.2450    0.9494    0.0001   -2.2600    0.5000
   10.1000    0.7323    0.4950    0.2373    0.8323    2.7758    3.6410    8.1037    1.0436   12.4719    5.8575    0.2450    0.0000    0.0001   -2.2600    0.5000
   10.1000    0.5332    0.4950    0.0382    0.8332    1.7964    4.4586    7.9936    5.1559   10.3469    6.1085    0.2450    0.0000    0.0001   -2.2600    0.5000
   10.1000    0.6332    0.4950    0.1382    0.8332    3.1200    3.6185    8.0437    0.5464   12.6890    6.0157    0.2450    0.0000    0.0001   -2.2600    0.5000
   10.1000    0.7333    0.4950    0.2383    0.8333    2.7875    3.6403    8.1025    1.0294   12.4793    5.8629    0.2450    0.0000    0.0001   -2.2600    0.5000
   10.1000    0.5342    0.4950    0.0392    0.8342    1.9707    4.3406    7.9968    4.5101   10.6702    6.0929    0.2450    0.0000    0.0001   -2.2600    0.5000
   10.1000    0.6342    0.4950    0.1392    0.8342    3.1382    3.6172    8.0420    0.5237   12.7007    6.0238    0.2450    0.0000    0.0001   -2.2600    0.5000
   10.1000    0.7342    0.4950    0.2392    0.8342    2.7992    3.6395    8.1013    1.0152   12.4867    5.8683    0.2450    0.0000    0.0001   -2.2600    0.5000
   10.1000    0.5351    0.4950    0.0401    0.8351    2.1451    4.2225    8.0000    3.8642   10.9936    6.0772    0.2450    0.0000    0.0001   -2.2600    0.5000
   10.1000    0.6352    0.4950    0.1402    0.8352    3.1564    3.6159    8.0402    0.5011   12.7123    6.0320    0.2450    0.0000    0.0001   -2.2600    0.5000
   10.1000    0.7352    0.4950    0.2402    0.8352    2.8109    3.6387    8.1001    1.0010   12.4940    5.8737    0.2450    0.0000    0.0001   -2.2600    0.5000
   10.1000    0.5361    0.4950    0.0411    0.8361    2.3194    4.1045    8.0032    3.2184   11.3169    6.0616    0.2450    0.0000    0.0001   -2.2600    0.5000
   10.1000    0.6362    0.4950    0.1412    0.8362    3.1746    3.6147    8.0385    0.4784   12.7240    6.0401    0.2450    0.0000    0.0001   -2.2600    0.5000
   10.1000    0.7362    0.4950    0.2412    0.8362    2.8226    3.6380    8.0988    0.9868   12.5014    5.8791    0.2450    0.0000    0.0001   -2.2600    0.5000
   10.1000    0.5371    0.4950    0.0421    0.8371    2.4938    3.9864    8.0064    2.5726   11.6402    6.0459    0.2450    0.0000    0.0001   -2.2600    0.5000
   10.1000    0.6371    0.4950    0.1421    0.8371    3.1928    3.6134    8.0368    0.4558   12.7357    6.0482    0.2450    0.0000    0.0001   -2.2600    0.5000
   10.1000    0.7372    0.4950    0.2422    0.8372    2.8344    3.6372    8.0976    0.9726   12.5088    5.8845    0.2450    0.0000    0.0001   -2.2600    0.5000
   10.1000    0.5381    0.4950    0.0431    0.8381    2.6682    3.8683    8.0096    1.9268   11.9635    6.0302    0.2450    0.0000    0.0001   -2.2600    0.5000
   10.1000    0.6381    0.4950    0.1431    0.8381    3.2110    3.6121    8.0350    0.4332   12.7473    6.0564    0.2450    0.0000    0.0001   -2.2600    0.5000
   10.1000    0.7382    0.4950    0.2432    0.8382    2.8461    3.6365    8.0964    0.9584   12.5162    5.8898    0.2450    0.0000    0.0001   -2.2600    0.5000
   10.1000    0.5391    0.4950    0.0441    0.8391    2.8425    3.7503    8.0128    1.2810   12.2868    6.0146    0.2450    0.0000    0.0001   -2.2600    0.5000
   10.1000    0.6391    0.4950    0.1441    0.8391    3.2292    3.6108    8.0333    0.4105   12.7590    6.0645    0.2450    0.0000    0.0001   -2.2600    0.5000
   10.1000    0.7391    0.4950    0.2441    0.8391    2.8578    3.6357    8.0952    0.9442   12.5236    5.8952    0.2450    0.0000    0.0001   -2.2600    0.5000
   10.1000    0.5400    0.4950    0.0450    0.8400    2.3669    3.7048    8.1007    1.5755   12.1399    5.6701    0.2450    0.0000    0.0001   -2.2600    0.5000
   10.1000    0.6401    0.4950    0.1451    0.8401    2.4427    3.6643    8.1219    1.4113   12.2589    5.6596    0.2450    0.0000    0.0001   -2.2600    0.5000
   10.1000    0.7401    0.4950    0.2451    0.8401    2.8695    3.6349    8.0940    0.9300   12.5310    5.9006    0.2450    0.0000    0.0001   -2.2600    0.5000
   10.1000    0.5410    0.4950    0.0460    0.8410    2.3920    3.7016    8.0962    1.5386   12.1588    5.6855    0.2450    0.0000    0.0001   -2.2600    0.5000
   10.1000    0.6411    0.4950    0.1461    0.8411    2.4496    3.6638    8.1210    1.4031   12.2633    5.6641    0.2450    0.0000    0.0001   -2.2600    0.5000
   10.1000    0.7411    0.4950    0.2461    0.8411    2.8812    3.6342    8.0928    0.9158   12.5383    5.9060    0.2450    0.0000    0.0001   -2.2600    0.5000
   10.1000    0.5420    0.4950    0.0470    0.8420    2.4172    3.6985    8.0916    1.5017   12.1776    5.7008    0.2450    0.0000    0.0001   -2.2600    0.5000
   10.1000    0.6420    0.4950    0.1470    0.8420    2.4565    3.6633    8.1200    1.3950   12.2677    5.6687    0.2450    0.0000    0.0001   -2.2600    0.5000
   10.1000    0.7421    0.4950    0.2471    0.8421    2.8929    3.6334    8.0915    0.9016   12.5457    5.9114    0.2450    0.0000    0.0001   -2.2600    0.5000
   10.1000    0.5430    0.4950    0.0480    0.8430    2.4423    3.6954    8.0871    1.4648   12.1965    5.7162    0.2450    0.0000    0.0001   -2.2600    0.5000
   10.1000    0.6430    0.4950    0.1480    0.8430    2.4634    3.6628    8.1191    1.3868   12.2721    5.6732    0.2450    0.0000    0.0001   -2.2600    0.5000
   10.1000    0.7431    0.4950    0.2481    0.8431    2.9047    3.6326    8.0903    0.8874   12.5531    5.9168    0.2450    0.0000    0.0001   -2.2600    0.5000
   10.1000    0.5440    0.4950    0.0490    0.8440    2.4675    3.6922    8.0825    1.4279   12.2153    5.7315    0.2450    0.0000    0.0001   -2.2600    0.5000
   10.1000    0.6440    0.4950    0.1490    0.8440    2.4703    3.6624    8.1181    1.3787   12.2765    5.6778    0.2450    0.0000    0.0001   -2.2600    0.5000
   10.1000    0.7441    0.4950    0.2491    0.8441    2.9164    3.6319    8.0891    0.8732   12.5605    5.9221    0.2450    0.0000    0.0001   -2.2600    0.5000
   10.1000    0.5449    0.4950    0.0499    0.8449    2.4926    3.6891    8.0779    1.3910   12.2341    5.7469    0.2450    0.0000    0.0001   -2.2600    0.5000
   10.1000    0.6450    0.4950    0.1500    0.8450    2.4772    3.6619    8.1171    1.3705   12.2809    5.6824    0.2450    0.0000    0.0001   -2.2600    0.5000
   10.1000    0.7450    0.4950    0.2500    0.8450    2.9281    3.6311    8.0879    0.8590   12.5679    5.9275    0.2450    0.0000    0.0001   -2.2600    0.5000
   10.1000    0.5459    0.4950    0.0509    0.8459    2.5178    3.6860    8.0734    1.3540   12.2530    5.7622    0.2450    0.0000    0.0001   -2.2600    0.5000
   10.1000    0.6460    0.4950    0.1510    0.8460    2.4841    3.6614    8.1162    1.3623   12.2853    5.6869    0.2450    0.0000    0.0001   -2.2600    0.5000
   10.1000    0.7460    0.4950    0.2510    0.8460    2.9398    3.6304    8.0867    0.8448   12.5753    5.9329    0.2450    0.0000    0.0001   -2.2600    0.5000
   10.1000    0.5469    0.4950    0.0519    0.8469    2.5429    3.6828    8.0688    1.3171   12.2718    5.7776    0.2450    0.0000    0.0001   -2.2600    0.5000
   10.1000    0.6470    0.4950    0.1520    0.8470    2.4911    3.6610    8.1152    1.3542   12.2897    5.6915    0.2450    0.0000    0.0001   -2.2600    0.5000
   10.1000    0.7470    0.4950    0.2520    0.8470    2.9515    3.6296    8.0855    0.8306   12.5826    5.9383    0.2450    0.0000    0.0001   -2.2600    0.5000
   10.1000    0.5479    0.4950    0.0529    0.8479    2.5681    3.6797    8.0643    1.2802   12.2907    5.7929    0.2450    0.0000    0.0001   -2.2600    0.5000
   10.1000    0.6479    0.4950    0.1529    0.8479    2.4980    3.6605    8.1142    1.3460   12.2940    5.6960    0.2450    0.0000    0.0001   -2.2600    0.5000
   10.1000    0.7480    0.4950    0.2530    0.8480    2.9632    3.6288    8.0843    0.8164   12.5900    5.9437    0.2450    0.0000    0.0001   -2.2600    0.5000
   10.1000    0.5489    0.4950    0.0539    0.8489    2.5932    3.6766    8.0597    1.2433   12.3095    5.8082    0.2450    0.0000    0.0001   -2.2600    0.5000
   10.1000    0.6489    0.4950    0.1539    0.8489    2.5049    3.6600    8.1133    1.3379   12.2984    5.7006    0.2450    0.0000    0.0001   -2.2600    0.5000
   10.1000    0.7490    0.4950    0.2540    0.8490    2.9750    3.6281    8.0830    0.8022   12.5974    5.9491    0.2450    0.0000    0.0001   -2.2600    0.5000
   10.1000    0.5499    0.4950    0.0549    0.8499    2.6184    3.6734    8.0551    1.2064   12.3284    5.8236    0.2450    0.0000    0.0001   -2.2600    0.5000
   10.1000    0.6499    0.4950    0.1549    0.8499    2.5118    3.6595    8.1123    1.3297   12.3028    5.7051    0.2450    0.0000    0.0001   -2.2600    0.5000
   10.1000    0.7499    0.4950    0.2549    0.8499    2.9867    3.6273    8.0818    0.7880   12.6048    5.9544    0.2450    0.0000    0.0001   -2.2600    0.5000
   10.1000    0.5508    0.4950    0.0558    0.8508    2.6435    3.6703    8.0506    1.1695   12.3472    5.8389    0.2450    0.0000    0.0001   -2.2600    0.5000
   10.1000    0.6509    0.4950    0.1559    0.8509    2.5187    3.6591    8.1113    1.3215   12.3072    5.7097    0.2450    0.0000    0.0001   -2.2600    0.5000
   10.1000    0.7509    0.4950    0.2559    0.8509    2.9984    3.6265    8.0806    0.7738   12.6122    5.9598    0.2450    0.0000    0.0001   -2.2600    0.5000
   10.1000    0.5518    0.4950    0.0568    0.8518    2.6686    3.6672    8.0460    1.1326   12.3661    5.8543    0.2450    0.0000    0.0001   -2.2600    0.5000
   10.1000    0.6519    0.4950    0.1569    0.8519    2.5256    3.6586    8.1104    1.3134   12.3116    5.7142    0.2450    0.0000    0.0001   -2.2600    0.5000
   10.1000    0.7519    0.4950    0.2569    0.8519    3.0101    3.6258    8.0794    0.7596   12.6196    5.9652    0.2450    0.0000    0.0001   -2.2600    0.5000
   10.1000    0.5528    0.4950    0.0578    0.8528    2.6938    3.6641    8.0415    1.0956   12.3849    5.8696    0.2450    0.0000    0.0001   -2.2600    0.5000
   10.1000    0.6528    0.4950    0.1578    0.8528    2.5325    3.6581    8.1094    1.3052   12.3160    5.7188    0.2450    0.0000    0.0001   -2.2600    0.5000
   10.1000    0.7529    0.4950    0.2579    0.8529    3.0218    3.6250    8.0782    0.7454   12.6269    5.9706    0.2450    0.0000    0.0001   -2.2600    0.5000
   10.1000    0.5538    0.4950    0.0588    0.8538    2.7189    3.6609    8.0369    1.0587   12.4037    5.8850    0.2450    0.0000    0.0001   -2.2600    0.5000
   10.1000    0.6538    0.4950    0.1588    0.8538    2.5394    3.6577    8.1084    1.2971   12.3204    5.7233    0.2450    0.0000    0.0001   -2.2600    0.5000
   10.1000    0.7539    0.4950    0.2589    0.8539    3.0335    3.6243    8.0770    0.7312   12.6343    5.9760    0.2450    0.0000    0.0001   -2.2600    0.5000
   10.1000    0.5548    0.4950    0.0598    0.8548    2.7441    3.6578    8.0324    1.0218   12.4226    5.9003    0.2450    0.0000    0.0001   -2.2600    0.5000
   10.1000    0.6548    0.4950    0.1598    0.8548    2.5463    3.6572    8.1075    1.2889   12.3248    5.7279    0.2450    0.0000    0.0001   -2.2600    0.5000
   10.1000    0.7548    0.4950    0.2598    0.8548    3.0453    3.6235    8.0757    0.7170   12.6417    5.9813    0.2450    0.0000    0.0001   -2.2600    0.5000
   10.1000    0.5557    0.4950    0.0607    0.8557    2.7692    3.6547    8.0278    0.9849   12.4414    5.9157    0.2450    0.0000    0.0001   -2.2600    0.5000
   10.1000    0.6558    0.4950    0.1608    0.8558    2.5532    3.6567    8.1065    1.2808   12.3292    5.7325    0.2450    0.0000    0.0001   -2.2600    0.5000
   10.1000    0.7558    0.4950    0.2608    0.8558    3.0570    3.6227    8.0745    0.7028   12.6491    5.9867    0.2450    0.0000    0.0001   -2.2600    0.5000
   10.1000    0.5567    0.4950    0.0617    0.8567    2.7944    3.6515    8.0232    0.9480   12.4603    5.9310    0.2450    0.0000    0.0001   -2.2600    0.5000
   10.1000    0.6568    0.4950    0.1618    0.8568    2.5601    3.6562    8.1055    1.2726   12.3336    5.7370    0.2450    0.0000    0.0001   -2.2600    0.5000
   10.1000    0.7568    0.4950    0.2618    0.8568    3.0687    3.6220    8.0733    0.6886   12.6565    5.9921    0.2450    0.0000    0.0001   -2.2600    0.5000
   10.1000    0.5577    0.4950    0.0627    0.8577    2.8195    3.6484    8.0187    0.9111   12.4791    5.9464    0.2450    0.0000    0.0001   -2.2600    0.5000
   10.1000    0.6577    0.4950    0.1627    0.8577    2.5670    3.6558    8.1046    1.2644   12.3380    5.7416    0.2450    0.0000    0.0001   -2.2600    0.5000
   10.1000    0.7578    0.4950    0.2628    0.8578    3.0804    3.6212    8.0721    0.6744   12.6638    5.9975    0.2450    0.0000    0.0001   -2.2600    0.5000
   10.1000    0.5587    0.4950    0.0637    0.8587    2.8447    3.6453    8.0141    0.8742   12.4980    5.9617    0.2450    0.0000    0.0001   -2.2600    0.5000
   10.1000    0.6587    0.4950    0.1637    0.8587    2.5739    3.6553    8.1036    1.2563   12.3424    5.7461    0.2450    0.0000    0.0001   -2.2600    0.5000
   10.1000    0.7588    0.4950    0.2638    0.8588    3.0921    3.6204    8.0709    0.6602   12.6712    6.0029    0.2450    0.0000    0.0001   -2.2600    0.5000
   10.1000    0.5597    0.4950    0.0647    0.8597    2.8698    3.6421    8.0096    0.8372   12.5168    5.9770    0.2450    0.0000    0.0001   -2.2600    0.5000
   10.1000    0.6597    0.4950    0.1647    0.8597    2.5808    3.6548    8.1026    1.2481   12.3468    5.7507    0.2450    0.0000    0.0001   -2.2600    0.5000
   10.1000    0.7597    0.4950    0.2647    0.8597    3.1038    3.6197    8.0697    0.6460   12.6786    6.0083    0.2450    0.0000    0.0001   -2.2600    0.5000
   10.1000    0.5606    0.4950    0.0656    0.8606    2.4746    3.6714    8.0925    1.3502   12.2607    5.7396    0.2450    0.0000    0.0001   -2.2600    0.5000
   10.1000    0.6607    0.4950    0.1657    0.8607    2.5877    3.6544    8.1017    1.2400   12.3512    5.7552    0.2450    0.0000    0.0001   -2.2600    0.5000
   10.1000    0.7607    0.4950    0.2657    0.8607    3.1155    3.6189    8.0685    0.6318   12.6860    6.0136    0.2450    0.0000    0.0001   -2.2600    0.5000
   10.1000    0.5616    0.4950    0.0666    0.8616    2.5019    3.6692    8.0887    1.3150   12.2787    5.7533    0.2450    0.0000    0.0001   -2.2600    0.5000
   10.1000    0.6617    0.4950    0.1667    0.8617    2.5946    3.6539    8.1007    1.2318   12.3556    5.7598    0.2450    0.0000    0.0001   -2.2600    0.5000
   10.1000    0.7617    0.4950    0.2667    0.8617    3.1273    3.6182    8.0672    0.6176   12.6934    6.0190    0.2450    0.0000    0.0001   -2.2600    0.5000
   10.1000    0.5626    0.4950    0.0676    0.8626    2.5292    3.6670    8.0850    1.2797   12.2967    5.7671    0.2450    0.0000    0.0001   -2.2600    0.5000
   10.1000    0.6626    0.4950    0.1676    0.8626    2.6015    3.6534    8.0997    1.2236   12.3599    5.7643    0.2450    0.0000    0.0001   -2.2600    0.5000
   10.1000    0.7627    0.4950    0.2677    0.8627    3.1390    3.6174    8.0660    0.6034   12.7008    6.0244    0.2450    0.0000    0.0001   -2.2600    0.5000
#   age       Mtot      Mc        Menv      Mini      logL      logT      logTc     logg      logR      logrhoc   Y         Yc        Z         FeH       OFe       
   10.1500    0.4998    0.4950    0.0048    0.7998    1.2307    4.4465    8.0697    5.6448   10.0884    4.3011    0.2450    0.9480    0.0001   -2.2600    0.5000
   10.1500    0.5999    0.4950    0.1049    0.7999    1.4646    4.1433    8.0740    4.2772   10.8119    4.2613    0.2450    0.9494    0.0001   -2.2600    0.5000
   10.1500    0.6999    0.4950    0.2049    0.7999    1.6574    3.9074    8.0739    3.2074   11.3800    4.2621    0.2450    0.9490    0.0001   -2.2600    0.5000
   10.1500    0.5008    0.4950    0.0058    0.8008    1.2328    4.4391    8.0698    5.6138   10.1044    4.3002    0.2450    0.9480    0.0001   -2.2600    0.5000
   10.1500    0.6009    0.4950    0.1059    0.8009    2.5196    3.6609    8.1008    1.2937   12.3040    5.7471    0.2450    0.0000    0.0001   -2.2600    0.5000
   10.1500    0.7009    0.4950    0.2059    0.8009    2.8706    3.6350    8.0621    0.9055   12.5313    5.9420    0.2450    0.0000    0.0001   -2.2600    0.5000
   10.1500    0.5018    0.4950    0.0068    0.8018    2.5215    4.5982    8.0571    4.9628   10.4303    5.8240    0.2450    0.0000    0.0001   -2.2600    0.5000
   10.1500    0.6018    0.4950    0.1068    0.8018    2.5378    3.6597    8.0991    1.2710   12.3156    5.7553    0.2450    0.0000    0.0001   -2.2600    0.5000
   10.1500    0.7019    0.4950    0.2069    0.8019    2.8775    3.6345    8.0611    0.8973   12.5357    5.9465    0.2450    0.0000    0.0001   -2.2600    0.5000
   10.1500    0.5028    0.4950    0.0078    0.8028    2.6494    4.5884    8.0458    4.7966   10.5138    5.8689    0.2450    0.0000    0.0001   -2.2600    0.5000
   10.1500    0.6028    0.4950    0.1078    0.8028    2.5560    3.6584    8.0974    1.2484   12.3273    5.7634    0.2450    0.0000    0.0001   -2.2600    0.5000
   10.1500    0.7029    0.4950    0.2079    0.8029    2.8844    3.6341    8.0602    0.8892   12.5401    5.9511    0.2450    0.0000    0.0001   -2.2600    0.5000
   10.1500    0.5038    0.4950    0.0088    0.8038    2.7773    4.5787    8.0345    4.6305   10.5973    5.9139    0.2450    0.0000    0.0001   -2.2600    0.5000
   10.1500    0.6038    0.4950    0.1088    0.8038    2.5742    3.6571    8.0956    1.2257   12.3390    5.7715    0.2450    0.0000    0.0001   -2.2600    0.5000
   10.1500    0.7038    0.4950    0.2088    0.8038    2.8913    3.6336    8.0592    0.8810   12.5445    5.9556    0.2450    0.0000    0.0001   -2.2600    0.5000
   10.1500    0.5047    0.4950    0.0097    0.8047    2.9052    4.5689    8.0232    4.4643   10.6808    5.9588    0.2450    0.0000    0.0001   -2.2600    0.5000
   10.1500    0.6048    0.4950    0.1098    0.8048    2.5924    3.6558    8.0939    1.2031   12.3506    5.7797    0.2450    0.0000    0.0001   -2.2600    0.5000
   10.1500    0.7048    0.4950    0.2098    0.8048    2.8982    3.6331    8.0582    0.8728   12.5489    5.9602    0.2450    0.0000    0.0001   -2.2600    0.5000
   10.1500    0.5057    0.4950    0.0107    0.8057    2.4200    4.4577    8.0664    4.5055   10.6606    5.7986    0.2450    0.0000    0.0001   -2.2600    0.5000
   10.1500    0.6058    0.4950    0.1108    0.8058    2.6106    3.6545    8.0922    1.1804   12.3623    5.7878    0.2450    0.0000    0.0001   -2.2600    0.5000
   10.1500    0.7058    0.4950    0.2108    0.8058    2.9051    3.6327    8.0573    0.8647   12.5532    5.9647    0.2450    0.0000    0.0001   -2.2600    0.5000
   10.1500    0.5067    0.4950    0.0117    0.8067    2.5496    4.3956    8.0570    4.1284   10.8496    5.8376    0.2450    0.0000    0.0001   -2.2600    0.5000
   10.1500    0.6067    0.4950    0.1117    0.8067    2.6288    3.6532    8.0904    1.1578   12.3740    5.7959    0.2450    0.0000    0.0001   -2.2600    0.5000
   10.1500    0.7068    0.4950    0.2118    0.8068    2.9120    3.6322    8.0563    0.8565   12.5576    5.9693    0.2450    0.0000    0.0001   -2.2600    0.5000
   10.1500    0.5077    0.4950    0.0127    0.8077    2.6792    4.3335    8.0476    3.7512   11.0386    5.8767    0.2450    0.0000    0.0001   -2.2600    0.5000
   10.1500    0.6077    0.4950    0.1127    0.8077    2.6470    3.6519    8.0887    1.1352   12.3856    5.8041    0.2450    0.0000    0.0001   -2.2600    0.5000
   10.1500    0.7078    0.4950    0.2128    0.8078    2.9189    3.6317    8.0553    0.8484   12.5620    5.9738    0.2450    0.0000    0.0001   -2.2600    0.5000
   10.1500    0.5087    0.4950    0.0137    0.8087    2.8087    4.2714    8.0382    3.3741   11.2276    5.9157    0.2450    0.0000    0.0001   -2.2600    0.5000
   10.1500    0.6087    0.4950    0.1137    0.8087    2.6652    3.6507    8.0870    1.1125   12.3973    5.8122    0.2450    0.0000    0.0001   -2.2600    0.5000
   10.1500    0.7087    0.4950    0.2137    0.8087    2.9258    3.6312    8.0544    0.8402   12.5664    5.9784    0.2450    0.0000    0.0001   -2.2600    0.5000
   10.1500    0.5096    0.4950    0.0146    0.8096    2.9383    4.2093    8.0287    2.9970   11.4166    5.9548    0.2450    0.0000    0.0001   -2.2600    0.5000
   10.1500    0.6097    0.4950    0.1147    0.8097    2.6834    3.6494    8.0853    1.0899   12.4090    5.8204    0.2450    0.0000    0.0001   -2.2600    0.5000
   10.1500    0.7097    0.4950    0.2147    0.8097    2.9327    3.6308    8.0534    0.8321   12.5708    5.9830    0.2450    0.0000    0.0001   -2.2600    0.5000
   10.1500    0.5106    0.4950    0.0156    0.8106    2.4194    4.4356    8.0742    4.4219   10.7046    5.7734    0.2450    0.0000    0.0001   -2.2600    0.5000
   10.1500    0.6107    0.4950    0.1157    0.8107    2.7016    3.6481    8.0835    1.0672   12.4206    5.8285    0.2450    0.0000    0.0001   -2.2600    0.5000
   10.1500    0.7107    0.4950    0.2157    0.8107    2.9396    3.6303    8.0525    0.8239   12.5752    5.9875    0.2450    0.0000    0.0001   -2.2600    0.5000
   10.1500    0.5116    0.4950    0.0166    0.8116    2.5673    4.5232    8.0605    4.6252   10.6033    5.8370    0.2450    0.0000    0.0001   -2.2600    0.5000
   10.1500    0.6116    0.4950    0.1166    0.8116    2.7198    3.6468    8.0818    1.0446   12.4323    5.8366    0.2450    0.0000    0.0001   -2.2600    0.5000
   10.1500    0.7117    0.4950    0.2167    0.8117    2.9465    3.6298    8.0515    0.8157   12.5796    5.9921    0.2450    0.0000    0.0001   -2.2600    0.5000
   10.1500    0.5126    0.4950    0.0176    0.8126    2.7151    4.6107    8.0469    4.8285   10.5021    5.9006    0.2450    0.0000    0.0001   -2.2600    0.5000
   10.1500    0.6126    0.4950    0.1176    0.8126    2.7380    3.6455    8.0801    1.0219   12.4440    5.8448    0.2450    0.0000    0.0001   -2.2600    0.5000
   10.1500    0.7127    0.4950    0.2177    0.8127    2.9534    3.6294    8.0505    0.8076   12.5840    5.9966    0.2450    0.0000    0.0001   -2.2600    0.5000
   10.1500    0.5136    0.4950    0.0186    0.8136    2.8630    4.6983    8.0332    5.0317   10.4009    5.9642    0.2450    0.0000    0.0001   -2.2600    0.5000
   10.1500    0.6136    0.4950    0.1186    0.8136    2.7561    3.6442    8.0783    0.9993   12.4556    5.8529    0.2450    0.0000    0.0001   -2.2600    0.5000
   10.1500    0.7136    0.4950    0.2186    0.8136    2.9603    3.6289    8.0496    0.7994   12.5884    6.0012    0.2450    0.0000    0.0001   -2.2600    0.5000
   10.1500    0.5145    0.4950    0.0195    0.8145    3.0109    4.7859    8.0195    5.2350   10.2996    6.0277    0.2450    0.0000    0.0001   -2.2600    0.5000
   10.1500    0.6146    0.4950    0.1196    0.8146    2.7743    3.6429    8.0766    0.9766   12.4673    5.8611    0.2450    0.0000    0.0001   -2.2600    0.5000
   10.1500    0.7146    0.4950    0.2196    0.8146    2.9672    3.6284    8.0486    0.7913   12.5928    6.0057    0.2450    0.0000    0.0001   -2.2600    0.5000
   10.1500    0.5155    0.4950    0.0205    0.8155    2.9752    4.8204    8.0067    5.4094   10.2128    6.0649    0.2450    0.0000    0.0001   -2.2600    0.5000
   10.1500    0.6156    0.4950    0.1206    0.8156    2.7925    3.6417    8.0749    0.9540   12.4790    5.8692    0.2450    0.0000    0.0001   -2.2600    0.5000
   10.1500    0.7156    0.4950    0.2206    0.8156    2.9741    3.6279    8.0476    0.7831   12.5972    6.0103    0.2450    0.0000    0.0001   -2.2600    0.5000
   10.1500    0.5165    0.4950    0.0215    0.8165    2.7785    4.8083    7.9946    5.5585   10.1387    6.0790    0.2450    0.0000    0.0001   -2.2600    0.5000
   10.1500    0.6165    0.4950    0.1215    0.8165    2.8107    3.6404    8.0731    0.9313   12.4906    5.8773    0.2450    0.0000    0.0001   -2.2600    0.5000
   10.1500    0.7166    0.4950    0.2216    0.8166    2.9810    3.6275    8.0467    0.7749   12.6016    6.0148    0.2450    0.0000    0.0001   -2.2600    0.5000
   10.1500    0.5175    0.4950    0.0225    0.8175    2.5818    4.7962    7.9824    5.7076   10.0645    6.0930    0.2450    0.0000    0.0001   -2.2600    0.5000
   10.1500    0.6175    0.4950    0.1225    0.8175    2.8289    3.6391    8.0714    0.9087   12.5023    5.8855    0.2450    0.0000    0.0001   -2.2600    0.5000
   10.1500    0.7176    0.4950    0.2226    0.8176    2.9879    3.6270    8.0457    0.7668   12.6060    6.0194    0.2450    0.0000    0.0001   -2.2600    0.5000
   10.1500    0.5185    0.4950    0.0235    0.8185    2.3851    4.7841    7.9703    5.8567    9.9904    6.1070    0.2450    0.0000    0.0001   -2.2600    0.5000
   10.1500    0.6185    0.4950    0.1235    0.8185    2.8471    3.6378    8.0697    0.8861   12.5140    5.8936    0.2450    0.0000    0.0001   -2.2600    0.5000
   10.1500    0.7186    0.4950    0.2236    0.8186    2.9948    3.6265    8.0447    0.7586   12.6104    6.0239    0.2450    0.0000    0.0001   -2.2600    0.5000
   10.1500    0.5194    0.4950    0.0244    0.8194    2.1884    4.7720    7.9582    6.0058    9.9163    6.1211    0.2450    0.0000    0.0001   -2.2600    0.5000
   10.1500    0.6195    0.4950    0.1245    0.8195    2.8653    3.6365    8.0679    0.8634   12.5257    5.9017    0.2450    0.0000    0.0001   -2.2600    0.5000
   10.1500    0.7195    0.4950    0.2245    0.8195    3.0017    3.6261    8.0438    0.7505   12.6148    6.0285    0.2450    0.0000    0.0001   -2.2600    0.5000
   10.1500    0.5204    0.4950    0.0254    0.8204    1.9917    4.7599    7.9461    6.1549    9.8421    6.1351    0.2450    0.0000    0.0001   -2.2600    0.5000
   10.1500    0.6205    0.4950    0.1255    0.8205    2.8835    3.6352    8.0662    0.8408   12.5373    5.9099    0.2450    0.0000    0.0001   -2.2600    0.5000
   10.1500    0.7205    0.4950    0.2255    0.8205    2.6352    3.6502    8.1183    1.2140   12.3833    5.7929    0.2450    0.0000    0.0001   -2.2600    0.5000
   10.1500    0.5214    0.4950    0.0264    0.8214    1.7951    4.7478    7.9339    6.3040    9.7680    6.1492    0.2450    0.0000    0.0001   -2.2600    0.5000
   10.1500    0.6214    0.4950    0.1264    0.8214    2.9017    3.6339    8.0645    0.8181   12.5490    5.9180    0.2450    0.0000    0.0001   -2.2600    0.5000
   10.1500    0.7215    0.4950    0.2265    0.8215    2.6469    3.6494    8.1171    1.1998   12.3907    5.7983    0.2450    0.0000    0.0001   -2.2600    0.5000
   10.1500    0.5224    0.4950    0.0274    0.8224    1.5984    4.7357    7.9218    6.4531    9.6939    6.1632    0.2450    0.0000    0.0001   -2.2600    0.5000
   10.1500    0.6224    0.4950    0.1274    0.8224    2.9199    3.6327    8.0627    0.7955   12.5607    5.9262    0.2450    0.0000    0.0001   -2.2600    0.5000
   10.1500    0.7225    0.4950    0.2275    0.8225    2.6586    3.6487    8.1159    1.1856   12.3981    5.8037    0.2450    0.0000    0.0001   -2.2600    0.5000
   10.1500    0.5234    0.4950    0.0284    0.8234    1.4017    4.7236    7.9097    6.6022    9.6197    6.1772    0.2450    0.0000    0.0001   -2.2600    0.5000
   10.1500    0.6234    0.4950    0.1284    0.8234    2.9381    3.6314    8.0610    0.7728   12.5723    5.9343    0.2450    0.0000    0.0001   -2.2600    0.5000
   10.1500    0.7235    0.4950    0.2285    0.8235    2.6703    3.6479    8.1146    1.1714   12.4055    5.8091    0.2450    0.0000    0.0001   -2.2600    0.5000
   10.1500    0.5243    0.4950    0.0293    0.8243    1.2050    4.7115    7.8976    6.7513    9.5456    6.1913    0.2450    0.0000    0.0001   -2.2600    0.5000
   10.1500    0.6244    0.4950    0.1294    0.8244    2.9563    3.6301    8.0593    0.7502   12.5840    5.9424    0.2450    0.0000    0.0001   -2.2600    0.5000
   10.1500    0.7244    0.4950    0.2294    0.8244    2.6821    3.6471    8.1134    1.1572   12.4128    5.8145    0.2450    0.0000    0.0001   -2.2600    0.5000
   10.1500    0.5253    0.4950    0.0303    0.8253    1.0083    4.6994    7.8854    6.9004    9.4715    6.2053    0.2450    0.0000    0.0001   -2.2600    0.5000
   10.1500    0.6254    0.4950    0.1304    0.8254    2.9745    3.6288    8.0575    0.7275   12.5957    5.9506    0.2450    0.0000    0.0001   -2.2600    0.5000
   10.1500    0.7254    0.4950    0.2304    0.8254    2.6938    3.6464    8.1122    1.1430   12.4202    5.8199    0.2450    0.0000    0.0001   -2.2600    0.5000
   10.1500    0.5263    0.4950    0.0313    0.8263    0.8116    4.6873    7.8733    7.0494    9.3973    6.2193    0.2450    0.0000    0.0001   -2.2600    0.5000
   10.1500    0.6264    0.4950    0.1314    0.8264    2.9927    3.6275    8.0558    0.7049   12.6073    5.9587    0.2450    0.0000    0.0001   -2.2600    0.5000
   10.1500    0.7264    0.4950    0.2314    0.8264    2.7055    3.6456    8.1110    1.1288   12.4276    5.8252    0.2450    0.0000    0.0001   -2.2600    0.5000
   10.1500    0.5273    0.4950    0.0323    0.8273    0.6149    4.6752    7.8612    7.1985    9.3232    6.2334    0.2450    0.0000    0.0001   -2.2600    0.5000
   10.1500    0.6273    0.4950    0.1323    0.8273    3.0109    3.6262    8.0541    0.6823   12.6190    5.9669    0.2450    0.0000    0.0001   -2.2600    0.5000
   10.1500    0.7274    0.4950    0.2324    0.8274    2.7172    3.6448    8.1098    1.1146   12.4350    5.8306    0.2450    0.0000    0.0001   -2.2600    0.5000
   10.1500    0.5283    0.4950    0.0333    0.8283    0.4182    4.6631    7.8491    7.3476    9.2491    6.2474    0.2450    0.0000    0.0001   -2.2600    0.5000
   10.1500    0.6283    0.4950    0.1333    0.8283    3.0291    3.6249    8.0523    0.6596   12.6307    5.9750    0.2450    0.0000    0.0001   -2.2600    0.5000
   10.1500    0.7284    0.4950    0.2334    0.8284    2.7289    3.6441    8.1086    1.1004   12.4424    5.8360    0.2450    0.0000    0.0001   -2.2600    0.5000
   10.1500    0.5293    0.4950    0.0343    0.8293    0.2215    4.6510    7.8370    7.4967    9.1749    6.2615    0.2450    0.0000    0.0001   -2.2600    0.5000
   10.1500    0.6293    0.4950    0.1343    0.8293    3.0472    3.6237    8.0506    0.6370   12.6423    5.9831    0.2450    0.0000    0.0001   -2.2600    0.5000
   10.1500    0.7293    0.4950    0.2343    0.8293    2.7406    3.6433    8.1073    1.0862   12.4498    5.8414    0.2450    0.0000    0.0001   -2.2600    0.5000
   10.1500    0.5302    0.4950    0.0352    0.8302    1.2733    4.8128    7.9840    7.0933    9.3770    6.1555    0.2450    0.0000    0.0001   -2.2600    0.5000
   10.1500    0.6303    0.4950    0.1353    0.8303    3.0654    3.6224    8.0489    0.6143   12.6540    5.9913    0.2450    0.0000    0.0001   -2.2600    0.5000
   10.1500    0.7303    0.4950    0.2353    0.8303    2.7524    3.6426    8.1061    1.0720   12.4571    5.8468    0.2450    0.0000    0.0001   -2.2600    0.5000
#   age       Mtot      Mc        Menv      Mini      logL      logT      logTc     logg      logR      logrhoc   Y         Yc        Z         FeH       OFe       
   10.2000    0.5695    0.4950    0.0745    0.7695    1.3768    4.2147    8.0735    4.6283   10.6250    4.2659    0.2450    0.9489    0.0001   -2.2600    0.5000
   10.2000    0.6695    0.4950    0.1745    0.7695    1.6121    3.9756    8.0740    3.5063   11.2208    4.2614    0.2450    0.9492    0.0001   -2.2600    0.5000
   10.2000    0.5704    0.4950    0.0754    0.7704    1.3794    4.2125    8.0736    4.6175   10.6308    4.2657    0.2450    0.9489    0.0001   -2.2600    0.5000
   10.2000    0.6705    0.4950    0.1755    0.7705    2.6567    3.6496    8.0920    1.1584   12.3951    5.8008    0.2450    0.0000    0.0001   -2.2600    0.5000
   10.2000    0.5714    0.4950    0.0764    0.7714    2.7751    3.6474    8.0514    0.9622   12.4588    5.8905    0.2450    0.0000    0.0001   -2.2600    0.5000
   10.2000    0.6715    0.4950    0.1765    0.7715    2.6636    3.6492    8.0911    1.1502   12.3995    5.8053    0.2450    0.0000    0.0001   -2.2600    0.5000
   10.2000    0.5724    0.4950    0.0774    0.7724    2.8024    3.6452    8.0477    0.9269   12.4768    5.9042    0.2450    0.0000    0.0001   -2.2600    0.5000
   10.2000    0.6725    0.4950    0.1775    0.7725    2.6705    3.6487    8.0901    1.1421   12.4039    5.8099    0.2450    0.0000    0.0001   -2.2600    0.5000
   10.2000    0.5734    0.4950    0.0784    0.7734    2.8297    3.6431    8.0440    0.8917   12.4948    5.9180    0.2450    0.0000    0.0001   -2.2600    0.5000
   10.2000    0.6734    0.4950    0.1784    0.7734    2.6774    3.6482    8.0891    1.1339   12.4083    5.8144    0.2450    0.0000    0.0001   -2.2600    0.5000
   10.2000    0.5744    0.4950    0.0794    0.7744    2.8571    3.6409    8.0402    0.8564   12.5128    5.9317    0.2450    0.0000    0.0001   -2.2600    0.5000
   10.2000    0.6744    0.4950    0.1794    0.7744    2.6843    3.6478    8.0882    1.1257   12.4127    5.8190    0.2450    0.0000    0.0001   -2.2600    0.5000
   10.2000    0.5754    0.4950    0.0804    0.7754    2.8844    3.6387    8.0365    0.8211   12.5309    5.9454    0.2450    0.0000    0.0001   -2.2600    0.5000
   10.2000    0.6754    0.4950    0.1804    0.7754    2.6912    3.6473    8.0872    1.1176   12.4171    5.8235    0.2450    0.0000    0.0001   -2.2600    0.5000
   10.2000    0.5763    0.4950    0.0813    0.7763    2.9117    3.6365    8.0328    0.7858   12.5489    5.9591    0.2450    0.0000    0.0001   -2.2600    0.5000
   10.2000    0.6764    0.4950    0.1814    0.7764    2.6981    3.6468    8.0862    1.1094   12.4214    5.8281    0.2450    0.0000    0.0001   -2.2600    0.5000
   10.2000    0.5773    0.4950    0.0823    0.7773    2.9390    3.6343    8.0291    0.7506   12.5669    5.9728    0.2450    0.0000    0.0001   -2.2600    0.5000
   10.2000    0.6774    0.4950    0.1824    0.7774    2.7050    3.6463    8.0853    1.1013   12.4258    5.8327    0.2450    0.0000    0.0001   -2.2600    0.5000
   10.2000    0.5783    0.4950    0.0833    0.7783    2.9663    3.6322    8.0253    0.7153   12.5849    5.9865    0.2450    0.0000    0.0001   -2.2600    0.5000
   10.2000    0.6783    0.4950    0.1833    0.7783    2.7119    3.6459    8.0843    1.0931   12.4302    5.8372    0.2450    0.0000    0.0001   -2.2600    0.5000
   10.2000    0.5793    0.4950    0.0843    0.7793    2.9937    3.6300    8.0216    0.6800   12.6029    6.0003    0.2450    0.0000    0.0001   -2.2600    0.5000
   10.2000    0.6793    0.4950    0.1843    0.7793    2.7188    3.6454    8.0833    1.0850   12.4346    5.8418    0.2450    0.0000    0.0001   -2.2600    0.5000
   10.2000    0.5803    0.4950    0.0853    0.7803    2.5230    3.6624    8.0920    1.2809   12.3029    5.7686    0.2450    0.0000    0.0001   -2.2600    0.5000
   10.2000    0.6803    0.4950    0.1853    0.7803    2.7257    3.6449    8.0824    1.0768   12.4390    5.8463    0.2450    0.0000    0.0001   -2.2600    0.5000
   10.2000    0.5812    0.4950    0.0862    0.7812    2.5418    3.6610    8.0888    1.2573   12.3150    5.7795    0.2450    0.0000    0.0001   -2.2600    0.5000
   10.2000    0.6813    0.4950    0.1863    0.7813    2.7326    3.6444    8.0814    1.0686   12.4434    5.8509    0.2450    0.0000    0.0001   -2.2600    0.5000
   10.2000    0.5822    0.4950    0.0872    0.7822    2.5605    3.6596    8.0856    1.2338   12.3272    5.7904    0.2450    0.0000    0.0001   -2.2600    0.5000
   10.2000    0.6823    0.4950    0.1873    0.7823    2.7395    3.6440    8.0804    1.0605   12.4478    5.8554    0.2450    0.0000    0.0001   -2.2600    0.5000
   10.2000    0.5832    0.4950    0.0882    0.7832    2.5793    3.6582    8.0824    1.2102   12.3393    5.8013    0.2450    0.0000    0.0001   -2.2600    0.5000
   10.2000    0.6832    0.4950    0.1882    0.7832    2.7464    3.6435    8.0795    1.0523   12.4522    5.8600    0.2450    0.0000    0.0001   -2.2600    0.5000
   10.2000    0.5842    0.4950    0.0892    0.7842    2.5981    3.6568    8.0792    1.1866   12.3515    5.8122    0.2450    0.0000    0.0001   -2.2600    0.5000
   10.2000    0.6842    0.4950    0.1892    0.7842    2.7533    3.6430    8.0785    1.0442   12.4566    5.8645    0.2450    0.0000    0.0001   -2.2600    0.5000
   10.2000    0.5852    0.4950    0.0902    0.7852    2.6168    3.6554    8.0760    1.1630   12.3636    5.8231    0.2450    0.0000    0.0001   -2.2600    0.5000
   10.2000    0.6852    0.4950    0.1902    0.7852    2.7602    3.6426    8.0775    1.0360   12.4610    5.8691    0.2450    0.0000    0.0001   -2.2600    0.5000
   10.2000    0.5861    0.4950    0.0911    0.7861    2.6356    3.6541    8.0728    1.1395   12.3758    5.8340    0.2450    0.0000    0.0001   -2.2600    0.5000
   10.2000    0.6862    0.4950    0.1912    0.7862    2.7671    3.6421    8.0766    1.0278   12.4654    5.8736    0.2450    0.0000    0.0001   -2.2600    0.5000
   10.2000    0.5871    0.4950    0.0921    0.7871    2.6544    3.6527    8.0696    1.1159   12.3879    5.8449    0.2450    0.0000    0.0001   -2.2600    0.5000
   10.2000    0.6872    0.4950    0.1922    0.7872    2.7740    3.6416    8.0756    1.0197   12.4698    5.8782    0.2450    0.0000    0.0001   -2.2600    0.5000
   10.2000    0.5881    0.4950    0.0931    0.7881    2.6731    3.6513    8.0664    1.0923   12.4001    5.8558    0.2450    0.0000    0.0001   -2.2600    0.5000
   10.2000    0.6881    0.4950    0.1931    0.7881    2.7809    3.6411    8.0747    1.0115   12.4742    5.8828    0.2450    0.0000    0.0001   -2.2600    0.5000
   10.2000    0.5891    0.4950    0.0941    0.7891    2.6919    3.6499    8.0632    1.0687   12.4122    5.8667    0.2450    0.0000    0.0001   -2.2600    0.5000
   10.2000    0.6891    0.4950    0.1941    0.7891    2.7878    3.6407    8.0737    1.0034   12.4786    5.8873    0.2450    0.0000    0.0001   -2.2600    0.5000
   10.2000    0.5901    0.4950    0.0951    0.7901    2.7107    3.6485    8.0600    1.0451   12.4244    5.8776    0.2450    0.0000    0.0001   -2.2600    0.5000
   10.2000    0.6901    0.4950    0.1951    0.7901    2.7947    3.6402    8.0727    0.9952   12.4830    5.8919    0.2450    0.0000    0.0001   -2.2600    0.5000
   10.2000    0.5910    0.4950    0.0960    0.7910    2.7294    3.6472    8.0569    1.0216   12.4365    5.8885    0.2450    0.0000    0.0001   -2.2600    0.5000
   10.2000    0.6911    0.4950    0.1961    0.7911    2.8016    3.6397    8.0718    0.9871   12.4873    5.8964    0.2450    0.0000    0.0001   -2.2600    0.5000
   10.2000    0.5920    0.4950    0.0970    0.7920    2.7482    3.6458    8.0537    0.9980   12.4487    5.8994    0.2450    0.0000    0.0001   -2.2600    0.5000
   10.2000    0.6921    0.4950    0.1971    0.7921    2.8085    3.6393    8.0708    0.9789   12.4917    5.9010    0.2450    0.0000    0.0001   -2.2600    0.5000
   10.2000    0.5930    0.4950    0.0980    0.7930    2.7670    3.6444    8.0505    0.9744   12.4608    5.9103    0.2450    0.0000    0.0001   -2.2600    0.5000
   10.2000    0.6930    0.4950    0.1980    0.7930    2.8154    3.6388    8.0698    0.9707   12.4961    5.9055    0.2450    0.0000    0.0001   -2.2600    0.5000
   10.2000    0.5940    0.4950    0.0990    0.7940    2.7857    3.6430    8.0473    0.9508   12.4730    5.9212    0.2450    0.0000    0.0001   -2.2600    0.5000
   10.2000    0.6940    0.4950    0.1990    0.7940    2.8223    3.6383    8.0689    0.9626   12.5005    5.9101    0.2450    0.0000    0.0001   -2.2600    0.5000
   10.2000    0.5950    0.4950    0.1000    0.7950    2.8045    3.6416    8.0441    0.9273   12.4851    5.9321    0.2450    0.0000    0.0001   -2.2600    0.5000
   10.2000    0.6950    0.4950    0.2000    0.7950    2.8292    3.6378    8.0679    0.9544   12.5049    5.9146    0.2450    0.0000    0.0001   -2.2600    0.5000
   10.2000    0.5959    0.4950    0.1009    0.7959    2.8233    3.6403    8.0409    0.9037   12.4973    5.9430    0.2450    0.0000    0.0001   -2.2600    0.5000
   10.2000    0.6960    0.4950    0.2010    0.7960    2.8361    3.6374    8.0669    0.9463   12.5093    5.9192    0.2450    0.0000    0.0001   -2.2600    0.5000
   10.2000    0.5969    0.4950    0.1019    0.7969    2.8420    3.6389    8.0377    0.8801   12.5094    5.9539    0.2450    0.0000    0.0001   -2.2600    0.5000
   10.2000    0.6970    0.4950    0.2020    0.7970    2.8430    3.6369    8.0660    0.9381   12.5137    5.9237    0.2450    0.0000    0.0001   -2.2600    0.5000
   10.2000    0.5979    0.4950    0.1029    0.7979    2.8608    3.6375    8.0345    0.8565   12.5216    5.9648    0.2450    0.0000    0.0001   -2.2600    0.5000
   10.2000    0.6980    0.4950    0.2030    0.7980    2.8499    3.6364    8.0650    0.9299   12.5181    5.9283    0.2450    0.0000    0.0001   -2.2600    0.5000
   10.2000    0.4980    0.4950    0.0030    0.7980    1.4046    4.8335    8.0044    7.0178    9.4012    6.0554    0.2450    0.0000    0.0001   -2.2600    0.5000
   10.2000    0.4988    0.4950    0.0038    0.7988    2.4924    4.8628    8.0236    6.0477    9.8866    5.9929    0.2450    0.0000    0.0001   -2.2600    0.5000
   10.2000    0.5989    0.4950    0.1039    0.7989    2.8796    3.6361    8.0313    0.8329   12.5337    5.9757    0.2450    0.0000    0.0001   -2.2600    0.5000
   10.2000    0.6989    0.4950    0.2039    0.7989    2.8568    3.6360    8.0640    0.9218   12.5225    5.9329    0.2450    0.0000    0.0001   -2.2600    0.5000
#   age       Mtot      Mc        Menv      Mini      logL      logT      logTc     logg      logR      logrhoc   Y         Yc        Z         FeH       OFe       
   10.2500    0.5410    0.4950    0.0460    0.7410    1.3098    4.2819    8.0725    4.9417   10.4571    4.2752    0.2450    0.9490    0.0001   -2.2600    0.5000
   10.2500    0.6411    0.4950    0.1461    0.7411    1.5697    4.0395    8.0741    3.7858   11.0719    4.2607    0.2450    0.9494    0.0001   -2.2600    0.5000
   10.2500    0.5420    0.4950    0.0470    0.7420    2.4172    3.6985    8.0916    1.5017   12.1776    5.7008    0.2450    0.0000    0.0001   -2.2600    0.5000
   10.2500    0.6420    0.4950    0.1470    0.7420    2.4565    3.6633    8.1200    1.3950   12.2677    5.6687    0.2450    0.0000    0.0001   -2.2600    0.5000
   10.2500    0.5430    0.4950    0.0480    0.7430    2.4423    3.6954    8.0871    1.4648   12.1965    5.7162    0.2450    0.0000    0.0001   -2.2600    0.5000
   10.2500    0.6430    0.4950    0.1480    0.7430    2.4634    3.6628    8.1191    1.3868   12.2721    5.6732    0.2450    0.0000    0.0001   -2.2600    0.5000
   10.2500    0.5440    0.4950    0.0490    0.7440    2.4675    3.6922    8.0825    1.4279   12.2153    5.7315    0.2450    0.0000    0.0001   -2.2600    0.5000
   10.2500    0.6440    0.4950    0.1490    0.7440    2.4703    3.6624    8.1181    1.3787   12.2765    5.6778    0.2450    0.0000    0.0001   -2.2600    0.5000
   10.2500    0.5449    0.4950    0.0499    0.7449    2.4926    3.6891    8.0779    1.3910   12.2341    5.7469    0.2450    0.0000    0.0001   -2.2600    0.5000
   10.2500    0.6450    0.4950    0.1500    0.7450    2.4772    3.6619    8.1171    1.3705   12.2809    5.6824    0.2450    0.0000    0.0001   -2.2600    0.5000
   10.2500    0.5459    0.4950    0.0509    0.7459    2.5178    3.6860    8.0734    1.3540   12.2530    5.7622    0.2450    0.0000    0.0001   -2.2600    0.5000
   10.2500    0.6460    0.4950    0.1510    0.7460    2.4841    3.6614    8.1162    1.3623   12.2853    5.6869    0.2450    0.0000    0.0001   -2.2600    0.5000
   10.2500    0.5469    0.4950    0.0519    0.7469    2.5429    3.6828    8.0688    1.3171   12.2718    5.7776    0.2450    0.0000    0.0001   -2.2600    0.5000
   10.2500    0.6470    0.4950    0.1520    0.7470    2.4911    3.6610    8.1152    1.3542   12.2897    5.6915    0.2450    0.0000    0.0001   -2.2600    0.5000
   10.2500    0.5479    0.4950    0.0529    0.7479    2.5681    3.6797    8.0643    1.2802   12.2907    5.7929    0.2450    0.0000    0.0001   -2.2600    0.5000
   10.2500    0.6479    0.4950    0.1529    0.7479    2.4980    3.6605    8.1142    1.3460   12.2940    5.6960    0.2450    0.0000    0.0001   -2.2600    0.5000
   10.2500    0.5489    0.4950    0.0539    0.7489    2.5932    3.6766    8.0597    1.2433   12.3095    5.8082    0.2450    0.0000    0.0001   -2.2600    0.5000
   10.2500    0.6489    0.4950    0.1539    0.7489    2.5049    3.6600    8.1133    1.3379   12.2984    5.7006    0.2450    0.0000    0.0001   -2.2600    0.5000
   10.2500    0.5499    0.4950    0.0549    0.7499    2.6184    3.6734    8.0551    1.2064   12.3284    5.8236    0.2450    0.0000    0.0001   -2.2600    0.5000
   10.2500    0.6499    0.4950    0.1549    0.7499    2.5118    3.6595    8.1123    1.3297   12.3028    5.7051    0.2450    0.0000    0.0001   -2.2600    0.5000
   10.2500    0.5508    0.4950    0.0558    0.7508    2.6435    3.6703    8.0506    1.1695   12.3472    5.8389    0.2450    0.0000    0.0001   -2.2600    0.5000
   10.2500    0.6509    0.4950    0.1559    0.7509    2.5187    3.6591    8.1113    1.3215   12.3072    5.7097    0.2450    0.0000    0.0001   -2.2600    0.5000
   10.2500    0.5518    0.4950    0.0568    0.7518    2.6686    3.6672    8.0460    1.1326   12.3661    5.8543    0.2450    0.0000    0.0001   -2.2600    0.5000
   10.2500    0.6519    0.4950    0.1569    0.7519    2.5256    3.6586    8.1104    1.3134   12.3116    5.7142    0.2450    0.0000    0.0001   -2.2600    0.5000
   10.2500    0.5528    0.4950    0.0578    0.7528    2.6938    3.6641    8.0415    1.0956   12.3849    5.8696    0.2450    0.0000    0.0001   -2.2600    0.5000
   10.2500    0.6528    0.4950    0.1578    0.7528    2.5325    3.6581    8.1094    1.3052   12.3160    5.7188    0.2450    0.0000    0.0001   -2.2600    0.5000
   10.2500    0.5538    0.4950    0.0588    0.7538    2.7189    3.6609    8.0369    1.0587   12.4037    5.8850    0.2450    0.0000    0.0001   -2.2600    0.5000
   10.2500    0.6538    0.4950    0.1588    0.7538    2.5394    3.6577    8.1084    1.2971   12.3204    5.7233    0.2450    0.0000    0.0001   -2.2600    0.5000
   10.2500    0.5548    0.4950    0.0598    0.7548    2.7441    3.6578    8.0324    1.0218   12.4226    5.9003    0.2450    0.0000    0.0001   -2.2600    0.5000
   10.2500    0.6548    0.4950    0.1598    0.7548    2.5463    3.6572    8.1075    1.2889   12.3248    5.7279    0.2450    0.0000    0.0001   -2.2600    0.5000
   10.2500    0.5557    0.4950    0.0607    0.7557    2.7692    3.6547    8.0278    0.9849   12.4414    5.9157    0.2450    0.0000    0.0001   -2.2600    0.5000
   10.2500    0.6558    0.4950    0.1608    0.7558    2.5532    3.6567    8.1065    1.2808   12.3292    5.7325    0.2450    0.0000    0.0001   -2.2600    0.5000
   10.2500    0.5567    0.4950    0.0617    0.7567    2.7944    3.6515    8.0232    0.9480   12.4603    5.9310    0.2450    0.0000    0.0001   -2.2600    0.5000
   10.2500    0.6568    0.4950    0.1618    0.7568    2.5601    3.6562    8.1055    1.2726   12.3336    5.7370    0.2450    0.0000    0.0001   -2.2600    0.5000
   10.2500    0.5577    0.4950    0.0627    0.7577    2.8195    3.6484    8.0187    0.9111   12.4791    5.9464    0.2450    0.0000    0.0001   -2.2600    0.5000
   10.2500    0.6577    0.4950    0.1627    0.7577    2.5670    3.6558    8.1046    1.2644   12.3380    5.7416    0.2450    0.0000    0.0001   -2.2600    0.5000
   10.2500    0.5587    0.4950    0.0637    0.7587    2.8447    3.6453    8.0141    0.8742   12.4980    5.9617    0.2450    0.0000    0.0001   -2.2600    0.5000
   10.2500    0.6587    0.4950    0.1637    0.7587    2.5739    3.6553    8.1036    1.2563   12.3424    5.7461    0.2450    0.0000    0.0001   -2.2600    0.5000
   10.2500    0.5597    0.4950    0.0647    0.7597    2.8698    3.6421    8.0096    0.8372   12.5168    5.9770    0.2450    0.0000    0.0001   -2.2600    0.5000
   10.2500    0.6597    0.4950    0.1647    0.7597    2.5808    3.6548    8.1026    1.2481   12.3468    5.7507    0.2450    0.0000    0.0001   -2.2600    0.5000
   10.2500    0.5606    0.4950    0.0656    0.7606    2.4746    3.6714    8.0925    1.3502   12.2607    5.7396    0.2450    0.0000    0.0001   -2.2600    0.5000
   10.2500    0.6607    0.4950    0.1657    0.7607    2.5877    3.6544    8.1017    1.2400   12.3512    5.7552    0.2450    0.0000    0.0001   -2.2600    0.5000
   10.2500    0.5616    0.4950    0.0666    0.7616    2.5019    3.6692    8.0887    1.3150   12.2787    5.7533    0.2450    0.0000    0.0001   -2.2600    0.5000
   10.2500    0.6617    0.4950    0.1667    0.7617    2.5946    3.6539    8.1007    1.2318   12.3556    5.7598    0.2450    0.0000    0.0001   -2.2600    0.5000
   10.2500    0.5626    0.4950    0.0676    0.7626    2.5292    3.6670    8.0850    1.2797   12.2967    5.7671    0.2450    0.0000    0.0001   -2.2600    0.5000
   10.2500    0.6626    0.4950    0.1676    0.7626    2.6015    3.6534    8.0997    1.2236   12.3599    5.7643    0.2450    0.0000    0.0001   -2.2600    0.5000
   10.2500    0.5636    0.4950    0.0686    0.7636    2.5566    3.6648    8.0813    1.2444   12.3147    5.7808    0.2450    0.0000    0.0001   -2.2600    0.5000
   10.2500    0.6636    0.4950    0.1686    0.7636    2.6084    3.6529    8.0988    1.2155   12.3643    5.7689    0.2450    0.0000    0.0001   -2.2600    0.5000
   10.2500    0.5646    0.4950    0.0696    0.7646    2.5839    3.6626    8.0775    1.2091   12.3327    5.7945    0.2450    0.0000    0.0001   -2.2600    0.5000
   10.2500    0.6646    0.4950    0.1696    0.7646    2.6153    3.6525    8.0978    1.2073   12.3687    5.7734    0.2450    0.0000    0.0001   -2.2600    0.5000
   10.2500    0.5655    0.4950    0.0705    0.7655    2.6112    3.6605    8.0738    1.1739   12.3507    5.8082    0.2450    0.0000    0.0001   -2.2600    0.5000
   10.2500    0.6656    0.4950    0.1706    0.7656    2.6222    3.6520    8.0969    1.1992   12.3731    5.7780    0.2450    0.0000    0.0001   -2.2600    0.5000
   10.2500    0.5665    0.4950    0.0715    0.7665    2.6385    3.6583    8.0701    1.1386   12.3688    5.8219    0.2450    0.0000    0.0001   -2.2600    0.5000
   10.2500    0.6666    0.4950    0.1716    0.7666    2.6291    3.6515    8.0959    1.1910   12.3775    5.7826    0.2450    0.0000    0.0001   -2.2600    0.5000
   10.2500    0.5675    0.4950    0.0725    0.7675    2.6658    3.6561    8.0664    1.1033   12.3868    5.8356    0.2450    0.0000    0.0001   -2.2600    0.5000
   10.2500    0.6675    0.4950    0.1725    0.7675    2.6360    3.6511    8.0949    1.1829   12.3819    5.7871    0.2450    0.0000    0.0001   -2.2600    0.5000
   10.2500    0.5685    0.4950    0.0735    0.7685    2.6931    3.6539    8.0626    1.0680   12.4048    5.8494    0.2450    0.0000    0.0001   -2.2600    0.5000
   10.2500    0.6685    0.4950    0.1735    0.7685    2.6429    3.6506    8.0940    1.1747   12.3863    5.7917    0.2450    0.0000    0.0001   -2.2600    0.5000
#   age       Mtot      Mc        Menv      Mini      logL      logT      logTc     logg      logR      logrhoc   Y         Yc        Z         FeH       OFe       
   10.3000    0.4980    0.4950    0.0030    0.5980    1.4046    4.8335    8.0044    7.0178    9.4012    6.0554    0.2450    0.0000    0.0001   -2.2600    0.5000
   10.3000    0.4988    0.4950    0.0038    0.5988    2.4924    4.8628    8.0236    6.0477    9.8866    5.9929    0.2450    0.0000    0.0001   -2.2600    0.5000
   10.3000    0.4998    0.4950    0.0048    0.5998    2.7211    4.8076    8.0266    5.5990   10.1114    5.9798    0.2450    0.0000    0.0001   -2.2600    0.5000
   10.3000    0.5008    0.4950    0.0058    0.6008    2.3936    4.6080    8.0684    5.1290   10.3468    5.7790    0.2450    0.0000    0.0001   -2.2600    0.5000
   10.3000    0.5018    0.4950    0.0068    0.6018    2.5215    4.5982    8.0571    4.9628   10.4303    5.8240    0.2450    0.0000    0.0001   -2.2600    0.5000
   10.3000    0.5028    0.4950    0.0078    0.6028    2.6494    4.5884    8.0458    4.7966   10.5138    5.8689    0.2450    0.0000    0.0001   -2.2600    0.5000
   10.3000    0.5038    0.4950    0.0088    0.6038    2.7773    4.5787    8.0345    4.6305   10.5973    5.9139    0.2450    0.0000    0.0001   -2.2600    0.5000
   10.3000    0.5047    0.4950    0.0097    0.6047    2.9052    4.5689    8.0232    4.4643   10.6808    5.9588    0.2450    0.0000    0.0001   -2.2600    0.5000
   10.3000    0.5057    0.4950    0.0107    0.6057    2.4200    4.4577    8.0664    4.5055   10.6606    5.7986    0.2450    0.0000    0.0001   -2.2600    0.5000
   10.3000    0.5067    0.4950    0.0117    0.6067    2.5496    4.3956    8.0570    4.1284   10.8496    5.8376    0.2450    0.0000    0.0001   -2.2600    0.5000
   10.3000    0.5077    0.4950    0.0127    0.6077    2.6792    4.3335    8.0476    3.7512   11.0386    5.8767    0.2450    0.0000    0.0001   -2.2600    0.5000
   10.3000    0.5087    0.4950    0.0137    0.6087    2.8087    4.2714    8.0382    3.3741   11.2276    5.9157    0.2450    0.0000    0.0001   -2.2600    0.5000
   10.3000    0.5096    0.4950    0.0146    0.6096    2.9383    4.2093    8.0287    2.9970   11.4166    5.9548    0.2450    0.0000    0.0001   -2.2600    0.5000
   10.3000    0.5106    0.4950    0.0156    0.6106    2.4194    4.4356    8.0742    4.4219   10.7046    5.7734    0.2450    0.0000    0.0001   -2.2600    0.5000
   10.3000    0.5116    0.4950    0.0166    0.6116    2.5673    4.5232    8.0605    4.6252   10.6033    5.8370    0.2450    0.0000    0.0001   -2.2600    0.5000
   10.3000    0.5126    0.4950    0.0176    0.6126    2.7151    4.6107    8.0469    4.8285   10.5021    5.9006    0.2450    0.0000    0.0001   -2.2600    0.5000
   10.3000    0.5136    0.4950    0.0186    0.6136    2.8630    4.6983    8.0332    5.0317   10.4009    5.9642    0.2450    0.0000    0.0001   -2.2600    0.5000
   10.3000    0.5145    0.4950    0.0195    0.6145    3.0109    4.7859    8.0195    5.2350   10.2996    6.0277    0.2450    0.0000    0.0001   -2.2600    0.5000
   10.3000    0.5155    0.4950    0.0205    0.6155    2.9752    4.8204    8.0067    5.4094   10.2128    6.0649    0.2450    0.0000    0.0001   -2.2600    0.5000
   10.3000    0.5165    0.4950    0.0215    0.6165    2.7785    4.8083    7.9946    5.5585   10.1387    6.0790    0.2450    0.0000    0.0001   -2.2600    0.5000
   10.3000    0.5175    0.4950    0.0225    0.6175    2.5818    4.7962    7.9824    5.7076   10.0645    6.0930    0.2450    0.0000    0.0001   -2.2600    0.5000
   10.3000    0.5185    0.4950    0.0235    0.6185    2.3851    4.7841    7.9703    5.8567    9.9904    6.1070    0.2450    0.0000    0.0001   -2.2600    0.5000
   10.3000    0.5194    0.4950    0.0244    0.6194    2.1884    4.7720    7.9582    6.0058    9.9163    6.1211    0.2450    0.0000    0.0001   -2.2600    0.5000
   10.3000    0.5204    0.4950    0.0254    0.6204    1.9917    4.7599    7.9461    6.1549    9.8421    6.1351    0.2450    0.0000    0.0001   -2.2600    0.5000
   10.3000    0.5214    0.4950    0.0264    0.6214    1.7951    4.7478    7.9339    6.3040    9.7680    6.1492    0.2450    0.0000    0.0001   -2.2600    0.5000
   10.3000    0.5224    0.4950    0.0274    0.6224    1.5984    4.7357    7.9218    6.4531    9.6939    6.1632    0.2450    0.0000    0.0001   -2.2600    0.5000
   10.3000    0.5234    0.4950    0.0284    0.6234    1.4017    4.7236    7.9097    6.6022    9.6197    6.1772    0.2450    0.0000    0.0001   -2.2600    0.5000
   10.3000    0.5243    0.4950    0.0293    0.6243    1.2050    4.7115    7.8976    6.7513    9.5456    6.1913    0.2450    0.0000    0.0001   -2.2600    0.5000
   10.3000    0.5253    0.4950    0.0303    0.6253    1.0083    4.6994    7.8854    6.9004    9.4715    6.2053    0.2450    0.0000    0.0001   -2.2600    0.5000
   10.3000    0.5263    0.4950    0.0313    0.6263    0.8116    4.6873    7.8733    7.0494    9.3973    6.2193    0.2450    0.0000    0.0001   -2.2600    0.5000
   10.3000    0.5273    0.4950    0.0323    0.6273    0.6149    4.6752    7.8612    7.1985    9.3232    6.2334    0.2450    0.0000    0.0001   -2.2600    0.5000
   10.3000    0.5283    0.4950    0.0333    0.6283    0.4182    4.6631    7.8491    7.3476    9.2491    6.2474    0.2450    0.0000    0.0001   -2.2600    0.5000
   10.3000    0.5293    0.4950    0.0343    0.6293    0.2215    4.6510    7.8370    7.4967    9.1749    6.2615    0.2450    0.0000    0.0001   -2.2600    0.5000
   10.3000    0.5302    0.4950    0.0352    0.6302    1.2733    4.8128    7.9840    7.0933    9.3770    6.1555    0.2450    0.0000    0.0001   -2.2600    0.5000
   10.3000    0.5312    0.4950    0.0362    0.6312    1.4476    4.6948    7.9872    6.4475    9.7003    6.1399    0.2450    0.0000    0.0001   -2.2600    0.5000
   10.3000    0.5322    0.4950    0.0372    0.6322    1.6220    4.5767    7.9904    5.8017   10.0236    6.1242    0.2450    0.0000    0.0001   -2.2600    0.5000
   10.3000    0.5332    0.4950    0.0382    0.6332    1.7964    4.4586    7.9936    5.1559   10.3469    6.1085    0.2450    0.0000    0.0001   -2.2600    0.5000
   10.3000    0.5342    0.4950    0.0392    0.6342    1.9707    4.3406    7.9968    4.5101   10.6702    6.0929    0.2450    0.0000    0.0001   -2.2600    0.5000
   10.3000    0.5351    0.4950    0.0401    0.6351    2.1451    4.2225    8.0000    3.8642   10.9936    6.0772    0.2450    0.0000    0.0001   -2.2600    0.5000
   10.3000    0.5361    0.4950    0.0411    0.6361    2.3194    4.1045    8.0032    3.2184   11.3169    6.0616    0.2450    0.0000    0.0001   -2.2600    0.5000
   10.3000    0.5371    0.4950    0.0421    0.6371    2.4938    3.9864    8.0064    2.5726   11.6402    6.0459    0.2450    0.0000    0.0001   -2.2600    0.5000
   10.3000    0.5381    0.4950    0.0431    0.6381    2.6682    3.8683    8.0096    1.9268   11.9635    6.0302    0.2450    0.0000    0.0001   -2.2600    0.5000
   10.3000    0.5391    0.4950    0.0441    0.6391    2.8425    3.7503    8.0128    1.2810   12.2868    6.0146    0.2450    0.0000    0.0001   -2.2600    0.5000
   10.3000    0.5400    0.4950    0.0450    0.6400    2.3669    3.7048    8.1007    1.5755   12.1399    5.6701    0.2450    0.0000    0.0001   -2.2600    0.5000
   10.3000    0.5410    0.4950    0.0460    0.6410    2.3920    3.7016    8.0962    1.5386   12.1588    5.6855    0.2450    0.0000    0.0001   -2.2600    0.5000
   10.3000    0.5420    0.4950    0.0470    0.6420    2.4172    3.6985    8.0916    1.5017   12.1776    5.7008    0.2450    0.0000    0.0001   -2.2600    0.5000
   10.3000    0.5430    0.4950    0.0480    0.6430    2.4423    3.6954    8.0871    1.4648   12.1965    5.7162    0.2450    0.0000    0.0001   -2.2600    0.5000
   10.3000    0.5440    0.4950    0.0490    0.6440    2.4675    3.6922    8.0825    1.4279   12.2153    5.7315    0.2450    0.0000    0.0001   -2.2600    0.5000
   10.3000    0.5449    0.4950    0.0499    0.6449    2.4926    3.6891    8.0779    1.3910   12.2341    5.7469    0.2450    0.0000    0.0001   -2.2600    0.5000
   10.3000    0.5459    0.4950    0.0509    0.6459    2.5178    3.6860    8.0734    1.3540   12.2530    5.7622    0.2450    0.0000    0.0001   -2.2600    0.5000
   10.3000    0.5469    0.4950    0.0519    0.6469    2.5429    3.6828    8.0688    1.3171   12.2718    5.7776    0.2450    0.0000    0.0001   -2.2600    0.5000
   10.3000    0.5479    0.4950    0.0529    0.6479    2.5681    3.6797    8.0643    1.2802   12.2907    5.7929    0.2450    0.0000    0.0001   -2.2600    0.5000
   10.3000    0.5489    0.4950    0.0539    0.6489    2.5932    3.6766    8.0597    1.2433   12.3095    5.8082    0.2450    0.0000    0.0001   -2.2600    0.5000
   10.3000    0.5499    0.4950    0.0549    0.6499    2.6184    3.6734    8.0551    1.2064   12.3284    5.8236    0.2450    0.0000    0.0001   -2.2600    0.5000
   10.3000    0.5508    0.4950    0.0558    0.6508    2.6435    3.6703    8.0506    1.1695   12.3472    5.8389    0.2450    0.0000    0.0001   -2.2600    0.5000
   10.3000    0.5518    0.4950    0.0568    0.6518    2.6686    3.6672    8.0460    1.1326   12.3661    5.8543    0.2450    0.0000    0.0001   -2.2600    0.5000
   10.3000    0.5528    0.4950    0.0578    0.6528    2.6938    3.6641    8.0415    1.0956   12.3849    5.8696    0.2450    0.0000    0.0001   -2.2600    0.5000
   10.3000    0.5538    0.4950    0.0588    0.6538    2.7189    3.6609    8.0369    1.0587   12.4037    5.8850    0.2450    0.0000    0.0001   -2.2600    0.5000
   10.3000    0.5548    0.4950    0.0598    0.6548    2.7441    3.6578    8.0324    1.0218   12.4226    5.9003    0.2450    0.0000    0.0001   -2.2600    0.5000
   10.3000    0.5557    0.4950    0.0607    0.6557    2.7692    3.6547    8.0278    0.9849   12.4414    5.9157    0.2450    0.0000    0.0001   -2.2600    0.5000
   10.3000    0.5567    0.4950    0.0617    0.6567    2.7944    3.6515    8.0232    0.9480   12.4603    5.9310    0.2450    0.0000    0.0001   -2.2600    0.5000
   10.3000    0.5577    0.4950    0.0627    0.6577    2.8195    3.6484    8.0187    0.9111   12.4791    5.9464    0.2450    0.0000    0.0001   -2.2600    0.5000
   10.3000    0.5587    0.4950    0.0637    0.6587    2.8447    3.6453    8.0141    0.8742   12.4980    5.9617    0.2450    0.0000    0.0001   -2.2600    0.5000
   10.3000    0.5597    0.4950    0.0647    0.6597    2.8698    3.6421    8.0096    0.8372   12.5168    5.9770    0.2450    0.0000    0.0001   -2.2600    0.5000
   10.3000    0.5606    0.4950    0.0656    0.6606    2.4746    3.6714    8.0925    1.3502   12.2607    5.7396    0.2450    0.0000    0.0001   -2.2600    0.5000
   10.3000    0.5616    0.4950    0.0666    0.6616    2.5019    3.6692    8.0887    1.3150   12.2787    5.7533    0.2450    0.0000    0.0001   -2.2600    0.5000
   10.3000    0.5626    0.4950    0.0676    0.6626    2.5292    3.6670    8.0850    1.2797   12.2967    5.7671    0.2450    0.0000    0.0001   -2.2600    0.5000
   10.3000    0.5636    0.4950    0.0686    0.6636    2.5566    3.6648    8.0813    1.2444   12.3147    5.7808    0.2450    0.0000    0.0001   -2.2600    0.5000
   10.3000    0.5646    0.4950    0.0696    0.6646    2.5839    3.6626    8.0775    1.2091   12.3327    5.7945    0.2450    0.0000    0.0001   -2.2600    0.5000
   10.3000    0.5655    0.4950    0.0705    0.6655    2.6112    3.6605    8.0738    1.1739   12.3507    5.8082    0.2450    0.0000    0.0001   -2.2600    0.5000
   10.3000    0.5665    0.4950    0.0715    0.6665    2.6385    3.6583    8.0701    1.1386   12.3688    5.8219    0.2450    0.0000    0.0001   -2.2600    0.5000
   10.3000    0.5675    0.4950    0.0725    0.6675    2.6658    3.6561    8.0664    1.1033   12.3868    5.8356    0.2450    0.0000    0.0001   -2.2600    0.5000
   10.3000    0.5685    0.4950    0.0735    0.6685    2.6931    3.6539    8.0626    1.0680   12.4048    5.8494    0.2450    0.0000    0.0001   -2.2600    0.5000
   10.3000    0.5695    0.4950    0.0745    0.6695    2.7205    3.6518    8.0589    1.0328   12.4228    5.8631    0.2450    0.0000    0.0001   -2.2600    0.5000
   10.3000    0.5704    0.4950    0.0754    0.6704    2.7478    3.6496    8.0552    0.9975   12.4408    5.8768    0.2450    0.0000    0.0001   -2.2600    0.5000
   10.3000    0.5714    0.4950    0.0764    0.6714    2.7751    3.6474    8.0514    0.9622   12.4588    5.8905    0.2450    0.0000    0.0001   -2.2600    0.5000
   10.3000    0.5724    0.4950    0.0774    0.6724    2.8024    3.6452    8.0477    0.9269   12.4768    5.9042    0.2450    0.0000    0.0001   -2.2600    0.5000
   10.3000    0.5734    0.4950    0.0784    0.6734    2.8297    3.6431    8.0440    0.8917   12.4948    5.9180    0.2450    0.0000    0.0001   -2.2600    0.5000
   10.3000    0.5744    0.4950    0.0794    0.6744    2.8571    3.6409    8.0402    0.8564   12.5128    5.9317    0.2450    0.0000    0.0001   -2.2600    0.5000
   10.3000    0.5754    0.4950    0.0804    0.6754    2.8844    3.6387    8.0365    0.8211   12.5309    5.9454    0.2450    0.0000    0.0001   -2.2600    0.5000
   10.3000    0.5763    0.4950    0.0813    0.6763    2.9117    3.6365    8.0328    0.7858   12.5489    5.9591    0.2450    0.0000    0.0001   -2.2600    0.5000
   10.3000    0.5773    0.4950    0.0823    0.6773    2.9390    3.6343    8.0291    0.7506   12.5669    5.9728    0.2450    0.0000    0.0001   -2.2600    0.5000
   10.3000    0.5783    0.4950    0.0833    0.6783    2.9663    3.6322    8.0253    0.7153   12.5849    5.9865    0.2450    0.0000    0.0001   -2.2600    0.5000
   10.3000    0.5793    0.4950    0.0843    0.6793    2.9937    3.6300    8.0216    0.6800   12.6029    6.0003    0.2450    0.0000    0.0001   -2.2600    0.5000
   10.3000    0.5803    0.4950    0.0853    0.6803    2.5230    3.6624    8.0920    1.2809   12.3029    5.7686    0.2450    0.0000    0.0001   -2.2600    0.5000
   10.3000    0.5812    0.4950    0.0862    0.6812    2.5418    3.6610    8.0888    1.2573   12.3150    5.7795    0.2450    0.0000    0.0001   -2.2600    0.5000
   10.3000    0.5822    0.4950    0.0872    0.6822    2.5605    3.6596    8.0856    1.2338   12.3272    5.7904    0.2450    0.0000    0.0001   -2.2600    0.5000
   10.3000    0.5832    0.4950    0.0882    0.6832    2.5793    3.6582    8.0824    1.2102   12.3393    5.8013    0.2450    0.0000    0.0001   -2.2600    0.5000
   10.3000    0.5842    0.4950    0.0892    0.6842    2.5981    3.6568    8.0792    1.1866   12.3515    5.8122    0.2450    0.0000    0.0001   -2.2600    0.5000
   10.3000    0.5852    0.4950    0.0902    0.6852    2.6168    3.6554    8.0760    1.1630   12.3636    5.8231    0.2450    0.0000    0.0001   -2.2600    0.5000
   10.3000    0.5861    0.4950    0.0911    0.6861    2.6356    3.6541    8.0728    1.1395   12.3758    5.8340    0.2450    0.0000    0.0001   -2.2600    0.5000
   10.3000    0.5871    0.4950    0.0921    0.6871    2.6544    3.6527    8.0696    1.1159   12.3879    5.8449    0.2450    0.0000    0.0001   -2.2600    0.5000
   10.3000    0.5881    0.4950    0.0931    0.6881    2.6731    3.6513    8.0664    1.0923   12.4001    5.8558    0.2450    0.0000    0.0001   -2.2600    0.5000
   10.3000    0.5891    0.4950    0.0941    0.6891    2.6919    3.6499    8.0632    1.0687   12.4122    5.8667    0.2450    0.0000    0.0001   -2.2600    0.5000
   10.3000    0.5901    0.4950    0.0951    0.6901    2.7107    3.6485    8.0600    1.0451   12.4244    5.8776    0.2450    0.0000    0.0001   -2.2600    0.5000
   10.3000    0.5910    0.4950    0.0960    0.6910    2.7294    3.6472    8.0569    1.0216   12.4365    5.8885    0.2450    0.0000    0.0001   -2.2600    0.5000
   10.3000    0.5920    0.4950    0.0970    0.6920    2.7482    3.6458    8.0537    0.9980   12.4487    5.8994    0.2450    0.0000    0.0001   -2.2600    0.5000
   10.3000    0.5930    0.4950    0.0980    0.6930    2.7670    3.6444    8.0505    0.9744   12.4608    5.9103    0.2450    0.0000    0.0001   -2.2600    0.5000
   10.3000    0.5940    0.4950    0.0990    0.6940    2.7857    3.6430    8.0473    0.9508   12.4730    5.9212    0.2450    0.0000    0.0001   -2.2600    0.5000
   10.3000    0.5950    0.4950    0.1000    0.6950    2.8045    3.6416    8.0441    0.9273   12.4851    5.9321    0.2450    0.0000    0.0001   -2.2600    0.5000
   10.3000    0.5959    0.4950    0.1009    0.6959    2.8233    3.6403    8.0409    0.9037   12.4973    5.9430    0.2450    0.0000    0.0001   -2.2600    0.5000
   10.3000    0.5969    0.4950    0.1019    0.6969    2.8420    3.6389    8.0377    0.8801   12.5094    5.9539    0.2450    0.0000    0.0001   -2.2600    0.5000
   10.3000    0.5979    0.4950    0.1029    0.6979    2.8608    3.6375    8.0345    0.8565   12.5216    5.9648    0.2450    0.0000    0.0001   -2.2600    0.5000
   10.3000    0.4980    0.4950    0.0030    0.6980    1.4046    4.8335    8.0044    7.0178    9.4012    6.0554    0.2450    0.0000    0.0001   -2.2600    0.5000
   10.3000    0.4988    0.4950    0.0038    0.6988    2.4924    4.8628    8.0236    6.0477    9.8866    5.9929    0.2450    0.0000    0.0001   -2.2600    0.5000
   10.3000    0.5989    0.4950    0.1039    0.6989    2.8796    3.6361    8.0313    0.8329   12.5337    5.9757    0.2450    0.0000    0.0001   -2.2600    0.5000
   10.3000    0.4998    0.4950    0.0048    0.6998    2.7211    4.8076    8.0266    5.5990   10.1114    5.9798    0.2450    0.0000    0.0001   -2.2600    0.5000
   10.3000    0.5999    0.4950    0.1049    0.6999    2.8983    3.6347    8.0281    0.8094   12.5459    5.9866    0.2450    0.0000    0.0001   -2.2600    0.5000
   10.3000    0.5008    0.4950    0.0058    0.7008    2.3936    4.6080    8.0684    5.1290   10.3468    5.7790    0.2450    0.0000    0.0001   -2.2600    0.5000
   10.3000    0.6009    0.4950    0.1059    0.7009    2.5196    3.6609    8.1008    1.2937   12.3040    5.7471    0.2450    0.0000    0.0001   -2.2600    0.5000
   10.3000    0.5018    0.4950    0.0068    0.7018    2.5215    4.5982    8.0571    4.9628   10.4303    5.8240    0.2450    0.0000    0.0001   -2.2600    0.5000
   10.3000    0.6018    0.4950    0.1068    0.7018    2.5378    3.6597    8.0991    1.2710   12.3156    5.7553    0.2450    0.0000    0.0001   -2.2600    0.5000
   10.3000    0.5028    0.4950    0.0078    0.7028    2.6494    4.5884    8.0458    4.7966   10.5138    5.8689    0.2450    0.0000    0.0001   -2.2600    0.5000
   10.3000    0.6028    0.4950    0.1078    0.7028    2.5560    3.6584    8.0974    1.2484   12.3273    5.7634    0.2450    0.0000    0.0001   -2.2600    0.5000
   10.3000    0.5038    0.4950    0.0088    0.7038    2.7773    4.5787    8.0345    4.6305   10.5973    5.9139    0.2450    0.0000    0.0001   -2.2600    0.5000
   10.3000    0.6038    0.4950    0.1088    0.7038    2.5742    3.6571    8.0956    1.2257   12.3390    5.7715    0.2450    0.0000    0.0001   -2.2600    0.5000
   10.3000    0.5047    0.4950    0.0097    0.7047    2.9052    4.5689    8.0232    4.4643   10.6808    5.9588    0.2450    0.0000    0.0001   -2.2600    0.5000
   10.3000    0.6048    0.4950    0.1098    0.7048    2.5924    3.6558    8.0939    1.2031   12.3506    5.7797    0.2450    0.0000    0.0001   -2.2600    0.5000
   10.3000    0.5057    0.4950    0.0107    0.7057    2.4200    4.4577    8.0664    4.5055   10.6606    5.7986    0.2450    0.0000    0.0001   -2.2600    0.5000
   10.3000    0.6058    0.4950    0.1108    0.7058    2.6106    3.6545    8.0922    1.1804   12.3623    5.7878    0.2450    0.0000    0.0001   -2.2600    0.5000
   10.3000    0.5067    0.4950    0.0117    0.7067    2.5496    4.3956    8.0570    4.1284   10.8496    5.8376    0.2450    0.0000    0.0001   -2.2600    0.5000
   10.3000    0.6067    0.4950    0.1117    0.7067    2.6288    3.6532    8.0904    1.1578   12.3740    5.7959    0.2450    0.0000    0.0001   -2.2600    0.5000
   10.3000    0.5077    0.4950    0.0127    0.7077    2.6792    4.3335    8.0476    3.7512   11.0386    5.8767    0.2450    0.0000    0.0001   -2.2600    0.5000
   10.3000    0.6077    0.4950    0.1127    0.7077    2.6470    3.6519    8.0887    1.1352   12.3856    5.8041    0.2450    0.0000    0.0001   -2.2600    0.5000
   10.3000    0.5087    0.4950    0.0137    0.7087    2.8087    4.2714    8.0382    3.3741   11.2276    5.9157    0.2450    0.0000    0.0001   -2.2600    0.5000
   10.3000    0.6087    0.4950    0.1137    0.7087    2.6652    3.6507    8.0870    1.1125   12.3973    5.8122    0.2450    0.0000    0.0001   -2.2600    0.5000
   10.3000    0.5096    0.4950    0.0146    0.7096    2.9383    4.2093    8.0287    2.9970   11.4166    5.9548    0.2450    0.0000    0.0001   -2.2600    0.5000
   10.3000    0.6097    0.4950    0.1147    0.7097    2.6834    3.6494    8.0853    1.0899   12.4090    5.8204    0.2450    0.0000    0.0001   -2.2600    0.5000
   10.3000    0.5106    0.4950    0.0156    0.7106    2.4194    4.4356    8.0742    4.4219   10.7046    5.7734    0.2450    0.0000    0.0001   -2.2600    0.5000
   10.3000    0.6107    0.4950    0.1157    0.7107    2.7016    3.6481    8.0835    1.0672   12.4206    5.8285    0.2450    0.0000    0.0001   -2.2600    0.5000
   10.3000    0.5116    0.4950    0.0166    0.7116    2.5673    4.5232    8.0605    4.6252   10.6033    5.8370    0.2450    0.0000    0.0001   -2.2600    0.5000
   10.3000    0.6116    0.4950    0.1166    0.7116    2.7198    3.6468    8.0818    1.0446   12.4323    5.8366    0.2450    0.0000    0.0001   -2.2600    0.5000
   10.3000    0.5126    0.4950    0.0176    0.7126    2.7151    4.6107    8.0469    4.8285   10.5021    5.9006    0.2450    0.0000    0.0001   -2.2600    0.5000
   10.3000    0.6126    0.4950    0.1176    0.7126    2.7380    3.6455    8.0801    1.0219   12.4440    5.8448    0.2450    0.0000    0.0001   -2.2600    0.5000
   10.3000    0.5136    0.4950    0.0186    0.7136    2.8630    4.6983    8.0332    5.0317   10.4009    5.9642    0.2450    0.0000    0.0001   -2.2600    0.5000
   10.3000    0.6136    0.4950    0.1186    0.7136    2.7561    3.6442    8.0783    0.9993   12.4556    5.8529    0.2450    0.0000    0.0001   -2.2600    0.5000
   10.3000    0.5145    0.4950    0.0195    0.7145    3.0109    4.7859    8.0195    5.2350   10.2996    6.0277    0.2450    0.0000    0.0001   -2.2600    0.5000
   10.3000    0.6146    0.4950    0.1196    0.7146    2.7743    3.6429    8.0766    0.9766   12.4673    5.8611    0.2450    0.0000    0.0001   -2.2600    0.5000
   10.3000    0.5155    0.4950    0.0205    0.7155    2.9752    4.8204    8.0067    5.4094   10.2128    6.0649    0.2450    0.0000    0.0001   -2.2600    0.5000
   10.3000    0.6156    0.4950    0.1206    0.7156    2.7925    3.6417    8.0749    0.9540   12.4790    5.8692    0.2450    0.0000    0.0001   -2.2600    0.5000
   10.3000    0.5165    0.4950    0.0215    0.7165    2.7785    4.8083    7.9946    5.5585   10.1387    6.0790    0.2450    0.0000    0.0001   -2.2600    0.5000
   10.3000    0.6165    0.4950    0.1215    0.7165    2.8107    3.6404    8.0731    0.9313   12.4906    5.8773    0.2450    0.0000    0.0001   -2.2600    0.5000
   10.3000    0.5175    0.4950    0.0225    0.7175    2.5818    4.7962    7.9824    5.7076   10.0645    6.0930    0.2450    0.0000    0.0001   -2.2600    0.5000
   10.3000    0.6175    0.4950    0.1225    0.7175    2.8289    3.6391    8.0714    0.9087   12.5023    5.8855    0.2450    0.0000    0.0001   -2.2600    0.5000
   10.3000    0.5185    0.4950    0.0235    0.7185    2.3851    4.7841    7.9703    5.8567    9.9904    6.1070    0.2450    0.0000    0.0001   -2.2600    0.5000
   10.3000    0.6185    0.4950    0.1235    0.7185    2.8471    3.6378    8.0697    0.8861   12.5140    5.8936    0.2450    0.0000    0.0001   -2.2600    0.5000
   10.3000    0.5194    0.4950    0.0244    0.7194    2.1884    4.7720    7.9582    6.0058    9.9163    6.1211    0.2450    0.0000    0.0001   -2.2600    0.5000
   10.3000    0.6195    0.4950    0.1245    0.7195    2.8653    3.6365    8.0679    0.8634   12.5257    5.9017    0.2450    0.0000    0.0001   -2.2600    0.5000
   10.3000    0.5204    0.4950    0.0254    0.7204    1.9917    4.7599    7.9461    6.1549    9.8421    6.1351    0.2450    0.0000    0.0001   -2.2600    0.5000
   10.3000    0.6205    0.4950    0.1255    0.7205    2.8835    3.6352    8.0662    0.8408   12.5373    5.9099    0.2450    0.0000    0.0001   -2.2600    0.5000
   10.3000    0.5214    0.4950    0.0264    0.7214    1.7951    4.7478    7.9339    6.3040    9.7680    6.1492    0.2450    0.0000    0.0001   -2.2600    0.5000
   10.3000    0.6214    0.4950    0.1264    0.7214    2.9017    3.6339    8.0645    0.8181   12.5490    5.9180    0.2450    0.0000    0.0001   -2.2600    0.5000
   10.3000    0.5224    0.4950    0.0274    0.7224    1.5984    4.7357    7.9218    6.4531    9.6939    6.1632    0.2450    0.0000    0.0001   -2.2600    0.5000
   10.3000    0.6224    0.4950    0.1274    0.7224    2.9199    3.6327    8.0627    0.7955   12.5607    5.9262    0.2450    0.0000    0.0001   -2.2600    0.5000
   10.3000    0.5234    0.4950    0.0284    0.7234    1.4017    4.7236    7.9097    6.6022    9.6197    6.1772    0.2450    0.0000    0.0001   -2.2600    0.5000
   10.3000    0.6234    0.4950    0.1284    0.7234    2.9381    3.6314    8.0610    0.7728   12.5723    5.9343    0.2450    0.0000    0.0001   -2.2600    0.5000
   10.3000    0.5243    0.4950    0.0293    0.7243    1.2050    4.7115    7.8976    6.7513    9.5456    6.1913    0.2450    0.0000    0.0001   -2.2600    0.5000
   10.3000    0.6244    0.4950    0.1294    0.7244    2.9563    3.6301    8.0593    0.7502   12.5840    5.9424    0.2450    0.0000    0.0001   -2.2600    0.5000
   10.3000    0.5253    0.4950    0.0303    0.7253    1.0083    4.6994    7.8854    6.9004    9.4715    6.2053    0.2450    0.0000    0.0001   -2.2600    0.5000
   10.3000    0.6254    0.4950    0.1304    0.7254    2.9745    3.6288    8.0575    0.7275   12.5957    5.9506    0.2450    0.0000    0.0001   -2.2600    0.5000
   10.3000    0.5263    0.4950    0.0313    0.7263    0.8116    4.6873    7.8733    7.0494    9.3973    6.2193    0.2450    0.0000    0.0001   -2.2600    0.5000
   10.3000    0.6264    0.4950    0.1314    0.7264    2.9927    3.6275    8.0558    0.7049   12.6073    5.9587    0.2450    0.0000    0.0001   -2.2600    0.5000
   10.3000    0.5273    0.4950    0.0323    0.7273    0.6149    4.6752    7.8612    7.1985    9.3232    6.2334    0.2450    0.0000    0.0001   -2.2600    0.5000
   10.3000    0.6273    0.4950    0.1323    0.7273    3.0109    3.6262    8.0541    0.6823   12.6190    5.9669    0.2450    0.0000    0.0001   -2.2600    0.5000
   10.3000    0.5283    0.4950    0.0333    0.7283    0.4182    4.6631    7.8491    7.3476    9.2491    6.2474    0.2450    0.0000    0.0001   -2.2600    0.5000
   10.3000    0.6283    0.4950    0.1333    0.7283    3.0291    3.6249    8.0523    0.6596   12.6307    5.9750    0.2450    0.0000    0.0001   -2.2600    0.5000
   10.3000    0.5293    0.4950    0.0343    0.7293    0.2215    4.6510    7.8370    7.4967    9.1749    6.2615    0.2450    0.0000    0.0001   -2.2600    0.5000
   10.3000    0.6293    0.4950    0.1343    0.7293    3.0472    3.6237    8.0506    0.6370   12.6423    5.9831    0.2450    0.0000    0.0001   -2.2600    0.5000
   10.3000    0.5302    0.4950    0.0352    0.7302    1.2733    4.8128    7.9840    7.0933    9.3770    6.1555    0.2450    0.0000    0.0001   -2.2600    0.5000
   10.3000    0.6303    0.4950    0.1353    0.7303    3.0654    3.6224    8.0489    0.6143   12.6540    5.9913    0.2450    0.0000    0.0001   -2.2600    0.5000
   10.3000    0.5312    0.4950    0.0362    0.7312    1.4476    4.6948    7.9872    6.4475    9.7003    6.1399    0.2450    0.0000    0.0001   -2.2600    0.5000
   10.3000    0.6313    0.4950    0.1363    0.7313    3.0836    3.6211    8.0471    0.5917   12.6657    5.9994    0.2450    0.0000    0.0001   -2.2600    0.5000
   10.3000    0.5322    0.4950    0.0372    0.7322    1.6220    4.5767    7.9904    5.8017   10.0236    6.1242    0.2450    0.0000    0.0001   -2.2600    0.5000
   10.3000    0.6322    0.4950    0.1372    0.7322    3.1018    3.6198    8.0454    0.5690   12.6773    6.0076    0.2450    0.0000    0.0001   -2.2600    0.5000
   10.3000    0.5332    0.4950    0.0382    0.7332    1.7964    4.4586    7.9936    5.1559   10.3469    6.1085    0.2450    0.0000    0.0001   -2.2600    0.5000
   10.3000    0.6332    0.4950    0.1382    0.7332    3.1200    3.6185    8.0437    0.5464   12.6890    6.0157    0.2450    0.0000    0.0001   -2.2600    0.5000
   10.3000    0.5342    0.4950    0.0392    0.7342    1.9707    4.3406    7.9968    4.5101   10.6702    6.0929    0.2450    0.0000    0.0001   -2.2600    0.5000
   10.3000    0.6342    0.4950    0.1392    0.7342    3.1382    3.6172    8.0420    0.5237   12.7007    6.0238    0.2450    0.0000    0.0001   -2.2600    0.5000
   10.3000    0.5351    0.4950    0.0401    0.7351    2.1451    4.2225    8.0000    3.8642   10.9936    6.0772    0.2450    0.0000    0.0001   -2.2600    0.5000
   10.3000    0.6352    0.4950    0.1402    0.7352    3.1564    3.6159    8.0402    0.5011   12.7123    6.0320    0.2450    0.0000    0.0001   -2.2600    0.5000
   10.3000    0.5361    0.4950    0.0411    0.7361    2.3194    4.1045    8.0032    3.2184   11.3169    6.0616    0.2450    0.0000    0.0001   -2.2600    0.5000
   10.3000    0.6362    0.4950    0.1412    0.7362    3.1746    3.6147    8.0385    0.4784   12.7240    6.0401    0.2450    0.0000    0.0001   -2.2600    0.5000
   10.3000    0.5371    0.4950    0.0421    0.7371    2.4938    3.9864    8.0064    2.5726   11.6402    6.0459    0.2450    0.0000    0.0001   -2.2600    0.5000
   10.3000    0.6371    0.4950    0.1421    0.7371    3.1928    3.6134    8.0368    0.4558   12.7357    6.0482    0.2450    0.0000    0.0001   -2.2600    0.5000
   10.3000    0.5381    0.4950    0.0431    0.7381    2.6682    3.8683    8.0096    1.9268   11.9635    6.0302    0.2450    0.0000    0.0001   -2.2600    0.5000
   10.3000    0.6381    0.4950    0.1431    0.7381    3.2110    3.6121    8.0350    0.4332   12.7473    6.0564    0.2450    0.0000    0.0001   -2.2600    0.5000
   10.3000    0.5391    0.4950    0.0441    0.7391    2.8425    3.7503    8.0128    1.2810   12.2868    6.0146    0.2450    0.0000    0.0001   -2.2600    0.5000
   10.3000    0.6391    0.4950    0.1441    0.7391    3.2292    3.6108    8.0333    0.4105   12.7590    6.0645    0.2450    0.0000    0.0001   -2.2600    0.5000
   10.3000    0.5400    0.4950    0.0450    0.7400    2.3669    3.7048    8.1007    1.5755   12.1399    5.6701    0.2450    0.0000    0.0001   -2.2600    0.5000
   10.3000    0.6401    0.4950    0.1451    0.7401    2.4427    3.6643    8.1219    1.4113   12.2589    5.6596    0.2450    0.0000    0.0001   -2.2600    0.5000
