#   age       Mtot      Mc        Menv      Mini      logL      logT      logTc     logg      logR      logrhoc   Y         Yc        Z         FeH       OFe       
    9.8000    0.7391    0.4750    0.2641    1.0391    1.6946    3.6657    8.0677    2.2274   11.8818    4.3162    0.2570    0.9452    0.0060   -0.4700    0.2300
    9.8000    0.7401    0.4750    0.2651    1.0401    1.6949    3.6657    8.0677    2.2274   11.8821    4.3162    0.2570    0.9452    0.0060   -0.4700    0.2300
    9.8000    0.7411    0.4750    0.2661    1.0411    1.6952    3.6656    8.0677    2.2274   11.8824    4.3162    0.2570    0.9452    0.0060   -0.4700    0.2300
    9.8000    0.7421    0.4750    0.2671    1.0421    1.6955    3.6655    8.0677    2.2274   11.8827    4.3162    0.2570    0.9452    0.0060   -0.4700    0.2300
    9.8000    0.7431    0.4750    0.2681    1.0431    1.6958    3.6654    8.0677    2.2274   11.8830    4.3162    0.2570    0.9452    0.0060   -0.4700    0.2300
    9.8000    0.7441    0.4750    0.2691    1.0441    1.6960    3.6654    8.0677    2.2274   11.8833    4.3162    0.2570    0.9452    0.0060   -0.4700    0.2300
    9.8000    0.7450    0.4750    0.2700    1.0450    1.6963    3.6653    8.0677    2.2274   11.8836    4.3162    0.2570    0.9452    0.0060   -0.4700    0.2300
    9.8000    0.7460    0.4750    0.2710    1.0460    1.6966    3.6652    8.0677    2.2274   11.8838    4.3162    0.2570    0.9452    0.0060   -0.4700    0.2300
    9.8000    0.7470    0.4750    0.2720    1.0470    1.6969    3.6652    8.0677    2.2274   11.8841    4.3162    0.2570    0.9452    0.0060   -0.4700    0.2300
    9.8000    0.7480    0.4750    0.2730    1.0480    1.6972    3.6651    8.0677    2.2275   11.8844    4.3163    0.2570    0.9452    0.0060   -0.4700    0.2300
    9.8000    0.7490    0.4750    0.2740    1.0490    1.6975    3.6650    8.0677    2.2275   11.8847    4.3163    0.2570    0.9452    0.0060   -0.4700    0.2300
    9.8000    0.7499    0.4750    0.2749    1.0499    1.6978    3.6650    8.0677    2.2275   11.8850    4.3163    0.2570    0.9452    0.0060   -0.4700    0.2300
    9.8000    0.7509    0.4750    0.2759    1.0509    1.6981    3.6649    8.0677    2.2275   11.8853    4.3163    0.2570    0.9452    0.0060   -0.4700    0.2300
    9.8000    0.7519    0.4750    0.2769    1.0519    1.6984    3.6648    8.0677    2.2275   11.8856    4.3163    0.2570    0.9452    0.0060   -0.4700    0.2300
    9.8000    0.7529    0.4750    0.2779    1.0529    1.6986    3.6647    8.0677    2.2275   11.8858    4.3163    0.2570    0.9452    0.0060   -0.4700    0.2300
    9.8000    0.7539    0.4750    0.2789    1.0539    1.6989    3.6647    8.0677    2.2275   11.8861    4.3163    0.2570    0.9452    0.0060   -0.4700    0.2300
    9.8000    0.7548    0.4750    0.2798    1.0548    1.6992    3.6646    8.0677    2.2275   11.8864    4.3163    0.2570    0.9452    0.0060   -0.4700    0.2300
    9.8000    0.7558    0.4750    0.2808    1.0558    1.6995    3.6645    8.0677    2.2275   11.8867    4.3163    0.2570    0.9452    0.0060   -0.4700    0.2300
    9.8000    0.7568    0.4750    0.2818    1.0568    1.6998    3.6645    8.0677    2.2275   11.8870    4.3163    0.2570    0.9452    0.0060   -0.4700    0.2300
    9.8000    0.7578    0.4750    0.2828    1.0578    1.7209    3.6638    8.0772    2.2044   11.8989    4.2981    0.2570    0.7812    0.0060   -0.4700    0.2300
    9.8000    0.7588    0.4750    0.2838    1.0588    1.7128    3.6680    8.0889    2.2295   11.8865    4.2655    0.2570    0.6296    0.0060   -0.4700    0.2300
    9.8000    0.7597    0.4750    0.2847    1.0597    1.7102    3.6712    8.1024    2.2456   11.8787    4.2427    0.2570    0.4754    0.0060   -0.4700    0.2300
    9.8000    0.7607    0.4750    0.2857    1.0607    1.7154    3.6728    8.1226    2.2474   11.8782    4.2381    0.2570    0.2954    0.0060   -0.4700    0.2300
    9.8000    0.7617    0.4750    0.2867    1.0617    1.7694    3.6667    8.1666    2.1695   11.9174    4.3103    0.2570    0.0851    0.0060   -0.4700    0.2300
    9.8000    0.7627    0.4750    0.2877    1.0627    2.2885    3.6069    8.1401    1.4120   12.2964    5.4527    0.2570    0.0000    0.0060   -0.4700    0.2300
    9.8000    0.7637    0.4750    0.2887    1.0637    3.0941    3.5191    8.0461    0.2552   12.8751    6.0226    0.2570    0.0000    0.0060   -0.4700    0.2300
    9.8000    0.7646    0.4750    0.2896    1.0646    3.1015    3.5183    8.0449    0.2451   12.8804    6.0264    0.2570    0.0000    0.0060   -0.4700    0.2300
    9.8000    0.7656    0.4750    0.2906    1.0656    3.1089    3.5174    8.0438    0.2350   12.8857    6.0303    0.2570    0.0000    0.0060   -0.4700    0.2300
    9.8000    0.7666    0.4750    0.2916    1.0666    3.1163    3.5166    8.0427    0.2249   12.8911    6.0341    0.2570    0.0000    0.0060   -0.4700    0.2300
    9.8000    0.7676    0.4750    0.2926    1.0676    3.1237    3.5158    8.0416    0.2148   12.8964    6.0380    0.2570    0.0000    0.0060   -0.4700    0.2300
    9.8000    0.7686    0.4750    0.2936    1.0686    3.1311    3.5150    8.0404    0.2047   12.9018    6.0418    0.2570    0.0000    0.0060   -0.4700    0.2300
    9.8000    0.7696    0.4750    0.2946    1.0696    3.1385    3.5142    8.0393    0.1946   12.9071    6.0457    0.2570    0.0000    0.0060   -0.4700    0.2300
    9.8000    0.7705    0.4750    0.2955    1.0705    3.1459    3.5133    8.0382    0.1845   12.9124    6.0495    0.2570    0.0000    0.0060   -0.4700    0.2300
    9.8000    0.7715    0.4750    0.2965    1.0715    3.1533    3.5125    8.0371    0.1744   12.9178    6.0534    0.2570    0.0000    0.0060   -0.4700    0.2300
    9.8000    0.7725    0.4750    0.2975    1.0725    3.1607    3.5117    8.0359    0.1643   12.9231    6.0572    0.2570    0.0000    0.0060   -0.4700    0.2300
    9.8000    0.7735    0.4750    0.2985    1.0735    3.1681    3.5109    8.0348    0.1542   12.9284    6.0611    0.2570    0.0000    0.0060   -0.4700    0.2300
    9.8000    0.7745    0.4750    0.2995    1.0745    3.1755    3.5101    8.0337    0.1441   12.9338    6.0649    0.2570    0.0000    0.0060   -0.4700    0.2300
    9.8000    0.7754    0.4750    0.3004    1.0754    3.1829    3.5092    8.0326    0.1340   12.9391    6.0687    0.2570    0.0000    0.0060   -0.4700    0.2300
    9.8000    0.7764    0.4750    0.3014    1.0764    3.1903    3.5084    8.0314    0.1239   12.9445    6.0726    0.2570    0.0000    0.0060   -0.4700    0.2300
    9.8000    0.7774    0.4750    0.3024    1.0774    3.1977    3.5076    8.0303    0.1138   12.9498    6.0764    0.2570    0.0000    0.0060   -0.4700    0.2300
    9.8000    0.7784    0.4750    0.3034    1.0784    3.2051    3.5068    8.0292    0.1037   12.9551    6.0803    0.2570    0.0000    0.0060   -0.4700    0.2300
    9.8000    0.7794    0.4750    0.3044    1.0794    3.2125    3.5060    8.0280    0.0936   12.9605    6.0841    0.2570    0.0000    0.0060   -0.4700    0.2300
#   age       Mtot      Mc        Menv      Mini      logL      logT      logTc     logg      logR      logrhoc   Y         Yc        Z         FeH       OFe       
    9.8500    0.6999    0.4750    0.2249    0.9999    1.6830    3.6685    8.0678    2.2272   11.8704    4.3160    0.2570    0.9452    0.0060   -0.4700    0.2300
    9.8500    0.7009    0.4750    0.2259    1.0009    1.6833    3.6684    8.0678    2.2272   11.8707    4.3160    0.2570    0.9452    0.0060   -0.4700    0.2300
    9.8500    0.7019    0.4750    0.2269    1.0019    1.6836    3.6684    8.0678    2.2272   11.8710    4.3160    0.2570    0.9452    0.0060   -0.4700    0.2300
    9.8500    0.7029    0.4750    0.2279    1.0029    1.6839    3.6683    8.0678    2.2272   11.8713    4.3160    0.2570    0.9452    0.0060   -0.4700    0.2300
    9.8500    0.7038    0.4750    0.2288    1.0038    1.6842    3.6682    8.0678    2.2272   11.8716    4.3160    0.2570    0.9452    0.0060   -0.4700    0.2300
    9.8500    0.7048    0.4750    0.2298    1.0048    1.6845    3.6682    8.0678    2.2272   11.8719    4.3160    0.2570    0.9452    0.0060   -0.4700    0.2300
    9.8500    0.7058    0.4750    0.2308    1.0058    1.6848    3.6681    8.0678    2.2272   11.8722    4.3160    0.2570    0.9452    0.0060   -0.4700    0.2300
    9.8500    0.7068    0.4750    0.2318    1.0068    1.6851    3.6680    8.0678    2.2272   11.8724    4.3160    0.2570    0.9452    0.0060   -0.4700    0.2300
    9.8500    0.7078    0.4750    0.2328    1.0078    1.6853    3.6680    8.0678    2.2272   11.8727    4.3160    0.2570    0.9452    0.0060   -0.4700    0.2300
    9.8500    0.7087    0.4750    0.2337    1.0087    1.6856    3.6679    8.0678    2.2272   11.8730    4.3160    0.2570    0.9452    0.0060   -0.4700    0.2300
    9.8500    0.7097    0.4750    0.2347    1.0097    1.6859    3.6678    8.0678    2.2272   11.8733    4.3160    0.2570    0.9452    0.0060   -0.4700    0.2300
    9.8500    0.7107    0.4750    0.2357    1.0107    1.6862    3.6677    8.0678    2.2272   11.8736    4.3160    0.2570    0.9452    0.0060   -0.4700    0.2300
    9.8500    0.7117    0.4750    0.2367    1.0117    1.6865    3.6677    8.0678    2.2272   11.8739    4.3160    0.2570    0.9452    0.0060   -0.4700    0.2300
    9.8500    0.7127    0.4750    0.2377    1.0127    1.6868    3.6676    8.0678    2.2272   11.8741    4.3160    0.2570    0.9452    0.0060   -0.4700    0.2300
    9.8500    0.7136    0.4750    0.2386    1.0136    1.6871    3.6675    8.0678    2.2272   11.8744    4.3160    0.2570    0.9452    0.0060   -0.4700    0.2300
    9.8500    0.7146    0.4750    0.2396    1.0146    1.6874    3.6675    8.0678    2.2272   11.8747    4.3160    0.2570    0.9452    0.0060   -0.4700    0.2300
    9.8500    0.7156    0.4750    0.2406    1.0156    1.6877    3.6674    8.0678    2.2273   11.8750    4.3161    0.2570    0.9452    0.0060   -0.4700    0.2300
    9.8500    0.7166    0.4750    0.2416    1.0166    1.6879    3.6673    8.0678    2.2273   11.8753    4.3161    0.2570    0.9452    0.0060   -0.4700    0.2300
    9.8500    0.7176    0.4750    0.2426    1.0176    1.7140    3.6648    8.0730    2.1918   11.8933    4.3090    0.2570    0.8456    0.0060   -0.4700    0.2300
    9.8500    0.7186    0.4750    0.2436    1.0186    1.6995    3.6712    8.0867    2.2322   11.8734    4.2715    0.2570    0.6546    0.0060   -0.4700    0.2300
    9.8500    0.7195    0.4750    0.2445    1.0195    1.6944    3.6758    8.1019    2.2563   11.8616    4.2445    0.2570    0.4790    0.0060   -0.4700    0.2300
    9.8500    0.7205    0.4750    0.2455    1.0205    1.7013    3.6777    8.1254    2.2574   11.8614    4.2423    0.2570    0.2727    0.0060   -0.4700    0.2300
    9.8500    0.7215    0.4750    0.2465    1.0215    1.8059    3.6640    8.1914    2.0986   11.9410    4.3795    0.2570    0.0372    0.0060   -0.4700    0.2300
    9.8500    0.7225    0.4750    0.2475    1.0225    2.7834    3.5535    8.0934    0.6795   12.6508    5.8609    0.2570    0.0000    0.0060   -0.4700    0.2300
    9.8500    0.7235    0.4750    0.2485    1.0235    2.7908    3.5527    8.0923    0.6694   12.6561    5.8648    0.2570    0.0000    0.0060   -0.4700    0.2300
    9.8500    0.7244    0.4750    0.2494    1.0244    2.7982    3.5518    8.0911    0.6593   12.6615    5.8686    0.2570    0.0000    0.0060   -0.4700    0.2300
    9.8500    0.7254    0.4750    0.2504    1.0254    2.8056    3.5510    8.0900    0.6492   12.6668    5.8725    0.2570    0.0000    0.0060   -0.4700    0.2300
    9.8500    0.7264    0.4750    0.2514    1.0264    2.8130    3.5502    8.0889    0.6391   12.6722    5.8763    0.2570    0.0000    0.0060   -0.4700    0.2300
    9.8500    0.7274    0.4750    0.2524    1.0274    2.8204    3.5494    8.0878    0.6290   12.6775    5.8801    0.2570    0.0000    0.0060   -0.4700    0.2300
    9.8500    0.7284    0.4750    0.2534    1.0284    2.8278    3.5486    8.0866    0.6189   12.6828    5.8840    0.2570    0.0000    0.0060   -0.4700    0.2300
    9.8500    0.7293    0.4750    0.2543    1.0293    2.8352    3.5477    8.0855    0.6088   12.6882    5.8878    0.2570    0.0000    0.0060   -0.4700    0.2300
    9.8500    0.7303    0.4750    0.2553    1.0303    2.8426    3.5469    8.0844    0.5987   12.6935    5.8917    0.2570    0.0000    0.0060   -0.4700    0.2300
    9.8500    0.7313    0.4750    0.2563    1.0313    2.8500    3.5461    8.0832    0.5886   12.6989    5.8955    0.2570    0.0000    0.0060   -0.4700    0.2300
    9.8500    0.7323    0.4750    0.2573    1.0323    2.8574    3.5453    8.0821    0.5785   12.7042    5.8994    0.2570    0.0000    0.0060   -0.4700    0.2300
    9.8500    0.7333    0.4750    0.2583    1.0333    2.8648    3.5445    8.0810    0.5684   12.7095    5.9032    0.2570    0.0000    0.0060   -0.4700    0.2300
    9.8500    0.7342    0.4750    0.2592    1.0342    2.8722    3.5436    8.0799    0.5583   12.7149    5.9071    0.2570    0.0000    0.0060   -0.4700    0.2300
    9.8500    0.7352    0.4750    0.2602    1.0352    2.8796    3.5428    8.0787    0.5482   12.7202    5.9109    0.2570    0.0000    0.0060   -0.4700    0.2300
    9.8500    0.7362    0.4750    0.2612    1.0362    2.8870    3.5420    8.0776    0.5381   12.7256    5.9148    0.2570    0.0000    0.0060   -0.4700    0.2300
    9.8500    0.7372    0.4750    0.2622    1.0372    2.8944    3.5412    8.0765    0.5280   12.7309    5.9186    0.2570    0.0000    0.0060   -0.4700    0.2300
    9.8500    0.7382    0.4750    0.2632    1.0382    2.9018    3.5404    8.0754    0.5179   12.7362    5.9225    0.2570    0.0000    0.0060   -0.4700    0.2300
#   age       Mtot      Mc        Menv      Mini      logL      logT      logTc     logg      logR      logrhoc   Y         Yc        Z         FeH       OFe       
    9.9000    0.6626    0.4750    0.1876    0.9626    1.6683    3.6746    8.0679    2.2420   11.8511    4.3156    0.2570    0.9451    0.0060   -0.4700    0.2300
    9.9000    0.7627    0.4750    0.2877    0.9627    1.7015    3.6641    8.0677    2.2275   11.8887    4.3163    0.2570    0.9452    0.0060   -0.4700    0.2300
    9.9000    0.6636    0.4750    0.1886    0.9636    1.6687    3.6744    8.0679    2.2416   11.8516    4.3156    0.2570    0.9451    0.0060   -0.4700    0.2300
    9.9000    0.7637    0.4750    0.2887    0.9637    1.7018    3.6640    8.0677    2.2275   11.8890    4.3164    0.2570    0.9452    0.0060   -0.4700    0.2300
    9.9000    0.6646    0.4750    0.1896    0.9646    1.6691    3.6742    8.0679    2.2412   11.8521    4.3156    0.2570    0.9451    0.0060   -0.4700    0.2300
    9.9000    0.7646    0.4750    0.2896    0.9646    1.7021    3.6639    8.0677    2.2276   11.8893    4.3164    0.2570    0.9452    0.0060   -0.4700    0.2300
    9.9000    0.6656    0.4750    0.1906    0.9656    1.6695    3.6741    8.0679    2.2408   11.8526    4.3156    0.2570    0.9451    0.0060   -0.4700    0.2300
    9.9000    0.7656    0.4750    0.2906    0.9656    1.7024    3.6638    8.0677    2.2276   11.8895    4.3164    0.2570    0.9452    0.0060   -0.4700    0.2300
    9.9000    0.6666    0.4750    0.1916    0.9666    1.6699    3.6739    8.0679    2.2404   11.8531    4.3156    0.2570    0.9451    0.0060   -0.4700    0.2300
    9.9000    0.7666    0.4750    0.2916    0.9666    1.7027    3.6638    8.0677    2.2276   11.8898    4.3164    0.2570    0.9452    0.0060   -0.4700    0.2300
    9.9000    0.6675    0.4750    0.1925    0.9675    1.6702    3.6738    8.0679    2.2401   11.8536    4.3156    0.2570    0.9451    0.0060   -0.4700    0.2300
    9.9000    0.7676    0.4750    0.2926    0.9676    1.7030    3.6637    8.0677    2.2276   11.8901    4.3164    0.2570    0.9452    0.0060   -0.4700    0.2300
    9.9000    0.6685    0.4750    0.1935    0.9685    1.6706    3.6736    8.0679    2.2397   11.8541    4.3156    0.2570    0.9451    0.0060   -0.4700    0.2300
    9.9000    0.7686    0.4750    0.2936    0.9686    1.7033    3.6636    8.0677    2.2276   11.8904    4.3164    0.2570    0.9452    0.0060   -0.4700    0.2300
    9.9000    0.6695    0.4750    0.1945    0.9695    1.6710    3.6734    8.0679    2.2393   11.8547    4.3157    0.2570    0.9451    0.0060   -0.4700    0.2300
    9.9000    0.7696    0.4750    0.2946    0.9696    1.7036    3.6636    8.0677    2.2276   11.8907    4.3164    0.2570    0.9452    0.0060   -0.4700    0.2300
    9.9000    0.6705    0.4750    0.1955    0.9705    1.6714    3.6733    8.0679    2.2389   11.8552    4.3157    0.2570    0.9451    0.0060   -0.4700    0.2300
    9.9000    0.7705    0.4750    0.2955    0.9705    1.7038    3.6635    8.0677    2.2276   11.8910    4.3164    0.2570    0.9452    0.0060   -0.4700    0.2300
    9.9000    0.6715    0.4750    0.1965    0.9715    1.6718    3.6731    8.0678    2.2385   11.8557    4.3157    0.2570    0.9451    0.0060   -0.4700    0.2300
    9.9000    0.7715    0.4750    0.2965    0.9715    1.7041    3.6634    8.0677    2.2276   11.8913    4.3164    0.2570    0.9452    0.0060   -0.4700    0.2300
    9.9000    0.6725    0.4750    0.1975    0.9725    1.6722    3.6730    8.0678    2.2381   11.8562    4.3157    0.2570    0.9451    0.0060   -0.4700    0.2300
    9.9000    0.7725    0.4750    0.2975    0.9725    1.7044    3.6634    8.0677    2.2276   11.8915    4.3164    0.2570    0.9452    0.0060   -0.4700    0.2300
    9.9000    0.6734    0.4750    0.1984    0.9734    1.6726    3.6728    8.0678    2.2377   11.8567    4.3157    0.2570    0.9451    0.0060   -0.4700    0.2300
    9.9000    0.7735    0.4750    0.2985    0.9735    1.7047    3.6633    8.0677    2.2276   11.8918    4.3164    0.2570    0.9452    0.0060   -0.4700    0.2300
    9.9000    0.6744    0.4750    0.1994    0.9744    1.6730    3.6726    8.0678    2.2373   11.8572    4.3157    0.2570    0.9451    0.0060   -0.4700    0.2300
    9.9000    0.7745    0.4750    0.2995    0.9745    1.7050    3.6632    8.0677    2.2276   11.8921    4.3164    0.2570    0.9452    0.0060   -0.4700    0.2300
    9.9000    0.6754    0.4750    0.2004    0.9754    1.6733    3.6725    8.0678    2.2369   11.8577    4.3157    0.2570    0.9451    0.0060   -0.4700    0.2300
    9.9000    0.7754    0.4750    0.3004    0.9754    1.7053    3.6631    8.0677    2.2276   11.8924    4.3164    0.2570    0.9452    0.0060   -0.4700    0.2300
    9.9000    0.6764    0.4750    0.2014    0.9764    1.6737    3.6723    8.0678    2.2365   11.8582    4.3157    0.2570    0.9451    0.0060   -0.4700    0.2300
    9.9000    0.7764    0.4750    0.3014    0.9764    1.7056    3.6631    8.0677    2.2276   11.8927    4.3164    0.2570    0.9452    0.0060   -0.4700    0.2300
    9.9000    0.6774    0.4750    0.2024    0.9774    1.6741    3.6722    8.0678    2.2362   11.8587    4.3157    0.2570    0.9451    0.0060   -0.4700    0.2300
    9.9000    0.7774    0.4750    0.3024    0.9774    1.7059    3.6630    8.0677    2.2276   11.8930    4.3164    0.2570    0.9452    0.0060   -0.4700    0.2300
    9.9000    0.6783    0.4750    0.2033    0.9783    1.6745    3.6720    8.0678    2.2358   11.8592    4.3157    0.2570    0.9451    0.0060   -0.4700    0.2300
    9.9000    0.7784    0.4750    0.3034    0.9784    1.7062    3.6629    8.0677    2.2276   11.8933    4.3164    0.2570    0.9452    0.0060   -0.4700    0.2300
    9.9000    0.6793    0.4750    0.2043    0.9793    1.6986    3.6702    8.0748    2.2049   11.8750    4.3048    0.2570    0.8184    0.0060   -0.4700    0.2300
    9.9000    0.7794    0.4750    0.3044    0.9794    1.7291    3.6615    8.0755    2.2000   11.9074    4.3027    0.2570    0.8062    0.0060   -0.4700    0.2300
    9.9000    0.6803    0.4750    0.2053    0.9803    1.6817    3.6785    8.0903    2.2556   11.8500    4.2633    0.2570    0.6092    0.0060   -0.4700    0.2300
    9.9000    0.6813    0.4750    0.2063    0.9813    1.6757    3.6848    8.1100    2.2875   11.8343    4.2400    0.2570    0.3959    0.0060   -0.4700    0.2300
    9.9000    0.6823    0.4750    0.2073    0.9823    1.7141    3.6811    8.1529    2.2349   11.8609    4.2858    0.2570    0.1280    0.0060   -0.4700    0.2300
    9.9000    0.6832    0.4750    0.2082    0.9832    2.3927    3.5959    8.1344    1.2163   12.3705    5.5793    0.2570    0.0000    0.0060   -0.4700    0.2300
    9.9000    0.6842    0.4750    0.2092    0.9842    3.0814    3.5206    8.0443    0.2268   12.8656    6.0260    0.2570    0.0000    0.0060   -0.4700    0.2300
    9.9000    0.6852    0.4750    0.2102    0.9852    3.0875    3.5198    8.0430    0.2183   12.8702    6.0291    0.2570    0.0000    0.0060   -0.4700    0.2300
    9.9000    0.6862    0.4750    0.2112    0.9862    3.0937    3.5191    8.0418    0.2098   12.8747    6.0322    0.2570    0.0000    0.0060   -0.4700    0.2300
    9.9000    0.6872    0.4750    0.2122    0.9872    3.0998    3.5183    8.0405    0.2013   12.8793    6.0354    0.2570    0.0000    0.0060   -0.4700    0.2300
    9.9000    0.6881    0.4750    0.2131    0.9881    3.1060    3.5176    8.0393    0.1927   12.8839    6.0385    0.2570    0.0000    0.0060   -0.4700    0.2300
    9.9000    0.6891    0.4750    0.2141    0.9891    3.1121    3.5168    8.0380    0.1842   12.8884    6.0416    0.2570    0.0000    0.0060   -0.4700    0.2300
    9.9000    0.6901    0.4750    0.2151    0.9901    3.1183    3.5161    8.0368    0.1757   12.8930    6.0448    0.2570    0.0000    0.0060   -0.4700    0.2300
    9.9000    0.6911    0.4750    0.2161    0.9911    3.1244    3.5153    8.0356    0.1672   12.8976    6.0479    0.2570    0.0000    0.0060   -0.4700    0.2300
    9.9000    0.6921    0.4750    0.2171    0.9921    3.1306    3.5146    8.0343    0.1587   12.9022    6.0510    0.2570    0.0000    0.0060   -0.4700    0.2300
    9.9000    0.6930    0.4750    0.2180    0.9930    3.1367    3.5138    8.0331    0.1501   12.9067    6.0542    0.2570    0.0000    0.0060   -0.4700    0.2300
    9.9000    0.6940    0.4750    0.2190    0.9940    3.1429    3.5131    8.0318    0.1416   12.9113    6.0573    0.2570    0.0000    0.0060   -0.4700    0.2300
    9.9000    0.6950    0.4750    0.2200    0.9950    3.1490    3.5123    8.0306    0.1331   12.9159    6.0604    0.2570    0.0000    0.0060   -0.4700    0.2300
    9.9000    0.6960    0.4750    0.2210    0.9960    3.1552    3.5116    8.0294    0.1246   12.9205    6.0636    0.2570    0.0000    0.0060   -0.4700    0.2300
    9.9000    0.6970    0.4750    0.2220    0.9970    3.1613    3.5108    8.0281    0.1161   12.9250    6.0667    0.2570    0.0000    0.0060   -0.4700    0.2300
    9.9000    0.6980    0.4750    0.2230    0.9980    3.1675    3.5101    8.0269    0.1075   12.9296    6.0698    0.2570    0.0000    0.0060   -0.4700    0.2300
    9.9000    0.6989    0.4750    0.2239    0.9989    3.1736    3.5093    8.0256    0.0990   12.9342    6.0730    0.2570    0.0000    0.0060   -0.4700    0.2300
#   age       Mtot      Mc        Menv      Mini      logL      logT      logTc     logg      logR      logrhoc   Y         Yc        Z         FeH       OFe       
    9.9500    0.7254    0.4750    0.2504    0.9254    1.6905    3.6667    8.0677    2.2273   11.8779    4.3161    0.2570    0.9452    0.0060   -0.4700    0.2300
    9.9500    0.6264    0.4750    0.1514    0.9264    1.6459    3.6885    8.0679    2.2953   11.8120    4.3151    0.2570    0.9450    0.0060   -0.4700    0.2300
    9.9500    0.7264    0.4750    0.2514    0.9264    1.6908    3.6666    8.0677    2.2273   11.8781    4.3161    0.2570    0.9452    0.0060   -0.4700    0.2300
    9.9500    0.6273    0.4750    0.1523    0.9273    1.6466    3.6881    8.0679    2.2938   11.8131    4.3151    0.2570    0.9450    0.0060   -0.4700    0.2300
    9.9500    0.7274    0.4750    0.2524    0.9274    1.6911    3.6666    8.0677    2.2273   11.8784    4.3161    0.2570    0.9452    0.0060   -0.4700    0.2300
    9.9500    0.6283    0.4750    0.1533    0.9283    1.6472    3.6877    8.0679    2.2923   11.8142    4.3151    0.2570    0.9450    0.0060   -0.4700    0.2300
    9.9500    0.7284    0.4750    0.2534    0.9284    1.6914    3.6665    8.0677    2.2273   11.8787    4.3161    0.2570    0.9452    0.0060   -0.4700    0.2300
    9.9500    0.6293    0.4750    0.1543    0.9293    1.6478    3.6873    8.0679    2.2908   11.8153    4.3151    0.2570    0.9450    0.0060   -0.4700    0.2300
    9.9500    0.7293    0.4750    0.2543    0.9293    1.6917    3.6664    8.0677    2.2273   11.8790    4.3161    0.2570    0.9452    0.0060   -0.4700    0.2300
    9.9500    0.6303    0.4750    0.1553    0.9303    1.6484    3.6869    8.0679    2.2892   11.8164    4.3151    0.2570    0.9450    0.0060   -0.4700    0.2300
    9.9500    0.7303    0.4750    0.2553    0.9303    1.6920    3.6664    8.0677    2.2273   11.8793    4.3161    0.2570    0.9452    0.0060   -0.4700    0.2300
    9.9500    0.6313    0.4750    0.1563    0.9313    1.6490    3.6865    8.0679    2.2877   11.8175    4.3151    0.2570    0.9450    0.0060   -0.4700    0.2300
    9.9500    0.7313    0.4750    0.2563    0.9313    1.6923    3.6663    8.0677    2.2273   11.8796    4.3162    0.2570    0.9452    0.0060   -0.4700    0.2300
    9.9500    0.6322    0.4750    0.1572    0.9322    1.6497    3.6861    8.0679    2.2862   11.8186    4.3151    0.2570    0.9450    0.0060   -0.4700    0.2300
    9.9500    0.7323    0.4750    0.2573    0.9323    1.6926    3.6662    8.0677    2.2274   11.8799    4.3162    0.2570    0.9452    0.0060   -0.4700    0.2300
    9.9500    0.6332    0.4750    0.1582    0.9332    1.6503    3.6857    8.0679    2.2847   11.8197    4.3152    0.2570    0.9450    0.0060   -0.4700    0.2300
    9.9500    0.7333    0.4750    0.2583    0.9333    1.6929    3.6661    8.0677    2.2274   11.8801    4.3162    0.2570    0.9452    0.0060   -0.4700    0.2300
    9.9500    0.6342    0.4750    0.1592    0.9342    1.6509    3.6854    8.0679    2.2831   11.8208    4.3152    0.2570    0.9450    0.0060   -0.4700    0.2300
    9.9500    0.7342    0.4750    0.2592    0.9342    1.6931    3.6661    8.0677    2.2274   11.8804    4.3162    0.2570    0.9452    0.0060   -0.4700    0.2300
    9.9500    0.6352    0.4750    0.1602    0.9352    1.6515    3.6850    8.0679    2.2816   11.8219    4.3152    0.2570    0.9450    0.0060   -0.4700    0.2300
    9.9500    0.7352    0.4750    0.2602    0.9352    1.6934    3.6660    8.0677    2.2274   11.8807    4.3162    0.2570    0.9452    0.0060   -0.4700    0.2300
    9.9500    0.6362    0.4750    0.1612    0.9362    1.6522    3.6846    8.0679    2.2801   11.8230    4.3152    0.2570    0.9450    0.0060   -0.4700    0.2300
    9.9500    0.7362    0.4750    0.2612    0.9362    1.6937    3.6659    8.0677    2.2274   11.8810    4.3162    0.2570    0.9452    0.0060   -0.4700    0.2300
    9.9500    0.6371    0.4750    0.1621    0.9371    1.6528    3.6842    8.0679    2.2786   11.8241    4.3152    0.2570    0.9450    0.0060   -0.4700    0.2300
    9.9500    0.7372    0.4750    0.2622    0.9372    1.6940    3.6659    8.0677    2.2274   11.8813    4.3162    0.2570    0.9452    0.0060   -0.4700    0.2300
    9.9500    0.6381    0.4750    0.1631    0.9381    1.6534    3.6838    8.0679    2.2770   11.8252    4.3152    0.2570    0.9450    0.0060   -0.4700    0.2300
    9.9500    0.7382    0.4750    0.2632    0.9382    1.6943    3.6658    8.0677    2.2274   11.8816    4.3162    0.2570    0.9452    0.0060   -0.4700    0.2300
    9.9500    0.6391    0.4750    0.1641    0.9391    1.6540    3.6834    8.0679    2.2755   11.8263    4.3152    0.2570    0.9450    0.0060   -0.4700    0.2300
    9.9500    0.7391    0.4750    0.2641    0.9391    1.6946    3.6657    8.0677    2.2274   11.8818    4.3162    0.2570    0.9452    0.0060   -0.4700    0.2300
    9.9500    0.6401    0.4750    0.1651    0.9401    1.6546    3.6830    8.0679    2.2740   11.8274    4.3153    0.2570    0.9450    0.0060   -0.4700    0.2300
    9.9500    0.7401    0.4750    0.2651    0.9401    1.6949    3.6657    8.0677    2.2274   11.8821    4.3162    0.2570    0.9452    0.0060   -0.4700    0.2300
    9.9500    0.6411    0.4750    0.1661    0.9411    1.6553    3.6826    8.0679    2.2725   11.8285    4.3153    0.2570    0.9450    0.0060   -0.4700    0.2300
    9.9500    0.7411    0.4750    0.2661    0.9411    1.6952    3.6656    8.0677    2.2274   11.8824    4.3162    0.2570    0.9452    0.0060   -0.4700    0.2300
    9.9500    0.6420    0.4750    0.1670    0.9420    1.6614    3.6812    8.0685    2.2614   11.8344    4.3150    0.2570    0.9333    0.0060   -0.4700    0.2300
    9.9500    0.7421    0.4750    0.2671    0.9421    1.7081    3.6641    8.0691    2.2089   11.8919    4.3155    0.2570    0.9182    0.0060   -0.4700    0.2300
    9.9500    0.6430    0.4750    0.1680    0.9430    1.6620    3.6910    8.0860    2.3009   11.8150    4.2739    0.2570    0.6617    0.0060   -0.4700    0.2300
    9.9500    0.7431    0.4750    0.2681    0.9431    1.7078    3.6691    8.0875    2.2299   11.8817    4.2690    0.2570    0.6455    0.0060   -0.4700    0.2300
    9.9500    0.6440    0.4750    0.1690    0.9440    1.6471    3.7090    8.1073    2.3881   11.7716    4.2434    0.2570    0.4195    0.0060   -0.4700    0.2300
    9.9500    0.7441    0.4750    0.2691    0.9441    1.7043    3.6742    8.1103    2.2545   11.8697    4.2375    0.2570    0.3965    0.0060   -0.4700    0.2300
    9.9500    0.6450    0.4750    0.1700    0.9450    1.6921    3.7012    8.1564    2.3125   11.8098    4.2976    0.2570    0.1129    0.0060   -0.4700    0.2300
    9.9500    0.7450    0.4750    0.2700    0.9450    1.7705    3.6676    8.1705    2.1621   11.9162    4.3212    0.2570    0.0757    0.0060   -0.4700    0.2300
    9.9500    0.6460    0.4750    0.1710    0.9460    3.0296    3.5275    8.0415    0.2812   12.8257    5.9869    0.2570    0.0000    0.0060   -0.4700    0.2300
    9.9500    0.7460    0.4750    0.2710    0.9460    2.9610    3.5338    8.0663    0.4370   12.7789    5.9533    0.2570    0.0000    0.0060   -0.4700    0.2300
    9.9500    0.6470    0.4750    0.1720    0.9470    3.0417    3.5262    8.0399    0.2643   12.8345    5.9937    0.2570    0.0000    0.0060   -0.4700    0.2300
    9.9500    0.7470    0.4750    0.2720    0.9470    2.9684    3.5330    8.0652    0.4269   12.7843    5.9571    0.2570    0.0000    0.0060   -0.4700    0.2300
    9.9500    0.6479    0.4750    0.1729    0.9479    3.0537    3.5248    8.0382    0.2474   12.8433    6.0004    0.2570    0.0000    0.0060   -0.4700    0.2300
    9.9500    0.7480    0.4750    0.2730    0.9480    2.9758    3.5322    8.0641    0.4168   12.7896    5.9610    0.2570    0.0000    0.0060   -0.4700    0.2300
    9.9500    0.6489    0.4750    0.1739    0.9489    3.0658    3.5234    8.0365    0.2304   12.8521    6.0071    0.2570    0.0000    0.0060   -0.4700    0.2300
    9.9500    0.7490    0.4750    0.2740    0.9490    2.9832    3.5314    8.0630    0.4067   12.7950    5.9648    0.2570    0.0000    0.0060   -0.4700    0.2300
    9.9500    0.6499    0.4750    0.1749    0.9499    3.0779    3.5220    8.0348    0.2135   12.8609    6.0138    0.2570    0.0000    0.0060   -0.4700    0.2300
    9.9500    0.7499    0.4750    0.2749    0.9499    2.9906    3.5305    8.0618    0.3966   12.8003    5.9687    0.2570    0.0000    0.0060   -0.4700    0.2300
    9.9500    0.6509    0.4750    0.1759    0.9509    3.0899    3.5206    8.0331    0.1966   12.8698    6.0206    0.2570    0.0000    0.0060   -0.4700    0.2300
    9.9500    0.7509    0.4750    0.2759    0.9509    2.9979    3.5297    8.0607    0.3865   12.8056    5.9725    0.2570    0.0000    0.0060   -0.4700    0.2300
    9.9500    0.6519    0.4750    0.1769    0.9519    3.1020    3.5192    8.0314    0.1796   12.8786    6.0273    0.2570    0.0000    0.0060   -0.4700    0.2300
    9.9500    0.7519    0.4750    0.2769    0.9519    3.0053    3.5289    8.0596    0.3764   12.8110    5.9764    0.2570    0.0000    0.0060   -0.4700    0.2300
    9.9500    0.6528    0.4750    0.1778    0.9528    3.1141    3.5178    8.0298    0.1627   12.8874    6.0340    0.2570    0.0000    0.0060   -0.4700    0.2300
    9.9500    0.7529    0.4750    0.2779    0.9529    3.0127    3.5281    8.0585    0.3663   12.8163    5.9802    0.2570    0.0000    0.0060   -0.4700    0.2300
    9.9500    0.6538    0.4750    0.1788    0.9538    3.1261    3.5164    8.0281    0.1458   12.8962    6.0408    0.2570    0.0000    0.0060   -0.4700    0.2300
    9.9500    0.7539    0.4750    0.2789    0.9539    3.0201    3.5273    8.0573    0.3562   12.8217    5.9841    0.2570    0.0000    0.0060   -0.4700    0.2300
    9.9500    0.6548    0.4750    0.1798    0.9548    3.1382    3.5151    8.0264    0.1288   12.9050    6.0475    0.2570    0.0000    0.0060   -0.4700    0.2300
    9.9500    0.7548    0.4750    0.2798    0.9548    3.0275    3.5264    8.0562    0.3461   12.8270    5.9879    0.2570    0.0000    0.0060   -0.4700    0.2300
    9.9500    0.6558    0.4750    0.1808    0.9558    3.1502    3.5137    8.0247    0.1119   12.9138    6.0542    0.2570    0.0000    0.0060   -0.4700    0.2300
    9.9500    0.7558    0.4750    0.2808    0.9558    3.0349    3.5256    8.0551    0.3360   12.8323    5.9918    0.2570    0.0000    0.0060   -0.4700    0.2300
    9.9500    0.6568    0.4750    0.1818    0.9568    3.1623    3.5123    8.0230    0.0950   12.9226    6.0609    0.2570    0.0000    0.0060   -0.4700    0.2300
    9.9500    0.7568    0.4750    0.2818    0.9568    3.0423    3.5248    8.0540    0.3259   12.8377    5.9956    0.2570    0.0000    0.0060   -0.4700    0.2300
    9.9500    0.6577    0.4750    0.1827    0.9577    3.1744    3.5109    8.0214    0.0780   12.9314    6.0677    0.2570    0.0000    0.0060   -0.4700    0.2300
    9.9500    0.7578    0.4750    0.2828    0.9578    3.0497    3.5240    8.0528    0.3158   12.8430    5.9995    0.2570    0.0000    0.0060   -0.4700    0.2300
    9.9500    0.6587    0.4750    0.1837    0.9587    3.1864    3.5095    8.0197    0.0611   12.9402    6.0744    0.2570    0.0000    0.0060   -0.4700    0.2300
    9.9500    0.7588    0.4750    0.2838    0.9588    3.0571    3.5232    8.0517    0.3057   12.8484    6.0033    0.2570    0.0000    0.0060   -0.4700    0.2300
    9.9500    0.6597    0.4750    0.1847    0.9597    3.1985    3.5081    8.0180    0.0442   12.9490    6.0811    0.2570    0.0000    0.0060   -0.4700    0.2300
    9.9500    0.7597    0.4750    0.2847    0.9597    3.0645    3.5223    8.0506    0.2956   12.8537    6.0072    0.2570    0.0000    0.0060   -0.4700    0.2300
    9.9500    0.6607    0.4750    0.1857    0.9607    2.9338    3.5386    8.0741    0.4313   12.7558    5.9507    0.2570    0.0000    0.0060   -0.4700    0.2300
    9.9500    0.7607    0.4750    0.2857    0.9607    3.0719    3.5215    8.0495    0.2855   12.8590    6.0110    0.2570    0.0000    0.0060   -0.4700    0.2300
    9.9500    0.6617    0.4750    0.1867    0.9617    2.9399    3.5378    8.0728    0.4228   12.7604    5.9538    0.2570    0.0000    0.0060   -0.4700    0.2300
    9.9500    0.7617    0.4750    0.2867    0.9617    3.0793    3.5207    8.0483    0.2754   12.8644    6.0149    0.2570    0.0000    0.0060   -0.4700    0.2300
#   age       Mtot      Mc        Menv      Mini      logL      logT      logTc     logg      logR      logrhoc   Y         Yc        Z         FeH       OFe       
   10.0000    0.5910    0.4750    0.1160    0.8910    1.6115    3.7398    8.0680    2.5100   11.6922    4.3143    0.2570    0.9452    0.0060   -0.4700    0.2300
   10.0000    0.6911    0.4750    0.2161    0.8911    1.6795    3.6699    8.0678    2.2307   11.8658    4.3159    0.2570    0.9452    0.0060   -0.4700    0.2300
   10.0000    0.5920    0.4750    0.1170    0.8920    1.6135    3.7353    8.0680    2.4910   11.7021    4.3144    0.2570    0.9452    0.0060   -0.4700    0.2300
   10.0000    0.6921    0.4750    0.2171    0.8921    1.6799    3.6698    8.0678    2.2303   11.8664    4.3159    0.2570    0.9452    0.0060   -0.4700    0.2300
   10.0000    0.5930    0.4750    0.1180    0.8930    1.6154    3.7309    8.0680    2.4720   11.7119    4.3144    0.2570    0.9451    0.0060   -0.4700    0.2300
   10.0000    0.6930    0.4750    0.2180    0.8930    1.6803    3.6696    8.0678    2.2299   11.8669    4.3159    0.2570    0.9452    0.0060   -0.4700    0.2300
   10.0000    0.5940    0.4750    0.1190    0.8940    1.6173    3.7264    8.0680    2.4530   11.7218    4.3144    0.2570    0.9451    0.0060   -0.4700    0.2300
   10.0000    0.6940    0.4750    0.2190    0.8940    1.6807    3.6695    8.0678    2.2295   11.8674    4.3159    0.2570    0.9452    0.0060   -0.4700    0.2300
   10.0000    0.5950    0.4750    0.1200    0.8950    1.6193    3.7220    8.0680    2.4339   11.7317    4.3145    0.2570    0.9451    0.0060   -0.4700    0.2300
   10.0000    0.6950    0.4750    0.2200    0.8950    1.6811    3.6693    8.0678    2.2291   11.8679    4.3159    0.2570    0.9452    0.0060   -0.4700    0.2300
   10.0000    0.5959    0.4750    0.1209    0.8959    1.6212    3.7175    8.0680    2.4149   11.7416    4.3145    0.2570    0.9450    0.0060   -0.4700    0.2300
   10.0000    0.6960    0.4750    0.2210    0.8960    1.6815    3.6692    8.0678    2.2288   11.8684    4.3159    0.2570    0.9452    0.0060   -0.4700    0.2300
   10.0000    0.5969    0.4750    0.1219    0.8969    1.6232    3.7131    8.0680    2.3959   11.7515    4.3146    0.2570    0.9450    0.0060   -0.4700    0.2300
   10.0000    0.6970    0.4750    0.2220    0.8970    1.6819    3.6690    8.0678    2.2284   11.8689    4.3159    0.2570    0.9452    0.0060   -0.4700    0.2300
   10.0000    0.5979    0.4750    0.1229    0.8979    1.6251    3.7086    8.0680    2.3768   11.7614    4.3146    0.2570    0.9450    0.0060   -0.4700    0.2300
   10.0000    0.6980    0.4750    0.2230    0.8980    1.6822    3.6688    8.0678    2.2280   11.8694    4.3159    0.2570    0.9452    0.0060   -0.4700    0.2300
   10.0000    0.5989    0.4750    0.1239    0.8989    1.6270    3.7041    8.0680    2.3578   11.7712    4.3146    0.2570    0.9450    0.0060   -0.4700    0.2300
   10.0000    0.6989    0.4750    0.2239    0.8989    1.6826    3.6687    8.0678    2.2276   11.8699    4.3159    0.2570    0.9452    0.0060   -0.4700    0.2300
   10.0000    0.5999    0.4750    0.1249    0.8999    1.6290    3.6997    8.0680    2.3388   11.7811    4.3147    0.2570    0.9449    0.0060   -0.4700    0.2300
   10.0000    0.6999    0.4750    0.2249    0.8999    1.6830    3.6685    8.0678    2.2272   11.8704    4.3160    0.2570    0.9452    0.0060   -0.4700    0.2300
   10.0000    0.6009    0.4750    0.1259    0.9009    1.6298    3.6988    8.0680    2.3349   11.7834    4.3147    0.2570    0.9449    0.0060   -0.4700    0.2300
   10.0000    0.7009    0.4750    0.2259    0.9009    1.6833    3.6684    8.0678    2.2272   11.8707    4.3160    0.2570    0.9452    0.0060   -0.4700    0.2300
   10.0000    0.6018    0.4750    0.1268    0.9018    1.6304    3.6984    8.0680    2.3334   11.7845    4.3147    0.2570    0.9449    0.0060   -0.4700    0.2300
   10.0000    0.7019    0.4750    0.2269    0.9019    1.6836    3.6684    8.0678    2.2272   11.8710    4.3160    0.2570    0.9452    0.0060   -0.4700    0.2300
   10.0000    0.6028    0.4750    0.1278    0.9028    1.6310    3.6980    8.0680    2.3319   11.7856    4.3147    0.2570    0.9449    0.0060   -0.4700    0.2300
   10.0000    0.7029    0.4750    0.2279    0.9029    1.6839    3.6683    8.0678    2.2272   11.8713    4.3160    0.2570    0.9452    0.0060   -0.4700    0.2300
   10.0000    0.6038    0.4750    0.1288    0.9038    1.6316    3.6976    8.0680    2.3304   11.7867    4.3147    0.2570    0.9449    0.0060   -0.4700    0.2300
   10.0000    0.7038    0.4750    0.2288    0.9038    1.6842    3.6682    8.0678    2.2272   11.8716    4.3160    0.2570    0.9452    0.0060   -0.4700    0.2300
   10.0000    0.6048    0.4750    0.1298    0.9048    1.6323    3.6972    8.0680    2.3289   11.7878    4.3147    0.2570    0.9449    0.0060   -0.4700    0.2300
   10.0000    0.7048    0.4750    0.2298    0.9048    1.6845    3.6682    8.0678    2.2272   11.8719    4.3160    0.2570    0.9452    0.0060   -0.4700    0.2300
   10.0000    0.6058    0.4750    0.1308    0.9058    1.6329    3.6968    8.0680    2.3273   11.7889    4.3148    0.2570    0.9449    0.0060   -0.4700    0.2300
   10.0000    0.7058    0.4750    0.2308    0.9058    1.6848    3.6681    8.0678    2.2272   11.8722    4.3160    0.2570    0.9452    0.0060   -0.4700    0.2300
   10.0000    0.6067    0.4750    0.1317    0.9067    1.6598    3.6914    8.0718    2.2794   11.8132    4.3111    0.2570    0.8663    0.0060   -0.4700    0.2300
   10.0000    0.7068    0.4750    0.2318    0.9068    1.7113    3.6654    8.0727    2.1905   11.8908    4.3096    0.2570    0.8498    0.0060   -0.4700    0.2300
   10.0000    0.6077    0.4750    0.1327    0.9077    1.6222    3.7256    8.0926    2.4547   11.7259    4.2615    0.2570    0.5761    0.0060   -0.4700    0.2300
   10.0000    0.7078    0.4750    0.2328    0.9078    1.6915    3.6753    8.0947    2.2502   11.8612    4.2544    0.2570    0.5571    0.0060   -0.4700    0.2300
   10.0000    0.6087    0.4750    0.1337    0.9087    1.6152    3.7596    8.1240    2.5985   11.6543    4.2515    0.2570    0.2744    0.0060   -0.4700    0.2300
   10.0000    0.7087    0.4750    0.2337    0.9087    1.7008    3.6788    8.1306    2.2555   11.8588    4.2478    0.2570    0.2374    0.0060   -0.4700    0.2300
   10.0000    0.6097    0.4750    0.1347    0.9097    2.1832    3.6273    8.1438    1.5017   12.2030    5.3514    0.2570    0.0000    0.0060   -0.4700    0.2300
   10.0000    0.7097    0.4750    0.2347    0.9097    2.3790    3.5972    8.1361    1.2512   12.3612    5.5601    0.2570    0.0000    0.0060   -0.4700    0.2300
   10.0000    0.6107    0.4750    0.1357    0.9107    2.5954    3.5775    8.1021    0.8909   12.5088    5.7447    0.2570    0.0000    0.0060   -0.4700    0.2300
   10.0000    0.7107    0.4750    0.2357    0.9107    2.6946    3.5633    8.1069    0.8007   12.5867    5.8147    0.2570    0.0000    0.0060   -0.4700    0.2300
   10.0000    0.6116    0.4750    0.1366    0.9116    2.6074    3.5761    8.1004    0.8739   12.5176    5.7514    0.2570    0.0000    0.0060   -0.4700    0.2300
   10.0000    0.7117    0.4750    0.2367    0.9117    2.7020    3.5625    8.1058    0.7906   12.5921    5.8186    0.2570    0.0000    0.0060   -0.4700    0.2300
   10.0000    0.6126    0.4750    0.1376    0.9126    2.6195    3.5747    8.0987    0.8570   12.5264    5.7581    0.2570    0.0000    0.0060   -0.4700    0.2300
   10.0000    0.7127    0.4750    0.2377    0.9127    2.7094    3.5617    8.1046    0.7805   12.5974    5.8224    0.2570    0.0000    0.0060   -0.4700    0.2300
   10.0000    0.6136    0.4750    0.1386    0.9136    2.6316    3.5733    8.0971    0.8401   12.5352    5.7649    0.2570    0.0000    0.0060   -0.4700    0.2300
   10.0000    0.7136    0.4750    0.2386    0.9136    2.7168    3.5609    8.1035    0.7704   12.6028    5.8263    0.2570    0.0000    0.0060   -0.4700    0.2300
   10.0000    0.6146    0.4750    0.1396    0.9146    2.6436    3.5719    8.0954    0.8231   12.5440    5.7716    0.2570    0.0000    0.0060   -0.4700    0.2300
   10.0000    0.7146    0.4750    0.2396    0.9146    2.7242    3.5600    8.1024    0.7603   12.6081    5.8301    0.2570    0.0000    0.0060   -0.4700    0.2300
   10.0000    0.6156    0.4750    0.1406    0.9156    2.6557    3.5705    8.0937    0.8062   12.5528    5.7783    0.2570    0.0000    0.0060   -0.4700    0.2300
   10.0000    0.7156    0.4750    0.2406    0.9156    2.7316    3.5592    8.1013    0.7502   12.6134    5.8340    0.2570    0.0000    0.0060   -0.4700    0.2300
   10.0000    0.6165    0.4750    0.1415    0.9165    2.6678    3.5692    8.0920    0.7893   12.5616    5.7851    0.2570    0.0000    0.0060   -0.4700    0.2300
   10.0000    0.7166    0.4750    0.2416    0.9166    2.7390    3.5584    8.1001    0.7401   12.6188    5.8378    0.2570    0.0000    0.0060   -0.4700    0.2300
   10.0000    0.6175    0.4750    0.1425    0.9175    2.6798    3.5678    8.0903    0.7723   12.5704    5.7918    0.2570    0.0000    0.0060   -0.4700    0.2300
   10.0000    0.7176    0.4750    0.2426    0.9176    2.7464    3.5576    8.0990    0.7300   12.6241    5.8417    0.2570    0.0000    0.0060   -0.4700    0.2300
   10.0000    0.6185    0.4750    0.1435    0.9185    2.6919    3.5664    8.0886    0.7554   12.5792    5.7985    0.2570    0.0000    0.0060   -0.4700    0.2300
   10.0000    0.7186    0.4750    0.2436    0.9186    2.7538    3.5568    8.0979    0.7199   12.6294    5.8455    0.2570    0.0000    0.0060   -0.4700    0.2300
   10.0000    0.6195    0.4750    0.1445    0.9195    2.7039    3.5650    8.0870    0.7384   12.5880    5.8052    0.2570    0.0000    0.0060   -0.4700    0.2300
   10.0000    0.7195    0.4750    0.2445    0.9195    2.7612    3.5559    8.0968    0.7098   12.6348    5.8494    0.2570    0.0000    0.0060   -0.4700    0.2300
   10.0000    0.6205    0.4750    0.1455    0.9205    2.7160    3.5636    8.0853    0.7215   12.5968    5.8120    0.2570    0.0000    0.0060   -0.4700    0.2300
   10.0000    0.7205    0.4750    0.2455    0.9205    2.7686    3.5551    8.0956    0.6997   12.6401    5.8532    0.2570    0.0000    0.0060   -0.4700    0.2300
   10.0000    0.6214    0.4750    0.1464    0.9214    2.7281    3.5622    8.0836    0.7046   12.6056    5.8187    0.2570    0.0000    0.0060   -0.4700    0.2300
   10.0000    0.7215    0.4750    0.2465    0.9215    2.7760    3.5543    8.0945    0.6896   12.6455    5.8571    0.2570    0.0000    0.0060   -0.4700    0.2300
   10.0000    0.6224    0.4750    0.1474    0.9224    2.7401    3.5608    8.0819    0.6876   12.6144    5.8254    0.2570    0.0000    0.0060   -0.4700    0.2300
   10.0000    0.7225    0.4750    0.2475    0.9225    2.7834    3.5535    8.0934    0.6795   12.6508    5.8609    0.2570    0.0000    0.0060   -0.4700    0.2300
   10.0000    0.6234    0.4750    0.1484    0.9234    2.7522    3.5594    8.0802    0.6707   12.6232    5.8322    0.2570    0.0000    0.0060   -0.4700    0.2300
   10.0000    0.7235    0.4750    0.2485    0.9235    2.7908    3.5527    8.0923    0.6694   12.6561    5.8648    0.2570    0.0000    0.0060   -0.4700    0.2300
   10.0000    0.6244    0.4750    0.1494    0.9244    2.7643    3.5581    8.0785    0.6538   12.6320    5.8389    0.2570    0.0000    0.0060   -0.4700    0.2300
   10.0000    0.7244    0.4750    0.2494    0.9244    2.7982    3.5518    8.0911    0.6593   12.6615    5.8686    0.2570    0.0000    0.0060   -0.4700    0.2300
   10.0000    0.6254    0.4750    0.1504    0.9254    2.7763    3.5567    8.0769    0.6368   12.6408    5.8456    0.2570    0.0000    0.0060   -0.4700    0.2300
#   age       Mtot      Mc        Menv      Mini      logL      logT      logTc     logg      logR      logrhoc   Y         Yc        Z         FeH       OFe       
   10.0500    0.6568    0.4750    0.1818    0.8568    1.6652    3.6763    8.0679    2.2481   11.8461    4.3155    0.2570    0.9450    0.0060   -0.4700    0.2300
   10.0500    0.7568    0.4750    0.2818    0.8568    1.6998    3.6645    8.0677    2.2275   11.8870    4.3163    0.2570    0.9452    0.0060   -0.4700    0.2300
   10.0500    0.5577    0.4750    0.0827    0.8577    1.5367    3.9022    8.0682    3.2094   11.3300    4.3128    0.2570    0.9461    0.0060   -0.4700    0.2300
   10.0500    0.6577    0.4750    0.1827    0.8577    1.6658    3.6759    8.0679    2.2466   11.8472    4.3155    0.2570    0.9450    0.0060   -0.4700    0.2300
   10.0500    0.7578    0.4750    0.2828    0.8578    1.7001    3.6644    8.0677    2.2275   11.8873    4.3163    0.2570    0.9452    0.0060   -0.4700    0.2300
   10.0500    0.5587    0.4750    0.0837    0.8587    1.5424    3.8931    8.0682    3.1681   11.3510    4.3129    0.2570    0.9461    0.0060   -0.4700    0.2300
   10.0500    0.6587    0.4750    0.1837    0.8587    1.6665    3.6755    8.0679    2.2450   11.8483    4.3155    0.2570    0.9450    0.0060   -0.4700    0.2300
   10.0500    0.7588    0.4750    0.2838    0.8588    1.7004    3.6643    8.0677    2.2275   11.8876    4.3163    0.2570    0.9452    0.0060   -0.4700    0.2300
   10.0500    0.5597    0.4750    0.0847    0.8597    1.5482    3.8840    8.0681    3.1268   11.3720    4.3131    0.2570    0.9461    0.0060   -0.4700    0.2300
   10.0500    0.6597    0.4750    0.1847    0.8597    1.6671    3.6751    8.0679    2.2435   11.8494    4.3155    0.2570    0.9450    0.0060   -0.4700    0.2300
   10.0500    0.7597    0.4750    0.2847    0.8597    1.7007    3.6643    8.0677    2.2275   11.8878    4.3163    0.2570    0.9452    0.0060   -0.4700    0.2300
   10.0500    0.5606    0.4750    0.0856    0.8606    1.5514    3.8780    8.0681    3.1001   11.3858    4.3131    0.2570    0.9460    0.0060   -0.4700    0.2300
   10.0500    0.6607    0.4750    0.1857    0.8607    1.6675    3.6749    8.0679    2.2428   11.8501    4.3156    0.2570    0.9451    0.0060   -0.4700    0.2300
   10.0500    0.7607    0.4750    0.2857    0.8607    1.7010    3.6642    8.0677    2.2275   11.8881    4.3163    0.2570    0.9452    0.0060   -0.4700    0.2300
   10.0500    0.5616    0.4750    0.0866    0.8616    1.5534    3.8735    8.0681    3.0810   11.3957    4.3132    0.2570    0.9460    0.0060   -0.4700    0.2300
   10.0500    0.6617    0.4750    0.1867    0.8617    1.6679    3.6747    8.0679    2.2424   11.8506    4.3156    0.2570    0.9451    0.0060   -0.4700    0.2300
   10.0500    0.7617    0.4750    0.2867    0.8617    1.7012    3.6641    8.0677    2.2275   11.8884    4.3163    0.2570    0.9452    0.0060   -0.4700    0.2300
   10.0500    0.5626    0.4750    0.0876    0.8626    1.5553    3.8691    8.0681    3.0620   11.4056    4.3132    0.2570    0.9460    0.0060   -0.4700    0.2300
   10.0500    0.6626    0.4750    0.1876    0.8626    1.6683    3.6746    8.0679    2.2420   11.8511    4.3156    0.2570    0.9451    0.0060   -0.4700    0.2300
   10.0500    0.7627    0.4750    0.2877    0.8627    1.7015    3.6641    8.0677    2.2275   11.8887    4.3163    0.2570    0.9452    0.0060   -0.4700    0.2300
   10.0500    0.5636    0.4750    0.0886    0.8636    1.5573    3.8646    8.0681    3.0430   11.4155    4.3132    0.2570    0.9460    0.0060   -0.4700    0.2300
   10.0500    0.6636    0.4750    0.1886    0.8636    1.6687    3.6744    8.0679    2.2416   11.8516    4.3156    0.2570    0.9451    0.0060   -0.4700    0.2300
   10.0500    0.7637    0.4750    0.2887    0.8637    1.7018    3.6640    8.0677    2.2275   11.8890    4.3164    0.2570    0.9452    0.0060   -0.4700    0.2300
   10.0500    0.5646    0.4750    0.0896    0.8646    1.5592    3.8602    8.0681    3.0239   11.4253    4.3133    0.2570    0.9459    0.0060   -0.4700    0.2300
   10.0500    0.6646    0.4750    0.1896    0.8646    1.6691    3.6742    8.0679    2.2412   11.8521    4.3156    0.2570    0.9451    0.0060   -0.4700    0.2300
   10.0500    0.7646    0.4750    0.2896    0.8646    1.7021    3.6639    8.0677    2.2276   11.8893    4.3164    0.2570    0.9452    0.0060   -0.4700    0.2300
   10.0500    0.5655    0.4750    0.0905    0.8655    1.5611    3.8557    8.0681    3.0049   11.4352    4.3133    0.2570    0.9459    0.0060   -0.4700    0.2300
   10.0500    0.6656    0.4750    0.1906    0.8656    1.6695    3.6741    8.0679    2.2408   11.8526    4.3156    0.2570    0.9451    0.0060   -0.4700    0.2300
   10.0500    0.7656    0.4750    0.2906    0.8656    1.7024    3.6638    8.0677    2.2276   11.8895    4.3164    0.2570    0.9452    0.0060   -0.4700    0.2300
   10.0500    0.5665    0.4750    0.0915    0.8665    1.5631    3.8512    8.0681    2.9859   11.4451    4.3134    0.2570    0.9459    0.0060   -0.4700    0.2300
   10.0500    0.6666    0.4750    0.1916    0.8666    1.6699    3.6739    8.0679    2.2404   11.8531    4.3156    0.2570    0.9451    0.0060   -0.4700    0.2300
   10.0500    0.7666    0.4750    0.2916    0.8666    1.7027    3.6638    8.0677    2.2276   11.8898    4.3164    0.2570    0.9452    0.0060   -0.4700    0.2300
   10.0500    0.5675    0.4750    0.0925    0.8675    1.5650    3.8468    8.0681    2.9668   11.4550    4.3134    0.2570    0.9459    0.0060   -0.4700    0.2300
   10.0500    0.6675    0.4750    0.1925    0.8675    1.6702    3.6738    8.0679    2.2401   11.8536    4.3156    0.2570    0.9451    0.0060   -0.4700    0.2300
   10.0500    0.7676    0.4750    0.2926    0.8676    1.7030    3.6637    8.0677    2.2276   11.8901    4.3164    0.2570    0.9452    0.0060   -0.4700    0.2300
   10.0500    0.5685    0.4750    0.0935    0.8685    1.5669    3.8423    8.0681    2.9478   11.4649    4.3134    0.2570    0.9458    0.0060   -0.4700    0.2300
   10.0500    0.6685    0.4750    0.1935    0.8685    1.6706    3.6736    8.0679    2.2397   11.8541    4.3156    0.2570    0.9451    0.0060   -0.4700    0.2300
   10.0500    0.7686    0.4750    0.2936    0.8686    1.7033    3.6636    8.0677    2.2276   11.8904    4.3164    0.2570    0.9452    0.0060   -0.4700    0.2300
   10.0500    0.5695    0.4750    0.0945    0.8695    1.5689    3.8379    8.0681    2.9288   11.4748    4.3135    0.2570    0.9458    0.0060   -0.4700    0.2300
   10.0500    0.6695    0.4750    0.1945    0.8695    1.6710    3.6734    8.0679    2.2393   11.8547    4.3157    0.2570    0.9451    0.0060   -0.4700    0.2300
   10.0500    0.7696    0.4750    0.2946    0.8696    1.7036    3.6636    8.0677    2.2276   11.8907    4.3164    0.2570    0.9452    0.0060   -0.4700    0.2300
   10.0500    0.5704    0.4750    0.0954    0.8704    1.5708    3.8334    8.0681    2.9097   11.4846    4.3135    0.2570    0.9458    0.0060   -0.4700    0.2300
   10.0500    0.6705    0.4750    0.1955    0.8705    1.6714    3.6733    8.0679    2.2389   11.8552    4.3157    0.2570    0.9451    0.0060   -0.4700    0.2300
   10.0500    0.7705    0.4750    0.2955    0.8705    1.7038    3.6635    8.0677    2.2276   11.8910    4.3164    0.2570    0.9452    0.0060   -0.4700    0.2300
   10.0500    0.5714    0.4750    0.0964    0.8714    1.5728    3.8289    8.0681    2.8907   11.4945    4.3135    0.2570    0.9457    0.0060   -0.4700    0.2300
   10.0500    0.6715    0.4750    0.1965    0.8715    1.6718    3.6731    8.0678    2.2385   11.8557    4.3157    0.2570    0.9451    0.0060   -0.4700    0.2300
   10.0500    0.7715    0.4750    0.2965    0.8715    1.7041    3.6634    8.0677    2.2276   11.8913    4.3164    0.2570    0.9452    0.0060   -0.4700    0.2300
   10.0500    0.5724    0.4750    0.0974    0.8724    1.5748    3.8244    8.0681    2.8713   11.5046    4.3136    0.2570    0.9456    0.0060   -0.4700    0.2300
   10.0500    0.6725    0.4750    0.1975    0.8725    1.6821    3.6716    8.0689    2.2225   11.8639    4.3151    0.2570    0.9239    0.0060   -0.4700    0.2300
   10.0500    0.7725    0.4750    0.2975    0.8725    1.7241    3.6613    8.0698    2.1994   11.9056    4.3152    0.2570    0.9032    0.0060   -0.4700    0.2300
   10.0500    0.5734    0.4750    0.0984    0.8734    1.5495    3.8892    8.0911    3.1563   11.3623    4.2671    0.2570    0.5872    0.0060   -0.4700    0.2300
   10.0500    0.6734    0.4750    0.1984    0.8734    1.6762    3.6813    8.0936    2.2681   11.8415    4.2570    0.2570    0.5693    0.0060   -0.4700    0.2300
   10.0500    0.7735    0.4750    0.2985    0.8735    1.7164    3.6682    8.0956    2.2355   11.8878    4.2514    0.2570    0.5510    0.0060   -0.4700    0.2300
   10.0500    0.5744    0.4750    0.0994    0.8744    1.5522    3.9039    8.1273    3.2135   11.3342    4.2642    0.2570    0.2435    0.0060   -0.4700    0.2300
   10.0500    0.6744    0.4750    0.1994    0.8744    1.6901    3.6863    8.1389    2.2746   11.8385    4.2606    0.2570    0.1892    0.0060   -0.4700    0.2300
   10.0500    0.7745    0.4750    0.2995    0.8745    1.7469    3.6685    8.1482    2.2069   11.9024    4.2694    0.2570    0.1484    0.0060   -0.4700    0.2300
   10.0500    0.5754    0.4750    0.1004    0.8754    2.4956    3.5977    8.1040    1.0457   12.4185    5.6757    0.2570    0.0000    0.0060   -0.4700    0.2300
   10.0500    0.6754    0.4750    0.2004    0.8754    3.0260    3.5273    8.0554    0.3035   12.8244    5.9977    0.2570    0.0000    0.0060   -0.4700    0.2300
   10.0500    0.7754    0.4750    0.3004    0.8754    3.1829    3.5092    8.0326    0.1340   12.9391    6.0687    0.2570    0.0000    0.0060   -0.4700    0.2300
   10.0500    0.5763    0.4750    0.1013    0.8763    2.6758    3.5754    8.0769    0.7772   12.5531    5.7839    0.2570    0.0000    0.0060   -0.4700    0.2300
   10.0500    0.6764    0.4750    0.2014    0.8764    3.0322    3.5266    8.0542    0.2950   12.8290    6.0009    0.2570    0.0000    0.0060   -0.4700    0.2300
   10.0500    0.7764    0.4750    0.3014    0.8764    3.1903    3.5084    8.0314    0.1239   12.9445    6.0726    0.2570    0.0000    0.0060   -0.4700    0.2300
   10.0500    0.5773    0.4750    0.1023    0.8773    2.6950    3.5730    8.0746    0.7491   12.5675    5.7951    0.2570    0.0000    0.0060   -0.4700    0.2300
   10.0500    0.6774    0.4750    0.2024    0.8774    3.0383    3.5258    8.0530    0.2865   12.8336    6.0040    0.2570    0.0000    0.0060   -0.4700    0.2300
   10.0500    0.7774    0.4750    0.3024    0.8774    3.1977    3.5076    8.0303    0.1138   12.9498    6.0764    0.2570    0.0000    0.0060   -0.4700    0.2300
   10.0500    0.5783    0.4750    0.1033    0.8783    2.7142    3.5706    8.0722    0.7211   12.5818    5.8062    0.2570    0.0000    0.0060   -0.4700    0.2300
   10.0500    0.6783    0.4750    0.2033    0.8783    3.0445    3.5251    8.0517    0.2779   12.8381    6.0071    0.2570    0.0000    0.0060   -0.4700    0.2300
   10.0500    0.7784    0.4750    0.3034    0.8784    3.2051    3.5068    8.0292    0.1037   12.9551    6.0803    0.2570    0.0000    0.0060   -0.4700    0.2300
   10.0500    0.5793    0.4750    0.1043    0.8793    2.7335    3.5683    8.0699    0.6931   12.5962    5.8174    0.2570    0.0000    0.0060   -0.4700    0.2300
   10.0500    0.6793    0.4750    0.2043    0.8793    3.0506    3.5243    8.0505    0.2694   12.8427    6.0103    0.2570    0.0000    0.0060   -0.4700    0.2300
   10.0500    0.7794    0.4750    0.3044    0.8794    3.2125    3.5060    8.0280    0.0936   12.9605    6.0841    0.2570    0.0000    0.0060   -0.4700    0.2300
   10.0500    0.5803    0.4750    0.1053    0.8803    2.7527    3.5659    8.0675    0.6651   12.6106    5.8286    0.2570    0.0000    0.0060   -0.4700    0.2300
   10.0500    0.6803    0.4750    0.2053    0.8803    3.0568    3.5236    8.0492    0.2609   12.8473    6.0134    0.2570    0.0000    0.0060   -0.4700    0.2300
   10.0500    0.5812    0.4750    0.1062    0.8812    2.7719    3.5635    8.0652    0.6371   12.6250    5.8397    0.2570    0.0000    0.0060   -0.4700    0.2300
   10.0500    0.6813    0.4750    0.2063    0.8813    3.0629    3.5228    8.0480    0.2524   12.8519    6.0165    0.2570    0.0000    0.0060   -0.4700    0.2300
   10.0500    0.5822    0.4750    0.1072    0.8822    2.7912    3.5611    8.0628    0.6091   12.6393    5.8509    0.2570    0.0000    0.0060   -0.4700    0.2300
   10.0500    0.6823    0.4750    0.2073    0.8823    3.0691    3.5221    8.0467    0.2439   12.8564    6.0197    0.2570    0.0000    0.0060   -0.4700    0.2300
   10.0500    0.5832    0.4750    0.1082    0.8832    2.8104    3.5587    8.0605    0.5810   12.6537    5.8620    0.2570    0.0000    0.0060   -0.4700    0.2300
   10.0500    0.6832    0.4750    0.2082    0.8832    3.0752    3.5213    8.0455    0.2353   12.8610    6.0228    0.2570    0.0000    0.0060   -0.4700    0.2300
   10.0500    0.5842    0.4750    0.1092    0.8842    2.8296    3.5564    8.0581    0.5530   12.6681    5.8732    0.2570    0.0000    0.0060   -0.4700    0.2300
   10.0500    0.6842    0.4750    0.2092    0.8842    3.0814    3.5206    8.0443    0.2268   12.8656    6.0260    0.2570    0.0000    0.0060   -0.4700    0.2300
   10.0500    0.5852    0.4750    0.1102    0.8852    2.8489    3.5540    8.0558    0.5250   12.6825    5.8843    0.2570    0.0000    0.0060   -0.4700    0.2300
   10.0500    0.6852    0.4750    0.2102    0.8852    3.0875    3.5198    8.0430    0.2183   12.8702    6.0291    0.2570    0.0000    0.0060   -0.4700    0.2300
   10.0500    0.5861    0.4750    0.1111    0.8861    2.8681    3.5516    8.0535    0.4970   12.6968    5.8955    0.2570    0.0000    0.0060   -0.4700    0.2300
   10.0500    0.6862    0.4750    0.2112    0.8862    3.0937    3.5191    8.0418    0.2098   12.8747    6.0322    0.2570    0.0000    0.0060   -0.4700    0.2300
   10.0500    0.5871    0.4750    0.1121    0.8871    2.8873    3.5492    8.0511    0.4690   12.7112    5.9066    0.2570    0.0000    0.0060   -0.4700    0.2300
   10.0500    0.6872    0.4750    0.2122    0.8872    3.0998    3.5183    8.0405    0.2013   12.8793    6.0354    0.2570    0.0000    0.0060   -0.4700    0.2300
   10.0500    0.5881    0.4750    0.1131    0.8881    2.9066    3.5468    8.0488    0.4409   12.7256    5.9178    0.2570    0.0000    0.0060   -0.4700    0.2300
   10.0500    0.6881    0.4750    0.2131    0.8881    3.1060    3.5176    8.0393    0.1927   12.8839    6.0385    0.2570    0.0000    0.0060   -0.4700    0.2300
   10.0500    0.5891    0.4750    0.1141    0.8891    2.9258    3.5445    8.0464    0.4129   12.7400    5.9289    0.2570    0.0000    0.0060   -0.4700    0.2300
   10.0500    0.6891    0.4750    0.2141    0.8891    3.1121    3.5168    8.0380    0.1842   12.8884    6.0416    0.2570    0.0000    0.0060   -0.4700    0.2300
   10.0500    0.5901    0.4750    0.1151    0.8901    2.9450    3.5421    8.0441    0.3849   12.7543    5.9401    0.2570    0.0000    0.0060   -0.4700    0.2300
   10.0500    0.6901    0.4750    0.2151    0.8901    3.1183    3.5161    8.0368    0.1757   12.8930    6.0448    0.2570    0.0000    0.0060   -0.4700    0.2300
#   age       Mtot      Mc        Menv      Mini      logL      logT      logTc     logg      logR      logrhoc   Y         Yc        Z         FeH       OFe       
   10.1000    0.6244    0.4750    0.1494    0.8244    1.6447    3.6893    8.0679    2.2984   11.8098    4.3150    0.2570    0.9450    0.0060   -0.4700    0.2300
   10.1000    0.7244    0.4750    0.2494    0.8244    1.6903    3.6668    8.0677    2.2273   11.8776    4.3161    0.2570    0.9452    0.0060   -0.4700    0.2300
   10.1000    0.5253    0.4750    0.0503    0.8253    1.3062    4.1649    8.0684    4.4646   10.6894    4.3106    0.2570    0.9461    0.0060   -0.4700    0.2300
   10.1000    0.6254    0.4750    0.1504    0.8254    1.6453    3.6889    8.0679    2.2969   11.8109    4.3150    0.2570    0.9450    0.0060   -0.4700    0.2300
   10.1000    0.7254    0.4750    0.2504    0.8254    1.6905    3.6667    8.0677    2.2273   11.8779    4.3161    0.2570    0.9452    0.0060   -0.4700    0.2300
   10.1000    0.5263    0.4750    0.0513    0.8263    1.3146    4.1592    8.0684    4.4343   10.7049    4.3105    0.2570    0.9461    0.0060   -0.4700    0.2300
   10.1000    0.6264    0.4750    0.1514    0.8264    1.6459    3.6885    8.0679    2.2953   11.8120    4.3151    0.2570    0.9450    0.0060   -0.4700    0.2300
   10.1000    0.7264    0.4750    0.2514    0.8264    1.6908    3.6666    8.0677    2.2273   11.8781    4.3161    0.2570    0.9452    0.0060   -0.4700    0.2300
   10.1000    0.5273    0.4750    0.0523    0.8273    1.3230    4.1535    8.0684    4.4040   10.7205    4.3104    0.2570    0.9460    0.0060   -0.4700    0.2300
   10.1000    0.6273    0.4750    0.1523    0.8273    1.6466    3.6881    8.0679    2.2938   11.8131    4.3151    0.2570    0.9450    0.0060   -0.4700    0.2300
   10.1000    0.7274    0.4750    0.2524    0.8274    1.6911    3.6666    8.0677    2.2273   11.8784    4.3161    0.2570    0.9452    0.0060   -0.4700    0.2300
   10.1000    0.5283    0.4750    0.0533    0.8283    1.3313    4.1478    8.0684    4.3737   10.7360    4.3103    0.2570    0.9459    0.0060   -0.4700    0.2300
   10.1000    0.6283    0.4750    0.1533    0.8283    1.6472    3.6877    8.0679    2.2923   11.8142    4.3151    0.2570    0.9450    0.0060   -0.4700    0.2300
   10.1000    0.7284    0.4750    0.2534    0.8284    1.6914    3.6665    8.0677    2.2273   11.8787    4.3161    0.2570    0.9452    0.0060   -0.4700    0.2300
   10.1000    0.5293    0.4750    0.0543    0.8293    1.3397    4.1422    8.0684    4.3434   10.7516    4.3103    0.2570    0.9459    0.0060   -0.4700    0.2300
   10.1000    0.6293    0.4750    0.1543    0.8293    1.6478    3.6873    8.0679    2.2908   11.8153    4.3151    0.2570    0.9450    0.0060   -0.4700    0.2300
   10.1000    0.7293    0.4750    0.2543    0.8293    1.6917    3.6664    8.0677    2.2273   11.8790    4.3161    0.2570    0.9452    0.0060   -0.4700    0.2300
   10.1000    0.5302    0.4750    0.0552    0.8302    1.3481    4.1362    8.0684    4.3118   10.7678    4.3102    0.2570    0.9458    0.0060   -0.4700    0.2300
   10.1000    0.6303    0.4750    0.1553    0.8303    1.6484    3.6869    8.0679    2.2892   11.8164    4.3151    0.2570    0.9450    0.0060   -0.4700    0.2300
   10.1000    0.7303    0.4750    0.2553    0.8303    1.6920    3.6664    8.0677    2.2273   11.8793    4.3161    0.2570    0.9452    0.0060   -0.4700    0.2300
   10.1000    0.5312    0.4750    0.0562    0.8312    1.3567    4.1291    8.0684    4.2759   10.7861    4.3103    0.2570    0.9459    0.0060   -0.4700    0.2300
   10.1000    0.6313    0.4750    0.1563    0.8313    1.6490    3.6865    8.0679    2.2877   11.8175    4.3151    0.2570    0.9450    0.0060   -0.4700    0.2300
   10.1000    0.7313    0.4750    0.2563    0.8313    1.6923    3.6663    8.0677    2.2273   11.8796    4.3162    0.2570    0.9452    0.0060   -0.4700    0.2300
   10.1000    0.5322    0.4750    0.0572    0.8322    1.3652    4.1221    8.0684    4.2400   10.8045    4.3103    0.2570    0.9459    0.0060   -0.4700    0.2300
   10.1000    0.6322    0.4750    0.1572    0.8322    1.6497    3.6861    8.0679    2.2862   11.8186    4.3151    0.2570    0.9450    0.0060   -0.4700    0.2300
   10.1000    0.7323    0.4750    0.2573    0.8323    1.6926    3.6662    8.0677    2.2274   11.8799    4.3162    0.2570    0.9452    0.0060   -0.4700    0.2300
   10.1000    0.5332    0.4750    0.0582    0.8332    1.3737    4.1150    8.0684    4.2041   10.8228    4.3104    0.2570    0.9459    0.0060   -0.4700    0.2300
   10.1000    0.6332    0.4750    0.1582    0.8332    1.6503    3.6857    8.0679    2.2847   11.8197    4.3152    0.2570    0.9450    0.0060   -0.4700    0.2300
   10.1000    0.7333    0.4750    0.2583    0.8333    1.6929    3.6661    8.0677    2.2274   11.8801    4.3162    0.2570    0.9452    0.0060   -0.4700    0.2300
   10.1000    0.5342    0.4750    0.0592    0.8342    1.3823    4.1080    8.0684    4.1683   10.8412    4.3104    0.2570    0.9459    0.0060   -0.4700    0.2300
   10.1000    0.6342    0.4750    0.1592    0.8342    1.6509    3.6854    8.0679    2.2831   11.8208    4.3152    0.2570    0.9450    0.0060   -0.4700    0.2300
   10.1000    0.7342    0.4750    0.2592    0.8342    1.6931    3.6661    8.0677    2.2274   11.8804    4.3162    0.2570    0.9452    0.0060   -0.4700    0.2300
   10.1000    0.5351    0.4750    0.0601    0.8351    1.3908    4.1010    8.0684    4.1324   10.8595    4.3105    0.2570    0.9459    0.0060   -0.4700    0.2300
   10.1000    0.6352    0.4750    0.1602    0.8352    1.6515    3.6850    8.0679    2.2816   11.8219    4.3152    0.2570    0.9450    0.0060   -0.4700    0.2300
   10.1000    0.7352    0.4750    0.2602    0.8352    1.6934    3.6660    8.0677    2.2274   11.8807    4.3162    0.2570    0.9452    0.0060   -0.4700    0.2300
   10.1000    0.5361    0.4750    0.0611    0.8361    1.3993    4.0939    8.0684    4.0965   10.8778    4.3105    0.2570    0.9459    0.0060   -0.4700    0.2300
   10.1000    0.6362    0.4750    0.1612    0.8362    1.6522    3.6846    8.0679    2.2801   11.8230    4.3152    0.2570    0.9450    0.0060   -0.4700    0.2300
   10.1000    0.7362    0.4750    0.2612    0.8362    1.6937    3.6659    8.0677    2.2274   11.8810    4.3162    0.2570    0.9452    0.0060   -0.4700    0.2300
   10.1000    0.5371    0.4750    0.0621    0.8371    1.4079    4.0869    8.0684    4.0606   10.8962    4.3106    0.2570    0.9459    0.0060   -0.4700    0.2300
   10.1000    0.6371    0.4750    0.1621    0.8371    1.6528    3.6842    8.0679    2.2786   11.8241    4.3152    0.2570    0.9450    0.0060   -0.4700    0.2300
   10.1000    0.7372    0.4750    0.2622    0.8372    1.6940    3.6659    8.0677    2.2274   11.8813    4.3162    0.2570    0.9452    0.0060   -0.4700    0.2300
   10.1000    0.5381    0.4750    0.0631    0.8381    1.4164    4.0798    8.0684    4.0248   10.9145    4.3106    0.2570    0.9459    0.0060   -0.4700    0.2300
   10.1000    0.6381    0.4750    0.1631    0.8381    1.6534    3.6838    8.0679    2.2770   11.8252    4.3152    0.2570    0.9450    0.0060   -0.4700    0.2300
   10.1000    0.7382    0.4750    0.2632    0.8382    1.6943    3.6658    8.0677    2.2274   11.8816    4.3162    0.2570    0.9452    0.0060   -0.4700    0.2300
   10.1000    0.5391    0.4750    0.0641    0.8391    1.4250    4.0728    8.0684    3.9889   10.9328    4.3107    0.2570    0.9460    0.0060   -0.4700    0.2300
   10.1000    0.6391    0.4750    0.1641    0.8391    1.6540    3.6834    8.0679    2.2755   11.8263    4.3152    0.2570    0.9450    0.0060   -0.4700    0.2300
   10.1000    0.7391    0.4750    0.2641    0.8391    1.6946    3.6657    8.0677    2.2274   11.8818    4.3162    0.2570    0.9452    0.0060   -0.4700    0.2300
   10.1000    0.5400    0.4750    0.0650    0.8400    1.4592    4.0608    8.0804    3.9072   10.9740    4.2942    0.2570    0.7224    0.0060   -0.4700    0.2300
   10.1000    0.6401    0.4750    0.1651    0.8401    1.6637    3.6897    8.0829    2.2920   11.8185    4.2823    0.2570    0.7017    0.0060   -0.4700    0.2300
   10.1000    0.7401    0.4750    0.2651    0.8401    1.7083    3.6683    8.0846    2.2243   11.8836    4.2767    0.2570    0.6822    0.0060   -0.4700    0.2300
   10.1000    0.5410    0.4750    0.0660    0.8410    1.4409    4.0690    8.1096    3.9592   10.9485    4.2658    0.2570    0.3684    0.0060   -0.4700    0.2300
   10.1000    0.6411    0.4750    0.1661    0.8411    1.6467    3.7172    8.1201    2.4196   11.7549    4.2445    0.2570    0.3058    0.0060   -0.4700    0.2300
   10.1000    0.7411    0.4750    0.2661    0.8411    1.7101    3.6751    8.1264    2.2503   11.8710    4.2419    0.2570    0.2664    0.0060   -0.4700    0.2300
   10.1000    0.5420    0.4750    0.0670    0.8420    2.1322    3.6635    8.1437    1.6467   12.1051    5.3099    0.2570    0.0000    0.0060   -0.4700    0.2300
   10.1000    0.6420    0.4750    0.1670    0.8420    2.9814    3.5331    8.0483    0.3490   12.7905    5.9600    0.2570    0.0000    0.0060   -0.4700    0.2300
   10.1000    0.7421    0.4750    0.2671    0.8421    2.9314    3.5371    8.0709    0.4775   12.7576    5.9379    0.2570    0.0000    0.0060   -0.4700    0.2300
   10.1000    0.5430    0.4750    0.0680    0.8430    2.5066    3.6060    8.0904    1.0427   12.4075    5.7081    0.2570    0.0000    0.0060   -0.4700    0.2300
   10.1000    0.6430    0.4750    0.1680    0.8430    2.9934    3.5317    8.0466    0.3320   12.7993    5.9667    0.2570    0.0000    0.0060   -0.4700    0.2300
   10.1000    0.7431    0.4750    0.2681    0.8431    2.9388    3.5363    8.0697    0.4674   12.7629    5.9417    0.2570    0.0000    0.0060   -0.4700    0.2300
   10.1000    0.5440    0.4750    0.0690    0.8440    2.5420    3.6017    8.0859    0.9912   12.4336    5.7272    0.2570    0.0000    0.0060   -0.4700    0.2300
   10.1000    0.6440    0.4750    0.1690    0.8440    3.0055    3.5303    8.0449    0.3151   12.8081    5.9735    0.2570    0.0000    0.0060   -0.4700    0.2300
   10.1000    0.7441    0.4750    0.2691    0.8441    2.9462    3.5355    8.0686    0.4572   12.7683    5.9456    0.2570    0.0000    0.0060   -0.4700    0.2300
   10.1000    0.5449    0.4750    0.0699    0.8449    2.5774    3.5975    8.0815    0.9397   12.4597    5.7462    0.2570    0.0000    0.0060   -0.4700    0.2300
   10.1000    0.6450    0.4750    0.1700    0.8450    3.0176    3.5289    8.0432    0.2982   12.8169    5.9802    0.2570    0.0000    0.0060   -0.4700    0.2300
   10.1000    0.7450    0.4750    0.2700    0.8450    2.9536    3.5346    8.0675    0.4471   12.7736    5.9494    0.2570    0.0000    0.0060   -0.4700    0.2300
   10.1000    0.5459    0.4750    0.0709    0.8459    2.6129    3.5933    8.0770    0.8882   12.4859    5.7652    0.2570    0.0000    0.0060   -0.4700    0.2300
   10.1000    0.6460    0.4750    0.1710    0.8460    3.0296    3.5275    8.0415    0.2812   12.8257    5.9869    0.2570    0.0000    0.0060   -0.4700    0.2300
   10.1000    0.7460    0.4750    0.2710    0.8460    2.9610    3.5338    8.0663    0.4370   12.7789    5.9533    0.2570    0.0000    0.0060   -0.4700    0.2300
   10.1000    0.5469    0.4750    0.0719    0.8469    2.6483    3.5891    8.0725    0.8367   12.5120    5.7842    0.2570    0.0000    0.0060   -0.4700    0.2300
   10.1000    0.6470    0.4750    0.1720    0.8470    3.0417    3.5262    8.0399    0.2643   12.8345    5.9937    0.2570    0.0000    0.0060   -0.4700    0.2300
   10.1000    0.7470    0.4750    0.2720    0.8470    2.9684    3.5330    8.0652    0.4269   12.7843    5.9571    0.2570    0.0000    0.0060   -0.4700    0.2300
   10.1000    0.5479    0.4750    0.0729    0.8479    2.6838    3.5849    8.0680    0.7852   12.5381    5.8032    0.2570    0.0000    0.0060   -0.4700    0.2300
   10.1000    0.6479    0.4750    0.1729    0.8479    3.0537    3.5248    8.0382    0.2474   12.8433    6.0004    0.2570    0.0000    0.0060   -0.4700    0.2300
   10.1000    0.7480    0.4750    0.2730    0.8480    2.9758    3.5322    8.0641    0.4168   12.7896    5.9610    0.2570    0.0000    0.0060   -0.4700    0.2300
   10.1000    0.5489    0.4750    0.0739    0.8489    2.7192    3.5807    8.0635    0.7338   12.5643    5.8222    0.2570    0.0000    0.0060   -0.4700    0.2300
   10.1000    0.6489    0.4750    0.1739    0.8489    3.0658    3.5234    8.0365    0.2304   12.8521    6.0071    0.2570    0.0000    0.0060   -0.4700    0.2300
   10.1000    0.7490    0.4750    0.2740    0.8490    2.9832    3.5314    8.0630    0.4067   12.7950    5.9648    0.2570    0.0000    0.0060   -0.4700    0.2300
   10.1000    0.5499    0.4750    0.0749    0.8499    2.7546    3.5765    8.0591    0.6823   12.5904    5.8412    0.2570    0.0000    0.0060   -0.4700    0.2300
   10.1000    0.6499    0.4750    0.1749    0.8499    3.0779    3.5220    8.0348    0.2135   12.8609    6.0138    0.2570    0.0000    0.0060   -0.4700    0.2300
   10.1000    0.7499    0.4750    0.2749    0.8499    2.9906    3.5305    8.0618    0.3966   12.8003    5.9687    0.2570    0.0000    0.0060   -0.4700    0.2300
   10.1000    0.5508    0.4750    0.0758    0.8508    2.7901    3.5723    8.0546    0.6308   12.6165    5.8602    0.2570    0.0000    0.0060   -0.4700    0.2300
   10.1000    0.6509    0.4750    0.1759    0.8509    3.0899    3.5206    8.0331    0.1966   12.8698    6.0206    0.2570    0.0000    0.0060   -0.4700    0.2300
   10.1000    0.7509    0.4750    0.2759    0.8509    2.9979    3.5297    8.0607    0.3865   12.8056    5.9725    0.2570    0.0000    0.0060   -0.4700    0.2300
   10.1000    0.5518    0.4750    0.0768    0.8518    2.8255    3.5681    8.0501    0.5793   12.6427    5.8792    0.2570    0.0000    0.0060   -0.4700    0.2300
   10.1000    0.6519    0.4750    0.1769    0.8519    3.1020    3.5192    8.0314    0.1796   12.8786    6.0273    0.2570    0.0000    0.0060   -0.4700    0.2300
   10.1000    0.7519    0.4750    0.2769    0.8519    3.0053    3.5289    8.0596    0.3764   12.8110    5.9764    0.2570    0.0000    0.0060   -0.4700    0.2300
   10.1000    0.5528    0.4750    0.0778    0.8528    2.8609    3.5639    8.0456    0.5278   12.6688    5.8982    0.2570    0.0000    0.0060   -0.4700    0.2300
   10.1000    0.6528    0.4750    0.1778    0.8528    3.1141    3.5178    8.0298    0.1627   12.8874    6.0340    0.2570    0.0000    0.0060   -0.4700    0.2300
   10.1000    0.7529    0.4750    0.2779    0.8529    3.0127    3.5281    8.0585    0.3663   12.8163    5.9802    0.2570    0.0000    0.0060   -0.4700    0.2300
   10.1000    0.5538    0.4750    0.0788    0.8538    2.8964    3.5597    8.0411    0.4763   12.6949    5.9172    0.2570    0.0000    0.0060   -0.4700    0.2300
   10.1000    0.6538    0.4750    0.1788    0.8538    3.1261    3.5164    8.0281    0.1458   12.8962    6.0408    0.2570    0.0000    0.0060   -0.4700    0.2300
   10.1000    0.7539    0.4750    0.2789    0.8539    3.0201    3.5273    8.0573    0.3562   12.8217    5.9841    0.2570    0.0000    0.0060   -0.4700    0.2300
   10.1000    0.5548    0.4750    0.0798    0.8548    2.9318    3.5555    8.0367    0.4248   12.7211    5.9362    0.2570    0.0000    0.0060   -0.4700    0.2300
   10.1000    0.6548    0.4750    0.1798    0.8548    3.1382    3.5151    8.0264    0.1288   12.9050    6.0475    0.2570    0.0000    0.0060   -0.4700    0.2300
   10.1000    0.7548    0.4750    0.2798    0.8548    3.0275    3.5264    8.0562    0.3461   12.8270    5.9879    0.2570    0.0000    0.0060   -0.4700    0.2300
   10.1000    0.5557    0.4750    0.0807    0.8557    2.9673    3.5513    8.0322    0.3734   12.7472    5.9552    0.2570    0.0000    0.0060   -0.4700    0.2300
   10.1000    0.6558    0.4750    0.1808    0.8558    3.1502    3.5137    8.0247    0.1119   12.9138    6.0542    0.2570    0.0000    0.0060   -0.4700    0.2300
   10.1000    0.7558    0.4750    0.2808    0.8558    3.0349    3.5256    8.0551    0.3360   12.8323    5.9918    0.2570    0.0000    0.0060   -0.4700    0.2300
   10.1000    0.5567    0.4750    0.0817    0.8567    3.0027    3.5470    8.0277    0.3219   12.7733    5.9742    0.2570    0.0000    0.0060   -0.4700    0.2300
#   age       Mtot      Mc        Menv      Mini      logL      logT      logTc     logg      logR      logrhoc   Y         Yc        Z         FeH       OFe       
   10.1500    0.4939    0.4750    0.0189    0.7939    1.1702    4.3064    8.0668    5.1399   10.3384    4.3246    0.2570    0.9470    0.0060   -0.4700    0.2300
   10.1500    0.5940    0.4750    0.1190    0.7940    1.6173    3.7264    8.0680    2.4530   11.7218    4.3144    0.2570    0.9451    0.0060   -0.4700    0.2300
   10.1500    0.6940    0.4750    0.2190    0.7940    1.6807    3.6695    8.0678    2.2295   11.8674    4.3159    0.2570    0.9452    0.0060   -0.4700    0.2300
   10.1500    0.4949    0.4750    0.0199    0.7949    1.1724    4.3013    8.0669    5.1179   10.3498    4.3238    0.2570    0.9469    0.0060   -0.4700    0.2300
   10.1500    0.5950    0.4750    0.1200    0.7950    1.6193    3.7220    8.0680    2.4339   11.7317    4.3145    0.2570    0.9451    0.0060   -0.4700    0.2300
   10.1500    0.6950    0.4750    0.2200    0.7950    1.6811    3.6693    8.0678    2.2291   11.8679    4.3159    0.2570    0.9452    0.0060   -0.4700    0.2300
   10.1500    0.4959    0.4750    0.0209    0.7959    1.1747    4.2966    8.0670    5.0979   10.3602    4.3232    0.2570    0.9469    0.0060   -0.4700    0.2300
   10.1500    0.5959    0.4750    0.1209    0.7959    1.6212    3.7175    8.0680    2.4149   11.7416    4.3145    0.2570    0.9450    0.0060   -0.4700    0.2300
   10.1500    0.6960    0.4750    0.2210    0.7960    1.6815    3.6692    8.0678    2.2288   11.8684    4.3159    0.2570    0.9452    0.0060   -0.4700    0.2300
   10.1500    0.4969    0.4750    0.0219    0.7969    1.1770    4.2920    8.0670    5.0781   10.3705    4.3226    0.2570    0.9468    0.0060   -0.4700    0.2300
   10.1500    0.5969    0.4750    0.1219    0.7969    1.6232    3.7131    8.0680    2.3959   11.7515    4.3146    0.2570    0.9450    0.0060   -0.4700    0.2300
   10.1500    0.6970    0.4750    0.2220    0.7970    1.6819    3.6690    8.0678    2.2284   11.8689    4.3159    0.2570    0.9452    0.0060   -0.4700    0.2300
   10.1500    0.4979    0.4750    0.0229    0.7979    1.1794    4.2875    8.0671    5.0583   10.3809    4.3219    0.2570    0.9468    0.0060   -0.4700    0.2300
   10.1500    0.5979    0.4750    0.1229    0.7979    1.6251    3.7086    8.0680    2.3768   11.7614    4.3146    0.2570    0.9450    0.0060   -0.4700    0.2300
   10.1500    0.6980    0.4750    0.2230    0.7980    1.6822    3.6688    8.0678    2.2280   11.8694    4.3159    0.2570    0.9452    0.0060   -0.4700    0.2300
   10.1500    0.4988    0.4750    0.0238    0.7988    1.1817    4.2829    8.0672    5.0385   10.3912    4.3213    0.2570    0.9467    0.0060   -0.4700    0.2300
   10.1500    0.5989    0.4750    0.1239    0.7989    1.6270    3.7041    8.0680    2.3578   11.7712    4.3146    0.2570    0.9450    0.0060   -0.4700    0.2300
   10.1500    0.6989    0.4750    0.2239    0.7989    1.6826    3.6687    8.0678    2.2276   11.8699    4.3159    0.2570    0.9452    0.0060   -0.4700    0.2300
   10.1500    0.4998    0.4750    0.0248    0.7998    1.1840    4.2783    8.0672    5.0186   10.4015    4.3206    0.2570    0.9467    0.0060   -0.4700    0.2300
   10.1500    0.5999    0.4750    0.1249    0.7999    1.6290    3.6997    8.0680    2.3388   11.7811    4.3147    0.2570    0.9449    0.0060   -0.4700    0.2300
   10.1500    0.6999    0.4750    0.2249    0.7999    1.6830    3.6685    8.0678    2.2272   11.8704    4.3160    0.2570    0.9452    0.0060   -0.4700    0.2300
   10.1500    0.5008    0.4750    0.0258    0.8008    1.1865    4.2743    8.0673    5.0010   10.4107    4.3200    0.2570    0.9467    0.0060   -0.4700    0.2300
   10.1500    0.6009    0.4750    0.1259    0.8009    1.6298    3.6988    8.0680    2.3349   11.7834    4.3147    0.2570    0.9449    0.0060   -0.4700    0.2300
   10.1500    0.7009    0.4750    0.2259    0.8009    1.6833    3.6684    8.0678    2.2272   11.8707    4.3160    0.2570    0.9452    0.0060   -0.4700    0.2300
   10.1500    0.5018    0.4750    0.0268    0.8018    1.1891    4.2704    8.0674    4.9838   10.4198    4.3195    0.2570    0.9466    0.0060   -0.4700    0.2300
   10.1500    0.6018    0.4750    0.1268    0.8018    1.6304    3.6984    8.0680    2.3334   11.7845    4.3147    0.2570    0.9449    0.0060   -0.4700    0.2300
   10.1500    0.7019    0.4750    0.2269    0.8019    1.6836    3.6684    8.0678    2.2272   11.8710    4.3160    0.2570    0.9452    0.0060   -0.4700    0.2300
   10.1500    0.5028    0.4750    0.0278    0.8028    1.1916    4.2665    8.0674    4.9667   10.4288    4.3189    0.2570    0.9466    0.0060   -0.4700    0.2300
   10.1500    0.6028    0.4750    0.1278    0.8028    1.6310    3.6980    8.0680    2.3319   11.7856    4.3147    0.2570    0.9449    0.0060   -0.4700    0.2300
   10.1500    0.7029    0.4750    0.2279    0.8029    1.6839    3.6683    8.0678    2.2272   11.8713    4.3160    0.2570    0.9452    0.0060   -0.4700    0.2300
   10.1500    0.5038    0.4750    0.0288    0.8038    1.1942    4.2627    8.0675    4.9495   10.4378    4.3184    0.2570    0.9466    0.0060   -0.4700    0.2300
   10.1500    0.6038    0.4750    0.1288    0.8038    1.6316    3.6976    8.0680    2.3304   11.7867    4.3147    0.2570    0.9449    0.0060   -0.4700    0.2300
   10.1500    0.7038    0.4750    0.2288    0.8038    1.6842    3.6682    8.0678    2.2272   11.8716    4.3160    0.2570    0.9452    0.0060   -0.4700    0.2300
   10.1500    0.5047    0.4750    0.0297    0.8047    1.1968    4.2588    8.0676    4.9323   10.4468    4.3178    0.2570    0.9465    0.0060   -0.4700    0.2300
   10.1500    0.6048    0.4750    0.1298    0.8048    1.6323    3.6972    8.0680    2.3289   11.7878    4.3147    0.2570    0.9449    0.0060   -0.4700    0.2300
   10.1500    0.7048    0.4750    0.2298    0.8048    1.6845    3.6682    8.0678    2.2272   11.8719    4.3160    0.2570    0.9452    0.0060   -0.4700    0.2300
   10.1500    0.5057    0.4750    0.0307    0.8057    1.1993    4.2550    8.0677    4.9151   10.4558    4.3173    0.2570    0.9465    0.0060   -0.4700    0.2300
   10.1500    0.6058    0.4750    0.1308    0.8058    1.6329    3.6968    8.0680    2.3273   11.7889    4.3148    0.2570    0.9449    0.0060   -0.4700    0.2300
   10.1500    0.7058    0.4750    0.2308    0.8058    1.6848    3.6681    8.0678    2.2272   11.8722    4.3160    0.2570    0.9452    0.0060   -0.4700    0.2300
   10.1500    0.5067    0.4750    0.0317    0.8067    1.2019    4.2511    8.0678    4.8979   10.4648    4.3168    0.2570    0.9465    0.0060   -0.4700    0.2300
   10.1500    0.6067    0.4750    0.1317    0.8067    1.6335    3.6964    8.0680    2.3258   11.7900    4.3148    0.2570    0.9449    0.0060   -0.4700    0.2300
   10.1500    0.7068    0.4750    0.2318    0.8068    1.6851    3.6680    8.0678    2.2272   11.8724    4.3160    0.2570    0.9452    0.0060   -0.4700    0.2300
   10.1500    0.5077    0.4750    0.0327    0.8077    1.2044    4.2472    8.0678    4.8808   10.4739    4.3162    0.2570    0.9464    0.0060   -0.4700    0.2300
   10.1500    0.6077    0.4750    0.1327    0.8077    1.6341    3.6960    8.0680    2.3243   11.7911    4.3148    0.2570    0.9449    0.0060   -0.4700    0.2300
   10.1500    0.7078    0.4750    0.2328    0.8078    1.6853    3.6680    8.0678    2.2272   11.8727    4.3160    0.2570    0.9452    0.0060   -0.4700    0.2300
   10.1500    0.5087    0.4750    0.0337    0.8087    1.2788    4.2162    8.0865    4.6834   10.5730    4.2923    0.2570    0.6127    0.0060   -0.4700    0.2300
   10.1500    0.6087    0.4750    0.1337    0.8087    1.6226    3.7256    8.0930    2.4548   11.7262    4.2608    0.2570    0.5716    0.0060   -0.4700    0.2300
   10.1500    0.7087    0.4750    0.2337    0.8087    1.6914    3.6755    8.0958    2.2517   11.8607    4.2526    0.2570    0.5451    0.0060   -0.4700    0.2300
   10.1500    0.5096    0.4750    0.0346    0.8096    1.3999    4.1763    8.1324    4.4032   10.7135    4.3093    0.2570    0.1869    0.0060   -0.4700    0.2300
   10.1500    0.6097    0.4750    0.1347    0.8097    1.7070    3.7156    8.1785    2.3311   11.7883    4.3588    0.2570    0.0550    0.0060   -0.4700    0.2300
   10.1500    0.7097    0.4750    0.2347    0.8097    1.9089    3.6513    8.2240    1.9379   12.0179    4.5120    0.2570    0.0110    0.0060   -0.4700    0.2300
   10.1500    0.5100    0.4750    0.0350    0.8100   -0.9177    4.4352    7.6697    7.7568    9.0368    6.2743    0.2570    0.0000    0.0060   -0.4700    0.2300
   10.1500    0.5106    0.4750    0.0356    0.8106    0.7248    4.7847    7.9429    7.5130    9.1590    6.1704    0.2570    0.0000    0.0060   -0.4700    0.2300
   10.1500    0.6107    0.4750    0.1357    0.8107    2.5954    3.5775    8.1021    0.8909   12.5088    5.7447    0.2570    0.0000    0.0060   -0.4700    0.2300
   10.1500    0.7107    0.4750    0.2357    0.8107    2.6946    3.5633    8.1069    0.8007   12.5867    5.8147    0.2570    0.0000    0.0060   -0.4700    0.2300
   10.1500    0.5116    0.4750    0.0366    0.8116    0.5945    4.7580    7.9172    7.5374    9.1472    6.1927    0.2570    0.0000    0.0060   -0.4700    0.2300
   10.1500    0.6116    0.4750    0.1366    0.8116    2.6074    3.5761    8.1004    0.8739   12.5176    5.7514    0.2570    0.0000    0.0060   -0.4700    0.2300
   10.1500    0.7117    0.4750    0.2367    0.8117    2.7020    3.5625    8.1058    0.7906   12.5921    5.8186    0.2570    0.0000    0.0060   -0.4700    0.2300
   10.1500    0.5126    0.4750    0.0376    0.8126    0.4643    4.7313    7.8914    7.5617    9.1354    6.2150    0.2570    0.0000    0.0060   -0.4700    0.2300
   10.1500    0.6126    0.4750    0.1376    0.8126    2.6195    3.5747    8.0987    0.8570   12.5264    5.7581    0.2570    0.0000    0.0060   -0.4700    0.2300
   10.1500    0.7127    0.4750    0.2377    0.8127    2.7094    3.5617    8.1046    0.7805   12.5974    5.8224    0.2570    0.0000    0.0060   -0.4700    0.2300
   10.1500    0.5136    0.4750    0.0386    0.8136    0.3340    4.7047    7.8656    7.5861    9.1237    6.2373    0.2570    0.0000    0.0060   -0.4700    0.2300
   10.1500    0.6136    0.4750    0.1386    0.8136    2.6316    3.5733    8.0971    0.8401   12.5352    5.7649    0.2570    0.0000    0.0060   -0.4700    0.2300
   10.1500    0.7136    0.4750    0.2386    0.8136    2.7168    3.5609    8.1035    0.7704   12.6028    5.8263    0.2570    0.0000    0.0060   -0.4700    0.2300
   10.1500    0.5145    0.4750    0.0395    0.8145    0.2038    4.6780    7.8399    7.6105    9.1119    6.2596    0.2570    0.0000    0.0060   -0.4700    0.2300
   10.1500    0.6146    0.4750    0.1396    0.8146    2.6436    3.5719    8.0954    0.8231   12.5440    5.7716    0.2570    0.0000    0.0060   -0.4700    0.2300
   10.1500    0.7146    0.4750    0.2396    0.8146    2.7242    3.5600    8.1024    0.7603   12.6081    5.8301    0.2570    0.0000    0.0060   -0.4700    0.2300
   10.1500    0.5155    0.4750    0.0405    0.8155    0.0735    4.6513    7.8141    7.6349    9.1001    6.2819    0.2570    0.0000    0.0060   -0.4700    0.2300
   10.1500    0.6156    0.4750    0.1406    0.8156    2.6557    3.5705    8.0937    0.8062   12.5528    5.7783    0.2570    0.0000    0.0060   -0.4700    0.2300
   10.1500    0.7156    0.4750    0.2406    0.8156    2.7316    3.5592    8.1013    0.7502   12.6134    5.8340    0.2570    0.0000    0.0060   -0.4700    0.2300
   10.1500    0.5165    0.4750    0.0415    0.8165   -0.0568    4.6247    7.7883    7.6592    9.0884    6.3042    0.2570    0.0000    0.0060   -0.4700    0.2300
   10.1500    0.6165    0.4750    0.1415    0.8165    2.6678    3.5692    8.0920    0.7893   12.5616    5.7851    0.2570    0.0000    0.0060   -0.4700    0.2300
   10.1500    0.7166    0.4750    0.2416    0.8166    2.7390    3.5584    8.1001    0.7401   12.6188    5.8378    0.2570    0.0000    0.0060   -0.4700    0.2300
   10.1500    0.5175    0.4750    0.0425    0.8175   -0.1870    4.5980    7.7625    7.6836    9.0766    6.3265    0.2570    0.0000    0.0060   -0.4700    0.2300
   10.1500    0.6175    0.4750    0.1425    0.8175    2.6798    3.5678    8.0903    0.7723   12.5704    5.7918    0.2570    0.0000    0.0060   -0.4700    0.2300
   10.1500    0.7176    0.4750    0.2426    0.8176    2.7464    3.5576    8.0990    0.7300   12.6241    5.8417    0.2570    0.0000    0.0060   -0.4700    0.2300
   10.1500    0.5185    0.4750    0.0435    0.8185   -0.3173    4.5713    7.7368    7.7080    9.0648    6.3488    0.2570    0.0000    0.0060   -0.4700    0.2300
   10.1500    0.6185    0.4750    0.1435    0.8185    2.6919    3.5664    8.0886    0.7554   12.5792    5.7985    0.2570    0.0000    0.0060   -0.4700    0.2300
   10.1500    0.7186    0.4750    0.2436    0.8186    2.7538    3.5568    8.0979    0.7199   12.6294    5.8455    0.2570    0.0000    0.0060   -0.4700    0.2300
   10.1500    0.5194    0.4750    0.0444    0.8194   -0.4476    4.5446    7.7110    7.7324    9.0530    6.3712    0.2570    0.0000    0.0060   -0.4700    0.2300
   10.1500    0.6195    0.4750    0.1445    0.8195    2.7039    3.5650    8.0870    0.7384   12.5880    5.8052    0.2570    0.0000    0.0060   -0.4700    0.2300
   10.1500    0.7195    0.4750    0.2445    0.8195    2.7612    3.5559    8.0968    0.7098   12.6348    5.8494    0.2570    0.0000    0.0060   -0.4700    0.2300
   10.1500    0.5204    0.4750    0.0454    0.8204    0.8663    4.8191    7.9564    7.5172    9.1610    6.2026    0.2570    0.0000    0.0060   -0.4700    0.2300
   10.1500    0.6205    0.4750    0.1455    0.8205    2.7160    3.5636    8.0853    0.7215   12.5968    5.8120    0.2570    0.0000    0.0060   -0.4700    0.2300
   10.1500    0.7205    0.4750    0.2455    0.8205    2.7686    3.5551    8.0956    0.6997   12.6401    5.8532    0.2570    0.0000    0.0060   -0.4700    0.2300
   10.1500    0.5214    0.4750    0.0464    0.8214    0.7817    4.8034    7.9407    7.5400    9.1501    6.2588    0.2570    0.0000    0.0060   -0.4700    0.2300
   10.1500    0.6214    0.4750    0.1464    0.8214    2.7281    3.5622    8.0836    0.7046   12.6056    5.8187    0.2570    0.0000    0.0060   -0.4700    0.2300
   10.1500    0.7215    0.4750    0.2465    0.8215    2.7760    3.5543    8.0945    0.6896   12.6455    5.8571    0.2570    0.0000    0.0060   -0.4700    0.2300
   10.1500    0.5224    0.4750    0.0474    0.8224    0.6971    4.7878    7.9250    7.5627    9.1391    6.3150    0.2570    0.0000    0.0060   -0.4700    0.2300
   10.1500    0.6224    0.4750    0.1474    0.8224    2.7401    3.5608    8.0819    0.6876   12.6144    5.8254    0.2570    0.0000    0.0060   -0.4700    0.2300
   10.1500    0.7225    0.4750    0.2475    0.8225    2.7834    3.5535    8.0934    0.6795   12.6508    5.8609    0.2570    0.0000    0.0060   -0.4700    0.2300
   10.1500    0.5234    0.4750    0.0484    0.8234    0.6125    4.7721    7.9093    7.5855    9.1281    6.3711    0.2570    0.0000    0.0060   -0.4700    0.2300
   10.1500    0.6234    0.4750    0.1484    0.8234    2.7522    3.5594    8.0802    0.6707   12.6232    5.8322    0.2570    0.0000    0.0060   -0.4700    0.2300
   10.1500    0.7235    0.4750    0.2485    0.8235    2.7908    3.5527    8.0923    0.6694   12.6561    5.8648    0.2570    0.0000    0.0060   -0.4700    0.2300
   10.1500    0.5243    0.4750    0.0493    0.8243    0.5279    4.7564    7.8936    7.6083    9.1171    6.4273    0.2570    0.0000    0.0060   -0.4700    0.2300
#   age       Mtot      Mc        Menv      Mini      logL      logT      logTc     logg      logR      logrhoc   Y         Yc        Z         FeH       OFe       
   10.2000    0.5636    0.4750    0.0886    0.7636    1.5573    3.8646    8.0681    3.0430   11.4155    4.3132    0.2570    0.9460    0.0060   -0.4700    0.2300
   10.2000    0.6636    0.4750    0.1886    0.7636    1.6687    3.6744    8.0679    2.2416   11.8516    4.3156    0.2570    0.9451    0.0060   -0.4700    0.2300
   10.2000    0.5646    0.4750    0.0896    0.7646    1.5592    3.8602    8.0681    3.0239   11.4253    4.3133    0.2570    0.9459    0.0060   -0.4700    0.2300
   10.2000    0.6646    0.4750    0.1896    0.7646    1.6691    3.6742    8.0679    2.2412   11.8521    4.3156    0.2570    0.9451    0.0060   -0.4700    0.2300
   10.2000    0.5655    0.4750    0.0905    0.7655    1.5611    3.8557    8.0681    3.0049   11.4352    4.3133    0.2570    0.9459    0.0060   -0.4700    0.2300
   10.2000    0.6656    0.4750    0.1906    0.7656    1.6695    3.6741    8.0679    2.2408   11.8526    4.3156    0.2570    0.9451    0.0060   -0.4700    0.2300
   10.2000    0.5665    0.4750    0.0915    0.7665    1.5631    3.8512    8.0681    2.9859   11.4451    4.3134    0.2570    0.9459    0.0060   -0.4700    0.2300
   10.2000    0.6666    0.4750    0.1916    0.7666    1.6699    3.6739    8.0679    2.2404   11.8531    4.3156    0.2570    0.9451    0.0060   -0.4700    0.2300
   10.2000    0.5675    0.4750    0.0925    0.7675    1.5650    3.8468    8.0681    2.9668   11.4550    4.3134    0.2570    0.9459    0.0060   -0.4700    0.2300
   10.2000    0.6675    0.4750    0.1925    0.7675    1.6702    3.6738    8.0679    2.2401   11.8536    4.3156    0.2570    0.9451    0.0060   -0.4700    0.2300
   10.2000    0.5685    0.4750    0.0935    0.7685    1.5669    3.8423    8.0681    2.9478   11.4649    4.3134    0.2570    0.9458    0.0060   -0.4700    0.2300
   10.2000    0.6685    0.4750    0.1935    0.7685    1.6706    3.6736    8.0679    2.2397   11.8541    4.3156    0.2570    0.9451    0.0060   -0.4700    0.2300
   10.2000    0.5695    0.4750    0.0945    0.7695    1.5689    3.8379    8.0681    2.9288   11.4748    4.3135    0.2570    0.9458    0.0060   -0.4700    0.2300
   10.2000    0.6695    0.4750    0.1945    0.7695    1.6710    3.6734    8.0679    2.2393   11.8547    4.3157    0.2570    0.9451    0.0060   -0.4700    0.2300
   10.2000    0.5704    0.4750    0.0954    0.7704    1.5708    3.8334    8.0681    2.9097   11.4846    4.3135    0.2570    0.9458    0.0060   -0.4700    0.2300
   10.2000    0.6705    0.4750    0.1955    0.7705    1.6714    3.6733    8.0679    2.2389   11.8552    4.3157    0.2570    0.9451    0.0060   -0.4700    0.2300
   10.2000    0.5714    0.4750    0.0964    0.7714    1.5728    3.8289    8.0681    2.8907   11.4945    4.3135    0.2570    0.9457    0.0060   -0.4700    0.2300
   10.2000    0.6715    0.4750    0.1965    0.7715    1.6718    3.6731    8.0678    2.2385   11.8557    4.3157    0.2570    0.9451    0.0060   -0.4700    0.2300
   10.2000    0.5724    0.4750    0.0974    0.7724    1.5747    3.8245    8.0681    2.8717   11.5044    4.3136    0.2570    0.9457    0.0060   -0.4700    0.2300
   10.2000    0.6725    0.4750    0.1975    0.7725    1.6722    3.6730    8.0678    2.2381   11.8562    4.3157    0.2570    0.9451    0.0060   -0.4700    0.2300
   10.2000    0.5734    0.4750    0.0984    0.7734    1.5766    3.8200    8.0681    2.8526   11.5143    4.3136    0.2570    0.9457    0.0060   -0.4700    0.2300
   10.2000    0.6734    0.4750    0.1984    0.7734    1.6726    3.6728    8.0678    2.2377   11.8567    4.3157    0.2570    0.9451    0.0060   -0.4700    0.2300
   10.2000    0.5744    0.4750    0.0994    0.7744    1.5786    3.8156    8.0681    2.8336   11.5242    4.3137    0.2570    0.9457    0.0060   -0.4700    0.2300
   10.2000    0.6744    0.4750    0.1994    0.7744    1.6730    3.6726    8.0678    2.2373   11.8572    4.3157    0.2570    0.9451    0.0060   -0.4700    0.2300
   10.2000    0.5754    0.4750    0.1004    0.7754    1.5805    3.8111    8.0681    2.8146   11.5340    4.3137    0.2570    0.9456    0.0060   -0.4700    0.2300
   10.2000    0.6754    0.4750    0.2004    0.7754    1.6733    3.6725    8.0678    2.2369   11.8577    4.3157    0.2570    0.9451    0.0060   -0.4700    0.2300
   10.2000    0.5763    0.4750    0.1013    0.7763    1.5825    3.8067    8.0681    2.7955   11.5439    4.3137    0.2570    0.9456    0.0060   -0.4700    0.2300
   10.2000    0.6764    0.4750    0.2014    0.7764    1.6737    3.6723    8.0678    2.2365   11.8582    4.3157    0.2570    0.9451    0.0060   -0.4700    0.2300
   10.2000    0.5773    0.4750    0.1023    0.7773    1.5844    3.8022    8.0681    2.7765   11.5538    4.3138    0.2570    0.9456    0.0060   -0.4700    0.2300
   10.2000    0.6774    0.4750    0.2024    0.7774    1.6741    3.6722    8.0678    2.2362   11.8587    4.3157    0.2570    0.9451    0.0060   -0.4700    0.2300
   10.2000    0.4783    0.4750    0.0033    0.7783    1.2244    4.4136    8.0853    5.5005   10.1510    4.3105    0.2570    0.5963    0.0060   -0.4700    0.2300
   10.2000    0.5783    0.4750    0.1033    0.7783    1.5518    3.8738    8.0974    3.0958   11.3945    4.2580    0.2570    0.5118    0.0060   -0.4700    0.2300
   10.2000    0.6783    0.4750    0.2033    0.7783    1.6754    3.6834    8.1016    2.2801   11.8370    4.2458    0.2570    0.4803    0.0060   -0.4700    0.2300
   10.2000    0.4792    0.4750    0.0042    0.7792    1.3675    4.4040    8.1394    5.3197   10.2419    4.3413    0.2570    0.1423    0.0060   -0.4700    0.2300
   10.2000    0.5793    0.4750    0.1043    0.7793    2.1910    3.6346    8.1383    1.5008   12.1924    5.3806    0.2570    0.0000    0.0060   -0.4700    0.2300
   10.2000    0.6793    0.4750    0.2043    0.7793    2.9143    3.5409    8.0765    0.4718   12.7415    5.9409    0.2570    0.0000    0.0060   -0.4700    0.2300
   10.2000    0.4802    0.4750    0.0052    0.7802    1.4779    4.8252    8.0102    6.8955    9.4544    5.9992    0.2570    0.0000    0.0060   -0.4700    0.2300
   10.2000    0.5803    0.4750    0.1053    0.7803    2.7527    3.5659    8.0675    0.6651   12.6106    5.8286    0.2570    0.0000    0.0060   -0.4700    0.2300
   10.2000    0.6803    0.4750    0.2053    0.7803    3.0568    3.5236    8.0492    0.2609   12.8473    6.0134    0.2570    0.0000    0.0060   -0.4700    0.2300
   10.2000    0.4812    0.4750    0.0062    0.7812    1.3993    4.8125    7.9991    6.9239    9.4407    6.0082    0.2570    0.0000    0.0060   -0.4700    0.2300
   10.2000    0.5812    0.4750    0.1062    0.7812    2.7719    3.5635    8.0652    0.6371   12.6250    5.8397    0.2570    0.0000    0.0060   -0.4700    0.2300
   10.2000    0.6813    0.4750    0.2063    0.7813    3.0629    3.5228    8.0480    0.2524   12.8519    6.0165    0.2570    0.0000    0.0060   -0.4700    0.2300
   10.2000    0.4822    0.4750    0.0072    0.7822    1.3207    4.7997    7.9880    6.9522    9.4269    6.0173    0.2570    0.0000    0.0060   -0.4700    0.2300
   10.2000    0.5822    0.4750    0.1072    0.7822    2.7912    3.5611    8.0628    0.6091   12.6393    5.8509    0.2570    0.0000    0.0060   -0.4700    0.2300
   10.2000    0.6823    0.4750    0.2073    0.7823    3.0691    3.5221    8.0467    0.2439   12.8564    6.0197    0.2570    0.0000    0.0060   -0.4700    0.2300
   10.2000    0.4832    0.4750    0.0082    0.7832    1.2420    4.7869    7.9768    6.9805    9.4132    6.0263    0.2570    0.0000    0.0060   -0.4700    0.2300
   10.2000    0.5832    0.4750    0.1082    0.7832    2.8104    3.5587    8.0605    0.5810   12.6537    5.8620    0.2570    0.0000    0.0060   -0.4700    0.2300
   10.2000    0.6832    0.4750    0.2082    0.7832    3.0752    3.5213    8.0455    0.2353   12.8610    6.0228    0.2570    0.0000    0.0060   -0.4700    0.2300
   10.2000    0.4841    0.4750    0.0091    0.7841    1.1634    4.7741    7.9657    7.0089    9.3995    6.0354    0.2570    0.0000    0.0060   -0.4700    0.2300
   10.2000    0.5842    0.4750    0.1092    0.7842    2.8296    3.5564    8.0581    0.5530   12.6681    5.8732    0.2570    0.0000    0.0060   -0.4700    0.2300
   10.2000    0.6842    0.4750    0.2092    0.7842    3.0814    3.5206    8.0443    0.2268   12.8656    6.0260    0.2570    0.0000    0.0060   -0.4700    0.2300
   10.2000    0.4851    0.4750    0.0101    0.7851    1.0848    4.7613    7.9546    7.0372    9.3857    6.0444    0.2570    0.0000    0.0060   -0.4700    0.2300
   10.2000    0.5852    0.4750    0.1102    0.7852    2.8489    3.5540    8.0558    0.5250   12.6825    5.8843    0.2570    0.0000    0.0060   -0.4700    0.2300
   10.2000    0.6852    0.4750    0.2102    0.7852    3.0875    3.5198    8.0430    0.2183   12.8702    6.0291    0.2570    0.0000    0.0060   -0.4700    0.2300
   10.2000    0.4861    0.4750    0.0111    0.7861    1.0062    4.7485    7.9434    7.0656    9.3720    6.0535    0.2570    0.0000    0.0060   -0.4700    0.2300
   10.2000    0.5861    0.4750    0.1111    0.7861    2.8681    3.5516    8.0535    0.4970   12.6968    5.8955    0.2570    0.0000    0.0060   -0.4700    0.2300
   10.2000    0.6862    0.4750    0.2112    0.7862    3.0937    3.5191    8.0418    0.2098   12.8747    6.0322    0.2570    0.0000    0.0060   -0.4700    0.2300
   10.2000    0.4871    0.4750    0.0121    0.7871    0.9276    4.7358    7.9323    7.0939    9.3582    6.0625    0.2570    0.0000    0.0060   -0.4700    0.2300
   10.2000    0.5871    0.4750    0.1121    0.7871    2.8873    3.5492    8.0511    0.4690   12.7112    5.9066    0.2570    0.0000    0.0060   -0.4700    0.2300
   10.2000    0.6872    0.4750    0.2122    0.7872    3.0998    3.5183    8.0405    0.2013   12.8793    6.0354    0.2570    0.0000    0.0060   -0.4700    0.2300
   10.2000    0.4881    0.4750    0.0131    0.7881    0.8490    4.7230    7.9212    7.1222    9.3445    6.0716    0.2570    0.0000    0.0060   -0.4700    0.2300
   10.2000    0.5881    0.4750    0.1131    0.7881    2.9066    3.5468    8.0488    0.4409   12.7256    5.9178    0.2570    0.0000    0.0060   -0.4700    0.2300
   10.2000    0.6881    0.4750    0.2131    0.7881    3.1060    3.5176    8.0393    0.1927   12.8839    6.0385    0.2570    0.0000    0.0060   -0.4700    0.2300
   10.2000    0.4890    0.4750    0.0140    0.7890    0.7703    4.7102    7.9100    7.1506    9.3308    6.0806    0.2570    0.0000    0.0060   -0.4700    0.2300
   10.2000    0.5891    0.4750    0.1141    0.7891    2.9258    3.5445    8.0464    0.4129   12.7400    5.9289    0.2570    0.0000    0.0060   -0.4700    0.2300
   10.2000    0.6891    0.4750    0.2141    0.7891    3.1121    3.5168    8.0380    0.1842   12.8884    6.0416    0.2570    0.0000    0.0060   -0.4700    0.2300
   10.2000    0.4900    0.4750    0.0150    0.7900    0.6917    4.6974    7.8989    7.1789    9.3170    6.0897    0.2570    0.0000    0.0060   -0.4700    0.2300
   10.2000    0.5901    0.4750    0.1151    0.7901    2.9450    3.5421    8.0441    0.3849   12.7543    5.9401    0.2570    0.0000    0.0060   -0.4700    0.2300
   10.2000    0.6901    0.4750    0.2151    0.7901    3.1183    3.5161    8.0368    0.1757   12.8930    6.0448    0.2570    0.0000    0.0060   -0.4700    0.2300
   10.2000    0.4910    0.4750    0.0160    0.7910    0.6131    4.6846    7.8878    7.2072    9.3033    6.0987    0.2570    0.0000    0.0060   -0.4700    0.2300
   10.2000    0.5910    0.4750    0.1160    0.7910    2.9643    3.5397    8.0417    0.3569   12.7687    5.9513    0.2570    0.0000    0.0060   -0.4700    0.2300
   10.2000    0.6911    0.4750    0.2161    0.7911    3.1244    3.5153    8.0356    0.1672   12.8976    6.0479    0.2570    0.0000    0.0060   -0.4700    0.2300
   10.2000    0.4920    0.4750    0.0170    0.7920    0.5345    4.6718    7.8766    7.2356    9.2895    6.1078    0.2570    0.0000    0.0060   -0.4700    0.2300
   10.2000    0.5920    0.4750    0.1170    0.7920    2.9835    3.5373    8.0394    0.3289   12.7831    5.9624    0.2570    0.0000    0.0060   -0.4700    0.2300
   10.2000    0.6921    0.4750    0.2171    0.7921    3.1306    3.5146    8.0343    0.1587   12.9022    6.0510    0.2570    0.0000    0.0060   -0.4700    0.2300
   10.2000    0.4930    0.4750    0.0180    0.7930    0.4559    4.6591    7.8655    7.2639    9.2758    6.1168    0.2570    0.0000    0.0060   -0.4700    0.2300
   10.2000    0.5930    0.4750    0.1180    0.7930    3.0027    3.5349    8.0370    0.3008   12.7975    5.9736    0.2570    0.0000    0.0060   -0.4700    0.2300
   10.2000    0.6930    0.4750    0.2180    0.7930    3.1367    3.5138    8.0331    0.1501   12.9067    6.0542    0.2570    0.0000    0.0060   -0.4700    0.2300
#   age       Mtot      Mc        Menv      Mini      logL      logT      logTc     logg      logR      logrhoc   Y         Yc        Z         FeH       OFe       
   10.2500    0.5351    0.4750    0.0601    0.7351    1.3908    4.1010    8.0684    4.1324   10.8595    4.3105    0.2570    0.9459    0.0060   -0.4700    0.2300
   10.2500    0.6352    0.4750    0.1602    0.7352    1.6515    3.6850    8.0679    2.2816   11.8219    4.3152    0.2570    0.9450    0.0060   -0.4700    0.2300
   10.2500    0.5361    0.4750    0.0611    0.7361    1.3993    4.0939    8.0684    4.0965   10.8778    4.3105    0.2570    0.9459    0.0060   -0.4700    0.2300
   10.2500    0.6362    0.4750    0.1612    0.7362    1.6522    3.6846    8.0679    2.2801   11.8230    4.3152    0.2570    0.9450    0.0060   -0.4700    0.2300
   10.2500    0.5371    0.4750    0.0621    0.7371    1.4079    4.0869    8.0684    4.0606   10.8962    4.3106    0.2570    0.9459    0.0060   -0.4700    0.2300
   10.2500    0.6371    0.4750    0.1621    0.7371    1.6528    3.6842    8.0679    2.2786   11.8241    4.3152    0.2570    0.9450    0.0060   -0.4700    0.2300
   10.2500    0.5381    0.4750    0.0631    0.7381    1.4164    4.0798    8.0684    4.0248   10.9145    4.3106    0.2570    0.9459    0.0060   -0.4700    0.2300
   10.2500    0.6381    0.4750    0.1631    0.7381    1.6534    3.6838    8.0679    2.2770   11.8252    4.3152    0.2570    0.9450    0.0060   -0.4700    0.2300
   10.2500    0.5391    0.4750    0.0641    0.7391    1.4250    4.0728    8.0684    3.9889   10.9328    4.3107    0.2570    0.9460    0.0060   -0.4700    0.2300
   10.2500    0.6391    0.4750    0.1641    0.7391    1.6540    3.6834    8.0679    2.2755   11.8263    4.3152    0.2570    0.9450    0.0060   -0.4700    0.2300
   10.2500    0.5400    0.4750    0.0650    0.7400    1.4334    4.0657    8.0684    3.9528   10.9513    4.3107    0.2570    0.9460    0.0060   -0.4700    0.2300
   10.2500    0.6401    0.4750    0.1651    0.7401    1.6546    3.6830    8.0679    2.2740   11.8274    4.3153    0.2570    0.9450    0.0060   -0.4700    0.2300
   10.2500    0.5410    0.4750    0.0660    0.7410    1.4391    4.0566    8.0684    3.9115   10.9723    4.3108    0.2570    0.9460    0.0060   -0.4700    0.2300
   10.2500    0.6411    0.4750    0.1661    0.7411    1.6553    3.6826    8.0679    2.2725   11.8285    4.3153    0.2570    0.9450    0.0060   -0.4700    0.2300
   10.2500    0.5420    0.4750    0.0670    0.7420    1.4448    4.0475    8.0684    3.8702   10.9934    4.3109    0.2570    0.9460    0.0060   -0.4700    0.2300
   10.2500    0.6420    0.4750    0.1670    0.7420    1.6559    3.6822    8.0679    2.2709   11.8296    4.3153    0.2570    0.9450    0.0060   -0.4700    0.2300
   10.2500    0.5430    0.4750    0.0680    0.7430    1.4506    4.0384    8.0684    3.8289   11.0144    4.3111    0.2570    0.9460    0.0060   -0.4700    0.2300
   10.2500    0.6430    0.4750    0.1680    0.7430    1.6565    3.6818    8.0679    2.2694   11.8307    4.3153    0.2570    0.9450    0.0060   -0.4700    0.2300
   10.2500    0.5440    0.4750    0.0690    0.7440    1.4563    4.0293    8.0684    3.7876   11.0354    4.3112    0.2570    0.9460    0.0060   -0.4700    0.2300
   10.2500    0.6440    0.4750    0.1690    0.7440    1.6571    3.6814    8.0679    2.2679   11.8318    4.3153    0.2570    0.9450    0.0060   -0.4700    0.2300
   10.2500    0.5449    0.4750    0.0699    0.7449    1.4621    4.0203    8.0683    3.7463   11.0565    4.3113    0.2570    0.9460    0.0060   -0.4700    0.2300
   10.2500    0.6450    0.4750    0.1700    0.7450    1.6578    3.6810    8.0679    2.2664   11.8329    4.3153    0.2570    0.9450    0.0060   -0.4700    0.2300
   10.2500    0.5459    0.4750    0.0709    0.7459    1.4678    4.0112    8.0683    3.7050   11.0775    4.3114    0.2570    0.9460    0.0060   -0.4700    0.2300
   10.2500    0.6460    0.4750    0.1710    0.7460    1.6584    3.6806    8.0679    2.2649   11.8340    4.3153    0.2570    0.9450    0.0060   -0.4700    0.2300
   10.2500    0.5469    0.4750    0.0719    0.7469    1.4736    4.0021    8.0683    3.6637   11.0986    4.3115    0.2570    0.9460    0.0060   -0.4700    0.2300
   10.2500    0.6470    0.4750    0.1720    0.7470    1.6590    3.6802    8.0679    2.2633   11.8351    4.3154    0.2570    0.9450    0.0060   -0.4700    0.2300
   10.2500    0.5479    0.4750    0.0729    0.7479    1.4793    3.9930    8.0683    3.6224   11.1196    4.3117    0.2570    0.9460    0.0060   -0.4700    0.2300
   10.2500    0.6479    0.4750    0.1729    0.7479    1.6596    3.6798    8.0679    2.2618   11.8362    4.3154    0.2570    0.9450    0.0060   -0.4700    0.2300
   10.2500    0.5489    0.4750    0.0739    0.7489    1.4624    4.0360    8.0936    3.8118   11.0253    4.2683    0.2570    0.5458    0.0060   -0.4700    0.2300
   10.2500    0.6489    0.4750    0.1739    0.7489    1.6558    3.6975    8.0989    2.3369   11.7989    4.2497    0.2570    0.5064    0.0060   -0.4700    0.2300
   10.2500    0.5499    0.4750    0.0749    0.7499    2.2511    3.6398    8.1169    1.4392   12.2119    5.5002    0.2570    0.0000    0.0060   -0.4700    0.2300
   10.2500    0.6499    0.4750    0.1749    0.7499    3.0779    3.5220    8.0348    0.2135   12.8609    6.0138    0.2570    0.0000    0.0060   -0.4700    0.2300
   10.2500    0.5508    0.4750    0.0758    0.7508    2.7901    3.5723    8.0546    0.6308   12.6165    5.8602    0.2570    0.0000    0.0060   -0.4700    0.2300
   10.2500    0.6509    0.4750    0.1759    0.7509    3.0899    3.5206    8.0331    0.1966   12.8698    6.0206    0.2570    0.0000    0.0060   -0.4700    0.2300
   10.2500    0.5518    0.4750    0.0768    0.7518    2.8255    3.5681    8.0501    0.5793   12.6427    5.8792    0.2570    0.0000    0.0060   -0.4700    0.2300
   10.2500    0.6519    0.4750    0.1769    0.7519    3.1020    3.5192    8.0314    0.1796   12.8786    6.0273    0.2570    0.0000    0.0060   -0.4700    0.2300
   10.2500    0.5528    0.4750    0.0778    0.7528    2.8609    3.5639    8.0456    0.5278   12.6688    5.8982    0.2570    0.0000    0.0060   -0.4700    0.2300
   10.2500    0.6528    0.4750    0.1778    0.7528    3.1141    3.5178    8.0298    0.1627   12.8874    6.0340    0.2570    0.0000    0.0060   -0.4700    0.2300
   10.2500    0.5538    0.4750    0.0788    0.7538    2.8964    3.5597    8.0411    0.4763   12.6949    5.9172    0.2570    0.0000    0.0060   -0.4700    0.2300
   10.2500    0.6538    0.4750    0.1788    0.7538    3.1261    3.5164    8.0281    0.1458   12.8962    6.0408    0.2570    0.0000    0.0060   -0.4700    0.2300
   10.2500    0.5548    0.4750    0.0798    0.7548    2.9318    3.5555    8.0367    0.4248   12.7211    5.9362    0.2570    0.0000    0.0060   -0.4700    0.2300
   10.2500    0.6548    0.4750    0.1798    0.7548    3.1382    3.5151    8.0264    0.1288   12.9050    6.0475    0.2570    0.0000    0.0060   -0.4700    0.2300
   10.2500    0.5557    0.4750    0.0807    0.7557    2.9673    3.5513    8.0322    0.3734   12.7472    5.9552    0.2570    0.0000    0.0060   -0.4700    0.2300
   10.2500    0.6558    0.4750    0.1808    0.7558    3.1502    3.5137    8.0247    0.1119   12.9138    6.0542    0.2570    0.0000    0.0060   -0.4700    0.2300
   10.2500    0.5567    0.4750    0.0817    0.7567    3.0027    3.5470    8.0277    0.3219   12.7733    5.9742    0.2570    0.0000    0.0060   -0.4700    0.2300
   10.2500    0.6568    0.4750    0.1818    0.7568    3.1623    3.5123    8.0230    0.0950   12.9226    6.0609    0.2570    0.0000    0.0060   -0.4700    0.2300
   10.2500    0.5577    0.4750    0.0827    0.7577    3.0381    3.5428    8.0232    0.2704   12.7995    5.9932    0.2570    0.0000    0.0060   -0.4700    0.2300
   10.2500    0.6577    0.4750    0.1827    0.7577    3.1744    3.5109    8.0214    0.0780   12.9314    6.0677    0.2570    0.0000    0.0060   -0.4700    0.2300
   10.2500    0.5587    0.4750    0.0837    0.7587    3.0736    3.5386    8.0187    0.2189   12.8256    6.0122    0.2570    0.0000    0.0060   -0.4700    0.2300
   10.2500    0.6587    0.4750    0.1837    0.7587    3.1864    3.5095    8.0197    0.0611   12.9402    6.0744    0.2570    0.0000    0.0060   -0.4700    0.2300
   10.2500    0.5597    0.4750    0.0847    0.7597    3.1090    3.5344    8.0142    0.1674   12.8517    6.0312    0.2570    0.0000    0.0060   -0.4700    0.2300
   10.2500    0.6597    0.4750    0.1847    0.7597    3.1985    3.5081    8.0180    0.0442   12.9490    6.0811    0.2570    0.0000    0.0060   -0.4700    0.2300
   10.2500    0.5606    0.4750    0.0856    0.7606    2.3680    3.6135    8.1145    1.2255   12.3231    5.6055    0.2570    0.0000    0.0060   -0.4700    0.2300
   10.2500    0.6607    0.4750    0.1857    0.7607    2.9338    3.5386    8.0741    0.4313   12.7558    5.9507    0.2570    0.0000    0.0060   -0.4700    0.2300
   10.2500    0.5616    0.4750    0.0866    0.7616    2.3873    3.6111    8.1121    1.1974   12.3375    5.6166    0.2570    0.0000    0.0060   -0.4700    0.2300
   10.2500    0.6617    0.4750    0.1867    0.7617    2.9399    3.5378    8.0728    0.4228   12.7604    5.9538    0.2570    0.0000    0.0060   -0.4700    0.2300
   10.2500    0.5626    0.4750    0.0876    0.7626    2.4065    3.6087    8.1098    1.1694   12.3518    5.6278    0.2570    0.0000    0.0060   -0.4700    0.2300
   10.2500    0.6626    0.4750    0.1876    0.7626    2.9461    3.5371    8.0716    0.4143   12.7650    5.9570    0.2570    0.0000    0.0060   -0.4700    0.2300
#   age       Mtot      Mc        Menv      Mini      logL      logT      logTc     logg      logR      logrhoc   Y         Yc        Z         FeH       OFe       
   10.3000    0.4783    0.4750    0.0033    0.5783    1.1339    4.4215    8.0653    5.6226   10.0900    4.3382    0.2570    0.9477    0.0060   -0.4700    0.2300
   10.3000    0.4792    0.4750    0.0042    0.5792    1.1362    4.4136    8.0654    5.5897   10.1069    4.3373    0.2570    0.9477    0.0060   -0.4700    0.2300
   10.3000    0.4802    0.4750    0.0052    0.5802    1.1385    4.4057    8.0655    5.5568   10.1238    4.3364    0.2570    0.9477    0.0060   -0.4700    0.2300
   10.3000    0.4812    0.4750    0.0062    0.5812    1.1408    4.3979    8.0656    5.5239   10.1407    4.3355    0.2570    0.9477    0.0060   -0.4700    0.2300
   10.3000    0.4822    0.4750    0.0072    0.5822    1.1431    4.3900    8.0657    5.4910   10.1575    4.3346    0.2570    0.9477    0.0060   -0.4700    0.2300
   10.3000    0.4832    0.4750    0.0082    0.5832    1.1454    4.3822    8.0658    5.4581   10.1744    4.3337    0.2570    0.9476    0.0060   -0.4700    0.2300
   10.3000    0.4841    0.4750    0.0091    0.5841    1.1477    4.3743    8.0659    5.4252   10.1913    4.3328    0.2570    0.9476    0.0060   -0.4700    0.2300
   10.3000    0.4851    0.4750    0.0101    0.5851    1.1500    4.3664    8.0660    5.3923   10.2082    4.3319    0.2570    0.9476    0.0060   -0.4700    0.2300
   10.3000    0.4861    0.4750    0.0111    0.5861    1.1523    4.3586    8.0661    5.3594   10.2251    4.3310    0.2570    0.9476    0.0060   -0.4700    0.2300
   10.3000    0.4871    0.4750    0.0121    0.5871    1.1546    4.3507    8.0662    5.3265   10.2420    4.3301    0.2570    0.9476    0.0060   -0.4700    0.2300
   10.3000    0.4881    0.4750    0.0131    0.5881    1.1569    4.3428    8.0663    5.2936   10.2589    4.3292    0.2570    0.9475    0.0060   -0.4700    0.2300
   10.3000    0.4890    0.4750    0.0140    0.5890    1.1592    4.3350    8.0664    5.2607   10.2758    4.3283    0.2570    0.9475    0.0060   -0.4700    0.2300
   10.3000    0.4900    0.4750    0.0150    0.5900    1.1615    4.3272    8.0665    5.2280   10.2925    4.3274    0.2570    0.9475    0.0060   -0.4700    0.2300
   10.3000    0.4910    0.4750    0.0160    0.5910    1.1637    4.3220    8.0666    5.2060   10.3040    4.3267    0.2570    0.9474    0.0060   -0.4700    0.2300
   10.3000    0.4920    0.4750    0.0170    0.5920    1.1659    4.3168    8.0667    5.1840   10.3154    4.3260    0.2570    0.9473    0.0060   -0.4700    0.2300
   10.3000    0.4930    0.4750    0.0180    0.5930    1.1681    4.3116    8.0668    5.1620   10.3269    4.3253    0.2570    0.9471    0.0060   -0.4700    0.2300
   10.3000    0.4939    0.4750    0.0189    0.5939    1.1702    4.3064    8.0668    5.1399   10.3384    4.3246    0.2570    0.9470    0.0060   -0.4700    0.2300
   10.3000    0.4949    0.4750    0.0199    0.5949    1.1724    4.3013    8.0669    5.1179   10.3498    4.3238    0.2570    0.9469    0.0060   -0.4700    0.2300
   10.3000    0.4959    0.4750    0.0209    0.5959    1.1747    4.2966    8.0670    5.0979   10.3602    4.3232    0.2570    0.9469    0.0060   -0.4700    0.2300
   10.3000    0.4969    0.4750    0.0219    0.5969    1.1770    4.2920    8.0670    5.0781   10.3705    4.3226    0.2570    0.9468    0.0060   -0.4700    0.2300
   10.3000    0.4979    0.4750    0.0229    0.5979    1.1794    4.2875    8.0671    5.0583   10.3809    4.3219    0.2570    0.9468    0.0060   -0.4700    0.2300
   10.3000    0.4988    0.4750    0.0238    0.5988    1.1817    4.2829    8.0672    5.0385   10.3912    4.3213    0.2570    0.9467    0.0060   -0.4700    0.2300
   10.3000    0.4998    0.4750    0.0248    0.5998    1.1840    4.2783    8.0672    5.0186   10.4015    4.3206    0.2570    0.9467    0.0060   -0.4700    0.2300
   10.3000    0.5008    0.4750    0.0258    0.6008    1.1865    4.2743    8.0673    5.0010   10.4107    4.3200    0.2570    0.9467    0.0060   -0.4700    0.2300
   10.3000    0.5018    0.4750    0.0268    0.6018    1.1891    4.2704    8.0674    4.9838   10.4198    4.3195    0.2570    0.9466    0.0060   -0.4700    0.2300
   10.3000    0.5028    0.4750    0.0278    0.6028    1.1916    4.2665    8.0674    4.9667   10.4288    4.3189    0.2570    0.9466    0.0060   -0.4700    0.2300
   10.3000    0.5038    0.4750    0.0288    0.6038    1.1942    4.2627    8.0675    4.9495   10.4378    4.3184    0.2570    0.9466    0.0060   -0.4700    0.2300
   10.3000    0.5047    0.4750    0.0297    0.6047    1.1968    4.2588    8.0676    4.9323   10.4468    4.3178    0.2570    0.9465    0.0060   -0.4700    0.2300
   10.3000    0.5057    0.4750    0.0307    0.6057    1.1993    4.2550    8.0677    4.9151   10.4558    4.3173    0.2570    0.9465    0.0060   -0.4700    0.2300
   10.3000    0.5067    0.4750    0.0317    0.6067    1.2019    4.2511    8.0678    4.8979   10.4648    4.3168    0.2570    0.9465    0.0060   -0.4700    0.2300
   10.3000    0.5077    0.4750    0.0327    0.6077    1.2044    4.2472    8.0678    4.8808   10.4739    4.3162    0.2570    0.9464    0.0060   -0.4700    0.2300
   10.3000    0.5087    0.4750    0.0337    0.6087    1.2070    4.2434    8.0679    4.8636   10.4829    4.3157    0.2570    0.9464    0.0060   -0.4700    0.2300
   10.3000    0.5096    0.4750    0.0346    0.6096    1.2096    4.2395    8.0680    4.8464   10.4919    4.3151    0.2570    0.9464    0.0060   -0.4700    0.2300
   10.3000    0.5100    0.4750    0.0350    0.6100   -0.9177    4.4352    7.6697    7.7568    9.0368    6.2743    0.2570    0.0000    0.0060   -0.4700    0.2300
   10.3000    0.5106    0.4750    0.0356    0.6106    1.2136    4.2354    8.0680    4.8270   10.5020    4.3147    0.2570    0.9464    0.0060   -0.4700    0.2300
   10.3000    0.5116    0.4750    0.0366    0.6116    1.2185    4.2313    8.0681    4.8063   10.5127    4.3143    0.2570    0.9464    0.0060   -0.4700    0.2300
   10.3000    0.5126    0.4750    0.0376    0.6126    1.2235    4.2272    8.0681    4.7857   10.5235    4.3139    0.2570    0.9464    0.0060   -0.4700    0.2300
   10.3000    0.5136    0.4750    0.0386    0.6136    1.2284    4.2230    8.0681    4.7650   10.5342    4.3135    0.2570    0.9464    0.0060   -0.4700    0.2300
   10.3000    0.5145    0.4750    0.0395    0.6145    1.2333    4.2189    8.0682    4.7443   10.5450    4.3131    0.2570    0.9464    0.0060   -0.4700    0.2300
   10.3000    0.5155    0.4750    0.0405    0.6155    1.2383    4.2147    8.0682    4.7237   10.5557    4.3127    0.2570    0.9464    0.0060   -0.4700    0.2300
   10.3000    0.5165    0.4750    0.0415    0.6165    1.2432    4.2106    8.0682    4.7030   10.5665    4.3124    0.2570    0.9464    0.0060   -0.4700    0.2300
   10.3000    0.5175    0.4750    0.0425    0.6175    1.2481    4.2064    8.0682    4.6823   10.5772    4.3120    0.2570    0.9464    0.0060   -0.4700    0.2300
   10.3000    0.5185    0.4750    0.0435    0.6185    1.2531    4.2023    8.0683    4.6617   10.5880    4.3116    0.2570    0.9464    0.0060   -0.4700    0.2300
   10.3000    0.5194    0.4750    0.0444    0.6194    1.2580    4.1981    8.0683    4.6410   10.5987    4.3112    0.2570    0.9464    0.0060   -0.4700    0.2300
   10.3000    0.5204    0.4750    0.0454    0.6204    1.2644    4.1933    8.0683    4.6161   10.6116    4.3110    0.2570    0.9464    0.0060   -0.4700    0.2300
   10.3000    0.5214    0.4750    0.0464    0.6214    1.2728    4.1876    8.0683    4.5858   10.6271    4.3109    0.2570    0.9464    0.0060   -0.4700    0.2300
   10.3000    0.5224    0.4750    0.0474    0.6224    1.2812    4.1819    8.0683    4.5555   10.6427    4.3108    0.2570    0.9463    0.0060   -0.4700    0.2300
   10.3000    0.5234    0.4750    0.0484    0.6234    1.2895    4.1763    8.0683    4.5252   10.6582    4.3107    0.2570    0.9462    0.0060   -0.4700    0.2300
   10.3000    0.5243    0.4750    0.0493    0.6243    1.2979    4.1706    8.0684    4.4949   10.6738    4.3107    0.2570    0.9462    0.0060   -0.4700    0.2300
   10.3000    0.5253    0.4750    0.0503    0.6253    1.3062    4.1649    8.0684    4.4646   10.6894    4.3106    0.2570    0.9461    0.0060   -0.4700    0.2300
   10.3000    0.5263    0.4750    0.0513    0.6263    1.3146    4.1592    8.0684    4.4343   10.7049    4.3105    0.2570    0.9461    0.0060   -0.4700    0.2300
   10.3000    0.5273    0.4750    0.0523    0.6273    1.3230    4.1535    8.0684    4.4040   10.7205    4.3104    0.2570    0.9460    0.0060   -0.4700    0.2300
   10.3000    0.5283    0.4750    0.0533    0.6283    1.3313    4.1478    8.0684    4.3737   10.7360    4.3103    0.2570    0.9459    0.0060   -0.4700    0.2300
   10.3000    0.5293    0.4750    0.0543    0.6293    1.3397    4.1422    8.0684    4.3434   10.7516    4.3103    0.2570    0.9459    0.0060   -0.4700    0.2300
   10.3000    0.5302    0.4750    0.0552    0.6302    1.3481    4.1362    8.0684    4.3118   10.7678    4.3102    0.2570    0.9458    0.0060   -0.4700    0.2300
   10.3000    0.5312    0.4750    0.0562    0.6312    1.3567    4.1291    8.0684    4.2759   10.7861    4.3103    0.2570    0.9459    0.0060   -0.4700    0.2300
   10.3000    0.5322    0.4750    0.0572    0.6322    1.3652    4.1221    8.0684    4.2400   10.8045    4.3103    0.2570    0.9459    0.0060   -0.4700    0.2300
   10.3000    0.5332    0.4750    0.0582    0.6332    1.3737    4.1150    8.0684    4.2041   10.8228    4.3104    0.2570    0.9459    0.0060   -0.4700    0.2300
   10.3000    0.5342    0.4750    0.0592    0.6342    1.3823    4.1080    8.0684    4.1683   10.8412    4.3104    0.2570    0.9459    0.0060   -0.4700    0.2300
   10.3000    0.5351    0.4750    0.0601    0.6351    1.3908    4.1010    8.0684    4.1324   10.8595    4.3105    0.2570    0.9459    0.0060   -0.4700    0.2300
   10.3000    0.5361    0.4750    0.0611    0.6361    1.3993    4.0939    8.0684    4.0965   10.8778    4.3105    0.2570    0.9459    0.0060   -0.4700    0.2300
   10.3000    0.5371    0.4750    0.0621    0.6371    1.4079    4.0869    8.0684    4.0606   10.8962    4.3106    0.2570    0.9459    0.0060   -0.4700    0.2300
   10.3000    0.5381    0.4750    0.0631    0.6381    1.4164    4.0798    8.0684    4.0248   10.9145    4.3106    0.2570    0.9459    0.0060   -0.4700    0.2300
   10.3000    0.5391    0.4750    0.0641    0.6391    1.4250    4.0728    8.0684    3.9889   10.9328    4.3107    0.2570    0.9460    0.0060   -0.4700    0.2300
   10.3000    0.5400    0.4750    0.0650    0.6400    1.4334    4.0657    8.0684    3.9528   10.9513    4.3107    0.2570    0.9460    0.0060   -0.4700    0.2300
   10.3000    0.5410    0.4750    0.0660    0.6410    1.4391    4.0566    8.0684    3.9115   10.9723    4.3108    0.2570    0.9460    0.0060   -0.4700    0.2300
   10.3000    0.5420    0.4750    0.0670    0.6420    1.4448    4.0475    8.0684    3.8702   10.9934    4.3109    0.2570    0.9460    0.0060   -0.4700    0.2300
   10.3000    0.5430    0.4750    0.0680    0.6430    1.4506    4.0384    8.0684    3.8289   11.0144    4.3111    0.2570    0.9460    0.0060   -0.4700    0.2300
   10.3000    0.5440    0.4750    0.0690    0.6440    1.4563    4.0293    8.0684    3.7876   11.0354    4.3112    0.2570    0.9460    0.0060   -0.4700    0.2300
   10.3000    0.5449    0.4750    0.0699    0.6449    1.4621    4.0203    8.0683    3.7463   11.0565    4.3113    0.2570    0.9460    0.0060   -0.4700    0.2300
   10.3000    0.5459    0.4750    0.0709    0.6459    1.4678    4.0112    8.0683    3.7050   11.0775    4.3114    0.2570    0.9460    0.0060   -0.4700    0.2300
   10.3000    0.5469    0.4750    0.0719    0.6469    1.4736    4.0021    8.0683    3.6637   11.0986    4.3115    0.2570    0.9460    0.0060   -0.4700    0.2300
   10.3000    0.5479    0.4750    0.0729    0.6479    1.4793    3.9930    8.0683    3.6224   11.1196    4.3117    0.2570    0.9460    0.0060   -0.4700    0.2300
   10.3000    0.5489    0.4750    0.0739    0.6489    1.4850    3.9839    8.0683    3.5811   11.1406    4.3118    0.2570    0.9460    0.0060   -0.4700    0.2300
   10.3000    0.5499    0.4750    0.0749    0.6499    1.4908    3.9749    8.0683    3.5398   11.1617    4.3119    0.2570    0.9460    0.0060   -0.4700    0.2300
   10.3000    0.5508    0.4750    0.0758    0.6508    1.4965    3.9658    8.0683    3.4985   11.1827    4.3120    0.2570    0.9460    0.0060   -0.4700    0.2300
   10.3000    0.5518    0.4750    0.0768    0.6518    1.5023    3.9567    8.0683    3.4572   11.2037    4.3121    0.2570    0.9460    0.0060   -0.4700    0.2300
   10.3000    0.5528    0.4750    0.0778    0.6528    1.5080    3.9476    8.0682    3.4159   11.2248    4.3122    0.2570    0.9460    0.0060   -0.4700    0.2300
   10.3000    0.5538    0.4750    0.0788    0.6538    1.5137    3.9385    8.0682    3.3746   11.2458    4.3124    0.2570    0.9460    0.0060   -0.4700    0.2300
   10.3000    0.5548    0.4750    0.0798    0.6548    1.5195    3.9295    8.0682    3.3333   11.2669    4.3125    0.2570    0.9460    0.0060   -0.4700    0.2300
   10.3000    0.5557    0.4750    0.0807    0.6557    1.5252    3.9204    8.0682    3.2920   11.2879    4.3126    0.2570    0.9460    0.0060   -0.4700    0.2300
   10.3000    0.5567    0.4750    0.0817    0.6567    1.5310    3.9113    8.0682    3.2507   11.3089    4.3127    0.2570    0.9461    0.0060   -0.4700    0.2300
   10.3000    0.5577    0.4750    0.0827    0.6577    1.5367    3.9022    8.0682    3.2094   11.3300    4.3128    0.2570    0.9461    0.0060   -0.4700    0.2300
   10.3000    0.5587    0.4750    0.0837    0.6587    1.5424    3.8931    8.0682    3.1681   11.3510    4.3129    0.2570    0.9461    0.0060   -0.4700    0.2300
   10.3000    0.5597    0.4750    0.0847    0.6597    1.5482    3.8840    8.0681    3.1268   11.3720    4.3131    0.2570    0.9461    0.0060   -0.4700    0.2300
   10.3000    0.5606    0.4750    0.0856    0.6606    1.5514    3.8780    8.0681    3.1001   11.3858    4.3131    0.2570    0.9460    0.0060   -0.4700    0.2300
   10.3000    0.5616    0.4750    0.0866    0.6616    1.5534    3.8735    8.0681    3.0810   11.3957    4.3132    0.2570    0.9460    0.0060   -0.4700    0.2300
   10.3000    0.5626    0.4750    0.0876    0.6626    1.5553    3.8691    8.0681    3.0620   11.4056    4.3132    0.2570    0.9460    0.0060   -0.4700    0.2300
   10.3000    0.5636    0.4750    0.0886    0.6636    1.5573    3.8646    8.0681    3.0430   11.4155    4.3132    0.2570    0.9460    0.0060   -0.4700    0.2300
   10.3000    0.5646    0.4750    0.0896    0.6646    1.5592    3.8602    8.0681    3.0239   11.4253    4.3133    0.2570    0.9459    0.0060   -0.4700    0.2300
   10.3000    0.5655    0.4750    0.0905    0.6655    1.5611    3.8557    8.0681    3.0049   11.4352    4.3133    0.2570    0.9459    0.0060   -0.4700    0.2300
   10.3000    0.5665    0.4750    0.0915    0.6665    1.5631    3.8512    8.0681    2.9859   11.4451    4.3134    0.2570    0.9459    0.0060   -0.4700    0.2300
   10.3000    0.5675    0.4750    0.0925    0.6675    1.5650    3.8468    8.0681    2.9668   11.4550    4.3134    0.2570    0.9459    0.0060   -0.4700    0.2300
   10.3000    0.5685    0.4750    0.0935    0.6685    1.5669    3.8423    8.0681    2.9478   11.4649    4.3134    0.2570    0.9458    0.0060   -0.4700    0.2300
   10.3000    0.5695    0.4750    0.0945    0.6695    1.5689    3.8379    8.0681    2.9288   11.4748    4.3135    0.2570    0.9458    0.0060   -0.4700    0.2300
   10.3000    0.5704    0.4750    0.0954    0.6704    1.5708    3.8334    8.0681    2.9097   11.4846    4.3135    0.2570    0.9458    0.0060   -0.4700    0.2300
   10.3000    0.5714    0.4750    0.0964    0.6714    1.5728    3.8289    8.0681    2.8907   11.4945    4.3135    0.2570    0.9457    0.0060   -0.4700    0.2300
   10.3000    0.5724    0.4750    0.0974    0.6724    1.5747    3.8245    8.0681    2.8717   11.5044    4.3136    0.2570    0.9457    0.0060   -0.4700    0.2300
   10.3000    0.5734    0.4750    0.0984    0.6734    1.5766    3.8200    8.0681    2.8526   11.5143    4.3136    0.2570    0.9457    0.0060   -0.4700    0.2300
   10.3000    0.5744    0.4750    0.0994    0.6744    1.5786    3.8156    8.0681    2.8336   11.5242    4.3137    0.2570    0.9457    0.0060   -0.4700    0.2300
   10.3000    0.5754    0.4750    0.1004    0.6754    1.5805    3.8111    8.0681    2.8146   11.5340    4.3137    0.2570    0.9456    0.0060   -0.4700    0.2300
   10.3000    0.5763    0.4750    0.1013    0.6763    1.5825    3.8067    8.0681    2.7955   11.5439    4.3137    0.2570    0.9456    0.0060   -0.4700    0.2300
   10.3000    0.5773    0.4750    0.1023    0.6773    1.5844    3.8022    8.0681    2.7765   11.5538    4.3138    0.2570    0.9456    0.0060   -0.4700    0.2300
   10.3000    0.4783    0.4750    0.0033    0.6783    1.1339    4.4215    8.0653    5.6226   10.0900    4.3382    0.2570    0.9477    0.0060   -0.4700    0.2300
   10.3000    0.5783    0.4750    0.1033    0.6783    1.5863    3.7977    8.0681    2.7575   11.5637    4.3138    0.2570    0.9455    0.0060   -0.4700    0.2300
   10.3000    0.4792    0.4750    0.0042    0.6792    1.1362    4.4136    8.0654    5.5897   10.1069    4.3373    0.2570    0.9477    0.0060   -0.4700    0.2300
   10.3000    0.5793    0.4750    0.1043    0.6793    1.5883    3.7933    8.0681    2.7384   11.5736    4.3139    0.2570    0.9455    0.0060   -0.4700    0.2300
   10.3000    0.4802    0.4750    0.0052    0.6802    1.1385    4.4057    8.0655    5.5568   10.1238    4.3364    0.2570    0.9477    0.0060   -0.4700    0.2300
   10.3000    0.5803    0.4750    0.1053    0.6803    1.5902    3.7888    8.0681    2.7194   11.5835    4.3139    0.2570    0.9455    0.0060   -0.4700    0.2300
   10.3000    0.4812    0.4750    0.0062    0.6812    1.1408    4.3979    8.0656    5.5239   10.1407    4.3355    0.2570    0.9477    0.0060   -0.4700    0.2300
   10.3000    0.5812    0.4750    0.1062    0.6812    1.5921    3.7844    8.0680    2.7004   11.5933    4.3139    0.2570    0.9455    0.0060   -0.4700    0.2300
   10.3000    0.4822    0.4750    0.0072    0.6822    1.1431    4.3900    8.0657    5.4910   10.1575    4.3346    0.2570    0.9477    0.0060   -0.4700    0.2300
   10.3000    0.5822    0.4750    0.1072    0.6822    1.5941    3.7799    8.0680    2.6813   11.6032    4.3140    0.2570    0.9454    0.0060   -0.4700    0.2300
   10.3000    0.4832    0.4750    0.0082    0.6832    1.1454    4.3822    8.0658    5.4581   10.1744    4.3337    0.2570    0.9476    0.0060   -0.4700    0.2300
   10.3000    0.5832    0.4750    0.1082    0.6832    1.5960    3.7755    8.0680    2.6623   11.6131    4.3140    0.2570    0.9454    0.0060   -0.4700    0.2300
   10.3000    0.4841    0.4750    0.0091    0.6841    1.1477    4.3743    8.0659    5.4252   10.1913    4.3328    0.2570    0.9476    0.0060   -0.4700    0.2300
   10.3000    0.5842    0.4750    0.1092    0.6842    1.5980    3.7710    8.0680    2.6433   11.6230    4.3141    0.2570    0.9454    0.0060   -0.4700    0.2300
   10.3000    0.4851    0.4750    0.0101    0.6851    1.1500    4.3664    8.0660    5.3923   10.2082    4.3319    0.2570    0.9476    0.0060   -0.4700    0.2300
   10.3000    0.5852    0.4750    0.1102    0.6852    1.5999    3.7665    8.0680    2.6242   11.6329    4.3141    0.2570    0.9453    0.0060   -0.4700    0.2300
   10.3000    0.4861    0.4750    0.0111    0.6861    1.1523    4.3586    8.0661    5.3594   10.2251    4.3310    0.2570    0.9476    0.0060   -0.4700    0.2300
   10.3000    0.5861    0.4750    0.1111    0.6861    1.6018    3.7621    8.0680    2.6052   11.6428    4.3141    0.2570    0.9453    0.0060   -0.4700    0.2300
   10.3000    0.4871    0.4750    0.0121    0.6871    1.1546    4.3507    8.0662    5.3265   10.2420    4.3301    0.2570    0.9476    0.0060   -0.4700    0.2300
   10.3000    0.5871    0.4750    0.1121    0.6871    1.6038    3.7576    8.0680    2.5862   11.6526    4.3142    0.2570    0.9453    0.0060   -0.4700    0.2300
   10.3000    0.4881    0.4750    0.0131    0.6881    1.1569    4.3428    8.0663    5.2936   10.2589    4.3292    0.2570    0.9475    0.0060   -0.4700    0.2300
   10.3000    0.5881    0.4750    0.1131    0.6881    1.6057    3.7532    8.0680    2.5671   11.6625    4.3142    0.2570    0.9453    0.0060   -0.4700    0.2300
   10.3000    0.4890    0.4750    0.0140    0.6890    1.1592    4.3350    8.0664    5.2607   10.2758    4.3283    0.2570    0.9475    0.0060   -0.4700    0.2300
   10.3000    0.5891    0.4750    0.1141    0.6891    1.6077    3.7487    8.0680    2.5481   11.6724    4.3142    0.2570    0.9452    0.0060   -0.4700    0.2300
   10.3000    0.4900    0.4750    0.0150    0.6900    1.1615    4.3272    8.0665    5.2280   10.2925    4.3274    0.2570    0.9475    0.0060   -0.4700    0.2300
   10.3000    0.5901    0.4750    0.1151    0.6901    1.6096    3.7443    8.0680    2.5291   11.6823    4.3143    0.2570    0.9452    0.0060   -0.4700    0.2300
   10.3000    0.4910    0.4750    0.0160    0.6910    1.1637    4.3220    8.0666    5.2060   10.3040    4.3267    0.2570    0.9474    0.0060   -0.4700    0.2300
   10.3000    0.5910    0.4750    0.1160    0.6910    1.6115    3.7398    8.0680    2.5100   11.6922    4.3143    0.2570    0.9452    0.0060   -0.4700    0.2300
   10.3000    0.4920    0.4750    0.0170    0.6920    1.1659    4.3168    8.0667    5.1840   10.3154    4.3260    0.2570    0.9473    0.0060   -0.4700    0.2300
   10.3000    0.5920    0.4750    0.1170    0.6920    1.6135    3.7353    8.0680    2.4910   11.7021    4.3144    0.2570    0.9452    0.0060   -0.4700    0.2300
   10.3000    0.4930    0.4750    0.0180    0.6930    1.1681    4.3116    8.0668    5.1620   10.3269    4.3253    0.2570    0.9471    0.0060   -0.4700    0.2300
   10.3000    0.5930    0.4750    0.1180    0.6930    1.6154    3.7309    8.0680    2.4720   11.7119    4.3144    0.2570    0.9451    0.0060   -0.4700    0.2300
   10.3000    0.4939    0.4750    0.0189    0.6939    1.1702    4.3064    8.0668    5.1399   10.3384    4.3246    0.2570    0.9470    0.0060   -0.4700    0.2300
   10.3000    0.5940    0.4750    0.1190    0.6940    1.6173    3.7264    8.0680    2.4530   11.7218    4.3144    0.2570    0.9451    0.0060   -0.4700    0.2300
   10.3000    0.4949    0.4750    0.0199    0.6949    1.1724    4.3013    8.0669    5.1179   10.3498    4.3238    0.2570    0.9469    0.0060   -0.4700    0.2300
   10.3000    0.5950    0.4750    0.1200    0.6950    1.6193    3.7220    8.0680    2.4339   11.7317    4.3145    0.2570    0.9451    0.0060   -0.4700    0.2300
   10.3000    0.4959    0.4750    0.0209    0.6959    1.1747    4.2966    8.0670    5.0979   10.3602    4.3232    0.2570    0.9469    0.0060   -0.4700    0.2300
   10.3000    0.5959    0.4750    0.1209    0.6959    1.6212    3.7175    8.0680    2.4149   11.7416    4.3145    0.2570    0.9450    0.0060   -0.4700    0.2300
   10.3000    0.4969    0.4750    0.0219    0.6969    1.1770    4.2920    8.0670    5.0781   10.3705    4.3226    0.2570    0.9468    0.0060   -0.4700    0.2300
   10.3000    0.5969    0.4750    0.1219    0.6969    1.6232    3.7131    8.0680    2.3959   11.7515    4.3146    0.2570    0.9450    0.0060   -0.4700    0.2300
   10.3000    0.4979    0.4750    0.0229    0.6979    1.1794    4.2875    8.0671    5.0583   10.3809    4.3219    0.2570    0.9468    0.0060   -0.4700    0.2300
   10.3000    0.5979    0.4750    0.1229    0.6979    1.6251    3.7086    8.0680    2.3768   11.7614    4.3146    0.2570    0.9450    0.0060   -0.4700    0.2300
   10.3000    0.4988    0.4750    0.0238    0.6988    1.1817    4.2829    8.0672    5.0385   10.3912    4.3213    0.2570    0.9467    0.0060   -0.4700    0.2300
   10.3000    0.5989    0.4750    0.1239    0.6989    1.6270    3.7041    8.0680    2.3578   11.7712    4.3146    0.2570    0.9450    0.0060   -0.4700    0.2300
   10.3000    0.4998    0.4750    0.0248    0.6998    1.1840    4.2783    8.0672    5.0186   10.4015    4.3206    0.2570    0.9467    0.0060   -0.4700    0.2300
   10.3000    0.5999    0.4750    0.1249    0.6999    1.6290    3.6997    8.0680    2.3388   11.7811    4.3147    0.2570    0.9449    0.0060   -0.4700    0.2300
   10.3000    0.5008    0.4750    0.0258    0.7008    1.1865    4.2743    8.0673    5.0010   10.4107    4.3200    0.2570    0.9467    0.0060   -0.4700    0.2300
   10.3000    0.6009    0.4750    0.1259    0.7009    1.6298    3.6988    8.0680    2.3349   11.7834    4.3147    0.2570    0.9449    0.0060   -0.4700    0.2300
   10.3000    0.5018    0.4750    0.0268    0.7018    1.1891    4.2704    8.0674    4.9838   10.4198    4.3195    0.2570    0.9466    0.0060   -0.4700    0.2300
   10.3000    0.6018    0.4750    0.1268    0.7018    1.6304    3.6984    8.0680    2.3334   11.7845    4.3147    0.2570    0.9449    0.0060   -0.4700    0.2300
   10.3000    0.5028    0.4750    0.0278    0.7028    1.1916    4.2665    8.0674    4.9667   10.4288    4.3189    0.2570    0.9466    0.0060   -0.4700    0.2300
   10.3000    0.6028    0.4750    0.1278    0.7028    1.6310    3.6980    8.0680    2.3319   11.7856    4.3147    0.2570    0.9449    0.0060   -0.4700    0.2300
   10.3000    0.5038    0.4750    0.0288    0.7038    1.1942    4.2627    8.0675    4.9495   10.4378    4.3184    0.2570    0.9466    0.0060   -0.4700    0.2300
   10.3000    0.6038    0.4750    0.1288    0.7038    1.6316    3.6976    8.0680    2.3304   11.7867    4.3147    0.2570    0.9449    0.0060   -0.4700    0.2300
   10.3000    0.5047    0.4750    0.0297    0.7047    1.1968    4.2588    8.0676    4.9323   10.4468    4.3178    0.2570    0.9465    0.0060   -0.4700    0.2300
   10.3000    0.6048    0.4750    0.1298    0.7048    1.6323    3.6972    8.0680    2.3289   11.7878    4.3147    0.2570    0.9449    0.0060   -0.4700    0.2300
   10.3000    0.5057    0.4750    0.0307    0.7057    1.1993    4.2550    8.0677    4.9151   10.4558    4.3173    0.2570    0.9465    0.0060   -0.4700    0.2300
   10.3000    0.6058    0.4750    0.1308    0.7058    1.6329    3.6968    8.0680    2.3273   11.7889    4.3148    0.2570    0.9449    0.0060   -0.4700    0.2300
   10.3000    0.5067    0.4750    0.0317    0.7067    1.2019    4.2511    8.0678    4.8979   10.4648    4.3168    0.2570    0.9465    0.0060   -0.4700    0.2300
   10.3000    0.6067    0.4750    0.1317    0.7067    1.6335    3.6964    8.0680    2.3258   11.7900    4.3148    0.2570    0.9449    0.0060   -0.4700    0.2300
   10.3000    0.5077    0.4750    0.0327    0.7077    1.2044    4.2472    8.0678    4.8808   10.4739    4.3162    0.2570    0.9464    0.0060   -0.4700    0.2300
   10.3000    0.6077    0.4750    0.1327    0.7077    1.6341    3.6960    8.0680    2.3243   11.7911    4.3148    0.2570    0.9449    0.0060   -0.4700    0.2300
   10.3000    0.5087    0.4750    0.0337    0.7087    1.2070    4.2434    8.0679    4.8636   10.4829    4.3157    0.2570    0.9464    0.0060   -0.4700    0.2300
   10.3000    0.6087    0.4750    0.1337    0.7087    1.6347    3.6956    8.0680    2.3228   11.7922    4.3148    0.2570    0.9449    0.0060   -0.4700    0.2300
   10.3000    0.5096    0.4750    0.0346    0.7096    1.2096    4.2395    8.0680    4.8464   10.4919    4.3151    0.2570    0.9464    0.0060   -0.4700    0.2300
   10.3000    0.6097    0.4750    0.1347    0.7097    1.6354    3.6952    8.0680    2.3212   11.7933    4.3148    0.2570    0.9449    0.0060   -0.4700    0.2300
   10.3000    0.5100    0.4750    0.0350    0.7100   -0.9177    4.4352    7.6697    7.7568    9.0368    6.2743    0.2570    0.0000    0.0060   -0.4700    0.2300
   10.3000    0.5106    0.4750    0.0356    0.7106    1.2136    4.2354    8.0680    4.8270   10.5020    4.3147    0.2570    0.9464    0.0060   -0.4700    0.2300
   10.3000    0.6107    0.4750    0.1357    0.7107    1.6360    3.6948    8.0680    2.3197   11.7944    4.3148    0.2570    0.9449    0.0060   -0.4700    0.2300
   10.3000    0.5116    0.4750    0.0366    0.7116    1.2185    4.2313    8.0681    4.8063   10.5127    4.3143    0.2570    0.9464    0.0060   -0.4700    0.2300
   10.3000    0.6116    0.4750    0.1366    0.7116    1.6366    3.6944    8.0680    2.3182   11.7955    4.3148    0.2570    0.9449    0.0060   -0.4700    0.2300
   10.3000    0.5126    0.4750    0.0376    0.7126    1.2235    4.2272    8.0681    4.7857   10.5235    4.3139    0.2570    0.9464    0.0060   -0.4700    0.2300
   10.3000    0.6126    0.4750    0.1376    0.7126    1.6372    3.6940    8.0680    2.3167   11.7966    4.3149    0.2570    0.9450    0.0060   -0.4700    0.2300
   10.3000    0.5136    0.4750    0.0386    0.7136    1.2284    4.2230    8.0681    4.7650   10.5342    4.3135    0.2570    0.9464    0.0060   -0.4700    0.2300
   10.3000    0.6136    0.4750    0.1386    0.7136    1.6378    3.6936    8.0680    2.3151   11.7977    4.3149    0.2570    0.9450    0.0060   -0.4700    0.2300
   10.3000    0.5145    0.4750    0.0395    0.7145    1.2333    4.2189    8.0682    4.7443   10.5450    4.3131    0.2570    0.9464    0.0060   -0.4700    0.2300
   10.3000    0.6146    0.4750    0.1396    0.7146    1.6385    3.6932    8.0680    2.3136   11.7988    4.3149    0.2570    0.9450    0.0060   -0.4700    0.2300
   10.3000    0.5155    0.4750    0.0405    0.7155    1.2383    4.2147    8.0682    4.7237   10.5557    4.3127    0.2570    0.9464    0.0060   -0.4700    0.2300
   10.3000    0.6156    0.4750    0.1406    0.7156    1.6391    3.6928    8.0680    2.3121   11.7999    4.3149    0.2570    0.9450    0.0060   -0.4700    0.2300
   10.3000    0.5165    0.4750    0.0415    0.7165    1.2432    4.2106    8.0682    4.7030   10.5665    4.3124    0.2570    0.9464    0.0060   -0.4700    0.2300
   10.3000    0.6165    0.4750    0.1415    0.7165    1.6397    3.6924    8.0679    2.3106   11.8010    4.3149    0.2570    0.9450    0.0060   -0.4700    0.2300
   10.3000    0.5175    0.4750    0.0425    0.7175    1.2481    4.2064    8.0682    4.6823   10.5772    4.3120    0.2570    0.9464    0.0060   -0.4700    0.2300
   10.3000    0.6175    0.4750    0.1425    0.7175    1.6403    3.6921    8.0679    2.3090   11.8021    4.3149    0.2570    0.9450    0.0060   -0.4700    0.2300
   10.3000    0.5185    0.4750    0.0435    0.7185    1.2531    4.2023    8.0683    4.6617   10.5880    4.3116    0.2570    0.9464    0.0060   -0.4700    0.2300
   10.3000    0.6185    0.4750    0.1435    0.7185    1.6410    3.6917    8.0679    2.3075   11.8032    4.3149    0.2570    0.9450    0.0060   -0.4700    0.2300
   10.3000    0.5194    0.4750    0.0444    0.7194    1.2580    4.1981    8.0683    4.6410   10.5987    4.3112    0.2570    0.9464    0.0060   -0.4700    0.2300
   10.3000    0.6195    0.4750    0.1445    0.7195    1.6416    3.6913    8.0679    2.3060   11.8043    4.3150    0.2570    0.9450    0.0060   -0.4700    0.2300
   10.3000    0.5204    0.4750    0.0454    0.7204    1.3134    4.1704    8.0835    4.4757   10.6818    4.2924    0.2570    0.6660    0.0060   -0.4700    0.2300
   10.3000    0.6205    0.4750    0.1455    0.7205    1.6398    3.7087    8.0884    2.3783   11.7685    4.2692    0.2570    0.6296    0.0060   -0.4700    0.2300
   10.3000    0.5214    0.4750    0.0464    0.7214    2.0781    3.8236    8.1365    2.3243   11.7579    5.3064    0.2570    0.0000    0.0060   -0.4700    0.2300
   10.3000    0.6214    0.4750    0.1464    0.7214    2.7281    3.5622    8.0836    0.7046   12.6056    5.8187    0.2570    0.0000    0.0060   -0.4700    0.2300
   10.3000    0.5224    0.4750    0.0474    0.7224    0.6971    4.7878    7.9250    7.5627    9.1391    6.3150    0.2570    0.0000    0.0060   -0.4700    0.2300
   10.3000    0.6224    0.4750    0.1474    0.7224    2.7401    3.5608    8.0819    0.6876   12.6144    5.8254    0.2570    0.0000    0.0060   -0.4700    0.2300
   10.3000    0.5234    0.4750    0.0484    0.7234    0.6125    4.7721    7.9093    7.5855    9.1281    6.3711    0.2570    0.0000    0.0060   -0.4700    0.2300
   10.3000    0.6234    0.4750    0.1484    0.7234    2.7522    3.5594    8.0802    0.6707   12.6232    5.8322    0.2570    0.0000    0.0060   -0.4700    0.2300
   10.3000    0.5243    0.4750    0.0493    0.7243    0.5279    4.7564    7.8936    7.6083    9.1171    6.4273    0.2570    0.0000    0.0060   -0.4700    0.2300
   10.3000    0.6244    0.4750    0.1494    0.7244    2.7643    3.5581    8.0785    0.6538   12.6320    5.8389    0.2570    0.0000    0.0060   -0.4700    0.2300
   10.3000    0.5253    0.4750    0.0503    0.7253    0.4433    4.7408    7.8778    7.6310    9.1062    6.4835    0.2570    0.0000    0.0060   -0.4700    0.2300
   10.3000    0.6254    0.4750    0.1504    0.7254    2.7763    3.5567    8.0769    0.6368   12.6408    5.8456    0.2570    0.0000    0.0060   -0.4700    0.2300
   10.3000    0.5263    0.4750    0.0513    0.7263    0.3587    4.7251    7.8621    7.6538    9.0952    6.5397    0.2570    0.0000    0.0060   -0.4700    0.2300
   10.3000    0.6264    0.4750    0.1514    0.7264    2.7884    3.5553    8.0752    0.6199   12.6496    5.8523    0.2570    0.0000    0.0060   -0.4700    0.2300
   10.3000    0.5273    0.4750    0.0523    0.7273    0.2742    4.7095    7.8464    7.6765    9.0842    6.5959    0.2570    0.0000    0.0060   -0.4700    0.2300
   10.3000    0.6273    0.4750    0.1523    0.7273    2.8004    3.5539    8.0735    0.6030   12.6584    5.8591    0.2570    0.0000    0.0060   -0.4700    0.2300
   10.3000    0.5283    0.4750    0.0533    0.7283    0.1896    4.6938    7.8307    7.6993    9.0733    6.6521    0.2570    0.0000    0.0060   -0.4700    0.2300
   10.3000    0.6283    0.4750    0.1533    0.7283    2.8125    3.5525    8.0718    0.5860   12.6672    5.8658    0.2570    0.0000    0.0060   -0.4700    0.2300
   10.3000    0.5293    0.4750    0.0543    0.7293    0.1050    4.6781    7.8150    7.7221    9.0623    6.7083    0.2570    0.0000    0.0060   -0.4700    0.2300
   10.3000    0.6293    0.4750    0.1543    0.7293    2.8246    3.5511    8.0701    0.5691   12.6761    5.8725    0.2570    0.0000    0.0060   -0.4700    0.2300
   10.3000    0.5302    0.4750    0.0552    0.7302    2.9538    3.6166    7.9812    0.6278   12.6098    6.0141    0.2570    0.0000    0.0060   -0.4700    0.2300
   10.3000    0.6303    0.4750    0.1553    0.7303    2.8366    3.5497    8.0685    0.5522   12.6849    5.8793    0.2570    0.0000    0.0060   -0.4700    0.2300
   10.3000    0.5312    0.4750    0.0562    0.7312    2.9729    3.6092    7.9848    0.5802   12.6340    6.0179    0.2570    0.0000    0.0060   -0.4700    0.2300
   10.3000    0.6313    0.4750    0.1563    0.7313    2.8487    3.5483    8.0668    0.5352   12.6937    5.8860    0.2570    0.0000    0.0060   -0.4700    0.2300
   10.3000    0.5322    0.4750    0.0572    0.7322    2.9921    3.6019    7.9883    0.5326   12.6582    6.0216    0.2570    0.0000    0.0060   -0.4700    0.2300
   10.3000    0.6322    0.4750    0.1572    0.7322    2.8608    3.5470    8.0651    0.5183   12.7025    5.8927    0.2570    0.0000    0.0060   -0.4700    0.2300
   10.3000    0.5332    0.4750    0.0582    0.7332    3.0112    3.5946    7.9919    0.4850   12.6824    6.0254    0.2570    0.0000    0.0060   -0.4700    0.2300
   10.3000    0.6332    0.4750    0.1582    0.7332    2.8728    3.5456    8.0634    0.5014   12.7113    5.8994    0.2570    0.0000    0.0060   -0.4700    0.2300
   10.3000    0.5342    0.4750    0.0592    0.7342    3.0304    3.5873    7.9955    0.4373   12.7066    6.0292    0.2570    0.0000    0.0060   -0.4700    0.2300
   10.3000    0.6342    0.4750    0.1592    0.7342    2.8849    3.5442    8.0617    0.4844   12.7201    5.9062    0.2570    0.0000    0.0060   -0.4700    0.2300
