#   age       Mtot      Mc        Menv      Mini      logL      logT      logTc     logg      logR      logrhoc   Y         Yc        Z         FeH       OFe       
    9.6500    0.7931    0.4540    0.3391    1.0931    1.7162    3.6119    8.0618    2.0211   12.0005    4.3668    0.3560    0.9180    0.0400    0.4300    0.0000
    9.6500    0.7941    0.4540    0.3401    1.0941    1.7164    3.6118    8.0618    2.0213   12.0006    4.3668    0.3560    0.9180    0.0400    0.4300    0.0000
    9.6500    0.7951    0.4540    0.3411    1.0951    1.7166    3.6118    8.0618    2.0216   12.0008    4.3668    0.3560    0.9180    0.0400    0.4300    0.0000
    9.6500    0.7960    0.4540    0.3420    1.0960    1.7169    3.6118    8.0618    2.0219   12.0009    4.3668    0.3560    0.9180    0.0400    0.4300    0.0000
    9.6500    0.7970    0.4540    0.3430    1.0970    1.7171    3.6118    8.0618    2.0222   12.0011    4.3668    0.3560    0.9180    0.0400    0.4300    0.0000
    9.6500    0.7980    0.4540    0.3440    1.0980    1.7173    3.6118    8.0618    2.0224   12.0012    4.3668    0.3560    0.9180    0.0400    0.4300    0.0000
    9.6500    0.7990    0.4540    0.3450    1.0990    3.2502    3.4310    8.0800   -0.2333   13.1294    6.0412    0.3560    0.0000    0.0400    0.4300    0.0000
    9.6500    0.8000    0.4540    0.3460    1.1000    3.2562    3.4301    8.0794   -0.2421   13.1341    6.0443    0.3560    0.0000    0.0400    0.4300    0.0000
#   age       Mtot      Mc        Menv      Mini      logL      logT      logTc     logg      logR      logrhoc   Y         Yc        Z         FeH       OFe       
    9.7000    0.7519    0.4540    0.2979    1.0519    1.7066    3.6126    8.0618    2.0095   11.9943    4.3666    0.3560    0.9180    0.0400    0.4300    0.0000
    9.7000    0.7529    0.4540    0.2989    1.0529    1.7068    3.6125    8.0618    2.0098   11.9944    4.3666    0.3560    0.9180    0.0400    0.4300    0.0000
    9.7000    0.7539    0.4540    0.2999    1.0539    1.7071    3.6125    8.0618    2.0101   11.9946    4.3666    0.3560    0.9180    0.0400    0.4300    0.0000
    9.7000    0.7548    0.4540    0.3008    1.0548    1.7073    3.6125    8.0618    2.0103   11.9947    4.3666    0.3560    0.9180    0.0400    0.4300    0.0000
    9.7000    0.7558    0.4540    0.3018    1.0558    2.9875    3.4686    8.1056    0.1552   12.9226    5.9067    0.3560    0.0000    0.0400    0.4300    0.0000
    9.7000    0.7568    0.4540    0.3028    1.0568    2.9934    3.4678    8.1050    0.1463   12.9273    5.9098    0.3560    0.0000    0.0400    0.4300    0.0000
    9.7000    0.7578    0.4540    0.3038    1.0578    2.9994    3.4669    8.1044    0.1375   12.9320    5.9128    0.3560    0.0000    0.0400    0.4300    0.0000
    9.7000    0.7588    0.4540    0.3048    1.0588    3.0054    3.4661    8.1038    0.1287   12.9367    5.9159    0.3560    0.0000    0.0400    0.4300    0.0000
    9.7000    0.7597    0.4540    0.3057    1.0597    3.0114    3.4652    8.1033    0.1199   12.9414    5.9189    0.3560    0.0000    0.0400    0.4300    0.0000
    9.7000    0.7607    0.4540    0.3067    1.0607    3.0173    3.4643    8.1027    0.1110   12.9461    5.9220    0.3560    0.0000    0.0400    0.4300    0.0000
    9.7000    0.7617    0.4540    0.3077    1.0617    3.0233    3.4635    8.1021    0.1022   12.9508    5.9250    0.3560    0.0000    0.0400    0.4300    0.0000
    9.7000    0.7627    0.4540    0.3087    1.0627    3.0293    3.4626    8.1015    0.0934   12.9555    5.9281    0.3560    0.0000    0.0400    0.4300    0.0000
    9.7000    0.7637    0.4540    0.3097    1.0637    3.0352    3.4618    8.1009    0.0845   12.9602    5.9312    0.3560    0.0000    0.0400    0.4300    0.0000
    9.7000    0.7646    0.4540    0.3106    1.0646    3.0412    3.4609    8.1004    0.0757   12.9649    5.9342    0.3560    0.0000    0.0400    0.4300    0.0000
    9.7000    0.7656    0.4540    0.3116    1.0656    3.0472    3.4601    8.0998    0.0669   12.9696    5.9373    0.3560    0.0000    0.0400    0.4300    0.0000
    9.7000    0.7666    0.4540    0.3126    1.0666    3.0532    3.4592    8.0992    0.0581   12.9743    5.9403    0.3560    0.0000    0.0400    0.4300    0.0000
    9.7000    0.7676    0.4540    0.3136    1.0676    3.0591    3.4584    8.0986    0.0492   12.9790    5.9434    0.3560    0.0000    0.0400    0.4300    0.0000
    9.7000    0.7686    0.4540    0.3146    1.0686    3.0651    3.4575    8.0980    0.0404   12.9837    5.9464    0.3560    0.0000    0.0400    0.4300    0.0000
    9.7000    0.7696    0.4540    0.3156    1.0696    3.0711    3.4566    8.0974    0.0316   12.9884    5.9495    0.3560    0.0000    0.0400    0.4300    0.0000
    9.7000    0.7705    0.4540    0.3165    1.0705    3.0770    3.4558    8.0969    0.0227   12.9931    5.9526    0.3560    0.0000    0.0400    0.4300    0.0000
    9.7000    0.7715    0.4540    0.3175    1.0715    3.0830    3.4549    8.0963    0.0139   12.9978    5.9556    0.3560    0.0000    0.0400    0.4300    0.0000
    9.7000    0.7725    0.4540    0.3185    1.0725    3.0890    3.4541    8.0957    0.0051   13.0025    5.9587    0.3560    0.0000    0.0400    0.4300    0.0000
    9.7000    0.7735    0.4540    0.3195    1.0735    3.0950    3.4532    8.0951   -0.0037   13.0072    5.9617    0.3560    0.0000    0.0400    0.4300    0.0000
    9.7000    0.7745    0.4540    0.3205    1.0745    3.1009    3.4524    8.0945   -0.0126   13.0119    5.9648    0.3560    0.0000    0.0400    0.4300    0.0000
    9.7000    0.7754    0.4540    0.3214    1.0754    3.1069    3.4515    8.0940   -0.0214   13.0166    5.9678    0.3560    0.0000    0.0400    0.4300    0.0000
    9.7000    0.7764    0.4540    0.3224    1.0764    3.1129    3.4507    8.0934   -0.0302   13.0213    5.9709    0.3560    0.0000    0.0400    0.4300    0.0000
    9.7000    0.7774    0.4540    0.3234    1.0774    3.1188    3.4498    8.0928   -0.0391   13.0260    5.9739    0.3560    0.0000    0.0400    0.4300    0.0000
    9.7000    0.7784    0.4540    0.3244    1.0784    3.1248    3.4489    8.0922   -0.0479   13.0307    5.9770    0.3560    0.0000    0.0400    0.4300    0.0000
    9.7000    0.7794    0.4540    0.3254    1.0794    3.1308    3.4481    8.0916   -0.0567   13.0354    5.9801    0.3560    0.0000    0.0400    0.4300    0.0000
    9.7000    0.7803    0.4540    0.3263    1.0803    3.1368    3.4472    8.0910   -0.0656   13.0401    5.9831    0.3560    0.0000    0.0400    0.4300    0.0000
    9.7000    0.7813    0.4540    0.3273    1.0813    3.1427    3.4464    8.0905   -0.0744   13.0448    5.9862    0.3560    0.0000    0.0400    0.4300    0.0000
    9.7000    0.7823    0.4540    0.3283    1.0823    3.1487    3.4455    8.0899   -0.0832   13.0495    5.9892    0.3560    0.0000    0.0400    0.4300    0.0000
    9.7000    0.7833    0.4540    0.3293    1.0833    3.1547    3.4447    8.0893   -0.0920   13.0542    5.9923    0.3560    0.0000    0.0400    0.4300    0.0000
    9.7000    0.7843    0.4540    0.3303    1.0843    3.1606    3.4438    8.0887   -0.1009   13.0589    5.9953    0.3560    0.0000    0.0400    0.4300    0.0000
    9.7000    0.7852    0.4540    0.3312    1.0852    3.1666    3.4429    8.0881   -0.1097   13.0636    5.9984    0.3560    0.0000    0.0400    0.4300    0.0000
    9.7000    0.7862    0.4540    0.3322    1.0862    3.1726    3.4421    8.0875   -0.1185   13.0683    6.0015    0.3560    0.0000    0.0400    0.4300    0.0000
    9.7000    0.7872    0.4540    0.3332    1.0872    3.1786    3.4412    8.0870   -0.1274   13.0730    6.0045    0.3560    0.0000    0.0400    0.4300    0.0000
    9.7000    0.7882    0.4540    0.3342    1.0882    3.1845    3.4404    8.0864   -0.1362   13.0777    6.0076    0.3560    0.0000    0.0400    0.4300    0.0000
    9.7000    0.7892    0.4540    0.3352    1.0892    3.1905    3.4395    8.0858   -0.1450   13.0824    6.0106    0.3560    0.0000    0.0400    0.4300    0.0000
    9.7000    0.7901    0.4540    0.3361    1.0901    3.1965    3.4387    8.0852   -0.1538   13.0871    6.0137    0.3560    0.0000    0.0400    0.4300    0.0000
    9.7000    0.7911    0.4540    0.3371    1.0911    3.2024    3.4378    8.0846   -0.1627   13.0918    6.0167    0.3560    0.0000    0.0400    0.4300    0.0000
    9.7000    0.7921    0.4540    0.3381    1.0921    3.2084    3.4370    8.0841   -0.1715   13.0965    6.0198    0.3560    0.0000    0.0400    0.4300    0.0000
#   age       Mtot      Mc        Menv      Mini      logL      logT      logTc     logg      logR      logrhoc   Y         Yc        Z         FeH       OFe       
    9.7500    0.7117    0.4540    0.2577    1.0117    1.6973    3.6132    8.0618    1.9983   11.9883    4.3664    0.3560    0.9180    0.0400    0.4300    0.0000
    9.7500    0.7127    0.4540    0.2587    1.0127    1.6975    3.6132    8.0618    1.9985   11.9884    4.3664    0.3560    0.9180    0.0400    0.4300    0.0000
    9.7500    0.7136    0.4540    0.2596    1.0136    1.6977    3.6132    8.0618    1.9988   11.9886    4.3664    0.3560    0.9180    0.0400    0.4300    0.0000
    9.7500    0.7146    0.4540    0.2606    1.0146    1.6980    3.6132    8.0618    1.9991   11.9887    4.3664    0.3560    0.9180    0.0400    0.4300    0.0000
    9.7500    0.7156    0.4540    0.2616    1.0156    2.7427    3.5037    8.1294    0.5172   12.7300    5.7814    0.3560    0.0000    0.0400    0.4300    0.0000
    9.7500    0.7166    0.4540    0.2626    1.0166    2.7486    3.5029    8.1289    0.5083   12.7347    5.7844    0.3560    0.0000    0.0400    0.4300    0.0000
    9.7500    0.7176    0.4540    0.2636    1.0176    2.7546    3.5020    8.1283    0.4995   12.7394    5.7875    0.3560    0.0000    0.0400    0.4300    0.0000
    9.7500    0.7186    0.4540    0.2646    1.0186    2.7606    3.5011    8.1277    0.4907   12.7441    5.7906    0.3560    0.0000    0.0400    0.4300    0.0000
    9.7500    0.7195    0.4540    0.2655    1.0195    2.7666    3.5003    8.1271    0.4818   12.7488    5.7936    0.3560    0.0000    0.0400    0.4300    0.0000
    9.7500    0.7205    0.4540    0.2665    1.0205    2.7725    3.4994    8.1265    0.4730   12.7535    5.7967    0.3560    0.0000    0.0400    0.4300    0.0000
    9.7500    0.7215    0.4540    0.2675    1.0215    2.7785    3.4986    8.1260    0.4642   12.7582    5.7997    0.3560    0.0000    0.0400    0.4300    0.0000
    9.7500    0.7225    0.4540    0.2685    1.0225    2.7845    3.4977    8.1254    0.4554   12.7629    5.8028    0.3560    0.0000    0.0400    0.4300    0.0000
    9.7500    0.7235    0.4540    0.2695    1.0235    2.7904    3.4969    8.1248    0.4465   12.7676    5.8058    0.3560    0.0000    0.0400    0.4300    0.0000
    9.7500    0.7244    0.4540    0.2704    1.0244    2.7964    3.4960    8.1242    0.4377   12.7723    5.8089    0.3560    0.0000    0.0400    0.4300    0.0000
    9.7500    0.7254    0.4540    0.2714    1.0254    2.8024    3.4952    8.1236    0.4289   12.7770    5.8120    0.3560    0.0000    0.0400    0.4300    0.0000
    9.7500    0.7264    0.4540    0.2724    1.0264    2.8083    3.4943    8.1230    0.4200   12.7817    5.8150    0.3560    0.0000    0.0400    0.4300    0.0000
    9.7500    0.7274    0.4540    0.2734    1.0274    2.8143    3.4934    8.1225    0.4112   12.7864    5.8181    0.3560    0.0000    0.0400    0.4300    0.0000
    9.7500    0.7284    0.4540    0.2744    1.0284    2.8203    3.4926    8.1219    0.4024   12.7911    5.8211    0.3560    0.0000    0.0400    0.4300    0.0000
    9.7500    0.7293    0.4540    0.2753    1.0293    2.8263    3.4917    8.1213    0.3936   12.7958    5.8242    0.3560    0.0000    0.0400    0.4300    0.0000
    9.7500    0.7303    0.4540    0.2763    1.0303    2.8322    3.4909    8.1207    0.3847   12.8005    5.8272    0.3560    0.0000    0.0400    0.4300    0.0000
    9.7500    0.7313    0.4540    0.2773    1.0313    2.8382    3.4900    8.1201    0.3759   12.8052    5.8303    0.3560    0.0000    0.0400    0.4300    0.0000
    9.7500    0.7323    0.4540    0.2783    1.0323    2.8442    3.4892    8.1196    0.3671   12.8099    5.8333    0.3560    0.0000    0.0400    0.4300    0.0000
    9.7500    0.7333    0.4540    0.2793    1.0333    2.8501    3.4883    8.1190    0.3582   12.8146    5.8364    0.3560    0.0000    0.0400    0.4300    0.0000
    9.7500    0.7342    0.4540    0.2802    1.0342    2.8561    3.4875    8.1184    0.3494   12.8193    5.8395    0.3560    0.0000    0.0400    0.4300    0.0000
    9.7500    0.7352    0.4540    0.2812    1.0352    2.8621    3.4866    8.1178    0.3406   12.8240    5.8425    0.3560    0.0000    0.0400    0.4300    0.0000
    9.7500    0.7362    0.4540    0.2822    1.0362    2.8681    3.4857    8.1172    0.3318   12.8287    5.8456    0.3560    0.0000    0.0400    0.4300    0.0000
    9.7500    0.7372    0.4540    0.2832    1.0372    2.8740    3.4849    8.1166    0.3229   12.8333    5.8486    0.3560    0.0000    0.0400    0.4300    0.0000
    9.7500    0.7382    0.4540    0.2842    1.0382    2.8800    3.4840    8.1161    0.3141   12.8380    5.8517    0.3560    0.0000    0.0400    0.4300    0.0000
    9.7500    0.7391    0.4540    0.2851    1.0391    2.8860    3.4832    8.1155    0.3053   12.8427    5.8547    0.3560    0.0000    0.0400    0.4300    0.0000
    9.7500    0.7401    0.4540    0.2861    1.0401    2.8919    3.4823    8.1149    0.2964   12.8474    5.8578    0.3560    0.0000    0.0400    0.4300    0.0000
    9.7500    0.7411    0.4540    0.2871    1.0411    2.8979    3.4815    8.1143    0.2876   12.8521    5.8609    0.3560    0.0000    0.0400    0.4300    0.0000
    9.7500    0.7421    0.4540    0.2881    1.0421    2.9039    3.4806    8.1137    0.2788   12.8568    5.8639    0.3560    0.0000    0.0400    0.4300    0.0000
    9.7500    0.7431    0.4540    0.2891    1.0431    2.9099    3.4797    8.1132    0.2700   12.8615    5.8670    0.3560    0.0000    0.0400    0.4300    0.0000
    9.7500    0.7441    0.4540    0.2901    1.0441    2.9158    3.4789    8.1126    0.2611   12.8662    5.8700    0.3560    0.0000    0.0400    0.4300    0.0000
    9.7500    0.7450    0.4540    0.2910    1.0450    2.9218    3.4780    8.1120    0.2523   12.8709    5.8731    0.3560    0.0000    0.0400    0.4300    0.0000
    9.7500    0.7460    0.4540    0.2920    1.0460    2.9278    3.4772    8.1114    0.2435   12.8756    5.8761    0.3560    0.0000    0.0400    0.4300    0.0000
    9.7500    0.7470    0.4540    0.2930    1.0470    2.9337    3.4763    8.1108    0.2346   12.8803    5.8792    0.3560    0.0000    0.0400    0.4300    0.0000
    9.7500    0.7480    0.4540    0.2940    1.0480    2.9397    3.4755    8.1102    0.2258   12.8850    5.8823    0.3560    0.0000    0.0400    0.4300    0.0000
    9.7500    0.7490    0.4540    0.2950    1.0490    2.9457    3.4746    8.1097    0.2170   12.8897    5.8853    0.3560    0.0000    0.0400    0.4300    0.0000
    9.7500    0.7499    0.4540    0.2959    1.0499    2.9517    3.4738    8.1091    0.2081   12.8944    5.8884    0.3560    0.0000    0.0400    0.4300    0.0000
    9.7500    0.7509    0.4540    0.2969    1.0509    2.9576    3.4729    8.1085    0.1993   12.8991    5.8914    0.3560    0.0000    0.0400    0.4300    0.0000
#   age       Mtot      Mc        Menv      Mini      logL      logT      logTc     logg      logR      logrhoc   Y         Yc        Z         FeH       OFe       
    9.8000    0.6734    0.4540    0.2194    0.9734    1.6847    3.6177    8.0618    2.0038   11.9730    4.3662    0.3560    0.9179    0.0400    0.4300    0.0000
    9.8000    0.7735    0.4540    0.3195    0.9735    1.7116    3.6122    8.0618    2.0156   11.9975    4.3667    0.3560    0.9180    0.0400    0.4300    0.0000
    9.8000    0.6744    0.4540    0.2204    0.9744    1.6851    3.6175    8.0618    2.0035   11.9735    4.3662    0.3560    0.9179    0.0400    0.4300    0.0000
    9.8000    0.7745    0.4540    0.3205    0.9745    1.7118    3.6122    8.0618    2.0158   11.9977    4.3667    0.3560    0.9180    0.0400    0.4300    0.0000
    9.8000    0.6754    0.4540    0.2214    0.9754    1.6854    3.6174    8.0618    2.0031   11.9740    4.3662    0.3560    0.9179    0.0400    0.4300    0.0000
    9.8000    0.7754    0.4540    0.3214    0.9754    1.7121    3.6122    8.0618    2.0161   11.9978    4.3667    0.3560    0.9180    0.0400    0.4300    0.0000
    9.8000    0.6764    0.4540    0.2224    0.9764    3.0292    3.4637    8.0898    0.0453   12.9533    5.9126    0.3560    0.0000    0.0400    0.4300    0.0000
    9.8000    0.7764    0.4540    0.3224    0.9764    3.1129    3.4507    8.0934   -0.0302   13.0213    5.9709    0.3560    0.0000    0.0400    0.4300    0.0000
    9.8000    0.6774    0.4540    0.2234    0.9774    3.0360    3.4625    8.0894    0.0347   12.9589    5.9169    0.3560    0.0000    0.0400    0.4300    0.0000
    9.8000    0.7774    0.4540    0.3234    0.9774    3.1188    3.4498    8.0928   -0.0391   13.0260    5.9739    0.3560    0.0000    0.0400    0.4300    0.0000
    9.8000    0.6783    0.4540    0.2243    0.9783    3.0428    3.4614    8.0889    0.0240   12.9646    5.9212    0.3560    0.0000    0.0400    0.4300    0.0000
    9.8000    0.7784    0.4540    0.3244    0.9784    3.1248    3.4489    8.0922   -0.0479   13.0307    5.9770    0.3560    0.0000    0.0400    0.4300    0.0000
    9.8000    0.6793    0.4540    0.2253    0.9793    3.0497    3.4603    8.0885    0.0133   12.9703    5.9256    0.3560    0.0000    0.0400    0.4300    0.0000
    9.8000    0.7794    0.4540    0.3254    0.9794    3.1308    3.4481    8.0916   -0.0567   13.0354    5.9801    0.3560    0.0000    0.0400    0.4300    0.0000
    9.8000    0.6803    0.4540    0.2263    0.9803    3.0565    3.4591    8.0881    0.0027   12.9759    5.9299    0.3560    0.0000    0.0400    0.4300    0.0000
    9.8000    0.7803    0.4540    0.3263    0.9803    3.1368    3.4472    8.0910   -0.0656   13.0401    5.9831    0.3560    0.0000    0.0400    0.4300    0.0000
    9.8000    0.6813    0.4540    0.2273    0.9813    3.0633    3.4580    8.0877   -0.0080   12.9816    5.9343    0.3560    0.0000    0.0400    0.4300    0.0000
    9.8000    0.7813    0.4540    0.3273    0.9813    3.1427    3.4464    8.0905   -0.0744   13.0448    5.9862    0.3560    0.0000    0.0400    0.4300    0.0000
    9.8000    0.6823    0.4540    0.2283    0.9823    3.0702    3.4569    8.0873   -0.0187   12.9873    5.9386    0.3560    0.0000    0.0400    0.4300    0.0000
    9.8000    0.7823    0.4540    0.3283    0.9823    3.1487    3.4455    8.0899   -0.0832   13.0495    5.9892    0.3560    0.0000    0.0400    0.4300    0.0000
    9.8000    0.6832    0.4540    0.2292    0.9832    3.0770    3.4558    8.0869   -0.0293   12.9930    5.9429    0.3560    0.0000    0.0400    0.4300    0.0000
    9.8000    0.7833    0.4540    0.3293    0.9833    3.1547    3.4447    8.0893   -0.0920   13.0542    5.9923    0.3560    0.0000    0.0400    0.4300    0.0000
    9.8000    0.6842    0.4540    0.2302    0.9842    3.0838    3.4546    8.0865   -0.0400   12.9986    5.9473    0.3560    0.0000    0.0400    0.4300    0.0000
    9.8000    0.7843    0.4540    0.3303    0.9843    3.1606    3.4438    8.0887   -0.1009   13.0589    5.9953    0.3560    0.0000    0.0400    0.4300    0.0000
    9.8000    0.6852    0.4540    0.2312    0.9852    3.0907    3.4535    8.0861   -0.0507   13.0043    5.9516    0.3560    0.0000    0.0400    0.4300    0.0000
    9.8000    0.7852    0.4540    0.3312    0.9852    3.1666    3.4429    8.0881   -0.1097   13.0636    5.9984    0.3560    0.0000    0.0400    0.4300    0.0000
    9.8000    0.6862    0.4540    0.2322    0.9862    3.0975    3.4524    8.0857   -0.0614   13.0100    5.9559    0.3560    0.0000    0.0400    0.4300    0.0000
    9.8000    0.7862    0.4540    0.3322    0.9862    3.1726    3.4421    8.0875   -0.1185   13.0683    6.0015    0.3560    0.0000    0.0400    0.4300    0.0000
    9.8000    0.6872    0.4540    0.2332    0.9872    3.1043    3.4513    8.0852   -0.0720   13.0156    5.9603    0.3560    0.0000    0.0400    0.4300    0.0000
    9.8000    0.7872    0.4540    0.3332    0.9872    3.1786    3.4412    8.0870   -0.1274   13.0730    6.0045    0.3560    0.0000    0.0400    0.4300    0.0000
    9.8000    0.6881    0.4540    0.2341    0.9881    3.1112    3.4501    8.0848   -0.0827   13.0213    5.9646    0.3560    0.0000    0.0400    0.4300    0.0000
    9.8000    0.7882    0.4540    0.3342    0.9882    3.1845    3.4404    8.0864   -0.1362   13.0777    6.0076    0.3560    0.0000    0.0400    0.4300    0.0000
    9.8000    0.6891    0.4540    0.2351    0.9891    3.1180    3.4490    8.0844   -0.0934   13.0270    5.9690    0.3560    0.0000    0.0400    0.4300    0.0000
    9.8000    0.7892    0.4540    0.3352    0.9892    3.1905    3.4395    8.0858   -0.1450   13.0824    6.0106    0.3560    0.0000    0.0400    0.4300    0.0000
    9.8000    0.6901    0.4540    0.2361    0.9901    3.1249    3.4479    8.0840   -0.1040   13.0326    5.9733    0.3560    0.0000    0.0400    0.4300    0.0000
    9.8000    0.7901    0.4540    0.3361    0.9901    3.1965    3.4387    8.0852   -0.1538   13.0871    6.0137    0.3560    0.0000    0.0400    0.4300    0.0000
    9.8000    0.6911    0.4540    0.2371    0.9911    3.1317    3.4468    8.0836   -0.1147   13.0383    5.9776    0.3560    0.0000    0.0400    0.4300    0.0000
    9.8000    0.7911    0.4540    0.3371    0.9911    3.2024    3.4378    8.0846   -0.1627   13.0918    6.0167    0.3560    0.0000    0.0400    0.4300    0.0000
    9.8000    0.6921    0.4540    0.2381    0.9921    3.1385    3.4456    8.0832   -0.1254   13.0440    5.9820    0.3560    0.0000    0.0400    0.4300    0.0000
    9.8000    0.7921    0.4540    0.3381    0.9921    3.2084    3.4370    8.0841   -0.1715   13.0965    6.0198    0.3560    0.0000    0.0400    0.4300    0.0000
    9.8000    0.6930    0.4540    0.2390    0.9930    3.1454    3.4445    8.0828   -0.1360   13.0497    5.9863    0.3560    0.0000    0.0400    0.4300    0.0000
    9.8000    0.7931    0.4540    0.3391    0.9931    3.2144    3.4361    8.0835   -0.1803   13.1012    6.0229    0.3560    0.0000    0.0400    0.4300    0.0000
    9.8000    0.6940    0.4540    0.2400    0.9940    3.1522    3.4434    8.0824   -0.1467   13.0553    5.9907    0.3560    0.0000    0.0400    0.4300    0.0000
    9.8000    0.7941    0.4540    0.3401    0.9941    3.2203    3.4352    8.0829   -0.1892   13.1059    6.0259    0.3560    0.0000    0.0400    0.4300    0.0000
    9.8000    0.6950    0.4540    0.2410    0.9950    3.1590    3.4423    8.0820   -0.1574   13.0610    5.9950    0.3560    0.0000    0.0400    0.4300    0.0000
    9.8000    0.7951    0.4540    0.3411    0.9951    3.2263    3.4344    8.0823   -0.1980   13.1106    6.0290    0.3560    0.0000    0.0400    0.4300    0.0000
    9.8000    0.6960    0.4540    0.2420    0.9960    3.1659    3.4411    8.0815   -0.1680   13.0667    5.9993    0.3560    0.0000    0.0400    0.4300    0.0000
    9.8000    0.7960    0.4540    0.3420    0.9960    3.2323    3.4335    8.0817   -0.2068   13.1153    6.0320    0.3560    0.0000    0.0400    0.4300    0.0000
    9.8000    0.6970    0.4540    0.2430    0.9970    3.1727    3.4400    8.0811   -0.1787   13.0723    6.0037    0.3560    0.0000    0.0400    0.4300    0.0000
    9.8000    0.7970    0.4540    0.3430    0.9970    3.2383    3.4327    8.0811   -0.2156   13.1200    6.0351    0.3560    0.0000    0.0400    0.4300    0.0000
    9.8000    0.6980    0.4540    0.2440    0.9980    3.1795    3.4389    8.0807   -0.1894   13.0780    6.0080    0.3560    0.0000    0.0400    0.4300    0.0000
    9.8000    0.7980    0.4540    0.3440    0.9980    3.2442    3.4318    8.0806   -0.2245   13.1247    6.0381    0.3560    0.0000    0.0400    0.4300    0.0000
    9.8000    0.6989    0.4540    0.2449    0.9989    3.1864    3.4377    8.0803   -0.2000   13.0837    6.0123    0.3560    0.0000    0.0400    0.4300    0.0000
    9.8000    0.7990    0.4540    0.3450    0.9990    3.2502    3.4310    8.0800   -0.2333   13.1294    6.0412    0.3560    0.0000    0.0400    0.4300    0.0000
    9.8000    0.6999    0.4540    0.2459    0.9999    3.1932    3.4366    8.0799   -0.2107   13.0893    6.0167    0.3560    0.0000    0.0400    0.4300    0.0000
    9.8000    0.8000    0.4540    0.3460    1.0000    3.2562    3.4301    8.0794   -0.2421   13.1341    6.0443    0.3560    0.0000    0.0400    0.4300    0.0000
    9.8000    0.7009    0.4540    0.2469    1.0009    2.6531    3.5166    8.1382    0.6496   12.6595    5.7355    0.3560    0.0000    0.0400    0.4300    0.0000
    9.8000    0.7019    0.4540    0.2479    1.0019    2.6591    3.5157    8.1376    0.6408   12.6642    5.7386    0.3560    0.0000    0.0400    0.4300    0.0000
    9.8000    0.7029    0.4540    0.2489    1.0029    2.6650    3.5148    8.1370    0.6319   12.6689    5.7417    0.3560    0.0000    0.0400    0.4300    0.0000
    9.8000    0.7038    0.4540    0.2498    1.0038    2.6710    3.5140    8.1364    0.6231   12.6736    5.7447    0.3560    0.0000    0.0400    0.4300    0.0000
    9.8000    0.7048    0.4540    0.2508    1.0048    2.6770    3.5131    8.1358    0.6143   12.6783    5.7478    0.3560    0.0000    0.0400    0.4300    0.0000
    9.8000    0.7058    0.4540    0.2518    1.0058    2.6830    3.5123    8.1353    0.6055   12.6830    5.7508    0.3560    0.0000    0.0400    0.4300    0.0000
    9.8000    0.7068    0.4540    0.2528    1.0068    2.6889    3.5114    8.1347    0.5966   12.6877    5.7539    0.3560    0.0000    0.0400    0.4300    0.0000
    9.8000    0.7078    0.4540    0.2538    1.0078    2.6949    3.5106    8.1341    0.5878   12.6924    5.7569    0.3560    0.0000    0.0400    0.4300    0.0000
    9.8000    0.7087    0.4540    0.2547    1.0087    2.7009    3.5097    8.1335    0.5790   12.6971    5.7600    0.3560    0.0000    0.0400    0.4300    0.0000
    9.8000    0.7097    0.4540    0.2557    1.0097    2.7068    3.5088    8.1329    0.5701   12.7018    5.7630    0.3560    0.0000    0.0400    0.4300    0.0000
    9.8000    0.7107    0.4540    0.2567    1.0107    2.7128    3.5080    8.1324    0.5613   12.7065    5.7661    0.3560    0.0000    0.0400    0.4300    0.0000
#   age       Mtot      Mc        Menv      Mini      logL      logT      logTc     logg      logR      logrhoc   Y         Yc        Z         FeH       OFe       
    9.8500    0.6362    0.4540    0.1822    0.9362    1.6708    3.6237    8.0619    2.0161   11.9541    4.3659    0.3560    0.9179    0.0400    0.4300    0.0000
    9.8500    0.7362    0.4540    0.2822    0.9362    1.7030    3.6128    8.0618    2.0051   11.9919    4.3665    0.3560    0.9180    0.0400    0.4300    0.0000
    9.8500    0.6371    0.4540    0.1831    0.9371    1.6712    3.6235    8.0619    2.0158   11.9546    4.3659    0.3560    0.9179    0.0400    0.4300    0.0000
    9.8500    0.7372    0.4540    0.2832    0.9372    1.7032    3.6128    8.0618    2.0054   11.9921    4.3665    0.3560    0.9180    0.0400    0.4300    0.0000
    9.8500    0.6381    0.4540    0.1841    0.9381    1.6716    3.6234    8.0619    2.0155   11.9551    4.3659    0.3560    0.9179    0.0400    0.4300    0.0000
    9.8500    0.7382    0.4540    0.2842    0.9382    1.7034    3.6128    8.0618    2.0057   11.9922    4.3665    0.3560    0.9180    0.0400    0.4300    0.0000
    9.8500    0.6391    0.4540    0.1851    0.9391    2.7695    3.5065    8.1054    0.4507   12.7378    5.7477    0.3560    0.0000    0.0400    0.4300    0.0000
    9.8500    0.7391    0.4540    0.2851    0.9391    2.8860    3.4832    8.1155    0.3053   12.8427    5.8547    0.3560    0.0000    0.0400    0.4300    0.0000
    9.8500    0.6401    0.4540    0.1861    0.9401    2.7763    3.5053    8.1050    0.4401   12.7435    5.7520    0.3560    0.0000    0.0400    0.4300    0.0000
    9.8500    0.7401    0.4540    0.2861    0.9401    2.8919    3.4823    8.1149    0.2964   12.8474    5.8578    0.3560    0.0000    0.0400    0.4300    0.0000
    9.8500    0.6411    0.4540    0.1871    0.9411    2.7832    3.5042    8.1046    0.4294   12.7491    5.7564    0.3560    0.0000    0.0400    0.4300    0.0000
    9.8500    0.7411    0.4540    0.2871    0.9411    2.8979    3.4815    8.1143    0.2876   12.8521    5.8609    0.3560    0.0000    0.0400    0.4300    0.0000
    9.8500    0.6420    0.4540    0.1880    0.9420    2.7900    3.5031    8.1042    0.4187   12.7548    5.7607    0.3560    0.0000    0.0400    0.4300    0.0000
    9.8500    0.7421    0.4540    0.2881    0.9421    2.9039    3.4806    8.1137    0.2788   12.8568    5.8639    0.3560    0.0000    0.0400    0.4300    0.0000
    9.8500    0.6430    0.4540    0.1890    0.9430    2.7968    3.5019    8.1038    0.4080   12.7605    5.7651    0.3560    0.0000    0.0400    0.4300    0.0000
    9.8500    0.7431    0.4540    0.2891    0.9431    2.9099    3.4797    8.1132    0.2700   12.8615    5.8670    0.3560    0.0000    0.0400    0.4300    0.0000
    9.8500    0.6440    0.4540    0.1900    0.9440    2.8037    3.5008    8.1033    0.3974   12.7662    5.7694    0.3560    0.0000    0.0400    0.4300    0.0000
    9.8500    0.7441    0.4540    0.2901    0.9441    2.9158    3.4789    8.1126    0.2611   12.8662    5.8700    0.3560    0.0000    0.0400    0.4300    0.0000
    9.8500    0.6450    0.4540    0.1910    0.9450    2.8105    3.4997    8.1029    0.3867   12.7718    5.7737    0.3560    0.0000    0.0400    0.4300    0.0000
    9.8500    0.7450    0.4540    0.2910    0.9450    2.9218    3.4780    8.1120    0.2523   12.8709    5.8731    0.3560    0.0000    0.0400    0.4300    0.0000
    9.8500    0.6460    0.4540    0.1920    0.9460    2.8173    3.4986    8.1025    0.3760   12.7775    5.7781    0.3560    0.0000    0.0400    0.4300    0.0000
    9.8500    0.7460    0.4540    0.2920    0.9460    2.9278    3.4772    8.1114    0.2435   12.8756    5.8761    0.3560    0.0000    0.0400    0.4300    0.0000
    9.8500    0.6470    0.4540    0.1930    0.9470    2.8242    3.4974    8.1021    0.3654   12.7832    5.7824    0.3560    0.0000    0.0400    0.4300    0.0000
    9.8500    0.7470    0.4540    0.2930    0.9470    2.9337    3.4763    8.1108    0.2346   12.8803    5.8792    0.3560    0.0000    0.0400    0.4300    0.0000
    9.8500    0.6479    0.4540    0.1939    0.9479    2.8310    3.4963    8.1017    0.3547   12.7888    5.7867    0.3560    0.0000    0.0400    0.4300    0.0000
    9.8500    0.7480    0.4540    0.2940    0.9480    2.9397    3.4755    8.1102    0.2258   12.8850    5.8823    0.3560    0.0000    0.0400    0.4300    0.0000
    9.8500    0.6489    0.4540    0.1949    0.9489    2.8378    3.4952    8.1013    0.3440   12.7945    5.7911    0.3560    0.0000    0.0400    0.4300    0.0000
    9.8500    0.7490    0.4540    0.2950    0.9490    2.9457    3.4746    8.1097    0.2170   12.8897    5.8853    0.3560    0.0000    0.0400    0.4300    0.0000
    9.8500    0.6499    0.4540    0.1959    0.9499    2.8447    3.4941    8.1009    0.3334   12.8002    5.7954    0.3560    0.0000    0.0400    0.4300    0.0000
    9.8500    0.7499    0.4540    0.2959    0.9499    2.9517    3.4738    8.1091    0.2081   12.8944    5.8884    0.3560    0.0000    0.0400    0.4300    0.0000
    9.8500    0.6509    0.4540    0.1969    0.9509    2.8515    3.4929    8.1005    0.3227   12.8058    5.7998    0.3560    0.0000    0.0400    0.4300    0.0000
    9.8500    0.7509    0.4540    0.2969    0.9509    2.9576    3.4729    8.1085    0.1993   12.8991    5.8914    0.3560    0.0000    0.0400    0.4300    0.0000
    9.8500    0.6519    0.4540    0.1979    0.9519    2.8583    3.4918    8.1001    0.3120   12.8115    5.8041    0.3560    0.0000    0.0400    0.4300    0.0000
    9.8500    0.7519    0.4540    0.2979    0.9519    2.9636    3.4720    8.1079    0.1905   12.9038    5.8945    0.3560    0.0000    0.0400    0.4300    0.0000
    9.8500    0.6528    0.4540    0.1988    0.9528    2.8652    3.4907    8.0996    0.3014   12.8172    5.8084    0.3560    0.0000    0.0400    0.4300    0.0000
    9.8500    0.7529    0.4540    0.2989    0.9529    2.9696    3.4712    8.1073    0.1817   12.9085    5.8975    0.3560    0.0000    0.0400    0.4300    0.0000
    9.8500    0.6538    0.4540    0.1998    0.9538    2.8720    3.4896    8.0992    0.2907   12.8229    5.8128    0.3560    0.0000    0.0400    0.4300    0.0000
    9.8500    0.7539    0.4540    0.2999    0.9539    2.9755    3.4703    8.1068    0.1728   12.9132    5.9006    0.3560    0.0000    0.0400    0.4300    0.0000
    9.8500    0.6548    0.4540    0.2008    0.9548    2.8788    3.4884    8.0988    0.2800   12.8285    5.8171    0.3560    0.0000    0.0400    0.4300    0.0000
    9.8500    0.7548    0.4540    0.3008    0.9548    2.9815    3.4695    8.1062    0.1640   12.9179    5.9036    0.3560    0.0000    0.0400    0.4300    0.0000
    9.8500    0.6558    0.4540    0.2018    0.9558    2.8857    3.4873    8.0984    0.2694   12.8342    5.8215    0.3560    0.0000    0.0400    0.4300    0.0000
    9.8500    0.7558    0.4540    0.3018    0.9558    2.9875    3.4686    8.1056    0.1552   12.9226    5.9067    0.3560    0.0000    0.0400    0.4300    0.0000
    9.8500    0.6568    0.4540    0.2028    0.9568    2.8925    3.4862    8.0980    0.2587   12.8399    5.8258    0.3560    0.0000    0.0400    0.4300    0.0000
    9.8500    0.7568    0.4540    0.3028    0.9568    2.9934    3.4678    8.1050    0.1463   12.9273    5.9098    0.3560    0.0000    0.0400    0.4300    0.0000
    9.8500    0.6577    0.4540    0.2037    0.9577    2.8993    3.4851    8.0976    0.2480   12.8455    5.8301    0.3560    0.0000    0.0400    0.4300    0.0000
    9.8500    0.7578    0.4540    0.3038    0.9578    2.9994    3.4669    8.1044    0.1375   12.9320    5.9128    0.3560    0.0000    0.0400    0.4300    0.0000
    9.8500    0.6587    0.4540    0.2047    0.9587    2.9062    3.4839    8.0972    0.2374   12.8512    5.8345    0.3560    0.0000    0.0400    0.4300    0.0000
    9.8500    0.7588    0.4540    0.3048    0.9588    3.0054    3.4661    8.1038    0.1287   12.9367    5.9159    0.3560    0.0000    0.0400    0.4300    0.0000
    9.8500    0.6597    0.4540    0.2057    0.9597    2.9130    3.4828    8.0968    0.2267   12.8569    5.8388    0.3560    0.0000    0.0400    0.4300    0.0000
    9.8500    0.7597    0.4540    0.3057    0.9597    3.0114    3.4652    8.1033    0.1199   12.9414    5.9189    0.3560    0.0000    0.0400    0.4300    0.0000
    9.8500    0.6607    0.4540    0.2067    0.9607    2.9198    3.4817    8.0964    0.2160   12.8625    5.8431    0.3560    0.0000    0.0400    0.4300    0.0000
    9.8500    0.7607    0.4540    0.3067    0.9607    3.0173    3.4643    8.1027    0.1110   12.9461    5.9220    0.3560    0.0000    0.0400    0.4300    0.0000
    9.8500    0.6617    0.4540    0.2077    0.9617    2.9267    3.4805    8.0959    0.2054   12.8682    5.8475    0.3560    0.0000    0.0400    0.4300    0.0000
    9.8500    0.7617    0.4540    0.3077    0.9617    3.0233    3.4635    8.1021    0.1022   12.9508    5.9250    0.3560    0.0000    0.0400    0.4300    0.0000
    9.8500    0.6626    0.4540    0.2086    0.9626    2.9335    3.4794    8.0955    0.1947   12.8739    5.8518    0.3560    0.0000    0.0400    0.4300    0.0000
    9.8500    0.7627    0.4540    0.3087    0.9627    3.0293    3.4626    8.1015    0.0934   12.9555    5.9281    0.3560    0.0000    0.0400    0.4300    0.0000
    9.8500    0.6636    0.4540    0.2096    0.9636    2.9403    3.4783    8.0951    0.1840   12.8796    5.8562    0.3560    0.0000    0.0400    0.4300    0.0000
    9.8500    0.7637    0.4540    0.3097    0.9637    3.0352    3.4618    8.1009    0.0845   12.9602    5.9312    0.3560    0.0000    0.0400    0.4300    0.0000
    9.8500    0.6646    0.4540    0.2106    0.9646    2.9472    3.4772    8.0947    0.1733   12.8852    5.8605    0.3560    0.0000    0.0400    0.4300    0.0000
    9.8500    0.7646    0.4540    0.3106    0.9646    3.0412    3.4609    8.1004    0.0757   12.9649    5.9342    0.3560    0.0000    0.0400    0.4300    0.0000
    9.8500    0.6656    0.4540    0.2116    0.9656    2.9540    3.4760    8.0943    0.1627   12.8909    5.8648    0.3560    0.0000    0.0400    0.4300    0.0000
    9.8500    0.7656    0.4540    0.3116    0.9656    3.0472    3.4601    8.0998    0.0669   12.9696    5.9373    0.3560    0.0000    0.0400    0.4300    0.0000
    9.8500    0.6666    0.4540    0.2126    0.9666    2.9608    3.4749    8.0939    0.1520   12.8966    5.8692    0.3560    0.0000    0.0400    0.4300    0.0000
    9.8500    0.7666    0.4540    0.3126    0.9666    3.0532    3.4592    8.0992    0.0581   12.9743    5.9403    0.3560    0.0000    0.0400    0.4300    0.0000
    9.8500    0.6675    0.4540    0.2135    0.9675    2.9677    3.4738    8.0935    0.1413   12.9022    5.8735    0.3560    0.0000    0.0400    0.4300    0.0000
    9.8500    0.7676    0.4540    0.3136    0.9676    3.0591    3.4584    8.0986    0.0492   12.9790    5.9434    0.3560    0.0000    0.0400    0.4300    0.0000
    9.8500    0.6685    0.4540    0.2145    0.9685    2.9745    3.4727    8.0931    0.1307   12.9079    5.8779    0.3560    0.0000    0.0400    0.4300    0.0000
    9.8500    0.7686    0.4540    0.3146    0.9686    3.0651    3.4575    8.0980    0.0404   12.9837    5.9464    0.3560    0.0000    0.0400    0.4300    0.0000
    9.8500    0.6695    0.4540    0.2155    0.9695    2.9813    3.4715    8.0927    0.1200   12.9136    5.8822    0.3560    0.0000    0.0400    0.4300    0.0000
    9.8500    0.7696    0.4540    0.3156    0.9696    3.0711    3.4566    8.0974    0.0316   12.9884    5.9495    0.3560    0.0000    0.0400    0.4300    0.0000
    9.8500    0.6705    0.4540    0.2165    0.9705    2.9882    3.4704    8.0922    0.1093   12.9192    5.8865    0.3560    0.0000    0.0400    0.4300    0.0000
    9.8500    0.7705    0.4540    0.3165    0.9705    3.0770    3.4558    8.0969    0.0227   12.9931    5.9526    0.3560    0.0000    0.0400    0.4300    0.0000
    9.8500    0.6715    0.4540    0.2175    0.9715    2.9950    3.4693    8.0918    0.0987   12.9249    5.8909    0.3560    0.0000    0.0400    0.4300    0.0000
    9.8500    0.7715    0.4540    0.3175    0.9715    3.0830    3.4549    8.0963    0.0139   12.9978    5.9556    0.3560    0.0000    0.0400    0.4300    0.0000
    9.8500    0.6725    0.4540    0.2185    0.9725    3.0018    3.4682    8.0914    0.0880   12.9306    5.8952    0.3560    0.0000    0.0400    0.4300    0.0000
    9.8500    0.7725    0.4540    0.3185    0.9725    3.0890    3.4541    8.0957    0.0051   13.0025    5.9587    0.3560    0.0000    0.0400    0.4300    0.0000
#   age       Mtot      Mc        Menv      Mini      logL      logT      logTc     logg      logR      logrhoc   Y         Yc        Z         FeH       OFe       
    9.9000    0.6009    0.4540    0.1469    0.9009    1.6577    3.6294    8.0619    2.0278   11.9362    4.3657    0.3560    0.9179    0.0400    0.4300    0.0000
    9.9000    0.7009    0.4540    0.2469    0.9009    1.6948    3.6134    8.0618    1.9952   11.9866    4.3664    0.3560    0.9180    0.0400    0.4300    0.0000
    9.9000    0.6018    0.4540    0.1478    0.9018    1.6581    3.6292    8.0619    2.0275   11.9367    4.3657    0.3560    0.9179    0.0400    0.4300    0.0000
    9.9000    0.7019    0.4540    0.2479    0.9019    1.6950    3.6134    8.0618    1.9955   11.9868    4.3664    0.3560    0.9180    0.0400    0.4300    0.0000
    9.9000    0.6028    0.4540    0.1488    0.9028    1.6585    3.6290    8.0619    2.0272   11.9372    4.3657    0.3560    0.9179    0.0400    0.4300    0.0000
    9.9000    0.7029    0.4540    0.2489    0.9029    1.6952    3.6134    8.0618    1.9958   11.9869    4.3664    0.3560    0.9180    0.0400    0.4300    0.0000
    9.9000    0.6038    0.4540    0.1498    0.9038    2.5235    3.5470    8.1202    0.8348   12.5337    5.5915    0.3560    0.0000    0.0400    0.4300    0.0000
    9.9000    0.7038    0.4540    0.2498    0.9038    2.6710    3.5140    8.1364    0.6231   12.6736    5.7447    0.3560    0.0000    0.0400    0.4300    0.0000
    9.9000    0.6048    0.4540    0.1508    0.9048    2.5303    3.5459    8.1198    0.8241   12.5394    5.5959    0.3560    0.0000    0.0400    0.4300    0.0000
    9.9000    0.7048    0.4540    0.2508    0.9048    2.6770    3.5131    8.1358    0.6143   12.6783    5.7478    0.3560    0.0000    0.0400    0.4300    0.0000
    9.9000    0.6058    0.4540    0.1518    0.9058    2.5372    3.5448    8.1194    0.8134   12.5450    5.6002    0.3560    0.0000    0.0400    0.4300    0.0000
    9.9000    0.7058    0.4540    0.2518    0.9058    2.6830    3.5123    8.1353    0.6055   12.6830    5.7508    0.3560    0.0000    0.0400    0.4300    0.0000
    9.9000    0.6067    0.4540    0.1527    0.9067    2.5440    3.5436    8.1190    0.8028   12.5507    5.6045    0.3560    0.0000    0.0400    0.4300    0.0000
    9.9000    0.7068    0.4540    0.2528    0.9068    2.6889    3.5114    8.1347    0.5966   12.6877    5.7539    0.3560    0.0000    0.0400    0.4300    0.0000
    9.9000    0.6077    0.4540    0.1537    0.9077    2.5508    3.5425    8.1186    0.7921   12.5564    5.6089    0.3560    0.0000    0.0400    0.4300    0.0000
    9.9000    0.7078    0.4540    0.2538    0.9078    2.6949    3.5106    8.1341    0.5878   12.6924    5.7569    0.3560    0.0000    0.0400    0.4300    0.0000
    9.9000    0.6087    0.4540    0.1547    0.9087    2.5577    3.5414    8.1182    0.7814   12.5620    5.6132    0.3560    0.0000    0.0400    0.4300    0.0000
    9.9000    0.7087    0.4540    0.2547    0.9087    2.7009    3.5097    8.1335    0.5790   12.6971    5.7600    0.3560    0.0000    0.0400    0.4300    0.0000
    9.9000    0.6097    0.4540    0.1557    0.9097    2.5645    3.5402    8.1177    0.7708   12.5677    5.6175    0.3560    0.0000    0.0400    0.4300    0.0000
    9.9000    0.7097    0.4540    0.2557    0.9097    2.7068    3.5088    8.1329    0.5701   12.7018    5.7630    0.3560    0.0000    0.0400    0.4300    0.0000
    9.9000    0.6107    0.4540    0.1567    0.9107    2.5713    3.5391    8.1173    0.7601   12.5734    5.6219    0.3560    0.0000    0.0400    0.4300    0.0000
    9.9000    0.7107    0.4540    0.2567    0.9107    2.7128    3.5080    8.1324    0.5613   12.7065    5.7661    0.3560    0.0000    0.0400    0.4300    0.0000
    9.9000    0.6116    0.4540    0.1576    0.9116    2.5782    3.5380    8.1169    0.7494   12.5790    5.6262    0.3560    0.0000    0.0400    0.4300    0.0000
    9.9000    0.7117    0.4540    0.2577    0.9117    2.7188    3.5071    8.1318    0.5525   12.7112    5.7692    0.3560    0.0000    0.0400    0.4300    0.0000
    9.9000    0.6126    0.4540    0.1586    0.9126    2.5850    3.5369    8.1165    0.7388   12.5847    5.6306    0.3560    0.0000    0.0400    0.4300    0.0000
    9.9000    0.7127    0.4540    0.2587    0.9127    2.7248    3.5063    8.1312    0.5437   12.7159    5.7722    0.3560    0.0000    0.0400    0.4300    0.0000
    9.9000    0.6136    0.4540    0.1596    0.9136    2.5918    3.5357    8.1161    0.7281   12.5904    5.6349    0.3560    0.0000    0.0400    0.4300    0.0000
    9.9000    0.7136    0.4540    0.2596    0.9136    2.7307    3.5054    8.1306    0.5348   12.7206    5.7753    0.3560    0.0000    0.0400    0.4300    0.0000
    9.9000    0.6146    0.4540    0.1606    0.9146    2.5987    3.5346    8.1157    0.7174   12.5961    5.6392    0.3560    0.0000    0.0400    0.4300    0.0000
    9.9000    0.7146    0.4540    0.2606    0.9146    2.7367    3.5046    8.1300    0.5260   12.7253    5.7783    0.3560    0.0000    0.0400    0.4300    0.0000
    9.9000    0.6156    0.4540    0.1616    0.9156    2.6055    3.5335    8.1153    0.7068   12.6017    5.6436    0.3560    0.0000    0.0400    0.4300    0.0000
    9.9000    0.7156    0.4540    0.2616    0.9156    2.7427    3.5037    8.1294    0.5172   12.7300    5.7814    0.3560    0.0000    0.0400    0.4300    0.0000
    9.9000    0.6165    0.4540    0.1625    0.9165    2.6123    3.5324    8.1149    0.6961   12.6074    5.6479    0.3560    0.0000    0.0400    0.4300    0.0000
    9.9000    0.7166    0.4540    0.2626    0.9166    2.7486    3.5029    8.1289    0.5083   12.7347    5.7844    0.3560    0.0000    0.0400    0.4300    0.0000
    9.9000    0.6175    0.4540    0.1635    0.9175    2.6192    3.5312    8.1145    0.6854   12.6131    5.6523    0.3560    0.0000    0.0400    0.4300    0.0000
    9.9000    0.7176    0.4540    0.2636    0.9176    2.7546    3.5020    8.1283    0.4995   12.7394    5.7875    0.3560    0.0000    0.0400    0.4300    0.0000
    9.9000    0.6185    0.4540    0.1645    0.9185    2.6260    3.5301    8.1140    0.6748   12.6187    5.6566    0.3560    0.0000    0.0400    0.4300    0.0000
    9.9000    0.7186    0.4540    0.2646    0.9186    2.7606    3.5011    8.1277    0.4907   12.7441    5.7906    0.3560    0.0000    0.0400    0.4300    0.0000
    9.9000    0.6195    0.4540    0.1655    0.9195    2.6328    3.5290    8.1136    0.6641   12.6244    5.6609    0.3560    0.0000    0.0400    0.4300    0.0000
    9.9000    0.7195    0.4540    0.2655    0.9195    2.7666    3.5003    8.1271    0.4818   12.7488    5.7936    0.3560    0.0000    0.0400    0.4300    0.0000
    9.9000    0.6205    0.4540    0.1665    0.9205    2.6397    3.5279    8.1132    0.6534   12.6301    5.6653    0.3560    0.0000    0.0400    0.4300    0.0000
    9.9000    0.7205    0.4540    0.2665    0.9205    2.7725    3.4994    8.1265    0.4730   12.7535    5.7967    0.3560    0.0000    0.0400    0.4300    0.0000
    9.9000    0.6214    0.4540    0.1674    0.9214    2.6465    3.5267    8.1128    0.6428   12.6357    5.6696    0.3560    0.0000    0.0400    0.4300    0.0000
    9.9000    0.7215    0.4540    0.2675    0.9215    2.7785    3.4986    8.1260    0.4642   12.7582    5.7997    0.3560    0.0000    0.0400    0.4300    0.0000
    9.9000    0.6224    0.4540    0.1684    0.9224    2.6533    3.5256    8.1124    0.6321   12.6414    5.6739    0.3560    0.0000    0.0400    0.4300    0.0000
    9.9000    0.7225    0.4540    0.2685    0.9225    2.7845    3.4977    8.1254    0.4554   12.7629    5.8028    0.3560    0.0000    0.0400    0.4300    0.0000
    9.9000    0.6234    0.4540    0.1694    0.9234    2.6602    3.5245    8.1120    0.6214   12.6471    5.6783    0.3560    0.0000    0.0400    0.4300    0.0000
    9.9000    0.7235    0.4540    0.2695    0.9235    2.7904    3.4969    8.1248    0.4465   12.7676    5.8058    0.3560    0.0000    0.0400    0.4300    0.0000
    9.9000    0.6244    0.4540    0.1704    0.9244    2.6670    3.5234    8.1116    0.6107   12.6528    5.6826    0.3560    0.0000    0.0400    0.4300    0.0000
    9.9000    0.7244    0.4540    0.2704    0.9244    2.7964    3.4960    8.1242    0.4377   12.7723    5.8089    0.3560    0.0000    0.0400    0.4300    0.0000
    9.9000    0.6254    0.4540    0.1714    0.9254    2.6738    3.5222    8.1112    0.6001   12.6584    5.6870    0.3560    0.0000    0.0400    0.4300    0.0000
    9.9000    0.7254    0.4540    0.2714    0.9254    2.8024    3.4952    8.1236    0.4289   12.7770    5.8120    0.3560    0.0000    0.0400    0.4300    0.0000
    9.9000    0.6264    0.4540    0.1724    0.9264    2.6807    3.5211    8.1108    0.5894   12.6641    5.6913    0.3560    0.0000    0.0400    0.4300    0.0000
    9.9000    0.7264    0.4540    0.2724    0.9264    2.8083    3.4943    8.1230    0.4200   12.7817    5.8150    0.3560    0.0000    0.0400    0.4300    0.0000
    9.9000    0.6273    0.4540    0.1733    0.9273    2.6875    3.5200    8.1103    0.5787   12.6698    5.6956    0.3560    0.0000    0.0400    0.4300    0.0000
    9.9000    0.7274    0.4540    0.2734    0.9274    2.8143    3.4934    8.1225    0.4112   12.7864    5.8181    0.3560    0.0000    0.0400    0.4300    0.0000
    9.9000    0.6283    0.4540    0.1743    0.9283    2.6943    3.5188    8.1099    0.5681   12.6754    5.7000    0.3560    0.0000    0.0400    0.4300    0.0000
    9.9000    0.7284    0.4540    0.2744    0.9284    2.8203    3.4926    8.1219    0.4024   12.7911    5.8211    0.3560    0.0000    0.0400    0.4300    0.0000
    9.9000    0.6293    0.4540    0.1753    0.9293    2.7012    3.5177    8.1095    0.5574   12.6811    5.7043    0.3560    0.0000    0.0400    0.4300    0.0000
    9.9000    0.7293    0.4540    0.2753    0.9293    2.8263    3.4917    8.1213    0.3936   12.7958    5.8242    0.3560    0.0000    0.0400    0.4300    0.0000
    9.9000    0.6303    0.4540    0.1763    0.9303    2.7080    3.5166    8.1091    0.5467   12.6868    5.7087    0.3560    0.0000    0.0400    0.4300    0.0000
    9.9000    0.7303    0.4540    0.2763    0.9303    2.8322    3.4909    8.1207    0.3847   12.8005    5.8272    0.3560    0.0000    0.0400    0.4300    0.0000
    9.9000    0.6313    0.4540    0.1773    0.9313    2.7148    3.5155    8.1087    0.5361   12.6924    5.7130    0.3560    0.0000    0.0400    0.4300    0.0000
    9.9000    0.7313    0.4540    0.2773    0.9313    2.8382    3.4900    8.1201    0.3759   12.8052    5.8303    0.3560    0.0000    0.0400    0.4300    0.0000
    9.9000    0.6322    0.4540    0.1782    0.9322    2.7217    3.5143    8.1083    0.5254   12.6981    5.7173    0.3560    0.0000    0.0400    0.4300    0.0000
    9.9000    0.7323    0.4540    0.2783    0.9323    2.8442    3.4892    8.1196    0.3671   12.8099    5.8333    0.3560    0.0000    0.0400    0.4300    0.0000
    9.9000    0.6332    0.4540    0.1792    0.9332    2.7285    3.5132    8.1079    0.5147   12.7038    5.7217    0.3560    0.0000    0.0400    0.4300    0.0000
    9.9000    0.7333    0.4540    0.2793    0.9333    2.8501    3.4883    8.1190    0.3582   12.8146    5.8364    0.3560    0.0000    0.0400    0.4300    0.0000
    9.9000    0.6342    0.4540    0.1802    0.9342    2.7353    3.5121    8.1075    0.5041   12.7095    5.7260    0.3560    0.0000    0.0400    0.4300    0.0000
    9.9000    0.7342    0.4540    0.2802    0.9342    2.8561    3.4875    8.1184    0.3494   12.8193    5.8395    0.3560    0.0000    0.0400    0.4300    0.0000
    9.9000    0.6352    0.4540    0.1812    0.9352    2.7422    3.5110    8.1070    0.4934   12.7151    5.7303    0.3560    0.0000    0.0400    0.4300    0.0000
    9.9000    0.7352    0.4540    0.2812    0.9352    2.8621    3.4866    8.1178    0.3406   12.8240    5.8425    0.3560    0.0000    0.0400    0.4300    0.0000
#   age       Mtot      Mc        Menv      Mini      logL      logT      logTc     logg      logR      logrhoc   Y         Yc        Z         FeH       OFe       
    9.9500    0.5665    0.4540    0.1125    0.8665    1.6419    3.6379    8.0620    2.0537   11.9112    4.3654    0.3560    0.9179    0.0400    0.4300    0.0000
    9.9500    0.6666    0.4540    0.2126    0.8666    1.6821    3.6188    8.0619    2.0061   11.9696    4.3661    0.3560    0.9179    0.0400    0.4300    0.0000
    9.9500    0.7666    0.4540    0.3126    0.8666    1.7100    3.6123    8.0618    2.0136   11.9965    4.3667    0.3560    0.9180    0.0400    0.4300    0.0000
    9.9500    0.5675    0.4540    0.1135    0.8675    1.6426    3.6374    8.0620    2.0517   11.9126    4.3654    0.3560    0.9179    0.0400    0.4300    0.0000
    9.9500    0.6675    0.4540    0.2135    0.8675    1.6825    3.6186    8.0619    2.0057   11.9700    4.3662    0.3560    0.9179    0.0400    0.4300    0.0000
    9.9500    0.7676    0.4540    0.3136    0.8676    1.7103    3.6123    8.0618    2.0139   11.9966    4.3667    0.3560    0.9180    0.0400    0.4300    0.0000
    9.9500    0.5685    0.4540    0.1145    0.8685    1.6433    3.6369    8.0620    2.0497   11.9140    4.3654    0.3560    0.9179    0.0400    0.4300    0.0000
    9.9500    0.6685    0.4540    0.2145    0.8685    1.6829    3.6185    8.0618    2.0054   11.9705    4.3662    0.3560    0.9179    0.0400    0.4300    0.0000
    9.9500    0.7686    0.4540    0.3146    0.8686    3.0651    3.4575    8.0980    0.0404   12.9837    5.9464    0.3560    0.0000    0.0400    0.4300    0.0000
    9.9500    0.5695    0.4540    0.1155    0.8695    3.2003    3.4884    8.0483   -0.1007   12.9895    6.0236    0.3560    0.0000    0.0400    0.4300    0.0000
    9.9500    0.6695    0.4540    0.2155    0.8695    2.9813    3.4715    8.0927    0.1200   12.9136    5.8822    0.3560    0.0000    0.0400    0.4300    0.0000
    9.9500    0.7696    0.4540    0.3156    0.8696    3.0711    3.4566    8.0974    0.0316   12.9884    5.9495    0.3560    0.0000    0.0400    0.4300    0.0000
    9.9500    0.5704    0.4540    0.1164    0.8704    3.2308    3.4849    8.0448   -0.1442   13.0116    6.0389    0.3560    0.0000    0.0400    0.4300    0.0000
    9.9500    0.6705    0.4540    0.2165    0.8705    2.9882    3.4704    8.0922    0.1093   12.9192    5.8865    0.3560    0.0000    0.0400    0.4300    0.0000
    9.9500    0.7705    0.4540    0.3165    0.8705    3.0770    3.4558    8.0969    0.0227   12.9931    5.9526    0.3560    0.0000    0.0400    0.4300    0.0000
    9.9500    0.5714    0.4540    0.1174    0.8714    3.2612    3.4815    8.0413   -0.1878   13.0338    6.0542    0.3560    0.0000    0.0400    0.4300    0.0000
    9.9500    0.6715    0.4540    0.2175    0.8715    2.9950    3.4693    8.0918    0.0987   12.9249    5.8909    0.3560    0.0000    0.0400    0.4300    0.0000
    9.9500    0.7715    0.4540    0.3175    0.8715    3.0830    3.4549    8.0963    0.0139   12.9978    5.9556    0.3560    0.0000    0.0400    0.4300    0.0000
    9.9500    0.5724    0.4540    0.1184    0.8724    3.2917    3.4780    8.0378   -0.2313   13.0559    6.0695    0.3560    0.0000    0.0400    0.4300    0.0000
    9.9500    0.6725    0.4540    0.2185    0.8725    3.0018    3.4682    8.0914    0.0880   12.9306    5.8952    0.3560    0.0000    0.0400    0.4300    0.0000
    9.9500    0.7725    0.4540    0.3185    0.8725    3.0890    3.4541    8.0957    0.0051   13.0025    5.9587    0.3560    0.0000    0.0400    0.4300    0.0000
    9.9500    0.5734    0.4540    0.1194    0.8734    3.3221    3.4745    8.0343   -0.2749   13.0781    6.0847    0.3560    0.0000    0.0400    0.4300    0.0000
    9.9500    0.6734    0.4540    0.2194    0.8734    3.0087    3.4670    8.0910    0.0773   12.9363    5.8995    0.3560    0.0000    0.0400    0.4300    0.0000
    9.9500    0.7735    0.4540    0.3195    0.8735    3.0950    3.4532    8.0951   -0.0037   13.0072    5.9617    0.3560    0.0000    0.0400    0.4300    0.0000
    9.9500    0.5744    0.4540    0.1204    0.8744    3.3525    3.4711    8.0309   -0.3184   13.1003    6.1000    0.3560    0.0000    0.0400    0.4300    0.0000
    9.9500    0.6744    0.4540    0.2204    0.8744    3.0155    3.4659    8.0906    0.0667   12.9419    5.9039    0.3560    0.0000    0.0400    0.4300    0.0000
    9.9500    0.7745    0.4540    0.3205    0.8745    3.1009    3.4524    8.0945   -0.0126   13.0119    5.9648    0.3560    0.0000    0.0400    0.4300    0.0000
    9.9500    0.5754    0.4540    0.1214    0.8754    2.3253    3.5797    8.1321    1.1442   12.3692    5.4657    0.3560    0.0000    0.0400    0.4300    0.0000
    9.9500    0.6754    0.4540    0.2214    0.8754    3.0223    3.4648    8.0902    0.0560   12.9476    5.9082    0.3560    0.0000    0.0400    0.4300    0.0000
    9.9500    0.7754    0.4540    0.3214    0.8754    3.1069    3.4515    8.0940   -0.0214   13.0166    5.9678    0.3560    0.0000    0.0400    0.4300    0.0000
    9.9500    0.5763    0.4540    0.1223    0.8763    2.3322    3.5785    8.1317    1.1335   12.3749    5.4700    0.3560    0.0000    0.0400    0.4300    0.0000
    9.9500    0.6764    0.4540    0.2224    0.8764    3.0292    3.4637    8.0898    0.0453   12.9533    5.9126    0.3560    0.0000    0.0400    0.4300    0.0000
    9.9500    0.7764    0.4540    0.3224    0.8764    3.1129    3.4507    8.0934   -0.0302   13.0213    5.9709    0.3560    0.0000    0.0400    0.4300    0.0000
    9.9500    0.5773    0.4540    0.1233    0.8773    2.3390    3.5774    8.1313    1.1228   12.3806    5.4744    0.3560    0.0000    0.0400    0.4300    0.0000
    9.9500    0.6774    0.4540    0.2234    0.8774    3.0360    3.4625    8.0894    0.0347   12.9589    5.9169    0.3560    0.0000    0.0400    0.4300    0.0000
    9.9500    0.7774    0.4540    0.3234    0.8774    3.1188    3.4498    8.0928   -0.0391   13.0260    5.9739    0.3560    0.0000    0.0400    0.4300    0.0000
    9.9500    0.5783    0.4540    0.1243    0.8783    2.3458    3.5763    8.1309    1.1122   12.3863    5.4787    0.3560    0.0000    0.0400    0.4300    0.0000
    9.9500    0.6783    0.4540    0.2243    0.8783    3.0428    3.4614    8.0889    0.0240   12.9646    5.9212    0.3560    0.0000    0.0400    0.4300    0.0000
    9.9500    0.7784    0.4540    0.3244    0.8784    3.1248    3.4489    8.0922   -0.0479   13.0307    5.9770    0.3560    0.0000    0.0400    0.4300    0.0000
    9.9500    0.5793    0.4540    0.1253    0.8793    2.3527    3.5752    8.1305    1.1015   12.3919    5.4831    0.3560    0.0000    0.0400    0.4300    0.0000
    9.9500    0.6793    0.4540    0.2253    0.8793    3.0497    3.4603    8.0885    0.0133   12.9703    5.9256    0.3560    0.0000    0.0400    0.4300    0.0000
    9.9500    0.7794    0.4540    0.3254    0.8794    3.1308    3.4481    8.0916   -0.0567   13.0354    5.9801    0.3560    0.0000    0.0400    0.4300    0.0000
    9.9500    0.5803    0.4540    0.1263    0.8803    2.3595    3.5740    8.1301    1.0908   12.3976    5.4874    0.3560    0.0000    0.0400    0.4300    0.0000
    9.9500    0.6803    0.4540    0.2263    0.8803    3.0565    3.4591    8.0881    0.0027   12.9759    5.9299    0.3560    0.0000    0.0400    0.4300    0.0000
    9.9500    0.7803    0.4540    0.3263    0.8803    3.1368    3.4472    8.0910   -0.0656   13.0401    5.9831    0.3560    0.0000    0.0400    0.4300    0.0000
    9.9500    0.5812    0.4540    0.1272    0.8812    2.3663    3.5729    8.1297    1.0801   12.4033    5.4917    0.3560    0.0000    0.0400    0.4300    0.0000
    9.9500    0.6813    0.4540    0.2273    0.8813    3.0633    3.4580    8.0877   -0.0080   12.9816    5.9343    0.3560    0.0000    0.0400    0.4300    0.0000
    9.9500    0.7813    0.4540    0.3273    0.8813    3.1427    3.4464    8.0905   -0.0744   13.0448    5.9862    0.3560    0.0000    0.0400    0.4300    0.0000
    9.9500    0.5822    0.4540    0.1282    0.8822    2.3732    3.5718    8.1293    1.0695   12.4089    5.4961    0.3560    0.0000    0.0400    0.4300    0.0000
    9.9500    0.6823    0.4540    0.2283    0.8823    3.0702    3.4569    8.0873   -0.0187   12.9873    5.9386    0.3560    0.0000    0.0400    0.4300    0.0000
    9.9500    0.7823    0.4540    0.3283    0.8823    3.1487    3.4455    8.0899   -0.0832   13.0495    5.9892    0.3560    0.0000    0.0400    0.4300    0.0000
    9.9500    0.5832    0.4540    0.1292    0.8832    2.3800    3.5707    8.1289    1.0588   12.4146    5.5004    0.3560    0.0000    0.0400    0.4300    0.0000
    9.9500    0.6832    0.4540    0.2292    0.8832    3.0770    3.4558    8.0869   -0.0293   12.9930    5.9429    0.3560    0.0000    0.0400    0.4300    0.0000
    9.9500    0.7833    0.4540    0.3293    0.8833    3.1547    3.4447    8.0893   -0.0920   13.0542    5.9923    0.3560    0.0000    0.0400    0.4300    0.0000
    9.9500    0.5842    0.4540    0.1302    0.8842    2.3868    3.5695    8.1284    1.0481   12.4203    5.5047    0.3560    0.0000    0.0400    0.4300    0.0000
    9.9500    0.6842    0.4540    0.2302    0.8842    3.0838    3.4546    8.0865   -0.0400   12.9986    5.9473    0.3560    0.0000    0.0400    0.4300    0.0000
    9.9500    0.7843    0.4540    0.3303    0.8843    3.1606    3.4438    8.0887   -0.1009   13.0589    5.9953    0.3560    0.0000    0.0400    0.4300    0.0000
    9.9500    0.5852    0.4540    0.1312    0.8852    2.3937    3.5684    8.1280    1.0375   12.4259    5.5091    0.3560    0.0000    0.0400    0.4300    0.0000
    9.9500    0.6852    0.4540    0.2312    0.8852    3.0907    3.4535    8.0861   -0.0507   13.0043    5.9516    0.3560    0.0000    0.0400    0.4300    0.0000
    9.9500    0.7852    0.4540    0.3312    0.8852    3.1666    3.4429    8.0881   -0.1097   13.0636    5.9984    0.3560    0.0000    0.0400    0.4300    0.0000
    9.9500    0.5861    0.4540    0.1321    0.8861    2.4005    3.5673    8.1276    1.0268   12.4316    5.5134    0.3560    0.0000    0.0400    0.4300    0.0000
    9.9500    0.6862    0.4540    0.2322    0.8862    3.0975    3.4524    8.0857   -0.0614   13.0100    5.9559    0.3560    0.0000    0.0400    0.4300    0.0000
    9.9500    0.7862    0.4540    0.3322    0.8862    3.1726    3.4421    8.0875   -0.1185   13.0683    6.0015    0.3560    0.0000    0.0400    0.4300    0.0000
    9.9500    0.5871    0.4540    0.1331    0.8871    2.4073    3.5662    8.1272    1.0161   12.4373    5.5178    0.3560    0.0000    0.0400    0.4300    0.0000
    9.9500    0.6872    0.4540    0.2332    0.8872    3.1043    3.4513    8.0852   -0.0720   13.0156    5.9603    0.3560    0.0000    0.0400    0.4300    0.0000
    9.9500    0.7872    0.4540    0.3332    0.8872    3.1786    3.4412    8.0870   -0.1274   13.0730    6.0045    0.3560    0.0000    0.0400    0.4300    0.0000
    9.9500    0.5881    0.4540    0.1341    0.8881    2.4142    3.5650    8.1268    1.0055   12.4430    5.5221    0.3560    0.0000    0.0400    0.4300    0.0000
    9.9500    0.6881    0.4540    0.2341    0.8881    3.1112    3.4501    8.0848   -0.0827   13.0213    5.9646    0.3560    0.0000    0.0400    0.4300    0.0000
    9.9500    0.7882    0.4540    0.3342    0.8882    3.1845    3.4404    8.0864   -0.1362   13.0777    6.0076    0.3560    0.0000    0.0400    0.4300    0.0000
    9.9500    0.5891    0.4540    0.1351    0.8891    2.4210    3.5639    8.1264    0.9948   12.4486    5.5264    0.3560    0.0000    0.0400    0.4300    0.0000
    9.9500    0.6891    0.4540    0.2351    0.8891    3.1180    3.4490    8.0844   -0.0934   13.0270    5.9690    0.3560    0.0000    0.0400    0.4300    0.0000
    9.9500    0.7892    0.4540    0.3352    0.8892    3.1905    3.4395    8.0858   -0.1450   13.0824    6.0106    0.3560    0.0000    0.0400    0.4300    0.0000
    9.9500    0.5901    0.4540    0.1361    0.8901    2.4278    3.5628    8.1260    0.9841   12.4543    5.5308    0.3560    0.0000    0.0400    0.4300    0.0000
    9.9500    0.6901    0.4540    0.2361    0.8901    3.1249    3.4479    8.0840   -0.1040   13.0326    5.9733    0.3560    0.0000    0.0400    0.4300    0.0000
    9.9500    0.7901    0.4540    0.3361    0.8901    3.1965    3.4387    8.0852   -0.1538   13.0871    6.0137    0.3560    0.0000    0.0400    0.4300    0.0000
    9.9500    0.5910    0.4540    0.1370    0.8910    2.4347    3.5616    8.1256    0.9735   12.4600    5.5351    0.3560    0.0000    0.0400    0.4300    0.0000
    9.9500    0.6911    0.4540    0.2371    0.8911    3.1317    3.4468    8.0836   -0.1147   13.0383    5.9776    0.3560    0.0000    0.0400    0.4300    0.0000
    9.9500    0.7911    0.4540    0.3371    0.8911    3.2024    3.4378    8.0846   -0.1627   13.0918    6.0167    0.3560    0.0000    0.0400    0.4300    0.0000
    9.9500    0.5920    0.4540    0.1380    0.8920    2.4415    3.5605    8.1251    0.9628   12.4656    5.5395    0.3560    0.0000    0.0400    0.4300    0.0000
    9.9500    0.6921    0.4540    0.2381    0.8921    3.1385    3.4456    8.0832   -0.1254   13.0440    5.9820    0.3560    0.0000    0.0400    0.4300    0.0000
    9.9500    0.7921    0.4540    0.3381    0.8921    3.2084    3.4370    8.0841   -0.1715   13.0965    6.0198    0.3560    0.0000    0.0400    0.4300    0.0000
    9.9500    0.5930    0.4540    0.1390    0.8930    2.4483    3.5594    8.1247    0.9521   12.4713    5.5438    0.3560    0.0000    0.0400    0.4300    0.0000
    9.9500    0.6930    0.4540    0.2390    0.8930    3.1454    3.4445    8.0828   -0.1360   13.0497    5.9863    0.3560    0.0000    0.0400    0.4300    0.0000
    9.9500    0.7931    0.4540    0.3391    0.8931    3.2144    3.4361    8.0835   -0.1803   13.1012    6.0229    0.3560    0.0000    0.0400    0.4300    0.0000
    9.9500    0.5940    0.4540    0.1400    0.8940    2.4552    3.5583    8.1243    0.9415   12.4770    5.5481    0.3560    0.0000    0.0400    0.4300    0.0000
    9.9500    0.6940    0.4540    0.2400    0.8940    3.1522    3.4434    8.0824   -0.1467   13.0553    5.9907    0.3560    0.0000    0.0400    0.4300    0.0000
    9.9500    0.7941    0.4540    0.3401    0.8941    3.2203    3.4352    8.0829   -0.1892   13.1059    6.0259    0.3560    0.0000    0.0400    0.4300    0.0000
    9.9500    0.5950    0.4540    0.1410    0.8950    2.4620    3.5571    8.1239    0.9308   12.4826    5.5525    0.3560    0.0000    0.0400    0.4300    0.0000
    9.9500    0.6950    0.4540    0.2410    0.8950    3.1590    3.4423    8.0820   -0.1574   13.0610    5.9950    0.3560    0.0000    0.0400    0.4300    0.0000
    9.9500    0.7951    0.4540    0.3411    0.8951    3.2263    3.4344    8.0823   -0.1980   13.1106    6.0290    0.3560    0.0000    0.0400    0.4300    0.0000
    9.9500    0.5959    0.4540    0.1419    0.8959    2.4688    3.5560    8.1235    0.9201   12.4883    5.5568    0.3560    0.0000    0.0400    0.4300    0.0000
    9.9500    0.6960    0.4540    0.2420    0.8960    3.1659    3.4411    8.0815   -0.1680   13.0667    5.9993    0.3560    0.0000    0.0400    0.4300    0.0000
    9.9500    0.7960    0.4540    0.3420    0.8960    3.2323    3.4335    8.0817   -0.2068   13.1153    6.0320    0.3560    0.0000    0.0400    0.4300    0.0000
    9.9500    0.5969    0.4540    0.1429    0.8969    2.4757    3.5549    8.1231    0.9095   12.4940    5.5611    0.3560    0.0000    0.0400    0.4300    0.0000
    9.9500    0.6970    0.4540    0.2430    0.8970    3.1727    3.4400    8.0811   -0.1787   13.0723    6.0037    0.3560    0.0000    0.0400    0.4300    0.0000
    9.9500    0.7970    0.4540    0.3430    0.8970    3.2383    3.4327    8.0811   -0.2156   13.1200    6.0351    0.3560    0.0000    0.0400    0.4300    0.0000
    9.9500    0.5979    0.4540    0.1439    0.8979    2.4825    3.5538    8.1227    0.8988   12.4997    5.5655    0.3560    0.0000    0.0400    0.4300    0.0000
    9.9500    0.6980    0.4540    0.2440    0.8980    3.1795    3.4389    8.0807   -0.1894   13.0780    6.0080    0.3560    0.0000    0.0400    0.4300    0.0000
    9.9500    0.7980    0.4540    0.3440    0.8980    3.2442    3.4318    8.0806   -0.2245   13.1247    6.0381    0.3560    0.0000    0.0400    0.4300    0.0000
    9.9500    0.5989    0.4540    0.1449    0.8989    2.4893    3.5526    8.1223    0.8881   12.5053    5.5698    0.3560    0.0000    0.0400    0.4300    0.0000
    9.9500    0.6989    0.4540    0.2449    0.8989    3.1864    3.4377    8.0803   -0.2000   13.0837    6.0123    0.3560    0.0000    0.0400    0.4300    0.0000
    9.9500    0.7990    0.4540    0.3450    0.8990    3.2502    3.4310    8.0800   -0.2333   13.1294    6.0412    0.3560    0.0000    0.0400    0.4300    0.0000
    9.9500    0.5999    0.4540    0.1459    0.8999    2.4962    3.5515    8.1219    0.8775   12.5110    5.5742    0.3560    0.0000    0.0400    0.4300    0.0000
    9.9500    0.6999    0.4540    0.2459    0.8999    3.1932    3.4366    8.0799   -0.2107   13.0893    6.0167    0.3560    0.0000    0.0400    0.4300    0.0000
    9.9500    0.8000    0.4540    0.3460    0.9000    3.2562    3.4301    8.0794   -0.2421   13.1341    6.0443    0.3560    0.0000    0.0400    0.4300    0.0000
#   age       Mtot      Mc        Menv      Mini      logL      logT      logTc     logg      logR      logrhoc   Y         Yc        Z         FeH       OFe       
   10.0000    0.5342    0.4540    0.0802    0.8342    1.6119    3.6658    8.0620    2.1696   11.8405    4.3647    0.3560    0.9177    0.0400    0.4300    0.0000
   10.0000    0.6342    0.4540    0.1802    0.8342    1.6701    3.6240    8.0619    2.0168   11.9531    4.3659    0.3560    0.9179    0.0400    0.4300    0.0000
   10.0000    0.7342    0.4540    0.2802    0.8342    1.7025    3.6129    8.0618    2.0046   11.9916    4.3665    0.3560    0.9180    0.0400    0.4300    0.0000
   10.0000    0.5351    0.4540    0.0811    0.8351    1.6132    3.6641    8.0620    2.1625   11.8444    4.3647    0.3560    0.9177    0.0400    0.4300    0.0000
   10.0000    0.6352    0.4540    0.1812    0.8352    1.6705    3.6238    8.0619    2.0165   11.9536    4.3659    0.3560    0.9179    0.0400    0.4300    0.0000
   10.0000    0.7352    0.4540    0.2812    0.8352    1.7027    3.6128    8.0618    2.0048   11.9918    4.3665    0.3560    0.9180    0.0400    0.4300    0.0000
   10.0000    0.5361    0.4540    0.0821    0.8361    2.6671    4.5030    8.0610    4.4649   10.6936    5.9290    0.3560    0.0000    0.0400    0.4300    0.0000
   10.0000    0.6362    0.4540    0.1822    0.8362    2.7490    3.5098    8.1066    0.4827   12.7208    5.7347    0.3560    0.0000    0.0400    0.4300    0.0000
   10.0000    0.7362    0.4540    0.2822    0.8362    2.8681    3.4857    8.1172    0.3318   12.8287    5.8456    0.3560    0.0000    0.0400    0.4300    0.0000
   10.0000    0.5371    0.4540    0.0831    0.8371    2.6917    4.6199    8.0529    4.9090   10.4720    5.9699    0.3560    0.0000    0.0400    0.4300    0.0000
   10.0000    0.6371    0.4540    0.1831    0.8371    2.7558    3.5087    8.1062    0.4721   12.7265    5.7390    0.3560    0.0000    0.0400    0.4300    0.0000
   10.0000    0.7372    0.4540    0.2832    0.8372    2.8740    3.4849    8.1166    0.3229   12.8333    5.8486    0.3560    0.0000    0.0400    0.4300    0.0000
   10.0000    0.5381    0.4540    0.0841    0.8381    2.7162    4.7369    8.0449    5.3531   10.2503    6.0109    0.3560    0.0000    0.0400    0.4300    0.0000
   10.0000    0.6381    0.4540    0.1841    0.8381    2.7627    3.5076    8.1058    0.4614   12.7321    5.7434    0.3560    0.0000    0.0400    0.4300    0.0000
   10.0000    0.7382    0.4540    0.2842    0.8382    2.8800    3.4840    8.1161    0.3141   12.8380    5.8517    0.3560    0.0000    0.0400    0.4300    0.0000
   10.0000    0.5391    0.4540    0.0851    0.8391    2.7408    4.8538    8.0368    5.7971   10.0287    6.0518    0.3560    0.0000    0.0400    0.4300    0.0000
   10.0000    0.6391    0.4540    0.1851    0.8391    2.7695    3.5065    8.1054    0.4507   12.7378    5.7477    0.3560    0.0000    0.0400    0.4300    0.0000
   10.0000    0.7391    0.4540    0.2851    0.8391    2.8860    3.4832    8.1155    0.3053   12.8427    5.8547    0.3560    0.0000    0.0400    0.4300    0.0000
   10.0000    0.5400    0.4540    0.0860    0.8400    2.8071    3.5459    8.0934    0.4998   12.6778    5.8416    0.3560    0.0000    0.0400    0.4300    0.0000
   10.0000    0.6401    0.4540    0.1861    0.8401    2.7763    3.5053    8.1050    0.4401   12.7435    5.7520    0.3560    0.0000    0.0400    0.4300    0.0000
   10.0000    0.7401    0.4540    0.2861    0.8401    2.8919    3.4823    8.1149    0.2964   12.8474    5.8578    0.3560    0.0000    0.0400    0.4300    0.0000
   10.0000    0.5410    0.4540    0.0870    0.8410    2.8239    3.6867    8.0861    1.0471   12.4045    5.8698    0.3560    0.0000    0.0400    0.4300    0.0000
   10.0000    0.6411    0.4540    0.1871    0.8411    2.7832    3.5042    8.1046    0.4294   12.7491    5.7564    0.3560    0.0000    0.0400    0.4300    0.0000
   10.0000    0.7411    0.4540    0.2871    0.8411    2.8979    3.4815    8.1143    0.2876   12.8521    5.8609    0.3560    0.0000    0.0400    0.4300    0.0000
   10.0000    0.5420    0.4540    0.0880    0.8420    2.8407    3.8275    8.0788    1.5944   12.1313    5.8980    0.3560    0.0000    0.0400    0.4300    0.0000
   10.0000    0.6420    0.4540    0.1880    0.8420    2.7900    3.5031    8.1042    0.4187   12.7548    5.7607    0.3560    0.0000    0.0400    0.4300    0.0000
   10.0000    0.7421    0.4540    0.2881    0.8421    2.9039    3.4806    8.1137    0.2788   12.8568    5.8639    0.3560    0.0000    0.0400    0.4300    0.0000
   10.0000    0.5430    0.4540    0.0890    0.8430    2.8574    3.9683    8.0715    2.1417   11.8580    5.9262    0.3560    0.0000    0.0400    0.4300    0.0000
   10.0000    0.6430    0.4540    0.1890    0.8430    2.7968    3.5019    8.1038    0.4080   12.7605    5.7651    0.3560    0.0000    0.0400    0.4300    0.0000
   10.0000    0.7431    0.4540    0.2891    0.8431    2.9099    3.4797    8.1132    0.2700   12.8615    5.8670    0.3560    0.0000    0.0400    0.4300    0.0000
   10.0000    0.5440    0.4540    0.0900    0.8440    2.8742    4.1091    8.0642    2.6890   11.5848    5.9544    0.3560    0.0000    0.0400    0.4300    0.0000
   10.0000    0.6440    0.4540    0.1900    0.8440    2.8037    3.5008    8.1033    0.3974   12.7662    5.7694    0.3560    0.0000    0.0400    0.4300    0.0000
   10.0000    0.7441    0.4540    0.2901    0.8441    2.9158    3.4789    8.1126    0.2611   12.8662    5.8700    0.3560    0.0000    0.0400    0.4300    0.0000
   10.0000    0.5449    0.4540    0.0909    0.8449    2.8910    4.2500    8.0569    3.2363   11.3115    5.9826    0.3560    0.0000    0.0400    0.4300    0.0000
   10.0000    0.6450    0.4540    0.1910    0.8450    2.8105    3.4997    8.1029    0.3867   12.7718    5.7737    0.3560    0.0000    0.0400    0.4300    0.0000
   10.0000    0.7450    0.4540    0.2910    0.8450    2.9218    3.4780    8.1120    0.2523   12.8709    5.8731    0.3560    0.0000    0.0400    0.4300    0.0000
   10.0000    0.5459    0.4540    0.0919    0.8459    2.9077    4.3908    8.0496    3.7835   11.0382    6.0108    0.3560    0.0000    0.0400    0.4300    0.0000
   10.0000    0.6460    0.4540    0.1920    0.8460    2.8173    3.4986    8.1025    0.3760   12.7775    5.7781    0.3560    0.0000    0.0400    0.4300    0.0000
   10.0000    0.7460    0.4540    0.2920    0.8460    2.9278    3.4772    8.1114    0.2435   12.8756    5.8761    0.3560    0.0000    0.0400    0.4300    0.0000
   10.0000    0.5469    0.4540    0.0929    0.8469    2.9245    4.5316    8.0422    4.3308   10.7650    6.0390    0.3560    0.0000    0.0400    0.4300    0.0000
   10.0000    0.6470    0.4540    0.1930    0.8470    2.8242    3.4974    8.1021    0.3654   12.7832    5.7824    0.3560    0.0000    0.0400    0.4300    0.0000
   10.0000    0.7470    0.4540    0.2930    0.8470    2.9337    3.4763    8.1108    0.2346   12.8803    5.8792    0.3560    0.0000    0.0400    0.4300    0.0000
   10.0000    0.5479    0.4540    0.0939    0.8479    2.9413    4.6724    8.0349    4.8781   10.4917    6.0672    0.3560    0.0000    0.0400    0.4300    0.0000
   10.0000    0.6479    0.4540    0.1939    0.8479    2.8310    3.4963    8.1017    0.3547   12.7888    5.7867    0.3560    0.0000    0.0400    0.4300    0.0000
   10.0000    0.7480    0.4540    0.2940    0.8480    2.9397    3.4755    8.1102    0.2258   12.8850    5.8823    0.3560    0.0000    0.0400    0.4300    0.0000
   10.0000    0.5489    0.4540    0.0949    0.8489    2.9580    4.8132    8.0276    5.4254   10.2185    6.0955    0.3560    0.0000    0.0400    0.4300    0.0000
   10.0000    0.6489    0.4540    0.1949    0.8489    2.8378    3.4952    8.1013    0.3440   12.7945    5.7911    0.3560    0.0000    0.0400    0.4300    0.0000
   10.0000    0.7490    0.4540    0.2950    0.8490    2.9457    3.4746    8.1097    0.2170   12.8897    5.8853    0.3560    0.0000    0.0400    0.4300    0.0000
   10.0000    0.5499    0.4540    0.0959    0.8499    2.9748    4.9541    8.0203    5.9727    9.9452    6.1237    0.3560    0.0000    0.0400    0.4300    0.0000
   10.0000    0.6499    0.4540    0.1959    0.8499    2.8447    3.4941    8.1009    0.3334   12.8002    5.7954    0.3560    0.0000    0.0400    0.4300    0.0000
   10.0000    0.7499    0.4540    0.2959    0.8499    2.9517    3.4738    8.1091    0.2081   12.8944    5.8884    0.3560    0.0000    0.0400    0.4300    0.0000
   10.0000    0.5508    0.4540    0.0968    0.8508    2.6220    3.5542    8.1144    0.7268   12.5685    5.7335    0.3560    0.0000    0.0400    0.4300    0.0000
   10.0000    0.6509    0.4540    0.1969    0.8509    2.8515    3.4929    8.1005    0.3227   12.8058    5.7998    0.3560    0.0000    0.0400    0.4300    0.0000
   10.0000    0.7509    0.4540    0.2969    0.8509    2.9576    3.4729    8.1085    0.1993   12.8991    5.8914    0.3560    0.0000    0.0400    0.4300    0.0000
   10.0000    0.5518    0.4540    0.0978    0.8518    2.6524    3.5508    8.1109    0.6833   12.5907    5.7488    0.3560    0.0000    0.0400    0.4300    0.0000
   10.0000    0.6519    0.4540    0.1979    0.8519    2.8583    3.4918    8.1001    0.3120   12.8115    5.8041    0.3560    0.0000    0.0400    0.4300    0.0000
   10.0000    0.7519    0.4540    0.2979    0.8519    2.9636    3.4720    8.1079    0.1905   12.9038    5.8945    0.3560    0.0000    0.0400    0.4300    0.0000
   10.0000    0.5528    0.4540    0.0988    0.8528    2.6829    3.5473    8.1074    0.6397   12.6128    5.7641    0.3560    0.0000    0.0400    0.4300    0.0000
   10.0000    0.6528    0.4540    0.1988    0.8528    2.8652    3.4907    8.0996    0.3014   12.8172    5.8084    0.3560    0.0000    0.0400    0.4300    0.0000
   10.0000    0.7529    0.4540    0.2989    0.8529    2.9696    3.4712    8.1073    0.1817   12.9085    5.8975    0.3560    0.0000    0.0400    0.4300    0.0000
   10.0000    0.5538    0.4540    0.0998    0.8538    2.7133    3.5438    8.1039    0.5962   12.6350    5.7793    0.3560    0.0000    0.0400    0.4300    0.0000
   10.0000    0.6538    0.4540    0.1998    0.8538    2.8720    3.4896    8.0992    0.2907   12.8229    5.8128    0.3560    0.0000    0.0400    0.4300    0.0000
   10.0000    0.7539    0.4540    0.2999    0.8539    2.9755    3.4703    8.1068    0.1728   12.9132    5.9006    0.3560    0.0000    0.0400    0.4300    0.0000
   10.0000    0.5548    0.4540    0.1008    0.8548    2.7438    3.5404    8.1005    0.5526   12.6572    5.7946    0.3560    0.0000    0.0400    0.4300    0.0000
   10.0000    0.6548    0.4540    0.2008    0.8548    2.8788    3.4884    8.0988    0.2800   12.8285    5.8171    0.3560    0.0000    0.0400    0.4300    0.0000
   10.0000    0.7548    0.4540    0.3008    0.8548    2.9815    3.4695    8.1062    0.1640   12.9179    5.9036    0.3560    0.0000    0.0400    0.4300    0.0000
   10.0000    0.5557    0.4540    0.1017    0.8557    2.7742    3.5369    8.0970    0.5091   12.6793    5.8099    0.3560    0.0000    0.0400    0.4300    0.0000
   10.0000    0.6558    0.4540    0.2018    0.8558    2.8857    3.4873    8.0984    0.2694   12.8342    5.8215    0.3560    0.0000    0.0400    0.4300    0.0000
   10.0000    0.7558    0.4540    0.3018    0.8558    2.9875    3.4686    8.1056    0.1552   12.9226    5.9067    0.3560    0.0000    0.0400    0.4300    0.0000
   10.0000    0.5567    0.4540    0.1027    0.8567    2.8046    3.5334    8.0935    0.4655   12.7015    5.8251    0.3560    0.0000    0.0400    0.4300    0.0000
   10.0000    0.6568    0.4540    0.2028    0.8568    2.8925    3.4862    8.0980    0.2587   12.8399    5.8258    0.3560    0.0000    0.0400    0.4300    0.0000
   10.0000    0.7568    0.4540    0.3028    0.8568    2.9934    3.4678    8.1050    0.1463   12.9273    5.9098    0.3560    0.0000    0.0400    0.4300    0.0000
   10.0000    0.5577    0.4540    0.1037    0.8577    2.8351    3.5300    8.0900    0.4219   12.7236    5.8404    0.3560    0.0000    0.0400    0.4300    0.0000
   10.0000    0.6577    0.4540    0.2037    0.8577    2.8993    3.4851    8.0976    0.2480   12.8455    5.8301    0.3560    0.0000    0.0400    0.4300    0.0000
   10.0000    0.7578    0.4540    0.3038    0.8578    2.9994    3.4669    8.1044    0.1375   12.9320    5.9128    0.3560    0.0000    0.0400    0.4300    0.0000
   10.0000    0.5587    0.4540    0.1047    0.8587    2.8655    3.5265    8.0865    0.3784   12.7458    5.8557    0.3560    0.0000    0.0400    0.4300    0.0000
   10.0000    0.6587    0.4540    0.2047    0.8587    2.9062    3.4839    8.0972    0.2374   12.8512    5.8345    0.3560    0.0000    0.0400    0.4300    0.0000
   10.0000    0.7588    0.4540    0.3048    0.8588    3.0054    3.4661    8.1038    0.1287   12.9367    5.9159    0.3560    0.0000    0.0400    0.4300    0.0000
   10.0000    0.5597    0.4540    0.1057    0.8597    2.8960    3.5230    8.0831    0.3348   12.7679    5.8710    0.3560    0.0000    0.0400    0.4300    0.0000
   10.0000    0.6597    0.4540    0.2057    0.8597    2.9130    3.4828    8.0968    0.2267   12.8569    5.8388    0.3560    0.0000    0.0400    0.4300    0.0000
   10.0000    0.7597    0.4540    0.3057    0.8597    3.0114    3.4652    8.1033    0.1199   12.9414    5.9189    0.3560    0.0000    0.0400    0.4300    0.0000
   10.0000    0.5606    0.4540    0.1066    0.8606    2.9264    3.5196    8.0796    0.2913   12.7901    5.8862    0.3560    0.0000    0.0400    0.4300    0.0000
   10.0000    0.6607    0.4540    0.2067    0.8607    2.9198    3.4817    8.0964    0.2160   12.8625    5.8431    0.3560    0.0000    0.0400    0.4300    0.0000
   10.0000    0.7607    0.4540    0.3067    0.8607    3.0173    3.4643    8.1027    0.1110   12.9461    5.9220    0.3560    0.0000    0.0400    0.4300    0.0000
   10.0000    0.5616    0.4540    0.1076    0.8616    2.9568    3.5161    8.0761    0.2477   12.8122    5.9015    0.3560    0.0000    0.0400    0.4300    0.0000
   10.0000    0.6617    0.4540    0.2077    0.8617    2.9267    3.4805    8.0959    0.2054   12.8682    5.8475    0.3560    0.0000    0.0400    0.4300    0.0000
   10.0000    0.7617    0.4540    0.3077    0.8617    3.0233    3.4635    8.1021    0.1022   12.9508    5.9250    0.3560    0.0000    0.0400    0.4300    0.0000
   10.0000    0.5626    0.4540    0.1086    0.8626    2.9873    3.5126    8.0726    0.2042   12.8344    5.9168    0.3560    0.0000    0.0400    0.4300    0.0000
   10.0000    0.6626    0.4540    0.2086    0.8626    2.9335    3.4794    8.0955    0.1947   12.8739    5.8518    0.3560    0.0000    0.0400    0.4300    0.0000
   10.0000    0.7627    0.4540    0.3087    0.8627    3.0293    3.4626    8.1015    0.0934   12.9555    5.9281    0.3560    0.0000    0.0400    0.4300    0.0000
   10.0000    0.5636    0.4540    0.1096    0.8636    3.0177    3.5092    8.0691    0.1606   12.8565    5.9320    0.3560    0.0000    0.0400    0.4300    0.0000
   10.0000    0.6636    0.4540    0.2096    0.8636    2.9403    3.4783    8.0951    0.1840   12.8796    5.8562    0.3560    0.0000    0.0400    0.4300    0.0000
   10.0000    0.7637    0.4540    0.3097    0.8637    3.0352    3.4618    8.1009    0.0845   12.9602    5.9312    0.3560    0.0000    0.0400    0.4300    0.0000
   10.0000    0.5646    0.4540    0.1106    0.8646    3.0481    3.5057    8.0657    0.1171   12.8787    5.9473    0.3560    0.0000    0.0400    0.4300    0.0000
   10.0000    0.6646    0.4540    0.2106    0.8646    2.9472    3.4772    8.0947    0.1733   12.8852    5.8605    0.3560    0.0000    0.0400    0.4300    0.0000
   10.0000    0.7646    0.4540    0.3106    0.8646    3.0412    3.4609    8.1004    0.0757   12.9649    5.9342    0.3560    0.0000    0.0400    0.4300    0.0000
   10.0000    0.5655    0.4540    0.1115    0.8655    3.0786    3.5023    8.0622    0.0735   12.9009    5.9626    0.3560    0.0000    0.0400    0.4300    0.0000
   10.0000    0.6656    0.4540    0.2116    0.8656    2.9540    3.4760    8.0943    0.1627   12.8909    5.8648    0.3560    0.0000    0.0400    0.4300    0.0000
   10.0000    0.7656    0.4540    0.3116    0.8656    3.0472    3.4601    8.0998    0.0669   12.9696    5.9373    0.3560    0.0000    0.0400    0.4300    0.0000
#   age       Mtot      Mc        Menv      Mini      logL      logT      logTc     logg      logR      logrhoc   Y         Yc        Z         FeH       OFe       
   10.0500    0.6018    0.4540    0.1478    0.8018    1.6581    3.6292    8.0619    2.0275   11.9367    4.3657    0.3560    0.9179    0.0400    0.4300    0.0000
   10.0500    0.7019    0.4540    0.2479    0.8019    1.6950    3.6134    8.0618    1.9955   11.9868    4.3664    0.3560    0.9180    0.0400    0.4300    0.0000
   10.0500    0.5028    0.4540    0.0488    0.8028    1.4810    3.9665    8.0624    3.4772   11.1735    4.3627    0.3560    0.9178    0.0400    0.4300    0.0000
   10.0500    0.6028    0.4540    0.1488    0.8028    1.6585    3.6290    8.0619    2.0272   11.9372    4.3657    0.3560    0.9179    0.0400    0.4300    0.0000
   10.0500    0.7029    0.4540    0.2489    0.8029    1.6952    3.6134    8.0618    1.9958   11.9869    4.3664    0.3560    0.9180    0.0400    0.4300    0.0000
   10.0500    0.5038    0.4540    0.0498    0.8038    1.4897    3.9503    8.0624    3.4045   11.2103    4.3628    0.3560    0.9178    0.0400    0.4300    0.0000
   10.0500    0.6038    0.4540    0.1498    0.8038    2.5235    3.5470    8.1202    0.8348   12.5337    5.5915    0.3560    0.0000    0.0400    0.4300    0.0000
   10.0500    0.7038    0.4540    0.2498    0.8038    2.6710    3.5140    8.1364    0.6231   12.6736    5.7447    0.3560    0.0000    0.0400    0.4300    0.0000
   10.0500    0.5047    0.4540    0.0507    0.8047    1.5202    4.5452    8.0326    5.7542   10.0359    5.8150    0.3560    0.0000    0.0400    0.4300    0.0000
   10.0500    0.6048    0.4540    0.1508    0.8048    2.5303    3.5459    8.1198    0.8241   12.5394    5.5959    0.3560    0.0000    0.0400    0.4300    0.0000
   10.0500    0.7048    0.4540    0.2508    0.8048    2.6770    3.5131    8.1358    0.6143   12.6783    5.7478    0.3560    0.0000    0.0400    0.4300    0.0000
   10.0500    0.5057    0.4540    0.0517    0.8057    1.3831    4.5903    8.0185    6.0725    9.8771    5.8778    0.3560    0.0000    0.0400    0.4300    0.0000
   10.0500    0.6058    0.4540    0.1518    0.8058    2.5372    3.5448    8.1194    0.8134   12.5450    5.6002    0.3560    0.0000    0.0400    0.4300    0.0000
   10.0500    0.7058    0.4540    0.2518    0.8058    2.6830    3.5123    8.1353    0.6055   12.6830    5.7508    0.3560    0.0000    0.0400    0.4300    0.0000
   10.0500    0.5067    0.4540    0.0527    0.8067    1.2460    4.6353    8.0045    6.3908    9.7184    5.9406    0.3560    0.0000    0.0400    0.4300    0.0000
   10.0500    0.6067    0.4540    0.1527    0.8067    2.5440    3.5436    8.1190    0.8028   12.5507    5.6045    0.3560    0.0000    0.0400    0.4300    0.0000
   10.0500    0.7068    0.4540    0.2528    0.8068    2.6889    3.5114    8.1347    0.5966   12.6877    5.7539    0.3560    0.0000    0.0400    0.4300    0.0000
   10.0500    0.5077    0.4540    0.0537    0.8077    1.1089    4.6804    7.9905    6.7091    9.5597    6.0033    0.3560    0.0000    0.0400    0.4300    0.0000
   10.0500    0.6077    0.4540    0.1537    0.8077    2.5508    3.5425    8.1186    0.7921   12.5564    5.6089    0.3560    0.0000    0.0400    0.4300    0.0000
   10.0500    0.7078    0.4540    0.2538    0.8078    2.6949    3.5106    8.1341    0.5878   12.6924    5.7569    0.3560    0.0000    0.0400    0.4300    0.0000
   10.0500    0.5087    0.4540    0.0547    0.8087    0.9719    4.7255    7.9765    7.0273    9.4010    6.0661    0.3560    0.0000    0.0400    0.4300    0.0000
   10.0500    0.6087    0.4540    0.1547    0.8087    2.5577    3.5414    8.1182    0.7814   12.5620    5.6132    0.3560    0.0000    0.0400    0.4300    0.0000
   10.0500    0.7087    0.4540    0.2547    0.8087    2.7009    3.5097    8.1335    0.5790   12.6971    5.7600    0.3560    0.0000    0.0400    0.4300    0.0000
   10.0500    0.5096    0.4540    0.0556    0.8096    0.8348    4.7706    7.9625    7.3456    9.2422    6.1289    0.3560    0.0000    0.0400    0.4300    0.0000
   10.0500    0.6097    0.4540    0.1557    0.8097    2.5645    3.5402    8.1177    0.7708   12.5677    5.6175    0.3560    0.0000    0.0400    0.4300    0.0000
   10.0500    0.7097    0.4540    0.2557    0.8097    2.7068    3.5088    8.1329    0.5701   12.7018    5.7630    0.3560    0.0000    0.0400    0.4300    0.0000
   10.0500    0.5106    0.4540    0.0566    0.8106    2.2292    4.2770    8.0973    3.9777   10.9266    5.5997    0.3560    0.0000    0.0400    0.4300    0.0000
   10.0500    0.6107    0.4540    0.1567    0.8107    2.5713    3.5391    8.1173    0.7601   12.5734    5.6219    0.3560    0.0000    0.0400    0.4300    0.0000
   10.0500    0.7107    0.4540    0.2567    0.8107    2.7128    3.5080    8.1324    0.5613   12.7065    5.7661    0.3560    0.0000    0.0400    0.4300    0.0000
   10.0500    0.5116    0.4540    0.0576    0.8116    2.1124    4.3370    8.0865    4.3351   10.7484    5.6563    0.3560    0.0000    0.0400    0.4300    0.0000
   10.0500    0.6116    0.4540    0.1576    0.8116    2.5782    3.5380    8.1169    0.7494   12.5790    5.6262    0.3560    0.0000    0.0400    0.4300    0.0000
   10.0500    0.7117    0.4540    0.2577    0.8117    2.7188    3.5071    8.1318    0.5525   12.7112    5.7692    0.3560    0.0000    0.0400    0.4300    0.0000
   10.0500    0.5126    0.4540    0.0586    0.8126    1.9956    4.3969    8.0758    4.6925   10.5701    5.7130    0.3560    0.0000    0.0400    0.4300    0.0000
   10.0500    0.6126    0.4540    0.1586    0.8126    2.5850    3.5369    8.1165    0.7388   12.5847    5.6306    0.3560    0.0000    0.0400    0.4300    0.0000
   10.0500    0.7127    0.4540    0.2587    0.8127    2.7248    3.5063    8.1312    0.5437   12.7159    5.7722    0.3560    0.0000    0.0400    0.4300    0.0000
   10.0500    0.5136    0.4540    0.0596    0.8136    1.8787    4.4568    8.0651    5.0499   10.3918    5.7696    0.3560    0.0000    0.0400    0.4300    0.0000
   10.0500    0.6136    0.4540    0.1596    0.8136    2.5918    3.5357    8.1161    0.7281   12.5904    5.6349    0.3560    0.0000    0.0400    0.4300    0.0000
   10.0500    0.7136    0.4540    0.2596    0.8136    2.7307    3.5054    8.1306    0.5348   12.7206    5.7753    0.3560    0.0000    0.0400    0.4300    0.0000
   10.0500    0.5145    0.4540    0.0605    0.8145    1.7619    4.5167    8.0543    5.4073   10.2135    5.8262    0.3560    0.0000    0.0400    0.4300    0.0000
   10.0500    0.6146    0.4540    0.1606    0.8146    2.5987    3.5346    8.1157    0.7174   12.5961    5.6392    0.3560    0.0000    0.0400    0.4300    0.0000
   10.0500    0.7146    0.4540    0.2606    0.8146    2.7367    3.5046    8.1300    0.5260   12.7253    5.7783    0.3560    0.0000    0.0400    0.4300    0.0000
   10.0500    0.5155    0.4540    0.0615    0.8155    1.6451    4.5767    8.0436    5.7646   10.0353    5.8829    0.3560    0.0000    0.0400    0.4300    0.0000
   10.0500    0.6156    0.4540    0.1616    0.8156    2.6055    3.5335    8.1153    0.7068   12.6017    5.6436    0.3560    0.0000    0.0400    0.4300    0.0000
   10.0500    0.7156    0.4540    0.2616    0.8156    2.7427    3.5037    8.1294    0.5172   12.7300    5.7814    0.3560    0.0000    0.0400    0.4300    0.0000
   10.0500    0.5165    0.4540    0.0625    0.8165    1.5283    4.6366    8.0328    6.1220    9.8570    5.9395    0.3560    0.0000    0.0400    0.4300    0.0000
   10.0500    0.6165    0.4540    0.1625    0.8165    2.6123    3.5324    8.1149    0.6961   12.6074    5.6479    0.3560    0.0000    0.0400    0.4300    0.0000
   10.0500    0.7166    0.4540    0.2626    0.8166    2.7486    3.5029    8.1289    0.5083   12.7347    5.7844    0.3560    0.0000    0.0400    0.4300    0.0000
   10.0500    0.5175    0.4540    0.0635    0.8175    1.4115    4.6965    8.0221    6.4794    9.6787    5.9961    0.3560    0.0000    0.0400    0.4300    0.0000
   10.0500    0.6175    0.4540    0.1635    0.8175    2.6192    3.5312    8.1145    0.6854   12.6131    5.6523    0.3560    0.0000    0.0400    0.4300    0.0000
   10.0500    0.7176    0.4540    0.2636    0.8176    2.7546    3.5020    8.1283    0.4995   12.7394    5.7875    0.3560    0.0000    0.0400    0.4300    0.0000
   10.0500    0.5185    0.4540    0.0645    0.8185    1.2947    4.7565    8.0114    6.8368    9.5004    6.0528    0.3560    0.0000    0.0400    0.4300    0.0000
   10.0500    0.6185    0.4540    0.1645    0.8185    2.6260    3.5301    8.1140    0.6748   12.6187    5.6566    0.3560    0.0000    0.0400    0.4300    0.0000
   10.0500    0.7186    0.4540    0.2646    0.8186    2.7606    3.5011    8.1277    0.4907   12.7441    5.7906    0.3560    0.0000    0.0400    0.4300    0.0000
   10.0500    0.5194    0.4540    0.0654    0.8194    1.1779    4.8164    8.0006    7.1942    9.3221    6.1094    0.3560    0.0000    0.0400    0.4300    0.0000
   10.0500    0.6195    0.4540    0.1655    0.8195    2.6328    3.5290    8.1136    0.6641   12.6244    5.6609    0.3560    0.0000    0.0400    0.4300    0.0000
   10.0500    0.7195    0.4540    0.2655    0.8195    2.7666    3.5003    8.1271    0.4818   12.7488    5.7936    0.3560    0.0000    0.0400    0.4300    0.0000
   10.0500    0.5204    0.4540    0.0664    0.8204    2.7729    4.3050    8.0695    3.5543   11.1425    5.8784    0.3560    0.0000    0.0400    0.4300    0.0000
   10.0500    0.6205    0.4540    0.1665    0.8205    2.6397    3.5279    8.1132    0.6534   12.6301    5.6653    0.3560    0.0000    0.0400    0.4300    0.0000
   10.0500    0.7205    0.4540    0.2665    0.8205    2.7725    3.4994    8.1265    0.4730   12.7535    5.7967    0.3560    0.0000    0.0400    0.4300    0.0000
   10.0500    0.5214    0.4540    0.0674    0.8214    2.6422    4.3679    8.0646    3.9376   10.9513    5.9039    0.3560    0.0000    0.0400    0.4300    0.0000
   10.0500    0.6214    0.4540    0.1674    0.8214    2.6465    3.5267    8.1128    0.6428   12.6357    5.6696    0.3560    0.0000    0.0400    0.4300    0.0000
   10.0500    0.7215    0.4540    0.2675    0.8215    2.7785    3.4986    8.1260    0.4642   12.7582    5.7997    0.3560    0.0000    0.0400    0.4300    0.0000
   10.0500    0.5224    0.4540    0.0684    0.8224    2.5115    4.4309    8.0597    4.3209   10.7600    5.9294    0.3560    0.0000    0.0400    0.4300    0.0000
   10.0500    0.6224    0.4540    0.1684    0.8224    2.6533    3.5256    8.1124    0.6321   12.6414    5.6739    0.3560    0.0000    0.0400    0.4300    0.0000
   10.0500    0.7225    0.4540    0.2685    0.8225    2.7845    3.4977    8.1254    0.4554   12.7629    5.8028    0.3560    0.0000    0.0400    0.4300    0.0000
   10.0500    0.5234    0.4540    0.0694    0.8234    2.3808    4.4938    8.0549    4.7042   10.5688    5.9550    0.3560    0.0000    0.0400    0.4300    0.0000
   10.0500    0.6234    0.4540    0.1694    0.8234    2.6602    3.5245    8.1120    0.6214   12.6471    5.6783    0.3560    0.0000    0.0400    0.4300    0.0000
   10.0500    0.7235    0.4540    0.2695    0.8235    2.7904    3.4969    8.1248    0.4465   12.7676    5.8058    0.3560    0.0000    0.0400    0.4300    0.0000
   10.0500    0.5243    0.4540    0.0703    0.8243    2.2501    4.5568    8.0500    5.0875   10.3775    5.9805    0.3560    0.0000    0.0400    0.4300    0.0000
   10.0500    0.6244    0.4540    0.1704    0.8244    2.6670    3.5234    8.1116    0.6107   12.6528    5.6826    0.3560    0.0000    0.0400    0.4300    0.0000
   10.0500    0.7244    0.4540    0.2704    0.8244    2.7964    3.4960    8.1242    0.4377   12.7723    5.8089    0.3560    0.0000    0.0400    0.4300    0.0000
   10.0500    0.5253    0.4540    0.0713    0.8253    2.1194    4.6197    8.0452    5.4708   10.1863    6.0060    0.3560    0.0000    0.0400    0.4300    0.0000
   10.0500    0.6254    0.4540    0.1714    0.8254    2.6738    3.5222    8.1112    0.6001   12.6584    5.6870    0.3560    0.0000    0.0400    0.4300    0.0000
   10.0500    0.7254    0.4540    0.2714    0.8254    2.8024    3.4952    8.1236    0.4289   12.7770    5.8120    0.3560    0.0000    0.0400    0.4300    0.0000
   10.0500    0.5263    0.4540    0.0723    0.8263    1.9887    4.6827    8.0403    5.8542    9.9950    6.0315    0.3560    0.0000    0.0400    0.4300    0.0000
   10.0500    0.6264    0.4540    0.1724    0.8264    2.6807    3.5211    8.1108    0.5894   12.6641    5.6913    0.3560    0.0000    0.0400    0.4300    0.0000
   10.0500    0.7264    0.4540    0.2724    0.8264    2.8083    3.4943    8.1230    0.4200   12.7817    5.8150    0.3560    0.0000    0.0400    0.4300    0.0000
   10.0500    0.5273    0.4540    0.0733    0.8273    1.8580    4.7456    8.0354    6.2375    9.8038    6.0570    0.3560    0.0000    0.0400    0.4300    0.0000
   10.0500    0.6273    0.4540    0.1733    0.8273    2.6875    3.5200    8.1103    0.5787   12.6698    5.6956    0.3560    0.0000    0.0400    0.4300    0.0000
   10.0500    0.7274    0.4540    0.2734    0.8274    2.8143    3.4934    8.1225    0.4112   12.7864    5.8181    0.3560    0.0000    0.0400    0.4300    0.0000
   10.0500    0.5283    0.4540    0.0743    0.8283    1.7272    4.8086    8.0306    6.6208    9.6125    6.0825    0.3560    0.0000    0.0400    0.4300    0.0000
   10.0500    0.6283    0.4540    0.1743    0.8283    2.6943    3.5188    8.1099    0.5681   12.6754    5.7000    0.3560    0.0000    0.0400    0.4300    0.0000
   10.0500    0.7284    0.4540    0.2744    0.8284    2.8203    3.4926    8.1219    0.4024   12.7911    5.8211    0.3560    0.0000    0.0400    0.4300    0.0000
   10.0500    0.5293    0.4540    0.0753    0.8293    1.5965    4.8715    8.0257    7.0041    9.4213    6.1080    0.3560    0.0000    0.0400    0.4300    0.0000
   10.0500    0.6293    0.4540    0.1753    0.8293    2.7012    3.5177    8.1095    0.5574   12.6811    5.7043    0.3560    0.0000    0.0400    0.4300    0.0000
   10.0500    0.7293    0.4540    0.2753    0.8293    2.8263    3.4917    8.1213    0.3936   12.7958    5.8242    0.3560    0.0000    0.0400    0.4300    0.0000
   10.0500    0.5302    0.4540    0.0762    0.8302    2.5198    3.8012    8.1093    1.8005   12.0235    5.6833    0.3560    0.0000    0.0400    0.4300    0.0000
   10.0500    0.6303    0.4540    0.1763    0.8303    2.7080    3.5166    8.1091    0.5467   12.6868    5.7087    0.3560    0.0000    0.0400    0.4300    0.0000
   10.0500    0.7303    0.4540    0.2763    0.8303    2.8322    3.4909    8.1207    0.3847   12.8005    5.8272    0.3560    0.0000    0.0400    0.4300    0.0000
   10.0500    0.5312    0.4540    0.0772    0.8312    2.5444    3.9182    8.1012    2.2446   11.8018    5.7242    0.3560    0.0000    0.0400    0.4300    0.0000
   10.0500    0.6313    0.4540    0.1773    0.8313    2.7148    3.5155    8.1087    0.5361   12.6924    5.7130    0.3560    0.0000    0.0400    0.4300    0.0000
   10.0500    0.7313    0.4540    0.2773    0.8313    2.8382    3.4900    8.1201    0.3759   12.8052    5.8303    0.3560    0.0000    0.0400    0.4300    0.0000
   10.0500    0.5322    0.4540    0.0782    0.8322    2.5689    4.0352    8.0932    2.6887   11.5802    5.7652    0.3560    0.0000    0.0400    0.4300    0.0000
   10.0500    0.6322    0.4540    0.1782    0.8322    2.7217    3.5143    8.1083    0.5254   12.6981    5.7173    0.3560    0.0000    0.0400    0.4300    0.0000
   10.0500    0.7323    0.4540    0.2783    0.8323    2.8442    3.4892    8.1196    0.3671   12.8099    5.8333    0.3560    0.0000    0.0400    0.4300    0.0000
   10.0500    0.5332    0.4540    0.0792    0.8332    2.5935    4.1521    8.0851    3.1327   11.3585    5.8061    0.3560    0.0000    0.0400    0.4300    0.0000
   10.0500    0.6332    0.4540    0.1792    0.8332    2.7285    3.5132    8.1079    0.5147   12.7038    5.7217    0.3560    0.0000    0.0400    0.4300    0.0000
   10.0500    0.7333    0.4540    0.2793    0.8333    2.8501    3.4883    8.1190    0.3582   12.8146    5.8364    0.3560    0.0000    0.0400    0.4300    0.0000
#   age       Mtot      Mc        Menv      Mini      logL      logT      logTc     logg      logR      logrhoc   Y         Yc        Z         FeH       OFe       
   10.1000    0.4724    0.4540    0.0184    0.7724    1.0306    4.2627    8.0619    5.0851   10.3561    4.3660    0.3560    0.9183    0.0400    0.4300    0.0000
   10.1000    0.5724    0.4540    0.1184    0.7724    1.6462    3.6348    8.0619    2.0417   11.9195    4.3655    0.3560    0.9179    0.0400    0.4300    0.0000
   10.1000    0.6725    0.4540    0.2185    0.7725    1.6843    3.6179    8.0618    2.0041   11.9725    4.3662    0.3560    0.9179    0.0400    0.4300    0.0000
   10.1000    0.4733    0.4540    0.0193    0.7733    1.0353    4.2576    8.0620    5.0612   10.3685    4.3652    0.3560    0.9182    0.0400    0.4300    0.0000
   10.1000    0.5734    0.4540    0.1194    0.7734    3.3221    3.4745    8.0343   -0.2749   13.0781    6.0847    0.3560    0.0000    0.0400    0.4300    0.0000
   10.1000    0.6734    0.4540    0.2194    0.7734    3.0087    3.4670    8.0910    0.0773   12.9363    5.8995    0.3560    0.0000    0.0400    0.4300    0.0000
   10.1000    0.4743    0.4540    0.0203    0.7743    0.1509    4.6456    7.8801    7.4985    9.1502    6.1061    0.3560    0.0000    0.0400    0.4300    0.0000
   10.1000    0.5744    0.4540    0.1204    0.7744    3.3525    3.4711    8.0309   -0.3184   13.1003    6.1000    0.3560    0.0000    0.0400    0.4300    0.0000
   10.1000    0.6744    0.4540    0.2204    0.7744    3.0155    3.4659    8.0906    0.0667   12.9419    5.9039    0.3560    0.0000    0.0400    0.4300    0.0000
   10.1000    0.4753    0.4540    0.0213    0.7753    0.5660    4.7246    7.9440    7.4002    9.1998    6.0631    0.3560    0.0000    0.0400    0.4300    0.0000
   10.1000    0.5754    0.4540    0.1214    0.7754    2.3253    3.5797    8.1321    1.1442   12.3692    5.4657    0.3560    0.0000    0.0400    0.4300    0.0000
   10.1000    0.6754    0.4540    0.2214    0.7754    3.0223    3.4648    8.0902    0.0560   12.9476    5.9082    0.3560    0.0000    0.0400    0.4300    0.0000
   10.1000    0.4763    0.4540    0.0223    0.7763    0.4580    4.7046    7.9262    7.4290    9.1859    6.0779    0.3560    0.0000    0.0400    0.4300    0.0000
   10.1000    0.5763    0.4540    0.1223    0.7763    2.3322    3.5785    8.1317    1.1335   12.3749    5.4700    0.3560    0.0000    0.0400    0.4300    0.0000
   10.1000    0.6764    0.4540    0.2224    0.7764    3.0292    3.4637    8.0898    0.0453   12.9533    5.9126    0.3560    0.0000    0.0400    0.4300    0.0000
   10.1000    0.4773    0.4540    0.0233    0.7773    0.3499    4.6845    7.9084    7.4578    9.1720    6.0928    0.3560    0.0000    0.0400    0.4300    0.0000
   10.1000    0.5773    0.4540    0.1233    0.7773    2.3390    3.5774    8.1313    1.1228   12.3806    5.4744    0.3560    0.0000    0.0400    0.4300    0.0000
   10.1000    0.6774    0.4540    0.2234    0.7774    3.0360    3.4625    8.0894    0.0347   12.9589    5.9169    0.3560    0.0000    0.0400    0.4300    0.0000
   10.1000    0.4783    0.4540    0.0243    0.7783    0.2419    4.6645    7.8906    7.4865    9.1580    6.1076    0.3560    0.0000    0.0400    0.4300    0.0000
   10.1000    0.5783    0.4540    0.1243    0.7783    2.3458    3.5763    8.1309    1.1122   12.3863    5.4787    0.3560    0.0000    0.0400    0.4300    0.0000
   10.1000    0.6783    0.4540    0.2243    0.7783    3.0428    3.4614    8.0889    0.0240   12.9646    5.9212    0.3560    0.0000    0.0400    0.4300    0.0000
   10.1000    0.4792    0.4540    0.0252    0.7792    0.1338    4.6444    7.8728    7.5153    9.1441    6.1224    0.3560    0.0000    0.0400    0.4300    0.0000
   10.1000    0.5793    0.4540    0.1253    0.7793    2.3527    3.5752    8.1305    1.1015   12.3919    5.4831    0.3560    0.0000    0.0400    0.4300    0.0000
   10.1000    0.6793    0.4540    0.2253    0.7793    3.0497    3.4603    8.0885    0.0133   12.9703    5.9256    0.3560    0.0000    0.0400    0.4300    0.0000
   10.1000    0.4802    0.4540    0.0262    0.7802    2.1781    4.5345    8.0581    5.0320   10.3861    5.6762    0.3560    0.0000    0.0400    0.4300    0.0000
   10.1000    0.5803    0.4540    0.1263    0.7803    2.3595    3.5740    8.1301    1.0908   12.3976    5.4874    0.3560    0.0000    0.0400    0.4300    0.0000
   10.1000    0.6803    0.4540    0.2263    0.7803    3.0565    3.4591    8.0881    0.0027   12.9759    5.9299    0.3560    0.0000    0.0400    0.4300    0.0000
   10.1000    0.4812    0.4540    0.0272    0.7812    1.9637    4.5443    8.0374    5.2863   10.2594    5.7252    0.3560    0.0000    0.0400    0.4300    0.0000
   10.1000    0.5812    0.4540    0.1272    0.7812    2.3663    3.5729    8.1297    1.0801   12.4033    5.4917    0.3560    0.0000    0.0400    0.4300    0.0000
   10.1000    0.6813    0.4540    0.2273    0.7813    3.0633    3.4580    8.0877   -0.0080   12.9816    5.9343    0.3560    0.0000    0.0400    0.4300    0.0000
   10.1000    0.4822    0.4540    0.0282    0.7822    1.7493    4.5540    8.0168    5.5406   10.1327    5.7743    0.3560    0.0000    0.0400    0.4300    0.0000
   10.1000    0.5822    0.4540    0.1282    0.7822    2.3732    3.5718    8.1293    1.0695   12.4089    5.4961    0.3560    0.0000    0.0400    0.4300    0.0000
   10.1000    0.6823    0.4540    0.2283    0.7823    3.0702    3.4569    8.0873   -0.0187   12.9873    5.9386    0.3560    0.0000    0.0400    0.4300    0.0000
   10.1000    0.4832    0.4540    0.0292    0.7832    1.5349    4.5638    7.9961    5.7949   10.0060    5.8233    0.3560    0.0000    0.0400    0.4300    0.0000
   10.1000    0.5832    0.4540    0.1292    0.7832    2.3800    3.5707    8.1289    1.0588   12.4146    5.5004    0.3560    0.0000    0.0400    0.4300    0.0000
   10.1000    0.6832    0.4540    0.2292    0.7832    3.0770    3.4558    8.0869   -0.0293   12.9930    5.9429    0.3560    0.0000    0.0400    0.4300    0.0000
   10.1000    0.4841    0.4540    0.0301    0.7841    1.3205    4.5735    7.9754    6.0492    9.8793    5.8724    0.3560    0.0000    0.0400    0.4300    0.0000
   10.1000    0.5842    0.4540    0.1302    0.7842    2.3868    3.5695    8.1284    1.0481   12.4203    5.5047    0.3560    0.0000    0.0400    0.4300    0.0000
   10.1000    0.6842    0.4540    0.2302    0.7842    3.0838    3.4546    8.0865   -0.0400   12.9986    5.9473    0.3560    0.0000    0.0400    0.4300    0.0000
   10.1000    0.4851    0.4540    0.0311    0.7851    1.1061    4.5833    7.9547    6.3034    9.7527    5.9215    0.3560    0.0000    0.0400    0.4300    0.0000
   10.1000    0.5852    0.4540    0.1312    0.7852    2.3937    3.5684    8.1280    1.0375   12.4259    5.5091    0.3560    0.0000    0.0400    0.4300    0.0000
   10.1000    0.6852    0.4540    0.2312    0.7852    3.0907    3.4535    8.0861   -0.0507   13.0043    5.9516    0.3560    0.0000    0.0400    0.4300    0.0000
   10.1000    0.4861    0.4540    0.0321    0.7861    0.8917    4.5930    7.9340    6.5577    9.6260    5.9705    0.3560    0.0000    0.0400    0.4300    0.0000
   10.1000    0.5861    0.4540    0.1321    0.7861    2.4005    3.5673    8.1276    1.0268   12.4316    5.5134    0.3560    0.0000    0.0400    0.4300    0.0000
   10.1000    0.6862    0.4540    0.2322    0.7862    3.0975    3.4524    8.0857   -0.0614   13.0100    5.9559    0.3560    0.0000    0.0400    0.4300    0.0000
   10.1000    0.4871    0.4540    0.0331    0.7871    0.6773    4.6028    7.9133    6.8120    9.4993    6.0196    0.3560    0.0000    0.0400    0.4300    0.0000
   10.1000    0.5871    0.4540    0.1331    0.7871    2.4073    3.5662    8.1272    1.0161   12.4373    5.5178    0.3560    0.0000    0.0400    0.4300    0.0000
   10.1000    0.6872    0.4540    0.2332    0.7872    3.1043    3.4513    8.0852   -0.0720   13.0156    5.9603    0.3560    0.0000    0.0400    0.4300    0.0000
   10.1000    0.4881    0.4540    0.0341    0.7881    0.4629    4.6125    7.8926    7.0663    9.3726    6.0687    0.3560    0.0000    0.0400    0.4300    0.0000
   10.1000    0.5881    0.4540    0.1341    0.7881    2.4142    3.5650    8.1268    1.0055   12.4430    5.5221    0.3560    0.0000    0.0400    0.4300    0.0000
   10.1000    0.6881    0.4540    0.2341    0.7881    3.1112    3.4501    8.0848   -0.0827   13.0213    5.9646    0.3560    0.0000    0.0400    0.4300    0.0000
   10.1000    0.4890    0.4540    0.0350    0.7890    0.2486    4.6223    7.8719    7.3206    9.2459    6.1177    0.3560    0.0000    0.0400    0.4300    0.0000
   10.1000    0.5891    0.4540    0.1351    0.7891    2.4210    3.5639    8.1264    0.9948   12.4486    5.5264    0.3560    0.0000    0.0400    0.4300    0.0000
   10.1000    0.6891    0.4540    0.2351    0.7891    3.1180    3.4490    8.0844   -0.0934   13.0270    5.9690    0.3560    0.0000    0.0400    0.4300    0.0000
   10.1000    0.4900    0.4540    0.0360    0.7900    2.3158    4.4802    8.0730    4.6863   10.5634    5.6748    0.3560    0.0000    0.0400    0.4300    0.0000
   10.1000    0.5901    0.4540    0.1361    0.7901    2.4278    3.5628    8.1260    0.9841   12.4543    5.5308    0.3560    0.0000    0.0400    0.4300    0.0000
   10.1000    0.6901    0.4540    0.2361    0.7901    3.1249    3.4479    8.0840   -0.1040   13.0326    5.9733    0.3560    0.0000    0.0400    0.4300    0.0000
   10.1000    0.4910    0.4540    0.0370    0.7910    2.1250    4.5023    8.0561    4.9662   10.4239    5.7232    0.3560    0.0000    0.0400    0.4300    0.0000
   10.1000    0.5910    0.4540    0.1370    0.7910    2.4347    3.5616    8.1256    0.9735   12.4600    5.5351    0.3560    0.0000    0.0400    0.4300    0.0000
   10.1000    0.6911    0.4540    0.2371    0.7911    3.1317    3.4468    8.0836   -0.1147   13.0383    5.9776    0.3560    0.0000    0.0400    0.4300    0.0000
   10.1000    0.4920    0.4540    0.0380    0.7920    1.9342    4.5243    8.0392    5.2461   10.2843    5.7715    0.3560    0.0000    0.0400    0.4300    0.0000
   10.1000    0.5920    0.4540    0.1380    0.7920    2.4415    3.5605    8.1251    0.9628   12.4656    5.5395    0.3560    0.0000    0.0400    0.4300    0.0000
   10.1000    0.6921    0.4540    0.2381    0.7921    3.1385    3.4456    8.0832   -0.1254   13.0440    5.9820    0.3560    0.0000    0.0400    0.4300    0.0000
   10.1000    0.4930    0.4540    0.0390    0.7930    1.7433    4.5464    8.0224    5.5261   10.1448    5.8199    0.3560    0.0000    0.0400    0.4300    0.0000
   10.1000    0.5930    0.4540    0.1390    0.7930    2.4483    3.5594    8.1247    0.9521   12.4713    5.5438    0.3560    0.0000    0.0400    0.4300    0.0000
   10.1000    0.6930    0.4540    0.2390    0.7930    3.1454    3.4445    8.0828   -0.1360   13.0497    5.9863    0.3560    0.0000    0.0400    0.4300    0.0000
   10.1000    0.4939    0.4540    0.0399    0.7939    1.5525    4.5685    8.0055    5.8060   10.0053    5.8683    0.3560    0.0000    0.0400    0.4300    0.0000
   10.1000    0.5940    0.4540    0.1400    0.7940    2.4552    3.5583    8.1243    0.9415   12.4770    5.5481    0.3560    0.0000    0.0400    0.4300    0.0000
   10.1000    0.6940    0.4540    0.2400    0.7940    3.1522    3.4434    8.0824   -0.1467   13.0553    5.9907    0.3560    0.0000    0.0400    0.4300    0.0000
   10.1000    0.4949    0.4540    0.0409    0.7949    1.3616    4.5905    7.9886    6.0859    9.8657    5.9167    0.3560    0.0000    0.0400    0.4300    0.0000
   10.1000    0.5950    0.4540    0.1410    0.7950    2.4620    3.5571    8.1239    0.9308   12.4826    5.5525    0.3560    0.0000    0.0400    0.4300    0.0000
   10.1000    0.6950    0.4540    0.2410    0.7950    3.1590    3.4423    8.0820   -0.1574   13.0610    5.9950    0.3560    0.0000    0.0400    0.4300    0.0000
   10.1000    0.4959    0.4540    0.0419    0.7959    1.1708    4.6126    7.9718    6.3658    9.7262    5.9651    0.3560    0.0000    0.0400    0.4300    0.0000
   10.1000    0.5959    0.4540    0.1419    0.7959    2.4688    3.5560    8.1235    0.9201   12.4883    5.5568    0.3560    0.0000    0.0400    0.4300    0.0000
   10.1000    0.6960    0.4540    0.2420    0.7960    3.1659    3.4411    8.0815   -0.1680   13.0667    5.9993    0.3560    0.0000    0.0400    0.4300    0.0000
   10.1000    0.4969    0.4540    0.0429    0.7969    0.9799    4.6347    7.9549    6.6458    9.5867    6.0135    0.3560    0.0000    0.0400    0.4300    0.0000
   10.1000    0.5969    0.4540    0.1429    0.7969    2.4757    3.5549    8.1231    0.9095   12.4940    5.5611    0.3560    0.0000    0.0400    0.4300    0.0000
   10.1000    0.6970    0.4540    0.2430    0.7970    3.1727    3.4400    8.0811   -0.1787   13.0723    6.0037    0.3560    0.0000    0.0400    0.4300    0.0000
   10.1000    0.4979    0.4540    0.0439    0.7979    0.7891    4.6567    7.9380    6.9257    9.4471    6.0619    0.3560    0.0000    0.0400    0.4300    0.0000
   10.1000    0.5979    0.4540    0.1439    0.7979    2.4825    3.5538    8.1227    0.8988   12.4997    5.5655    0.3560    0.0000    0.0400    0.4300    0.0000
   10.1000    0.6980    0.4540    0.2440    0.7980    3.1795    3.4389    8.0807   -0.1894   13.0780    6.0080    0.3560    0.0000    0.0400    0.4300    0.0000
   10.1000    0.4988    0.4540    0.0448    0.7988    0.5982    4.6788    7.9211    7.2056    9.3076    6.1103    0.3560    0.0000    0.0400    0.4300    0.0000
   10.1000    0.5989    0.4540    0.1449    0.7989    2.4893    3.5526    8.1223    0.8881   12.5053    5.5698    0.3560    0.0000    0.0400    0.4300    0.0000
   10.1000    0.6989    0.4540    0.2449    0.7989    3.1864    3.4377    8.0803   -0.2000   13.0837    6.0123    0.3560    0.0000    0.0400    0.4300    0.0000
   10.1000    0.4998    0.4540    0.0458    0.7998    0.4074    4.7009    7.9043    7.4856    9.1681    6.1587    0.3560    0.0000    0.0400    0.4300    0.0000
   10.1000    0.5999    0.4540    0.1459    0.7999    2.4962    3.5515    8.1219    0.8775   12.5110    5.5742    0.3560    0.0000    0.0400    0.4300    0.0000
   10.1000    0.6999    0.4540    0.2459    0.7999    3.1932    3.4366    8.0799   -0.2107   13.0893    6.0167    0.3560    0.0000    0.0400    0.4300    0.0000
   10.1000    0.5008    0.4540    0.0468    0.8008    2.0686    4.3648    8.0886    4.4811   10.6708    5.5638    0.3560    0.0000    0.0400    0.4300    0.0000
   10.1000    0.6009    0.4540    0.1469    0.8009    2.5030    3.5504    8.1214    0.8668   12.5167    5.5785    0.3560    0.0000    0.0400    0.4300    0.0000
   10.1000    0.7009    0.4540    0.2469    0.8009    2.6531    3.5166    8.1382    0.6496   12.6595    5.7355    0.3560    0.0000    0.0400    0.4300    0.0000
   10.1000    0.5018    0.4540    0.0478    0.8018    1.9315    4.4099    8.0746    4.7994   10.5120    5.6266    0.3560    0.0000    0.0400    0.4300    0.0000
#   age       Mtot      Mc        Menv      Mini      logL      logT      logTc     logg      logR      logrhoc   Y         Yc        Z         FeH       OFe       
   10.1500    0.5430    0.4540    0.0890    0.7430    1.6226    3.6531    8.0620    2.1155   11.8711    4.3649    0.3560    0.9178    0.0400    0.4300    0.0000
   10.1500    0.6430    0.4540    0.1890    0.7430    1.6734    3.6226    8.0619    2.0139   11.9576    4.3660    0.3560    0.9179    0.0400    0.4300    0.0000
   10.1500    0.5440    0.4540    0.0900    0.7440    2.8742    4.1091    8.0642    2.6890   11.5848    5.9544    0.3560    0.0000    0.0400    0.4300    0.0000
   10.1500    0.6440    0.4540    0.1900    0.7440    2.8037    3.5008    8.1033    0.3974   12.7662    5.7694    0.3560    0.0000    0.0400    0.4300    0.0000
   10.1500    0.5449    0.4540    0.0909    0.7449    2.8910    4.2500    8.0569    3.2363   11.3115    5.9826    0.3560    0.0000    0.0400    0.4300    0.0000
   10.1500    0.6450    0.4540    0.1910    0.7450    2.8105    3.4997    8.1029    0.3867   12.7718    5.7737    0.3560    0.0000    0.0400    0.4300    0.0000
   10.1500    0.5459    0.4540    0.0919    0.7459    2.9077    4.3908    8.0496    3.7835   11.0382    6.0108    0.3560    0.0000    0.0400    0.4300    0.0000
   10.1500    0.6460    0.4540    0.1920    0.7460    2.8173    3.4986    8.1025    0.3760   12.7775    5.7781    0.3560    0.0000    0.0400    0.4300    0.0000
   10.1500    0.5469    0.4540    0.0929    0.7469    2.9245    4.5316    8.0422    4.3308   10.7650    6.0390    0.3560    0.0000    0.0400    0.4300    0.0000
   10.1500    0.6470    0.4540    0.1930    0.7470    2.8242    3.4974    8.1021    0.3654   12.7832    5.7824    0.3560    0.0000    0.0400    0.4300    0.0000
   10.1500    0.5479    0.4540    0.0939    0.7479    2.9413    4.6724    8.0349    4.8781   10.4917    6.0672    0.3560    0.0000    0.0400    0.4300    0.0000
   10.1500    0.6479    0.4540    0.1939    0.7479    2.8310    3.4963    8.1017    0.3547   12.7888    5.7867    0.3560    0.0000    0.0400    0.4300    0.0000
   10.1500    0.5489    0.4540    0.0949    0.7489    2.9580    4.8132    8.0276    5.4254   10.2185    6.0955    0.3560    0.0000    0.0400    0.4300    0.0000
   10.1500    0.6489    0.4540    0.1949    0.7489    2.8378    3.4952    8.1013    0.3440   12.7945    5.7911    0.3560    0.0000    0.0400    0.4300    0.0000
   10.1500    0.5499    0.4540    0.0959    0.7499    2.9748    4.9541    8.0203    5.9727    9.9452    6.1237    0.3560    0.0000    0.0400    0.4300    0.0000
   10.1500    0.6499    0.4540    0.1959    0.7499    2.8447    3.4941    8.1009    0.3334   12.8002    5.7954    0.3560    0.0000    0.0400    0.4300    0.0000
   10.1500    0.5508    0.4540    0.0968    0.7508    2.6220    3.5542    8.1144    0.7268   12.5685    5.7335    0.3560    0.0000    0.0400    0.4300    0.0000
   10.1500    0.6509    0.4540    0.1969    0.7509    2.8515    3.4929    8.1005    0.3227   12.8058    5.7998    0.3560    0.0000    0.0400    0.4300    0.0000
   10.1500    0.5518    0.4540    0.0978    0.7518    2.6524    3.5508    8.1109    0.6833   12.5907    5.7488    0.3560    0.0000    0.0400    0.4300    0.0000
   10.1500    0.6519    0.4540    0.1979    0.7519    2.8583    3.4918    8.1001    0.3120   12.8115    5.8041    0.3560    0.0000    0.0400    0.4300    0.0000
   10.1500    0.5528    0.4540    0.0988    0.7528    2.6829    3.5473    8.1074    0.6397   12.6128    5.7641    0.3560    0.0000    0.0400    0.4300    0.0000
   10.1500    0.6528    0.4540    0.1988    0.7528    2.8652    3.4907    8.0996    0.3014   12.8172    5.8084    0.3560    0.0000    0.0400    0.4300    0.0000
   10.1500    0.5538    0.4540    0.0998    0.7538    2.7133    3.5438    8.1039    0.5962   12.6350    5.7793    0.3560    0.0000    0.0400    0.4300    0.0000
   10.1500    0.6538    0.4540    0.1998    0.7538    2.8720    3.4896    8.0992    0.2907   12.8229    5.8128    0.3560    0.0000    0.0400    0.4300    0.0000
   10.1500    0.5548    0.4540    0.1008    0.7548    2.7438    3.5404    8.1005    0.5526   12.6572    5.7946    0.3560    0.0000    0.0400    0.4300    0.0000
   10.1500    0.6548    0.4540    0.2008    0.7548    2.8788    3.4884    8.0988    0.2800   12.8285    5.8171    0.3560    0.0000    0.0400    0.4300    0.0000
   10.1500    0.5557    0.4540    0.1017    0.7557    2.7742    3.5369    8.0970    0.5091   12.6793    5.8099    0.3560    0.0000    0.0400    0.4300    0.0000
   10.1500    0.6558    0.4540    0.2018    0.7558    2.8857    3.4873    8.0984    0.2694   12.8342    5.8215    0.3560    0.0000    0.0400    0.4300    0.0000
   10.1500    0.5567    0.4540    0.1027    0.7567    2.8046    3.5334    8.0935    0.4655   12.7015    5.8251    0.3560    0.0000    0.0400    0.4300    0.0000
   10.1500    0.6568    0.4540    0.2028    0.7568    2.8925    3.4862    8.0980    0.2587   12.8399    5.8258    0.3560    0.0000    0.0400    0.4300    0.0000
   10.1500    0.4577    0.4540    0.0037    0.7577    0.1344    4.6312    7.8846    7.4421    9.1707    6.0560    0.3560    0.0000    0.0400    0.4300    0.0000
   10.1500    0.5577    0.4540    0.1037    0.7577    2.8351    3.5300    8.0900    0.4219   12.7236    5.8404    0.3560    0.0000    0.0400    0.4300    0.0000
   10.1500    0.6577    0.4540    0.2037    0.7577    2.8993    3.4851    8.0976    0.2480   12.8455    5.8301    0.3560    0.0000    0.0400    0.4300    0.0000
   10.1500    0.4586    0.4540    0.0046    0.7586    0.2113    4.6467    7.8972    7.4280    9.1782    6.0514    0.3560    0.0000    0.0400    0.4300    0.0000
   10.1500    0.5587    0.4540    0.1047    0.7587    2.8655    3.5265    8.0865    0.3784   12.7458    5.8557    0.3560    0.0000    0.0400    0.4300    0.0000
   10.1500    0.6587    0.4540    0.2047    0.7587    2.9062    3.4839    8.0972    0.2374   12.8512    5.8345    0.3560    0.0000    0.0400    0.4300    0.0000
   10.1500    0.4590    0.4540    0.0050    0.7590    0.0285    4.6122    7.8666    7.4731    9.1558    6.0702    0.3560    0.0000    0.0400    0.4300    0.0000
   10.1500    0.4596    0.4540    0.0056    0.7596    1.3942    4.7064    7.9561    6.4846    9.6503    5.8937    0.3560    0.0000    0.0400    0.4300    0.0000
   10.1500    0.5597    0.4540    0.1057    0.7597    2.8960    3.5230    8.0831    0.3348   12.7679    5.8710    0.3560    0.0000    0.0400    0.4300    0.0000
   10.1500    0.6597    0.4540    0.2057    0.7597    2.9130    3.4828    8.0968    0.2267   12.8569    5.8388    0.3560    0.0000    0.0400    0.4300    0.0000
   10.1500    0.4606    0.4540    0.0066    0.7606    0.4595    4.6473    7.8980    7.1840    9.3011    6.0204    0.3560    0.0000    0.0400    0.4300    0.0000
   10.1500    0.5606    0.4540    0.1066    0.7606    2.9264    3.5196    8.0796    0.2913   12.7901    5.8862    0.3560    0.0000    0.0400    0.4300    0.0000
   10.1500    0.6607    0.4540    0.2067    0.7607    2.9198    3.4817    8.0964    0.2160   12.8625    5.8431    0.3560    0.0000    0.0400    0.4300    0.0000
   10.1500    0.4616    0.4540    0.0076    0.7616    1.6686    4.7661    7.9668    6.4508    9.6681    5.8961    0.3560    0.0000    0.0400    0.4300    0.0000
   10.1500    0.5616    0.4540    0.1076    0.7616    2.9568    3.5161    8.0761    0.2477   12.8122    5.9015    0.3560    0.0000    0.0400    0.4300    0.0000
   10.1500    0.6617    0.4540    0.2077    0.7617    2.9267    3.4805    8.0959    0.2054   12.8682    5.8475    0.3560    0.0000    0.0400    0.4300    0.0000
   10.1500    0.4626    0.4540    0.0086    0.7626    1.2105    4.7256    7.9396    6.7479    9.5201    5.9503    0.3560    0.0000    0.0400    0.4300    0.0000
   10.1500    0.5626    0.4540    0.1086    0.7626    2.9873    3.5126    8.0726    0.2042   12.8344    5.9168    0.3560    0.0000    0.0400    0.4300    0.0000
   10.1500    0.6626    0.4540    0.2086    0.7626    2.9335    3.4794    8.0955    0.1947   12.8739    5.8518    0.3560    0.0000    0.0400    0.4300    0.0000
   10.1500    0.4635    0.4540    0.0095    0.7635    0.7523    4.6851    7.9124    7.0450    9.3720    6.0045    0.3560    0.0000    0.0400    0.4300    0.0000
   10.1500    0.5636    0.4540    0.1096    0.7636    3.0177    3.5092    8.0691    0.1606   12.8565    5.9320    0.3560    0.0000    0.0400    0.4300    0.0000
   10.1500    0.6636    0.4540    0.2096    0.7636    2.9403    3.4783    8.0951    0.1840   12.8796    5.8562    0.3560    0.0000    0.0400    0.4300    0.0000
   10.1500    0.4645    0.4540    0.0105    0.7645    0.2942    4.6446    7.8852    7.3420    9.2239    6.0586    0.3560    0.0000    0.0400    0.4300    0.0000
   10.1500    0.5646    0.4540    0.1106    0.7646    3.0481    3.5057    8.0657    0.1171   12.8787    5.9473    0.3560    0.0000    0.0400    0.4300    0.0000
   10.1500    0.6646    0.4540    0.2106    0.7646    2.9472    3.4772    8.0947    0.1733   12.8852    5.8605    0.3560    0.0000    0.0400    0.4300    0.0000
   10.1500    0.4655    0.4540    0.0115    0.7655    1.8793    4.7131    7.9945    6.0320    9.8794    5.8286    0.3560    0.0000    0.0400    0.4300    0.0000
   10.1500    0.5655    0.4540    0.1115    0.7655    3.0786    3.5023    8.0622    0.0735   12.9009    5.9626    0.3560    0.0000    0.0400    0.4300    0.0000
   10.1500    0.6656    0.4540    0.2116    0.7656    2.9540    3.4760    8.0943    0.1627   12.8909    5.8648    0.3560    0.0000    0.0400    0.4300    0.0000
   10.1500    0.4665    0.4540    0.0125    0.7665    1.4938    4.6963    7.9688    6.3512    9.7203    5.8871    0.3560    0.0000    0.0400    0.4300    0.0000
   10.1500    0.5665    0.4540    0.1125    0.7665    3.1090    3.4988    8.0587    0.0300   12.9230    5.9778    0.3560    0.0000    0.0400    0.4300    0.0000
   10.1500    0.6666    0.4540    0.2126    0.7666    2.9608    3.4749    8.0939    0.1520   12.8966    5.8692    0.3560    0.0000    0.0400    0.4300    0.0000
   10.1500    0.4675    0.4540    0.0135    0.7675    1.1083    4.6795    7.9432    6.6703    9.5612    5.9457    0.3560    0.0000    0.0400    0.4300    0.0000
   10.1500    0.5675    0.4540    0.1135    0.7675    3.1395    3.4953    8.0552   -0.0136   12.9452    5.9931    0.3560    0.0000    0.0400    0.4300    0.0000
   10.1500    0.6675    0.4540    0.2135    0.7675    2.9677    3.4738    8.0935    0.1413   12.9022    5.8735    0.3560    0.0000    0.0400    0.4300    0.0000
   10.1500    0.4684    0.4540    0.0144    0.7684    0.7228    4.6627    7.9175    6.9895    9.4021    6.0042    0.3560    0.0000    0.0400    0.4300    0.0000
   10.1500    0.5685    0.4540    0.1145    0.7685    3.1699    3.4919    8.0517   -0.0571   12.9673    6.0084    0.3560    0.0000    0.0400    0.4300    0.0000
   10.1500    0.6685    0.4540    0.2145    0.7685    2.9745    3.4727    8.0931    0.1307   12.9079    5.8779    0.3560    0.0000    0.0400    0.4300    0.0000
   10.1500    0.4694    0.4540    0.0154    0.7694    0.3373    4.6459    7.8919    7.3086    9.2430    6.0627    0.3560    0.0000    0.0400    0.4300    0.0000
   10.1500    0.5695    0.4540    0.1155    0.7695    3.2003    3.4884    8.0483   -0.1007   12.9895    6.0236    0.3560    0.0000    0.0400    0.4300    0.0000
   10.1500    0.6695    0.4540    0.2155    0.7695    2.9813    3.4715    8.0927    0.1200   12.9136    5.8822    0.3560    0.0000    0.0400    0.4300    0.0000
   10.1500    0.4704    0.4540    0.0164    0.7704    0.5202    4.7126    7.9395    7.3935    9.2009    6.0530    0.3560    0.0000    0.0400    0.4300    0.0000
   10.1500    0.5704    0.4540    0.1164    0.7704    3.2308    3.4849    8.0448   -0.1442   13.0116    6.0389    0.3560    0.0000    0.0400    0.4300    0.0000
   10.1500    0.6705    0.4540    0.2165    0.7705    2.9882    3.4704    8.0922    0.1093   12.9192    5.8865    0.3560    0.0000    0.0400    0.4300    0.0000
   10.1500    0.4714    0.4540    0.0174    0.7714    0.4279    4.6959    7.9247    7.4197    9.1882    6.0662    0.3560    0.0000    0.0400    0.4300    0.0000
   10.1500    0.5714    0.4540    0.1174    0.7714    3.2612    3.4815    8.0413   -0.1878   13.0338    6.0542    0.3560    0.0000    0.0400    0.4300    0.0000
   10.1500    0.6715    0.4540    0.2175    0.7715    2.9950    3.4693    8.0918    0.0987   12.9249    5.8909    0.3560    0.0000    0.0400    0.4300    0.0000
#   age       Mtot      Mc        Menv      Mini      logL      logT      logTc     logg      logR      logrhoc   Y         Yc        Z         FeH       OFe       
   10.2000    0.5145    0.4540    0.0605    0.7145    1.5639    3.7840    8.0623    2.6742   11.5800    4.3641    0.3560    0.9177    0.0400    0.4300    0.0000
   10.2000    0.6146    0.4540    0.1606    0.7146    1.6628    3.6271    8.0619    2.0233   11.9432    4.3658    0.3560    0.9179    0.0400    0.4300    0.0000
   10.2000    0.5155    0.4540    0.0615    0.7155    1.5679    3.7704    8.0623    2.6165   11.6093    4.3641    0.3560    0.9176    0.0400    0.4300    0.0000
   10.2000    0.6156    0.4540    0.1616    0.7156    2.6055    3.5335    8.1153    0.7068   12.6017    5.6436    0.3560    0.0000    0.0400    0.4300    0.0000
   10.2000    0.5165    0.4540    0.0625    0.7165    1.5283    4.6366    8.0328    6.1220    9.8570    5.9395    0.3560    0.0000    0.0400    0.4300    0.0000
   10.2000    0.6165    0.4540    0.1625    0.7165    2.6123    3.5324    8.1149    0.6961   12.6074    5.6479    0.3560    0.0000    0.0400    0.4300    0.0000
   10.2000    0.5175    0.4540    0.0635    0.7175    1.4115    4.6965    8.0221    6.4794    9.6787    5.9961    0.3560    0.0000    0.0400    0.4300    0.0000
   10.2000    0.6175    0.4540    0.1635    0.7175    2.6192    3.5312    8.1145    0.6854   12.6131    5.6523    0.3560    0.0000    0.0400    0.4300    0.0000
   10.2000    0.5185    0.4540    0.0645    0.7185    1.2947    4.7565    8.0114    6.8368    9.5004    6.0528    0.3560    0.0000    0.0400    0.4300    0.0000
   10.2000    0.6185    0.4540    0.1645    0.7185    2.6260    3.5301    8.1140    0.6748   12.6187    5.6566    0.3560    0.0000    0.0400    0.4300    0.0000
   10.2000    0.5194    0.4540    0.0654    0.7194    1.1779    4.8164    8.0006    7.1942    9.3221    6.1094    0.3560    0.0000    0.0400    0.4300    0.0000
   10.2000    0.6195    0.4540    0.1655    0.7195    2.6328    3.5290    8.1136    0.6641   12.6244    5.6609    0.3560    0.0000    0.0400    0.4300    0.0000
   10.2000    0.5204    0.4540    0.0664    0.7204    2.7729    4.3050    8.0695    3.5543   11.1425    5.8784    0.3560    0.0000    0.0400    0.4300    0.0000
   10.2000    0.6205    0.4540    0.1665    0.7205    2.6397    3.5279    8.1132    0.6534   12.6301    5.6653    0.3560    0.0000    0.0400    0.4300    0.0000
   10.2000    0.5214    0.4540    0.0674    0.7214    2.6422    4.3679    8.0646    3.9376   10.9513    5.9039    0.3560    0.0000    0.0400    0.4300    0.0000
   10.2000    0.6214    0.4540    0.1674    0.7214    2.6465    3.5267    8.1128    0.6428   12.6357    5.6696    0.3560    0.0000    0.0400    0.4300    0.0000
   10.2000    0.5224    0.4540    0.0684    0.7224    2.5115    4.4309    8.0597    4.3209   10.7600    5.9294    0.3560    0.0000    0.0400    0.4300    0.0000
   10.2000    0.6224    0.4540    0.1684    0.7224    2.6533    3.5256    8.1124    0.6321   12.6414    5.6739    0.3560    0.0000    0.0400    0.4300    0.0000
   10.2000    0.5234    0.4540    0.0694    0.7234    2.3808    4.4938    8.0549    4.7042   10.5688    5.9550    0.3560    0.0000    0.0400    0.4300    0.0000
   10.2000    0.6234    0.4540    0.1694    0.7234    2.6602    3.5245    8.1120    0.6214   12.6471    5.6783    0.3560    0.0000    0.0400    0.4300    0.0000
   10.2000    0.5243    0.4540    0.0703    0.7243    2.2501    4.5568    8.0500    5.0875   10.3775    5.9805    0.3560    0.0000    0.0400    0.4300    0.0000
   10.2000    0.6244    0.4540    0.1704    0.7244    2.6670    3.5234    8.1116    0.6107   12.6528    5.6826    0.3560    0.0000    0.0400    0.4300    0.0000
   10.2000    0.5253    0.4540    0.0713    0.7253    2.1194    4.6197    8.0452    5.4708   10.1863    6.0060    0.3560    0.0000    0.0400    0.4300    0.0000
   10.2000    0.6254    0.4540    0.1714    0.7254    2.6738    3.5222    8.1112    0.6001   12.6584    5.6870    0.3560    0.0000    0.0400    0.4300    0.0000
   10.2000    0.5263    0.4540    0.0723    0.7263    1.9887    4.6827    8.0403    5.8542    9.9950    6.0315    0.3560    0.0000    0.0400    0.4300    0.0000
   10.2000    0.6264    0.4540    0.1724    0.7264    2.6807    3.5211    8.1108    0.5894   12.6641    5.6913    0.3560    0.0000    0.0400    0.4300    0.0000
   10.2000    0.5273    0.4540    0.0733    0.7273    1.8580    4.7456    8.0354    6.2375    9.8038    6.0570    0.3560    0.0000    0.0400    0.4300    0.0000
   10.2000    0.6273    0.4540    0.1733    0.7273    2.6875    3.5200    8.1103    0.5787   12.6698    5.6956    0.3560    0.0000    0.0400    0.4300    0.0000
   10.2000    0.5283    0.4540    0.0743    0.7283    1.7272    4.8086    8.0306    6.6208    9.6125    6.0825    0.3560    0.0000    0.0400    0.4300    0.0000
   10.2000    0.6283    0.4540    0.1743    0.7283    2.6943    3.5188    8.1099    0.5681   12.6754    5.7000    0.3560    0.0000    0.0400    0.4300    0.0000
   10.2000    0.5293    0.4540    0.0753    0.7293    1.5965    4.8715    8.0257    7.0041    9.4213    6.1080    0.3560    0.0000    0.0400    0.4300    0.0000
   10.2000    0.6293    0.4540    0.1753    0.7293    2.7012    3.5177    8.1095    0.5574   12.6811    5.7043    0.3560    0.0000    0.0400    0.4300    0.0000
   10.2000    0.5302    0.4540    0.0762    0.7302    2.5198    3.8012    8.1093    1.8005   12.0235    5.6833    0.3560    0.0000    0.0400    0.4300    0.0000
   10.2000    0.6303    0.4540    0.1763    0.7303    2.7080    3.5166    8.1091    0.5467   12.6868    5.7087    0.3560    0.0000    0.0400    0.4300    0.0000
   10.2000    0.5312    0.4540    0.0772    0.7312    2.5444    3.9182    8.1012    2.2446   11.8018    5.7242    0.3560    0.0000    0.0400    0.4300    0.0000
   10.2000    0.6313    0.4540    0.1773    0.7313    2.7148    3.5155    8.1087    0.5361   12.6924    5.7130    0.3560    0.0000    0.0400    0.4300    0.0000
   10.2000    0.5322    0.4540    0.0782    0.7322    2.5689    4.0352    8.0932    2.6887   11.5802    5.7652    0.3560    0.0000    0.0400    0.4300    0.0000
   10.2000    0.6322    0.4540    0.1782    0.7322    2.7217    3.5143    8.1083    0.5254   12.6981    5.7173    0.3560    0.0000    0.0400    0.4300    0.0000
   10.2000    0.5332    0.4540    0.0792    0.7332    2.5935    4.1521    8.0851    3.1327   11.3585    5.8061    0.3560    0.0000    0.0400    0.4300    0.0000
   10.2000    0.6332    0.4540    0.1792    0.7332    2.7285    3.5132    8.1079    0.5147   12.7038    5.7217    0.3560    0.0000    0.0400    0.4300    0.0000
   10.2000    0.5342    0.4540    0.0802    0.7342    2.6180    4.2691    8.0771    3.5768   11.1369    5.8471    0.3560    0.0000    0.0400    0.4300    0.0000
   10.2000    0.6342    0.4540    0.1802    0.7342    2.7353    3.5121    8.1075    0.5041   12.7095    5.7260    0.3560    0.0000    0.0400    0.4300    0.0000
   10.2000    0.5351    0.4540    0.0811    0.7351    2.6426    4.3860    8.0690    4.0209   10.9152    5.8880    0.3560    0.0000    0.0400    0.4300    0.0000
   10.2000    0.6352    0.4540    0.1812    0.7352    2.7422    3.5110    8.1070    0.4934   12.7151    5.7303    0.3560    0.0000    0.0400    0.4300    0.0000
   10.2000    0.5361    0.4540    0.0821    0.7361    2.6671    4.5030    8.0610    4.4649   10.6936    5.9290    0.3560    0.0000    0.0400    0.4300    0.0000
   10.2000    0.6362    0.4540    0.1822    0.7362    2.7490    3.5098    8.1066    0.4827   12.7208    5.7347    0.3560    0.0000    0.0400    0.4300    0.0000
   10.2000    0.5371    0.4540    0.0831    0.7371    2.6917    4.6199    8.0529    4.9090   10.4720    5.9699    0.3560    0.0000    0.0400    0.4300    0.0000
   10.2000    0.6371    0.4540    0.1831    0.7371    2.7558    3.5087    8.1062    0.4721   12.7265    5.7390    0.3560    0.0000    0.0400    0.4300    0.0000
   10.2000    0.5381    0.4540    0.0841    0.7381    2.7162    4.7369    8.0449    5.3531   10.2503    6.0109    0.3560    0.0000    0.0400    0.4300    0.0000
   10.2000    0.6381    0.4540    0.1841    0.7381    2.7627    3.5076    8.1058    0.4614   12.7321    5.7434    0.3560    0.0000    0.0400    0.4300    0.0000
   10.2000    0.5391    0.4540    0.0851    0.7391    2.7408    4.8538    8.0368    5.7971   10.0287    6.0518    0.3560    0.0000    0.0400    0.4300    0.0000
   10.2000    0.6391    0.4540    0.1851    0.7391    2.7695    3.5065    8.1054    0.4507   12.7378    5.7477    0.3560    0.0000    0.0400    0.4300    0.0000
   10.2000    0.5400    0.4540    0.0860    0.7400    2.8071    3.5459    8.0934    0.4998   12.6778    5.8416    0.3560    0.0000    0.0400    0.4300    0.0000
   10.2000    0.6401    0.4540    0.1861    0.7401    2.7763    3.5053    8.1050    0.4401   12.7435    5.7520    0.3560    0.0000    0.0400    0.4300    0.0000
   10.2000    0.5410    0.4540    0.0870    0.7410    2.8239    3.6867    8.0861    1.0471   12.4045    5.8698    0.3560    0.0000    0.0400    0.4300    0.0000
   10.2000    0.6411    0.4540    0.1871    0.7411    2.7832    3.5042    8.1046    0.4294   12.7491    5.7564    0.3560    0.0000    0.0400    0.4300    0.0000
   10.2000    0.5420    0.4540    0.0880    0.7420    2.8407    3.8275    8.0788    1.5944   12.1313    5.8980    0.3560    0.0000    0.0400    0.4300    0.0000
   10.2000    0.6420    0.4540    0.1880    0.7420    2.7900    3.5031    8.1042    0.4187   12.7548    5.7607    0.3560    0.0000    0.0400    0.4300    0.0000
#   age       Mtot      Mc        Menv      Mini      logL      logT      logTc     logg      logR      logrhoc   Y         Yc        Z         FeH       OFe       
   10.2500    0.4881    0.4540    0.0341    0.6881    1.2379    4.1644    8.0626    4.4990   10.6562    4.3600    0.3560    0.9177    0.0400    0.4300    0.0000
   10.2500    0.5881    0.4540    0.1341    0.6881    1.6530    3.6314    8.0619    2.0320   11.9297    4.3656    0.3560    0.9179    0.0400    0.4300    0.0000
   10.2500    0.4890    0.4540    0.0350    0.6890    0.2486    4.6223    7.8719    7.3206    9.2459    6.1177    0.3560    0.0000    0.0400    0.4300    0.0000
   10.2500    0.5891    0.4540    0.1351    0.6891    2.4210    3.5639    8.1264    0.9948   12.4486    5.5264    0.3560    0.0000    0.0400    0.4300    0.0000
   10.2500    0.4900    0.4540    0.0360    0.6900    2.3158    4.4802    8.0730    4.6863   10.5634    5.6748    0.3560    0.0000    0.0400    0.4300    0.0000
   10.2500    0.5901    0.4540    0.1361    0.6901    2.4278    3.5628    8.1260    0.9841   12.4543    5.5308    0.3560    0.0000    0.0400    0.4300    0.0000
   10.2500    0.4910    0.4540    0.0370    0.6910    2.1250    4.5023    8.0561    4.9662   10.4239    5.7232    0.3560    0.0000    0.0400    0.4300    0.0000
   10.2500    0.5910    0.4540    0.1370    0.6910    2.4347    3.5616    8.1256    0.9735   12.4600    5.5351    0.3560    0.0000    0.0400    0.4300    0.0000
   10.2500    0.4920    0.4540    0.0380    0.6920    1.9342    4.5243    8.0392    5.2461   10.2843    5.7715    0.3560    0.0000    0.0400    0.4300    0.0000
   10.2500    0.5920    0.4540    0.1380    0.6920    2.4415    3.5605    8.1251    0.9628   12.4656    5.5395    0.3560    0.0000    0.0400    0.4300    0.0000
   10.2500    0.4930    0.4540    0.0390    0.6930    1.7433    4.5464    8.0224    5.5261   10.1448    5.8199    0.3560    0.0000    0.0400    0.4300    0.0000
   10.2500    0.5930    0.4540    0.1390    0.6930    2.4483    3.5594    8.1247    0.9521   12.4713    5.5438    0.3560    0.0000    0.0400    0.4300    0.0000
   10.2500    0.4939    0.4540    0.0399    0.6939    1.5525    4.5685    8.0055    5.8060   10.0053    5.8683    0.3560    0.0000    0.0400    0.4300    0.0000
   10.2500    0.5940    0.4540    0.1400    0.6940    2.4552    3.5583    8.1243    0.9415   12.4770    5.5481    0.3560    0.0000    0.0400    0.4300    0.0000
   10.2500    0.4949    0.4540    0.0409    0.6949    1.3616    4.5905    7.9886    6.0859    9.8657    5.9167    0.3560    0.0000    0.0400    0.4300    0.0000
   10.2500    0.5950    0.4540    0.1410    0.6950    2.4620    3.5571    8.1239    0.9308   12.4826    5.5525    0.3560    0.0000    0.0400    0.4300    0.0000
   10.2500    0.4959    0.4540    0.0419    0.6959    1.1708    4.6126    7.9718    6.3658    9.7262    5.9651    0.3560    0.0000    0.0400    0.4300    0.0000
   10.2500    0.5959    0.4540    0.1419    0.6959    2.4688    3.5560    8.1235    0.9201   12.4883    5.5568    0.3560    0.0000    0.0400    0.4300    0.0000
   10.2500    0.4969    0.4540    0.0429    0.6969    0.9799    4.6347    7.9549    6.6458    9.5867    6.0135    0.3560    0.0000    0.0400    0.4300    0.0000
   10.2500    0.5969    0.4540    0.1429    0.6969    2.4757    3.5549    8.1231    0.9095   12.4940    5.5611    0.3560    0.0000    0.0400    0.4300    0.0000
   10.2500    0.4979    0.4540    0.0439    0.6979    0.7891    4.6567    7.9380    6.9257    9.4471    6.0619    0.3560    0.0000    0.0400    0.4300    0.0000
   10.2500    0.5979    0.4540    0.1439    0.6979    2.4825    3.5538    8.1227    0.8988   12.4997    5.5655    0.3560    0.0000    0.0400    0.4300    0.0000
   10.2500    0.4988    0.4540    0.0448    0.6988    0.5982    4.6788    7.9211    7.2056    9.3076    6.1103    0.3560    0.0000    0.0400    0.4300    0.0000
   10.2500    0.5989    0.4540    0.1449    0.6989    2.4893    3.5526    8.1223    0.8881   12.5053    5.5698    0.3560    0.0000    0.0400    0.4300    0.0000
   10.2500    0.4998    0.4540    0.0458    0.6998    0.4074    4.7009    7.9043    7.4856    9.1681    6.1587    0.3560    0.0000    0.0400    0.4300    0.0000
   10.2500    0.5999    0.4540    0.1459    0.6999    2.4962    3.5515    8.1219    0.8775   12.5110    5.5742    0.3560    0.0000    0.0400    0.4300    0.0000
   10.2500    0.5008    0.4540    0.0468    0.7008    2.0686    4.3648    8.0886    4.4811   10.6708    5.5638    0.3560    0.0000    0.0400    0.4300    0.0000
   10.2500    0.6009    0.4540    0.1469    0.7009    2.5030    3.5504    8.1214    0.8668   12.5167    5.5785    0.3560    0.0000    0.0400    0.4300    0.0000
   10.2500    0.5018    0.4540    0.0478    0.7018    1.9315    4.4099    8.0746    4.7994   10.5120    5.6266    0.3560    0.0000    0.0400    0.4300    0.0000
   10.2500    0.6018    0.4540    0.1478    0.7018    2.5098    3.5493    8.1210    0.8561   12.5223    5.5828    0.3560    0.0000    0.0400    0.4300    0.0000
   10.2500    0.5028    0.4540    0.0488    0.7028    1.7944    4.4550    8.0606    5.1177   10.3533    5.6894    0.3560    0.0000    0.0400    0.4300    0.0000
   10.2500    0.6028    0.4540    0.1488    0.7028    2.5167    3.5481    8.1206    0.8454   12.5280    5.5872    0.3560    0.0000    0.0400    0.4300    0.0000
   10.2500    0.5038    0.4540    0.0498    0.7038    1.6573    4.5001    8.0466    5.4360   10.1946    5.7522    0.3560    0.0000    0.0400    0.4300    0.0000
   10.2500    0.6038    0.4540    0.1498    0.7038    2.5235    3.5470    8.1202    0.8348   12.5337    5.5915    0.3560    0.0000    0.0400    0.4300    0.0000
   10.2500    0.5047    0.4540    0.0507    0.7047    1.5202    4.5452    8.0326    5.7542   10.0359    5.8150    0.3560    0.0000    0.0400    0.4300    0.0000
   10.2500    0.6048    0.4540    0.1508    0.7048    2.5303    3.5459    8.1198    0.8241   12.5394    5.5959    0.3560    0.0000    0.0400    0.4300    0.0000
   10.2500    0.5057    0.4540    0.0517    0.7057    1.3831    4.5903    8.0185    6.0725    9.8771    5.8778    0.3560    0.0000    0.0400    0.4300    0.0000
   10.2500    0.6058    0.4540    0.1518    0.7058    2.5372    3.5448    8.1194    0.8134   12.5450    5.6002    0.3560    0.0000    0.0400    0.4300    0.0000
   10.2500    0.5067    0.4540    0.0527    0.7067    1.2460    4.6353    8.0045    6.3908    9.7184    5.9406    0.3560    0.0000    0.0400    0.4300    0.0000
   10.2500    0.6067    0.4540    0.1527    0.7067    2.5440    3.5436    8.1190    0.8028   12.5507    5.6045    0.3560    0.0000    0.0400    0.4300    0.0000
   10.2500    0.5077    0.4540    0.0537    0.7077    1.1089    4.6804    7.9905    6.7091    9.5597    6.0033    0.3560    0.0000    0.0400    0.4300    0.0000
   10.2500    0.6077    0.4540    0.1537    0.7077    2.5508    3.5425    8.1186    0.7921   12.5564    5.6089    0.3560    0.0000    0.0400    0.4300    0.0000
   10.2500    0.5087    0.4540    0.0547    0.7087    0.9719    4.7255    7.9765    7.0273    9.4010    6.0661    0.3560    0.0000    0.0400    0.4300    0.0000
   10.2500    0.6087    0.4540    0.1547    0.7087    2.5577    3.5414    8.1182    0.7814   12.5620    5.6132    0.3560    0.0000    0.0400    0.4300    0.0000
   10.2500    0.5096    0.4540    0.0556    0.7096    0.8348    4.7706    7.9625    7.3456    9.2422    6.1289    0.3560    0.0000    0.0400    0.4300    0.0000
   10.2500    0.6097    0.4540    0.1557    0.7097    2.5645    3.5402    8.1177    0.7708   12.5677    5.6175    0.3560    0.0000    0.0400    0.4300    0.0000
   10.2500    0.5106    0.4540    0.0566    0.7106    2.2292    4.2770    8.0973    3.9777   10.9266    5.5997    0.3560    0.0000    0.0400    0.4300    0.0000
   10.2500    0.6107    0.4540    0.1567    0.7107    2.5713    3.5391    8.1173    0.7601   12.5734    5.6219    0.3560    0.0000    0.0400    0.4300    0.0000
   10.2500    0.5116    0.4540    0.0576    0.7116    2.1124    4.3370    8.0865    4.3351   10.7484    5.6563    0.3560    0.0000    0.0400    0.4300    0.0000
   10.2500    0.6116    0.4540    0.1576    0.7116    2.5782    3.5380    8.1169    0.7494   12.5790    5.6262    0.3560    0.0000    0.0400    0.4300    0.0000
   10.2500    0.5126    0.4540    0.0586    0.7126    1.9956    4.3969    8.0758    4.6925   10.5701    5.7130    0.3560    0.0000    0.0400    0.4300    0.0000
   10.2500    0.6126    0.4540    0.1586    0.7126    2.5850    3.5369    8.1165    0.7388   12.5847    5.6306    0.3560    0.0000    0.0400    0.4300    0.0000
   10.2500    0.5136    0.4540    0.0596    0.7136    1.8787    4.4568    8.0651    5.0499   10.3918    5.7696    0.3560    0.0000    0.0400    0.4300    0.0000
   10.2500    0.6136    0.4540    0.1596    0.7136    2.5918    3.5357    8.1161    0.7281   12.5904    5.6349    0.3560    0.0000    0.0400    0.4300    0.0000
#   age       Mtot      Mc        Menv      Mini      logL      logT      logTc     logg      logR      logrhoc   Y         Yc        Z         FeH       OFe       
   10.3000    0.4577    0.4540    0.0037    0.5577    0.1344    4.6312    7.8846    7.4421    9.1707    6.0560    0.3560    0.0000    0.0400    0.4300    0.0000
   10.3000    0.4586    0.4540    0.0046    0.5586    0.2113    4.6467    7.8972    7.4280    9.1782    6.0514    0.3560    0.0000    0.0400    0.4300    0.0000
   10.3000    0.4590    0.4540    0.0050    0.5590    0.0285    4.6122    7.8666    7.4731    9.1558    6.0702    0.3560    0.0000    0.0400    0.4300    0.0000
   10.3000    0.4596    0.4540    0.0056    0.5596    1.3942    4.7064    7.9561    6.4846    9.6503    5.8937    0.3560    0.0000    0.0400    0.4300    0.0000
   10.3000    0.4606    0.4540    0.0066    0.5606    0.4595    4.6473    7.8980    7.1840    9.3011    6.0204    0.3560    0.0000    0.0400    0.4300    0.0000
   10.3000    0.4616    0.4540    0.0076    0.5616    1.6686    4.7661    7.9668    6.4508    9.6681    5.8961    0.3560    0.0000    0.0400    0.4300    0.0000
   10.3000    0.4626    0.4540    0.0086    0.5626    1.2105    4.7256    7.9396    6.7479    9.5201    5.9503    0.3560    0.0000    0.0400    0.4300    0.0000
   10.3000    0.4635    0.4540    0.0095    0.5635    0.7523    4.6851    7.9124    7.0450    9.3720    6.0045    0.3560    0.0000    0.0400    0.4300    0.0000
   10.3000    0.4645    0.4540    0.0105    0.5645    0.2942    4.6446    7.8852    7.3420    9.2239    6.0586    0.3560    0.0000    0.0400    0.4300    0.0000
   10.3000    0.4655    0.4540    0.0115    0.5655    1.8793    4.7131    7.9945    6.0320    9.8794    5.8286    0.3560    0.0000    0.0400    0.4300    0.0000
   10.3000    0.4665    0.4540    0.0125    0.5665    1.4938    4.6963    7.9688    6.3512    9.7203    5.8871    0.3560    0.0000    0.0400    0.4300    0.0000
   10.3000    0.4675    0.4540    0.0135    0.5675    1.1083    4.6795    7.9432    6.6703    9.5612    5.9457    0.3560    0.0000    0.0400    0.4300    0.0000
   10.3000    0.4684    0.4540    0.0144    0.5684    0.7228    4.6627    7.9175    6.9895    9.4021    6.0042    0.3560    0.0000    0.0400    0.4300    0.0000
   10.3000    0.4694    0.4540    0.0154    0.5694    0.3373    4.6459    7.8919    7.3086    9.2430    6.0627    0.3560    0.0000    0.0400    0.4300    0.0000
   10.3000    0.4704    0.4540    0.0164    0.5704    0.5202    4.7126    7.9395    7.3935    9.2009    6.0530    0.3560    0.0000    0.0400    0.4300    0.0000
   10.3000    0.4714    0.4540    0.0174    0.5714    0.4279    4.6959    7.9247    7.4197    9.1882    6.0662    0.3560    0.0000    0.0400    0.4300    0.0000
   10.3000    0.4724    0.4540    0.0184    0.5724    0.3356    4.6791    7.9098    7.4460    9.1756    6.0795    0.3560    0.0000    0.0400    0.4300    0.0000
   10.3000    0.4733    0.4540    0.0193    0.5733    0.2433    4.6623    7.8950    7.4723    9.1629    6.0928    0.3560    0.0000    0.0400    0.4300    0.0000
   10.3000    0.4743    0.4540    0.0203    0.5743    0.1509    4.6456    7.8801    7.4985    9.1502    6.1061    0.3560    0.0000    0.0400    0.4300    0.0000
   10.3000    0.4753    0.4540    0.0213    0.5753    0.5660    4.7246    7.9440    7.4002    9.1998    6.0631    0.3560    0.0000    0.0400    0.4300    0.0000
   10.3000    0.4763    0.4540    0.0223    0.5763    0.4580    4.7046    7.9262    7.4290    9.1859    6.0779    0.3560    0.0000    0.0400    0.4300    0.0000
   10.3000    0.4773    0.4540    0.0233    0.5773    0.3499    4.6845    7.9084    7.4578    9.1720    6.0928    0.3560    0.0000    0.0400    0.4300    0.0000
   10.3000    0.4783    0.4540    0.0243    0.5783    0.2419    4.6645    7.8906    7.4865    9.1580    6.1076    0.3560    0.0000    0.0400    0.4300    0.0000
   10.3000    0.4792    0.4540    0.0252    0.5792    0.1338    4.6444    7.8728    7.5153    9.1441    6.1224    0.3560    0.0000    0.0400    0.4300    0.0000
   10.3000    0.4802    0.4540    0.0262    0.5802    2.1781    4.5345    8.0581    5.0320   10.3861    5.6762    0.3560    0.0000    0.0400    0.4300    0.0000
   10.3000    0.4812    0.4540    0.0272    0.5812    1.9637    4.5443    8.0374    5.2863   10.2594    5.7252    0.3560    0.0000    0.0400    0.4300    0.0000
   10.3000    0.4822    0.4540    0.0282    0.5822    1.7493    4.5540    8.0168    5.5406   10.1327    5.7743    0.3560    0.0000    0.0400    0.4300    0.0000
   10.3000    0.4832    0.4540    0.0292    0.5832    1.5349    4.5638    7.9961    5.7949   10.0060    5.8233    0.3560    0.0000    0.0400    0.4300    0.0000
   10.3000    0.4841    0.4540    0.0301    0.5841    1.3205    4.5735    7.9754    6.0492    9.8793    5.8724    0.3560    0.0000    0.0400    0.4300    0.0000
   10.3000    0.4851    0.4540    0.0311    0.5851    1.1061    4.5833    7.9547    6.3034    9.7527    5.9215    0.3560    0.0000    0.0400    0.4300    0.0000
   10.3000    0.4861    0.4540    0.0321    0.5861    0.8917    4.5930    7.9340    6.5577    9.6260    5.9705    0.3560    0.0000    0.0400    0.4300    0.0000
   10.3000    0.4871    0.4540    0.0331    0.5871    0.6773    4.6028    7.9133    6.8120    9.4993    6.0196    0.3560    0.0000    0.0400    0.4300    0.0000
   10.3000    0.4881    0.4540    0.0341    0.5881    0.4629    4.6125    7.8926    7.0663    9.3726    6.0687    0.3560    0.0000    0.0400    0.4300    0.0000
   10.3000    0.4890    0.4540    0.0350    0.5890    0.2486    4.6223    7.8719    7.3206    9.2459    6.1177    0.3560    0.0000    0.0400    0.4300    0.0000
   10.3000    0.4900    0.4540    0.0360    0.5900    2.3158    4.4802    8.0730    4.6863   10.5634    5.6748    0.3560    0.0000    0.0400    0.4300    0.0000
   10.3000    0.4910    0.4540    0.0370    0.5910    2.1250    4.5023    8.0561    4.9662   10.4239    5.7232    0.3560    0.0000    0.0400    0.4300    0.0000
   10.3000    0.4920    0.4540    0.0380    0.5920    1.9342    4.5243    8.0392    5.2461   10.2843    5.7715    0.3560    0.0000    0.0400    0.4300    0.0000
   10.3000    0.4930    0.4540    0.0390    0.5930    1.7433    4.5464    8.0224    5.5261   10.1448    5.8199    0.3560    0.0000    0.0400    0.4300    0.0000
   10.3000    0.4939    0.4540    0.0399    0.5939    1.5525    4.5685    8.0055    5.8060   10.0053    5.8683    0.3560    0.0000    0.0400    0.4300    0.0000
   10.3000    0.4949    0.4540    0.0409    0.5949    1.3616    4.5905    7.9886    6.0859    9.8657    5.9167    0.3560    0.0000    0.0400    0.4300    0.0000
   10.3000    0.4959    0.4540    0.0419    0.5959    1.1708    4.6126    7.9718    6.3658    9.7262    5.9651    0.3560    0.0000    0.0400    0.4300    0.0000
   10.3000    0.4969    0.4540    0.0429    0.5969    0.9799    4.6347    7.9549    6.6458    9.5867    6.0135    0.3560    0.0000    0.0400    0.4300    0.0000
   10.3000    0.4979    0.4540    0.0439    0.5979    0.7891    4.6567    7.9380    6.9257    9.4471    6.0619    0.3560    0.0000    0.0400    0.4300    0.0000
   10.3000    0.4988    0.4540    0.0448    0.5988    0.5982    4.6788    7.9211    7.2056    9.3076    6.1103    0.3560    0.0000    0.0400    0.4300    0.0000
   10.3000    0.4998    0.4540    0.0458    0.5998    0.4074    4.7009    7.9043    7.4856    9.1681    6.1587    0.3560    0.0000    0.0400    0.4300    0.0000
   10.3000    0.5008    0.4540    0.0468    0.6008    2.0686    4.3648    8.0886    4.4811   10.6708    5.5638    0.3560    0.0000    0.0400    0.4300    0.0000
   10.3000    0.5018    0.4540    0.0478    0.6018    1.9315    4.4099    8.0746    4.7994   10.5120    5.6266    0.3560    0.0000    0.0400    0.4300    0.0000
   10.3000    0.5028    0.4540    0.0488    0.6028    1.7944    4.4550    8.0606    5.1177   10.3533    5.6894    0.3560    0.0000    0.0400    0.4300    0.0000
   10.3000    0.5038    0.4540    0.0498    0.6038    1.6573    4.5001    8.0466    5.4360   10.1946    5.7522    0.3560    0.0000    0.0400    0.4300    0.0000
   10.3000    0.5047    0.4540    0.0507    0.6047    1.5202    4.5452    8.0326    5.7542   10.0359    5.8150    0.3560    0.0000    0.0400    0.4300    0.0000
   10.3000    0.5057    0.4540    0.0517    0.6057    1.3831    4.5903    8.0185    6.0725    9.8771    5.8778    0.3560    0.0000    0.0400    0.4300    0.0000
   10.3000    0.5067    0.4540    0.0527    0.6067    1.2460    4.6353    8.0045    6.3908    9.7184    5.9406    0.3560    0.0000    0.0400    0.4300    0.0000
   10.3000    0.5077    0.4540    0.0537    0.6077    1.1089    4.6804    7.9905    6.7091    9.5597    6.0033    0.3560    0.0000    0.0400    0.4300    0.0000
   10.3000    0.5087    0.4540    0.0547    0.6087    0.9719    4.7255    7.9765    7.0273    9.4010    6.0661    0.3560    0.0000    0.0400    0.4300    0.0000
   10.3000    0.5096    0.4540    0.0556    0.6096    0.8348    4.7706    7.9625    7.3456    9.2422    6.1289    0.3560    0.0000    0.0400    0.4300    0.0000
   10.3000    0.5106    0.4540    0.0566    0.6106    2.2292    4.2770    8.0973    3.9777   10.9266    5.5997    0.3560    0.0000    0.0400    0.4300    0.0000
   10.3000    0.5116    0.4540    0.0576    0.6116    2.1124    4.3370    8.0865    4.3351   10.7484    5.6563    0.3560    0.0000    0.0400    0.4300    0.0000
   10.3000    0.5126    0.4540    0.0586    0.6126    1.9956    4.3969    8.0758    4.6925   10.5701    5.7130    0.3560    0.0000    0.0400    0.4300    0.0000
   10.3000    0.5136    0.4540    0.0596    0.6136    1.8787    4.4568    8.0651    5.0499   10.3918    5.7696    0.3560    0.0000    0.0400    0.4300    0.0000
   10.3000    0.5145    0.4540    0.0605    0.6145    1.7619    4.5167    8.0543    5.4073   10.2135    5.8262    0.3560    0.0000    0.0400    0.4300    0.0000
   10.3000    0.5155    0.4540    0.0615    0.6155    1.6451    4.5767    8.0436    5.7646   10.0353    5.8829    0.3560    0.0000    0.0400    0.4300    0.0000
   10.3000    0.5165    0.4540    0.0625    0.6165    1.5283    4.6366    8.0328    6.1220    9.8570    5.9395    0.3560    0.0000    0.0400    0.4300    0.0000
   10.3000    0.5175    0.4540    0.0635    0.6175    1.4115    4.6965    8.0221    6.4794    9.6787    5.9961    0.3560    0.0000    0.0400    0.4300    0.0000
   10.3000    0.5185    0.4540    0.0645    0.6185    1.2947    4.7565    8.0114    6.8368    9.5004    6.0528    0.3560    0.0000    0.0400    0.4300    0.0000
   10.3000    0.5194    0.4540    0.0654    0.6194    1.1779    4.8164    8.0006    7.1942    9.3221    6.1094    0.3560    0.0000    0.0400    0.4300    0.0000
   10.3000    0.5204    0.4540    0.0664    0.6204    2.7729    4.3050    8.0695    3.5543   11.1425    5.8784    0.3560    0.0000    0.0400    0.4300    0.0000
   10.3000    0.5214    0.4540    0.0674    0.6214    2.6422    4.3679    8.0646    3.9376   10.9513    5.9039    0.3560    0.0000    0.0400    0.4300    0.0000
   10.3000    0.5224    0.4540    0.0684    0.6224    2.5115    4.4309    8.0597    4.3209   10.7600    5.9294    0.3560    0.0000    0.0400    0.4300    0.0000
   10.3000    0.5234    0.4540    0.0694    0.6234    2.3808    4.4938    8.0549    4.7042   10.5688    5.9550    0.3560    0.0000    0.0400    0.4300    0.0000
   10.3000    0.5243    0.4540    0.0703    0.6243    2.2501    4.5568    8.0500    5.0875   10.3775    5.9805    0.3560    0.0000    0.0400    0.4300    0.0000
   10.3000    0.5253    0.4540    0.0713    0.6253    2.1194    4.6197    8.0452    5.4708   10.1863    6.0060    0.3560    0.0000    0.0400    0.4300    0.0000
   10.3000    0.5263    0.4540    0.0723    0.6263    1.9887    4.6827    8.0403    5.8542    9.9950    6.0315    0.3560    0.0000    0.0400    0.4300    0.0000
   10.3000    0.5273    0.4540    0.0733    0.6273    1.8580    4.7456    8.0354    6.2375    9.8038    6.0570    0.3560    0.0000    0.0400    0.4300    0.0000
   10.3000    0.5283    0.4540    0.0743    0.6283    1.7272    4.8086    8.0306    6.6208    9.6125    6.0825    0.3560    0.0000    0.0400    0.4300    0.0000
   10.3000    0.5293    0.4540    0.0753    0.6293    1.5965    4.8715    8.0257    7.0041    9.4213    6.1080    0.3560    0.0000    0.0400    0.4300    0.0000
   10.3000    0.5302    0.4540    0.0762    0.6302    2.5198    3.8012    8.1093    1.8005   12.0235    5.6833    0.3560    0.0000    0.0400    0.4300    0.0000
   10.3000    0.5312    0.4540    0.0772    0.6312    2.5444    3.9182    8.1012    2.2446   11.8018    5.7242    0.3560    0.0000    0.0400    0.4300    0.0000
   10.3000    0.5322    0.4540    0.0782    0.6322    2.5689    4.0352    8.0932    2.6887   11.5802    5.7652    0.3560    0.0000    0.0400    0.4300    0.0000
   10.3000    0.5332    0.4540    0.0792    0.6332    2.5935    4.1521    8.0851    3.1327   11.3585    5.8061    0.3560    0.0000    0.0400    0.4300    0.0000
   10.3000    0.5342    0.4540    0.0802    0.6342    2.6180    4.2691    8.0771    3.5768   11.1369    5.8471    0.3560    0.0000    0.0400    0.4300    0.0000
   10.3000    0.5351    0.4540    0.0811    0.6351    2.6426    4.3860    8.0690    4.0209   10.9152    5.8880    0.3560    0.0000    0.0400    0.4300    0.0000
   10.3000    0.5361    0.4540    0.0821    0.6361    2.6671    4.5030    8.0610    4.4649   10.6936    5.9290    0.3560    0.0000    0.0400    0.4300    0.0000
   10.3000    0.5371    0.4540    0.0831    0.6371    2.6917    4.6199    8.0529    4.9090   10.4720    5.9699    0.3560    0.0000    0.0400    0.4300    0.0000
   10.3000    0.5381    0.4540    0.0841    0.6381    2.7162    4.7369    8.0449    5.3531   10.2503    6.0109    0.3560    0.0000    0.0400    0.4300    0.0000
   10.3000    0.5391    0.4540    0.0851    0.6391    2.7408    4.8538    8.0368    5.7971   10.0287    6.0518    0.3560    0.0000    0.0400    0.4300    0.0000
   10.3000    0.5400    0.4540    0.0860    0.6400    2.8071    3.5459    8.0934    0.4998   12.6778    5.8416    0.3560    0.0000    0.0400    0.4300    0.0000
   10.3000    0.5410    0.4540    0.0870    0.6410    2.8239    3.6867    8.0861    1.0471   12.4045    5.8698    0.3560    0.0000    0.0400    0.4300    0.0000
   10.3000    0.5420    0.4540    0.0880    0.6420    2.8407    3.8275    8.0788    1.5944   12.1313    5.8980    0.3560    0.0000    0.0400    0.4300    0.0000
   10.3000    0.5430    0.4540    0.0890    0.6430    2.8574    3.9683    8.0715    2.1417   11.8580    5.9262    0.3560    0.0000    0.0400    0.4300    0.0000
   10.3000    0.5440    0.4540    0.0900    0.6440    2.8742    4.1091    8.0642    2.6890   11.5848    5.9544    0.3560    0.0000    0.0400    0.4300    0.0000
   10.3000    0.5449    0.4540    0.0909    0.6449    2.8910    4.2500    8.0569    3.2363   11.3115    5.9826    0.3560    0.0000    0.0400    0.4300    0.0000
   10.3000    0.5459    0.4540    0.0919    0.6459    2.9077    4.3908    8.0496    3.7835   11.0382    6.0108    0.3560    0.0000    0.0400    0.4300    0.0000
   10.3000    0.5469    0.4540    0.0929    0.6469    2.9245    4.5316    8.0422    4.3308   10.7650    6.0390    0.3560    0.0000    0.0400    0.4300    0.0000
   10.3000    0.5479    0.4540    0.0939    0.6479    2.9413    4.6724    8.0349    4.8781   10.4917    6.0672    0.3560    0.0000    0.0400    0.4300    0.0000
   10.3000    0.5489    0.4540    0.0949    0.6489    2.9580    4.8132    8.0276    5.4254   10.2185    6.0955    0.3560    0.0000    0.0400    0.4300    0.0000
   10.3000    0.5499    0.4540    0.0959    0.6499    2.9748    4.9541    8.0203    5.9727    9.9452    6.1237    0.3560    0.0000    0.0400    0.4300    0.0000
   10.3000    0.5508    0.4540    0.0968    0.6508    2.6220    3.5542    8.1144    0.7268   12.5685    5.7335    0.3560    0.0000    0.0400    0.4300    0.0000
   10.3000    0.5518    0.4540    0.0978    0.6518    2.6524    3.5508    8.1109    0.6833   12.5907    5.7488    0.3560    0.0000    0.0400    0.4300    0.0000
   10.3000    0.5528    0.4540    0.0988    0.6528    2.6829    3.5473    8.1074    0.6397   12.6128    5.7641    0.3560    0.0000    0.0400    0.4300    0.0000
   10.3000    0.5538    0.4540    0.0998    0.6538    2.7133    3.5438    8.1039    0.5962   12.6350    5.7793    0.3560    0.0000    0.0400    0.4300    0.0000
   10.3000    0.5548    0.4540    0.1008    0.6548    2.7438    3.5404    8.1005    0.5526   12.6572    5.7946    0.3560    0.0000    0.0400    0.4300    0.0000
   10.3000    0.5557    0.4540    0.1017    0.6557    2.7742    3.5369    8.0970    0.5091   12.6793    5.8099    0.3560    0.0000    0.0400    0.4300    0.0000
   10.3000    0.5567    0.4540    0.1027    0.6567    2.8046    3.5334    8.0935    0.4655   12.7015    5.8251    0.3560    0.0000    0.0400    0.4300    0.0000
   10.3000    0.4577    0.4540    0.0037    0.6577    0.1344    4.6312    7.8846    7.4421    9.1707    6.0560    0.3560    0.0000    0.0400    0.4300    0.0000
   10.3000    0.5577    0.4540    0.1037    0.6577    2.8351    3.5300    8.0900    0.4219   12.7236    5.8404    0.3560    0.0000    0.0400    0.4300    0.0000
   10.3000    0.4586    0.4540    0.0046    0.6586    0.2113    4.6467    7.8972    7.4280    9.1782    6.0514    0.3560    0.0000    0.0400    0.4300    0.0000
   10.3000    0.5587    0.4540    0.1047    0.6587    2.8655    3.5265    8.0865    0.3784   12.7458    5.8557    0.3560    0.0000    0.0400    0.4300    0.0000
   10.3000    0.4590    0.4540    0.0050    0.6590    0.0285    4.6122    7.8666    7.4731    9.1558    6.0702    0.3560    0.0000    0.0400    0.4300    0.0000
   10.3000    0.4596    0.4540    0.0056    0.6596    1.3942    4.7064    7.9561    6.4846    9.6503    5.8937    0.3560    0.0000    0.0400    0.4300    0.0000
   10.3000    0.5597    0.4540    0.1057    0.6597    2.8960    3.5230    8.0831    0.3348   12.7679    5.8710    0.3560    0.0000    0.0400    0.4300    0.0000
   10.3000    0.4606    0.4540    0.0066    0.6606    0.4595    4.6473    7.8980    7.1840    9.3011    6.0204    0.3560    0.0000    0.0400    0.4300    0.0000
   10.3000    0.5606    0.4540    0.1066    0.6606    2.9264    3.5196    8.0796    0.2913   12.7901    5.8862    0.3560    0.0000    0.0400    0.4300    0.0000
   10.3000    0.4616    0.4540    0.0076    0.6616    1.6686    4.7661    7.9668    6.4508    9.6681    5.8961    0.3560    0.0000    0.0400    0.4300    0.0000
   10.3000    0.5616    0.4540    0.1076    0.6616    2.9568    3.5161    8.0761    0.2477   12.8122    5.9015    0.3560    0.0000    0.0400    0.4300    0.0000
   10.3000    0.4626    0.4540    0.0086    0.6626    1.2105    4.7256    7.9396    6.7479    9.5201    5.9503    0.3560    0.0000    0.0400    0.4300    0.0000
   10.3000    0.5626    0.4540    0.1086    0.6626    2.9873    3.5126    8.0726    0.2042   12.8344    5.9168    0.3560    0.0000    0.0400    0.4300    0.0000
   10.3000    0.4635    0.4540    0.0095    0.6635    0.7523    4.6851    7.9124    7.0450    9.3720    6.0045    0.3560    0.0000    0.0400    0.4300    0.0000
   10.3000    0.5636    0.4540    0.1096    0.6636    3.0177    3.5092    8.0691    0.1606   12.8565    5.9320    0.3560    0.0000    0.0400    0.4300    0.0000
   10.3000    0.4645    0.4540    0.0105    0.6645    0.2942    4.6446    7.8852    7.3420    9.2239    6.0586    0.3560    0.0000    0.0400    0.4300    0.0000
   10.3000    0.5646    0.4540    0.1106    0.6646    3.0481    3.5057    8.0657    0.1171   12.8787    5.9473    0.3560    0.0000    0.0400    0.4300    0.0000
   10.3000    0.4655    0.4540    0.0115    0.6655    1.8793    4.7131    7.9945    6.0320    9.8794    5.8286    0.3560    0.0000    0.0400    0.4300    0.0000
   10.3000    0.5655    0.4540    0.1115    0.6655    3.0786    3.5023    8.0622    0.0735   12.9009    5.9626    0.3560    0.0000    0.0400    0.4300    0.0000
   10.3000    0.4665    0.4540    0.0125    0.6665    1.4938    4.6963    7.9688    6.3512    9.7203    5.8871    0.3560    0.0000    0.0400    0.4300    0.0000
   10.3000    0.5665    0.4540    0.1125    0.6665    3.1090    3.4988    8.0587    0.0300   12.9230    5.9778    0.3560    0.0000    0.0400    0.4300    0.0000
   10.3000    0.4675    0.4540    0.0135    0.6675    1.1083    4.6795    7.9432    6.6703    9.5612    5.9457    0.3560    0.0000    0.0400    0.4300    0.0000
   10.3000    0.5675    0.4540    0.1135    0.6675    3.1395    3.4953    8.0552   -0.0136   12.9452    5.9931    0.3560    0.0000    0.0400    0.4300    0.0000
   10.3000    0.4684    0.4540    0.0144    0.6684    0.7228    4.6627    7.9175    6.9895    9.4021    6.0042    0.3560    0.0000    0.0400    0.4300    0.0000
   10.3000    0.5685    0.4540    0.1145    0.6685    3.1699    3.4919    8.0517   -0.0571   12.9673    6.0084    0.3560    0.0000    0.0400    0.4300    0.0000
   10.3000    0.4694    0.4540    0.0154    0.6694    0.3373    4.6459    7.8919    7.3086    9.2430    6.0627    0.3560    0.0000    0.0400    0.4300    0.0000
   10.3000    0.5695    0.4540    0.1155    0.6695    3.2003    3.4884    8.0483   -0.1007   12.9895    6.0236    0.3560    0.0000    0.0400    0.4300    0.0000
   10.3000    0.4704    0.4540    0.0164    0.6704    0.5202    4.7126    7.9395    7.3935    9.2009    6.0530    0.3560    0.0000    0.0400    0.4300    0.0000
   10.3000    0.5704    0.4540    0.1164    0.6704    3.2308    3.4849    8.0448   -0.1442   13.0116    6.0389    0.3560    0.0000    0.0400    0.4300    0.0000
   10.3000    0.4714    0.4540    0.0174    0.6714    0.4279    4.6959    7.9247    7.4197    9.1882    6.0662    0.3560    0.0000    0.0400    0.4300    0.0000
   10.3000    0.5714    0.4540    0.1174    0.6714    3.2612    3.4815    8.0413   -0.1878   13.0338    6.0542    0.3560    0.0000    0.0400    0.4300    0.0000
   10.3000    0.4724    0.4540    0.0184    0.6724    0.3356    4.6791    7.9098    7.4460    9.1756    6.0795    0.3560    0.0000    0.0400    0.4300    0.0000
   10.3000    0.5724    0.4540    0.1184    0.6724    3.2917    3.4780    8.0378   -0.2313   13.0559    6.0695    0.3560    0.0000    0.0400    0.4300    0.0000
   10.3000    0.4733    0.4540    0.0193    0.6733    0.2433    4.6623    7.8950    7.4723    9.1629    6.0928    0.3560    0.0000    0.0400    0.4300    0.0000
   10.3000    0.5734    0.4540    0.1194    0.6734    3.3221    3.4745    8.0343   -0.2749   13.0781    6.0847    0.3560    0.0000    0.0400    0.4300    0.0000
   10.3000    0.4743    0.4540    0.0203    0.6743    0.1509    4.6456    7.8801    7.4985    9.1502    6.1061    0.3560    0.0000    0.0400    0.4300    0.0000
   10.3000    0.5744    0.4540    0.1204    0.6744    3.3525    3.4711    8.0309   -0.3184   13.1003    6.1000    0.3560    0.0000    0.0400    0.4300    0.0000
   10.3000    0.4753    0.4540    0.0213    0.6753    0.5660    4.7246    7.9440    7.4002    9.1998    6.0631    0.3560    0.0000    0.0400    0.4300    0.0000
   10.3000    0.5754    0.4540    0.1214    0.6754    2.3253    3.5797    8.1321    1.1442   12.3692    5.4657    0.3560    0.0000    0.0400    0.4300    0.0000
   10.3000    0.4763    0.4540    0.0223    0.6763    0.4580    4.7046    7.9262    7.4290    9.1859    6.0779    0.3560    0.0000    0.0400    0.4300    0.0000
   10.3000    0.5763    0.4540    0.1223    0.6763    2.3322    3.5785    8.1317    1.1335   12.3749    5.4700    0.3560    0.0000    0.0400    0.4300    0.0000
   10.3000    0.4773    0.4540    0.0233    0.6773    0.3499    4.6845    7.9084    7.4578    9.1720    6.0928    0.3560    0.0000    0.0400    0.4300    0.0000
   10.3000    0.5773    0.4540    0.1233    0.6773    2.3390    3.5774    8.1313    1.1228   12.3806    5.4744    0.3560    0.0000    0.0400    0.4300    0.0000
   10.3000    0.4783    0.4540    0.0243    0.6783    0.2419    4.6645    7.8906    7.4865    9.1580    6.1076    0.3560    0.0000    0.0400    0.4300    0.0000
   10.3000    0.5783    0.4540    0.1243    0.6783    2.3458    3.5763    8.1309    1.1122   12.3863    5.4787    0.3560    0.0000    0.0400    0.4300    0.0000
   10.3000    0.4792    0.4540    0.0252    0.6792    0.1338    4.6444    7.8728    7.5153    9.1441    6.1224    0.3560    0.0000    0.0400    0.4300    0.0000
   10.3000    0.5793    0.4540    0.1253    0.6793    2.3527    3.5752    8.1305    1.1015   12.3919    5.4831    0.3560    0.0000    0.0400    0.4300    0.0000
   10.3000    0.4802    0.4540    0.0262    0.6802    2.1781    4.5345    8.0581    5.0320   10.3861    5.6762    0.3560    0.0000    0.0400    0.4300    0.0000
   10.3000    0.5803    0.4540    0.1263    0.6803    2.3595    3.5740    8.1301    1.0908   12.3976    5.4874    0.3560    0.0000    0.0400    0.4300    0.0000
   10.3000    0.4812    0.4540    0.0272    0.6812    1.9637    4.5443    8.0374    5.2863   10.2594    5.7252    0.3560    0.0000    0.0400    0.4300    0.0000
   10.3000    0.5812    0.4540    0.1272    0.6812    2.3663    3.5729    8.1297    1.0801   12.4033    5.4917    0.3560    0.0000    0.0400    0.4300    0.0000
   10.3000    0.4822    0.4540    0.0282    0.6822    1.7493    4.5540    8.0168    5.5406   10.1327    5.7743    0.3560    0.0000    0.0400    0.4300    0.0000
   10.3000    0.5822    0.4540    0.1282    0.6822    2.3732    3.5718    8.1293    1.0695   12.4089    5.4961    0.3560    0.0000    0.0400    0.4300    0.0000
   10.3000    0.4832    0.4540    0.0292    0.6832    1.5349    4.5638    7.9961    5.7949   10.0060    5.8233    0.3560    0.0000    0.0400    0.4300    0.0000
   10.3000    0.5832    0.4540    0.1292    0.6832    2.3800    3.5707    8.1289    1.0588   12.4146    5.5004    0.3560    0.0000    0.0400    0.4300    0.0000
   10.3000    0.4841    0.4540    0.0301    0.6841    1.3205    4.5735    7.9754    6.0492    9.8793    5.8724    0.3560    0.0000    0.0400    0.4300    0.0000
   10.3000    0.5842    0.4540    0.1302    0.6842    2.3868    3.5695    8.1284    1.0481   12.4203    5.5047    0.3560    0.0000    0.0400    0.4300    0.0000
   10.3000    0.4851    0.4540    0.0311    0.6851    1.1061    4.5833    7.9547    6.3034    9.7527    5.9215    0.3560    0.0000    0.0400    0.4300    0.0000
   10.3000    0.5852    0.4540    0.1312    0.6852    2.3937    3.5684    8.1280    1.0375   12.4259    5.5091    0.3560    0.0000    0.0400    0.4300    0.0000
   10.3000    0.4861    0.4540    0.0321    0.6861    0.8917    4.5930    7.9340    6.5577    9.6260    5.9705    0.3560    0.0000    0.0400    0.4300    0.0000
   10.3000    0.5861    0.4540    0.1321    0.6861    2.4005    3.5673    8.1276    1.0268   12.4316    5.5134    0.3560    0.0000    0.0400    0.4300    0.0000
   10.3000    0.4871    0.4540    0.0331    0.6871    0.6773    4.6028    7.9133    6.8120    9.4993    6.0196    0.3560    0.0000    0.0400    0.4300    0.0000
   10.3000    0.5871    0.4540    0.1331    0.6871    2.4073    3.5662    8.1272    1.0161   12.4373    5.5178    0.3560    0.0000    0.0400    0.4300    0.0000
