#   age       Mtot      Mc        Menv      logL      logT      logTc     logg      logR      logrhoc   Y         Yc        Z         FeH       OFe       
    2.0000    0.4980    0.4950    0.0030    1.2275    4.4647    8.0698    5.7197   10.0502    4.3029    0.2450    0.9416    0.0001   -2.2600    0.5000
    2.0000    0.5000    0.4950    0.0050    1.2324    4.4447    8.0700    5.6362   10.0928    4.3009    0.2450    0.9415    0.0001   -2.2600    0.5000
    2.0000    0.5050    0.4950    0.0100    1.2432    4.4093    8.0705    5.4884   10.1689    4.2964    0.2450    0.9413    0.0001   -2.2600    0.5000
    2.0000    0.5100    0.4950    0.0150    1.2534    4.3830    8.0710    5.3770   10.2267    4.2926    0.2450    0.9406    0.0001   -2.2600    0.5000
    2.0000    0.5150    0.4950    0.0200    1.2632    4.3613    8.0713    5.2846   10.2751    4.2891    0.2450    0.9400    0.0001   -2.2600    0.5000
    2.0000    0.5200    0.4950    0.0250    1.2728    4.3424    8.0717    5.2037   10.3177    4.2859    0.2450    0.9398    0.0001   -2.2600    0.5000
    2.0000    0.5300    0.4950    0.0350    1.2921    4.3100    8.0724    5.0627   10.3922    4.2803    0.2450    0.9389    0.0001   -2.2600    0.5000
    2.0000    0.5400    0.4950    0.0450    1.3095    4.2839    8.0729    4.9491   10.4530    4.2756    0.2450    0.9384    0.0001   -2.2600    0.5000
    2.0000    0.5600    0.4950    0.0650    1.3533    4.2356    8.0737    4.7280   10.5716    4.2682    0.2450    0.9375    0.0001   -2.2600    0.5000
    2.0000    0.5800    0.4950    0.0850    1.4070    4.1900    8.0743    4.5074   10.6895    4.2635    0.2450    0.9377    0.0001   -2.2600    0.5000
    2.0000    0.6000    0.4950    0.1050    1.4660    4.1423    8.0746    4.2723   10.8144    4.2612    0.2450    0.9373    0.0001   -2.2600    0.5000
    2.0000    0.6400    0.4950    0.1450    1.5687    4.0416    8.0747    3.7944   11.0673    4.2605    0.2450    0.9373    0.0001   -2.2600    0.5000
    2.0000    0.7200    0.4950    0.2250    1.6883    3.8614    8.0744    3.0054   11.4874    4.2623    0.2450    0.9371    0.0001   -2.2600    0.5000
    2.0000    0.7800    0.4950    0.2850    1.7394    3.7642    8.0742    2.6003   11.7074    4.2635    0.2450    0.9370    0.0001   -2.2600    0.5000
#   age       Mtot      Mc        Menv      logL      logT      logTc     logg      logR      logrhoc   Y         Yc        Z         FeH       OFe       
    3.0000    0.4980    0.4950    0.0030    1.2301    4.4647    8.0703    5.7168   10.0516    4.3028    0.2450    0.9286    0.0001   -2.2600    0.5000
    3.0000    0.5000    0.4950    0.0050    1.2349    4.4445    8.0705    5.6331   10.0944    4.3008    0.2450    0.9285    0.0001   -2.2600    0.5000
    3.0000    0.5050    0.4950    0.0100    1.2457    4.4091    8.0711    5.4849   10.1707    4.2963    0.2450    0.9279    0.0001   -2.2600    0.5000
    3.0000    0.5100    0.4950    0.0150    1.2559    4.3826    8.0716    5.3732   10.2286    4.2925    0.2450    0.9271    0.0001   -2.2600    0.5000
    3.0000    0.5150    0.4950    0.0200    1.2657    4.3609    8.0719    5.2805   10.2771    4.2890    0.2450    0.9263    0.0001   -2.2600    0.5000
    3.0000    0.5200    0.4950    0.0250    1.2752    4.3419    8.0724    5.1993   10.3198    4.2859    0.2450    0.9258    0.0001   -2.2600    0.5000
    3.0000    0.5300    0.4950    0.0350    1.2944    4.3094    8.0730    5.0581   10.3945    4.2803    0.2450    0.9245    0.0001   -2.2600    0.5000
    3.0000    0.5400    0.4950    0.0450    1.3121    4.2832    8.0735    4.9439   10.4556    4.2757    0.2450    0.9243    0.0001   -2.2600    0.5000
    3.0000    0.5600    0.4950    0.0650    1.3560    4.2347    8.0744    4.7218   10.5747    4.2684    0.2450    0.9230    0.0001   -2.2600    0.5000
    3.0000    0.5800    0.4950    0.0850    1.4093    4.1890    8.0750    4.5010   10.6926    4.2636    0.2450    0.9220    0.0001   -2.2600    0.5000
    3.0000    0.6000    0.4950    0.1050    1.4674    4.1415    8.0753    4.2677   10.8167    4.2611    0.2450    0.9212    0.0001   -2.2600    0.5000
    3.0000    0.6400    0.4950    0.1450    1.5695    4.0412    8.0754    3.7920   11.0685    4.2602    0.2450    0.9213    0.0001   -2.2600    0.5000
    3.0000    0.7200    0.4950    0.2250    1.6896    3.8602    8.0752    2.9993   11.4905    4.2619    0.2450    0.9213    0.0001   -2.2600    0.5000
    3.0000    0.7800    0.4950    0.2850    1.7408    3.7625    8.0750    2.5921   11.7114    4.2631    0.2450    0.9219    0.0001   -2.2600    0.5000
#   age       Mtot      Mc        Menv      logL      logT      logTc     logg      logR      logrhoc   Y         Yc        Z         FeH       OFe       
    4.0000    0.4980    0.4950    0.0030    1.2327    4.4646    8.0709    5.7139   10.0531    4.3028    0.2450    0.9156    0.0001   -2.2600    0.5000
    4.0000    0.5000    0.4950    0.0050    1.2374    4.4444    8.0711    5.6299   10.0959    4.3008    0.2450    0.9156    0.0001   -2.2600    0.5000
    4.0000    0.5050    0.4950    0.0100    1.2483    4.4089    8.0717    5.4814   10.1724    4.2963    0.2450    0.9146    0.0001   -2.2600    0.5000
    4.0000    0.5100    0.4950    0.0150    1.2584    4.3823    8.0722    5.3694   10.2305    4.2925    0.2450    0.9135    0.0001   -2.2600    0.5000
    4.0000    0.5150    0.4950    0.0200    1.2681    4.3605    8.0725    5.2765   10.2791    4.2890    0.2450    0.9126    0.0001   -2.2600    0.5000
    4.0000    0.5200    0.4950    0.0250    1.2776    4.3415    8.0730    5.1950   10.3219    4.2858    0.2450    0.9117    0.0001   -2.2600    0.5000
    4.0000    0.5300    0.4950    0.0350    1.2966    4.3088    8.0737    5.0535   10.3969    4.2803    0.2450    0.9101    0.0001   -2.2600    0.5000
    4.0000    0.5400    0.4950    0.0450    1.3147    4.2826    8.0742    4.9388   10.4582    4.2758    0.2450    0.9101    0.0001   -2.2600    0.5000
    4.0000    0.5600    0.4950    0.0650    1.3587    4.2338    8.0750    4.7156   10.5778    4.2685    0.2450    0.9084    0.0001   -2.2600    0.5000
    4.0000    0.5800    0.4950    0.0850    1.4116    4.1880    8.0757    4.4947   10.6958    4.2637    0.2450    0.9064    0.0001   -2.2600    0.5000
    4.0000    0.6000    0.4950    0.1050    1.4688    4.1407    8.0761    4.2631   10.8190    4.2610    0.2450    0.9050    0.0001   -2.2600    0.5000
    4.0000    0.6400    0.4950    0.1450    1.5703    4.0407    8.0761    3.7895   11.0698    4.2600    0.2450    0.9053    0.0001   -2.2600    0.5000
    4.0000    0.7200    0.4950    0.2250    1.6909    3.8589    8.0759    2.9932   11.4935    4.2615    0.2450    0.9056    0.0001   -2.2600    0.5000
    4.0000    0.7800    0.4950    0.2850    1.7423    3.7608    8.0757    2.5839   11.7155    4.2628    0.2450    0.9068    0.0001   -2.2600    0.5000
#   age       Mtot      Mc        Menv      logL      logT      logTc     logg      logR      logrhoc   Y         Yc        Z         FeH       OFe       
    5.0000    0.4980    0.4950    0.0030    1.2353    4.4645    8.0715    5.7110   10.0546    4.3027    0.2450    0.9027    0.0001   -2.2600    0.5000
    5.0000    0.5000    0.4950    0.0050    1.2400    4.4442    8.0717    5.6268   10.0975    4.3007    0.2450    0.9026    0.0001   -2.2600    0.5000
    5.0000    0.5050    0.4950    0.0100    1.2509    4.4086    8.0722    5.4779   10.1741    4.2962    0.2450    0.9013    0.0001   -2.2600    0.5000
    5.0000    0.5100    0.4950    0.0150    1.2609    4.3820    8.0728    5.3656   10.2324    4.2924    0.2450    0.9000    0.0001   -2.2600    0.5000
    5.0000    0.5150    0.4950    0.0200    1.2706    4.3601    8.0731    5.2724   10.2812    4.2889    0.2450    0.8991    0.0001   -2.2600    0.5000
    5.0000    0.5200    0.4950    0.0250    1.2800    4.3410    8.0736    5.1907   10.3241    4.2857    0.2450    0.8980    0.0001   -2.2600    0.5000
    5.0000    0.5300    0.4950    0.0350    1.2989    4.3082    8.0743    5.0488   10.3992    4.2802    0.2450    0.8962    0.0001   -2.2600    0.5000
    5.0000    0.5400    0.4950    0.0450    1.3172    4.2819    8.0748    4.9337   10.4608    4.2757    0.2450    0.8963    0.0001   -2.2600    0.5000
    5.0000    0.5600    0.4950    0.0650    1.3610    4.2330    8.0757    4.7099   10.5807    4.2685    0.2450    0.8943    0.0001   -2.2600    0.5000
    5.0000    0.5800    0.4950    0.0850    1.4133    4.1872    8.0764    4.4898   10.6982    4.2635    0.2450    0.8919    0.0001   -2.2600    0.5000
    5.0000    0.6000    0.4950    0.1050    1.4696    4.1401    8.0768    4.2601   10.8205    4.2607    0.2450    0.8906    0.0001   -2.2600    0.5000
    5.0000    0.6400    0.4950    0.1450    1.5708    4.0406    8.0768    3.7883   11.0704    4.2595    0.2450    0.8908    0.0001   -2.2600    0.5000
    5.0000    0.7200    0.4950    0.2250    1.6922    3.8581    8.0767    2.9887   11.4957    4.2609    0.2450    0.8909    0.0001   -2.2600    0.5000
    5.0000    0.7800    0.4950    0.2850    1.7438    3.7597    8.0764    2.5777   11.7186    4.2621    0.2450    0.8923    0.0001   -2.2600    0.5000
#   age       Mtot      Mc        Menv      logL      logT      logTc     logg      logR      logrhoc   Y         Yc        Z         FeH       OFe       
    6.0000    0.4980    0.4950    0.0030    1.2378    4.4644    8.0720    5.7081   10.0560    4.3024    0.2450    0.8908    0.0001   -2.2600    0.5000
    6.0000    0.5000    0.4950    0.0050    1.2425    4.4441    8.0722    5.6238   10.0990    4.3004    0.2450    0.8908    0.0001   -2.2600    0.5000
    6.0000    0.5050    0.4950    0.0100    1.2534    4.4084    8.0728    5.4745   10.1759    4.2959    0.2450    0.8893    0.0001   -2.2600    0.5000
    6.0000    0.5100    0.4950    0.0150    1.2634    4.3817    8.0733    5.3618   10.2343    4.2921    0.2450    0.8880    0.0001   -2.2600    0.5000
    6.0000    0.5150    0.4950    0.0200    1.2731    4.3597    8.0737    5.2683   10.2832    4.2886    0.2450    0.8869    0.0001   -2.2600    0.5000
    6.0000    0.5200    0.4950    0.0250    1.2825    4.3406    8.0742    5.1864   10.3262    4.2854    0.2450    0.8857    0.0001   -2.2600    0.5000
    6.0000    0.5300    0.4950    0.0350    1.3013    4.3076    8.0749    5.0441   10.4016    4.2799    0.2450    0.8836    0.0001   -2.2600    0.5000
    6.0000    0.5400    0.4950    0.0450    1.3195    4.2812    8.0754    4.9287   10.4633    4.2754    0.2450    0.8833    0.0001   -2.2600    0.5000
    6.0000    0.5600    0.4950    0.0650    1.3629    4.2322    8.0763    4.7048   10.5832    4.2681    0.2450    0.8810    0.0001   -2.2600    0.5000
    6.0000    0.5800    0.4950    0.0850    1.4145    4.1865    8.0770    4.4859   10.7002    4.2630    0.2450    0.8782    0.0001   -2.2600    0.5000
    6.0000    0.6000    0.4950    0.1050    1.4701    4.1397    8.0774    4.2579   10.8216    4.2602    0.2450    0.8769    0.0001   -2.2600    0.5000
    6.0000    0.6400    0.4950    0.1450    1.5712    4.0405    8.0775    3.7877   11.0707    4.2588    0.2450    0.8770    0.0001   -2.2600    0.5000
    6.0000    0.7200    0.4950    0.2250    1.6934    3.8576    8.0774    2.9852   11.4975    4.2600    0.2450    0.8768    0.0001   -2.2600    0.5000
    6.0000    0.7800    0.4950    0.2850    1.7454    3.7589    8.0772    2.5729   11.7210    4.2611    0.2450    0.8785    0.0001   -2.2600    0.5000
#   age       Mtot      Mc        Menv      logL      logT      logTc     logg      logR      logrhoc   Y         Yc        Z         FeH       OFe       
    7.0000    0.4980    0.4950    0.0030    1.2403    4.4643    8.0726    5.7053   10.0575    4.3020    0.2450    0.8793    0.0001   -2.2600    0.5000
    7.0000    0.5000    0.4950    0.0050    1.2450    4.4440    8.0728    5.6207   10.1006    4.3000    0.2450    0.8793    0.0001   -2.2600    0.5000
    7.0000    0.5050    0.4950    0.0100    1.2559    4.4082    8.0733    5.4710   10.1776    4.2955    0.2450    0.8776    0.0001   -2.2600    0.5000
    7.0000    0.5100    0.4950    0.0150    1.2659    4.3814    8.0739    5.3580   10.2362    4.2917    0.2450    0.8760    0.0001   -2.2600    0.5000
    7.0000    0.5150    0.4950    0.0200    1.2756    4.3593    8.0743    5.2642   10.2852    4.2882    0.2450    0.8748    0.0001   -2.2600    0.5000
    7.0000    0.5200    0.4950    0.0250    1.2849    4.3401    8.0747    5.1821   10.3284    4.2851    0.2450    0.8735    0.0001   -2.2600    0.5000
    7.0000    0.5300    0.4950    0.0350    1.3037    4.3070    8.0754    5.0394   10.4039    4.2796    0.2450    0.8709    0.0001   -2.2600    0.5000
    7.0000    0.5400    0.4950    0.0450    1.3218    4.2806    8.0760    4.9237   10.4658    4.2751    0.2450    0.8704    0.0001   -2.2600    0.5000
    7.0000    0.5600    0.4950    0.0650    1.3649    4.2314    8.0770    4.6997   10.5857    4.2678    0.2450    0.8676    0.0001   -2.2600    0.5000
    7.0000    0.5800    0.4950    0.0850    1.4156    4.1858    8.0776    4.4820   10.7021    4.2626    0.2450    0.8645    0.0001   -2.2600    0.5000
    7.0000    0.6000    0.4950    0.1050    1.4707    4.1393    8.0781    4.2556   10.8227    4.2597    0.2450    0.8632    0.0001   -2.2600    0.5000
    7.0000    0.6400    0.4950    0.1450    1.5716    4.0405    8.0782    3.7872   11.0709    4.2582    0.2450    0.8632    0.0001   -2.2600    0.5000
    7.0000    0.7200    0.4950    0.2250    1.6946    3.8570    8.0781    2.9816   11.4993    4.2592    0.2450    0.8628    0.0001   -2.2600    0.5000
    7.0000    0.7800    0.4950    0.2850    1.7471    3.7581    8.0779    2.5681   11.7235    4.2602    0.2450    0.8646    0.0001   -2.2600    0.5000
#   age       Mtot      Mc        Menv      logL      logT      logTc     logg      logR      logrhoc   Y         Yc        Z         FeH       OFe       
    8.0000    0.4980    0.4950    0.0030    1.2428    4.4642    8.0731    5.7024   10.0589    4.3016    0.2450    0.8678    0.0001   -2.2600    0.5000
    8.0000    0.5000    0.4950    0.0050    1.2475    4.4438    8.0733    5.6176   10.1021    4.2997    0.2450    0.8678    0.0001   -2.2600    0.5000
    8.0000    0.5050    0.4950    0.0100    1.2584    4.4079    8.0739    5.4675   10.1794    4.2952    0.2450    0.8658    0.0001   -2.2600    0.5000
    8.0000    0.5100    0.4950    0.0150    1.2684    4.3811    8.0744    5.3542   10.2381    4.2914    0.2450    0.8641    0.0001   -2.2600    0.5000
    8.0000    0.5150    0.4950    0.0200    1.2781    4.3589    8.0749    5.2602   10.2873    4.2879    0.2450    0.8627    0.0001   -2.2600    0.5000
    8.0000    0.5200    0.4950    0.0250    1.2874    4.3396    8.0753    5.1777   10.3305    4.2848    0.2450    0.8612    0.0001   -2.2600    0.5000
    8.0000    0.5300    0.4950    0.0350    1.3061    4.3064    8.0760    5.0348   10.4063    4.2793    0.2450    0.8583    0.0001   -2.2600    0.5000
    8.0000    0.5400    0.4950    0.0450    1.3241    4.2799    8.0766    4.9188   10.4683    4.2748    0.2450    0.8574    0.0001   -2.2600    0.5000
    8.0000    0.5600    0.4950    0.0650    1.3668    4.2306    8.0776    4.6947   10.5882    4.2675    0.2450    0.8542    0.0001   -2.2600    0.5000
    8.0000    0.5800    0.4950    0.0850    1.4168    4.1851    8.0783    4.4780   10.7041    4.2622    0.2450    0.8508    0.0001   -2.2600    0.5000
    8.0000    0.6000    0.4950    0.1050    1.4712    4.1389    8.0787    4.2533   10.8238    4.2593    0.2450    0.8496    0.0001   -2.2600    0.5000
    8.0000    0.6400    0.4950    0.1450    1.5719    4.0404    8.0789    3.7866   11.0712    4.2576    0.2450    0.8495    0.0001   -2.2600    0.5000
    8.0000    0.7200    0.4950    0.2250    1.6958    3.8565    8.0789    2.9783   11.5010    4.2583    0.2450    0.8489    0.0001   -2.2600    0.5000
    8.0000    0.7800    0.4950    0.2850    1.7487    3.7573    8.0787    2.5633   11.7259    4.2592    0.2450    0.8507    0.0001   -2.2600    0.5000
#   age       Mtot      Mc        Menv      logL      logT      logTc     logg      logR      logrhoc   Y         Yc        Z         FeH       OFe       
    9.0000    0.4980    0.4950    0.0030    1.2452    4.4642    8.0737    5.6996   10.0603    4.3012    0.2450    0.8563    0.0001   -2.2600    0.5000
    9.0000    0.5000    0.4950    0.0050    1.2500    4.4437    8.0739    5.6146   10.1037    4.2993    0.2450    0.8562    0.0001   -2.2600    0.5000
    9.0000    0.5050    0.4950    0.0100    1.2609    4.4077    8.0744    5.4641   10.1811    4.2948    0.2450    0.8540    0.0001   -2.2600    0.5000
    9.0000    0.5100    0.4950    0.0150    1.2710    4.3808    8.0749    5.3505   10.2400    4.2911    0.2450    0.8521    0.0001   -2.2600    0.5000
    9.0000    0.5150    0.4950    0.0200    1.2806    4.3585    8.0755    5.2561   10.2893    4.2876    0.2450    0.8506    0.0001   -2.2600    0.5000
    9.0000    0.5200    0.4950    0.0250    1.2898    4.3392    8.0758    5.1735   10.3327    4.2844    0.2450    0.8491    0.0001   -2.2600    0.5000
    9.0000    0.5300    0.4950    0.0350    1.3085    4.3058    8.0766    5.0302   10.4086    4.2789    0.2450    0.8463    0.0001   -2.2600    0.5000
    9.0000    0.5400    0.4950    0.0450    1.3263    4.2792    8.0771    4.9139   10.4707    4.2743    0.2450    0.8452    0.0001   -2.2600    0.5000
    9.0000    0.5600    0.4950    0.0650    1.3686    4.2299    8.0782    4.6900   10.5906    4.2669    0.2450    0.8421    0.0001   -2.2600    0.5000
    9.0000    0.5800    0.4950    0.0850    1.4179    4.1845    8.0789    4.4744   10.7059    4.2615    0.2450    0.8389    0.0001   -2.2600    0.5000
    9.0000    0.6000    0.4950    0.1050    1.4717    4.1385    8.0793    4.2513   10.8249    4.2585    0.2450    0.8377    0.0001   -2.2600    0.5000
    9.0000    0.6400    0.4950    0.1450    1.5721    4.0405    8.0796    3.7866   11.0712    4.2565    0.2450    0.8374    0.0001   -2.2600    0.5000
    9.0000    0.7200    0.4950    0.2250    1.6968    3.8563    8.0795    2.9768   11.5017    4.2571    0.2450    0.8372    0.0001   -2.2600    0.5000
    9.0000    0.7800    0.4950    0.2850    1.7499    3.7571    8.0794    2.5612   11.7269    4.2579    0.2450    0.8386    0.0001   -2.2600    0.5000
#   age       Mtot      Mc        Menv      logL      logT      logTc     logg      logR      logrhoc   Y         Yc        Z         FeH       OFe       
   10.0000    0.4980    0.4950    0.0030    1.2477    4.4641    8.0742    5.6967   10.0617    4.3007    0.2450    0.8453    0.0001   -2.2600    0.5000
   10.0000    0.5000    0.4950    0.0050    1.2524    4.4435    8.0744    5.6115   10.1052    4.2988    0.2450    0.8452    0.0001   -2.2600    0.5000
   10.0000    0.5050    0.4950    0.0100    1.2633    4.4074    8.0750    5.4607   10.1828    4.2943    0.2450    0.8432    0.0001   -2.2600    0.5000
   10.0000    0.5100    0.4950    0.0150    1.2734    4.3804    8.0755    5.3468   10.2418    4.2905    0.2450    0.8413    0.0001   -2.2600    0.5000
   10.0000    0.5150    0.4950    0.0200    1.2829    4.3581    8.0760    5.2523   10.2912    4.2870    0.2450    0.8400    0.0001   -2.2600    0.5000
   10.0000    0.5200    0.4950    0.0250    1.2921    4.3387    8.0764    5.1694   10.3347    4.2838    0.2450    0.8386    0.0001   -2.2600    0.5000
   10.0000    0.5300    0.4950    0.0350    1.3106    4.3053    8.0772    5.0257   10.4107    4.2783    0.2450    0.8354    0.0001   -2.2600    0.5000
   10.0000    0.5400    0.4950    0.0450    1.3285    4.2786    8.0777    4.9092   10.4730    4.2737    0.2450    0.8341    0.0001   -2.2600    0.5000
   10.0000    0.5600    0.4950    0.0650    1.3703    4.2292    8.0788    4.6854   10.5929    4.2662    0.2450    0.8306    0.0001   -2.2600    0.5000
   10.0000    0.5800    0.4950    0.0850    1.4190    4.1839    8.0795    4.4708   10.7078    4.2608    0.2450    0.8270    0.0001   -2.2600    0.5000
   10.0000    0.6000    0.4950    0.1050    1.4722    4.1381    8.0800    4.2493   10.8259    4.2577    0.2450    0.8259    0.0001   -2.2600    0.5000
   10.0000    0.6400    0.4950    0.1450    1.5722    4.0405    8.0802    3.7866   11.0712    4.2555    0.2450    0.8252    0.0001   -2.2600    0.5000
   10.0000    0.7200    0.4950    0.2250    1.6977    3.8562    8.0802    2.9753   11.5025    4.2559    0.2450    0.8254    0.0001   -2.2600    0.5000
   10.0000    0.7800    0.4950    0.2850    1.7511    3.7569    8.0801    2.5592   11.7279    4.2566    0.2450    0.8266    0.0001   -2.2600    0.5000
#   age       Mtot      Mc        Menv      logL      logT      logTc     logg      logR      logrhoc   Y         Yc        Z         FeH       OFe       
   11.0000    0.4980    0.4950    0.0030    1.2500    4.4640    8.0747    5.6940   10.0631    4.3001    0.2450    0.8350    0.0001   -2.2600    0.5000
   11.0000    0.5000    0.4950    0.0050    1.2547    4.4434    8.0750    5.6086   10.1066    4.2982    0.2450    0.8348    0.0001   -2.2600    0.5000
   11.0000    0.5050    0.4950    0.0100    1.2657    4.4072    8.0755    5.4574   10.1844    4.2937    0.2450    0.8329    0.0001   -2.2600    0.5000
   11.0000    0.5100    0.4950    0.0150    1.2757    4.3801    8.0760    5.3432   10.2437    4.2899    0.2450    0.8308    0.0001   -2.2600    0.5000
   11.0000    0.5150    0.4950    0.0200    1.2852    4.3578    8.0765    5.2485   10.2931    4.2864    0.2450    0.8295    0.0001   -2.2600    0.5000
   11.0000    0.5200    0.4950    0.0250    1.2944    4.3383    8.0769    5.1654   10.3367    4.2832    0.2450    0.8280    0.0001   -2.2600    0.5000
   11.0000    0.5300    0.4950    0.0350    1.3128    4.3047    8.0777    5.0213   10.4129    4.2776    0.2450    0.8245    0.0001   -2.2600    0.5000
   11.0000    0.5400    0.4950    0.0450    1.3306    4.2779    8.0783    4.9045   10.4754    4.2731    0.2450    0.8230    0.0001   -2.2600    0.5000
   11.0000    0.5600    0.4950    0.0650    1.3720    4.2284    8.0793    4.6808   10.5952    4.2655    0.2450    0.8190    0.0001   -2.2600    0.5000
   11.0000    0.5800    0.4950    0.0850    1.4200    4.1832    8.0801    4.4671   10.7096    4.2601    0.2450    0.8151    0.0001   -2.2600    0.5000
   11.0000    0.6000    0.4950    0.1050    1.4726    4.1377    8.0806    4.2472   10.8269    4.2569    0.2450    0.8140    0.0001   -2.2600    0.5000
   11.0000    0.6400    0.4950    0.1450    1.5724    4.0405    8.0809    3.7867   11.0712    4.2544    0.2450    0.8130    0.0001   -2.2600    0.5000
   11.0000    0.7200    0.4950    0.2250    1.6987    3.8561    8.0808    2.9737   11.5032    4.2548    0.2450    0.8136    0.0001   -2.2600    0.5000
   11.0000    0.7800    0.4950    0.2850    1.7523    3.7567    8.0808    2.5572   11.7289    4.2553    0.2450    0.8145    0.0001   -2.2600    0.5000
#   age       Mtot      Mc        Menv      logL      logT      logTc     logg      logR      logrhoc   Y         Yc        Z         FeH       OFe       
   12.0000    0.4980    0.4950    0.0030    1.2523    4.4639    8.0753    5.6912   10.0645    4.2995    0.2450    0.8247    0.0001   -2.2600    0.5000
   12.0000    0.5000    0.4950    0.0050    1.2571    4.4432    8.0755    5.6056   10.1081    4.2976    0.2450    0.8244    0.0001   -2.2600    0.5000
   12.0000    0.5050    0.4950    0.0100    1.2680    4.4069    8.0760    5.4541   10.1861    4.2931    0.2450    0.8226    0.0001   -2.2600    0.5000
   12.0000    0.5100    0.4950    0.0150    1.2781    4.3798    8.0766    5.3395   10.2455    4.2893    0.2450    0.8203    0.0001   -2.2600    0.5000
   12.0000    0.5150    0.4950    0.0200    1.2875    4.3574    8.0771    5.2447   10.2950    4.2858    0.2450    0.8190    0.0001   -2.2600    0.5000
   12.0000    0.5200    0.4950    0.0250    1.2967    4.3378    8.0775    5.1614   10.3387    4.2826    0.2450    0.8175    0.0001   -2.2600    0.5000
   12.0000    0.5300    0.4950    0.0350    1.3150    4.3042    8.0783    5.0168   10.4151    4.2770    0.2450    0.8137    0.0001   -2.2600    0.5000
   12.0000    0.5400    0.4950    0.0450    1.3327    4.2773    8.0789    4.8998   10.4777    4.2725    0.2450    0.8118    0.0001   -2.2600    0.5000
   12.0000    0.5600    0.4950    0.0650    1.3737    4.2277    8.0799    4.6762   10.5975    4.2648    0.2450    0.8075    0.0001   -2.2600    0.5000
   12.0000    0.5800    0.4950    0.0850    1.4211    4.1826    8.0807    4.4635   10.7115    4.2594    0.2450    0.8033    0.0001   -2.2600    0.5000
   12.0000    0.6000    0.4950    0.1050    1.4731    4.1374    8.0812    4.2452   10.8279    4.2561    0.2450    0.8022    0.0001   -2.2600    0.5000
   12.0000    0.6400    0.4950    0.1450    1.5726    4.0406    8.0816    3.7867   11.0712    4.2534    0.2450    0.8009    0.0001   -2.2600    0.5000
   12.0000    0.7200    0.4950    0.2250    1.6996    3.8559    8.0815    2.9722   11.5040    4.2536    0.2450    0.8019    0.0001   -2.2600    0.5000
   12.0000    0.7800    0.4950    0.2850    1.7536    3.7564    8.0815    2.5552   11.7299    4.2540    0.2450    0.8025    0.0001   -2.2600    0.5000
#   age       Mtot      Mc        Menv      logL      logT      logTc     logg      logR      logrhoc   Y         Yc        Z         FeH       OFe       
   13.0000    0.4980    0.4950    0.0030    1.2546    4.4638    8.0758    5.6885   10.0659    4.2989    0.2450    0.8144    0.0001   -2.2600    0.5000
   13.0000    0.5000    0.4950    0.0050    1.2594    4.4431    8.0760    5.6027   10.1095    4.2970    0.2450    0.8140    0.0001   -2.2600    0.5000
   13.0000    0.5050    0.4950    0.0100    1.2703    4.4067    8.0766    5.4508   10.1877    4.2925    0.2450    0.8124    0.0001   -2.2600    0.5000
   13.0000    0.5100    0.4950    0.0150    1.2805    4.3795    8.0772    5.3359   10.2474    4.2887    0.2450    0.8098    0.0001   -2.2600    0.5000
   13.0000    0.5150    0.4950    0.0200    1.2898    4.3570    8.0776    5.2409   10.2969    4.2852    0.2450    0.8085    0.0001   -2.2600    0.5000
   13.0000    0.5200    0.4950    0.0250    1.2990    4.3374    8.0780    5.1574   10.3408    4.2820    0.2450    0.8069    0.0001   -2.2600    0.5000
   13.0000    0.5300    0.4950    0.0350    1.3172    4.3036    8.0789    5.0123   10.4173    4.2764    0.2450    0.8028    0.0001   -2.2600    0.5000
   13.0000    0.5400    0.4950    0.0450    1.3349    4.2766    8.0795    4.8951   10.4801    4.2719    0.2450    0.8007    0.0001   -2.2600    0.5000
   13.0000    0.5600    0.4950    0.0650    1.3753    4.2270    8.0805    4.6717   10.5997    4.2641    0.2450    0.7965    0.0001   -2.2600    0.5000
   13.0000    0.5800    0.4950    0.0850    1.4221    4.1820    8.0813    4.4600   10.7132    4.2585    0.2450    0.7928    0.0001   -2.2600    0.5000
   13.0000    0.6000    0.4950    0.1050    1.4736    4.1370    8.0818    4.2431   10.8289    4.2550    0.2450    0.7915    0.0001   -2.2600    0.5000
   13.0000    0.6400    0.4950    0.1450    1.5727    4.0407    8.0822    3.7869   11.0711    4.2521    0.2450    0.7900    0.0001   -2.2600    0.5000
   13.0000    0.7200    0.4950    0.2250    1.7004    3.8562    8.0821    2.9725   11.5039    4.2521    0.2450    0.7913    0.0001   -2.2600    0.5000
   13.0000    0.7800    0.4950    0.2850    1.7543    3.7568    8.0821    2.5560   11.7295    4.2523    0.2450    0.7919    0.0001   -2.2600    0.5000
#   age       Mtot      Mc        Menv      logL      logT      logTc     logg      logR      logrhoc   Y         Yc        Z         FeH       OFe       
   14.0000    0.4980    0.4950    0.0030    1.2570    4.4637    8.0763    5.6857   10.0673    4.2982    0.2450    0.8041    0.0001   -2.2600    0.5000
   14.0000    0.5000    0.4950    0.0050    1.2618    4.4429    8.0765    5.5997   10.1110    4.2964    0.2450    0.8036    0.0001   -2.2600    0.5000
   14.0000    0.5050    0.4950    0.0100    1.2726    4.4064    8.0771    5.4475   10.1894    4.2919    0.2450    0.8021    0.0001   -2.2600    0.5000
   14.0000    0.5100    0.4950    0.0150    1.2828    4.3792    8.0777    5.3323   10.2492    4.2880    0.2450    0.7994    0.0001   -2.2600    0.5000
   14.0000    0.5150    0.4950    0.0200    1.2920    4.3566    8.0781    5.2371   10.2987    4.2845    0.2450    0.7983    0.0001   -2.2600    0.5000
   14.0000    0.5200    0.4950    0.0250    1.3012    4.3370    8.0786    5.1535   10.3427    4.2813    0.2450    0.7969    0.0001   -2.2600    0.5000
   14.0000    0.5300    0.4950    0.0350    1.3192    4.3031    8.0794    5.0083   10.4194    4.2756    0.2450    0.7931    0.0001   -2.2600    0.5000
   14.0000    0.5400    0.4950    0.0450    1.3368    4.2760    8.0800    4.8908   10.4822    4.2710    0.2450    0.7911    0.0001   -2.2600    0.5000
   14.0000    0.5600    0.4950    0.0650    1.3769    4.2263    8.0811    4.6674   10.6019    4.2631    0.2450    0.7867    0.0001   -2.2600    0.5000
   14.0000    0.5800    0.4950    0.0850    1.4231    4.1813    8.0819    4.4565   10.7150    4.2575    0.2450    0.7828    0.0001   -2.2600    0.5000
   14.0000    0.6000    0.4950    0.1050    1.4740    4.1365    8.0824    4.2411   10.8300    4.2539    0.2450    0.7810    0.0001   -2.2600    0.5000
   14.0000    0.6400    0.4950    0.1450    1.5728    4.0407    8.0829    3.7870   11.0710    4.2508    0.2450    0.7793    0.0001   -2.2600    0.5000
   14.0000    0.7200    0.4950    0.2250    1.7010    3.8565    8.0828    2.9731   11.5036    4.2507    0.2450    0.7810    0.0001   -2.2600    0.5000
   14.0000    0.7800    0.4950    0.2850    1.7549    3.7574    8.0828    2.5576   11.7287    4.2506    0.2450    0.7816    0.0001   -2.2600    0.5000
#   age       Mtot      Mc        Menv      logL      logT      logTc     logg      logR      logrhoc   Y         Yc        Z         FeH       OFe       
   15.0000    0.4980    0.4950    0.0030    1.2592    4.4636    8.0768    5.6830   10.0686    4.2974    0.2450    0.7945    0.0001   -2.2600    0.5000
   15.0000    0.5000    0.4950    0.0050    1.2639    4.4428    8.0770    5.5970   10.1124    4.2956    0.2450    0.7944    0.0001   -2.2600    0.5000
   15.0000    0.5050    0.4950    0.0100    1.2748    4.4062    8.0776    5.4444   10.1909    4.2911    0.2450    0.7928    0.0001   -2.2600    0.5000
   15.0000    0.5100    0.4950    0.0150    1.2849    4.3789    8.0782    5.3291   10.2508    4.2871    0.2450    0.7907    0.0001   -2.2600    0.5000
   15.0000    0.5150    0.4950    0.0200    1.2940    4.3563    8.0786    5.2337   10.3005    4.2836    0.2450    0.7893    0.0001   -2.2600    0.5000
   15.0000    0.5200    0.4950    0.0250    1.3032    4.3366    8.0791    5.1498   10.3445    4.2804    0.2450    0.7876    0.0001   -2.2600    0.5000
   15.0000    0.5300    0.4950    0.0350    1.3212    4.3026    8.0799    5.0044   10.4213    4.2747    0.2450    0.7838    0.0001   -2.2600    0.5000
   15.0000    0.5400    0.4950    0.0450    1.3387    4.2755    8.0805    4.8865   10.4844    4.2701    0.2450    0.7816    0.0001   -2.2600    0.5000
   15.0000    0.5600    0.4950    0.0650    1.3785    4.2256    8.0816    4.6631   10.6040    4.2622    0.2450    0.7769    0.0001   -2.2600    0.5000
   15.0000    0.5800    0.4950    0.0850    1.4241    4.1807    8.0825    4.4531   10.7167    4.2565    0.2450    0.7729    0.0001   -2.2600    0.5000
   15.0000    0.6000    0.4950    0.1050    1.4745    4.1361    8.0831    4.2390   10.8310    4.2528    0.2450    0.7705    0.0001   -2.2600    0.5000
   15.0000    0.6400    0.4950    0.1450    1.5730    4.0408    8.0836    3.7872   11.0709    4.2495    0.2450    0.7685    0.0001   -2.2600    0.5000
   15.0000    0.7200    0.4950    0.2250    1.7017    3.8568    8.0834    2.9736   11.5033    4.2492    0.2450    0.7706    0.0001   -2.2600    0.5000
   15.0000    0.7800    0.4950    0.2850    1.7556    3.7579    8.0835    2.5591   11.7280    4.2489    0.2450    0.7713    0.0001   -2.2600    0.5000
#   age       Mtot      Mc        Menv      logL      logT      logTc     logg      logR      logrhoc   Y         Yc        Z         FeH       OFe       
   16.0000    0.4980    0.4950    0.0030    1.2614    4.4635    8.0773    5.6804   10.0699    4.2964    0.2450    0.7854    0.0001   -2.2600    0.5000
   16.0000    0.5000    0.4950    0.0050    1.2659    4.4426    8.0775    5.5944   10.1137    4.2947    0.2450    0.7860    0.0001   -2.2600    0.5000
   16.0000    0.5050    0.4950    0.0100    1.2768    4.4060    8.0781    5.4414   10.1924    4.2902    0.2450    0.7839    0.0001   -2.2600    0.5000
   16.0000    0.5100    0.4950    0.0150    1.2869    4.3786    8.0787    5.3258   10.2524    4.2862    0.2450    0.7819    0.0001   -2.2600    0.5000
   16.0000    0.5150    0.4950    0.0200    1.2960    4.3559    8.0791    5.2302   10.3022    4.2827    0.2450    0.7803    0.0001   -2.2600    0.5000
   16.0000    0.5200    0.4950    0.0250    1.3052    4.3362    8.0796    5.1462   10.3464    4.2795    0.2450    0.7784    0.0001   -2.2600    0.5000
   16.0000    0.5300    0.4950    0.0350    1.3231    4.3021    8.0804    5.0005   10.4233    4.2738    0.2450    0.7745    0.0001   -2.2600    0.5000
   16.0000    0.5400    0.4950    0.0450    1.3406    4.2749    8.0811    4.8822   10.4865    4.2692    0.2450    0.7721    0.0001   -2.2600    0.5000
   16.0000    0.5600    0.4950    0.0650    1.3800    4.2250    8.0822    4.6588   10.6061    4.2613    0.2450    0.7670    0.0001   -2.2600    0.5000
   16.0000    0.5800    0.4950    0.0850    1.4250    4.1801    8.0831    4.4496   10.7184    4.2556    0.2450    0.7629    0.0001   -2.2600    0.5000
   16.0000    0.6000    0.4950    0.1050    1.4750    4.1357    8.0837    4.2370   10.8320    4.2517    0.2450    0.7601    0.0001   -2.2600    0.5000
   16.0000    0.6400    0.4950    0.1450    1.5731    4.0409    8.0842    3.7874   11.0709    4.2482    0.2450    0.7578    0.0001   -2.2600    0.5000
   16.0000    0.7200    0.4950    0.2250    1.7023    3.8571    8.0841    2.9742   11.5030    4.2477    0.2450    0.7603    0.0001   -2.2600    0.5000
   16.0000    0.7800    0.4950    0.2850    1.7562    3.7585    8.0842    2.5606   11.7272    4.2472    0.2450    0.7611    0.0001   -2.2600    0.5000
#   age       Mtot      Mc        Menv      logL      logT      logTc     logg      logR      logrhoc   Y         Yc        Z         FeH       OFe       
   17.0000    0.4980    0.4950    0.0030    1.2635    4.4633    8.0778    5.6777   10.0713    4.2954    0.2450    0.7763    0.0001   -2.2600    0.5000
   17.0000    0.5000    0.4950    0.0050    1.2680    4.4425    8.0780    5.5918   10.1150    4.2939    0.2450    0.7775    0.0001   -2.2600    0.5000
   17.0000    0.5050    0.4950    0.0100    1.2789    4.4058    8.0786    5.4384   10.1939    4.2893    0.2450    0.7749    0.0001   -2.2600    0.5000
   17.0000    0.5100    0.4950    0.0150    1.2889    4.3783    8.0792    5.3226   10.2540    4.2853    0.2450    0.7731    0.0001   -2.2600    0.5000
   17.0000    0.5150    0.4950    0.0200    1.2980    4.3556    8.0796    5.2268   10.3040    4.2818    0.2450    0.7714    0.0001   -2.2600    0.5000
   17.0000    0.5200    0.4950    0.0250    1.3071    4.3357    8.0801    5.1425   10.3482    4.2786    0.2450    0.7692    0.0001   -2.2600    0.5000
   17.0000    0.5300    0.4950    0.0350    1.3250    4.3016    8.0809    4.9966   10.4253    4.2729    0.2450    0.7652    0.0001   -2.2600    0.5000
   17.0000    0.5400    0.4950    0.0450    1.3425    4.2743    8.0816    4.8779   10.4886    4.2682    0.2450    0.7626    0.0001   -2.2600    0.5000
   17.0000    0.5600    0.4950    0.0650    1.3816    4.2243    8.0828    4.6545   10.6083    4.2604    0.2450    0.7572    0.0001   -2.2600    0.5000
   17.0000    0.5800    0.4950    0.0850    1.4260    4.1795    8.0837    4.4461   10.7201    4.2546    0.2450    0.7530    0.0001   -2.2600    0.5000
   17.0000    0.6000    0.4950    0.1050    1.4754    4.1353    8.0843    4.2349   10.8330    4.2507    0.2450    0.7496    0.0001   -2.2600    0.5000
   17.0000    0.6400    0.4950    0.1450    1.5732    4.0409    8.0849    3.7876   11.0708    4.2469    0.2450    0.7471    0.0001   -2.2600    0.5000
   17.0000    0.7200    0.4950    0.2250    1.7030    3.8574    8.0847    2.9748   11.5027    4.2462    0.2450    0.7499    0.0001   -2.2600    0.5000
   17.0000    0.7800    0.4950    0.2850    1.7568    3.7591    8.0848    2.5622   11.7265    4.2455    0.2450    0.7508    0.0001   -2.2600    0.5000
#   age       Mtot      Mc        Menv      logL      logT      logTc     logg      logR      logrhoc   Y         Yc        Z         FeH       OFe       
   18.0000    0.4980    0.4950    0.0030    1.2657    4.4632    8.0783    5.6751   10.0726    4.2944    0.2450    0.7672    0.0001   -2.2600    0.5000
   18.0000    0.5000    0.4950    0.0050    1.2700    4.4423    8.0785    5.5892   10.1163    4.2930    0.2450    0.7690    0.0001   -2.2600    0.5000
   18.0000    0.5050    0.4950    0.0100    1.2810    4.4056    8.0791    5.4354   10.1954    4.2884    0.2450    0.7659    0.0001   -2.2600    0.5000
   18.0000    0.5100    0.4950    0.0150    1.2910    4.3780    8.0797    5.3194   10.2556    4.2844    0.2450    0.7644    0.0001   -2.2600    0.5000
   18.0000    0.5150    0.4950    0.0200    1.3000    4.3552    8.0801    5.2233   10.3057    4.2809    0.2450    0.7624    0.0001   -2.2600    0.5000
   18.0000    0.5200    0.4950    0.0250    1.3091    4.3353    8.0806    5.1389   10.3500    4.2778    0.2450    0.7600    0.0001   -2.2600    0.5000
   18.0000    0.5300    0.4950    0.0350    1.3270    4.3011    8.0814    4.9927   10.4272    4.2721    0.2450    0.7559    0.0001   -2.2600    0.5000
   18.0000    0.5400    0.4950    0.0450    1.3444    4.2737    8.0821    4.8736   10.4908    4.2673    0.2450    0.7531    0.0001   -2.2600    0.5000
   18.0000    0.5600    0.4950    0.0650    1.3831    4.2236    8.0834    4.6503   10.6104    4.2594    0.2450    0.7474    0.0001   -2.2600    0.5000
   18.0000    0.5800    0.4950    0.0850    1.4271    4.1788    8.0843    4.4425   10.7219    4.2535    0.2450    0.7428    0.0001   -2.2600    0.5000
   18.0000    0.6000    0.4950    0.1050    1.4760    4.1349    8.0849    4.2326   10.8342    4.2495    0.2450    0.7401    0.0001   -2.2600    0.5000
   18.0000    0.6400    0.4950    0.1450    1.5733    4.0410    8.0855    3.7878   11.0706    4.2455    0.2450    0.7367    0.0001   -2.2600    0.5000
   18.0000    0.7200    0.4950    0.2250    1.7030    3.8588    8.0854    2.9805   11.4999    4.2444    0.2450    0.7397    0.0001   -2.2600    0.5000
   18.0000    0.7800    0.4950    0.2850    1.7570    3.7607    8.0855    2.5685   11.7233    4.2437    0.2450    0.7412    0.0001   -2.2600    0.5000
#   age       Mtot      Mc        Menv      logL      logT      logTc     logg      logR      logrhoc   Y         Yc        Z         FeH       OFe       
   19.0000    0.4980    0.4950    0.0030    1.2679    4.4630    8.0788    5.6725   10.0739    4.2934    0.2450    0.7581    0.0001   -2.2600    0.5000
   19.0000    0.5000    0.4950    0.0050    1.2720    4.4422    8.0790    5.5866   10.1176    4.2921    0.2450    0.7606    0.0001   -2.2600    0.5000
   19.0000    0.5050    0.4950    0.0100    1.2831    4.4054    8.0796    5.4323   10.1969    4.2875    0.2450    0.7570    0.0001   -2.2600    0.5000
   19.0000    0.5100    0.4950    0.0150    1.2930    4.3777    8.0802    5.3162   10.2572    4.2835    0.2450    0.7556    0.0001   -2.2600    0.5000
   19.0000    0.5150    0.4950    0.0200    1.3020    4.3548    8.0806    5.2198   10.3074    4.2800    0.2450    0.7535    0.0001   -2.2600    0.5000
   19.0000    0.5200    0.4950    0.0250    1.3111    4.3349    8.0812    5.1352   10.3518    4.2769    0.2450    0.7508    0.0001   -2.2600    0.5000
   19.0000    0.5300    0.4950    0.0350    1.3289    4.3006    8.0819    4.9887   10.4292    4.2711    0.2450    0.7470    0.0001   -2.2600    0.5000
   19.0000    0.5400    0.4950    0.0450    1.3462    4.2731    8.0827    4.8694   10.4929    4.2663    0.2450    0.7440    0.0001   -2.2600    0.5000
   19.0000    0.5600    0.4950    0.0650    1.3847    4.2229    8.0839    4.6460   10.6125    4.2584    0.2450    0.7377    0.0001   -2.2600    0.5000
   19.0000    0.5800    0.4950    0.0850    1.4281    4.1782    8.0849    4.4389   10.7237    4.2523    0.2450    0.7326    0.0001   -2.2600    0.5000
   19.0000    0.6000    0.4950    0.1050    1.4766    4.1345    8.0855    4.2304   10.8353    4.2484    0.2450    0.7305    0.0001   -2.2600    0.5000
   19.0000    0.6400    0.4950    0.1450    1.5734    4.0411    8.0862    3.7881   11.0705    4.2442    0.2450    0.7262    0.0001   -2.2600    0.5000
   19.0000    0.7200    0.4950    0.2250    1.7029    3.8602    8.0862    2.9861   11.4971    4.2427    0.2450    0.7294    0.0001   -2.2600    0.5000
   19.0000    0.7800    0.4950    0.2850    1.7570    3.7623    8.0862    2.5753   11.7199    4.2418    0.2450    0.7315    0.0001   -2.2600    0.5000
#   age       Mtot      Mc        Menv      logL      logT      logTc     logg      logR      logrhoc   Y         Yc        Z         FeH       OFe       
   20.0000    0.4980    0.4950    0.0030    1.2700    4.4629    8.0794    5.6698   10.0752    4.2924    0.2450    0.7491    0.0001   -2.2600    0.5000
   20.0000    0.5000    0.4950    0.0050    1.2740    4.4420    8.0795    5.5840   10.1189    4.2912    0.2450    0.7521    0.0001   -2.2600    0.5000
   20.0000    0.5050    0.4950    0.0100    1.2851    4.4051    8.0801    5.4294   10.1984    4.2866    0.2450    0.7482    0.0001   -2.2600    0.5000
   20.0000    0.5100    0.4950    0.0150    1.2950    4.3774    8.0807    5.3130   10.2587    4.2826    0.2450    0.7471    0.0001   -2.2600    0.5000
   20.0000    0.5150    0.4950    0.0200    1.3041    4.3545    8.0811    5.2163   10.3092    4.2791    0.2450    0.7449    0.0001   -2.2600    0.5000
   20.0000    0.5200    0.4950    0.0250    1.3131    4.3345    8.0817    5.1316   10.3537    4.2759    0.2450    0.7421    0.0001   -2.2600    0.5000
   20.0000    0.5300    0.4950    0.0350    1.3309    4.3001    8.0825    4.9847   10.4312    4.2702    0.2450    0.7386    0.0001   -2.2600    0.5000
   20.0000    0.5400    0.4950    0.0450    1.3481    4.2725    8.0832    4.8653   10.4950    4.2653    0.2450    0.7349    0.0001   -2.2600    0.5000
   20.0000    0.5600    0.4950    0.0650    1.3862    4.2223    8.0845    4.6418   10.6146    4.2574    0.2450    0.7280    0.0001   -2.2600    0.5000
   20.0000    0.5800    0.4950    0.0850    1.4292    4.1775    8.0856    4.4352   10.7256    4.2512    0.2450    0.7223    0.0001   -2.2600    0.5000
   20.0000    0.6000    0.4950    0.1050    1.4771    4.1341    8.0860    4.2281   10.8365    4.2473    0.2450    0.7210    0.0001   -2.2600    0.5000
   20.0000    0.6400    0.4950    0.1450    1.5735    4.0412    8.0868    3.7883   11.0704    4.2428    0.2450    0.7158    0.0001   -2.2600    0.5000
   20.0000    0.7200    0.4950    0.2250    1.7029    3.8616    8.0869    2.9918   11.4943    4.2409    0.2450    0.7192    0.0001   -2.2600    0.5000
   20.0000    0.7800    0.4950    0.2850    1.7571    3.7640    8.0869    2.5820   11.7165    4.2400    0.2450    0.7219    0.0001   -2.2600    0.5000
#   age       Mtot      Mc        Menv      logL      logT      logTc     logg      logR      logrhoc   Y         Yc        Z         FeH       OFe       
   21.0000    0.4980    0.4950    0.0030    1.2720    4.4628    8.0799    5.6674   10.0764    4.2914    0.2450    0.7409    0.0001   -2.2600    0.5000
   21.0000    0.5000    0.4950    0.0050    1.2760    4.4419    8.0800    5.5815   10.1202    4.2903    0.2450    0.7439    0.0001   -2.2600    0.5000
   21.0000    0.5050    0.4950    0.0100    1.2871    4.4049    8.0806    5.4264   10.1999    4.2855    0.2450    0.7399    0.0001   -2.2600    0.5000
   21.0000    0.5100    0.4950    0.0150    1.2969    4.3771    8.0812    5.3100   10.2602    4.2816    0.2450    0.7391    0.0001   -2.2600    0.5000
   21.0000    0.5150    0.4950    0.0200    1.3061    4.3541    8.0817    5.2128   10.3109    4.2781    0.2450    0.7365    0.0001   -2.2600    0.5000
   21.0000    0.5200    0.4950    0.0250    1.3151    4.3341    8.0822    5.1279   10.3555    4.2749    0.2450    0.7334    0.0001   -2.2600    0.5000
   21.0000    0.5300    0.4950    0.0350    1.3328    4.2996    8.0830    4.9807   10.4332    4.2692    0.2450    0.7302    0.0001   -2.2600    0.5000
   21.0000    0.5400    0.4950    0.0450    1.3499    4.2720    8.0837    4.8611   10.4971    4.2643    0.2450    0.7259    0.0001   -2.2600    0.5000
   21.0000    0.5600    0.4950    0.0650    1.3878    4.2216    8.0851    4.6376   10.6168    4.2563    0.2450    0.7183    0.0001   -2.2600    0.5000
   21.0000    0.5800    0.4950    0.0850    1.4303    4.1769    8.0862    4.4315   10.7274    4.2501    0.2450    0.7121    0.0001   -2.2600    0.5000
   21.0000    0.6000    0.4950    0.1050    1.4777    4.1337    8.0866    4.2258   10.8376    4.2462    0.2450    0.7114    0.0001   -2.2600    0.5000
   21.0000    0.6400    0.4950    0.1450    1.5736    4.0413    8.0875    3.7886   11.0703    4.2414    0.2450    0.7053    0.0001   -2.2600    0.5000
   21.0000    0.7200    0.4950    0.2250    1.7028    3.8630    8.0877    2.9974   11.4914    4.2391    0.2450    0.7089    0.0001   -2.2600    0.5000
   21.0000    0.7800    0.4950    0.2850    1.7571    3.7657    8.0875    2.5888   11.7131    4.2381    0.2450    0.7123    0.0001   -2.2600    0.5000
#   age       Mtot      Mc        Menv      logL      logT      logTc     logg      logR      logrhoc   Y         Yc        Z         FeH       OFe       
   22.0000    0.4980    0.4950    0.0030    1.2740    4.4627    8.0804    5.6650   10.0776    4.2905    0.2450    0.7327    0.0001   -2.2600    0.5000
   22.0000    0.5000    0.4950    0.0050    1.2780    4.4417    8.0805    5.5789   10.1214    4.2893    0.2450    0.7358    0.0001   -2.2600    0.5000
   22.0000    0.5050    0.4950    0.0100    1.2891    4.4046    8.0811    5.4235   10.2013    4.2845    0.2450    0.7315    0.0001   -2.2600    0.5000
   22.0000    0.5100    0.4950    0.0150    1.2987    4.3769    8.0816    5.3070   10.2617    4.2807    0.2450    0.7310    0.0001   -2.2600    0.5000
   22.0000    0.5150    0.4950    0.0200    1.3082    4.3537    8.0822    5.2093   10.3127    4.2770    0.2450    0.7282    0.0001   -2.2600    0.5000
   22.0000    0.5200    0.4950    0.0250    1.3172    4.3336    8.0827    5.1243   10.3573    4.2739    0.2450    0.7248    0.0001   -2.2600    0.5000
   22.0000    0.5300    0.4950    0.0350    1.3348    4.2991    8.0836    4.9766   10.4352    4.2682    0.2450    0.7219    0.0001   -2.2600    0.5000
   22.0000    0.5400    0.4950    0.0450    1.3518    4.2714    8.0843    4.8569   10.4991    4.2633    0.2450    0.7168    0.0001   -2.2600    0.5000
   22.0000    0.5600    0.4950    0.0650    1.3893    4.2209    8.0857    4.6334   10.6189    4.2553    0.2450    0.7086    0.0001   -2.2600    0.5000
   22.0000    0.5800    0.4950    0.0850    1.4314    4.1762    8.0868    4.4279   10.7293    4.2489    0.2450    0.7018    0.0001   -2.2600    0.5000
   22.0000    0.6000    0.4950    0.1050    1.4783    4.1333    8.0872    4.2235   10.8388    4.2451    0.2450    0.7018    0.0001   -2.2600    0.5000
   22.0000    0.6400    0.4950    0.1450    1.5738    4.0414    8.0881    3.7887   11.0702    4.2401    0.2450    0.6954    0.0001   -2.2600    0.5000
   22.0000    0.7200    0.4950    0.2250    1.7028    3.8644    8.0884    3.0032   11.4886    4.2374    0.2450    0.6987    0.0001   -2.2600    0.5000
   22.0000    0.7800    0.4950    0.2850    1.7572    3.7674    8.0882    2.5955   11.7097    4.2362    0.2450    0.7027    0.0001   -2.2600    0.5000
#   age       Mtot      Mc        Menv      logL      logT      logTc     logg      logR      logrhoc   Y         Yc        Z         FeH       OFe       
   23.0000    0.4980    0.4950    0.0030    1.2760    4.4626    8.0809    5.6625   10.0788    4.2895    0.2450    0.7244    0.0001   -2.2600    0.5000
   23.0000    0.5000    0.4950    0.0050    1.2799    4.4416    8.0809    5.5764   10.1227    4.2883    0.2450    0.7277    0.0001   -2.2600    0.5000
   23.0000    0.5050    0.4950    0.0100    1.2911    4.4044    8.0817    5.4206   10.2028    4.2834    0.2450    0.7232    0.0001   -2.2600    0.5000
   23.0000    0.5100    0.4950    0.0150    1.3006    4.3766    8.0821    5.3041   10.2632    4.2798    0.2450    0.7230    0.0001   -2.2600    0.5000
   23.0000    0.5150    0.4950    0.0200    1.3103    4.3534    8.0827    5.2058   10.3144    4.2760    0.2450    0.7198    0.0001   -2.2600    0.5000
   23.0000    0.5200    0.4950    0.0250    1.3192    4.3332    8.0832    5.1206   10.3591    4.2729    0.2450    0.7161    0.0001   -2.2600    0.5000
   23.0000    0.5300    0.4950    0.0350    1.3367    4.2985    8.0841    4.9726   10.4373    4.2672    0.2450    0.7135    0.0001   -2.2600    0.5000
   23.0000    0.5400    0.4950    0.0450    1.3536    4.2708    8.0848    4.8528   10.5012    4.2623    0.2450    0.7078    0.0001   -2.2600    0.5000
   23.0000    0.5600    0.4950    0.0650    1.3909    4.2202    8.0863    4.6291   10.6210    4.2543    0.2450    0.6990    0.0001   -2.2600    0.5000
   23.0000    0.5800    0.4950    0.0850    1.4326    4.1756    8.0874    4.4240   10.7312    4.2480    0.2450    0.6923    0.0001   -2.2600    0.5000
   23.0000    0.6000    0.4950    0.1050    1.4790    4.1328    8.0878    4.2208   10.8401    4.2440    0.2450    0.6925    0.0001   -2.2600    0.5000
   23.0000    0.6400    0.4950    0.1450    1.5740    4.0414    8.0888    3.7886   11.0703    4.2389    0.2450    0.6860    0.0001   -2.2600    0.5000
   23.0000    0.7200    0.4950    0.2250    1.7025    3.8661    8.0891    3.0100   11.4851    4.2358    0.2450    0.6889    0.0001   -2.2600    0.5000
   23.0000    0.7800    0.4950    0.2850    1.7571    3.7697    8.0889    2.6047   11.7052    4.2344    0.2450    0.6931    0.0001   -2.2600    0.5000
#   age       Mtot      Mc        Menv      logL      logT      logTc     logg      logR      logrhoc   Y         Yc        Z         FeH       OFe       
   24.0000    0.4980    0.4950    0.0030    1.2780    4.4625    8.0814    5.6601   10.0800    4.2886    0.2450    0.7162    0.0001   -2.2600    0.5000
   24.0000    0.5000    0.4950    0.0050    1.2819    4.4415    8.0814    5.5739   10.1240    4.2873    0.2450    0.7196    0.0001   -2.2600    0.5000
   24.0000    0.5050    0.4950    0.0100    1.2930    4.4041    8.0822    5.4177   10.2043    4.2824    0.2450    0.7149    0.0001   -2.2600    0.5000
   24.0000    0.5100    0.4950    0.0150    1.3025    4.3763    8.0826    5.3011   10.2647    4.2788    0.2450    0.7149    0.0001   -2.2600    0.5000
   24.0000    0.5150    0.4950    0.0200    1.3124    4.3530    8.0833    5.2023   10.3162    4.2750    0.2450    0.7115    0.0001   -2.2600    0.5000
   24.0000    0.5200    0.4950    0.0250    1.3212    4.3328    8.0837    5.1169   10.3609    4.2720    0.2450    0.7075    0.0001   -2.2600    0.5000
   24.0000    0.5300    0.4950    0.0350    1.3387    4.2980    8.0847    4.9686   10.4393    4.2662    0.2450    0.7052    0.0001   -2.2600    0.5000
   24.0000    0.5400    0.4950    0.0450    1.3555    4.2702    8.0854    4.8486   10.5033    4.2613    0.2450    0.6988    0.0001   -2.2600    0.5000
   24.0000    0.5600    0.4950    0.0650    1.3925    4.2195    8.0868    4.6249   10.6232    4.2535    0.2450    0.6903    0.0001   -2.2600    0.5000
   24.0000    0.5800    0.4950    0.0850    1.4338    4.1749    8.0880    4.4202   10.7331    4.2471    0.2450    0.6829    0.0001   -2.2600    0.5000
   24.0000    0.6000    0.4950    0.1050    1.4798    4.1323    8.0885    4.2180   10.8416    4.2429    0.2450    0.6833    0.0001   -2.2600    0.5000
   24.0000    0.6400    0.4950    0.1450    1.5742    4.0414    8.0894    3.7885   11.0703    4.2376    0.2450    0.6765    0.0001   -2.2600    0.5000
   24.0000    0.7200    0.4950    0.2250    1.7023    3.8677    8.0898    3.0168   11.4817    4.2341    0.2450    0.6791    0.0001   -2.2600    0.5000
   24.0000    0.7800    0.4950    0.2850    1.7569    3.7721    8.0897    2.6147   11.7001    4.2326    0.2450    0.6835    0.0001   -2.2600    0.5000
#   age       Mtot      Mc        Menv      logL      logT      logTc     logg      logR      logrhoc   Y         Yc        Z         FeH       OFe       
   25.0000    0.4980    0.4950    0.0030    1.2800    4.4624    8.0819    5.6576   10.0812    4.2876    0.2450    0.7079    0.0001   -2.2600    0.5000
   25.0000    0.5000    0.4950    0.0050    1.2839    4.4413    8.0819    5.5713   10.1253    4.2863    0.2450    0.7115    0.0001   -2.2600    0.5000
   25.0000    0.5050    0.4950    0.0100    1.2950    4.4039    8.0827    5.4148   10.2057    4.2813    0.2450    0.7066    0.0001   -2.2600    0.5000
   25.0000    0.5100    0.4950    0.0150    1.3044    4.3760    8.0831    5.2981   10.2662    4.2779    0.2450    0.7069    0.0001   -2.2600    0.5000
   25.0000    0.5150    0.4950    0.0200    1.3144    4.3526    8.0838    5.1988   10.3179    4.2740    0.2450    0.7031    0.0001   -2.2600    0.5000
   25.0000    0.5200    0.4950    0.0250    1.3232    4.3323    8.0842    5.1133   10.3627    4.2710    0.2450    0.6989    0.0001   -2.2600    0.5000
   25.0000    0.5300    0.4950    0.0350    1.3406    4.2975    8.0852    4.9646   10.4412    4.2653    0.2450    0.6967    0.0001   -2.2600    0.5000
   25.0000    0.5400    0.4950    0.0450    1.3573    4.2697    8.0859    4.8445   10.5053    4.2605    0.2450    0.6902    0.0001   -2.2600    0.5000
   25.0000    0.5600    0.4950    0.0650    1.3941    4.2189    8.0874    4.6206   10.6253    4.2526    0.2450    0.6816    0.0001   -2.2600    0.5000
   25.0000    0.5800    0.4950    0.0850    1.4350    4.1743    8.0886    4.4163   10.7350    4.2462    0.2450    0.6736    0.0001   -2.2600    0.5000
   25.0000    0.6000    0.4950    0.1050    1.4805    4.1317    8.0891    4.2152   10.8430    4.2418    0.2450    0.6741    0.0001   -2.2600    0.5000
   25.0000    0.6400    0.4950    0.1450    1.5744    4.0415    8.0900    3.7884   11.0703    4.2364    0.2450    0.6671    0.0001   -2.2600    0.5000
   25.0000    0.7200    0.4950    0.2250    1.7020    3.8694    8.0905    3.0236   11.4783    4.2325    0.2450    0.6693    0.0001   -2.2600    0.5000
   25.0000    0.7800    0.4950    0.2850    1.7567    3.7746    8.0904    2.6248   11.6951    4.2308    0.2450    0.6740    0.0001   -2.2600    0.5000
#   age       Mtot      Mc        Menv      logL      logT      logTc     logg      logR      logrhoc   Y         Yc        Z         FeH       OFe       
   26.0000    0.4980    0.4950    0.0030    1.2820    4.4623    8.0824    5.6552   10.0824    4.2867    0.2450    0.6997    0.0001   -2.2600    0.5000
   26.0000    0.5000    0.4950    0.0050    1.2859    4.4412    8.0824    5.5688   10.1266    4.2853    0.2450    0.7034    0.0001   -2.2600    0.5000
   26.0000    0.5050    0.4950    0.0100    1.2970    4.4037    8.0832    5.4119   10.2072    4.2803    0.2450    0.6984    0.0001   -2.2600    0.5000
   26.0000    0.5100    0.4950    0.0150    1.3063    4.3758    8.0836    5.2951   10.2677    4.2770    0.2450    0.6989    0.0001   -2.2600    0.5000
   26.0000    0.5150    0.4950    0.0200    1.3164    4.3523    8.0843    5.1954   10.3196    4.2731    0.2450    0.6948    0.0001   -2.2600    0.5000
   26.0000    0.5200    0.4950    0.0250    1.3251    4.3320    8.0847    5.1098   10.3645    4.2701    0.2450    0.6909    0.0001   -2.2600    0.5000
   26.0000    0.5300    0.4950    0.0350    1.3425    4.2970    8.0857    4.9608   10.4432    4.2645    0.2450    0.6882    0.0001   -2.2600    0.5000
   26.0000    0.5400    0.4950    0.0450    1.3592    4.2691    8.0865    4.8404   10.5074    4.2597    0.2450    0.6817    0.0001   -2.2600    0.5000
   26.0000    0.5600    0.4950    0.0650    1.3957    4.2182    8.0879    4.6163   10.6274    4.2518    0.2450    0.6729    0.0001   -2.2600    0.5000
   26.0000    0.5800    0.4950    0.0850    1.4363    4.1736    8.0892    4.4125   10.7370    4.2453    0.2450    0.6642    0.0001   -2.2600    0.5000
   26.0000    0.6000    0.4950    0.1050    1.4813    4.1312    8.0898    4.2123   10.8444    4.2408    0.2450    0.6648    0.0001   -2.2600    0.5000
   26.0000    0.6400    0.4950    0.1450    1.5745    4.0415    8.0907    3.7883   11.0704    4.2352    0.2450    0.6576    0.0001   -2.2600    0.5000
   26.0000    0.7200    0.4950    0.2250    1.7017    3.8710    8.0911    3.0305   11.4749    4.2309    0.2450    0.6594    0.0001   -2.2600    0.5000
   26.0000    0.7800    0.4950    0.2850    1.7565    3.7771    8.0912    2.6349   11.6901    4.2289    0.2450    0.6644    0.0001   -2.2600    0.5000
#   age       Mtot      Mc        Menv      logL      logT      logTc     logg      logR      logrhoc   Y         Yc        Z         FeH       OFe       
   27.0000    0.4980    0.4950    0.0030    1.2840    4.4622    8.0829    5.6529   10.0836    4.2858    0.2450    0.6918    0.0001   -2.2600    0.5000
   27.0000    0.5000    0.4950    0.0050    1.2878    4.4410    8.0829    5.5663   10.1278    4.2844    0.2450    0.6956    0.0001   -2.2600    0.5000
   27.0000    0.5050    0.4950    0.0100    1.2990    4.4035    8.0837    5.4091   10.2086    4.2795    0.2450    0.6905    0.0001   -2.2600    0.5000
   27.0000    0.5100    0.4950    0.0150    1.3083    4.3755    8.0841    5.2920   10.2693    4.2762    0.2450    0.6908    0.0001   -2.2600    0.5000
   27.0000    0.5150    0.4950    0.0200    1.3184    4.3520    8.0848    5.1922   10.3213    4.2723    0.2450    0.6864    0.0001   -2.2600    0.5000
   27.0000    0.5200    0.4950    0.0250    1.3271    4.3316    8.0852    5.1064   10.3662    4.2693    0.2450    0.6829    0.0001   -2.2600    0.5000
   27.0000    0.5300    0.4950    0.0350    1.3444    4.2966    8.0863    4.9570   10.4451    4.2636    0.2450    0.6796    0.0001   -2.2600    0.5000
   27.0000    0.5400    0.4950    0.0450    1.3611    4.2685    8.0871    4.8363   10.5095    4.2589    0.2450    0.6731    0.0001   -2.2600    0.5000
   27.0000    0.5600    0.4950    0.0650    1.3973    4.2175    8.0885    4.6120   10.6295    4.2510    0.2450    0.6642    0.0001   -2.2600    0.5000
   27.0000    0.5800    0.4950    0.0850    1.4375    4.1729    8.0898    4.4086   10.7389    4.2444    0.2450    0.6548    0.0001   -2.2600    0.5000
   27.0000    0.6000    0.4950    0.1050    1.4820    4.1307    8.0904    4.2095   10.8458    4.2397    0.2450    0.6556    0.0001   -2.2600    0.5000
   27.0000    0.6400    0.4950    0.1450    1.5748    4.0415    8.0913    3.7881   11.0705    4.2340    0.2450    0.6482    0.0001   -2.2600    0.5000
   27.0000    0.7200    0.4950    0.2250    1.7015    3.8727    8.0918    3.0373   11.4715    4.2292    0.2450    0.6496    0.0001   -2.2600    0.5000
   27.0000    0.7800    0.4950    0.2850    1.7563    3.7796    8.0919    2.6450   11.6850    4.2271    0.2450    0.6548    0.0001   -2.2600    0.5000
#   age       Mtot      Mc        Menv      logL      logT      logTc     logg      logR      logrhoc   Y         Yc        Z         FeH       OFe       
   28.0000    0.4980    0.4950    0.0030    1.2860    4.4621    8.0834    5.6506   10.0848    4.2850    0.2450    0.6839    0.0001   -2.2600    0.5000
   28.0000    0.5000    0.4950    0.0050    1.2897    4.4409    8.0834    5.5640   10.1290    4.2836    0.2450    0.6882    0.0001   -2.2600    0.5000
   28.0000    0.5050    0.4950    0.0100    1.3010    4.4033    8.0842    5.4063   10.2099    4.2788    0.2450    0.6825    0.0001   -2.2600    0.5000
   28.0000    0.5100    0.4950    0.0150    1.3103    4.3752    8.0846    5.2889   10.2708    4.2753    0.2450    0.6827    0.0001   -2.2600    0.5000
   28.0000    0.5150    0.4950    0.0200    1.3204    4.3517    8.0854    5.1889   10.3229    4.2714    0.2450    0.6780    0.0001   -2.2600    0.5000
   28.0000    0.5200    0.4950    0.0250    1.3290    4.3312    8.0858    5.1029   10.3680    4.2684    0.2450    0.6749    0.0001   -2.2600    0.5000
   28.0000    0.5300    0.4950    0.0350    1.3463    4.2961    8.0868    4.9532   10.4470    4.2628    0.2450    0.6710    0.0001   -2.2600    0.5000
   28.0000    0.5400    0.4950    0.0450    1.3629    4.2680    8.0876    4.8322   10.5115    4.2581    0.2450    0.6646    0.0001   -2.2600    0.5000
   28.0000    0.5600    0.4950    0.0650    1.3989    4.2168    8.0891    4.6078   10.6317    4.2501    0.2450    0.6554    0.0001   -2.2600    0.5000
   28.0000    0.5800    0.4950    0.0850    1.4387    4.1723    8.0904    4.4046   10.7409    4.2435    0.2450    0.6457    0.0001   -2.2600    0.5000
   28.0000    0.6000    0.4950    0.1050    1.4829    4.1302    8.0911    4.2066   10.8473    4.2387    0.2450    0.6463    0.0001   -2.2600    0.5000
   28.0000    0.6400    0.4950    0.1450    1.5751    4.0414    8.0920    3.7874   11.0708    4.2330    0.2450    0.6388    0.0001   -2.2600    0.5000
   28.0000    0.7200    0.4950    0.2250    1.7012    3.8742    8.0926    3.0438   11.4682    4.2279    0.2450    0.6401    0.0001   -2.2600    0.5000
   28.0000    0.7800    0.4950    0.2850    1.7561    3.7819    8.0927    2.6548   11.6802    4.2254    0.2450    0.6454    0.0001   -2.2600    0.5000
#   age       Mtot      Mc        Menv      logL      logT      logTc     logg      logR      logrhoc   Y         Yc        Z         FeH       OFe       
   29.0000    0.4980    0.4950    0.0030    1.2880    4.4621    8.0839    5.6483   10.0859    4.2841    0.2450    0.6760    0.0001   -2.2600    0.5000
   29.0000    0.5000    0.4950    0.0050    1.2916    4.4408    8.0838    5.5616   10.1301    4.2829    0.2450    0.6807    0.0001   -2.2600    0.5000
   29.0000    0.5050    0.4950    0.0100    1.3030    4.4031    8.0847    5.4036   10.2113    4.2780    0.2450    0.6746    0.0001   -2.2600    0.5000
   29.0000    0.5100    0.4950    0.0150    1.3123    4.3749    8.0851    5.2858   10.2723    4.2745    0.2450    0.6746    0.0001   -2.2600    0.5000
   29.0000    0.5150    0.4950    0.0200    1.3223    4.3513    8.0859    5.1856   10.3246    4.2706    0.2450    0.6696    0.0001   -2.2600    0.5000
   29.0000    0.5200    0.4950    0.0250    1.3310    4.3309    8.0863    5.0994   10.3697    4.2676    0.2450    0.6670    0.0001   -2.2600    0.5000
   29.0000    0.5300    0.4950    0.0350    1.3482    4.2956    8.0873    4.9494   10.4489    4.2620    0.2450    0.6625    0.0001   -2.2600    0.5000
   29.0000    0.5400    0.4950    0.0450    1.3648    4.2674    8.0882    4.8281   10.5136    4.2573    0.2450    0.6560    0.0001   -2.2600    0.5000
   29.0000    0.5600    0.4950    0.0650    1.4005    4.2161    8.0896    4.6034   10.6338    4.2493    0.2450    0.6468    0.0001   -2.2600    0.5000
   29.0000    0.5800    0.4950    0.0850    1.4400    4.1716    8.0910    4.4006   10.7429    4.2427    0.2450    0.6368    0.0001   -2.2600    0.5000
   29.0000    0.6000    0.4950    0.1050    1.4838    4.1296    8.0917    4.2034   10.8489    4.2379    0.2450    0.6368    0.0001   -2.2600    0.5000
   29.0000    0.6400    0.4950    0.1450    1.5755    4.0413    8.0927    3.7867   11.0712    4.2320    0.2450    0.6295    0.0001   -2.2600    0.5000
   29.0000    0.7200    0.4950    0.2250    1.7010    3.8758    8.0933    3.0504   11.4649    4.2265    0.2450    0.6306    0.0001   -2.2600    0.5000
   29.0000    0.7800    0.4950    0.2850    1.7559    3.7843    8.0934    2.6642   11.6754    4.2239    0.2450    0.6361    0.0001   -2.2600    0.5000
#   age       Mtot      Mc        Menv      logL      logT      logTc     logg      logR      logrhoc   Y         Yc        Z         FeH       OFe       
   30.0000    0.4980    0.4950    0.0030    1.2900    4.4620    8.0844    5.6459   10.0871    4.2833    0.2450    0.6681    0.0001   -2.2600    0.5000
   30.0000    0.5000    0.4950    0.0050    1.2934    4.4407    8.0843    5.5593   10.1313    4.2821    0.2450    0.6733    0.0001   -2.2600    0.5000
   30.0000    0.5050    0.4950    0.0100    1.3050    4.4029    8.0852    5.4008   10.2127    4.2772    0.2450    0.6667    0.0001   -2.2600    0.5000
   30.0000    0.5100    0.4950    0.0150    1.3143    4.3747    8.0856    5.2827   10.2739    4.2737    0.2450    0.6665    0.0001   -2.2600    0.5000
   30.0000    0.5150    0.4950    0.0200    1.3243    4.3510    8.0864    5.1823   10.3262    4.2698    0.2450    0.6612    0.0001   -2.2600    0.5000
   30.0000    0.5200    0.4950    0.0250    1.3329    4.3305    8.0868    5.0959   10.3714    4.2668    0.2450    0.6590    0.0001   -2.2600    0.5000
   30.0000    0.5300    0.4950    0.0350    1.3501    4.2951    8.0879    4.9455   10.4508    4.2612    0.2450    0.6539    0.0001   -2.2600    0.5000
   30.0000    0.5400    0.4950    0.0450    1.3667    4.2668    8.0888    4.8239   10.5156    4.2565    0.2450    0.6475    0.0001   -2.2600    0.5000
   30.0000    0.5600    0.4950    0.0650    1.4022    4.2155    8.0902    4.5990   10.6360    4.2486    0.2450    0.6382    0.0001   -2.2600    0.5000
   30.0000    0.5800    0.4950    0.0850    1.4414    4.1709    8.0916    4.3966   10.7449    4.2419    0.2450    0.6280    0.0001   -2.2600    0.5000
   30.0000    0.6000    0.4950    0.1050    1.4847    4.1290    8.0923    4.2002   10.8505    4.2371    0.2450    0.6273    0.0001   -2.2600    0.5000
   30.0000    0.6400    0.4950    0.1450    1.5758    4.0412    8.0934    3.7860   11.0715    4.2310    0.2450    0.6201    0.0001   -2.2600    0.5000
   30.0000    0.7200    0.4950    0.2250    1.7007    3.8773    8.0940    3.0569   11.4617    4.2251    0.2450    0.6211    0.0001   -2.2600    0.5000
   30.0000    0.7800    0.4950    0.2850    1.7557    3.7866    8.0942    2.6736   11.6707    4.2223    0.2450    0.6269    0.0001   -2.2600    0.5000
#   age       Mtot      Mc        Menv      logL      logT      logTc     logg      logR      logrhoc   Y         Yc        Z         FeH       OFe       
   31.0000    0.4980    0.4950    0.0030    1.2920    4.4619    8.0849    5.6436   10.0883    4.2824    0.2450    0.6603    0.0001   -2.2600    0.5000
   31.0000    0.5000    0.4950    0.0050    1.2953    4.4406    8.0848    5.5569   10.1325    4.2813    0.2450    0.6658    0.0001   -2.2600    0.5000
   31.0000    0.5050    0.4950    0.0100    1.3070    4.4027    8.0857    5.3980   10.2141    4.2764    0.2450    0.6587    0.0001   -2.2600    0.5000
   31.0000    0.5100    0.4950    0.0150    1.3163    4.3744    8.0862    5.2796   10.2754    4.2729    0.2450    0.6585    0.0001   -2.2600    0.5000
   31.0000    0.5150    0.4950    0.0200    1.3262    4.3507    8.0869    5.1790   10.3278    4.2690    0.2450    0.6528    0.0001   -2.2600    0.5000
   31.0000    0.5200    0.4950    0.0250    1.3349    4.3301    8.0873    5.0924   10.3732    4.2659    0.2450    0.6510    0.0001   -2.2600    0.5000
   31.0000    0.5300    0.4950    0.0350    1.3521    4.2946    8.0884    4.9417   10.4528    4.2604    0.2450    0.6454    0.0001   -2.2600    0.5000
   31.0000    0.5400    0.4950    0.0450    1.3686    4.2663    8.0893    4.8197   10.5177    4.2558    0.2450    0.6392    0.0001   -2.2600    0.5000
   31.0000    0.5600    0.4950    0.0650    1.4039    4.2148    8.0908    4.5946   10.6382    4.2478    0.2450    0.6297    0.0001   -2.2600    0.5000
   31.0000    0.5800    0.4950    0.0850    1.4427    4.1703    8.0923    4.3925   10.7469    4.2411    0.2450    0.6191    0.0001   -2.2600    0.5000
   31.0000    0.6000    0.4950    0.1050    1.4856    4.1284    8.0930    4.1971   10.8520    4.2363    0.2450    0.6179    0.0001   -2.2600    0.5000
   31.0000    0.6400    0.4950    0.1450    1.5762    4.0411    8.0940    3.7853   11.0719    4.2300    0.2450    0.6108    0.0001   -2.2600    0.5000
   31.0000    0.7200    0.4950    0.2250    1.7004    3.8789    8.0947    3.0634   11.4584    4.2238    0.2450    0.6116    0.0001   -2.2600    0.5000
   31.0000    0.7800    0.4950    0.2850    1.7556    3.7889    8.0949    2.6831   11.6660    4.2208    0.2450    0.6176    0.0001   -2.2600    0.5000
#   age       Mtot      Mc        Menv      logL      logT      logTc     logg      logR      logrhoc   Y         Yc        Z         FeH       OFe       
   32.0000    0.4980    0.4950    0.0030    1.2940    4.4618    8.0854    5.6413   10.0894    4.2816    0.2450    0.6524    0.0001   -2.2600    0.5000
   32.0000    0.5000    0.4950    0.0050    1.2972    4.4404    8.0853    5.5545   10.1337    4.2805    0.2450    0.6584    0.0001   -2.2600    0.5000
   32.0000    0.5050    0.4950    0.0100    1.3090    4.4025    8.0862    5.3952   10.2155    4.2756    0.2450    0.6508    0.0001   -2.2600    0.5000
   32.0000    0.5100    0.4950    0.0150    1.3183    4.3741    8.0867    5.2765   10.2769    4.2720    0.2450    0.6504    0.0001   -2.2600    0.5000
   32.0000    0.5150    0.4950    0.0200    1.3283    4.3504    8.0875    5.1757   10.3295    4.2682    0.2450    0.6445    0.0001   -2.2600    0.5000
   32.0000    0.5200    0.4950    0.0250    1.3369    4.3298    8.0879    5.0889   10.3749    4.2652    0.2450    0.6429    0.0001   -2.2600    0.5000
   32.0000    0.5300    0.4950    0.0350    1.3541    4.2942    8.0890    4.9378   10.4547    4.2597    0.2450    0.6370    0.0001   -2.2600    0.5000
   32.0000    0.5400    0.4950    0.0450    1.3705    4.2657    8.0899    4.8155   10.5198    4.2551    0.2450    0.6308    0.0001   -2.2600    0.5000
   32.0000    0.5600    0.4950    0.0650    1.4056    4.2141    8.0914    4.5902   10.6404    4.2471    0.2450    0.6211    0.0001   -2.2600    0.5000
   32.0000    0.5800    0.4950    0.0850    1.4440    4.1696    8.0929    4.3885   10.7490    4.2403    0.2450    0.6102    0.0001   -2.2600    0.5000
   32.0000    0.6000    0.4950    0.1050    1.4865    4.1278    8.0936    4.1939   10.8536    4.2355    0.2450    0.6084    0.0001   -2.2600    0.5000
   32.0000    0.6400    0.4950    0.1450    1.5765    4.0410    8.0947    3.7846   11.0722    4.2290    0.2450    0.6014    0.0001   -2.2600    0.5000
   32.0000    0.7200    0.4950    0.2250    1.7002    3.8805    8.0954    3.0700   11.4551    4.2224    0.2450    0.6021    0.0001   -2.2600    0.5000
   32.0000    0.7800    0.4950    0.2850    1.7554    3.7912    8.0956    2.6925   11.6612    4.2192    0.2450    0.6083    0.0001   -2.2600    0.5000
#   age       Mtot      Mc        Menv      logL      logT      logTc     logg      logR      logrhoc   Y         Yc        Z         FeH       OFe       
   33.0000    0.4980    0.4950    0.0030    1.2960    4.4618    8.0860    5.6390   10.0906    4.2808    0.2450    0.6446    0.0001   -2.2600    0.5000
   33.0000    0.5000    0.4950    0.0050    1.2991    4.4403    8.0857    5.5522   10.1349    4.2797    0.2450    0.6509    0.0001   -2.2600    0.5000
   33.0000    0.5050    0.4950    0.0100    1.3110    4.4023    8.0868    5.3924   10.2168    4.2749    0.2450    0.6430    0.0001   -2.2600    0.5000
   33.0000    0.5100    0.4950    0.0150    1.3203    4.3739    8.0872    5.2735   10.2785    4.2713    0.2450    0.6422    0.0001   -2.2600    0.5000
   33.0000    0.5150    0.4950    0.0200    1.3303    4.3500    8.0880    5.1723   10.3312    4.2675    0.2450    0.6361    0.0001   -2.2600    0.5000
   33.0000    0.5200    0.4950    0.0250    1.3389    4.3294    8.0885    5.0854   10.3767    4.2645    0.2450    0.6347    0.0001   -2.2600    0.5000
   33.0000    0.5300    0.4950    0.0350    1.3560    4.2937    8.0896    4.9339   10.4567    4.2590    0.2450    0.6286    0.0001   -2.2600    0.5000
   33.0000    0.5400    0.4950    0.0450    1.3725    4.2651    8.0905    4.8113   10.5219    4.2543    0.2450    0.6225    0.0001   -2.2600    0.5000
   33.0000    0.5600    0.4950    0.0650    1.4073    4.2135    8.0920    4.5858   10.6426    4.2463    0.2450    0.6125    0.0001   -2.2600    0.5000
   33.0000    0.5800    0.4950    0.0850    1.4453    4.1689    8.0935    4.3844   10.7510    4.2395    0.2450    0.6014    0.0001   -2.2600    0.5000
   33.0000    0.6000    0.4950    0.1050    1.4874    4.1272    8.0943    4.1907   10.8552    4.2347    0.2450    0.5989    0.0001   -2.2600    0.5000
   33.0000    0.6400    0.4950    0.1450    1.5769    4.0409    8.0954    3.7836   11.0728    4.2281    0.2450    0.5921    0.0001   -2.2600    0.5000
   33.0000    0.7200    0.4950    0.2250    1.6998    3.8820    8.0962    3.0766   11.4518    4.2211    0.2450    0.5922    0.0001   -2.2600    0.5000
   33.0000    0.7800    0.4950    0.2850    1.7552    3.7935    8.0964    2.7018   11.6566    4.2177    0.2450    0.5989    0.0001   -2.2600    0.5000
#   age       Mtot      Mc        Menv      logL      logT      logTc     logg      logR      logrhoc   Y         Yc        Z         FeH       OFe       
   34.0000    0.4980    0.4950    0.0030    1.2980    4.4617    8.0865    5.6368   10.0917    4.2801    0.2450    0.6370    0.0001   -2.2600    0.5000
   34.0000    0.5000    0.4950    0.0050    1.3011    4.4402    8.0863    5.5498   10.1361    4.2789    0.2450    0.6431    0.0001   -2.2600    0.5000
   34.0000    0.5050    0.4950    0.0100    1.3130    4.4021    8.0873    5.3897   10.2182    4.2742    0.2450    0.6353    0.0001   -2.2600    0.5000
   34.0000    0.5100    0.4950    0.0150    1.3224    4.3736    8.0878    5.2704   10.2800    4.2706    0.2450    0.6341    0.0001   -2.2600    0.5000
   34.0000    0.5150    0.4950    0.0200    1.3324    4.3497    8.0886    5.1689   10.3329    4.2668    0.2450    0.6278    0.0001   -2.2600    0.5000
   34.0000    0.5200    0.4950    0.0250    1.3409    4.3290    8.0890    5.0819   10.3785    4.2638    0.2450    0.6266    0.0001   -2.2600    0.5000
   34.0000    0.5300    0.4950    0.0350    1.3580    4.2932    8.0901    4.9300   10.4586    4.2584    0.2450    0.6202    0.0001   -2.2600    0.5000
   34.0000    0.5400    0.4950    0.0450    1.3744    4.2646    8.0910    4.8071   10.5240    4.2536    0.2450    0.6141    0.0001   -2.2600    0.5000
   34.0000    0.5600    0.4950    0.0650    1.4090    4.2128    8.0926    4.5814   10.6448    4.2455    0.2450    0.6040    0.0001   -2.2600    0.5000
   34.0000    0.5800    0.4950    0.0850    1.4468    4.1682    8.0942    4.3800   10.7532    4.2389    0.2450    0.5924    0.0001   -2.2600    0.5000
   34.0000    0.6000    0.4950    0.1050    1.4886    4.1265    8.0950    4.1868   10.8571    4.2340    0.2450    0.5896    0.0001   -2.2600    0.5000
   34.0000    0.6400    0.4950    0.1450    1.5773    4.0407    8.0961    3.7825   11.0733    4.2272    0.2450    0.5829    0.0001   -2.2600    0.5000
   34.0000    0.7200    0.4950    0.2250    1.6994    3.8836    8.0970    3.0832   11.4485    4.2199    0.2450    0.5823    0.0001   -2.2600    0.5000
   34.0000    0.7800    0.4950    0.2850    1.7551    3.7955    8.0972    2.7099   11.6526    4.2163    0.2450    0.5884    0.0001   -2.2600    0.5000
#   age       Mtot      Mc        Menv      logL      logT      logTc     logg      logR      logrhoc   Y         Yc        Z         FeH       OFe       
   35.0000    0.4980    0.4950    0.0030    1.3000    4.4616    8.0870    5.6345   10.0928    4.2794    0.2450    0.6293    0.0001   -2.2600    0.5000
   35.0000    0.5000    0.4950    0.0050    1.3031    4.4401    8.0868    5.5473   10.1373    4.2782    0.2450    0.6352    0.0001   -2.2600    0.5000
   35.0000    0.5050    0.4950    0.0100    1.3150    4.4020    8.0879    5.3870   10.2196    4.2735    0.2450    0.6275    0.0001   -2.2600    0.5000
   35.0000    0.5100    0.4950    0.0150    1.3244    4.3733    8.0883    5.2673   10.2816    4.2699    0.2450    0.6260    0.0001   -2.2600    0.5000
   35.0000    0.5150    0.4950    0.0200    1.3345    4.3494    8.0892    5.1655   10.3346    4.2661    0.2450    0.6195    0.0001   -2.2600    0.5000
   35.0000    0.5200    0.4950    0.0250    1.3429    4.3286    8.0896    5.0784   10.3802    4.2631    0.2450    0.6184    0.0001   -2.2600    0.5000
   35.0000    0.5300    0.4950    0.0350    1.3600    4.2928    8.0907    4.9261   10.4606    4.2577    0.2450    0.6118    0.0001   -2.2600    0.5000
   35.0000    0.5400    0.4950    0.0450    1.3764    4.2640    8.0916    4.8029   10.5261    4.2529    0.2450    0.6058    0.0001   -2.2600    0.5000
   35.0000    0.5600    0.4950    0.0650    1.4108    4.2121    8.0933    4.5769   10.6471    4.2449    0.2450    0.5951    0.0001   -2.2600    0.5000
   35.0000    0.5800    0.4950    0.0850    1.4483    4.1674    8.0948    4.3755   10.7554    4.2383    0.2450    0.5834    0.0001   -2.2600    0.5000
   35.0000    0.6000    0.4950    0.1050    1.4897    4.1259    8.0957    4.1830   10.8590    4.2333    0.2450    0.5802    0.0001   -2.2600    0.5000
   35.0000    0.6400    0.4950    0.1450    1.5777    4.0405    8.0969    3.7814   11.0738    4.2264    0.2450    0.5736    0.0001   -2.2600    0.5000
   35.0000    0.7200    0.4950    0.2250    1.6990    3.8851    8.0978    3.0898   11.4452    4.2186    0.2450    0.5724    0.0001   -2.2600    0.5000
   35.0000    0.7800    0.4950    0.2850    1.7549    3.7975    8.0980    2.7179   11.6486    4.2149    0.2450    0.5779    0.0001   -2.2600    0.5000
#   age       Mtot      Mc        Menv      logL      logT      logTc     logg      logR      logrhoc   Y         Yc        Z         FeH       OFe       
   36.0000    0.4980    0.4950    0.0030    1.3020    4.4616    8.0875    5.6323   10.0939    4.2787    0.2450    0.6217    0.0001   -2.2600    0.5000
   36.0000    0.5000    0.4950    0.0050    1.3051    4.4400    8.0874    5.5449   10.1385    4.2775    0.2450    0.6273    0.0001   -2.2600    0.5000
   36.0000    0.5050    0.4950    0.0100    1.3170    4.4018    8.0884    5.3842   10.2209    4.2728    0.2450    0.6197    0.0001   -2.2600    0.5000
   36.0000    0.5100    0.4950    0.0150    1.3264    4.3731    8.0889    5.2642   10.2831    4.2692    0.2450    0.6178    0.0001   -2.2600    0.5000
   36.0000    0.5150    0.4950    0.0200    1.3365    4.3490    8.0897    5.1621   10.3362    4.2654    0.2450    0.6112    0.0001   -2.2600    0.5000
   36.0000    0.5200    0.4950    0.0250    1.3449    4.3283    8.0902    5.0748   10.3820    4.2625    0.2450    0.6103    0.0001   -2.2600    0.5000
   36.0000    0.5300    0.4950    0.0350    1.3620    4.2923    8.0913    4.9222   10.4625    4.2570    0.2450    0.6034    0.0001   -2.2600    0.5000
   36.0000    0.5400    0.4950    0.0450    1.3783    4.2634    8.0922    4.7987   10.5283    4.2522    0.2450    0.5973    0.0001   -2.2600    0.5000
   36.0000    0.5600    0.4950    0.0650    1.4126    4.2114    8.0939    4.5722   10.6494    4.2443    0.2450    0.5860    0.0001   -2.2600    0.5000
   36.0000    0.5800    0.4950    0.0850    1.4498    4.1666    8.0955    4.3710   10.7577    4.2377    0.2450    0.5744    0.0001   -2.2600    0.5000
   36.0000    0.6000    0.4950    0.1050    1.4908    4.1252    8.0964    4.1792   10.8609    4.2326    0.2450    0.5709    0.0001   -2.2600    0.5000
   36.0000    0.6400    0.4950    0.1450    1.5781    4.0404    8.0976    3.7804   11.0744    4.2255    0.2450    0.5643    0.0001   -2.2600    0.5000
   36.0000    0.7200    0.4950    0.2250    1.6986    3.8867    8.0985    3.0963   11.4419    4.2174    0.2450    0.5624    0.0001   -2.2600    0.5000
   36.0000    0.7800    0.4950    0.2850    1.7548    3.7994    8.0988    2.7260   11.6446    4.2136    0.2450    0.5674    0.0001   -2.2600    0.5000
#   age       Mtot      Mc        Menv      logL      logT      logTc     logg      logR      logrhoc   Y         Yc        Z         FeH       OFe       
   37.0000    0.4980    0.4950    0.0030    1.3040    4.4615    8.0880    5.6300   10.0951    4.2780    0.2450    0.6140    0.0001   -2.2600    0.5000
   37.0000    0.5000    0.4950    0.0050    1.3071    4.4399    8.0879    5.5424   10.1398    4.2767    0.2450    0.6194    0.0001   -2.2600    0.5000
   37.0000    0.5050    0.4950    0.0100    1.3190    4.4016    8.0890    5.3815   10.2223    4.2721    0.2450    0.6119    0.0001   -2.2600    0.5000
   37.0000    0.5100    0.4950    0.0150    1.3285    4.3728    8.0894    5.2612   10.2847    4.2685    0.2450    0.6097    0.0001   -2.2600    0.5000
   37.0000    0.5150    0.4950    0.0200    1.3386    4.3487    8.0903    5.1588   10.3379    4.2647    0.2450    0.6028    0.0001   -2.2600    0.5000
   37.0000    0.5200    0.4950    0.0250    1.3469    4.3279    8.0907    5.0713   10.3837    4.2618    0.2450    0.6022    0.0001   -2.2600    0.5000
   37.0000    0.5300    0.4950    0.0350    1.3641    4.2918    8.0919    4.9181   10.4645    4.2563    0.2450    0.5948    0.0001   -2.2600    0.5000
   37.0000    0.5400    0.4950    0.0450    1.3804    4.2628    8.0928    4.7943   10.5305    4.2517    0.2450    0.5886    0.0001   -2.2600    0.5000
   37.0000    0.5600    0.4950    0.0650    1.4144    4.2107    8.0946    4.5676   10.6517    4.2437    0.2450    0.5768    0.0001   -2.2600    0.5000
   37.0000    0.5800    0.4950    0.0850    1.4513    4.1659    8.0962    4.3665   10.7599    4.2371    0.2450    0.5654    0.0001   -2.2600    0.5000
   37.0000    0.6000    0.4950    0.1050    1.4919    4.1245    8.0970    4.1754   10.8628    4.2320    0.2450    0.5615    0.0001   -2.2600    0.5000
   37.0000    0.6400    0.4950    0.1450    1.5785    4.0402    8.0983    3.7793   11.0749    4.2247    0.2450    0.5551    0.0001   -2.2600    0.5000
   37.0000    0.7200    0.4950    0.2250    1.6982    3.8882    8.0993    3.1029   11.4386    4.2161    0.2450    0.5525    0.0001   -2.2600    0.5000
   37.0000    0.7800    0.4950    0.2850    1.7547    3.8014    8.0997    2.7340   11.6405    4.2122    0.2450    0.5569    0.0001   -2.2600    0.5000
#   age       Mtot      Mc        Menv      logL      logT      logTc     logg      logR      logrhoc   Y         Yc        Z         FeH       OFe       
   38.0000    0.4980    0.4950    0.0030    1.3060    4.4615    8.0886    5.6278   10.0962    4.2773    0.2450    0.6064    0.0001   -2.2600    0.5000
   38.0000    0.5000    0.4950    0.0050    1.3092    4.4398    8.0885    5.5400   10.1410    4.2760    0.2450    0.6115    0.0001   -2.2600    0.5000
   38.0000    0.5050    0.4950    0.0100    1.3210    4.4014    8.0895    5.3788   10.2237    4.2714    0.2450    0.6042    0.0001   -2.2600    0.5000
   38.0000    0.5100    0.4950    0.0150    1.3305    4.3725    8.0900    5.2581   10.2862    4.2677    0.2450    0.6015    0.0001   -2.2600    0.5000
   38.0000    0.5150    0.4950    0.0200    1.3407    4.3484    8.0909    5.1554   10.3396    4.2641    0.2450    0.5946    0.0001   -2.2600    0.5000
   38.0000    0.5200    0.4950    0.0250    1.3489    4.3275    8.0913    5.0678   10.3855    4.2612    0.2450    0.5939    0.0001   -2.2600    0.5000
   38.0000    0.5300    0.4950    0.0350    1.3662    4.2913    8.0925    4.9139   10.4666    4.2558    0.2450    0.5861    0.0001   -2.2600    0.5000
   38.0000    0.5400    0.4950    0.0450    1.3824    4.2623    8.0935    4.7900   10.5326    4.2511    0.2450    0.5798    0.0001   -2.2600    0.5000
   38.0000    0.5600    0.4950    0.0650    1.4163    4.2100    8.0952    4.5629   10.6541    4.2431    0.2450    0.5677    0.0001   -2.2600    0.5000
   38.0000    0.5800    0.4950    0.0850    1.4528    4.1651    8.0968    4.3621   10.7621    4.2365    0.2450    0.5563    0.0001   -2.2600    0.5000
   38.0000    0.6000    0.4950    0.1050    1.4930    4.1239    8.0977    4.1716   10.8648    4.2313    0.2450    0.5522    0.0001   -2.2600    0.5000
   38.0000    0.6400    0.4950    0.1450    1.5790    4.0400    8.0991    3.7779   11.0756    4.2239    0.2450    0.5455    0.0001   -2.2600    0.5000
   38.0000    0.7200    0.4950    0.2250    1.6980    3.8894    8.1002    3.1078   11.4362    4.2151    0.2450    0.5428    0.0001   -2.2600    0.5000
   38.0000    0.7800    0.4950    0.2850    1.7546    3.8033    8.1005    2.7416   11.6367    4.2109    0.2450    0.5466    0.0001   -2.2600    0.5000
#   age       Mtot      Mc        Menv      logL      logT      logTc     logg      logR      logrhoc   Y         Yc        Z         FeH       OFe       
   39.0000    0.4980    0.4950    0.0030    1.3080    4.4614    8.0891    5.6255   10.0973    4.2766    0.2450    0.5987    0.0001   -2.2600    0.5000
   39.0000    0.5000    0.4950    0.0050    1.3112    4.4397    8.0891    5.5375   10.1422    4.2752    0.2450    0.6036    0.0001   -2.2600    0.5000
   39.0000    0.5050    0.4950    0.0100    1.3231    4.4012    8.0901    5.3760   10.2251    4.2707    0.2450    0.5963    0.0001   -2.2600    0.5000
   39.0000    0.5100    0.4950    0.0150    1.3327    4.3723    8.0906    5.2549   10.2878    4.2671    0.2450    0.5935    0.0001   -2.2600    0.5000
   39.0000    0.5150    0.4950    0.0200    1.3429    4.3481    8.0915    5.1519   10.3413    4.2636    0.2450    0.5864    0.0001   -2.2600    0.5000
   39.0000    0.5200    0.4950    0.0250    1.3511    4.3271    8.0919    5.0642   10.3873    4.2607    0.2450    0.5857    0.0001   -2.2600    0.5000
   39.0000    0.5300    0.4950    0.0350    1.3683    4.2908    8.0932    4.9098   10.4687    4.2552    0.2450    0.5775    0.0001   -2.2600    0.5000
   39.0000    0.5400    0.4950    0.0450    1.3844    4.2617    8.0941    4.7856   10.5348    4.2505    0.2450    0.5711    0.0001   -2.2600    0.5000
   39.0000    0.5600    0.4950    0.0650    1.4181    4.2094    8.0959    4.5583   10.6564    4.2425    0.2450    0.5586    0.0001   -2.2600    0.5000
   39.0000    0.5800    0.4950    0.0850    1.4544    4.1644    8.0975    4.3574   10.7645    4.2360    0.2450    0.5472    0.0001   -2.2600    0.5000
   39.0000    0.6000    0.4950    0.1050    1.4943    4.1231    8.0985    4.1673   10.8669    4.2307    0.2450    0.5426    0.0001   -2.2600    0.5000
   39.0000    0.6400    0.4950    0.1450    1.5795    4.0397    8.0999    3.7761   11.0765    4.2233    0.2450    0.5357    0.0001   -2.2600    0.5000
   39.0000    0.7200    0.4950    0.2250    1.6980    3.8905    8.1010    3.1121   11.4341    4.2140    0.2450    0.5332    0.0001   -2.2600    0.5000
   39.0000    0.7800    0.4950    0.2850    1.7545    3.8050    8.1014    2.7485   11.6333    4.2098    0.2450    0.5368    0.0001   -2.2600    0.5000
#   age       Mtot      Mc        Menv      logL      logT      logTc     logg      logR      logrhoc   Y         Yc        Z         FeH       OFe       
   40.0000    0.4980    0.4950    0.0030    1.3101    4.4613    8.0897    5.6233   10.0984    4.2760    0.2450    0.5909    0.0001   -2.2600    0.5000
   40.0000    0.5000    0.4950    0.0050    1.3133    4.4396    8.0896    5.5350   10.1435    4.2746    0.2450    0.5956    0.0001   -2.2600    0.5000
   40.0000    0.5050    0.4950    0.0100    1.3253    4.4010    8.0907    5.3731   10.2265    4.2701    0.2450    0.5882    0.0001   -2.2600    0.5000
   40.0000    0.5100    0.4950    0.0150    1.3349    4.3721    8.0912    5.2517   10.2894    4.2665    0.2450    0.5856    0.0001   -2.2600    0.5000
   40.0000    0.5150    0.4950    0.0200    1.3450    4.3478    8.0921    5.1485   10.3431    4.2630    0.2450    0.5783    0.0001   -2.2600    0.5000
   40.0000    0.5200    0.4950    0.0250    1.3532    4.3268    8.0925    5.0606   10.3891    4.2601    0.2450    0.5775    0.0001   -2.2600    0.5000
   40.0000    0.5300    0.4950    0.0350    1.3705    4.2903    8.0938    4.9056   10.4708    4.2546    0.2450    0.5688    0.0001   -2.2600    0.5000
   40.0000    0.5400    0.4950    0.0450    1.3864    4.2611    8.0948    4.7813   10.5370    4.2500    0.2450    0.5623    0.0001   -2.2600    0.5000
   40.0000    0.5600    0.4950    0.0650    1.4199    4.2087    8.0965    4.5536   10.6587    4.2420    0.2450    0.5495    0.0001   -2.2600    0.5000
   40.0000    0.5800    0.4950    0.0850    1.4562    4.1635    8.0983    4.3523   10.7670    4.2355    0.2450    0.5379    0.0001   -2.2600    0.5000
   40.0000    0.6000    0.4950    0.1050    1.4957    4.1224    8.0993    4.1628   10.8691    4.2302    0.2450    0.5329    0.0001   -2.2600    0.5000
   40.0000    0.6400    0.4950    0.1450    1.5801    4.0394    8.1007    3.7743   11.0774    4.2226    0.2450    0.5258    0.0001   -2.2600    0.5000
   40.0000    0.7200    0.4950    0.2250    1.6979    3.8915    8.1019    3.1164   11.4319    4.2130    0.2450    0.5235    0.0001   -2.2600    0.5000
   40.0000    0.7800    0.4950    0.2850    1.7545    3.8067    8.1024    2.7553   11.6299    4.2086    0.2450    0.5269    0.0001   -2.2600    0.5000
#   age       Mtot      Mc        Menv      logL      logT      logTc     logg      logR      logrhoc   Y         Yc        Z         FeH       OFe       
   41.0000    0.4980    0.4950    0.0030    1.3122    4.4613    8.0902    5.6210   10.0995    4.2755    0.2450    0.5830    0.0001   -2.2600    0.5000
   41.0000    0.5000    0.4950    0.0050    1.3154    4.4396    8.0902    5.5326   10.1447    4.2740    0.2450    0.5877    0.0001   -2.2600    0.5000
   41.0000    0.5050    0.4950    0.0100    1.3274    4.4009    8.0913    5.3702   10.2280    4.2695    0.2450    0.5802    0.0001   -2.2600    0.5000
   41.0000    0.5100    0.4950    0.0150    1.3370    4.3718    8.0918    5.2486   10.2910    4.2659    0.2450    0.5776    0.0001   -2.2600    0.5000
   41.0000    0.5150    0.4950    0.0200    1.3472    4.3475    8.0927    5.1451   10.3448    4.2624    0.2450    0.5701    0.0001   -2.2600    0.5000
   41.0000    0.5200    0.4950    0.0250    1.3553    4.3264    8.0931    5.0570   10.3909    4.2596    0.2450    0.5693    0.0001   -2.2600    0.5000
   41.0000    0.5300    0.4950    0.0350    1.3726    4.2898    8.0945    4.9014   10.4729    4.2540    0.2450    0.5601    0.0001   -2.2600    0.5000
   41.0000    0.5400    0.4950    0.0450    1.3885    4.2605    8.0954    4.7770   10.5392    4.2494    0.2450    0.5536    0.0001   -2.2600    0.5000
   41.0000    0.5600    0.4950    0.0650    1.4219    4.2079    8.0972    4.5485   10.6613    4.2416    0.2450    0.5404    0.0001   -2.2600    0.5000
   41.0000    0.5800    0.4950    0.0850    1.4579    4.1627    8.0990    4.3473   10.7695    4.2351    0.2450    0.5285    0.0001   -2.2600    0.5000
   41.0000    0.6000    0.4950    0.1050    1.4971    4.1216    8.1000    4.1584   10.8714    4.2298    0.2450    0.5232    0.0001   -2.2600    0.5000
   41.0000    0.6400    0.4950    0.1450    1.5807    4.0391    8.1016    3.7725   11.0783    4.2220    0.2450    0.5160    0.0001   -2.2600    0.5000
   41.0000    0.7200    0.4950    0.2250    1.6978    3.8926    8.1028    3.1207   11.4298    4.2120    0.2450    0.5139    0.0001   -2.2600    0.5000
   41.0000    0.7800    0.4950    0.2850    1.7545    3.8084    8.1033    2.7622   11.6264    4.2075    0.2450    0.5171    0.0001   -2.2600    0.5000
#   age       Mtot      Mc        Menv      logL      logT      logTc     logg      logR      logrhoc   Y         Yc        Z         FeH       OFe       
   42.0000    0.4980    0.4950    0.0030    1.3143    4.4613    8.0908    5.6188   10.1007    4.2749    0.2450    0.5752    0.0001   -2.2600    0.5000
   42.0000    0.5000    0.4950    0.0050    1.3175    4.4395    8.0908    5.5301   10.1459    4.2734    0.2450    0.5798    0.0001   -2.2600    0.5000
   42.0000    0.5050    0.4950    0.0100    1.3296    4.4007    8.0919    5.3673   10.2294    4.2689    0.2450    0.5721    0.0001   -2.2600    0.5000
   42.0000    0.5100    0.4950    0.0150    1.3392    4.3716    8.0924    5.2454   10.2926    4.2654    0.2450    0.5696    0.0001   -2.2600    0.5000
   42.0000    0.5150    0.4950    0.0200    1.3494    4.3472    8.0933    5.1417   10.3465    4.2618    0.2450    0.5619    0.0001   -2.2600    0.5000
   42.0000    0.5200    0.4950    0.0250    1.3574    4.3260    8.0937    5.0534   10.3927    4.2590    0.2450    0.5611    0.0001   -2.2600    0.5000
   42.0000    0.5300    0.4950    0.0350    1.3748    4.2893    8.0951    4.8973   10.4750    4.2534    0.2450    0.5514    0.0001   -2.2600    0.5000
   42.0000    0.5400    0.4950    0.0450    1.3906    4.2599    8.0961    4.7725   10.5415    4.2490    0.2450    0.5449    0.0001   -2.2600    0.5000
   42.0000    0.5600    0.4950    0.0650    1.4240    4.2071    8.0979    4.5435   10.6638    4.2412    0.2450    0.5314    0.0001   -2.2600    0.5000
   42.0000    0.5800    0.4950    0.0850    1.4597    4.1619    8.0998    4.3422   10.7721    4.2347    0.2450    0.5191    0.0001   -2.2600    0.5000
   42.0000    0.6000    0.4950    0.1050    1.4984    4.1209    8.1008    4.1539   10.8736    4.2293    0.2450    0.5135    0.0001   -2.2600    0.5000
   42.0000    0.6400    0.4950    0.1450    1.5812    4.0388    8.1024    3.7707   11.0792    4.2213    0.2450    0.5061    0.0001   -2.2600    0.5000
   42.0000    0.7200    0.4950    0.2250    1.6977    3.8936    8.1037    3.1250   11.4277    4.2110    0.2450    0.5043    0.0001   -2.2600    0.5000
   42.0000    0.7800    0.4950    0.2850    1.7544    3.8101    8.1042    2.7690   11.6230    4.2063    0.2450    0.5072    0.0001   -2.2600    0.5000
#   age       Mtot      Mc        Menv      logL      logT      logTc     logg      logR      logrhoc   Y         Yc        Z         FeH       OFe       
   43.0000    0.4980    0.4950    0.0030    1.3164    4.4612    8.0914    5.6166   10.1018    4.2743    0.2450    0.5673    0.0001   -2.2600    0.5000
   43.0000    0.5000    0.4950    0.0050    1.3196    4.4394    8.0913    5.5276   10.1471    4.2729    0.2450    0.5719    0.0001   -2.2600    0.5000
   43.0000    0.5050    0.4950    0.0100    1.3317    4.4005    8.0925    5.3644   10.2309    4.2683    0.2450    0.5641    0.0001   -2.2600    0.5000
   43.0000    0.5100    0.4950    0.0150    1.3414    4.3713    8.0930    5.2422   10.2942    4.2648    0.2450    0.5616    0.0001   -2.2600    0.5000
   43.0000    0.5150    0.4950    0.0200    1.3515    4.3468    8.0939    5.1383   10.3482    4.2613    0.2450    0.5537    0.0001   -2.2600    0.5000
   43.0000    0.5200    0.4950    0.0250    1.3595    4.3256    8.0943    5.0498   10.3945    4.2585    0.2450    0.5528    0.0001   -2.2600    0.5000
   43.0000    0.5300    0.4950    0.0350    1.3771    4.2887    8.0958    4.8928   10.4772    4.2529    0.2450    0.5422    0.0001   -2.2600    0.5000
   43.0000    0.5400    0.4950    0.0450    1.3928    4.2593    8.0968    4.7679   10.5437    4.2486    0.2450    0.5362    0.0001   -2.2600    0.5000
   43.0000    0.5600    0.4950    0.0650    1.4260    4.2064    8.0987    4.5384   10.6663    4.2408    0.2450    0.5224    0.0001   -2.2600    0.5000
   43.0000    0.5800    0.4950    0.0850    1.4615    4.1611    8.1005    4.3371   10.7746    4.2342    0.2450    0.5098    0.0001   -2.2600    0.5000
   43.0000    0.6000    0.4950    0.1050    1.4998    4.1201    8.1016    4.1494   10.8758    4.2288    0.2450    0.5038    0.0001   -2.2600    0.5000
   43.0000    0.6400    0.4950    0.1450    1.5819    4.0384    8.1032    3.7685   11.0802    4.2207    0.2450    0.4962    0.0001   -2.2600    0.5000
   43.0000    0.7200    0.4950    0.2250    1.6977    3.8945    8.1046    3.1284   11.4259    4.2102    0.2450    0.4943    0.0001   -2.2600    0.5000
   43.0000    0.7800    0.4950    0.2850    1.7545    3.8117    8.1052    2.7752   11.6199    4.2053    0.2450    0.4972    0.0001   -2.2600    0.5000
#   age       Mtot      Mc        Menv      logL      logT      logTc     logg      logR      logrhoc   Y         Yc        Z         FeH       OFe       
   44.0000    0.4980    0.4950    0.0030    1.3185    4.4612    8.0919    5.6143   10.1029    4.2738    0.2450    0.5595    0.0001   -2.2600    0.5000
   44.0000    0.5000    0.4950    0.0050    1.3218    4.4393    8.0919    5.5252   10.1483    4.2723    0.2450    0.5640    0.0001   -2.2600    0.5000
   44.0000    0.5050    0.4950    0.0100    1.3339    4.4003    8.0931    5.3616   10.2323    4.2677    0.2450    0.5560    0.0001   -2.2600    0.5000
   44.0000    0.5100    0.4950    0.0150    1.3436    4.3711    8.0936    5.2391   10.2958    4.2642    0.2450    0.5536    0.0001   -2.2600    0.5000
   44.0000    0.5150    0.4950    0.0200    1.3538    4.3465    8.0946    5.1347   10.3500    4.2608    0.2450    0.5452    0.0001   -2.2600    0.5000
   44.0000    0.5200    0.4950    0.0250    1.3617    4.3252    8.0949    5.0462   10.3963    4.2580    0.2450    0.5445    0.0001   -2.2600    0.5000
   44.0000    0.5300    0.4950    0.0350    1.3795    4.2882    8.0965    4.8883   10.4795    4.2525    0.2450    0.5329    0.0001   -2.2600    0.5000
   44.0000    0.5400    0.4950    0.0450    1.3950    4.2587    8.0975    4.7633   10.5460    4.2482    0.2450    0.5275    0.0001   -2.2600    0.5000
   44.0000    0.5600    0.4950    0.0650    1.4280    4.2056    8.0994    4.5334   10.6689    4.2404    0.2450    0.5134    0.0001   -2.2600    0.5000
   44.0000    0.5800    0.4950    0.0850    1.4632    4.1602    8.1013    4.3320   10.7772    4.2338    0.2450    0.5004    0.0001   -2.2600    0.5000
   44.0000    0.6000    0.4950    0.1050    1.5012    4.1193    8.1024    4.1447   10.8782    4.2285    0.2450    0.4941    0.0001   -2.2600    0.5000
   44.0000    0.6400    0.4950    0.1450    1.5827    4.0379    8.1042    3.7657   11.0817    4.2203    0.2450    0.4860    0.0001   -2.2600    0.5000
   44.0000    0.7200    0.4950    0.2250    1.6978    3.8952    8.1055    3.1312   11.4246    4.2095    0.2450    0.4840    0.0001   -2.2600    0.5000
   44.0000    0.7800    0.4950    0.2850    1.7546    3.8128    8.1061    2.7795   11.6178    4.2044    0.2450    0.4868    0.0001   -2.2600    0.5000
#   age       Mtot      Mc        Menv      logL      logT      logTc     logg      logR      logrhoc   Y         Yc        Z         FeH       OFe       
   45.0000    0.4980    0.4950    0.0030    1.3206    4.4611    8.0925    5.6121   10.1041    4.2732    0.2450    0.5517    0.0001   -2.2600    0.5000
   45.0000    0.5000    0.4950    0.0050    1.3239    4.4392    8.0925    5.5227   10.1496    4.2717    0.2450    0.5561    0.0001   -2.2600    0.5000
   45.0000    0.5050    0.4950    0.0100    1.3361    4.4002    8.0937    5.3587   10.2338    4.2672    0.2450    0.5480    0.0001   -2.2600    0.5000
   45.0000    0.5100    0.4950    0.0150    1.3458    4.3709    8.0942    5.2359   10.2973    4.2637    0.2450    0.5455    0.0001   -2.2600    0.5000
   45.0000    0.5150    0.4950    0.0200    1.3561    4.3462    8.0953    5.1311   10.3518    4.2603    0.2450    0.5365    0.0001   -2.2600    0.5000
   45.0000    0.5200    0.4950    0.0250    1.3639    4.3249    8.0956    5.0424   10.3982    4.2576    0.2450    0.5361    0.0001   -2.2600    0.5000
   45.0000    0.5300    0.4950    0.0350    1.3819    4.2876    8.0973    4.8838   10.4818    4.2521    0.2450    0.5236    0.0001   -2.2600    0.5000
   45.0000    0.5400    0.4950    0.0450    1.3972    4.2581    8.0981    4.7587   10.5483    4.2478    0.2450    0.5188    0.0001   -2.2600    0.5000
   45.0000    0.5600    0.4950    0.0650    1.4300    4.2049    8.1001    4.5283   10.6714    4.2400    0.2450    0.5043    0.0001   -2.2600    0.5000
   45.0000    0.5800    0.4950    0.0850    1.4651    4.1594    8.1021    4.3267   10.7799    4.2336    0.2450    0.4908    0.0001   -2.2600    0.5000
   45.0000    0.6000    0.4950    0.1050    1.5027    4.1184    8.1033    4.1399   10.8806    4.2282    0.2450    0.4845    0.0001   -2.2600    0.5000
   45.0000    0.6400    0.4950    0.1450    1.5835    4.0374    8.1051    3.7629   11.0831    4.2199    0.2450    0.4759    0.0001   -2.2600    0.5000
   45.0000    0.7200    0.4950    0.2250    1.6978    3.8959    8.1064    3.1339   11.4232    4.2089    0.2450    0.4737    0.0001   -2.2600    0.5000
   45.0000    0.7800    0.4950    0.2850    1.7548    3.8140    8.1071    2.7838   11.6156    4.2036    0.2450    0.4763    0.0001   -2.2600    0.5000
#   age       Mtot      Mc        Menv      logL      logT      logTc     logg      logR      logrhoc   Y         Yc        Z         FeH       OFe       
   46.0000    0.4980    0.4950    0.0030    1.3227    4.4611    8.0931    5.6098   10.1052    4.2728    0.2450    0.5440    0.0001   -2.2600    0.5000
   46.0000    0.5000    0.4950    0.0050    1.3260    4.4391    8.0930    5.5202   10.1508    4.2712    0.2450    0.5482    0.0001   -2.2600    0.5000
   46.0000    0.5050    0.4950    0.0100    1.3382    4.4000    8.0943    5.3558   10.2352    4.2668    0.2450    0.5400    0.0001   -2.2600    0.5000
   46.0000    0.5100    0.4950    0.0150    1.3480    4.3706    8.0949    5.2327   10.2989    4.2633    0.2450    0.5372    0.0001   -2.2600    0.5000
   46.0000    0.5150    0.4950    0.0200    1.3584    4.3459    8.0960    5.1275   10.3536    4.2598    0.2450    0.5278    0.0001   -2.2600    0.5000
   46.0000    0.5200    0.4950    0.0250    1.3661    4.3245    8.0962    5.0387   10.4001    4.2571    0.2450    0.5276    0.0001   -2.2600    0.5000
   46.0000    0.5300    0.4950    0.0350    1.3843    4.2871    8.0980    4.8792   10.4840    4.2517    0.2450    0.5142    0.0001   -2.2600    0.5000
   46.0000    0.5400    0.4950    0.0450    1.3993    4.2575    8.0988    4.7542   10.5506    4.2474    0.2450    0.5102    0.0001   -2.2600    0.5000
   46.0000    0.5600    0.4950    0.0650    1.4321    4.2041    8.1008    4.5232   10.6740    4.2397    0.2450    0.4953    0.0001   -2.2600    0.5000
   46.0000    0.5800    0.4950    0.0850    1.4670    4.1585    8.1029    4.3213   10.7826    4.2334    0.2450    0.4811    0.0001   -2.2600    0.5000
   46.0000    0.6000    0.4950    0.1050    1.5042    4.1175    8.1041    4.1350   10.8830    4.2280    0.2450    0.4749    0.0001   -2.2600    0.5000
   46.0000    0.6400    0.4950    0.1450    1.5843    4.0369    8.1060    3.7601   11.0845    4.2195    0.2450    0.4658    0.0001   -2.2600    0.5000
   46.0000    0.7200    0.4950    0.2250    1.6978    3.8966    8.1073    3.1367   11.4218    4.2082    0.2450    0.4634    0.0001   -2.2600    0.5000
   46.0000    0.7800    0.4950    0.2850    1.7550    3.8151    8.1081    2.7881   11.6135    4.2028    0.2450    0.4659    0.0001   -2.2600    0.5000
#   age       Mtot      Mc        Menv      logL      logT      logTc     logg      logR      logrhoc   Y         Yc        Z         FeH       OFe       
   47.0000    0.4980    0.4950    0.0030    1.3248    4.4611    8.0937    5.6076   10.1063    4.2723    0.2450    0.5364    0.0001   -2.2600    0.5000
   47.0000    0.5000    0.4950    0.0050    1.3282    4.4390    8.0937    5.5178   10.1520    4.2708    0.2450    0.5403    0.0001   -2.2600    0.5000
   47.0000    0.5050    0.4950    0.0100    1.3404    4.3998    8.0949    5.3530   10.2366    4.2664    0.2450    0.5320    0.0001   -2.2600    0.5000
   47.0000    0.5100    0.4950    0.0150    1.3502    4.3704    8.0955    5.2296   10.3005    4.2628    0.2450    0.5288    0.0001   -2.2600    0.5000
   47.0000    0.5150    0.4950    0.0200    1.3607    4.3455    8.0967    5.1238   10.3554    4.2594    0.2450    0.5191    0.0001   -2.2600    0.5000
   47.0000    0.5200    0.4950    0.0250    1.3683    4.3241    8.0969    5.0350   10.4019    4.2567    0.2450    0.5192    0.0001   -2.2600    0.5000
   47.0000    0.5300    0.4950    0.0350    1.3867    4.2865    8.0987    4.8747   10.4863    4.2512    0.2450    0.5049    0.0001   -2.2600    0.5000
   47.0000    0.5400    0.4950    0.0450    1.4015    4.2569    8.0995    4.7496   10.5529    4.2470    0.2450    0.5015    0.0001   -2.2600    0.5000
   47.0000    0.5600    0.4950    0.0650    1.4342    4.2033    8.1016    4.5180   10.6766    4.2395    0.2450    0.4861    0.0001   -2.2600    0.5000
   47.0000    0.5800    0.4950    0.0850    1.4689    4.1576    8.1038    4.3159   10.7853    4.2332    0.2450    0.4715    0.0001   -2.2600    0.5000
   47.0000    0.6000    0.4950    0.1050    1.5057    4.1167    8.1050    4.1301   10.8855    4.2278    0.2450    0.4652    0.0001   -2.2600    0.5000
   47.0000    0.6400    0.4950    0.1450    1.5851    4.0364    8.1069    3.7573   11.0859    4.2191    0.2450    0.4557    0.0001   -2.2600    0.5000
   47.0000    0.7200    0.4950    0.2250    1.6979    3.8973    8.1082    3.1395   11.4204    4.2075    0.2450    0.4531    0.0001   -2.2600    0.5000
   47.0000    0.7800    0.4950    0.2850    1.7552    3.8162    8.1091    2.7924   11.6113    4.2019    0.2450    0.4555    0.0001   -2.2600    0.5000
#   age       Mtot      Mc        Menv      logL      logT      logTc     logg      logR      logrhoc   Y         Yc        Z         FeH       OFe       
   48.0000    0.4980    0.4950    0.0030    1.3269    4.4611    8.0943    5.6054   10.1074    4.2719    0.2450    0.5288    0.0001   -2.2600    0.5000
   48.0000    0.5000    0.4950    0.0050    1.3303    4.4390    8.0943    5.5153   10.1532    4.2703    0.2450    0.5325    0.0001   -2.2600    0.5000
   48.0000    0.5050    0.4950    0.0100    1.3426    4.3997    8.0955    5.3502   10.2380    4.2659    0.2450    0.5239    0.0001   -2.2600    0.5000
   48.0000    0.5100    0.4950    0.0150    1.3524    4.3701    8.0961    5.2264   10.3020    4.2624    0.2450    0.5205    0.0001   -2.2600    0.5000
   48.0000    0.5150    0.4950    0.0200    1.3630    4.3452    8.0974    5.1202   10.3572    4.2589    0.2450    0.5104    0.0001   -2.2600    0.5000
   48.0000    0.5200    0.4950    0.0250    1.3705    4.3237    8.0976    5.0313   10.4038    4.2563    0.2450    0.5108    0.0001   -2.2600    0.5000
   48.0000    0.5300    0.4950    0.0350    1.3891    4.2860    8.0995    4.8701   10.4886    4.2509    0.2450    0.4957    0.0001   -2.2600    0.5000
   48.0000    0.5400    0.4950    0.0450    1.4038    4.2563    8.1002    4.7449   10.5552    4.2467    0.2450    0.4926    0.0001   -2.2600    0.5000
   48.0000    0.5600    0.4950    0.0650    1.4363    4.2025    8.1024    4.5127   10.6792    4.2393    0.2450    0.4770    0.0001   -2.2600    0.5000
   48.0000    0.5800    0.4950    0.0850    1.4708    4.1568    8.1046    4.3105   10.7880    4.2330    0.2450    0.4619    0.0001   -2.2600    0.5000
   48.0000    0.6000    0.4950    0.1050    1.5072    4.1158    8.1058    4.1252   10.8879    4.2275    0.2450    0.4556    0.0001   -2.2600    0.5000
   48.0000    0.6400    0.4950    0.1450    1.5861    4.0358    8.1078    3.7541   11.0875    4.2189    0.2450    0.4454    0.0001   -2.2600    0.5000
   48.0000    0.7200    0.4950    0.2250    1.6982    3.8976    8.1093    3.1405   11.4199    4.2071    0.2450    0.4429    0.0001   -2.2600    0.5000
   48.0000    0.7800    0.4950    0.2850    1.7554    3.8173    8.1102    2.7968   11.6092    4.2012    0.2450    0.4445    0.0001   -2.2600    0.5000
#   age       Mtot      Mc        Menv      logL      logT      logTc     logg      logR      logrhoc   Y         Yc        Z         FeH       OFe       
   49.0000    0.4980    0.4950    0.0030    1.3290    4.4610    8.0949    5.6032   10.1085    4.2715    0.2450    0.5212    0.0001   -2.2600    0.5000
   49.0000    0.5000    0.4950    0.0050    1.3325    4.4389    8.0949    5.5129   10.1545    4.2699    0.2450    0.5246    0.0001   -2.2600    0.5000
   49.0000    0.5050    0.4950    0.0100    1.3448    4.3995    8.0962    5.3473   10.2394    4.2655    0.2450    0.5159    0.0001   -2.2600    0.5000
   49.0000    0.5100    0.4950    0.0150    1.3546    4.3699    8.0968    5.2232   10.3036    4.2620    0.2450    0.5122    0.0001   -2.2600    0.5000
   49.0000    0.5150    0.4950    0.0200    1.3654    4.3449    8.0981    5.1166   10.3591    4.2585    0.2450    0.5016    0.0001   -2.2600    0.5000
   49.0000    0.5200    0.4950    0.0250    1.3728    4.3233    8.0982    5.0276   10.4057    4.2558    0.2450    0.5024    0.0001   -2.2600    0.5000
   49.0000    0.5300    0.4950    0.0350    1.3916    4.2854    8.1003    4.8656   10.4909    4.2506    0.2450    0.4864    0.0001   -2.2600    0.5000
   49.0000    0.5400    0.4950    0.0450    1.4061    4.2557    8.1010    4.7402   10.5576    4.2465    0.2450    0.4836    0.0001   -2.2600    0.5000
   49.0000    0.5600    0.4950    0.0650    1.4385    4.2017    8.1032    4.5075   10.6818    4.2391    0.2450    0.4678    0.0001   -2.2600    0.5000
   49.0000    0.5800    0.4950    0.0850    1.4727    4.1559    8.1054    4.3051   10.7907    4.2327    0.2450    0.4522    0.0001   -2.2600    0.5000
   49.0000    0.6000    0.4950    0.1050    1.5089    4.1149    8.1067    4.1200   10.8905    4.2274    0.2450    0.4457    0.0001   -2.2600    0.5000
   49.0000    0.6400    0.4950    0.1450    1.5871    4.0351    8.1088    3.7504   11.0894    4.2188    0.2450    0.4350    0.0001   -2.2600    0.5000
   49.0000    0.7200    0.4950    0.2250    1.6986    3.8978    8.1104    3.1409   11.4197    4.2067    0.2450    0.4328    0.0001   -2.2600    0.5000
   49.0000    0.7800    0.4950    0.2850    1.7555    3.8184    8.1113    2.8011   11.6070    4.2007    0.2450    0.4330    0.0001   -2.2600    0.5000
#   age       Mtot      Mc        Menv      logL      logT      logTc     logg      logR      logrhoc   Y         Yc        Z         FeH       OFe       
   50.0000    0.4980    0.4950    0.0030    1.3311    4.4610    8.0955    5.6010   10.1096    4.2711    0.2450    0.5136    0.0001   -2.2600    0.5000
   50.0000    0.5000    0.4950    0.0050    1.3347    4.4388    8.0956    5.5104   10.1557    4.2694    0.2450    0.5168    0.0001   -2.2600    0.5000
   50.0000    0.5050    0.4950    0.0100    1.3470    4.3994    8.0968    5.3445   10.2408    4.2651    0.2450    0.5079    0.0001   -2.2600    0.5000
   50.0000    0.5100    0.4950    0.0150    1.3568    4.3696    8.0974    5.2201   10.3052    4.2616    0.2450    0.5039    0.0001   -2.2600    0.5000
   50.0000    0.5150    0.4950    0.0200    1.3678    4.3445    8.0988    5.1129   10.3609    4.2582    0.2450    0.4928    0.0001   -2.2600    0.5000
   50.0000    0.5200    0.4950    0.0250    1.3752    4.3229    8.0990    5.0236   10.4077    4.2555    0.2450    0.4935    0.0001   -2.2600    0.5000
   50.0000    0.5300    0.4950    0.0350    1.3940    4.2849    8.1011    4.8610   10.4932    4.2504    0.2450    0.4771    0.0001   -2.2600    0.5000
   50.0000    0.5400    0.4950    0.0450    1.4083    4.2551    8.1017    4.7355   10.5599    4.2463    0.2450    0.4747    0.0001   -2.2600    0.5000
   50.0000    0.5600    0.4950    0.0650    1.4406    4.2009    8.1040    4.5023   10.6844    4.2389    0.2450    0.4587    0.0001   -2.2600    0.5000
   50.0000    0.5800    0.4950    0.0850    1.4747    4.1550    8.1063    4.2993   10.7936    4.2327    0.2450    0.4424    0.0001   -2.2600    0.5000
   50.0000    0.6000    0.4950    0.1050    1.5107    4.1139    8.1077    4.1142   10.8934    4.2275    0.2450    0.4353    0.0001   -2.2600    0.5000
   50.0000    0.6400    0.4950    0.1450    1.5882    4.0345    8.1098    3.7467   11.0912    4.2186    0.2450    0.4246    0.0001   -2.2600    0.5000
   50.0000    0.7200    0.4950    0.2250    1.6990    3.8980    8.1115    3.1412   11.4196    4.2064    0.2450    0.4227    0.0001   -2.2600    0.5000
   50.0000    0.7800    0.4950    0.2850    1.7556    3.8195    8.1125    2.8054   11.6048    4.2002    0.2450    0.4215    0.0001   -2.2600    0.5000
#   age       Mtot      Mc        Menv      logL      logT      logTc     logg      logR      logrhoc   Y         Yc        Z         FeH       OFe       
   51.0000    0.4980    0.4950    0.0030    1.3332    4.4610    8.0961    5.5987   10.1107    4.2706    0.2450    0.5060    0.0001   -2.2600    0.5000
   51.0000    0.5000    0.4950    0.0050    1.3368    4.4388    8.0962    5.5080   10.1569    4.2690    0.2450    0.5089    0.0001   -2.2600    0.5000
   51.0000    0.5050    0.4950    0.0100    1.3492    4.3992    8.0974    5.3417   10.2422    4.2647    0.2450    0.4999    0.0001   -2.2600    0.5000
   51.0000    0.5100    0.4950    0.0150    1.3591    4.3694    8.0981    5.2168   10.3068    4.2613    0.2450    0.4954    0.0001   -2.2600    0.5000
   51.0000    0.5150    0.4950    0.0200    1.3702    4.3442    8.0996    5.1092   10.3628    4.2580    0.2450    0.4839    0.0001   -2.2600    0.5000
   51.0000    0.5200    0.4950    0.0250    1.3777    4.3225    8.0997    5.0195   10.4097    4.2553    0.2450    0.4844    0.0001   -2.2600    0.5000
   51.0000    0.5300    0.4950    0.0350    1.3965    4.2844    8.1019    4.8564   10.4955    4.2502    0.2450    0.4679    0.0001   -2.2600    0.5000
   51.0000    0.5400    0.4950    0.0450    1.4106    4.2545    8.1025    4.7308   10.5623    4.2461    0.2450    0.4658    0.0001   -2.2600    0.5000
   51.0000    0.5600    0.4950    0.0650    1.4427    4.2002    8.1047    4.4970   10.6871    4.2387    0.2450    0.4495    0.0001   -2.2600    0.5000
   51.0000    0.5800    0.4950    0.0850    1.4769    4.1540    8.1072    4.2934   10.7965    4.2328    0.2450    0.4325    0.0001   -2.2600    0.5000
   51.0000    0.6000    0.4950    0.1050    1.5125    4.1129    8.1086    4.1085   10.8963    4.2275    0.2450    0.4249    0.0001   -2.2600    0.5000
   51.0000    0.6400    0.4950    0.1450    1.5892    4.0338    8.1108    3.7430   11.0931    4.2185    0.2450    0.4142    0.0001   -2.2600    0.5000
   51.0000    0.7200    0.4950    0.2250    1.6995    3.8982    8.1125    3.1415   11.4194    4.2060    0.2450    0.4125    0.0001   -2.2600    0.5000
   51.0000    0.7800    0.4950    0.2850    1.7557    3.8206    8.1137    2.8097   11.6026    4.1997    0.2450    0.4100    0.0001   -2.2600    0.5000
#   age       Mtot      Mc        Menv      logL      logT      logTc     logg      logR      logrhoc   Y         Yc        Z         FeH       OFe       
   52.0000    0.4980    0.4950    0.0030    1.3353    4.4610    8.0968    5.5965   10.1118    4.2702    0.2450    0.4983    0.0001   -2.2600    0.5000
   52.0000    0.5000    0.4950    0.0050    1.3390    4.4387    8.0968    5.5055   10.1581    4.2686    0.2450    0.5011    0.0001   -2.2600    0.5000
   52.0000    0.5050    0.4950    0.0100    1.3516    4.3990    8.0981    5.3387   10.2437    4.2644    0.2450    0.4914    0.0001   -2.2600    0.5000
   52.0000    0.5100    0.4950    0.0150    1.3615    4.3691    8.0988    5.2135   10.3084    4.2610    0.2450    0.4869    0.0001   -2.2600    0.5000
   52.0000    0.5150    0.4950    0.0200    1.3727    4.3439    8.1003    5.1055   10.3646    4.2577    0.2450    0.4751    0.0001   -2.2600    0.5000
   52.0000    0.5200    0.4950    0.0250    1.3802    4.3222    8.1005    5.0154   10.4117    4.2551    0.2450    0.4754    0.0001   -2.2600    0.5000
   52.0000    0.5300    0.4950    0.0350    1.3989    4.2839    8.1027    4.8518   10.4978    4.2499    0.2450    0.4586    0.0001   -2.2600    0.5000
   52.0000    0.5400    0.4950    0.0450    1.4129    4.2539    8.1032    4.7261   10.5646    4.2459    0.2450    0.4568    0.0001   -2.2600    0.5000
   52.0000    0.5600    0.4950    0.0650    1.4451    4.1993    8.1057    4.4913   10.6899    4.2388    0.2450    0.4398    0.0001   -2.2600    0.5000
   52.0000    0.5800    0.4950    0.0850    1.4790    4.1531    8.1081    4.2875   10.7995    4.2329    0.2450    0.4226    0.0001   -2.2600    0.5000
   52.0000    0.6000    0.4950    0.1050    1.5143    4.1120    8.1096    4.1027   10.8992    4.2275    0.2450    0.4145    0.0001   -2.2600    0.5000
   52.0000    0.6400    0.4950    0.1450    1.5903    4.0331    8.1117    3.7393   11.0949    4.2184    0.2450    0.4038    0.0001   -2.2600    0.5000
   52.0000    0.7200    0.4950    0.2250    1.6999    3.8984    8.1136    3.1418   11.4192    4.2057    0.2450    0.4024    0.0001   -2.2600    0.5000
   52.0000    0.7800    0.4950    0.2850    1.7559    3.8216    8.1149    2.8134   11.6008    4.1992    0.2450    0.3986    0.0001   -2.2600    0.5000
#   age       Mtot      Mc        Menv      logL      logT      logTc     logg      logR      logrhoc   Y         Yc        Z         FeH       OFe       
   53.0000    0.4980    0.4950    0.0030    1.3376    4.4610    8.0974    5.5942   10.1130    4.2700    0.2450    0.4903    0.0001   -2.2600    0.5000
   53.0000    0.5000    0.4950    0.0050    1.3413    4.4387    8.0975    5.5030   10.1594    4.2683    0.2450    0.4929    0.0001   -2.2600    0.5000
   53.0000    0.5050    0.4950    0.0100    1.3539    4.3989    8.0988    5.3358   10.2452    4.2642    0.2450    0.4830    0.0001   -2.2600    0.5000
   53.0000    0.5100    0.4950    0.0150    1.3639    4.3689    8.0996    5.2102   10.3101    4.2608    0.2450    0.4784    0.0001   -2.2600    0.5000
   53.0000    0.5150    0.4950    0.0200    1.3751    4.3436    8.1011    5.1018   10.3665    4.2575    0.2450    0.4662    0.0001   -2.2600    0.5000
   53.0000    0.5200    0.4950    0.0250    1.3826    4.3218    8.1013    5.0113   10.4138    4.2548    0.2450    0.4663    0.0001   -2.2600    0.5000
   53.0000    0.5300    0.4950    0.0350    1.4014    4.2834    8.1035    4.8472   10.5001    4.2497    0.2450    0.4493    0.0001   -2.2600    0.5000
   53.0000    0.5400    0.4950    0.0450    1.4152    4.2533    8.1040    4.7213   10.5670    4.2457    0.2450    0.4477    0.0001   -2.2600    0.5000
   53.0000    0.5600    0.4950    0.0650    1.4474    4.1985    8.1066    4.4856   10.6927    4.2388    0.2450    0.4302    0.0001   -2.2600    0.5000
   53.0000    0.5800    0.4950    0.0850    1.4811    4.1521    8.1090    4.2816   10.8024    4.2329    0.2450    0.4127    0.0001   -2.2600    0.5000
   53.0000    0.6000    0.4950    0.1050    1.5162    4.1110    8.1105    4.0970   10.9021    4.2276    0.2450    0.4041    0.0001   -2.2600    0.5000
   53.0000    0.6400    0.4950    0.1450    1.5916    4.0323    8.1129    3.7348   11.0972    4.2186    0.2450    0.3930    0.0001   -2.2600    0.5000
   53.0000    0.7200    0.4950    0.2250    1.7006    3.8982    8.1148    3.1404   11.4199    4.2057    0.2450    0.3910    0.0001   -2.2600    0.5000
   53.0000    0.7800    0.4950    0.2850    1.7566    3.8215    8.1161    2.8125   11.6012    4.1992    0.2450    0.3871    0.0001   -2.2600    0.5000
#   age       Mtot      Mc        Menv      logL      logT      logTc     logg      logR      logrhoc   Y         Yc        Z         FeH       OFe       
   54.0000    0.4980    0.4950    0.0030    1.3399    4.4610    8.0981    5.5919   10.1141    4.2697    0.2450    0.4823    0.0001   -2.2600    0.5000
   54.0000    0.5000    0.4950    0.0050    1.3437    4.4386    8.0982    5.5005   10.1607    4.2680    0.2450    0.4846    0.0001   -2.2600    0.5000
   54.0000    0.5050    0.4950    0.0100    1.3563    4.3987    8.0995    5.3329   10.2466    4.2639    0.2450    0.4745    0.0001   -2.2600    0.5000
   54.0000    0.5100    0.4950    0.0150    1.3663    4.3687    8.1003    5.2068   10.3118    4.2605    0.2450    0.4698    0.0001   -2.2600    0.5000
   54.0000    0.5150    0.4950    0.0200    1.3776    4.3433    8.1019    5.0981   10.3684    4.2572    0.2450    0.4573    0.0001   -2.2600    0.5000
   54.0000    0.5200    0.4950    0.0250    1.3851    4.3214    8.1021    5.0073   10.4158    4.2546    0.2450    0.4572    0.0001   -2.2600    0.5000
   54.0000    0.5300    0.4950    0.0350    1.4040    4.2828    8.1044    4.8424   10.5025    4.2497    0.2450    0.4397    0.0001   -2.2600    0.5000
   54.0000    0.5400    0.4950    0.0450    1.4176    4.2527    8.1049    4.7164   10.5695    4.2458    0.2450    0.4382    0.0001   -2.2600    0.5000
   54.0000    0.5600    0.4950    0.0650    1.4498    4.1976    8.1075    4.4799   10.6956    4.2389    0.2450    0.4205    0.0001   -2.2600    0.5000
   54.0000    0.5800    0.4950    0.0850    1.4832    4.1512    8.1099    4.2756   10.8054    4.2330    0.2450    0.4028    0.0001   -2.2600    0.5000
   54.0000    0.6000    0.4950    0.1050    1.5182    4.1100    8.1116    4.0908   10.9051    4.2278    0.2450    0.3937    0.0001   -2.2600    0.5000
   54.0000    0.6400    0.4950    0.1450    1.5930    4.0314    8.1140    3.7297   11.0997    4.2190    0.2450    0.3821    0.0001   -2.2600    0.5000
   54.0000    0.7200    0.4950    0.2250    1.7014    3.8979    8.1160    3.1385   11.4209    4.2058    0.2450    0.3792    0.0001   -2.2600    0.5000
   54.0000    0.7800    0.4950    0.2850    1.7574    3.8215    8.1173    2.8116   11.6017    4.1992    0.2450    0.3757    0.0001   -2.2600    0.5000
#   age       Mtot      Mc        Menv      logL      logT      logTc     logg      logR      logrhoc   Y         Yc        Z         FeH       OFe       
   55.0000    0.4980    0.4950    0.0030    1.3423    4.4610    8.0988    5.5896   10.1153    4.2695    0.2450    0.4743    0.0001   -2.2600    0.5000
   55.0000    0.5000    0.4950    0.0050    1.3460    4.4386    8.0989    5.4980   10.1619    4.2677    0.2450    0.4763    0.0001   -2.2600    0.5000
   55.0000    0.5050    0.4950    0.0100    1.3586    4.3986    8.1003    5.3299   10.2481    4.2637    0.2450    0.4660    0.0001   -2.2600    0.5000
   55.0000    0.5100    0.4950    0.0150    1.3686    4.3684    8.1010    5.2035   10.3134    4.2602    0.2450    0.4613    0.0001   -2.2600    0.5000
   55.0000    0.5150    0.4950    0.0200    1.3801    4.3429    8.1027    5.0943   10.3702    4.2570    0.2450    0.4484    0.0001   -2.2600    0.5000
   55.0000    0.5200    0.4950    0.0250    1.3876    4.3210    8.1029    5.0032   10.4178    4.2544    0.2450    0.4481    0.0001   -2.2600    0.5000
   55.0000    0.5300    0.4950    0.0350    1.4067    4.2823    8.1052    4.8375   10.5049    4.2497    0.2450    0.4300    0.0001   -2.2600    0.5000
   55.0000    0.5400    0.4950    0.0450    1.4201    4.2521    8.1058    4.7115   10.5719    4.2458    0.2450    0.4288    0.0001   -2.2600    0.5000
   55.0000    0.5600    0.4950    0.0650    1.4521    4.1968    8.1085    4.4742   10.6984    4.2389    0.2450    0.4109    0.0001   -2.2600    0.5000
   55.0000    0.5800    0.4950    0.0850    1.4855    4.1501    8.1110    4.2693   10.8085    4.2333    0.2450    0.3925    0.0001   -2.2600    0.5000
   55.0000    0.6000    0.4950    0.1050    1.5202    4.1089    8.1127    4.0844   10.9083    4.2282    0.2450    0.3833    0.0001   -2.2600    0.5000
   55.0000    0.6400    0.4950    0.1450    1.5944    4.0305    8.1152    3.7247   11.1022    4.2193    0.2450    0.3711    0.0001   -2.2600    0.5000
   55.0000    0.7200    0.4950    0.2250    1.7022    3.8976    8.1172    3.1365   11.4219    4.2060    0.2450    0.3674    0.0001   -2.2600    0.5000
   55.0000    0.7800    0.4950    0.2850    1.7582    3.8215    8.1186    2.8107   11.6021    4.1993    0.2450    0.3643    0.0001   -2.2600    0.5000
#   age       Mtot      Mc        Menv      logL      logT      logTc     logg      logR      logrhoc   Y         Yc        Z         FeH       OFe       
   56.0000    0.4980    0.4950    0.0030    1.3446    4.4610    8.0995    5.5873   10.1164    4.2692    0.2450    0.4663    0.0001   -2.2600    0.5000
   56.0000    0.5000    0.4950    0.0050    1.3484    4.4385    8.0996    5.4954   10.1632    4.2675    0.2450    0.4681    0.0001   -2.2600    0.5000
   56.0000    0.5050    0.4950    0.0100    1.3610    4.3984    8.1010    5.3270   10.2496    4.2634    0.2450    0.4576    0.0001   -2.2600    0.5000
   56.0000    0.5100    0.4950    0.0150    1.3710    4.3682    8.1018    5.2002   10.3151    4.2600    0.2450    0.4527    0.0001   -2.2600    0.5000
   56.0000    0.5150    0.4950    0.0200    1.3827    4.3426    8.1035    5.0904   10.3722    4.2570    0.2450    0.4390    0.0001   -2.2600    0.5000
   56.0000    0.5200    0.4950    0.0250    1.3902    4.3206    8.1038    4.9990   10.4199    4.2544    0.2450    0.4389    0.0001   -2.2600    0.5000
   56.0000    0.5300    0.4950    0.0350    1.4093    4.2817    8.1061    4.8327   10.5073    4.2498    0.2450    0.4203    0.0001   -2.2600    0.5000
   56.0000    0.5400    0.4950    0.0450    1.4225    4.2515    8.1067    4.7065   10.5744    4.2459    0.2450    0.4193    0.0001   -2.2600    0.5000
   56.0000    0.5600    0.4950    0.0650    1.4545    4.1959    8.1094    4.4685   10.7012    4.2390    0.2450    0.4013    0.0001   -2.2600    0.5000
   56.0000    0.5800    0.4950    0.0850    1.4879    4.1491    8.1121    4.2629   10.8118    4.2337    0.2450    0.3821    0.0001   -2.2600    0.5000
   56.0000    0.6000    0.4950    0.1050    1.5223    4.1078    8.1138    4.0781   10.9115    4.2286    0.2450    0.3729    0.0001   -2.2600    0.5000
   56.0000    0.6400    0.4950    0.1450    1.5958    4.0296    8.1164    3.7196   11.1048    4.2197    0.2450    0.3601    0.0001   -2.2600    0.5000
   56.0000    0.7200    0.4950    0.2250    1.7029    3.8973    8.1183    3.1346   11.4228    4.2061    0.2450    0.3555    0.0001   -2.2600    0.5000
   56.0000    0.7800    0.4950    0.2850    1.7589    3.8214    8.1198    2.8098   11.6026    4.1993    0.2450    0.3529    0.0001   -2.2600    0.5000
#   age       Mtot      Mc        Menv      logL      logT      logTc     logg      logR      logrhoc   Y         Yc        Z         FeH       OFe       
   57.0000    0.4980    0.4950    0.0030    1.3469    4.4610    8.1002    5.5851   10.1175    4.2690    0.2450    0.4583    0.0001   -2.2600    0.5000
   57.0000    0.5000    0.4950    0.0050    1.3507    4.4385    8.1003    5.4929   10.1645    4.2672    0.2450    0.4598    0.0001   -2.2600    0.5000
   57.0000    0.5050    0.4950    0.0100    1.3634    4.3983    8.1017    5.3241   10.2511    4.2632    0.2450    0.4491    0.0001   -2.2600    0.5000
   57.0000    0.5100    0.4950    0.0150    1.3735    4.3680    8.1026    5.1968   10.3167    4.2599    0.2450    0.4441    0.0001   -2.2600    0.5000
   57.0000    0.5150    0.4950    0.0200    1.3854    4.3424    8.1044    5.0866   10.3741    4.2570    0.2450    0.4297    0.0001   -2.2600    0.5000
   57.0000    0.5200    0.4950    0.0250    1.3929    4.3202    8.1046    4.9949   10.4220    4.2544    0.2450    0.4297    0.0001   -2.2600    0.5000
   57.0000    0.5300    0.4950    0.0350    1.4120    4.2812    8.1070    4.8279   10.5097    4.2498    0.2450    0.4107    0.0001   -2.2600    0.5000
   57.0000    0.5400    0.4950    0.0450    1.4250    4.2508    8.1076    4.7016   10.5769    4.2459    0.2450    0.4098    0.0001   -2.2600    0.5000
   57.0000    0.5600    0.4950    0.0650    1.4570    4.1951    8.1104    4.4626   10.7042    4.2393    0.2450    0.3912    0.0001   -2.2600    0.5000
   57.0000    0.5800    0.4950    0.0850    1.4902    4.1481    8.1131    4.2564   10.8150    4.2341    0.2450    0.3716    0.0001   -2.2600    0.5000
   57.0000    0.6000    0.4950    0.1050    1.5244    4.1068    8.1149    4.0717   10.9147    4.2290    0.2450    0.3625    0.0001   -2.2600    0.5000
   57.0000    0.6400    0.4950    0.1450    1.5972    4.0286    8.1176    3.7144   11.1073    4.2201    0.2450    0.3491    0.0001   -2.2600    0.5000
   57.0000    0.7200    0.4950    0.2250    1.7039    3.8967    8.1197    3.1313   11.4245    4.2066    0.2450    0.3438    0.0001   -2.2600    0.5000
   57.0000    0.7800    0.4950    0.2850    1.7598    3.8211    8.1212    2.8074   11.6038    4.1998    0.2450    0.3412    0.0001   -2.2600    0.5000
#   age       Mtot      Mc        Menv      logL      logT      logTc     logg      logR      logrhoc   Y         Yc        Z         FeH       OFe       
   58.0000    0.4980    0.4950    0.0030    1.3492    4.4610    8.1009    5.5828   10.1187    4.2687    0.2450    0.4503    0.0001   -2.2600    0.5000
   58.0000    0.5000    0.4950    0.0050    1.3531    4.4384    8.1010    5.4904   10.1658    4.2669    0.2450    0.4516    0.0001   -2.2600    0.5000
   58.0000    0.5050    0.4950    0.0100    1.3659    4.3982    8.1025    5.3211   10.2526    4.2632    0.2450    0.4406    0.0001   -2.2600    0.5000
   58.0000    0.5100    0.4950    0.0150    1.3760    4.3678    8.1034    5.1935   10.3184    4.2599    0.2450    0.4354    0.0001   -2.2600    0.5000
   58.0000    0.5150    0.4950    0.0200    1.3881    4.3421    8.1052    5.0827   10.3761    4.2570    0.2450    0.4204    0.0001   -2.2600    0.5000
   58.0000    0.5200    0.4950    0.0250    1.3955    4.3199    8.1055    4.9907   10.4241    4.2544    0.2450    0.4205    0.0001   -2.2600    0.5000
   58.0000    0.5300    0.4950    0.0350    1.4146    4.2807    8.1079    4.8231   10.5120    4.2498    0.2450    0.4010    0.0001   -2.2600    0.5000
   58.0000    0.5400    0.4950    0.0450    1.4274    4.2502    8.1085    4.6967   10.5793    4.2460    0.2450    0.4003    0.0001   -2.2600    0.5000
   58.0000    0.5600    0.4950    0.0650    1.4596    4.1942    8.1114    4.4566   10.7072    4.2397    0.2450    0.3811    0.0001   -2.2600    0.5000
   58.0000    0.5800    0.4950    0.0850    1.4926    4.1470    8.1142    4.2500   10.8182    4.2346    0.2450    0.3612    0.0001   -2.2600    0.5000
   58.0000    0.6000    0.4950    0.1050    1.5265    4.1057    8.1160    4.0653   10.9179    4.2294    0.2450    0.3521    0.0001   -2.2600    0.5000
   58.0000    0.6400    0.4950    0.1450    1.5990    4.0275    8.1190    3.7081   11.1105    4.2210    0.2450    0.3377    0.0001   -2.2600    0.5000
   58.0000    0.7200    0.4950    0.2250    1.7051    3.8959    8.1212    3.1266   11.4268    4.2074    0.2450    0.3321    0.0001   -2.2600    0.5000
   58.0000    0.7800    0.4950    0.2850    1.7608    3.8206    8.1227    2.8046   11.6052    4.2004    0.2450    0.3293    0.0001   -2.2600    0.5000
#   age       Mtot      Mc        Menv      logL      logT      logTc     logg      logR      logrhoc   Y         Yc        Z         FeH       OFe       
   59.0000    0.4980    0.4950    0.0030    1.3517    4.4610    8.1017    5.5805   10.1198    4.2687    0.2450    0.4417    0.0001   -2.2600    0.5000
   59.0000    0.5000    0.4950    0.0050    1.3555    4.4384    8.1018    5.4879   10.1670    4.2669    0.2450    0.4432    0.0001   -2.2600    0.5000
   59.0000    0.5050    0.4950    0.0100    1.3684    4.3981    8.1033    5.3180   10.2541    4.2631    0.2450    0.4320    0.0001   -2.2600    0.5000
   59.0000    0.5100    0.4950    0.0150    1.3786    4.3676    8.1042    5.1902   10.3201    4.2599    0.2450    0.4267    0.0001   -2.2600    0.5000
   59.0000    0.5150    0.4950    0.0200    1.3907    4.3418    8.1061    5.0788   10.3780    4.2570    0.2450    0.4111    0.0001   -2.2600    0.5000
   59.0000    0.5200    0.4950    0.0250    1.3981    4.3195    8.1064    4.9866   10.4262    4.2544    0.2450    0.4113    0.0001   -2.2600    0.5000
   59.0000    0.5300    0.4950    0.0350    1.4175    4.2801    8.1089    4.8181   10.5145    4.2501    0.2450    0.3908    0.0001   -2.2600    0.5000
   59.0000    0.5400    0.4950    0.0450    1.4301    4.2496    8.1095    4.6914   10.5819    4.2463    0.2450    0.3908    0.0001   -2.2600    0.5000
   59.0000    0.5600    0.4950    0.0650    1.4621    4.1934    8.1124    4.4506   10.7103    4.2401    0.2450    0.3709    0.0001   -2.2600    0.5000
   59.0000    0.5800    0.4950    0.0850    1.4949    4.1460    8.1153    4.2435   10.8215    4.2350    0.2450    0.3508    0.0001   -2.2600    0.5000
   59.0000    0.6000    0.4950    0.1050    1.5288    4.1045    8.1173    4.0582   10.9214    4.2303    0.2450    0.3411    0.0001   -2.2600    0.5000
   59.0000    0.6400    0.4950    0.1450    1.6009    4.0264    8.1203    3.7018   11.1136    4.2219    0.2450    0.3262    0.0001   -2.2600    0.5000
   59.0000    0.7200    0.4950    0.2250    1.7063    3.8950    8.1228    3.1220   11.4292    4.2082    0.2450    0.3204    0.0001   -2.2600    0.5000
   59.0000    0.7800    0.4950    0.2850    1.7618    3.8202    8.1243    2.8017   11.6067    4.2011    0.2450    0.3175    0.0001   -2.2600    0.5000
#   age       Mtot      Mc        Menv      logL      logT      logTc     logg      logR      logrhoc   Y         Yc        Z         FeH       OFe       
   60.0000    0.4980    0.4950    0.0030    1.3542    4.4611    8.1025    5.5781   10.1210    4.2686    0.2450    0.4331    0.0001   -2.2600    0.5000
   60.0000    0.5000    0.4950    0.0050    1.3580    4.4384    8.1026    5.4854   10.1683    4.2669    0.2450    0.4347    0.0001   -2.2600    0.5000
   60.0000    0.5050    0.4950    0.0100    1.3710    4.3980    8.1041    5.3150   10.2556    4.2631    0.2450    0.4235    0.0001   -2.2600    0.5000
   60.0000    0.5100    0.4950    0.0150    1.3811    4.3674    8.1050    5.1868   10.3217    4.2598    0.2450    0.4180    0.0001   -2.2600    0.5000
   60.0000    0.5150    0.4950    0.0200    1.3934    4.3415    8.1069    5.0749   10.3799    4.2570    0.2450    0.4018    0.0001   -2.2600    0.5000
   60.0000    0.5200    0.4950    0.0250    1.4007    4.3191    8.1073    4.9824   10.4283    4.2544    0.2450    0.4021    0.0001   -2.2600    0.5000
   60.0000    0.5300    0.4950    0.0350    1.4203    4.2796    8.1100    4.8132   10.5170    4.2505    0.2450    0.3806    0.0001   -2.2600    0.5000
   60.0000    0.5400    0.4950    0.0450    1.4328    4.2489    8.1105    4.6861   10.5846    4.2467    0.2450    0.3813    0.0001   -2.2600    0.5000
   60.0000    0.5600    0.4950    0.0650    1.4647    4.1925    8.1134    4.4446   10.7133    4.2405    0.2450    0.3608    0.0001   -2.2600    0.5000
   60.0000    0.5800    0.4950    0.0850    1.4975    4.1449    8.1166    4.2365   10.8249    4.2359    0.2450    0.3401    0.0001   -2.2600    0.5000
   60.0000    0.6000    0.4950    0.1050    1.5313    4.1033    8.1186    4.0509   10.9251    4.2313    0.2450    0.3301    0.0001   -2.2600    0.5000
   60.0000    0.6400    0.4950    0.1450    1.6027    4.0252    8.1217    3.6955   11.1167    4.2227    0.2450    0.3148    0.0001   -2.2600    0.5000
   60.0000    0.7200    0.4950    0.2250    1.7074    3.8941    8.1243    3.1174   11.4315    4.2089    0.2450    0.3087    0.0001   -2.2600    0.5000
   60.0000    0.7800    0.4950    0.2850    1.7627    3.8197    8.1258    2.7988   11.6081    4.2017    0.2450    0.3057    0.0001   -2.2600    0.5000
#   age       Mtot      Mc        Menv      logL      logT      logTc     logg      logR      logrhoc   Y         Yc        Z         FeH       OFe       
   61.0000    0.4980    0.4950    0.0030    1.3566    4.4611    8.1033    5.5758   10.1222    4.2685    0.2450    0.4245    0.0001   -2.2600    0.5000
   61.0000    0.5000    0.4950    0.0050    1.3605    4.4384    8.1034    5.4828   10.1695    4.2669    0.2450    0.4263    0.0001   -2.2600    0.5000
   61.0000    0.5050    0.4950    0.0100    1.3735    4.3979    8.1050    5.3120   10.2571    4.2631    0.2450    0.4150    0.0001   -2.2600    0.5000
   61.0000    0.5100    0.4950    0.0150    1.3836    4.3672    8.1058    5.1835   10.3234    4.2598    0.2450    0.4093    0.0001   -2.2600    0.5000
   61.0000    0.5150    0.4950    0.0200    1.3962    4.3412    8.1079    5.0710   10.3819    4.2573    0.2450    0.3920    0.0001   -2.2600    0.5000
   61.0000    0.5200    0.4950    0.0250    1.4035    4.3187    8.1083    4.9781   10.4305    4.2547    0.2450    0.3923    0.0001   -2.2600    0.5000
   61.0000    0.5300    0.4950    0.0350    1.4232    4.2791    8.1110    4.8082   10.5195    4.2509    0.2450    0.3703    0.0001   -2.2600    0.5000
   61.0000    0.5400    0.4950    0.0450    1.4354    4.2483    8.1115    4.6809   10.5872    4.2470    0.2450    0.3718    0.0001   -2.2600    0.5000
   61.0000    0.5600    0.4950    0.0650    1.4672    4.1917    8.1144    4.4386   10.7163    4.2409    0.2450    0.3507    0.0001   -2.2600    0.5000
   61.0000    0.5800    0.4950    0.0850    1.5002    4.1438    8.1178    4.2295   10.8285    4.2368    0.2450    0.3293    0.0001   -2.2600    0.5000
   61.0000    0.6000    0.4950    0.1050    1.5337    4.1021    8.1199    4.0436   10.9287    4.2322    0.2450    0.3190    0.0001   -2.2600    0.5000
   61.0000    0.6400    0.4950    0.1450    1.6045    4.0241    8.1230    3.6892   11.1199    4.2236    0.2450    0.3033    0.0001   -2.2600    0.5000
   61.0000    0.7200    0.4950    0.2250    1.7088    3.8931    8.1259    3.1119   11.4342    4.2099    0.2450    0.2967    0.0001   -2.2600    0.5000
   61.0000    0.7800    0.4950    0.2850    1.7639    3.8190    8.1274    2.7946   11.6102    4.2028    0.2450    0.2933    0.0001   -2.2600    0.5000
#   age       Mtot      Mc        Menv      logL      logT      logTc     logg      logR      logrhoc   Y         Yc        Z         FeH       OFe       
   62.0000    0.4980    0.4950    0.0030    1.3591    4.4611    8.1041    5.5735   10.1233    4.2685    0.2450    0.4160    0.0001   -2.2600    0.5000
   62.0000    0.5000    0.4950    0.0050    1.3629    4.4383    8.1042    5.4803   10.1708    4.2668    0.2450    0.4179    0.0001   -2.2600    0.5000
   62.0000    0.5050    0.4950    0.0100    1.3761    4.3978    8.1058    5.3090   10.2586    4.2630    0.2450    0.4065    0.0001   -2.2600    0.5000
   62.0000    0.5100    0.4950    0.0150    1.3861    4.3670    8.1066    5.1801   10.3251    4.2598    0.2450    0.4006    0.0001   -2.2600    0.5000
   62.0000    0.5150    0.4950    0.0200    1.3991    4.3409    8.1090    5.0669   10.3839    4.2576    0.2450    0.3822    0.0001   -2.2600    0.5000
   62.0000    0.5200    0.4950    0.0250    1.4064    4.3183    8.1093    4.9738   10.4326    4.2550    0.2450    0.3823    0.0001   -2.2600    0.5000
   62.0000    0.5300    0.4950    0.0350    1.4261    4.2785    8.1121    4.8032   10.5220    4.2512    0.2450    0.3601    0.0001   -2.2600    0.5000
   62.0000    0.5400    0.4950    0.0450    1.4381    4.2476    8.1125    4.6756   10.5898    4.2474    0.2450    0.3623    0.0001   -2.2600    0.5000
   62.0000    0.5600    0.4950    0.0650    1.4700    4.1908    8.1157    4.4324   10.7194    4.2417    0.2450    0.3404    0.0001   -2.2600    0.5000
   62.0000    0.5800    0.4950    0.0850    1.5028    4.1428    8.1191    4.2225   10.8320    4.2377    0.2450    0.3185    0.0001   -2.2600    0.5000
   62.0000    0.6000    0.4950    0.1050    1.5362    4.1009    8.1212    4.0363   10.9324    4.2332    0.2450    0.3079    0.0001   -2.2600    0.5000
   62.0000    0.6400    0.4950    0.1450    1.6067    4.0228    8.1246    3.6816   11.1237    4.2251    0.2450    0.2914    0.0001   -2.2600    0.5000
   62.0000    0.7200    0.4950    0.2250    1.7105    3.8916    8.1277    3.1040   11.4382    4.2115    0.2450    0.2838    0.0001   -2.2600    0.5000
   62.0000    0.7800    0.4950    0.2850    1.7653    3.8180    8.1292    2.7893   11.6128    4.2042    0.2450    0.2804    0.0001   -2.2600    0.5000
#   age       Mtot      Mc        Menv      logL      logT      logTc     logg      logR      logrhoc   Y         Yc        Z         FeH       OFe       
   63.0000    0.4980    0.4950    0.0030    1.3616    4.4612    8.1049    5.5712   10.1245    4.2684    0.2450    0.4074    0.0001   -2.2600    0.5000
   63.0000    0.5000    0.4950    0.0050    1.3654    4.4383    8.1050    5.4778   10.1720    4.2668    0.2450    0.4095    0.0001   -2.2600    0.5000
   63.0000    0.5050    0.4950    0.0100    1.3786    4.3977    8.1066    5.3060   10.2602    4.2631    0.2450    0.3977    0.0001   -2.2600    0.5000
   63.0000    0.5100    0.4950    0.0150    1.3888    4.3668    8.1076    5.1767   10.3268    4.2601    0.2450    0.3914    0.0001   -2.2600    0.5000
   63.0000    0.5150    0.4950    0.0200    1.4020    4.3406    8.1100    5.0629   10.3859    4.2579    0.2450    0.3723    0.0001   -2.2600    0.5000
   63.0000    0.5200    0.4950    0.0250    1.4092    4.3179    8.1103    4.9694   10.4348    4.2553    0.2450    0.3723    0.0001   -2.2600    0.5000
   63.0000    0.5300    0.4950    0.0350    1.4290    4.2780    8.1131    4.7982   10.5245    4.2516    0.2450    0.3498    0.0001   -2.2600    0.5000
   63.0000    0.5400    0.4950    0.0450    1.4408    4.2470    8.1135    4.6704   10.5924    4.2477    0.2450    0.3528    0.0001   -2.2600    0.5000
   63.0000    0.5600    0.4950    0.0650    1.4727    4.1899    8.1169    4.4261   10.7225    4.2426    0.2450    0.3301    0.0001   -2.2600    0.5000
   63.0000    0.5800    0.4950    0.0850    1.5055    4.1417    8.1204    4.2155   10.8355    4.2386    0.2450    0.3078    0.0001   -2.2600    0.5000
   63.0000    0.6000    0.4950    0.1050    1.5387    4.0996    8.1226    4.0288   10.9361    4.2344    0.2450    0.2966    0.0001   -2.2600    0.5000
   63.0000    0.6400    0.4950    0.1450    1.6090    4.0213    8.1262    3.6735   11.1278    4.2267    0.2450    0.2792    0.0001   -2.2600    0.5000
   63.0000    0.7200    0.4950    0.2250    1.7123    3.8900    8.1295    3.0960   11.4421    4.2132    0.2450    0.2709    0.0001   -2.2600    0.5000
   63.0000    0.7800    0.4950    0.2850    1.7666    3.8170    8.1310    2.7840   11.6155    4.2056    0.2450    0.2675    0.0001   -2.2600    0.5000
#   age       Mtot      Mc        Menv      logL      logT      logTc     logg      logR      logrhoc   Y         Yc        Z         FeH       OFe       
   64.0000    0.4980    0.4950    0.0030    1.3641    4.4612    8.1057    5.5689   10.1257    4.2684    0.2450    0.3987    0.0001   -2.2600    0.5000
   64.0000    0.5000    0.4950    0.0050    1.3679    4.4383    8.1058    5.4753   10.1732    4.2668    0.2450    0.4011    0.0001   -2.2600    0.5000
   64.0000    0.5050    0.4950    0.0100    1.3812    4.3976    8.1076    5.3030   10.2616    4.2633    0.2450    0.3884    0.0001   -2.2600    0.5000
   64.0000    0.5100    0.4950    0.0150    1.3916    4.3666    8.1086    5.1732   10.3286    4.2604    0.2450    0.3821    0.0001   -2.2600    0.5000
   64.0000    0.5150    0.4950    0.0200    1.4049    4.3403    8.1110    5.0589   10.3880    4.2583    0.2450    0.3625    0.0001   -2.2600    0.5000
   64.0000    0.5200    0.4950    0.0250    1.4121    4.3176    8.1113    4.9651   10.4369    4.2557    0.2450    0.3624    0.0001   -2.2600    0.5000
   64.0000    0.5300    0.4950    0.0350    1.4321    4.2775    8.1144    4.7930   10.5271    4.2525    0.2450    0.3392    0.0001   -2.2600    0.5000
   64.0000    0.5400    0.4950    0.0450    1.4437    4.2463    8.1147    4.6649   10.5952    4.2484    0.2450    0.3426    0.0001   -2.2600    0.5000
   64.0000    0.5600    0.4950    0.0650    1.4754    4.1891    8.1181    4.4199   10.7256    4.2434    0.2450    0.3198    0.0001   -2.2600    0.5000
   64.0000    0.5800    0.4950    0.0850    1.5083    4.1406    8.1217    4.2083   10.8391    4.2398    0.2450    0.2967    0.0001   -2.2600    0.5000
   64.0000    0.6000    0.4950    0.1050    1.5415    4.0983    8.1242    4.0208   10.9401    4.2360    0.2450    0.2847    0.0001   -2.2600    0.5000
   64.0000    0.6400    0.4950    0.1450    1.6114    4.0199    8.1279    3.6653   11.1319    4.2284    0.2450    0.2669    0.0001   -2.2600    0.5000
   64.0000    0.7200    0.4950    0.2250    1.7141    3.8885    8.1313    3.0881   11.4461    4.2148    0.2450    0.2579    0.0001   -2.2600    0.5000
   64.0000    0.7800    0.4950    0.2850    1.7680    3.8160    8.1328    2.7787   11.6181    4.2071    0.2450    0.2546    0.0001   -2.2600    0.5000
#   age       Mtot      Mc        Menv      logL      logT      logTc     logg      logR      logrhoc   Y         Yc        Z         FeH       OFe       
   65.0000    0.4980    0.4950    0.0030    1.3668    4.4613    8.1067    5.5665   10.1269    4.2687    0.2450    0.3896    0.0001   -2.2600    0.5000
   65.0000    0.5000    0.4950    0.0050    1.3705    4.4383    8.1067    5.4728   10.1745    4.2670    0.2450    0.3922    0.0001   -2.2600    0.5000
   65.0000    0.5050    0.4950    0.0100    1.3839    4.3975    8.1085    5.3001   10.2631    4.2636    0.2450    0.3791    0.0001   -2.2600    0.5000
   65.0000    0.5100    0.4950    0.0150    1.3943    4.3665    8.1096    5.1697   10.3303    4.2607    0.2450    0.3728    0.0001   -2.2600    0.5000
   65.0000    0.5150    0.4950    0.0200    1.4077    4.3400    8.1120    5.0549   10.3900    4.2586    0.2450    0.3526    0.0001   -2.2600    0.5000
   65.0000    0.5200    0.4950    0.0250    1.4149    4.3172    8.1124    4.9607   10.4391    4.2560    0.2450    0.3524    0.0001   -2.2600    0.5000
   65.0000    0.5300    0.4950    0.0350    1.4352    4.2769    8.1157    4.7878   10.5297    4.2533    0.2450    0.3287    0.0001   -2.2600    0.5000
   65.0000    0.5400    0.4950    0.0450    1.4467    4.2457    8.1159    4.6593   10.5979    4.2493    0.2450    0.3322    0.0001   -2.2600    0.5000
   65.0000    0.5600    0.4950    0.0650    1.4782    4.1882    8.1194    4.4137   10.7287    4.2443    0.2450    0.3095    0.0001   -2.2600    0.5000
   65.0000    0.5800    0.4950    0.0850    1.5113    4.1394    8.1233    4.2006   10.8429    4.2414    0.2450    0.2851    0.0001   -2.2600    0.5000
   65.0000    0.6000    0.4950    0.1050    1.5443    4.0970    8.1258    4.0127   10.9441    4.2377    0.2450    0.2728    0.0001   -2.2600    0.5000
   65.0000    0.6400    0.4950    0.1450    1.6138    4.0185    8.1296    3.6572   11.1360    4.2301    0.2450    0.2547    0.0001   -2.2600    0.5000
   65.0000    0.7200    0.4950    0.2250    1.7161    3.8868    8.1332    3.0794   11.4504    4.2169    0.2450    0.2451    0.0001   -2.2600    0.5000
   65.0000    0.7800    0.4950    0.2850    1.7698    3.8143    8.1347    2.7702   11.6224    4.2093    0.2450    0.2420    0.0001   -2.2600    0.5000
#   age       Mtot      Mc        Menv      logL      logT      logTc     logg      logR      logrhoc   Y         Yc        Z         FeH       OFe       
   66.0000    0.4980    0.4950    0.0030    1.3696    4.4614    8.1076    5.5641   10.1280    4.2690    0.2450    0.3805    0.0001   -2.2600    0.5000
   66.0000    0.5000    0.4950    0.0050    1.3732    4.4384    8.1076    5.4702   10.1758    4.2673    0.2450    0.3833    0.0001   -2.2600    0.5000
   66.0000    0.5050    0.4950    0.0100    1.3865    4.3974    8.1094    5.2971   10.2646    4.2638    0.2450    0.3698    0.0001   -2.2600    0.5000
   66.0000    0.5100    0.4950    0.0150    1.3970    4.3663    8.1106    5.1663   10.3321    4.2610    0.2450    0.3635    0.0001   -2.2600    0.5000
   66.0000    0.5150    0.4950    0.0200    1.4107    4.3397    8.1132    5.0508   10.3920    4.2593    0.2450    0.3425    0.0001   -2.2600    0.5000
   66.0000    0.5200    0.4950    0.0250    1.4180    4.3168    8.1135    4.9563   10.4413    4.2567    0.2450    0.3420    0.0001   -2.2600    0.5000
   66.0000    0.5300    0.4950    0.0350    1.4383    4.2764    8.1170    4.7825   10.5323    4.2542    0.2450    0.3181    0.0001   -2.2600    0.5000
   66.0000    0.5400    0.4950    0.0450    1.4496    4.2450    8.1171    4.6537   10.6007    4.2501    0.2450    0.3217    0.0001   -2.2600    0.5000
   66.0000    0.5600    0.4950    0.0650    1.4809    4.1873    8.1206    4.4074   10.7318    4.2452    0.2450    0.2992    0.0001   -2.2600    0.5000
   66.0000    0.5800    0.4950    0.0850    1.5144    4.1382    8.1249    4.1930   10.8467    4.2431    0.2450    0.2735    0.0001   -2.2600    0.5000
   66.0000    0.6000    0.4950    0.1050    1.5471    4.0957    8.1274    4.0047   10.9482    4.2394    0.2450    0.2608    0.0001   -2.2600    0.5000
   66.0000    0.6400    0.4950    0.1450    1.6165    4.0168    8.1314    3.6479   11.1407    4.2324    0.2450    0.2424    0.0001   -2.2600    0.5000
   66.0000    0.7200    0.4950    0.2250    1.7183    3.8849    8.1353    3.0697   11.4553    4.2197    0.2450    0.2322    0.0001   -2.2600    0.5000
   66.0000    0.7800    0.4950    0.2850    1.7719    3.8122    8.1368    2.7598   11.6276    4.2120    0.2450    0.2296    0.0001   -2.2600    0.5000
#   age       Mtot      Mc        Menv      logL      logT      logTc     logg      logR      logrhoc   Y         Yc        Z         FeH       OFe       
   67.0000    0.4980    0.4950    0.0030    1.3724    4.4615    8.1086    5.5617   10.1292    4.2693    0.2450    0.3713    0.0001   -2.2600    0.5000
   67.0000    0.5000    0.4950    0.0050    1.3758    4.4384    8.1086    5.4677   10.1771    4.2675    0.2450    0.3744    0.0001   -2.2600    0.5000
   67.0000    0.5050    0.4950    0.0100    1.3891    4.3973    8.1104    5.2941   10.2661    4.2641    0.2450    0.3604    0.0001   -2.2600    0.5000
   67.0000    0.5100    0.4950    0.0150    1.3998    4.3661    8.1116    5.1628   10.3338    4.2613    0.2450    0.3542    0.0001   -2.2600    0.5000
   67.0000    0.5150    0.4950    0.0200    1.4138    4.3395    8.1144    5.0468   10.3940    4.2601    0.2450    0.3322    0.0001   -2.2600    0.5000
   67.0000    0.5200    0.4950    0.0250    1.4211    4.3165    8.1148    4.9518   10.4435    4.2575    0.2450    0.3315    0.0001   -2.2600    0.5000
   67.0000    0.5300    0.4950    0.0350    1.4414    4.2759    8.1183    4.7773   10.5349    4.2551    0.2450    0.3075    0.0001   -2.2600    0.5000
   67.0000    0.5400    0.4950    0.0450    1.4526    4.2444    8.1184    4.6481   10.6035    4.2510    0.2450    0.3112    0.0001   -2.2600    0.5000
   67.0000    0.5600    0.4950    0.0650    1.4840    4.1864    8.1221    4.4007   10.7352    4.2468    0.2450    0.2881    0.0001   -2.2600    0.5000
   67.0000    0.5800    0.4950    0.0850    1.5174    4.1371    8.1265    4.1854   10.8505    4.2448    0.2450    0.2618    0.0001   -2.2600    0.5000
   67.0000    0.6000    0.4950    0.1050    1.5500    4.0944    8.1290    3.9966   10.9522    4.2412    0.2450    0.2489    0.0001   -2.2600    0.5000
   67.0000    0.6400    0.4950    0.1450    1.6195    4.0151    8.1335    3.6379   11.1456    4.2352    0.2450    0.2299    0.0001   -2.2600    0.5000
   67.0000    0.7200    0.4950    0.2250    1.7206    3.8830    8.1375    3.0599   11.4602    4.2225    0.2450    0.2194    0.0001   -2.2600    0.5000
   67.0000    0.7800    0.4950    0.2850    1.7740    3.8101    8.1389    2.7495   11.6328    4.2146    0.2450    0.2172    0.0001   -2.2600    0.5000
#   age       Mtot      Mc        Menv      logL      logT      logTc     logg      logR      logrhoc   Y         Yc        Z         FeH       OFe       
   68.0000    0.4980    0.4950    0.0030    1.3751    4.4616    8.1095    5.5593   10.1304    4.2695    0.2450    0.3622    0.0001   -2.2600    0.5000
   68.0000    0.5000    0.4950    0.0050    1.3785    4.4384    8.1095    5.4651   10.1784    4.2678    0.2450    0.3655    0.0001   -2.2600    0.5000
   68.0000    0.5050    0.4950    0.0100    1.3917    4.3972    8.1113    5.2912   10.2675    4.2644    0.2450    0.3511    0.0001   -2.2600    0.5000
   68.0000    0.5100    0.4950    0.0150    1.4026    4.3659    8.1126    5.1593   10.3356    4.2618    0.2450    0.3447    0.0001   -2.2600    0.5000
   68.0000    0.5150    0.4950    0.0200    1.4169    4.3392    8.1156    5.0428   10.3960    4.2608    0.2450    0.3220    0.0001   -2.2600    0.5000
   68.0000    0.5200    0.4950    0.0250    1.4242    4.3162    8.1160    4.9474   10.4457    4.2584    0.2450    0.3211    0.0001   -2.2600    0.5000
   68.0000    0.5300    0.4950    0.0350    1.4446    4.2754    8.1196    4.7721   10.5376    4.2561    0.2450    0.2967    0.0001   -2.2600    0.5000
   68.0000    0.5400    0.4950    0.0450    1.4556    4.2437    8.1196    4.6425   10.6063    4.2518    0.2450    0.3007    0.0001   -2.2600    0.5000
   68.0000    0.5600    0.4950    0.0650    1.4872    4.1855    8.1236    4.3939   10.7386    4.2485    0.2450    0.2770    0.0001   -2.2600    0.5000
   68.0000    0.5800    0.4950    0.0850    1.5205    4.1359    8.1281    4.1777   10.8543    4.2465    0.2450    0.2502    0.0001   -2.2600    0.5000
   68.0000    0.6000    0.4950    0.1050    1.5533    4.0930    8.1309    3.9878   10.9566    4.2439    0.2450    0.2369    0.0001   -2.2600    0.5000
   68.0000    0.6400    0.4950    0.1450    1.6225    4.0133    8.1355    3.6279   11.1506    4.2380    0.2450    0.2174    0.0001   -2.2600    0.5000
   68.0000    0.7200    0.4950    0.2250    1.7228    3.8812    8.1396    3.0501   11.4651    4.2253    0.2450    0.2066    0.0001   -2.2600    0.5000
   68.0000    0.7800    0.4950    0.2850    1.7760    3.8081    8.1410    2.7391   11.6379    4.2173    0.2450    0.2047    0.0001   -2.2600    0.5000
#   age       Mtot      Mc        Menv      logL      logT      logTc     logg      logR      logrhoc   Y         Yc        Z         FeH       OFe       
   69.0000    0.4980    0.4950    0.0030    1.3779    4.4617    8.1105    5.5569   10.1316    4.2698    0.2450    0.3531    0.0001   -2.2600    0.5000
   69.0000    0.5000    0.4950    0.0050    1.3812    4.4385    8.1104    5.4626   10.1797    4.2680    0.2450    0.3565    0.0001   -2.2600    0.5000
   69.0000    0.5050    0.4950    0.0100    1.3946    4.3972    8.1124    5.2881   10.2691    4.2651    0.2450    0.3418    0.0001   -2.2600    0.5000
   69.0000    0.5100    0.4950    0.0150    1.4055    4.3658    8.1137    5.1559   10.3373    4.2625    0.2450    0.3350    0.0001   -2.2600    0.5000
   69.0000    0.5150    0.4950    0.0200    1.4199    4.3390    8.1168    5.0387   10.3980    4.2616    0.2450    0.3117    0.0001   -2.2600    0.5000
   69.0000    0.5200    0.4950    0.0250    1.4273    4.3158    8.1173    4.9429   10.4480    4.2592    0.2450    0.3106    0.0001   -2.2600    0.5000
   69.0000    0.5300    0.4950    0.0350    1.4480    4.2749    8.1212    4.7667   10.5403    4.2577    0.2450    0.2850    0.0001   -2.2600    0.5000
   69.0000    0.5400    0.4950    0.0450    1.4588    4.2431    8.1211    4.6369   10.6091    4.2533    0.2450    0.2897    0.0001   -2.2600    0.5000
   69.0000    0.5600    0.4950    0.0650    1.4903    4.1846    8.1251    4.3872   10.7420    4.2501    0.2450    0.2658    0.0001   -2.2600    0.5000
   69.0000    0.5800    0.4950    0.0850    1.5237    4.1348    8.1300    4.1700   10.8582    4.2492    0.2450    0.2384    0.0001   -2.2600    0.5000
   69.0000    0.6000    0.4950    0.1050    1.5565    4.0916    8.1329    3.9790   10.9610    4.2467    0.2450    0.2250    0.0001   -2.2600    0.5000
   69.0000    0.6400    0.4950    0.1450    1.6255    4.0116    8.1375    3.6180   11.1556    4.2408    0.2450    0.2050    0.0001   -2.2600    0.5000
   69.0000    0.7200    0.4950    0.2250    1.7256    3.8787    8.1419    3.0373   11.4715    4.2290    0.2450    0.1939    0.0001   -2.2600    0.5000
   69.0000    0.7800    0.4950    0.2850    1.7790    3.8046    8.1436    2.7221   11.6464    4.2214    0.2450    0.1913    0.0001   -2.2600    0.5000
#   age       Mtot      Mc        Menv      logL      logT      logTc     logg      logR      logrhoc   Y         Yc        Z         FeH       OFe       
   70.0000    0.4980    0.4950    0.0030    1.3807    4.4618    8.1115    5.5546   10.1327    4.2704    0.2450    0.3437    0.0001   -2.2600    0.5000
   70.0000    0.5000    0.4950    0.0050    1.3839    4.4385    8.1114    5.4600   10.1809    4.2684    0.2450    0.3474    0.0001   -2.2600    0.5000
   70.0000    0.5050    0.4950    0.0100    1.3975    4.3971    8.1135    5.2851   10.2706    4.2658    0.2450    0.3324    0.0001   -2.2600    0.5000
   70.0000    0.5100    0.4950    0.0150    1.4084    4.3657    8.1149    5.1524   10.3391    4.2632    0.2450    0.3252    0.0001   -2.2600    0.5000
   70.0000    0.5150    0.4950    0.0200    1.4230    4.3387    8.1180    5.0347   10.4000    4.2624    0.2450    0.3015    0.0001   -2.2600    0.5000
   70.0000    0.5200    0.4950    0.0250    1.4305    4.3155    8.1185    4.9384   10.4502    4.2600    0.2450    0.3001    0.0001   -2.2600    0.5000
   70.0000    0.5300    0.4950    0.0350    1.4515    4.2744    8.1227    4.7613   10.5429    4.2593    0.2450    0.2733    0.0001   -2.2600    0.5000
   70.0000    0.5400    0.4950    0.0450    1.4620    4.2426    8.1225    4.6313   10.6119    4.2548    0.2450    0.2787    0.0001   -2.2600    0.5000
   70.0000    0.5600    0.4950    0.0650    1.4934    4.1837    8.1267    4.3805   10.7454    4.2517    0.2450    0.2547    0.0001   -2.2600    0.5000
   70.0000    0.5800    0.4950    0.0850    1.5270    4.1337    8.1319    4.1622   10.8621    4.2519    0.2450    0.2266    0.0001   -2.2600    0.5000
   70.0000    0.6000    0.4950    0.1050    1.5598    4.0902    8.1349    3.9702   10.9654    4.2494    0.2450    0.2130    0.0001   -2.2600    0.5000
   70.0000    0.6400    0.4950    0.1450    1.6289    4.0097    8.1397    3.6069   11.1611    4.2445    0.2450    0.1928    0.0001   -2.2600    0.5000
   70.0000    0.7200    0.4950    0.2250    1.7290    3.8755    8.1445    3.0211   11.4796    4.2334    0.2450    0.1812    0.0001   -2.2600    0.5000
   70.0000    0.7800    0.4950    0.2850    1.7825    3.8002    8.1465    2.7011   11.6570    4.2264    0.2450    0.1772    0.0001   -2.2600    0.5000
#   age       Mtot      Mc        Menv      logL      logT      logTc     logg      logR      logrhoc   Y         Yc        Z         FeH       OFe       
   71.0000    0.4980    0.4950    0.0030    1.3835    4.4620    8.1126    5.5524   10.1338    4.2710    0.2450    0.3343    0.0001   -2.2600    0.5000
   71.0000    0.5000    0.4950    0.0050    1.3868    4.4386    8.1125    5.4575   10.1822    4.2691    0.2450    0.3378    0.0001   -2.2600    0.5000
   71.0000    0.5050    0.4950    0.0100    1.4005    4.3971    8.1146    5.2820   10.2721    4.2666    0.2450    0.3230    0.0001   -2.2600    0.5000
   71.0000    0.5100    0.4950    0.0150    1.4113    4.3655    8.1160    5.1490   10.3408    4.2640    0.2450    0.3155    0.0001   -2.2600    0.5000
   71.0000    0.5150    0.4950    0.0200    1.4263    4.3386    8.1195    5.0306   10.4021    4.2638    0.2450    0.2906    0.0001   -2.2600    0.5000
   71.0000    0.5200    0.4950    0.0250    1.4338    4.3152    8.1200    4.9340   10.4524    4.2614    0.2450    0.2892    0.0001   -2.2600    0.5000
   71.0000    0.5300    0.4950    0.0350    1.4549    4.2740    8.1242    4.7560   10.5456    4.2608    0.2450    0.2617    0.0001   -2.2600    0.5000
   71.0000    0.5400    0.4950    0.0450    1.4652    4.2420    8.1240    4.6257   10.6148    4.2564    0.2450    0.2677    0.0001   -2.2600    0.5000
   71.0000    0.5600    0.4950    0.0650    1.4966    4.1828    8.1284    4.3738   10.7487    4.2539    0.2450    0.2433    0.0001   -2.2600    0.5000
   71.0000    0.5800    0.4950    0.0850    1.5303    4.1326    8.1338    4.1545   10.8659    4.2546    0.2450    0.2148    0.0001   -2.2600    0.5000
   71.0000    0.6000    0.4950    0.1050    1.5630    4.0888    8.1368    3.9614   10.9698    4.2522    0.2450    0.2011    0.0001   -2.2600    0.5000
   71.0000    0.6400    0.4950    0.1450    1.6327    4.0077    8.1421    3.5950   11.1670    4.2488    0.2450    0.1810    0.0001   -2.2600    0.5000
   71.0000    0.7200    0.4950    0.2250    1.7324    3.8723    8.1471    3.0050   11.4876    4.2379    0.2450    0.1685    0.0001   -2.2600    0.5000
   71.0000    0.7800    0.4950    0.2850    1.7860    3.7958    8.1493    2.6800   11.6675    4.2314    0.2450    0.1631    0.0001   -2.2600    0.5000
#   age       Mtot      Mc        Menv      logL      logT      logTc     logg      logR      logrhoc   Y         Yc        Z         FeH       OFe       
   72.0000    0.4980    0.4950    0.0030    1.3863    4.4621    8.1138    5.5502   10.1350    4.2717    0.2450    0.3249    0.0001   -2.2600    0.5000
   72.0000    0.5000    0.4950    0.0050    1.3896    4.4387    8.1136    5.4550   10.1834    4.2697    0.2450    0.3282    0.0001   -2.2600    0.5000
   72.0000    0.5050    0.4950    0.0100    1.4034    4.3971    8.1158    5.2790   10.2737    4.2673    0.2450    0.3137    0.0001   -2.2600    0.5000
   72.0000    0.5100    0.4950    0.0150    1.4143    4.3654    8.1171    5.1455   10.3426    4.2647    0.2450    0.3058    0.0001   -2.2600    0.5000
   72.0000    0.5150    0.4950    0.0200    1.4298    4.3384    8.1210    5.0265   10.4041    4.2653    0.2450    0.2797    0.0001   -2.2600    0.5000
   72.0000    0.5200    0.4950    0.0250    1.4372    4.3149    8.1214    4.9295   10.4547    4.2629    0.2450    0.2784    0.0001   -2.2600    0.5000
   72.0000    0.5300    0.4950    0.0350    1.4584    4.2735    8.1257    4.7506   10.5483    4.2624    0.2450    0.2500    0.0001   -2.2600    0.5000
   72.0000    0.5400    0.4950    0.0450    1.4683    4.2414    8.1254    4.6201   10.6176    4.2579    0.2450    0.2568    0.0001   -2.2600    0.5000
   72.0000    0.5600    0.4950    0.0650    1.5000    4.1820    8.1302    4.3671   10.7520    4.2565    0.2450    0.2316    0.0001   -2.2600    0.5000
   72.0000    0.5800    0.4950    0.0850    1.5336    4.1315    8.1357    4.1467   10.8698    4.2573    0.2450    0.2030    0.0001   -2.2600    0.5000
   72.0000    0.6000    0.4950    0.1050    1.5666    4.0876    8.1391    3.9527   10.9741    4.2562    0.2450    0.1892    0.0001   -2.2600    0.5000
   72.0000    0.6400    0.4950    0.1450    1.6364    4.0056    8.1445    3.5832   11.1729    4.2531    0.2450    0.1691    0.0001   -2.2600    0.5000
   72.0000    0.7200    0.4950    0.2250    1.7358    3.8692    8.1496    2.9888   11.4957    4.2423    0.2450    0.1559    0.0001   -2.2600    0.5000
   72.0000    0.7800    0.4950    0.2850    1.7896    3.7913    8.1522    2.6582   11.6784    4.2366    0.2450    0.1491    0.0001   -2.2600    0.5000
#   age       Mtot      Mc        Menv      logL      logT      logTc     logg      logR      logrhoc   Y         Yc        Z         FeH       OFe       
   73.0000    0.4980    0.4950    0.0030    1.3891    4.4623    8.1149    5.5480   10.1361    4.2724    0.2450    0.3155    0.0001   -2.2600    0.5000
   73.0000    0.5000    0.4950    0.0050    1.3925    4.4388    8.1147    5.4525   10.1847    4.2704    0.2450    0.3186    0.0001   -2.2600    0.5000
   73.0000    0.5050    0.4950    0.0100    1.4063    4.3970    8.1169    5.2759   10.2752    4.2681    0.2450    0.3043    0.0001   -2.2600    0.5000
   73.0000    0.5100    0.4950    0.0150    1.4173    4.3653    8.1184    5.1421   10.3443    4.2657    0.2450    0.2958    0.0001   -2.2600    0.5000
   73.0000    0.5150    0.4950    0.0200    1.4332    4.3382    8.1225    5.0223   10.4062    4.2668    0.2450    0.2687    0.0001   -2.2600    0.5000
   73.0000    0.5200    0.4950    0.0250    1.4405    4.3147    8.1229    4.9251   10.4569    4.2644    0.2450    0.2675    0.0001   -2.2600    0.5000
   73.0000    0.5300    0.4950    0.0350    1.4620    4.2732    8.1275    4.7456   10.5508    4.2649    0.2450    0.2385    0.0001   -2.2600    0.5000
   73.0000    0.5400    0.4950    0.0450    1.4716    4.2408    8.1270    4.6146   10.6203    4.2598    0.2450    0.2457    0.0001   -2.2600    0.5000
   73.0000    0.5600    0.4950    0.0650    1.5034    4.1812    8.1321    4.3604   10.7554    4.2591    0.2450    0.2199    0.0001   -2.2600    0.5000
   73.0000    0.5800    0.4950    0.0850    1.5370    4.1306    8.1379    4.1397   10.8733    4.2609    0.2450    0.1916    0.0001   -2.2600    0.5000
   73.0000    0.6000    0.4950    0.1050    1.5703    4.0863    8.1415    3.9440   10.9785    4.2605    0.2450    0.1772    0.0001   -2.2600    0.5000
   73.0000    0.6400    0.4950    0.1450    1.6401    4.0036    8.1469    3.5713   11.1788    4.2574    0.2450    0.1572    0.0001   -2.2600    0.5000
   73.0000    0.7200    0.4950    0.2250    1.7403    3.8647    8.1527    2.9666   11.5068    4.2486    0.2450    0.1429    0.0001   -2.2600    0.5000
   73.0000    0.7800    0.4950    0.2850    1.7947    3.7846    8.1557    2.6268   11.6942    4.2443    0.2450    0.1361    0.0001   -2.2600    0.5000
#   age       Mtot      Mc        Menv      logL      logT      logTc     logg      logR      logrhoc   Y         Yc        Z         FeH       OFe       
   74.0000    0.4980    0.4950    0.0030    1.3920    4.4624    8.1160    5.5457   10.1372    4.2731    0.2450    0.3061    0.0001   -2.2600    0.5000
   74.0000    0.5000    0.4950    0.0050    1.3954    4.4389    8.1159    5.4500   10.1859    4.2711    0.2450    0.3090    0.0001   -2.2600    0.5000
   74.0000    0.5050    0.4950    0.0100    1.4094    4.3970    8.1181    5.2729   10.2767    4.2691    0.2450    0.2946    0.0001   -2.2600    0.5000
   74.0000    0.5100    0.4950    0.0150    1.4204    4.3652    8.1197    5.1387   10.3459    4.2670    0.2450    0.2856    0.0001   -2.2600    0.5000
   74.0000    0.5150    0.4950    0.0200    1.4367    4.3380    8.1239    5.0182   10.4082    4.2682    0.2450    0.2577    0.0001   -2.2600    0.5000
   74.0000    0.5200    0.4950    0.0250    1.4438    4.3144    8.1244    4.9206   10.4591    4.2658    0.2450    0.2567    0.0001   -2.2600    0.5000
   74.0000    0.5300    0.4950    0.0350    1.4656    4.2728    8.1294    4.7406   10.5533    4.2675    0.2450    0.2269    0.0001   -2.2600    0.5000
   74.0000    0.5400    0.4950    0.0450    1.4750    4.2403    8.1288    4.6093   10.6230    4.2623    0.2450    0.2345    0.0001   -2.2600    0.5000
   74.0000    0.5600    0.4950    0.0650    1.5067    4.1804    8.1340    4.3537   10.7587    4.2617    0.2450    0.2082    0.0001   -2.2600    0.5000
   74.0000    0.5800    0.4950    0.0850    1.5403    4.1297    8.1401    4.1329   10.8767    4.2648    0.2450    0.1802    0.0001   -2.2600    0.5000
   74.0000    0.6000    0.4950    0.1050    1.5739    4.0850    8.1439    3.9354   10.9828    4.2647    0.2450    0.1653    0.0001   -2.2600    0.5000
   74.0000    0.6400    0.4950    0.1450    1.6444    4.0014    8.1497    3.5582   11.1854    4.2628    0.2450    0.1452    0.0001   -2.2600    0.5000
   74.0000    0.7200    0.4950    0.2250    1.7457    3.8592    8.1562    2.9390   11.5206    4.2565    0.2450    0.1297    0.0001   -2.2600    0.5000
   74.0000    0.7800    0.4950    0.2850    1.7997    3.7780    8.1593    2.5953   11.7099    4.2520    0.2450    0.1231    0.0001   -2.2600    0.5000
#   age       Mtot      Mc        Menv      logL      logT      logTc     logg      logR      logrhoc   Y         Yc        Z         FeH       OFe       
   75.0000    0.4980    0.4950    0.0030    1.3949    4.4626    8.1172    5.5436   10.1382    4.2739    0.2450    0.2966    0.0001   -2.2600    0.5000
   75.0000    0.5000    0.4950    0.0050    1.3983    4.4390    8.1170    5.4476   10.1872    4.2718    0.2450    0.2994    0.0001   -2.2600    0.5000
   75.0000    0.5050    0.4950    0.0100    1.4125    4.3971    8.1195    5.2701   10.2781    4.2704    0.2450    0.2846    0.0001   -2.2600    0.5000
   75.0000    0.5100    0.4950    0.0150    1.4236    4.3652    8.1211    5.1353   10.3476    4.2684    0.2450    0.2753    0.0001   -2.2600    0.5000
   75.0000    0.5150    0.4950    0.0200    1.4401    4.3379    8.1255    5.0143   10.4102    4.2700    0.2450    0.2468    0.0001   -2.2600    0.5000
   75.0000    0.5200    0.4950    0.0250    1.4473    4.3142    8.1260    4.9163   10.4613    4.2677    0.2450    0.2454    0.0001   -2.2600    0.5000
   75.0000    0.5300    0.4950    0.0350    1.4692    4.2725    8.1312    4.7356   10.5558    4.2700    0.2450    0.2153    0.0001   -2.2600    0.5000
   75.0000    0.5400    0.4950    0.0450    1.4784    4.2398    8.1306    4.6039   10.6257    4.2648    0.2450    0.2234    0.0001   -2.2600    0.5000
   75.0000    0.5600    0.4950    0.0650    1.5102    4.1796    8.1360    4.3471   10.7619    4.2648    0.2450    0.1965    0.0001   -2.2600    0.5000
   75.0000    0.5800    0.4950    0.0850    1.5437    4.1289    8.1423    4.1261   10.8801    4.2687    0.2450    0.1689    0.0001   -2.2600    0.5000
   75.0000    0.6000    0.4950    0.1050    1.5776    4.0838    8.1462    3.9267   10.9872    4.2689    0.2450    0.1534    0.0001   -2.2600    0.5000
   75.0000    0.6400    0.4950    0.1450    1.6494    3.9988    8.1529    3.5430   11.1930    4.2698    0.2450    0.1331    0.0001   -2.2600    0.5000
   75.0000    0.7200    0.4950    0.2250    1.7511    3.8537    8.1597    2.9115   11.5343    4.2643    0.2450    0.1166    0.0001   -2.2600    0.5000
   75.0000    0.7800    0.4950    0.2850    1.8048    3.7714    8.1628    2.5638   11.7256    4.2597    0.2450    0.1101    0.0001   -2.2600    0.5000
#   age       Mtot      Mc        Menv      logL      logT      logTc     logg      logR      logrhoc   Y         Yc        Z         FeH       OFe       
   76.0000    0.4980    0.4950    0.0030    1.3979    4.4629    8.1185    5.5416   10.1392    4.2752    0.2450    0.2869    0.0001   -2.2600    0.5000
   76.0000    0.5000    0.4950    0.0050    1.4013    4.4392    8.1183    5.4453   10.1883    4.2731    0.2450    0.2900    0.0001   -2.2600    0.5000
   76.0000    0.5050    0.4950    0.0100    1.4156    4.3972    8.1208    5.2672   10.2795    4.2717    0.2450    0.2746    0.0001   -2.2600    0.5000
   76.0000    0.5100    0.4950    0.0150    1.4267    4.3651    8.1225    5.1320   10.3493    4.2698    0.2450    0.2650    0.0001   -2.2600    0.5000
   76.0000    0.5150    0.4950    0.0200    1.4435    4.3379    8.1273    5.0107   10.4120    4.2724    0.2450    0.2358    0.0001   -2.2600    0.5000
   76.0000    0.5200    0.4950    0.0250    1.4510    4.3140    8.1279    4.9120   10.4634    4.2703    0.2450    0.2336    0.0001   -2.2600    0.5000
   76.0000    0.5300    0.4950    0.0350    1.4728    4.2721    8.1331    4.7306   10.5583    4.2726    0.2450    0.2038    0.0001   -2.2600    0.5000
   76.0000    0.5400    0.4950    0.0450    1.4819    4.2393    8.1324    4.5986   10.6284    4.2673    0.2450    0.2122    0.0001   -2.2600    0.5000
   76.0000    0.5600    0.4950    0.0650    1.5139    4.1790    8.1384    4.3410   10.7650    4.2689    0.2450    0.1847    0.0001   -2.2600    0.5000
   76.0000    0.5800    0.4950    0.0850    1.5470    4.1281    8.1445    4.1194   10.8835    4.2726    0.2450    0.1575    0.0001   -2.2600    0.5000
   76.0000    0.6000    0.4950    0.1050    1.5817    4.0826    8.1491    3.9178   10.9916    4.2750    0.2450    0.1417    0.0001   -2.2600    0.5000
   76.0000    0.6400    0.4950    0.1450    1.6544    3.9963    8.1562    3.5278   11.2006    4.2769    0.2450    0.1209    0.0001   -2.2600    0.5000
   76.0000    0.7200    0.4950    0.2250    1.7565    3.8481    8.1632    2.8840   11.5481    4.2722    0.2450    0.1034    0.0001   -2.2600    0.5000
   76.0000    0.7800    0.4950    0.2850    1.8103    3.7646    8.1666    2.5312   11.7419    4.2684    0.2450    0.0970    0.0001   -2.2600    0.5000
#   age       Mtot      Mc        Menv      logL      logT      logTc     logg      logR      logrhoc   Y         Yc        Z         FeH       OFe       
   77.0000    0.4980    0.4950    0.0030    1.4010    4.4631    8.1198    5.5396   10.1402    4.2764    0.2450    0.2772    0.0001   -2.2600    0.5000
   77.0000    0.5000    0.4950    0.0050    1.4043    4.4394    8.1195    5.4430   10.1894    4.2743    0.2450    0.2806    0.0001   -2.2600    0.5000
   77.0000    0.5050    0.4950    0.0100    1.4187    4.3972    8.1221    5.2643   10.2809    4.2729    0.2450    0.2646    0.0001   -2.2600    0.5000
   77.0000    0.5100    0.4950    0.0150    1.4298    4.3650    8.1239    5.1286   10.3509    4.2712    0.2450    0.2548    0.0001   -2.2600    0.5000
   77.0000    0.5150    0.4950    0.0200    1.4469    4.3378    8.1290    5.0072   10.4138    4.2747    0.2450    0.2248    0.0001   -2.2600    0.5000
   77.0000    0.5200    0.4950    0.0250    1.4546    4.3139    8.1298    4.9078   10.4655    4.2728    0.2450    0.2217    0.0001   -2.2600    0.5000
   77.0000    0.5300    0.4950    0.0350    1.4765    4.2719    8.1353    4.7263   10.5604    4.2761    0.2450    0.1923    0.0001   -2.2600    0.5000
   77.0000    0.5400    0.4950    0.0450    1.4853    4.2388    8.1342    4.5932   10.6310    4.2698    0.2450    0.2011    0.0001   -2.2600    0.5000
   77.0000    0.5600    0.4950    0.0650    1.5175    4.1783    8.1407    4.3349   10.7681    4.2730    0.2450    0.1730    0.0001   -2.2600    0.5000
   77.0000    0.5800    0.4950    0.0850    1.5506    4.1273    8.1471    4.1127   10.8868    4.2775    0.2450    0.1460    0.0001   -2.2600    0.5000
   77.0000    0.6000    0.4950    0.1050    1.5862    4.0815    8.1523    3.9089   10.9960    4.2818    0.2450    0.1300    0.0001   -2.2600    0.5000
   77.0000    0.6400    0.4950    0.1450    1.6595    3.9937    8.1594    3.5127   11.2082    4.2840    0.2450    0.1088    0.0001   -2.2600    0.5000
   77.0000    0.7200    0.4950    0.2250    1.7631    3.8412    8.1672    2.8498   11.5652    4.2819    0.2450    0.0916    0.0001   -2.2600    0.5000
   77.0000    0.7800    0.4950    0.2850    1.8173    3.7573    8.1712    2.4947   11.7602    4.2804    0.2450    0.0839    0.0001   -2.2600    0.5000
#   age       Mtot      Mc        Menv      logL      logT      logTc     logg      logR      logrhoc   Y         Yc        Z         FeH       OFe       
   78.0000    0.4980    0.4950    0.0030    1.4040    4.4634    8.1211    5.5376   10.1412    4.2777    0.2450    0.2675    0.0001   -2.2600    0.5000
   78.0000    0.5000    0.4950    0.0050    1.4073    4.4396    8.1208    5.4407   10.1906    4.2756    0.2450    0.2712    0.0001   -2.2600    0.5000
   78.0000    0.5050    0.4950    0.0100    1.4218    4.3973    8.1235    5.2614   10.2824    4.2742    0.2450    0.2546    0.0001   -2.2600    0.5000
   78.0000    0.5100    0.4950    0.0150    1.4331    4.3650    8.1254    5.1254   10.3525    4.2730    0.2450    0.2445    0.0001   -2.2600    0.5000
   78.0000    0.5150    0.4950    0.0200    1.4504    4.3378    8.1308    5.0037   10.4156    4.2771    0.2450    0.2139    0.0001   -2.2600    0.5000
   78.0000    0.5200    0.4950    0.0250    1.4583    4.3138    8.1316    4.9036   10.4677    4.2754    0.2450    0.2098    0.0001   -2.2600    0.5000
   78.0000    0.5300    0.4950    0.0350    1.4801    4.2718    8.1376    4.7223   10.5625    4.2801    0.2450    0.1809    0.0001   -2.2600    0.5000
   78.0000    0.5400    0.4950    0.0450    1.4888    4.2385    8.1364    4.5886   10.6333    4.2735    0.2450    0.1899    0.0001   -2.2600    0.5000
   78.0000    0.5600    0.4950    0.0650    1.5212    4.1777    8.1431    4.3288   10.7711    4.2772    0.2450    0.1613    0.0001   -2.2600    0.5000
   78.0000    0.5800    0.4950    0.0850    1.5547    4.1267    8.1502    4.1063   10.8900    4.2843    0.2450    0.1343    0.0001   -2.2600    0.5000
   78.0000    0.6000    0.4950    0.1050    1.5906    4.0804    8.1554    3.9000   11.0005    4.2886    0.2450    0.1183    0.0001   -2.2600    0.5000
   78.0000    0.6400    0.4950    0.1450    1.6650    3.9910    8.1629    3.4960   11.2166    4.2919    0.2450    0.0970    0.0001   -2.2600    0.5000
   78.0000    0.7200    0.4950    0.2250    1.7701    3.8338    8.1713    2.8133   11.5834    4.2922    0.2450    0.0804    0.0001   -2.2600    0.5000
   78.0000    0.7800    0.4950    0.2850    1.8254    3.7501    8.1762    2.4577   11.7787    4.2936    0.2450    0.0713    0.0001   -2.2600    0.5000
#   age       Mtot      Mc        Menv      logL      logT      logTc     logg      logR      logrhoc   Y         Yc        Z         FeH       OFe       
   79.0000    0.4980    0.4950    0.0030    1.4071    4.4637    8.1224    5.5356   10.1422    4.2789    0.2450    0.2577    0.0001   -2.2600    0.5000
   79.0000    0.5000    0.4950    0.0050    1.4103    4.4398    8.1221    5.4384   10.1917    4.2769    0.2450    0.2618    0.0001   -2.2600    0.5000
   79.0000    0.5050    0.4950    0.0100    1.4250    4.3974    8.1250    5.2588   10.2837    4.2760    0.2450    0.2445    0.0001   -2.2600    0.5000
   79.0000    0.5100    0.4950    0.0150    1.4363    4.3651    8.1271    5.1225   10.3540    4.2752    0.2450    0.2342    0.0001   -2.2600    0.5000
   79.0000    0.5150    0.4950    0.0200    1.4538    4.3378    8.1325    5.0001   10.4173    4.2795    0.2450    0.2029    0.0001   -2.2600    0.5000
   79.0000    0.5200    0.4950    0.0250    1.4619    4.3137    8.1336    4.8995   10.4697    4.2782    0.2450    0.1981    0.0001   -2.2600    0.5000
   79.0000    0.5300    0.4950    0.0350    1.4837    4.2718    8.1399    4.7182   10.5645    4.2841    0.2450    0.1696    0.0001   -2.2600    0.5000
   79.0000    0.5400    0.4950    0.0450    1.4922    4.2382    8.1386    4.5841   10.6356    4.2774    0.2450    0.1787    0.0001   -2.2600    0.5000
   79.0000    0.5600    0.4950    0.0650    1.5248    4.1771    8.1455    4.3228   10.7742    4.2814    0.2450    0.1496    0.0001   -2.2600    0.5000
   79.0000    0.5800    0.4950    0.0850    1.5589    4.1261    8.1534    4.0999   10.8932    4.2911    0.2450    0.1226    0.0001   -2.2600    0.5000
   79.0000    0.6000    0.4950    0.1050    1.5950    4.0792    8.1586    3.8911   11.0050    4.2954    0.2450    0.1067    0.0001   -2.2600    0.5000
   79.0000    0.6400    0.4950    0.1450    1.6719    3.9875    8.1668    3.4753   11.2269    4.3019    0.2450    0.0862    0.0001   -2.2600    0.5000
   79.0000    0.7200    0.4950    0.2250    1.7789    3.8235    8.1761    2.7631   11.6085    4.3050    0.2450    0.0692    0.0001   -2.2600    0.5000
   79.0000    0.7800    0.4950    0.2850    1.8356    3.7432    8.1819    2.4198   11.7977    4.3095    0.2450    0.0598    0.0001   -2.2600    0.5000
#   age       Mtot      Mc        Menv      logL      logT      logTc     logg      logR      logrhoc   Y         Yc        Z         FeH       OFe       
   80.0000    0.4980    0.4950    0.0030    1.4102    4.4640    8.1237    5.5337   10.1432    4.2803    0.2450    0.2479    0.0001   -2.2600    0.5000
   80.0000    0.5000    0.4950    0.0050    1.4133    4.4400    8.1234    5.4362   10.1928    4.2782    0.2450    0.2524    0.0001   -2.2600    0.5000
   80.0000    0.5050    0.4950    0.0100    1.4282    4.3976    8.1266    5.2563   10.2849    4.2781    0.2450    0.2345    0.0001   -2.2600    0.5000
   80.0000    0.5100    0.4950    0.0150    1.4396    4.3652    8.1287    5.1195   10.3555    4.2774    0.2450    0.2239    0.0001   -2.2600    0.5000
   80.0000    0.5150    0.4950    0.0200    1.4573    4.3380    8.1346    4.9972   10.4188    4.2829    0.2450    0.1919    0.0001   -2.2600    0.5000
   80.0000    0.5200    0.4950    0.0250    1.4657    4.3138    8.1359    4.8963   10.4713    4.2821    0.2450    0.1868    0.0001   -2.2600    0.5000
   80.0000    0.5300    0.4950    0.0350    1.4874    4.2717    8.1422    4.7142   10.5665    4.2880    0.2450    0.1582    0.0001   -2.2600    0.5000
   80.0000    0.5400    0.4950    0.0450    1.4957    4.2380    8.1408    4.5796   10.6379    4.2812    0.2450    0.1675    0.0001   -2.2600    0.5000
   80.0000    0.5600    0.4950    0.0650    1.5286    4.1770    8.1485    4.3185   10.7763    4.2879    0.2450    0.1382    0.0001   -2.2600    0.5000
   80.0000    0.5800    0.4950    0.0850    1.5630    4.1255    8.1565    4.0935   10.8964    4.2979    0.2450    0.1109    0.0001   -2.2600    0.5000
   80.0000    0.6000    0.4950    0.1050    1.5997    4.0782    8.1620    3.8822   11.0094    4.3034    0.2450    0.0956    0.0001   -2.2600    0.5000
   80.0000    0.6400    0.4950    0.1450    1.6789    3.9841    8.1708    3.4546   11.2372    4.3118    0.2450    0.0754    0.0001   -2.2600    0.5000
   80.0000    0.7200    0.4950    0.2250    1.7895    3.8104    8.1816    2.7002   11.6400    4.3202    0.2450    0.0581    0.0001   -2.2600    0.5000
   80.0000    0.7800    0.4950    0.2850    1.8459    3.7366    8.1876    2.3833   11.8159    4.3255    0.2450    0.0487    0.0001   -2.2600    0.5000
#   age       Mtot      Mc        Menv      logL      logT      logTc     logg      logR      logrhoc   Y         Yc        Z         FeH       OFe       
   81.0000    0.4980    0.4950    0.0030    1.4135    4.4644    8.1254    5.5320   10.1440    4.2825    0.2450    0.2376    0.0001   -2.2600    0.5000
   81.0000    0.5000    0.4950    0.0050    1.4166    4.4402    8.1249    5.4342   10.1938    4.2801    0.2450    0.2423    0.0001   -2.2600    0.5000
   81.0000    0.5050    0.4950    0.0100    1.4314    4.3978    8.1282    5.2539   10.2861    4.2803    0.2450    0.2244    0.0001   -2.2600    0.5000
   81.0000    0.5100    0.4950    0.0150    1.4429    4.3653    8.1304    5.1166   10.3569    4.2797    0.2450    0.2136    0.0001   -2.2600    0.5000
   81.0000    0.5150    0.4950    0.0200    1.4609    4.3382    8.1368    4.9945   10.4201    4.2867    0.2450    0.1809    0.0001   -2.2600    0.5000
   81.0000    0.5200    0.4950    0.0250    1.4694    4.3139    8.1382    4.8930   10.4729    4.2861    0.2450    0.1755    0.0001   -2.2600    0.5000
   81.0000    0.5300    0.4950    0.0350    1.4911    4.2717    8.1448    4.7107   10.5682    4.2928    0.2450    0.1467    0.0001   -2.2600    0.5000
   81.0000    0.5400    0.4950    0.0450    1.4992    4.2377    8.1431    4.5750   10.6401    4.2851    0.2450    0.1563    0.0001   -2.2600    0.5000
   81.0000    0.5600    0.4950    0.0650    1.5323    4.1769    8.1515    4.3142   10.7784    4.2945    0.2450    0.1269    0.0001   -2.2600    0.5000
   81.0000    0.5800    0.4950    0.0850    1.5671    4.1250    8.1597    4.0873   10.8996    4.3049    0.2450    0.0992    0.0001   -2.2600    0.5000
   81.0000    0.6000    0.4950    0.1050    1.6050    4.0774    8.1658    3.8734   11.0138    4.3129    0.2450    0.0853    0.0001   -2.2600    0.5000
   81.0000    0.6400    0.4950    0.1450    1.6881    3.9792    8.1757    3.4255   11.2518    4.3252    0.2450    0.0650    0.0001   -2.2600    0.5000
   81.0000    0.7200    0.4950    0.2250    1.8006    3.7965    8.1872    2.6337   11.6733    4.3362    0.2450    0.0474    0.0001   -2.2600    0.5000
   81.0000    0.7800    0.4950    0.2850    1.8559    3.7320    8.1934    2.3551   11.8299    4.3419    0.2450    0.0397    0.0001   -2.2600    0.5000
#   age       Mtot      Mc        Menv      logL      logT      logTc     logg      logR      logrhoc   Y         Yc        Z         FeH       OFe       
   82.0000    0.4980    0.4950    0.0030    1.4169    4.4648    8.1270    5.5303   10.1449    4.2847    0.2450    0.2273    0.0001   -2.2600    0.5000
   82.0000    0.5000    0.4950    0.0050    1.4199    4.4406    8.1266    5.4323   10.1948    4.2823    0.2450    0.2320    0.0001   -2.2600    0.5000
   82.0000    0.5050    0.4950    0.0100    1.4347    4.3980    8.1299    5.2515   10.2874    4.2824    0.2450    0.2143    0.0001   -2.2600    0.5000
   82.0000    0.5100    0.4950    0.0150    1.4462    4.3654    8.1321    5.1136   10.3584    4.2819    0.2450    0.2032    0.0001   -2.2600    0.5000
   82.0000    0.5150    0.4950    0.0200    1.4645    4.3384    8.1390    4.9917   10.4215    4.2905    0.2450    0.1698    0.0001   -2.2600    0.5000
   82.0000    0.5200    0.4950    0.0250    1.4731    4.3140    8.1405    4.8898   10.4746    4.2900    0.2450    0.1642    0.0001   -2.2600    0.5000
   82.0000    0.5300    0.4950    0.0350    1.4949    4.2721    8.1479    4.7085   10.5693    4.2993    0.2450    0.1351    0.0001   -2.2600    0.5000
   82.0000    0.5400    0.4950    0.0450    1.5027    4.2377    8.1455    4.5714   10.6420    4.2899    0.2450    0.1455    0.0001   -2.2600    0.5000
   82.0000    0.5600    0.4950    0.0650    1.5361    4.1768    8.1545    4.3099   10.7806    4.3010    0.2450    0.1155    0.0001   -2.2600    0.5000
   82.0000    0.5800    0.4950    0.0850    1.5716    4.1250    8.1636    4.0826   10.9019    4.3145    0.2450    0.0883    0.0001   -2.2600    0.5000
   82.0000    0.6000    0.4950    0.1050    1.6102    4.0765    8.1696    3.8646   11.0182    4.3225    0.2450    0.0749    0.0001   -2.2600    0.5000
   82.0000    0.6400    0.4950    0.1450    1.6975    3.9742    8.1807    3.3961   11.2664    4.3387    0.2450    0.0547    0.0001   -2.2600    0.5000
   82.0000    0.7200    0.4950    0.2250    1.8129    3.7806    8.1933    2.5576   11.7113    4.3544    0.2450    0.0381    0.0001   -2.2600    0.5000
   82.0000    0.7800    0.4950    0.2850    1.8698    3.7267    8.2007    2.3198   11.8476    4.3639    0.2450    0.0304    0.0001   -2.2600    0.5000
#   age       Mtot      Mc        Menv      logL      logT      logTc     logg      logR      logrhoc   Y         Yc        Z         FeH       OFe       
   83.0000    0.4980    0.4950    0.0030    1.4202    4.4652    8.1287    5.5287   10.1457    4.2869    0.2450    0.2170    0.0001   -2.2600    0.5000
   83.0000    0.5000    0.4950    0.0050    1.4231    4.4409    8.1283    5.4304   10.1957    4.2845    0.2450    0.2217    0.0001   -2.2600    0.5000
   83.0000    0.5050    0.4950    0.0100    1.4379    4.3982    8.1315    5.2490   10.2886    4.2846    0.2450    0.2043    0.0001   -2.2600    0.5000
   83.0000    0.5100    0.4950    0.0150    1.4496    4.3656    8.1341    5.1112   10.3597    4.2851    0.2450    0.1926    0.0001   -2.2600    0.5000
   83.0000    0.5150    0.4950    0.0200    1.4681    4.3386    8.1412    4.9890   10.4228    4.2943    0.2450    0.1588    0.0001   -2.2600    0.5000
   83.0000    0.5200    0.4950    0.0250    1.4768    4.3141    8.1428    4.8865   10.4762    4.2940    0.2450    0.1529    0.0001   -2.2600    0.5000
   83.0000    0.5300    0.4950    0.0350    1.4987    4.2725    8.1509    4.7063   10.5704    4.3059    0.2450    0.1236    0.0001   -2.2600    0.5000
   83.0000    0.5400    0.4950    0.0450    1.5062    4.2379    8.1483    4.5688   10.6433    4.2958    0.2450    0.1352    0.0001   -2.2600    0.5000
   83.0000    0.5600    0.4950    0.0650    1.5398    4.1766    8.1575    4.3057   10.7827    4.3075    0.2450    0.1042    0.0001   -2.2600    0.5000
   83.0000    0.5800    0.4950    0.0850    1.5761    4.1249    8.1675    4.0779   10.9043    4.3241    0.2450    0.0775    0.0001   -2.2600    0.5000
   83.0000    0.6000    0.4950    0.1050    1.6172    4.0754    8.1745    3.8535   11.0238    4.3350    0.2450    0.0649    0.0001   -2.2600    0.5000
   83.0000    0.6400    0.4950    0.1450    1.7084    3.9679    8.1862    3.3601   11.2844    4.3543    0.2450    0.0450    0.0001   -2.2600    0.5000
   83.0000    0.7200    0.4950    0.2250    1.8252    3.7649    8.1995    2.4825   11.7489    4.3729    0.2450    0.0302    0.0001   -2.2600    0.5000
   83.0000    0.7800    0.4950    0.2850    1.8895    3.7201    8.2099    2.2738   11.8706    4.3941    0.2450    0.0213    0.0001   -2.2600    0.5000
#   age       Mtot      Mc        Menv      logL      logT      logTc     logg      logR      logrhoc   Y         Yc        Z         FeH       OFe       
   84.0000    0.4980    0.4950    0.0030    1.4236    4.4656    8.1303    5.5270   10.1465    4.2891    0.2450    0.2067    0.0001   -2.2600    0.5000
   84.0000    0.5000    0.4950    0.0050    1.4264    4.4412    8.1299    5.4285   10.1966    4.2867    0.2450    0.2115    0.0001   -2.2600    0.5000
   84.0000    0.5050    0.4950    0.0100    1.4413    4.3986    8.1334    5.2470   10.2896    4.2876    0.2450    0.1938    0.0001   -2.2600    0.5000
   84.0000    0.5100    0.4950    0.0150    1.4532    4.3659    8.1362    5.1089   10.3608    4.2888    0.2450    0.1818    0.0001   -2.2600    0.5000
   84.0000    0.5150    0.4950    0.0200    1.4717    4.3389    8.1436    4.9866   10.4240    4.2985    0.2450    0.1478    0.0001   -2.2600    0.5000
   84.0000    0.5200    0.4950    0.0250    1.4805    4.3145    8.1456    4.8847   10.4771    4.2997    0.2450    0.1417    0.0001   -2.2600    0.5000
   84.0000    0.5300    0.4950    0.0350    1.5025    4.2729    8.1540    4.7042   10.5716    4.3125    0.2450    0.1120    0.0001   -2.2600    0.5000
   84.0000    0.5400    0.4950    0.0450    1.5097    4.2382    8.1511    4.5662   10.6446    4.3017    0.2450    0.1248    0.0001   -2.2600    0.5000
   84.0000    0.5600    0.4950    0.0650    1.5436    4.1769    8.1609    4.3029   10.7841    4.3155    0.2450    0.0936    0.0001   -2.2600    0.5000
   84.0000    0.5800    0.4950    0.0850    1.5810    4.1253    8.1720    4.0745   10.9059    4.3356    0.2450    0.0678    0.0001   -2.2600    0.5000
   84.0000    0.6000    0.4950    0.1050    1.6242    4.0744    8.1793    3.8424   11.0293    4.3475    0.2450    0.0548    0.0001   -2.2600    0.5000
   84.0000    0.6400    0.4950    0.1450    1.7212    3.9599    8.1921    3.3154   11.3068    4.3719    0.2450    0.0365    0.0001   -2.2600    0.5000
   84.0000    0.7200    0.4950    0.2250    1.8458    3.7442    8.2083    2.3793   11.8004    4.4012    0.2450    0.0214    0.0001   -2.2600    0.5000
   84.0000    0.7800    0.4950    0.2850    1.9190    3.7129    8.2237    2.2157   11.8996    4.4439    0.2450    0.0114    0.0001   -2.2600    0.5000
#   age       Mtot      Mc        Menv      logL      logT      logTc     logg      logR      logrhoc   Y         Yc        Z         FeH       OFe       
   85.0000    0.4980    0.4950    0.0030    1.4270    4.4661    8.1321    5.5256   10.1472    4.2917    0.2450    0.1965    0.0001   -2.2600    0.5000
   85.0000    0.5000    0.4950    0.0050    1.4297    4.4416    8.1316    5.4266   10.1976    4.2889    0.2450    0.2012    0.0001   -2.2600    0.5000
   85.0000    0.5050    0.4950    0.0100    1.4448    4.3990    8.1355    5.2453   10.2904    4.2912    0.2450    0.1831    0.0001   -2.2600    0.5000
   85.0000    0.5100    0.4950    0.0150    1.4568    4.3663    8.1384    5.1067   10.3619    4.2925    0.2450    0.1709    0.0001   -2.2600    0.5000
   85.0000    0.5150    0.4950    0.0200    1.4753    4.3396    8.1465    4.9857   10.4245    4.3046    0.2450    0.1370    0.0001   -2.2600    0.5000
   85.0000    0.5200    0.4950    0.0250    1.4842    4.3152    8.1486    4.8833   10.4778    4.3060    0.2450    0.1305    0.0001   -2.2600    0.5000
   85.0000    0.5300    0.4950    0.0350    1.5064    4.2733    8.1571    4.7020   10.5727    4.3191    0.2450    0.1004    0.0001   -2.2600    0.5000
   85.0000    0.5400    0.4950    0.0450    1.5131    4.2384    8.1540    4.5636   10.6459    4.3076    0.2450    0.1145    0.0001   -2.2600    0.5000
   85.0000    0.5600    0.4950    0.0650    1.5473    4.1773    8.1646    4.3010   10.7851    4.3243    0.2450    0.0836    0.0001   -2.2600    0.5000
   85.0000    0.5800    0.4950    0.0850    1.5860    4.1258    8.1767    4.0715   10.9074    4.3477    0.2450    0.0586    0.0001   -2.2600    0.5000
   85.0000    0.6000    0.4950    0.1050    1.6322    4.0732    8.1846    3.8296   11.0357    4.3622    0.2450    0.0452    0.0001   -2.2600    0.5000
   85.0000    0.6400    0.4950    0.1450    1.7360    3.9499    8.1984    3.2605   11.3343    4.3912    0.2450    0.0287    0.0001   -2.2600    0.5000
   85.0000    0.7200    0.4950    0.2250    1.8765    3.7287    8.2207    2.2863   11.8469    4.4457    0.2450    0.0125    0.0001   -2.2600    0.5000
   85.0000    0.7800    0.4950    0.2850    2.0030    3.6994    8.2597    2.0774   11.9688    4.5972    0.2450    0.0017    0.0001   -2.2600    0.5000
#   age       Mtot      Mc        Menv      logL      logT      logTc     logg      logR      logrhoc   Y         Yc        Z         FeH       OFe       
   86.0000    0.4980    0.4950    0.0030    1.4303    4.4668    8.1341    5.5249   10.1476    4.2951    0.2450    0.1864    0.0001   -2.2600    0.5000
   86.0000    0.5000    0.4950    0.0050    1.4331    4.4421    8.1336    5.4254   10.1982    4.2921    0.2450    0.1909    0.0001   -2.2600    0.5000
   86.0000    0.5050    0.4950    0.0100    1.4483    4.3995    8.1377    5.2436   10.2913    4.2949    0.2450    0.1724    0.0001   -2.2600    0.5000
   86.0000    0.5100    0.4950    0.0150    1.4604    4.3666    8.1406    5.1045   10.3630    4.2962    0.2450    0.1601    0.0001   -2.2600    0.5000
   86.0000    0.5150    0.4950    0.0200    1.4789    4.3403    8.1493    4.9848   10.4249    4.3107    0.2450    0.1262    0.0001   -2.2600    0.5000
   86.0000    0.5200    0.4950    0.0250    1.4880    4.3158    8.1516    4.8819   10.4785    4.3123    0.2450    0.1192    0.0001   -2.2600    0.5000
   86.0000    0.5300    0.4950    0.0350    1.5098    4.2742    8.1606    4.7022   10.5725    4.3274    0.2450    0.0905    0.0001   -2.2600    0.5000
   86.0000    0.5400    0.4950    0.0450    1.5166    4.2386    8.1568    4.5610   10.6472    4.3135    0.2450    0.1042    0.0001   -2.2600    0.5000
   86.0000    0.5600    0.4950    0.0650    1.5511    4.1779    8.1684    4.2995   10.7858    4.3336    0.2450    0.0736    0.0001   -2.2600    0.5000
   86.0000    0.5800    0.4950    0.0850    1.5910    4.1263    8.1814    4.0685   10.9089    4.3600    0.2450    0.0493    0.0001   -2.2600    0.5000
   86.0000    0.6000    0.4950    0.1050    1.6424    4.0713    8.1909    3.8121   11.0445    4.3805    0.2450    0.0362    0.0001   -2.2600    0.5000
   86.0000    0.6400    0.4950    0.1450    1.7575    3.9336    8.2069    3.1740   11.3776    4.4188    0.2450    0.0202    0.0001   -2.2600    0.5000
   86.0000    0.7200    0.4950    0.2250    1.9567    3.7079    8.2515    2.1231   11.9286    4.5764    0.2450    0.0032    0.0001   -2.2600    0.5000
   86.0000    0.7800    0.4950    0.2850    2.2254    3.6786    8.2389    1.7720   12.1215    5.0874    0.2450    0.0000    0.0001   -2.2600    0.5000
#   age       Mtot      Mc        Menv      logL      logT      logTc     logg      logR      logrhoc   Y         Yc        Z         FeH       OFe       
   87.0000    0.4980    0.4950    0.0030    1.4337    4.4674    8.1362    5.5241   10.1480    4.2985    0.2450    0.1763    0.0001   -2.2600    0.5000
   87.0000    0.5000    0.4950    0.0050    1.4365    4.4427    8.1356    5.4243   10.1987    4.2956    0.2450    0.1806    0.0001   -2.2600    0.5000
   87.0000    0.5050    0.4950    0.0100    1.4518    4.3999    8.1398    5.2419   10.2921    4.2986    0.2450    0.1616    0.0001   -2.2600    0.5000
   87.0000    0.5100    0.4950    0.0150    1.4639    4.3670    8.1428    5.1024   10.3641    4.3001    0.2450    0.1493    0.0001   -2.2600    0.5000
   87.0000    0.5150    0.4950    0.0200    1.4825    4.3409    8.1522    4.9838   10.4254    4.3167    0.2450    0.1154    0.0001   -2.2600    0.5000
   87.0000    0.5200    0.4950    0.0250    1.4917    4.3164    8.1546    4.8805   10.4792    4.3186    0.2450    0.1080    0.0001   -2.2600    0.5000
   87.0000    0.5300    0.4950    0.0350    1.5132    4.2752    8.1641    4.7025   10.5723    4.3359    0.2450    0.0807    0.0001   -2.2600    0.5000
   87.0000    0.5400    0.4950    0.0450    1.5201    4.2392    8.1600    4.5597   10.6478    4.3211    0.2450    0.0940    0.0001   -2.2600    0.5000
   87.0000    0.5600    0.4950    0.0650    1.5551    4.1791    8.1731    4.3005   10.7854    4.3458    0.2450    0.0640    0.0001   -2.2600    0.5000
   87.0000    0.5800    0.4950    0.0850    1.5968    4.1272    8.1867    4.0664   10.9099    4.3750    0.2450    0.0405    0.0001   -2.2600    0.5000
   87.0000    0.6000    0.4950    0.1050    1.6556    4.0683    8.1980    3.7867   11.0572    4.4021    0.2450    0.0276    0.0001   -2.2600    0.5000
   87.0000    0.6400    0.4950    0.1450    1.7920    3.9010    8.2186    3.0093   11.4599    4.4608    0.2450    0.0122    0.0001   -2.2600    0.5000
   87.0000    0.7200    0.4950    0.2250    2.2339    3.6778    8.2488    1.7252   12.1275    5.0628    0.2450    0.0000    0.0001   -2.2600    0.5000
   87.0000    0.7800    0.4950    0.2850    2.1935    3.6812    8.2047    1.8141   12.1005    5.1720    0.2450    0.0000    0.0001   -2.2600    0.5000
#   age       Mtot      Mc        Menv      logL      logT      logTc     logg      logR      logrhoc   Y         Yc        Z         FeH       OFe       
   88.0000    0.4980    0.4950    0.0030    1.4370    4.4681    8.1382    5.5234   10.1484    4.3019    0.2450    0.1662    0.0001   -2.2600    0.5000
   88.0000    0.5000    0.4950    0.0050    1.4399    4.4433    8.1376    5.4233   10.1993    4.2990    0.2450    0.1703    0.0001   -2.2600    0.5000
   88.0000    0.5050    0.4950    0.0100    1.4553    4.4004    8.1419    5.2401   10.2929    4.3022    0.2450    0.1509    0.0001   -2.2600    0.5000
   88.0000    0.5100    0.4950    0.0150    1.4675    4.3677    8.1456    5.1019   10.3644    4.3060    0.2450    0.1388    0.0001   -2.2600    0.5000
   88.0000    0.5150    0.4950    0.0200    1.4861    4.3416    8.1551    4.9829   10.4259    4.3228    0.2450    0.1046    0.0001   -2.2600    0.5000
   88.0000    0.5200    0.4950    0.0250    1.4953    4.3171    8.1578    4.8798   10.4795    4.3256    0.2450    0.0970    0.0001   -2.2600    0.5000
   88.0000    0.5300    0.4950    0.0350    1.5165    4.2764    8.1680    4.7042   10.5715    4.3454    0.2450    0.0713    0.0001   -2.2600    0.5000
   88.0000    0.5400    0.4950    0.0450    1.5237    4.2400    8.1636    4.5593   10.6480    4.3297    0.2450    0.0839    0.0001   -2.2600    0.5000
   88.0000    0.5600    0.4950    0.0650    1.5592    4.1803    8.1779    4.3014   10.7849    4.3579    0.2450    0.0543    0.0001   -2.2600    0.5000
   88.0000    0.5800    0.4950    0.0850    1.6049    4.1282    8.1936    4.0622   10.9121    4.3952    0.2450    0.0315    0.0001   -2.2600    0.5000
   88.0000    0.6000    0.4950    0.1050    1.6724    4.0638    8.2060    3.7518   11.0746    4.4274    0.2450    0.0199    0.0001   -2.2600    0.5000
   88.0000    0.6400    0.4950    0.1450    1.8900    3.7736    8.2474    2.4014   11.7638    4.5850    0.2450    0.0034    0.0001   -2.2600    0.5000
   88.0000    0.7200    0.4950    0.2250    2.1768    3.6826    8.2073    1.8016   12.0893    5.1599    0.2450    0.0000    0.0001   -2.2600    0.5000
   88.0000    0.7800    0.4950    0.2850    2.1897    3.6814    8.1820    1.8190   12.0980    5.2311    0.2450    0.0000    0.0001   -2.2600    0.5000
#   age       Mtot      Mc        Menv      logL      logT      logTc     logg      logR      logrhoc   Y         Yc        Z         FeH       OFe       
   89.0000    0.4980    0.4950    0.0030    1.4404    4.4687    8.1403    5.5226   10.1488    4.3053    0.2450    0.1560    0.0001   -2.2600    0.5000
   89.0000    0.5000    0.4950    0.0050    1.4433    4.4439    8.1396    5.4222   10.1999    4.3025    0.2450    0.1600    0.0001   -2.2600    0.5000
   89.0000    0.5050    0.4950    0.0100    1.4587    4.4012    8.1445    5.2400   10.2930    4.3074    0.2450    0.1411    0.0001   -2.2600    0.5000
   89.0000    0.5100    0.4950    0.0150    1.4710    4.3685    8.1484    5.1014   10.3646    4.3119    0.2450    0.1283    0.0001   -2.2600    0.5000
   89.0000    0.5150    0.4950    0.0200    1.4896    4.3426    8.1584    4.9833   10.4257    4.3305    0.2450    0.0941    0.0001   -2.2600    0.5000
   89.0000    0.5200    0.4950    0.0250    1.4989    4.3183    8.1615    4.8809   10.4790    4.3345    0.2450    0.0867    0.0001   -2.2600    0.5000
   89.0000    0.5300    0.4950    0.0350    1.5197    4.2781    8.1724    4.7077   10.5697    4.3566    0.2450    0.0624    0.0001   -2.2600    0.5000
   89.0000    0.5400    0.4950    0.0450    1.5272    4.2409    8.1673    4.5593   10.6480    4.3387    0.2450    0.0740    0.0001   -2.2600    0.5000
   89.0000    0.5600    0.4950    0.0650    1.5633    4.1821    8.1831    4.3040   10.7836    4.3719    0.2450    0.0452    0.0001   -2.2600    0.5000
   89.0000    0.5800    0.4950    0.0850    1.6151    4.1291    8.2014    4.0556   10.9154    4.4190    0.2450    0.0237    0.0001   -2.2600    0.5000
   89.0000    0.6000    0.4950    0.1050    1.7038    4.0506    8.2177    3.6677   11.1167    4.4694    0.2450    0.0118    0.0001   -2.2600    0.5000
   89.0000    0.6400    0.4950    0.1450    2.2171    3.6816    8.2550    1.7065   12.1112    5.0576    0.2450    0.0000    0.0001   -2.2600    0.5000
   89.0000    0.7200    0.4950    0.2250    2.1561    3.6842    8.1792    1.8285   12.0759    5.2260    0.2450    0.0000    0.0001   -2.2600    0.5000
   89.0000    0.7800    0.4950    0.2850    2.1859    3.6817    8.1594    1.8239   12.0956    5.2902    0.2450    0.0000    0.0001   -2.2600    0.5000
#   age       Mtot      Mc        Menv      logL      logT      logTc     logg      logR      logrhoc   Y         Yc        Z         FeH       OFe       
   90.0000    0.4980    0.4950    0.0030    1.4437    4.4695    8.1425    5.5225   10.1489    4.3094    0.2450    0.1462    0.0001   -2.2600    0.5000
   90.0000    0.5000    0.4950    0.0050    1.4467    4.4445    8.1417    5.4211   10.2004    4.3059    0.2450    0.1498    0.0001   -2.2600    0.5000
   90.0000    0.5050    0.4950    0.0100    1.4620    4.4020    8.1471    5.2399   10.2931    4.3128    0.2450    0.1313    0.0001   -2.2600    0.5000
   90.0000    0.5100    0.4950    0.0150    1.4745    4.3692    8.1512    5.1009   10.3649    4.3178    0.2450    0.1178    0.0001   -2.2600    0.5000
   90.0000    0.5150    0.4950    0.0200    1.4932    4.3438    8.1622    4.9848   10.4249    4.3393    0.2450    0.0839    0.0001   -2.2600    0.5000
   90.0000    0.5200    0.4950    0.0250    1.5024    4.3195    8.1652    4.8820   10.4785    4.3434    0.2450    0.0763    0.0001   -2.2600    0.5000
   90.0000    0.5300    0.4950    0.0350    1.5228    4.2797    8.1767    4.7112   10.5680    4.3677    0.2450    0.0536    0.0001   -2.2600    0.5000
   90.0000    0.5400    0.4950    0.0450    1.5302    4.2424    8.1715    4.5623   10.6465    4.3495    0.2450    0.0655    0.0001   -2.2600    0.5000
   90.0000    0.5600    0.4950    0.0650    1.5676    4.1843    8.1890    4.3087   10.7812    4.3888    0.2450    0.0366    0.0001   -2.2600    0.5000
   90.0000    0.5800    0.4950    0.0850    1.6317    4.1285    8.2113    4.0365   10.9249    4.4521    0.2450    0.0158    0.0001   -2.2600    0.5000
   90.0000    0.6000    0.4950    0.1050    1.8110    3.9688    8.2465    3.2333   11.3339    4.5939    0.2450    0.0033    0.0001   -2.2600    0.5000
   90.0000    0.6400    0.4950    0.1450    2.1473    3.6888    8.2047    1.8052   12.0620    5.1727    0.2450    0.0000    0.0001   -2.2600    0.5000
   90.0000    0.7200    0.4950    0.2250    2.1547    3.6843    8.1601    1.8304   12.0749    5.2786    0.2450    0.0000    0.0001   -2.2600    0.5000
   90.0000    0.7800    0.4950    0.2850    2.2093    3.6799    8.1518    1.7934   12.1108    5.3334    0.2450    0.0000    0.0001   -2.2600    0.5000
#   age       Mtot      Mc        Menv      logL      logT      logTc     logg      logR      logrhoc   Y         Yc        Z         FeH       OFe       
   91.0000    0.4980    0.4950    0.0030    1.4468    4.4705    8.1450    5.5232   10.1485    4.3146    0.2450    0.1368    0.0001   -2.2600    0.5000
   91.0000    0.5000    0.4950    0.0050    1.4498    4.4454    8.1441    5.4216   10.2002    4.3110    0.2450    0.1406    0.0001   -2.2600    0.5000
   91.0000    0.5050    0.4950    0.0100    1.4654    4.4028    8.1497    5.2399   10.2931    4.3182    0.2450    0.1216    0.0001   -2.2600    0.5000
   91.0000    0.5100    0.4950    0.0150    1.4781    4.3700    8.1541    5.1003   10.3651    4.3236    0.2450    0.1072    0.0001   -2.2600    0.5000
   91.0000    0.5150    0.4950    0.0200    1.4967    4.3452    8.1660    4.9867   10.4240    4.3485    0.2450    0.0738    0.0001   -2.2600    0.5000
   91.0000    0.5200    0.4950    0.0250    1.5055    4.3211    8.1694    4.8857   10.4766    4.3541    0.2450    0.0673    0.0001   -2.2600    0.5000
   91.0000    0.5300    0.4950    0.0350    1.5259    4.2818    8.1816    4.7167   10.5653    4.3809    0.2450    0.0450    0.0001   -2.2600    0.5000
   91.0000    0.5400    0.4950    0.0450    1.5333    4.2439    8.1757    4.5653   10.6450    4.3603    0.2450    0.0569    0.0001   -2.2600    0.5000
   91.0000    0.5600    0.4950    0.0650    1.5725    4.1871    8.1957    4.3150   10.7781    4.4085    0.2450    0.0285    0.0001   -2.2600    0.5000
   91.0000    0.5800    0.4950    0.0850    1.6801    4.1140    8.2294    3.9301   10.9781    4.5235    0.2450    0.0076    0.0001   -2.2600    0.5000
   91.0000    0.6000    0.4950    0.1050    2.1743    3.6907    8.2525    1.7575   12.0717    5.0578    0.2450    0.0000    0.0001   -2.2600    0.5000
   91.0000    0.6400    0.4950    0.1450    2.1404    3.6898    8.1836    1.8158   12.0567    5.2213    0.2450    0.0000    0.0001   -2.2600    0.5000
   91.0000    0.7200    0.4950    0.2250    2.1753    3.6828    8.1512    1.8038   12.0882    5.3157    0.2450    0.0000    0.0001   -2.2600    0.5000
   91.0000    0.7800    0.4950    0.2850    2.2382    3.6777    8.1471    1.7556   12.1297    5.3744    0.2450    0.0000    0.0001   -2.2600    0.5000
#   age       Mtot      Mc        Menv      logL      logT      logTc     logg      logR      logrhoc   Y         Yc        Z         FeH       OFe       
   92.0000    0.4980    0.4950    0.0030    1.4500    4.4714    8.1475    5.5239   10.1481    4.3199    0.2450    0.1275    0.0001   -2.2600    0.5000
   92.0000    0.5000    0.4950    0.0050    1.4529    4.4463    8.1466    5.4220   10.2000    4.3161    0.2450    0.1315    0.0001   -2.2600    0.5000
   92.0000    0.5050    0.4950    0.0100    1.4687    4.4036    8.1523    5.2398   10.2932    4.3236    0.2450    0.1118    0.0001   -2.2600    0.5000
   92.0000    0.5100    0.4950    0.0150    1.4815    4.3709    8.1571    5.1006   10.3650    4.3303    0.2450    0.0970    0.0001   -2.2600    0.5000
   92.0000    0.5150    0.4950    0.0200    1.4998    4.3470    8.1704    4.9912   10.4217    4.3598    0.2450    0.0647    0.0001   -2.2600    0.5000
   92.0000    0.5200    0.4950    0.0250    1.5086    4.3229    8.1737    4.8898   10.4746    4.3651    0.2450    0.0585    0.0001   -2.2600    0.5000
   92.0000    0.5300    0.4950    0.0350    1.5289    4.2846    8.1873    4.7247   10.5613    4.3968    0.2450    0.0368    0.0001   -2.2600    0.5000
   92.0000    0.5400    0.4950    0.0450    1.5364    4.2455    8.1801    4.5688   10.6432    4.3719    0.2450    0.0484    0.0001   -2.2600    0.5000
   92.0000    0.5600    0.4950    0.0650    1.5787    4.1907    8.2038    4.3233   10.7739    4.4330    0.2450    0.0206    0.0001   -2.2600    0.5000
   92.0000    0.5800    0.4950    0.0850    1.8827    3.9860    8.2610    3.2154   11.3356    4.7949    0.2450    0.0000    0.0001   -2.2600    0.5000
   92.0000    0.6000    0.4950    0.1050    2.1289    3.6963    8.2064    1.8253   12.0379    5.1676    0.2450    0.0000    0.0001   -2.2600    0.5000
   92.0000    0.6400    0.4950    0.1450    2.1335    3.6907    8.1624    1.8263   12.0514    5.2699    0.2450    0.0000    0.0001   -2.2600    0.5000
   92.0000    0.7200    0.4950    0.2250    2.1965    3.6812    8.1427    1.7764   12.1019    5.3530    0.2450    0.0000    0.0001   -2.2600    0.5000
   92.0000    0.7800    0.4950    0.2850    2.2778    3.6746    8.1469    1.7032   12.1559    5.4201    0.2450    0.0000    0.0001   -2.2600    0.5000
#   age       Mtot      Mc        Menv      logL      logT      logTc     logg      logR      logrhoc   Y         Yc        Z         FeH       OFe       
   93.0000    0.4980    0.4950    0.0030    1.4532    4.4724    8.1501    5.5246   10.1478    4.3251    0.2450    0.1181    0.0001   -2.2600    0.5000
   93.0000    0.5000    0.4950    0.0050    1.4560    4.4472    8.1490    5.4225   10.1997    4.3211    0.2450    0.1223    0.0001   -2.2600    0.5000
   93.0000    0.5050    0.4950    0.0100    1.4721    4.4044    8.1549    5.2398   10.2932    4.3289    0.2450    0.1021    0.0001   -2.2600    0.5000
   93.0000    0.5100    0.4950    0.0150    1.4848    4.3721    8.1606    5.1024   10.3641    4.3388    0.2450    0.0872    0.0001   -2.2600    0.5000
   93.0000    0.5150    0.4950    0.0200    1.5028    4.3489    8.1748    4.9957   10.4195    4.3712    0.2450    0.0557    0.0001   -2.2600    0.5000
   93.0000    0.5200    0.4950    0.0250    1.5116    4.3247    8.1780    4.8939   10.4725    4.3762    0.2450    0.0497    0.0001   -2.2600    0.5000
   93.0000    0.5300    0.4950    0.0350    1.5319    4.2880    8.1938    4.7354   10.5559    4.4156    0.2450    0.0287    0.0001   -2.2600    0.5000
   93.0000    0.5400    0.4950    0.0450    1.5398    4.2479    8.1856    4.5750   10.6401    4.3869    0.2450    0.0399    0.0001   -2.2600    0.5000
   93.0000    0.5600    0.4950    0.0650    1.5912    4.1952    8.2154    4.3286   10.7712    4.4731    0.2450    0.0126    0.0001   -2.2600    0.5000
   93.0000    0.5800    0.4950    0.0850    2.1073    3.7127    8.2274    1.8978   11.9943    5.1173    0.2450    0.0000    0.0001   -2.2600    0.5000
   93.0000    0.6000    0.4950    0.1050    2.1165    3.6987    8.1838    1.8474   12.0269    5.2192    0.2450    0.0000    0.0001   -2.2600    0.5000
   93.0000    0.6400    0.4950    0.1450    2.1311    3.6911    8.1437    1.8304   12.0494    5.3162    0.2450    0.0000    0.0001   -2.2600    0.5000
   93.0000    0.7200    0.4950    0.2250    2.2291    3.6784    8.1418    1.7328   12.1237    5.3931    0.2450    0.0000    0.0001   -2.2600    0.5000
   93.0000    0.7800    0.4950    0.2850    2.3265    3.6716    8.1472    1.6426   12.1862    5.4720    0.2450    0.0000    0.0001   -2.2600    0.5000
#   age       Mtot      Mc        Menv      logL      logT      logTc     logg      logR      logrhoc   Y         Yc        Z         FeH       OFe       
   94.0000    0.4980    0.4950    0.0030    1.4564    4.4734    8.1526    5.5253   10.1474    4.3303    0.2450    0.1087    0.0001   -2.2600    0.5000
   94.0000    0.5000    0.4950    0.0050    1.4590    4.4480    8.1515    5.4229   10.1995    4.3262    0.2450    0.1132    0.0001   -2.2600    0.5000
   94.0000    0.5050    0.4950    0.0100    1.4751    4.4056    8.1580    5.2414   10.2924    4.3360    0.2450    0.0930    0.0001   -2.2600    0.5000
   94.0000    0.5100    0.4950    0.0150    1.4881    4.3734    8.1641    5.1042   10.3632    4.3472    0.2450    0.0774    0.0001   -2.2600    0.5000
   94.0000    0.5150    0.4950    0.0200    1.5058    4.3511    8.1795    5.0013   10.4167    4.3837    0.2450    0.0469    0.0001   -2.2600    0.5000
   94.0000    0.5200    0.4950    0.0250    1.5146    4.3272    8.1833    4.9011   10.4689    4.3908    0.2450    0.0412    0.0001   -2.2600    0.5000
   94.0000    0.5300    0.4950    0.0350    1.5348    4.2925    8.2015    4.7505   10.5483    4.4385    0.2450    0.0214    0.0001   -2.2600    0.5000
   94.0000    0.5400    0.4950    0.0450    1.5429    4.2510    8.1917    4.5844   10.6355    4.4048    0.2450    0.0320    0.0001   -2.2600    0.5000
   94.0000    0.5600    0.4950    0.0650    1.6465    4.1948    8.2420    4.2721   10.7996    4.5813    0.2450    0.0044    0.0001   -2.2600    0.5000
   94.0000    0.5800    0.4950    0.0850    2.0760    3.7284    8.1862    1.9920   11.9471    5.2098    0.2450    0.0000    0.0001   -2.2600    0.5000
   94.0000    0.6000    0.4950    0.1050    2.1042    3.7012    8.1613    1.8696   12.0158    5.2707    0.2450    0.0000    0.0001   -2.2600    0.5000
   94.0000    0.6400    0.4950    0.1450    2.1538    3.6887    8.1386    1.7978   12.0656    5.3493    0.2450    0.0000    0.0001   -2.2600    0.5000
   94.0000    0.7200    0.4950    0.2250    2.2671    3.6752    8.1415    1.6823   12.1490    5.4368    0.2450    0.0000    0.0001   -2.2600    0.5000
   94.0000    0.7800    0.4950    0.2850    2.3874    3.6671    8.1473    1.5640   12.2254    5.5329    0.2450    0.0000    0.0001   -2.2600    0.5000
#   age       Mtot      Mc        Menv      logL      logT      logTc     logg      logR      logrhoc   Y         Yc        Z         FeH       OFe       
   95.0000    0.4980    0.4950    0.0030    1.4595    4.4744    8.1551    5.5261   10.1470    4.3357    0.2450    0.0994    0.0001   -2.2600    0.5000
   95.0000    0.5000    0.4950    0.0050    1.4621    4.4489    8.1539    5.4234   10.1993    4.3313    0.2450    0.1040    0.0001   -2.2600    0.5000
   95.0000    0.5050    0.4950    0.0100    1.4780    4.4068    8.1612    5.2434   10.2914    4.3436    0.2450    0.0840    0.0001   -2.2600    0.5000
   95.0000    0.5100    0.4950    0.0150    1.4911    4.3751    8.1683    5.1081   10.3612    4.3576    0.2450    0.0683    0.0001   -2.2600    0.5000
   95.0000    0.5150    0.4950    0.0200    1.5085    4.3538    8.1849    5.0092   10.4127    4.3986    0.2450    0.0386    0.0001   -2.2600    0.5000
   95.0000    0.5200    0.4950    0.0250    1.5172    4.3303    8.1893    4.9110   10.4640    4.4081    0.2450    0.0332    0.0001   -2.2600    0.5000
   95.0000    0.5300    0.4950    0.0350    1.5402    4.2993    8.2126    4.7719   10.5376    4.4763    0.2450    0.0134    0.0001   -2.2600    0.5000
   95.0000    0.5400    0.4950    0.0450    1.5462    4.2550    8.1989    4.5968   10.6292    4.4261    0.2450    0.0245    0.0001   -2.2600    0.5000
   95.0000    0.5600    0.4950    0.0650    2.0202    3.9778    8.2639    3.0304   11.4204    5.0254    0.2450    0.0000    0.0001   -2.2600    0.5000
   95.0000    0.5800    0.4950    0.0850    2.0757    3.7284    8.1681    1.9921   11.9471    5.2502    0.2450    0.0000    0.0001   -2.2600    0.5000
   95.0000    0.6000    0.4950    0.1050    2.1033    3.7016    8.1443    1.8722   12.0145    5.3150    0.2450    0.0000    0.0001   -2.2600    0.5000
   95.0000    0.6400    0.4950    0.1450    2.1765    3.6862    8.1335    1.7653   12.0819    5.3823    0.2450    0.0000    0.0001   -2.2600    0.5000
   95.0000    0.7200    0.4950    0.2250    2.3139    3.6720    8.1415    1.6222   12.1790    5.4866    0.2450    0.0000    0.0001   -2.2600    0.5000
   95.0000    0.7800    0.4950    0.2850    2.4658    3.6619    8.1455    1.4650   12.2750    5.6089    0.2450    0.0000    0.0001   -2.2600    0.5000
#   age       Mtot      Mc        Menv      logL      logT      logTc     logg      logR      logrhoc   Y         Yc        Z         FeH       OFe       
   96.0000    0.4980    0.4950    0.0030    1.4623    4.4757    8.1580    5.5285   10.1458    4.3428    0.2450    0.0911    0.0001   -2.2600    0.5000
   96.0000    0.5000    0.4950    0.0050    1.4653    4.4501    8.1568    5.4249   10.1986    4.3377    0.2450    0.0951    0.0001   -2.2600    0.5000
   96.0000    0.5050    0.4950    0.0100    1.4809    4.4080    8.1644    5.2454   10.2904    4.3511    0.2450    0.0751    0.0001   -2.2600    0.5000
   96.0000    0.5100    0.4950    0.0150    1.4940    4.3770    8.1726    5.1127   10.3589    4.3687    0.2450    0.0593    0.0001   -2.2600    0.5000
   96.0000    0.5150    0.4950    0.0200    1.5110    4.3570    8.1908    5.0194   10.4076    4.4156    0.2450    0.0311    0.0001   -2.2600    0.5000
   96.0000    0.5200    0.4950    0.0250    1.5196    4.3342    8.1961    4.9240   10.4575    4.4284    0.2450    0.0258    0.0001   -2.2600    0.5000
   96.0000    0.5300    0.4950    0.0350    1.5577    4.3145    8.2365    4.8153   10.5159    4.5710    0.2450    0.0055    0.0001   -2.2600    0.5000
   96.0000    0.5400    0.4950    0.0450    1.5510    4.2602    8.2080    4.6128   10.6212    4.4556    0.2450    0.0170    0.0001   -2.2600    0.5000
   96.0000    0.5600    0.4950    0.0650    2.0261    3.9732    8.2176    3.0058   11.4326    5.1372    0.2450    0.0000    0.0001   -2.2600    0.5000
   96.0000    0.5800    0.4950    0.0850    2.0770    3.7275    8.1511    1.9874   11.9494    5.2878    0.2450    0.0000    0.0001   -2.2600    0.5000
   96.0000    0.6000    0.4950    0.1050    2.1232    3.6985    8.1372    1.8397   12.0307    5.3459    0.2450    0.0000    0.0001   -2.2600    0.5000
   96.0000    0.6400    0.4950    0.1450    2.2079    3.6833    8.1324    1.7224   12.1034    5.4197    0.2450    0.0000    0.0001   -2.2600    0.5000
   96.0000    0.7200    0.4950    0.2250    2.3725    3.6681    8.1409    1.5480   12.2161    5.5454    0.2450    0.0000    0.0001   -2.2600    0.5000
   96.0000    0.7800    0.4950    0.2850    2.5632    3.6549    8.1388    1.3393   12.3379    5.7048    0.2450    0.0000    0.0001   -2.2600    0.5000
#   age       Mtot      Mc        Menv      logL      logT      logTc     logg      logR      logrhoc   Y         Yc        Z         FeH       OFe       
   97.0000    0.4980    0.4950    0.0030    1.4652    4.4771    8.1610    5.5309   10.1445    4.3498    0.2450    0.0828    0.0001   -2.2600    0.5000
   97.0000    0.5000    0.4950    0.0050    1.4684    4.4515    8.1600    5.4272   10.1974    4.3453    0.2450    0.0863    0.0001   -2.2600    0.5000
   97.0000    0.5050    0.4950    0.0100    1.4837    4.4098    8.1684    5.2500   10.2881    4.3615    0.2450    0.0669    0.0001   -2.2600    0.5000
   97.0000    0.5100    0.4950    0.0150    1.4970    4.3789    8.1769    5.1174   10.3566    4.3797    0.2450    0.0504    0.0001   -2.2600    0.5000
   97.0000    0.5150    0.4950    0.0200    1.5132    4.3610    8.1979    5.0334   10.4006    4.4369    0.2450    0.0239    0.0001   -2.2600    0.5000
   97.0000    0.5200    0.4950    0.0250    1.5223    4.3390    8.2042    4.9404   10.4492    4.4536    0.2450    0.0187    0.0001   -2.2600    0.5000
   97.0000    0.5300    0.4950    0.0350    1.7204    4.3398    8.2667    4.7540   10.5466    4.9604    0.2450    0.0000    0.0001   -2.2600    0.5000
   97.0000    0.5400    0.4950    0.0450    1.5612    4.2681    8.2219    4.6343   10.6105    4.5058    0.2450    0.0092    0.0001   -2.2600    0.5000
   97.0000    0.5600    0.4950    0.0650    2.0259    3.9700    8.1904    2.9932   11.4389    5.2003    0.2450    0.0000    0.0001   -2.2600    0.5000
   97.0000    0.5800    0.4950    0.0850    2.0815    3.7253    8.1360    1.9741   11.9561    5.3240    0.2450    0.0000    0.0001   -2.2600    0.5000
   97.0000    0.6000    0.4950    0.1050    2.1431    3.6954    8.1300    1.8073   12.0469    5.3769    0.2450    0.0000    0.0001   -2.2600    0.5000
   97.0000    0.6400    0.4950    0.1450    2.2433    3.6800    8.1316    1.6735   12.1278    5.4598    0.2450    0.0000    0.0001   -2.2600    0.5000
   97.0000    0.7200    0.4950    0.2250    2.4448    3.6628    8.1385    1.4544   12.2630    5.6162    0.2450    0.0000    0.0001   -2.2600    0.5000
   97.0000    0.7800    0.4950    0.2850    2.7010    3.6462    8.1206    1.1667   12.4241    5.8303    0.2450    0.0000    0.0001   -2.2600    0.5000
#   age       Mtot      Mc        Menv      logL      logT      logTc     logg      logR      logrhoc   Y         Yc        Z         FeH       OFe       
   98.0000    0.4980    0.4950    0.0030    1.4680    4.4784    8.1640    5.5335   10.1432    4.3571    0.2450    0.0745    0.0001   -2.2600    0.5000
   98.0000    0.5000    0.4950    0.0050    1.4716    4.4529    8.1632    5.4294   10.1962    4.3529    0.2450    0.0775    0.0001   -2.2600    0.5000
   98.0000    0.5050    0.4950    0.0100    1.4865    4.4117    8.1724    5.2546   10.2858    4.3719    0.2450    0.0588    0.0001   -2.2600    0.5000
   98.0000    0.5100    0.4950    0.0150    1.4999    4.3817    8.1822    5.1252   10.3526    4.3945    0.2450    0.0420    0.0001   -2.2600    0.5000
   98.0000    0.5150    0.4950    0.0200    1.5161    4.3668    8.2073    5.0536   10.3905    4.4680    0.2450    0.0163    0.0001   -2.2600    0.5000
   98.0000    0.5200    0.4950    0.0250    1.5267    4.3463    8.2158    4.9653   10.4368    4.4936    0.2450    0.0109    0.0001   -2.2600    0.5000
   98.0000    0.5300    0.4950    0.0350    1.8031    4.3197    8.2108    4.5908   10.6282    5.1387    0.2450    0.0000    0.0001   -2.2600    0.5000
   98.0000    0.5400    0.4950    0.0450    1.5979    4.2861    8.2552    4.6695   10.5929    4.6416    0.2450    0.0012    0.0001   -2.2600    0.5000
   98.0000    0.5600    0.4950    0.0650    2.0258    3.9668    8.1631    2.9806   11.4452    5.2635    0.2450    0.0000    0.0001   -2.2600    0.5000
   98.0000    0.5800    0.4950    0.0850    2.1032    3.7164    8.1308    1.9168   11.9847    5.3531    0.2450    0.0000    0.0001   -2.2600    0.5000
   98.0000    0.6000    0.4950    0.1050    2.1708    3.6925    8.1278    1.7680   12.0665    5.4106    0.2450    0.0000    0.0001   -2.2600    0.5000
   98.0000    0.6400    0.4950    0.1450    2.2859    3.6759    8.1308    1.6143   12.1574    5.5053    0.2450    0.0000    0.0001   -2.2600    0.5000
   98.0000    0.7200    0.4950    0.2250    2.5371    3.6561    8.1310    1.3355   12.3223    5.7064    0.2450    0.0000    0.0001   -2.2600    0.5000
   98.0000    0.7800    0.4950    0.2850    2.9413    3.6310    8.0758    0.8658   12.5746    5.9860    0.2450    0.0000    0.0001   -2.2600    0.5000
#   age       Mtot      Mc        Menv      logL      logT      logTc     logg      logR      logrhoc   Y         Yc        Z         FeH       OFe       
   99.0000    0.4980    0.4950    0.0030    1.4707    4.4804    8.1680    5.5387   10.1407    4.3673    0.2450    0.0663    0.0001   -2.2600    0.5000
   99.0000    0.5000    0.4950    0.0050    1.4743    4.4546    8.1668    5.4335   10.1942    4.3621    0.2450    0.0694    0.0001   -2.2600    0.5000
   99.0000    0.5050    0.4950    0.0100    1.4894    4.4136    8.1764    5.2592   10.2835    4.3823    0.2450    0.0506    0.0001   -2.2600    0.5000
   99.0000    0.5100    0.4950    0.0150    1.5025    4.3849    8.1882    5.1353   10.3476    4.4116    0.2450    0.0339    0.0001   -2.2600    0.5000
   99.0000    0.5150    0.4950    0.0200    1.5232    4.3775    8.2234    5.0895   10.3726    4.5285    0.2450    0.0084    0.0001   -2.2600    0.5000
   99.0000    0.5200    0.4950    0.0250    1.5455    4.3666    8.2454    5.0277   10.4056    4.6144    0.2450    0.0032    0.0001   -2.2600    0.5000
   99.0000    0.5300    0.4950    0.0350    1.8491    4.2994    8.1798    4.4638   10.6917    5.2124    0.2450    0.0000    0.0001   -2.2600    0.5000
   99.0000    0.5400    0.4950    0.0450    1.8892    4.2332    8.2399    4.1669   10.8442    5.0824    0.2450    0.0000    0.0001   -2.2600    0.5000
   99.0000    0.5600    0.4950    0.0650    2.0382    3.9481    8.1452    2.8935   11.4888    5.3053    0.2450    0.0000    0.0001   -2.2600    0.5000
   99.0000    0.5800    0.4950    0.0850    2.1251    3.7076    8.1257    1.8597   12.0133    5.3824    0.2450    0.0000    0.0001   -2.2600    0.5000
   99.0000    0.6000    0.4950    0.1050    2.2007    3.6894    8.1262    1.7258   12.0876    5.4455    0.2450    0.0000    0.0001   -2.2600    0.5000
   99.0000    0.6400    0.4950    0.1450    2.3386    3.6719    8.1291    1.5457   12.1917    5.5587    0.2450    0.0000    0.0001   -2.2600    0.5000
   99.0000    0.7200    0.4950    0.2250    2.6682    3.6478    8.1130    1.1713   12.4045    5.8215    0.2450    0.0000    0.0001   -2.2600    0.5000
#   age       Mtot      Mc        Menv      logL      logT      logTc     logg      logR      logrhoc   Y         Yc        Z         FeH       OFe       
  100.0000    0.4980    0.4950    0.0030    1.4734    4.4823    8.1720    5.5438   10.1381    4.3775    0.2450    0.0582    0.0001   -2.2600    0.5000
  100.0000    0.5000    0.4950    0.0050    1.4768    4.4564    8.1706    5.4384   10.1918    4.3719    0.2450    0.0616    0.0001   -2.2600    0.5000
  100.0000    0.5050    0.4950    0.0100    1.4917    4.4160    8.1812    5.2665   10.2798    4.3954    0.2450    0.0431    0.0001   -2.2600    0.5000
  100.0000    0.5100    0.4950    0.0150    1.5047    4.3886    8.1950    5.1482   10.3412    4.4317    0.2450    0.0263    0.0001   -2.2600    0.5000
  100.0000    0.5150    0.4950    0.0200    1.5452    4.4003    8.2557    5.1586   10.3381    4.6651    0.2450    0.0008    0.0001   -2.2600    0.5000
  100.0000    0.5200    0.4950    0.0250    1.6465    4.4084    8.2448    5.0940   10.3724    5.0329    0.2450    0.0000    0.0001   -2.2600    0.5000
  100.0000    0.5300    0.4950    0.0350    1.8947    4.2785    8.1626    4.3343   10.7564    5.2622    0.2450    0.0000    0.0001   -2.2600    0.5000
  100.0000    0.5400    0.4950    0.0450    1.9060    4.2194    8.1956    4.0950   10.8802    5.1875    0.2450    0.0000    0.0001   -2.2600    0.5000
  100.0000    0.5600    0.4950    0.0650    2.0580    3.9201    8.1333    2.7617   11.5547    5.3353    0.2450    0.0000    0.0001   -2.2600    0.5000
  100.0000    0.5800    0.4950    0.0850    2.1536    3.7017    8.1244    1.8076   12.0393    5.4146    0.2450    0.0000    0.0001   -2.2600    0.5000
  100.0000    0.6000    0.4950    0.1050    2.2373    3.6851    8.1251    1.6719   12.1145    5.4854    0.2450    0.0000    0.0001   -2.2600    0.5000
  100.0000    0.6400    0.4950    0.1450    2.4040    3.6673    8.1252    1.4620   12.2335    5.6226    0.2450    0.0000    0.0001   -2.2600    0.5000
  100.0000    0.7200    0.4950    0.2250    2.8870    3.6333    8.0738    0.8947   12.5428    5.9611    0.2450    0.0000    0.0001   -2.2600    0.5000
#   age       Mtot      Mc        Menv      logL      logT      logTc     logg      logR      logrhoc   Y         Yc        Z         FeH       OFe       
  101.0000    0.4980    0.4950    0.0030    1.4761    4.4843    8.1760    5.5490   10.1356    4.3877    0.2450    0.0500    0.0001   -2.2600    0.5000
  101.0000    0.5000    0.4950    0.0050    1.4794    4.4582    8.1745    5.4432   10.1894    4.3817    0.2450    0.0538    0.0001   -2.2600    0.5000
  101.0000    0.5050    0.4950    0.0100    1.4940    4.4188    8.1866    5.2754   10.2753    4.4106    0.2450    0.0357    0.0001   -2.2600    0.5000
  101.0000    0.5100    0.4950    0.0150    1.5069    4.3931    8.2027    5.1641   10.3332    4.4558    0.2450    0.0191    0.0001   -2.2600    0.5000
  101.0000    0.5150    0.4950    0.0200    1.6494    4.4377    8.2260    5.2043   10.3152    5.1021    0.2450    0.0000    0.0001   -2.2600    0.5000
  101.0000    0.5200    0.4950    0.0250    1.7525    4.3892    8.1971    4.9107   10.4641    5.1708    0.2450    0.0000    0.0001   -2.2600    0.5000
  101.0000    0.5300    0.4950    0.0350    1.9387    4.2540    8.1489    4.1926   10.8272    5.2996    0.2450    0.0000    0.0001   -2.2600    0.5000
  101.0000    0.5400    0.4950    0.0450    1.9329    4.2002    8.1705    3.9913   10.9320    5.2503    0.2450    0.0000    0.0001   -2.2600    0.5000
  101.0000    0.5600    0.4950    0.0650    2.0821    3.8861    8.1269    2.6013   11.6349    5.3637    0.2450    0.0000    0.0001   -2.2600    0.5000
  101.0000    0.5800    0.4950    0.0850    2.1841    3.6961    8.1231    1.7549   12.0657    5.4486    0.2450    0.0000    0.0001   -2.2600    0.5000
  101.0000    0.6000    0.4950    0.1050    2.2809    3.6803    8.1234    1.6091   12.1459    5.5308    0.2450    0.0000    0.0001   -2.2600    0.5000
  101.0000    0.6400    0.4950    0.1450    2.4851    3.6612    8.1175    1.3568   12.2861    5.6996    0.2450    0.0000    0.0001   -2.2600    0.5000
#   age       Mtot      Mc        Menv      logL      logT      logTc     logg      logR      logrhoc   Y         Yc        Z         FeH       OFe       
  102.0000    0.4980    0.4950    0.0030    1.4787    4.4869    8.1809    5.5567   10.1317    4.4013    0.2450    0.0422    0.0001   -2.2600    0.5000
  102.0000    0.5000    0.4950    0.0050    1.4817    4.4604    8.1787    5.4494   10.1863    4.3932    0.2450    0.0462    0.0001   -2.2600    0.5000
  102.0000    0.5050    0.4950    0.0100    1.4962    4.4222    8.1927    5.2867   10.2697    4.4286    0.2450    0.0283    0.0001   -2.2600    0.5000
  102.0000    0.5100    0.4950    0.0150    1.5111    4.3999    8.2136    5.1870   10.3217    4.4929    0.2450    0.0118    0.0001   -2.2600    0.5000
  102.0000    0.5150    0.4950    0.0200    1.7520    4.4203    8.1871    5.0319   10.4015    5.1883    0.2450    0.0000    0.0001   -2.2600    0.5000
  102.0000    0.5200    0.4950    0.0250    1.8171    4.3725    8.1738    4.7797   10.5295    5.2311    0.2450    0.0000    0.0001   -2.2600    0.5000
  102.0000    0.5300    0.4950    0.0350    1.9736    4.2349    8.1375    4.0812   10.8830    5.3300    0.2450    0.0000    0.0001   -2.2600    0.5000
  102.0000    0.5400    0.4950    0.0450    1.9645    4.1720    8.1531    3.8470   11.0041    5.2884    0.2450    0.0000    0.0001   -2.2600    0.5000
  102.0000    0.5600    0.4950    0.0650    2.1088    3.8428    8.1238    2.4017   11.7347    5.3930    0.2450    0.0000    0.0001   -2.2600    0.5000
  102.0000    0.5800    0.4950    0.0850    2.2188    3.6913    8.1219    1.7005   12.0929    5.4863    0.2450    0.0000    0.0001   -2.2600    0.5000
  102.0000    0.6000    0.4950    0.1050    2.3333    3.6757    8.1204    1.5385   12.1813    5.5831    0.2450    0.0000    0.0001   -2.2600    0.5000
  102.0000    0.6400    0.4950    0.1450    2.5987    3.6527    8.1020    1.2091   12.3600    5.7952    0.2450    0.0000    0.0001   -2.2600    0.5000
#   age       Mtot      Mc        Menv      logL      logT      logTc     logg      logR      logrhoc   Y         Yc        Z         FeH       OFe       
  103.0000    0.4980    0.4950    0.0030    1.4809    4.4898    8.1863    5.5662   10.1270    4.4169    0.2450    0.0349    0.0001   -2.2600    0.5000
  103.0000    0.5000    0.4950    0.0050    1.4839    4.4629    8.1836    5.4574   10.1823    4.4068    0.2450    0.0388    0.0001   -2.2600    0.5000
  103.0000    0.5050    0.4950    0.0100    1.4981    4.4265    8.2002    5.3021   10.2620    4.4517    0.2450    0.0210    0.0001   -2.2600    0.5000
  103.0000    0.5100    0.4950    0.0150    1.5261    4.4188    8.2405    5.2475   10.2915    4.6014    0.2450    0.0043    0.0001   -2.2600    0.5000
  103.0000    0.5150    0.4950    0.0200    1.8161    4.4076    8.1674    4.9170   10.4589    5.2419    0.2450    0.0000    0.0001   -2.2600    0.5000
  103.0000    0.5200    0.4950    0.0250    1.8799    4.3513    8.1572    4.6319   10.6035    5.2751    0.2450    0.0000    0.0001   -2.2600    0.5000
  103.0000    0.5300    0.4950    0.0350    2.0017    4.2210    8.1281    3.9976   10.9247    5.3583    0.2450    0.0000    0.0001   -2.2600    0.5000
  103.0000    0.5400    0.4950    0.0450    1.9918    4.1516    8.1398    3.7380   11.0587    5.3191    0.2450    0.0000    0.0001   -2.2600    0.5000
  103.0000    0.5600    0.4950    0.0650    2.1388    3.7876    8.1222    2.1505   11.8602    5.4244    0.2450    0.0000    0.0001   -2.2600    0.5000
  103.0000    0.5800    0.4950    0.0850    2.2609    3.6871    8.1200    1.6420   12.1222    5.5297    0.2450    0.0000    0.0001   -2.2600    0.5000
  103.0000    0.6000    0.4950    0.1050    2.3969    3.6697    8.1153    1.4508   12.2252    5.6446    0.2450    0.0000    0.0001   -2.2600    0.5000
  103.0000    0.6400    0.4950    0.1450    2.7732    3.6411    8.0724    0.9883   12.4704    5.9084    0.2450    0.0000    0.0001   -2.2600    0.5000
#   age       Mtot      Mc        Menv      logL      logT      logTc     logg      logR      logrhoc   Y         Yc        Z         FeH       OFe       
  104.0000    0.4980    0.4950    0.0030    1.4829    4.4931    8.1924    5.5776   10.1213    4.4346    0.2450    0.0279    0.0001   -2.2600    0.5000
  104.0000    0.5000    0.4950    0.0050    1.4861    4.4660    8.1894    5.4677   10.1771    4.4236    0.2450    0.0313    0.0001   -2.2600    0.5000
  104.0000    0.5050    0.4950    0.0100    1.5018    4.4334    8.2112    5.3259   10.2502    4.4892    0.2450    0.0132    0.0001   -2.2600    0.5000
  104.0000    0.5100    0.4950    0.0150    1.5908    4.4698    8.2557    5.3869   10.2218    4.9973    0.2450    0.0000    0.0001   -2.2600    0.5000
  104.0000    0.5150    0.4950    0.0200    1.8794    4.3903    8.1520    4.7844   10.5251    5.2813    0.2450    0.0000    0.0001   -2.2600    0.5000
  104.0000    0.5200    0.4950    0.0250    1.9259    4.3340    8.1426    4.5167   10.6611    5.3070    0.2450    0.0000    0.0001   -2.2600    0.5000
  104.0000    0.5300    0.4950    0.0350    2.0306    4.2063    8.1235    3.9094   10.9688    5.3866    0.2450    0.0000    0.0001   -2.2600    0.5000
  104.0000    0.5400    0.4950    0.0450    2.0185    4.1328    8.1294    3.6357   11.1098    5.3478    0.2450    0.0000    0.0001   -2.2600    0.5000
  104.0000    0.5600    0.4950    0.0650    2.1715    3.7368    8.1209    1.9145   11.9783    5.4587    0.2450    0.0000    0.0001   -2.2600    0.5000
  104.0000    0.5800    0.4950    0.0850    2.3104    3.6817    8.1170    1.5705   12.1579    5.5792    0.2450    0.0000    0.0001   -2.2600    0.5000
  104.0000    0.6000    0.4950    0.1050    2.4795    3.6639    8.1057    1.3449   12.2781    5.7194    0.2450    0.0000    0.0001   -2.2600    0.5000
  104.0000    0.6400    0.4950    0.1450    3.0124    3.6255    8.0260    0.6866   12.6212    6.0274    0.2450    0.0000    0.0001   -2.2600    0.5000
#   age       Mtot      Mc        Menv      logL      logT      logTc     logg      logR      logrhoc   Y         Yc        Z         FeH       OFe       
  105.0000    0.4980    0.4950    0.0030    1.4846    4.4970    8.1992    5.5917   10.1142    4.4553    0.2450    0.0212    0.0001   -2.2600    0.5000
  105.0000    0.5000    0.4950    0.0050    1.4880    4.4699    8.1962    5.4813   10.1702    4.4440    0.2450    0.0244    0.0001   -2.2600    0.5000
  105.0000    0.5050    0.4950    0.0100    1.5130    4.4494    8.2340    5.3785   10.2239    4.5796    0.2450    0.0056    0.0001   -2.2600    0.5000
  105.0000    0.5100    0.4950    0.0150    1.6965    4.4644    8.2033    5.2596   10.2854    5.1565    0.2450    0.0000    0.0001   -2.2600    0.5000
  105.0000    0.5150    0.4950    0.0200    1.9203    4.3790    8.1390    4.6979   10.5684    5.3109    0.2450    0.0000    0.0001   -2.2600    0.5000
  105.0000    0.5200    0.4950    0.0250    1.9573    4.3239    8.1324    4.4449   10.6970    5.3349    0.2450    0.0000    0.0001   -2.2600    0.5000
  105.0000    0.5300    0.4950    0.0350    2.0612    4.1895    8.1202    3.8119   11.0176    5.4160    0.2450    0.0000    0.0001   -2.2600    0.5000
  105.0000    0.5400    0.4950    0.0450    2.0462    4.1129    8.1241    3.5285   11.1634    5.3757    0.2450    0.0000    0.0001   -2.2600    0.5000
  105.0000    0.5600    0.4950    0.0650    2.2086    3.7105    8.1192    1.7722   12.0494    5.4968    0.2450    0.0000    0.0001   -2.2600    0.5000
  105.0000    0.5800    0.4950    0.0850    2.3699    3.6749    8.1120    1.4838   12.2012    5.6367    0.2450    0.0000    0.0001   -2.2600    0.5000
  105.0000    0.6000    0.4950    0.1050    2.5932    3.6554    8.0889    1.1975   12.3518    5.8083    0.2450    0.0000    0.0001   -2.2600    0.5000
#   age       Mtot      Mc        Menv      logL      logT      logTc     logg      logR      logrhoc   Y         Yc        Z         FeH       OFe       
  106.0000    0.4980    0.4950    0.0030    1.4876    4.5028    8.2085    5.6117   10.1042    4.4866    0.2450    0.0145    0.0001   -2.2600    0.5000
  106.0000    0.5000    0.4950    0.0050    1.4905    4.4749    8.2045    5.4989   10.1615    4.4709    0.2450    0.0174    0.0001   -2.2600    0.5000
  106.0000    0.5050    0.4950    0.0100    1.5840    4.4974    8.2644    5.4999   10.1633    4.9156    0.2450    0.0000    0.0001   -2.2600    0.5000
  106.0000    0.5100    0.4950    0.0150    1.7756    4.4550    8.1761    5.1431   10.3436    5.2224    0.2450    0.0000    0.0001   -2.2600    0.5000
  106.0000    0.5150    0.4950    0.0200    1.9516    4.3715    8.1292    4.6368   10.5989    5.3381    0.2450    0.0000    0.0001   -2.2600    0.5000
  106.0000    0.5200    0.4950    0.0250    1.9829    4.3169    8.1247    4.3911   10.7239    5.3616    0.2450    0.0000    0.0001   -2.2600    0.5000
  106.0000    0.5300    0.4950    0.0350    2.0947    4.1694    8.1181    3.6978   11.0747    5.4473    0.2450    0.0000    0.0001   -2.2600    0.5000
  106.0000    0.5400    0.4950    0.0450    2.0767    4.0878    8.1214    3.3977   11.2288    5.4049    0.2450    0.0000    0.0001   -2.2600    0.5000
  106.0000    0.5600    0.4950    0.0650    2.2512    3.6982    8.1168    1.6807   12.0952    5.5394    0.2450    0.0000    0.0001   -2.2600    0.5000
  106.0000    0.5800    0.4950    0.0850    2.4460    3.6687    8.1030    1.3831   12.2516    5.7061    0.2450    0.0000    0.0001   -2.2600    0.5000
  106.0000    0.6000    0.4950    0.1050    2.7614    3.6434    8.0593    0.9812   12.4599    5.9107    0.2450    0.0000    0.0001   -2.2600    0.5000
#   age       Mtot      Mc        Menv      logL      logT      logTc     logg      logR      logrhoc   Y         Yc        Z         FeH       OFe       
  107.0000    0.4980    0.4950    0.0030    1.4950    4.5142    8.2251    5.6499   10.0851    4.5501    0.2450    0.0076    0.0001   -2.2600    0.5000
  107.0000    0.5000    0.4950    0.0050    1.4941    4.4817    8.2153    5.5224   10.1496    4.5082    0.2450    0.0101    0.0001   -2.2600    0.5000
  107.0000    0.5050    0.4950    0.0100    1.6635    4.5074    8.2100    5.4604   10.1830    5.1399    0.2450    0.0000    0.0001   -2.2600    0.5000
  107.0000    0.5100    0.4950    0.0150    1.8442    4.4431    8.1593    5.0263   10.4021    5.2675    0.2450    0.0000    0.0001   -2.2600    0.5000
  107.0000    0.5150    0.4950    0.0200    1.9772    4.3668    8.1233    4.5925   10.6211    5.3641    0.2450    0.0000    0.0001   -2.2600    0.5000
  107.0000    0.5200    0.4950    0.0250    2.0114    4.3083    8.1206    4.3287   10.7551    5.3892    0.2450    0.0000    0.0001   -2.2600    0.5000
  107.0000    0.5300    0.4950    0.0350    2.1322    4.1441    8.1162    3.5594   11.1439    5.4816    0.2450    0.0000    0.0001   -2.2600    0.5000
  107.0000    0.5400    0.4950    0.0450    2.1101    4.0572    8.1197    3.2420   11.3067    5.4360    0.2450    0.0000    0.0001   -2.2600    0.5000
  107.0000    0.5600    0.4950    0.0650    2.3008    3.6897    8.1132    1.5974   12.1369    5.5883    0.2450    0.0000    0.0001   -2.2600    0.5000
  107.0000    0.5800    0.4950    0.0850    2.5480    3.6607    8.0881    1.2491   12.3187    5.7876    0.2450    0.0000    0.0001   -2.2600    0.5000
#   age       Mtot      Mc        Menv      logL      logT      logTc     logg      logR      logrhoc   Y         Yc        Z         FeH       OFe       
  108.0000    0.4980    0.4950    0.0030    1.5245    4.5421    8.2598    5.7318   10.0442    4.7125    0.2450    0.0003    0.0001   -2.2600    0.5000
  108.0000    0.5000    0.4950    0.0050    1.5104    4.5038    8.2456    5.5942   10.1138    4.6331    0.2450    0.0029    0.0001   -2.2600    0.5000
  108.0000    0.5050    0.4950    0.0100    1.7494    4.5026    8.1792    5.3552   10.2355    5.2102    0.2450    0.0000    0.0001   -2.2600    0.5000
  108.0000    0.5100    0.4950    0.0150    1.8995    4.4309    8.1441    4.9228   10.4538    5.3003    0.2450    0.0000    0.0001   -2.2600    0.5000
  108.0000    0.5150    0.4950    0.0200    2.0048    4.3612    8.1192    4.5429   10.6459    5.3911    0.2450    0.0000    0.0001   -2.2600    0.5000
  108.0000    0.5200    0.4950    0.0250    2.0411    4.2989    8.1180    4.2618   10.7885    5.4174    0.2450    0.0000    0.0001   -2.2600    0.5000
  108.0000    0.5300    0.4950    0.0350    2.1738    4.1116    8.1139    3.3877   11.2298    5.5201    0.2450    0.0000    0.0001   -2.2600    0.5000
  108.0000    0.5400    0.4950    0.0450    2.1469    4.0186    8.1182    3.0510   11.4022    5.4698    0.2450    0.0000    0.0001   -2.2600    0.5000
  108.0000    0.5600    0.4950    0.0650    2.3603    3.6828    8.1074    1.5101   12.1805    5.6452    0.2450    0.0000    0.0001   -2.2600    0.5000
  108.0000    0.5800    0.4950    0.0850    2.6969    3.6495    8.0630    1.0553   12.4155    5.8818    0.2450    0.0000    0.0001   -2.2600    0.5000
#   age       Mtot      Mc        Menv      logL      logT      logTc     logg      logR      logrhoc   Y         Yc        Z         FeH       OFe       
  109.0000    0.4980    0.4950    0.0030    1.6006    4.5878    8.2251    5.8389    9.9905    5.1151    0.2450    0.0000    0.0001   -2.2600    0.5000
  109.0000    0.5000    0.4950    0.0050    1.5524    4.5574    8.2451    5.7669   10.0275    5.0515    0.2450    0.0000    0.0001   -2.2600    0.5000
  109.0000    0.5050    0.4950    0.0100    1.8156    4.4972    8.1619    5.2674   10.2794    5.2585    0.2450    0.0000    0.0001   -2.2600    0.5000
  109.0000    0.5100    0.4950    0.0150    1.9329    4.4253    8.1332    4.8668   10.4818    5.3276    0.2450    0.0000    0.0001   -2.2600    0.5000
  109.0000    0.5150    0.4950    0.0200    2.0345    4.3548    8.1170    4.4876   10.6736    5.4189    0.2450    0.0000    0.0001   -2.2600    0.5000
  109.0000    0.5200    0.4950    0.0250    2.0741    4.2875    8.1163    4.1828   10.8281    5.4484    0.2450    0.0000    0.0001   -2.2600    0.5000
  109.0000    0.5300    0.4950    0.0350    2.2217    4.0677    8.1107    3.1644   11.3414    5.5633    0.2450    0.0000    0.0001   -2.2600    0.5000
  109.0000    0.5400    0.4950    0.0450    2.1876    3.9693    8.1163    2.8131   11.5212    5.5071    0.2450    0.0000    0.0001   -2.2600    0.5000
  109.0000    0.5600    0.4950    0.0650    2.4338    3.6748    8.0983    1.4042   12.2334    5.7117    0.2450    0.0000    0.0001   -2.2600    0.5000
  109.0000    0.5800    0.4950    0.0850    2.8695    3.6383    8.0246    0.8379   12.5242    5.9783    0.2450    0.0000    0.0001   -2.2600    0.5000
#   age       Mtot      Mc        Menv      logL      logT      logTc     logg      logR      logrhoc   Y         Yc        Z         FeH       OFe       
  110.0000    0.4980    0.4950    0.0030    1.7141    4.5917    8.1869    5.7408   10.0397    5.1977    0.2450    0.0000    0.0001   -2.2600    0.5000
  110.0000    0.5000    0.4950    0.0050    1.6892    4.5599    8.1953    5.6403   10.0908    5.1695    0.2450    0.0000    0.0001   -2.2600    0.5000
  110.0000    0.5050    0.4950    0.0100    1.8775    4.4887    8.1470    5.1715   10.3273    5.2929    0.2450    0.0000    0.0001   -2.2600    0.5000
  110.0000    0.5100    0.4950    0.0150    1.9582    4.4225    8.1246    4.8304   10.5001    5.3533    0.2450    0.0000    0.0001   -2.2600    0.5000
  110.0000    0.5150    0.4950    0.0200    2.0673    4.3470    8.1153    4.4236   10.7055    5.4498    0.2450    0.0000    0.0001   -2.2600    0.5000
  110.0000    0.5200    0.4950    0.0250    2.1099    4.2739    8.1144    4.0928   10.8731    5.4822    0.2450    0.0000    0.0001   -2.2600    0.5000
  110.0000    0.5300    0.4950    0.0350    2.2767    4.0071    8.1060    2.8672   11.4900    5.6124    0.2450    0.0000    0.0001   -2.2600    0.5000
  110.0000    0.5400    0.4950    0.0450    2.2339    3.9016    8.1135    2.4957   11.6798    5.5495    0.2450    0.0000    0.0001   -2.2600    0.5000
  110.0000    0.5600    0.4950    0.0650    2.5346    3.6650    8.0830    1.2646   12.3032    5.7906    0.2450    0.0000    0.0001   -2.2600    0.5000
#   age       Mtot      Mc        Menv      logL      logT      logTc     logg      logR      logrhoc   Y         Yc        Z         FeH       OFe       
  111.0000    0.4980    0.4950    0.0030    1.7841    4.5939    8.1655    5.6798   10.0702    5.2503    0.2450    0.0000    0.0001   -2.2600    0.5000
  111.0000    0.5000    0.4950    0.0050    1.7591    4.5610    8.1718    5.5745   10.1237    5.2283    0.2450    0.0000    0.0001   -2.2600    0.5000
  111.0000    0.5050    0.4950    0.0100    1.9163    4.4845    8.1350    5.1158   10.3552    5.3205    0.2450    0.0000    0.0001   -2.2600    0.5000
  111.0000    0.5100    0.4950    0.0150    1.9850    4.4197    8.1198    4.7921   10.5192    5.3794    0.2450    0.0000    0.0001   -2.2600    0.5000
  111.0000    0.5150    0.4950    0.0200    2.1022    4.3382    8.1135    4.3534   10.7407    5.4829    0.2450    0.0000    0.0001   -2.2600    0.5000
  111.0000    0.5200    0.4950    0.0250    2.1489    4.2578    8.1121    3.9891   10.9249    5.5194    0.2450    0.0000    0.0001   -2.2600    0.5000
  111.0000    0.5300    0.4950    0.0350    2.3441    3.9134    8.0987    2.4247   11.7113    5.6695    0.2450    0.0000    0.0001   -2.2600    0.5000
  111.0000    0.5400    0.4950    0.0450    2.2872    3.8058    8.1095    2.0594   11.8980    5.5978    0.2450    0.0000    0.0001   -2.2600    0.5000
  111.0000    0.5600    0.4950    0.0650    2.6795    3.6541    8.0582    1.0761   12.3975    5.8802    0.2450    0.0000    0.0001   -2.2600    0.5000
#   age       Mtot      Mc        Menv      logL      logT      logTc     logg      logR      logrhoc   Y         Yc        Z         FeH       OFe       
  112.0000    0.4980    0.4950    0.0030    1.8489    4.5934    8.1495    5.6130   10.1036    5.2867    0.2450    0.0000    0.0001   -2.2600    0.5000
  112.0000    0.5000    0.4950    0.0050    1.8244    4.5597    8.1564    5.5042   10.1588    5.2713    0.2450    0.0000    0.0001   -2.2600    0.5000
  112.0000    0.5050    0.4950    0.0100    1.9420    4.4836    8.1258    5.0864   10.3699    5.3458    0.2450    0.0000    0.0001   -2.2600    0.5000
  112.0000    0.5100    0.4950    0.0150    2.0125    4.4167    8.1168    4.7528   10.5388    5.4059    0.2450    0.0000    0.0001   -2.2600    0.5000
  112.0000    0.5150    0.4950    0.0200    2.1401    4.3280    8.1112    4.2743   10.7801    5.5192    0.2450    0.0000    0.0001   -2.2600    0.5000
  112.0000    0.5200    0.4950    0.0250    2.1922    4.2380    8.1089    3.8667   10.9861    5.5611    0.2450    0.0000    0.0001   -2.2600    0.5000
  112.0000    0.5300    0.4950    0.0350    2.4282    3.7621    8.0876    1.7351   12.0560    5.7356    0.2450    0.0000    0.0001   -2.2600    0.5000
  112.0000    0.5400    0.4950    0.0450    2.3482    3.7111    8.1032    1.6196   12.1178    5.6536    0.2450    0.0000    0.0001   -2.2600    0.5000
  112.0000    0.5600    0.4950    0.0650    2.8484    3.6422    8.0216    0.8595   12.5058    5.9711    0.2450    0.0000    0.0001   -2.2600    0.5000
#   age       Mtot      Mc        Menv      logL      logT      logTc     logg      logR      logrhoc   Y         Yc        Z         FeH       OFe       
  113.0000    0.4980    0.4950    0.0030    1.8935    4.5934    8.1357    5.5682   10.1260    5.3144    0.2450    0.0000    0.0001   -2.2600    0.5000
  113.0000    0.5000    0.4950    0.0050    1.8802    4.5568    8.1423    5.4371   10.1924    5.3028    0.2450    0.0000    0.0001   -2.2600    0.5000
  113.0000    0.5050    0.4950    0.0100    1.9683    4.4830    8.1198    5.0577   10.3842    5.3713    0.2450    0.0000    0.0001   -2.2600    0.5000
  113.0000    0.5100    0.4950    0.0150    2.0435    4.4129    8.1150    4.7064   10.5620    5.4350    0.2450    0.0000    0.0001   -2.2600    0.5000
  113.0000    0.5150    0.4950    0.0200    2.1820    4.3155    8.1081    4.1829   10.8259    5.5605    0.2450    0.0000    0.0001   -2.2600    0.5000
  113.0000    0.5200    0.4950    0.0250    2.2410    4.2134    8.1042    3.7197   11.0596    5.6087    0.2450    0.0000    0.0001   -2.2600    0.5000
  113.0000    0.5300    0.4950    0.0350    2.5376    3.6905    8.0698    1.3396   12.2539    5.8115    0.2450    0.0000    0.0001   -2.2600    0.5000
  113.0000    0.5400    0.4950    0.0450    2.4239    3.6892    8.0929    1.4562   12.1996    5.7194    0.2450    0.0000    0.0001   -2.2600    0.5000
#   age       Mtot      Mc        Menv      logL      logT      logTc     logg      logR      logrhoc   Y         Yc        Z         FeH       OFe       
  114.0000    0.4980    0.4950    0.0030    1.9193    4.5958    8.1269    5.5522   10.1340    5.3389    0.2450    0.0000    0.0001   -2.2600    0.5000
  114.0000    0.5000    0.4950    0.0050    1.9137    4.5569    8.1318    5.4038   10.2090    5.3289    0.2450    0.0000    0.0001   -2.2600    0.5000
  114.0000    0.5050    0.4950    0.0100    1.9951    4.4826    8.1167    5.0296   10.3983    5.3970    0.2450    0.0000    0.0001   -2.2600    0.5000
  114.0000    0.5100    0.4950    0.0150    2.0761    4.4086    8.1133    4.6566   10.5870    5.4657    0.2450    0.0000    0.0001   -2.2600    0.5000
  114.0000    0.5150    0.4950    0.0200    2.2281    4.3013    8.1034    4.0795   10.8777    5.6076    0.2450    0.0000    0.0001   -2.2600    0.5000
  114.0000    0.5200    0.4950    0.0250    2.2978    4.1816    8.0973    3.5353   11.1518    5.6633    0.2450    0.0000    0.0001   -2.2600    0.5000
  114.0000    0.5300    0.4950    0.0350    2.6830    3.6720    8.0438    1.1202   12.3635    5.8945    0.2450    0.0000    0.0001   -2.2600    0.5000
  114.0000    0.5400    0.4950    0.0450    2.5242    3.6771    8.0772    1.3074   12.2740    5.7951    0.2450    0.0000    0.0001   -2.2600    0.5000
#   age       Mtot      Mc        Menv      logL      logT      logTc     logg      logR      logrhoc   Y         Yc        Z         FeH       OFe       
  115.0000    0.4980    0.4950    0.0030    1.9451    4.5984    8.1191    5.5369   10.1417    5.3634    0.2450    0.0000    0.0001   -2.2600    0.5000
  115.0000    0.5000    0.4950    0.0050    1.9400    4.5582    8.1227    5.3826   10.2196    5.3537    0.2450    0.0000    0.0001   -2.2600    0.5000
  115.0000    0.5050    0.4950    0.0100    2.0246    4.4820    8.1145    4.9978   10.4142    5.4247    0.2450    0.0000    0.0001   -2.2600    0.5000
  115.0000    0.5100    0.4950    0.0150    2.1115    4.4036    8.1113    4.6010   10.6147    5.4994    0.2450    0.0000    0.0001   -2.2600    0.5000
  115.0000    0.5150    0.4950    0.0200    2.2788    4.2857    8.0965    3.9667   10.9340    5.6614    0.2450    0.0000    0.0001   -2.2600    0.5000
  115.0000    0.5200    0.4950    0.0250    2.3770    4.1253    8.0869    3.2309   11.3040    5.7269    0.2450    0.0000    0.0001   -2.2600    0.5000
  115.0000    0.5300    0.4950    0.0350    2.9970    3.6445    8.0161    0.6961   12.5756    5.9820    0.2450    0.0000    0.0001   -2.2600    0.5000
  115.0000    0.5400    0.4950    0.0450    2.6646    3.6624    8.0526    1.1081   12.3736    5.8799    0.2450    0.0000    0.0001   -2.2600    0.5000
#   age       Mtot      Mc        Menv      logL      logT      logTc     logg      logR      logrhoc   Y         Yc        Z         FeH       OFe       
  116.0000    0.4980    0.4950    0.0030    1.9713    4.6019    8.1159    5.5245   10.1478    5.3883    0.2450    0.0000    0.0001   -2.2600    0.5000
  116.0000    0.5000    0.4950    0.0050    1.9666    4.5603    8.1182    5.3643   10.2288    5.3789    0.2450    0.0000    0.0001   -2.2600    0.5000
  116.0000    0.5050    0.4950    0.0100    2.0556    4.4814    8.1129    4.9638   10.4311    5.4535    0.2450    0.0000    0.0001   -2.2600    0.5000
  116.0000    0.5100    0.4950    0.0150    2.1505    4.3977    8.1086    4.5386   10.6459    5.5378    0.2450    0.0000    0.0001   -2.2600    0.5000
  116.0000    0.5150    0.4950    0.0200    2.3453    4.2632    8.0861    3.8100   11.0124    5.7244    0.2450    0.0000    0.0001   -2.2600    0.5000
  116.0000    0.5200    0.4950    0.0250    2.4982    3.9962    8.0709    2.5934   11.6227    5.8002    0.2450    0.0000    0.0001   -2.2600    0.5000
  116.0000    0.5300    0.4950    0.0350    3.2524    4.8449    7.9976    5.2423   10.3025    6.1257    0.2450    0.0000    0.0001   -2.2600    0.5000
  116.0000    0.5400    0.4950    0.0450    2.8315    3.6512    8.0179    0.8964   12.4795    5.9653    0.2450    0.0000    0.0001   -2.2600    0.5000
#   age       Mtot      Mc        Menv      logL      logT      logTc     logg      logR      logrhoc   Y         Yc        Z         FeH       OFe       
  117.0000    0.4980    0.4950    0.0030    1.9986    4.6056    8.1132    5.5116   10.1543    5.4139    0.2450    0.0000    0.0001   -2.2600    0.5000
  117.0000    0.5000    0.4950    0.0050    1.9931    4.5625    8.1149    5.3467   10.2376    5.4042    0.2450    0.0000    0.0001   -2.2600    0.5000
  117.0000    0.5050    0.4950    0.0100    2.0901    4.4805    8.1109    4.9259   10.4502    5.4862    0.2450    0.0000    0.0001   -2.2600    0.5000
  117.0000    0.5100    0.4950    0.0150    2.1927    4.3913    8.1047    4.4709   10.6798    5.5807    0.2450    0.0000    0.0001   -2.2600    0.5000
  117.0000    0.5150    0.4950    0.0200    2.4666    4.1952    8.0708    3.4168   11.2090    5.7966    0.2450    0.0000    0.0001   -2.2600    0.5000
  117.0000    0.5200    0.4950    0.0250    2.6447    3.8009    8.0465    1.6658   12.0866    5.8800    0.2450    0.0000    0.0001   -2.2600    0.5000
  117.0000    0.5300    0.4950    0.0350    0.8654    4.7912    7.9320    7.4148    9.2162    6.2118    0.2450    0.0000    0.0001   -2.2600    0.5000
#   age       Mtot      Mc        Menv      logL      logT      logTc     logg      logR      logrhoc   Y         Yc        Z         FeH       OFe       
  118.0000    0.4980    0.4950    0.0030    2.0286    4.6096    8.1114    5.4977   10.1612    5.4415    0.2450    0.0000    0.0001   -2.2600    0.5000
  118.0000    0.5000    0.4950    0.0050    2.0231    4.5651    8.1129    5.3270   10.2474    5.4321    0.2450    0.0000    0.0001   -2.2600    0.5000
  118.0000    0.5050    0.4950    0.0100    2.1270    4.4795    8.1084    4.8851   10.4705    5.5219    0.2450    0.0000    0.0001   -2.2600    0.5000
  118.0000    0.5100    0.4950    0.0150    2.2375    4.3855    8.0992    4.4028   10.7138    5.6297    0.2450    0.0000    0.0001   -2.2600    0.5000
  118.0000    0.5150    0.4950    0.0200    2.6211    4.0997    8.0469    2.8807   11.4771    5.8752    0.2450    0.0000    0.0001   -2.2600    0.5000
  118.0000    0.5200    0.4950    0.0250    2.8308    3.6972    8.0147    1.0653   12.3868    5.9618    0.2450    0.0000    0.0001   -2.2600    0.5000
  118.0000    0.5300    0.4950    0.0350    0.4823    4.7230    7.8827    7.5249    9.1611    6.2458    0.2450    0.0000    0.0001   -2.2600    0.5000
#   age       Mtot      Mc        Menv      logL      logT      logTc     logg      logR      logrhoc   Y         Yc        Z         FeH       OFe       
  119.0000    0.4980    0.4950    0.0030    2.0608    4.6141    8.1095    5.4836   10.1683    5.4716    0.2450    0.0000    0.0001   -2.2600    0.5000
  119.0000    0.5000    0.4950    0.0050    2.0544    4.5678    8.1110    5.3066   10.2576    5.4612    0.2450    0.0000    0.0001   -2.2600    0.5000
  119.0000    0.5050    0.4950    0.0100    2.1667    4.4787    8.1052    4.8422   10.4920    5.5615    0.2450    0.0000    0.0001   -2.2600    0.5000
  119.0000    0.5100    0.4950    0.0150    2.2849    4.3820    8.0911    4.3416   10.7444    5.6860    0.2450    0.0000    0.0001   -2.2600    0.5000
  119.0000    0.5150    0.4950    0.0200    2.7239    4.1789    8.0057    3.0942   11.3703    5.9339    0.2450    0.0000    0.0001   -2.2600    0.5000
  119.0000    0.5200    0.4950    0.0250    1.4284    4.8523    8.0023    7.0879    9.3756    6.1043    0.2450    0.0000    0.0001   -2.2600    0.5000
  119.0000    0.5300    0.4950    0.0350    0.2197    4.6718    7.8478    7.5823    9.1324    6.2636    0.2450    0.0000    0.0001   -2.2600    0.5000
#   age       Mtot      Mc        Menv      logL      logT      logTc     logg      logR      logrhoc   Y         Yc        Z         FeH       OFe       
  120.0000    0.4980    0.4950    0.0030    2.0950    4.6191    8.1074    5.4696   10.1753    5.5039    0.2450    0.0000    0.0001   -2.2600    0.5000
  120.0000    0.5000    0.4950    0.0050    2.0886    4.5708    8.1091    5.2848   10.2685    5.4932    0.2450    0.0000    0.0001   -2.2600    0.5000
  120.0000    0.5050    0.4950    0.0100    2.2089    4.4787    8.1007    4.7999   10.5132    5.6064    0.2450    0.0000    0.0001   -2.2600    0.5000
  120.0000    0.5100    0.4950    0.0150    2.3448    4.3789    8.0793    4.2693   10.7806    5.7507    0.2450    0.0000    0.0001   -2.2600    0.5000
#   age       Mtot      Mc        Menv      logL      logT      logTc     logg      logR      logrhoc   Y         Yc        Z         FeH       OFe       
  121.0000    0.4980    0.4950    0.0030    2.1323    4.6251    8.1046    5.4562   10.1820    5.5402    0.2450    0.0000    0.0001   -2.2600    0.5000
  121.0000    0.5000    0.4950    0.0050    2.1257    4.5747    8.1063    5.2629   10.2794    5.5292    0.2450    0.0000    0.0001   -2.2600    0.5000
  121.0000    0.5050    0.4950    0.0100    2.2519    4.4811    8.0941    4.7668   10.5297    5.6580    0.2450    0.0000    0.0001   -2.2600    0.5000
  121.0000    0.5100    0.4950    0.0150    2.4816    4.3420    8.0619    3.9848   10.9229    5.8252    0.2450    0.0000    0.0001   -2.2600    0.5000
#   age       Mtot      Mc        Menv      logL      logT      logTc     logg      logR      logrhoc   Y         Yc        Z         FeH       OFe       
  122.0000    0.4980    0.4950    0.0030    2.1727    4.6325    8.1007    5.4457   10.1872    5.5813    0.2450    0.0000    0.0001   -2.2600    0.5000
  122.0000    0.5000    0.4950    0.0050    2.1653    4.5794    8.1028    5.2421   10.2899    5.5692    0.2450    0.0000    0.0001   -2.2600    0.5000
  122.0000    0.5050    0.4950    0.0100    2.2911    4.4910    8.0837    4.7670   10.5296    5.7192    0.2450    0.0000    0.0001   -2.2600    0.5000
  122.0000    0.5100    0.4950    0.0150    2.6532    4.3252    8.0347    3.7458   11.0423    5.9032    0.2450    0.0000    0.0001   -2.2600    0.5000
#   age       Mtot      Mc        Menv      logL      logT      logTc     logg      logR      logrhoc   Y         Yc        Z         FeH       OFe       
  123.0000    0.4980    0.4950    0.0030    2.2138    4.6423    8.0952    5.4437   10.1882    5.6281    0.2450    0.0000    0.0001   -2.2600    0.5000
  123.0000    0.5000    0.4950    0.0050    2.2067    4.5858    8.0979    5.2259   10.2980    5.6143    0.2450    0.0000    0.0001   -2.2600    0.5000
  123.0000    0.5050    0.4950    0.0100    2.3383    4.5077    8.0693    4.7869   10.5196    5.7880    0.2450    0.0000    0.0001   -2.2600    0.5000
#   age       Mtot      Mc        Menv      logL      logT      logTc     logg      logR      logrhoc   Y         Yc        Z         FeH       OFe       
  124.0000    0.4980    0.4950    0.0030    2.2517    4.6563    8.0872    5.4615   10.1793    5.6819    0.2450    0.0000    0.0001   -2.2600    0.5000
  124.0000    0.5000    0.4950    0.0050    2.2474    4.5953    8.0910    5.2233   10.2993    5.6660    0.2450    0.0000    0.0001   -2.2600    0.5000
  124.0000    0.5050    0.4950    0.0100    2.4984    4.5055    8.0482    4.6177   10.6042    5.8652    0.2450    0.0000    0.0001   -2.2600    0.5000
#   age       Mtot      Mc        Menv      logL      logT      logTc     logg      logR      logrhoc   Y         Yc        Z         FeH       OFe       
  125.0000    0.4980    0.4950    0.0030    2.2797    4.6758    8.0762    5.5114   10.1544    5.7427    0.2450    0.0000    0.0001   -2.2600    0.5000
  125.0000    0.5000    0.4950    0.0050    2.2811    4.6112    8.0807    5.2537   10.2841    5.7262    0.2450    0.0000    0.0001   -2.2600    0.5000
  125.0000    0.5050    0.4950    0.0100    2.6455    4.5477    8.0039    4.6398   10.5932    5.9152    0.2450    0.0000    0.0001   -2.2600    0.5000
#   age       Mtot      Mc        Menv      logL      logT      logTc     logg      logR      logrhoc   Y         Yc        Z         FeH       OFe       
  126.0000    0.4980    0.4950    0.0030    2.2787    4.7061    8.0595    5.6339   10.0931    5.8133    0.2450    0.0000    0.0001   -2.2600    0.5000
  126.0000    0.5000    0.4950    0.0050    2.2903    4.6409    8.0645    5.3630   10.2294    5.7962    0.2450    0.0000    0.0001   -2.2600    0.5000
#   age       Mtot      Mc        Menv      logL      logT      logTc     logg      logR      logrhoc   Y         Yc        Z         FeH       OFe       
  127.0000    0.4980    0.4950    0.0030    2.2340    4.7477    8.0372    5.8449    9.9876    5.8899    0.2450    0.0000    0.0001   -2.2600    0.5000
  127.0000    0.5000    0.4950    0.0050    2.3121    4.6799    8.0442    5.4971   10.1623    5.8716    0.2450    0.0000    0.0001   -2.2600    0.5000
#   age       Mtot      Mc        Menv      logL      logT      logTc     logg      logR      logrhoc   Y         Yc        Z         FeH       OFe       
  128.0000    0.4980    0.4950    0.0030    2.2945    4.9105    8.0209    6.4360    9.6921    6.0042    0.2450    0.0000    0.0001   -2.2600    0.5000
  128.0000    0.5000    0.4950    0.0050    2.7608    4.7980    8.0272    5.5209   10.1505    5.9775    0.2450    0.0000    0.0001   -2.2600    0.5000
