#   age       Mtot      Mc        Menv      Mini      logL      logT      logTc     logg      logR      logrhoc   Y         Yc        Z         FeH       OFe       
    9.7000    0.6744    0.4340    0.2404    0.9744    1.8991    3.5900    8.0569    1.6805   12.1356    4.4115    0.4590    0.8997    0.0600    0.7100    0.0000
    9.7000    0.6754    0.4340    0.2414    0.9754    1.8993    3.5900    8.0569    1.6809   12.1357    4.4115    0.4590    0.8997    0.0600    0.7100    0.0000
    9.7000    0.6764    0.4340    0.2424    0.9764    1.8994    3.5900    8.0569    1.6813   12.1358    4.4115    0.4590    0.8997    0.0600    0.7100    0.0000
    9.7000    0.6774    0.4340    0.2434    0.9774    1.8996    3.5900    8.0569    1.6817   12.1359    4.4115    0.4590    0.8997    0.0600    0.7100    0.0000
    9.7000    0.6783    0.4340    0.2443    0.9783    2.8366    3.6328    8.2136    0.9165   12.5188    5.6112    0.4590    0.0000    0.0600    0.7100    0.0000
    9.7000    0.6793    0.4340    0.2453    0.9793    2.8461    3.6263    8.2144    0.8816   12.5365    5.6184    0.4590    0.0000    0.0600    0.7100    0.0000
    9.7000    0.6803    0.4340    0.2463    0.9803    2.8557    3.6198    8.2153    0.8468   12.5543    5.6255    0.4590    0.0000    0.0600    0.7100    0.0000
    9.7000    0.6813    0.4340    0.2473    0.9813    2.8652    3.6133    8.2161    0.8119   12.5721    5.6326    0.4590    0.0000    0.0600    0.7100    0.0000
    9.7000    0.6823    0.4340    0.2483    0.9823    2.8747    3.6068    8.2169    0.7770   12.5898    5.6398    0.4590    0.0000    0.0600    0.7100    0.0000
    9.7000    0.6832    0.4340    0.2492    0.9832    2.8842    3.6003    8.2178    0.7422   12.6076    5.6469    0.4590    0.0000    0.0600    0.7100    0.0000
    9.7000    0.6842    0.4340    0.2502    0.9842    2.8937    3.5938    8.2186    0.7073   12.6253    5.6540    0.4590    0.0000    0.0600    0.7100    0.0000
    9.7000    0.6852    0.4340    0.2512    0.9852    2.9033    3.5873    8.2194    0.6724   12.6431    5.6612    0.4590    0.0000    0.0600    0.7100    0.0000
    9.7000    0.6862    0.4340    0.2522    0.9862    2.9128    3.5808    8.2203    0.6375   12.6608    5.6683    0.4590    0.0000    0.0600    0.7100    0.0000
    9.7000    0.6872    0.4340    0.2532    0.9872    2.9223    3.5743    8.2211    0.6027   12.6786    5.6754    0.4590    0.0000    0.0600    0.7100    0.0000
    9.7000    0.6881    0.4340    0.2541    0.9881    2.9318    3.5678    8.2219    0.5678   12.6963    5.6826    0.4590    0.0000    0.0600    0.7100    0.0000
    9.7000    0.6891    0.4340    0.2551    0.9891    2.9413    3.5613    8.2228    0.5329   12.7141    5.6897    0.4590    0.0000    0.0600    0.7100    0.0000
    9.7000    0.6901    0.4340    0.2561    0.9901    2.9509    3.5548    8.2236    0.4981   12.7318    5.6968    0.4590    0.0000    0.0600    0.7100    0.0000
    9.7000    0.6911    0.4340    0.2571    0.9911    2.9604    3.5483    8.2244    0.4632   12.7496    5.7040    0.4590    0.0000    0.0600    0.7100    0.0000
    9.7000    0.6921    0.4340    0.2581    0.9921    2.9699    3.5418    8.2253    0.4283   12.7673    5.7111    0.4590    0.0000    0.0600    0.7100    0.0000
    9.7000    0.6930    0.4340    0.2590    0.9930    2.9794    3.5354    8.2261    0.3935   12.7851    5.7183    0.4590    0.0000    0.0600    0.7100    0.0000
    9.7000    0.6940    0.4340    0.2600    0.9940    2.9889    3.5289    8.2269    0.3586   12.8028    5.7254    0.4590    0.0000    0.0600    0.7100    0.0000
    9.7000    0.6950    0.4340    0.2610    0.9950    2.9985    3.5224    8.2278    0.3237   12.8206    5.7325    0.4590    0.0000    0.0600    0.7100    0.0000
    9.7000    0.6960    0.4340    0.2620    0.9960    3.0080    3.5159    8.2286    0.2889   12.8383    5.7397    0.4590    0.0000    0.0600    0.7100    0.0000
    9.7000    0.6970    0.4340    0.2630    0.9970    3.0175    3.5094    8.2294    0.2540   12.8561    5.7468    0.4590    0.0000    0.0600    0.7100    0.0000
    9.7000    0.6980    0.4340    0.2640    0.9980    3.0270    3.5029    8.2303    0.2191   12.8738    5.7539    0.4590    0.0000    0.0600    0.7100    0.0000
    9.7000    0.6989    0.4340    0.2649    0.9989    3.0365    3.4964    8.2311    0.1842   12.8916    5.7611    0.4590    0.0000    0.0600    0.7100    0.0000
    9.7000    0.6999    0.4340    0.2659    0.9999    3.0461    3.4899    8.2319    0.1494   12.9093    5.7682    0.4590    0.0000    0.0600    0.7100    0.0000
#   age       Mtot      Mc        Menv      Mini      logL      logT      logTc     logg      logR      logrhoc   Y         Yc        Z         FeH       OFe       
    9.7500    0.6371    0.4340    0.2031    0.9371    1.8899    3.5915    8.0577    1.6709   12.1280    4.4113    0.4590    0.8997    0.0600    0.7100    0.0000
    9.7500    0.6381    0.4340    0.2041    0.9381    1.8903    3.5914    8.0576    1.6709   12.1284    4.4113    0.4590    0.8997    0.0600    0.7100    0.0000
    9.7500    0.6391    0.4340    0.2051    0.9391    1.8906    3.5913    8.0576    1.6709   12.1287    4.4113    0.4590    0.8997    0.0600    0.7100    0.0000
    9.7500    0.6401    0.4340    0.2061    0.9401    2.8649    3.6519    8.2055    0.9396   12.4947    5.6680    0.4590    0.0000    0.0600    0.7100    0.0000
    9.7500    0.6411    0.4340    0.2071    0.9411    2.8784    3.6374    8.2069    0.8688   12.5304    5.6784    0.4590    0.0000    0.0600    0.7100    0.0000
    9.7500    0.6420    0.4340    0.2080    0.9420    2.8918    3.6229    8.2083    0.7981   12.5661    5.6889    0.4590    0.0000    0.0600    0.7100    0.0000
    9.7500    0.6430    0.4340    0.2090    0.9430    2.9053    3.6084    8.2097    0.7274   12.6018    5.6993    0.4590    0.0000    0.0600    0.7100    0.0000
    9.7500    0.6440    0.4340    0.2100    0.9440    2.9187    3.5939    8.2111    0.6567   12.6375    5.7097    0.4590    0.0000    0.0600    0.7100    0.0000
    9.7500    0.6450    0.4340    0.2110    0.9450    2.9322    3.5794    8.2125    0.5859   12.6732    5.7202    0.4590    0.0000    0.0600    0.7100    0.0000
    9.7500    0.6460    0.4340    0.2120    0.9460    2.9456    3.5649    8.2138    0.5152   12.7089    5.7306    0.4590    0.0000    0.0600    0.7100    0.0000
    9.7500    0.6470    0.4340    0.2130    0.9470    2.9591    3.5505    8.2152    0.4445   12.7446    5.7411    0.4590    0.0000    0.0600    0.7100    0.0000
    9.7500    0.6479    0.4340    0.2139    0.9479    2.9725    3.5360    8.2166    0.3738   12.7803    5.7515    0.4590    0.0000    0.0600    0.7100    0.0000
    9.7500    0.6489    0.4340    0.2149    0.9489    2.9860    3.5215    8.2180    0.3030   12.8160    5.7620    0.4590    0.0000    0.0600    0.7100    0.0000
    9.7500    0.6499    0.4340    0.2159    0.9499    2.9994    3.5070    8.2194    0.2323   12.8517    5.7724    0.4590    0.0000    0.0600    0.7100    0.0000
    9.7500    0.6509    0.4340    0.2169    0.9509    2.5701    3.8146    8.1903    1.8928   12.0218    5.4114    0.4590    0.0000    0.0600    0.7100    0.0000
    9.7500    0.6519    0.4340    0.2179    0.9519    2.5796    3.8081    8.1911    1.8580   12.0395    5.4186    0.4590    0.0000    0.0600    0.7100    0.0000
    9.7500    0.6528    0.4340    0.2188    0.9528    2.5891    3.8016    8.1919    1.8231   12.0573    5.4257    0.4590    0.0000    0.0600    0.7100    0.0000
    9.7500    0.6538    0.4340    0.2198    0.9538    2.5986    3.7951    8.1928    1.7882   12.0750    5.4328    0.4590    0.0000    0.0600    0.7100    0.0000
    9.7500    0.6548    0.4340    0.2208    0.9548    2.6081    3.7886    8.1936    1.7534   12.0928    5.4400    0.4590    0.0000    0.0600    0.7100    0.0000
    9.7500    0.6558    0.4340    0.2218    0.9558    2.6177    3.7821    8.1944    1.7185   12.1105    5.4471    0.4590    0.0000    0.0600    0.7100    0.0000
    9.7500    0.6568    0.4340    0.2228    0.9568    2.6272    3.7756    8.1953    1.6836   12.1283    5.4543    0.4590    0.0000    0.0600    0.7100    0.0000
    9.7500    0.6577    0.4340    0.2237    0.9577    2.6367    3.7691    8.1961    1.6488   12.1460    5.4614    0.4590    0.0000    0.0600    0.7100    0.0000
    9.7500    0.6587    0.4340    0.2247    0.9587    2.6462    3.7626    8.1969    1.6139   12.1638    5.4685    0.4590    0.0000    0.0600    0.7100    0.0000
    9.7500    0.6597    0.4340    0.2257    0.9597    2.6557    3.7561    8.1978    1.5790   12.1815    5.4757    0.4590    0.0000    0.0600    0.7100    0.0000
    9.7500    0.6607    0.4340    0.2267    0.9607    2.6653    3.7497    8.1986    1.5442   12.1993    5.4828    0.4590    0.0000    0.0600    0.7100    0.0000
    9.7500    0.6617    0.4340    0.2277    0.9617    2.6748    3.7432    8.1994    1.5093   12.2170    5.4899    0.4590    0.0000    0.0600    0.7100    0.0000
    9.7500    0.6626    0.4340    0.2286    0.9626    2.6843    3.7367    8.2003    1.4744   12.2348    5.4971    0.4590    0.0000    0.0600    0.7100    0.0000
    9.7500    0.6636    0.4340    0.2296    0.9636    2.6938    3.7302    8.2011    1.4395   12.2525    5.5042    0.4590    0.0000    0.0600    0.7100    0.0000
    9.7500    0.6646    0.4340    0.2306    0.9646    2.7033    3.7237    8.2019    1.4047   12.2703    5.5113    0.4590    0.0000    0.0600    0.7100    0.0000
    9.7500    0.6656    0.4340    0.2316    0.9656    2.7129    3.7172    8.2028    1.3698   12.2880    5.5185    0.4590    0.0000    0.0600    0.7100    0.0000
    9.7500    0.6666    0.4340    0.2326    0.9666    2.7224    3.7107    8.2036    1.3349   12.3058    5.5256    0.4590    0.0000    0.0600    0.7100    0.0000
    9.7500    0.6675    0.4340    0.2335    0.9675    2.7319    3.7042    8.2044    1.3001   12.3235    5.5327    0.4590    0.0000    0.0600    0.7100    0.0000
    9.7500    0.6685    0.4340    0.2345    0.9685    2.7414    3.6977    8.2053    1.2652   12.3413    5.5399    0.4590    0.0000    0.0600    0.7100    0.0000
    9.7500    0.6695    0.4340    0.2355    0.9695    2.7509    3.6912    8.2061    1.2303   12.3590    5.5470    0.4590    0.0000    0.0600    0.7100    0.0000
    9.7500    0.6705    0.4340    0.2365    0.9705    2.7605    3.6847    8.2069    1.1955   12.3768    5.5541    0.4590    0.0000    0.0600    0.7100    0.0000
    9.7500    0.6715    0.4340    0.2375    0.9715    2.7700    3.6782    8.2078    1.1606   12.3945    5.5613    0.4590    0.0000    0.0600    0.7100    0.0000
    9.7500    0.6725    0.4340    0.2385    0.9725    2.7795    3.6717    8.2086    1.1257   12.4123    5.5684    0.4590    0.0000    0.0600    0.7100    0.0000
    9.7500    0.6734    0.4340    0.2394    0.9734    2.7890    3.6652    8.2094    1.0909   12.4300    5.5755    0.4590    0.0000    0.0600    0.7100    0.0000
#   age       Mtot      Mc        Menv      Mini      logL      logT      logTc     logg      logR      logrhoc   Y         Yc        Z         FeH       OFe       
    9.8000    0.6018    0.4340    0.1678    0.9018    1.8774    3.5944    8.0597    1.6704   12.1160    4.4108    0.4590    0.8996    0.0600    0.7100    0.0000
    9.8000    0.6028    0.4340    0.1688    0.9028    1.8778    3.5943    8.0597    1.6704   12.1164    4.4108    0.4590    0.8996    0.0600    0.7100    0.0000
    9.8000    0.6038    0.4340    0.1698    0.9038    1.8781    3.5942    8.0596    1.6704   12.1167    4.4108    0.4590    0.8996    0.0600    0.7100    0.0000
    9.8000    0.6048    0.4340    0.1708    0.9048    2.3808    4.1735    8.1557    3.4856   11.2095    5.2920    0.4590    0.0000    0.0600    0.7100    0.0000
    9.8000    0.6058    0.4340    0.1718    0.9058    2.3942    4.1591    8.1571    3.4149   11.2452    5.3025    0.4590    0.0000    0.0600    0.7100    0.0000
    9.8000    0.6067    0.4340    0.1727    0.9067    2.4076    4.1446    8.1585    3.3441   11.2809    5.3129    0.4590    0.0000    0.0600    0.7100    0.0000
    9.8000    0.6077    0.4340    0.1737    0.9077    2.4211    4.1301    8.1598    3.2734   11.3166    5.3233    0.4590    0.0000    0.0600    0.7100    0.0000
    9.8000    0.6087    0.4340    0.1747    0.9087    2.4345    4.1156    8.1612    3.2027   11.3523    5.3338    0.4590    0.0000    0.0600    0.7100    0.0000
    9.8000    0.6097    0.4340    0.1757    0.9097    2.4480    4.1011    8.1626    3.1320   11.3880    5.3442    0.4590    0.0000    0.0600    0.7100    0.0000
    9.8000    0.6107    0.4340    0.1767    0.9107    2.4614    4.0866    8.1640    3.0613   11.4237    5.3547    0.4590    0.0000    0.0600    0.7100    0.0000
    9.8000    0.6116    0.4340    0.1776    0.9116    2.4749    4.0721    8.1654    2.9905   11.4594    5.3651    0.4590    0.0000    0.0600    0.7100    0.0000
    9.8000    0.6126    0.4340    0.1786    0.9126    2.4883    4.0576    8.1668    2.9198   11.4951    5.3756    0.4590    0.0000    0.0600    0.7100    0.0000
    9.8000    0.6136    0.4340    0.1796    0.9136    2.5018    4.0431    8.1682    2.8491   11.5308    5.3860    0.4590    0.0000    0.0600    0.7100    0.0000
    9.8000    0.6146    0.4340    0.1806    0.9146    2.5152    4.0286    8.1695    2.7784   11.5665    5.3964    0.4590    0.0000    0.0600    0.7100    0.0000
    9.8000    0.6156    0.4340    0.1816    0.9156    2.5287    4.0142    8.1709    2.7076   11.6022    5.4069    0.4590    0.0000    0.0600    0.7100    0.0000
    9.8000    0.6165    0.4340    0.1825    0.9165    2.5421    3.9997    8.1723    2.6369   11.6379    5.4173    0.4590    0.0000    0.0600    0.7100    0.0000
    9.8000    0.6175    0.4340    0.1835    0.9175    2.5556    3.9852    8.1737    2.5662   11.6736    5.4278    0.4590    0.0000    0.0600    0.7100    0.0000
    9.8000    0.6185    0.4340    0.1845    0.9185    2.5690    3.9707    8.1751    2.4955   11.7093    5.4382    0.4590    0.0000    0.0600    0.7100    0.0000
    9.8000    0.6195    0.4340    0.1855    0.9195    2.5825    3.9562    8.1765    2.4247   11.7450    5.4487    0.4590    0.0000    0.0600    0.7100    0.0000
    9.8000    0.6205    0.4340    0.1865    0.9205    2.5959    3.9417    8.1778    2.3540   11.7807    5.4591    0.4590    0.0000    0.0600    0.7100    0.0000
    9.8000    0.6214    0.4340    0.1874    0.9214    2.6094    3.9272    8.1792    2.2833   11.8164    5.4695    0.4590    0.0000    0.0600    0.7100    0.0000
    9.8000    0.6224    0.4340    0.1884    0.9224    2.6228    3.9127    8.1806    2.2126   11.8521    5.4800    0.4590    0.0000    0.0600    0.7100    0.0000
    9.8000    0.6234    0.4340    0.1894    0.9234    2.6363    3.8982    8.1820    2.1419   11.8878    5.4904    0.4590    0.0000    0.0600    0.7100    0.0000
    9.8000    0.6244    0.4340    0.1904    0.9244    2.6497    3.8837    8.1834    2.0711   11.9235    5.5009    0.4590    0.0000    0.0600    0.7100    0.0000
    9.8000    0.6254    0.4340    0.1914    0.9254    2.6632    3.8692    8.1848    2.0004   11.9592    5.5113    0.4590    0.0000    0.0600    0.7100    0.0000
    9.8000    0.6264    0.4340    0.1924    0.9264    2.6766    3.8548    8.1862    1.9297   11.9949    5.5218    0.4590    0.0000    0.0600    0.7100    0.0000
    9.8000    0.6273    0.4340    0.1933    0.9273    2.6901    3.8403    8.1875    1.8590   12.0306    5.5322    0.4590    0.0000    0.0600    0.7100    0.0000
    9.8000    0.6283    0.4340    0.1943    0.9283    2.7035    3.8258    8.1889    1.7882   12.0663    5.5427    0.4590    0.0000    0.0600    0.7100    0.0000
    9.8000    0.6293    0.4340    0.1953    0.9293    2.7170    3.8113    8.1903    1.7175   12.1020    5.5531    0.4590    0.0000    0.0600    0.7100    0.0000
    9.8000    0.6303    0.4340    0.1963    0.9303    2.7304    3.7968    8.1917    1.6468   12.1377    5.5635    0.4590    0.0000    0.0600    0.7100    0.0000
    9.8000    0.6313    0.4340    0.1973    0.9313    2.7439    3.7823    8.1931    1.5761   12.1734    5.5740    0.4590    0.0000    0.0600    0.7100    0.0000
    9.8000    0.6322    0.4340    0.1982    0.9322    2.7573    3.7678    8.1945    1.5053   12.2091    5.5844    0.4590    0.0000    0.0600    0.7100    0.0000
    9.8000    0.6332    0.4340    0.1992    0.9332    2.7708    3.7533    8.1958    1.4346   12.2448    5.5949    0.4590    0.0000    0.0600    0.7100    0.0000
    9.8000    0.6342    0.4340    0.2002    0.9342    2.7842    3.7388    8.1972    1.3639   12.2805    5.6053    0.4590    0.0000    0.0600    0.7100    0.0000
    9.8000    0.6352    0.4340    0.2012    0.9352    2.7977    3.7243    8.1986    1.2932   12.3162    5.6158    0.4590    0.0000    0.0600    0.7100    0.0000
    9.8000    0.6362    0.4340    0.2022    0.9362    2.8111    3.7099    8.2000    1.2224   12.3519    5.6262    0.4590    0.0000    0.0600    0.7100    0.0000
#   age       Mtot      Mc        Menv      Mini      logL      logT      logTc     logg      logR      logrhoc   Y         Yc        Z         FeH       OFe       
    9.8500    0.5675    0.4340    0.1335    0.8675    1.8677    3.6021    8.0594    1.6851   12.0957    4.4122    0.4590    0.8996    0.0600    0.7100    0.0000
    9.8500    0.6675    0.4340    0.2335    0.8675    1.8978    3.5901    8.0569    1.6779   12.1347    4.4115    0.4590    0.8997    0.0600    0.7100    0.0000
    9.8500    0.5685    0.4340    0.1345    0.8685    1.8683    3.6016    8.0593    1.6830   12.0971    4.4121    0.4590    0.8996    0.0600    0.7100    0.0000
    9.8500    0.6685    0.4340    0.2345    0.8685    1.8980    3.5901    8.0569    1.6782   12.1348    4.4115    0.4590    0.8997    0.0600    0.7100    0.0000
    9.8500    0.5695    0.4340    0.1355    0.8695    1.8689    3.6010    8.0593    1.6810   12.0985    4.4120    0.4590    0.8996    0.0600    0.7100    0.0000
    9.8500    0.6695    0.4340    0.2355    0.8695    2.7509    3.6912    8.2061    1.2303   12.3590    5.5470    0.4590    0.0000    0.0600    0.7100    0.0000
    9.8500    0.5704    0.4340    0.1364    0.8704    3.0380    3.6903    8.1358    0.8701   12.5045    5.8591    0.4590    0.0000    0.0600    0.7100    0.0000
    9.8500    0.6705    0.4340    0.2365    0.8705    2.7605    3.6847    8.2069    1.1955   12.3768    5.5541    0.4590    0.0000    0.0600    0.7100    0.0000
    9.8500    0.5714    0.4340    0.1374    0.8714    3.0802    3.6584    8.1361    0.7011   12.5894    5.8877    0.4590    0.0000    0.0600    0.7100    0.0000
    9.8500    0.6715    0.4340    0.2375    0.8715    2.7700    3.6782    8.2078    1.1606   12.3945    5.5613    0.4590    0.0000    0.0600    0.7100    0.0000
    9.8500    0.5724    0.4340    0.1384    0.8724    3.1225    3.6265    8.1363    0.5321   12.6742    5.9163    0.4590    0.0000    0.0600    0.7100    0.0000
    9.8500    0.6725    0.4340    0.2385    0.8725    2.7795    3.6717    8.2086    1.1257   12.4123    5.5684    0.4590    0.0000    0.0600    0.7100    0.0000
    9.8500    0.5734    0.4340    0.1394    0.8734    3.1647    3.5947    8.1365    0.3632   12.7591    5.9449    0.4590    0.0000    0.0600    0.7100    0.0000
    9.8500    0.6734    0.4340    0.2394    0.8734    2.7890    3.6652    8.2094    1.0909   12.4300    5.5755    0.4590    0.0000    0.0600    0.7100    0.0000
    9.8500    0.5744    0.4340    0.1404    0.8744    3.2070    3.5628    8.1368    0.1942   12.8439    5.9736    0.4590    0.0000    0.0600    0.7100    0.0000
    9.8500    0.6744    0.4340    0.2404    0.8744    2.7985    3.6587    8.2103    1.0560   12.4478    5.5827    0.4590    0.0000    0.0600    0.7100    0.0000
    9.8500    0.5754    0.4340    0.1414    0.8754    2.2851    4.3006    8.1478    4.0677   10.9076    5.3083    0.4590    0.0000    0.0600    0.7100    0.0000
    9.8500    0.6754    0.4340    0.2414    0.8754    2.8081    3.6522    8.2111    1.0211   12.4655    5.5898    0.4590    0.0000    0.0600    0.7100    0.0000
    9.8500    0.5763    0.4340    0.1423    0.8763    2.3308    4.2683    8.1476    3.8939   10.9949    5.3392    0.4590    0.0000    0.0600    0.7100    0.0000
    9.8500    0.6764    0.4340    0.2424    0.8764    2.8176    3.6457    8.2119    0.9862   12.4833    5.5970    0.4590    0.0000    0.0600    0.7100    0.0000
    9.8500    0.5773    0.4340    0.1433    0.8773    2.3764    4.2361    8.1474    3.7201   11.0821    5.3702    0.4590    0.0000    0.0600    0.7100    0.0000
    9.8500    0.6774    0.4340    0.2434    0.8774    2.8271    3.6393    8.2128    0.9514   12.5010    5.6041    0.4590    0.0000    0.0600    0.7100    0.0000
    9.8500    0.5783    0.4340    0.1443    0.8783    2.4221    4.2039    8.1472    3.5463   11.1694    5.4011    0.4590    0.0000    0.0600    0.7100    0.0000
    9.8500    0.6783    0.4340    0.2443    0.8783    2.8366    3.6328    8.2136    0.9165   12.5188    5.6112    0.4590    0.0000    0.0600    0.7100    0.0000
    9.8500    0.5793    0.4340    0.1453    0.8793    2.4677    4.1717    8.1470    3.3725   11.2567    5.4320    0.4590    0.0000    0.0600    0.7100    0.0000
    9.8500    0.6793    0.4340    0.2453    0.8793    2.8461    3.6263    8.2144    0.8816   12.5365    5.6184    0.4590    0.0000    0.0600    0.7100    0.0000
    9.8500    0.5803    0.4340    0.1463    0.8803    2.5134    4.1395    8.1468    3.1987   11.3439    5.4630    0.4590    0.0000    0.0600    0.7100    0.0000
    9.8500    0.6803    0.4340    0.2463    0.8803    2.8557    3.6198    8.2153    0.8468   12.5543    5.6255    0.4590    0.0000    0.0600    0.7100    0.0000
    9.8500    0.5812    0.4340    0.1472    0.8812    2.5590    4.1072    8.1466    3.0249   11.4312    5.4939    0.4590    0.0000    0.0600    0.7100    0.0000
    9.8500    0.6813    0.4340    0.2473    0.8813    2.8652    3.6133    8.2161    0.8119   12.5721    5.6326    0.4590    0.0000    0.0600    0.7100    0.0000
    9.8500    0.5822    0.4340    0.1482    0.8822    2.6047    4.0750    8.1464    2.8511   11.5185    5.5248    0.4590    0.0000    0.0600    0.7100    0.0000
    9.8500    0.6823    0.4340    0.2483    0.8823    2.8747    3.6068    8.2169    0.7770   12.5898    5.6398    0.4590    0.0000    0.0600    0.7100    0.0000
    9.8500    0.5832    0.4340    0.1492    0.8832    2.6503    4.0428    8.1462    2.6773   11.6057    5.5558    0.4590    0.0000    0.0600    0.7100    0.0000
    9.8500    0.6832    0.4340    0.2492    0.8832    2.8842    3.6003    8.2178    0.7422   12.6076    5.6469    0.4590    0.0000    0.0600    0.7100    0.0000
    9.8500    0.5842    0.4340    0.1502    0.8842    2.6960    4.0106    8.1460    2.5035   11.6930    5.5867    0.4590    0.0000    0.0600    0.7100    0.0000
    9.8500    0.6842    0.4340    0.2502    0.8842    2.8937    3.5938    8.2186    0.7073   12.6253    5.6540    0.4590    0.0000    0.0600    0.7100    0.0000
    9.8500    0.5852    0.4340    0.1512    0.8852    2.7416    3.9783    8.1458    2.3297   11.7803    5.6176    0.4590    0.0000    0.0600    0.7100    0.0000
    9.8500    0.6852    0.4340    0.2512    0.8852    2.9033    3.5873    8.2194    0.6724   12.6431    5.6612    0.4590    0.0000    0.0600    0.7100    0.0000
    9.8500    0.5861    0.4340    0.1521    0.8861    2.7873    3.9461    8.1456    2.1558   11.8675    5.6486    0.4590    0.0000    0.0600    0.7100    0.0000
    9.8500    0.6862    0.4340    0.2522    0.8862    2.9128    3.5808    8.2203    0.6375   12.6608    5.6683    0.4590    0.0000    0.0600    0.7100    0.0000
    9.8500    0.5871    0.4340    0.1531    0.8871    2.8329    3.9139    8.1454    1.9820   11.9548    5.6795    0.4590    0.0000    0.0600    0.7100    0.0000
    9.8500    0.6872    0.4340    0.2532    0.8872    2.9223    3.5743    8.2211    0.6027   12.6786    5.6754    0.4590    0.0000    0.0600    0.7100    0.0000
    9.8500    0.5881    0.4340    0.1541    0.8881    2.8786    3.8817    8.1452    1.8082   12.0421    5.7105    0.4590    0.0000    0.0600    0.7100    0.0000
    9.8500    0.6881    0.4340    0.2541    0.8881    2.9318    3.5678    8.2219    0.5678   12.6963    5.6826    0.4590    0.0000    0.0600    0.7100    0.0000
    9.8500    0.5891    0.4340    0.1551    0.8891    2.9242    3.8495    8.1450    1.6344   12.1293    5.7414    0.4590    0.0000    0.0600    0.7100    0.0000
    9.8500    0.6891    0.4340    0.2551    0.8891    2.9413    3.5613    8.2228    0.5329   12.7141    5.6897    0.4590    0.0000    0.0600    0.7100    0.0000
    9.8500    0.5901    0.4340    0.1561    0.8901    2.9698    3.8172    8.1448    1.4606   12.2166    5.7723    0.4590    0.0000    0.0600    0.7100    0.0000
    9.8500    0.6901    0.4340    0.2561    0.8901    2.9509    3.5548    8.2236    0.4981   12.7318    5.6968    0.4590    0.0000    0.0600    0.7100    0.0000
    9.8500    0.5910    0.4340    0.1570    0.8910    3.0155    3.7850    8.1446    1.2868   12.3039    5.8033    0.4590    0.0000    0.0600    0.7100    0.0000
    9.8500    0.6911    0.4340    0.2571    0.8911    2.9604    3.5483    8.2244    0.4632   12.7496    5.7040    0.4590    0.0000    0.0600    0.7100    0.0000
    9.8500    0.5920    0.4340    0.1580    0.8920    3.0611    3.7528    8.1444    1.1130   12.3911    5.8342    0.4590    0.0000    0.0600    0.7100    0.0000
    9.8500    0.6921    0.4340    0.2581    0.8921    2.9699    3.5418    8.2253    0.4283   12.7673    5.7111    0.4590    0.0000    0.0600    0.7100    0.0000
    9.8500    0.5930    0.4340    0.1590    0.8930    3.1068    3.7206    8.1442    0.9392   12.4784    5.8651    0.4590    0.0000    0.0600    0.7100    0.0000
    9.8500    0.6930    0.4340    0.2590    0.8930    2.9794    3.5354    8.2261    0.3935   12.7851    5.7183    0.4590    0.0000    0.0600    0.7100    0.0000
    9.8500    0.5940    0.4340    0.1600    0.8940    3.1524    3.6883    8.1440    0.7654   12.5657    5.8961    0.4590    0.0000    0.0600    0.7100    0.0000
    9.8500    0.6940    0.4340    0.2600    0.8940    2.9889    3.5289    8.2269    0.3586   12.8028    5.7254    0.4590    0.0000    0.0600    0.7100    0.0000
    9.8500    0.5950    0.4340    0.1610    0.8950    3.1981    3.6561    8.1438    0.5916   12.6529    5.9270    0.4590    0.0000    0.0600    0.7100    0.0000
    9.8500    0.6950    0.4340    0.2610    0.8950    2.9985    3.5224    8.2278    0.3237   12.8206    5.7325    0.4590    0.0000    0.0600    0.7100    0.0000
    9.8500    0.5959    0.4340    0.1619    0.8959    3.2437    3.6239    8.1436    0.4177   12.7402    5.9579    0.4590    0.0000    0.0600    0.7100    0.0000
    9.8500    0.6960    0.4340    0.2620    0.8960    3.0080    3.5159    8.2286    0.2889   12.8383    5.7397    0.4590    0.0000    0.0600    0.7100    0.0000
    9.8500    0.5969    0.4340    0.1629    0.8969    3.2894    3.5917    8.1434    0.2439   12.8275    5.9889    0.4590    0.0000    0.0600    0.7100    0.0000
    9.8500    0.6970    0.4340    0.2630    0.8970    3.0175    3.5094    8.2294    0.2540   12.8561    5.7468    0.4590    0.0000    0.0600    0.7100    0.0000
    9.8500    0.5979    0.4340    0.1639    0.8979    3.3350    3.5595    8.1432    0.0701   12.9147    6.0198    0.4590    0.0000    0.0600    0.7100    0.0000
    9.8500    0.6980    0.4340    0.2640    0.8980    3.0270    3.5029    8.2303    0.2191   12.8738    5.7539    0.4590    0.0000    0.0600    0.7100    0.0000
    9.8500    0.5989    0.4340    0.1649    0.8989    3.3807    3.5272    8.1430   -0.1037   13.0020    6.0507    0.4590    0.0000    0.0600    0.7100    0.0000
    9.8500    0.6989    0.4340    0.2649    0.8989    3.0365    3.4964    8.2311    0.1842   12.8916    5.7611    0.4590    0.0000    0.0600    0.7100    0.0000
    9.8500    0.5999    0.4340    0.1659    0.8999    3.4263    3.4950    8.1429   -0.2775   13.0893    6.0817    0.4590    0.0000    0.0600    0.7100    0.0000
    9.8500    0.6999    0.4340    0.2659    0.8999    3.0461    3.4899    8.2319    0.1494   12.9093    5.7682    0.4590    0.0000    0.0600    0.7100    0.0000
    9.8500    0.6009    0.4340    0.1669    0.9009    2.3270    4.2315    8.1502    3.7685   11.0666    5.2502    0.4590    0.0000    0.0600    0.7100    0.0000
#   age       Mtot      Mc        Menv      Mini      logL      logT      logTc     logg      logR      logrhoc   Y         Yc        Z         FeH       OFe       
    9.9000    0.6342    0.4340    0.2002    0.8342    1.8889    3.5917    8.0578    1.6708   12.1270    4.4112    0.4590    0.8997    0.0600    0.7100    0.0000
    9.9000    0.5351    0.4340    0.1011    0.8351    1.8482    3.6207    8.0619    1.7528   12.0487    4.4148    0.4590    0.8996    0.0600    0.7100    0.0000
    9.9000    0.6352    0.4340    0.2012    0.8352    1.8892    3.5916    8.0578    1.6709   12.1274    4.4113    0.4590    0.8997    0.0600    0.7100    0.0000
    9.9000    0.5361    0.4340    0.1021    0.8361    1.8488    3.6201    8.0619    1.7508   12.0502    4.4147    0.4590    0.8996    0.0600    0.7100    0.0000
    9.9000    0.6362    0.4340    0.2022    0.8362    1.8896    3.5915    8.0577    1.6709   12.1277    4.4113    0.4590    0.8997    0.0600    0.7100    0.0000
    9.9000    0.5371    0.4340    0.1031    0.8371    1.8494    3.6196    8.0618    1.7487   12.0516    4.4146    0.4590    0.8996    0.0600    0.7100    0.0000
    9.9000    0.6371    0.4340    0.2031    0.8371    2.8246    3.6954    8.2014    1.1517   12.3876    5.6366    0.4590    0.0000    0.0600    0.7100    0.0000
    9.9000    0.5381    0.4340    0.1041    0.8381    2.1554    4.9656    8.0646    6.8287    9.5126    6.0417    0.4590    0.0000    0.0600    0.7100    0.0000
    9.9000    0.6381    0.4340    0.2041    0.8381    2.8380    3.6809    8.2028    1.0810   12.4233    5.6471    0.4590    0.0000    0.0600    0.7100    0.0000
    9.9000    0.5391    0.4340    0.1051    0.8391    2.1556    4.9935    8.0613    6.9409    9.4568    6.0751    0.4590    0.0000    0.0600    0.7100    0.0000
    9.9000    0.6391    0.4340    0.2051    0.8391    2.8515    3.6664    8.2042    1.0103   12.4590    5.6575    0.4590    0.0000    0.0600    0.7100    0.0000
    9.9000    0.5400    0.4340    0.1060    0.8400    2.9266    4.5461    8.1088    4.3812   10.7371    5.8960    0.4590    0.0000    0.0600    0.7100    0.0000
    9.9000    0.6401    0.4340    0.2061    0.8401    2.8649    3.6519    8.2055    0.9396   12.4947    5.6680    0.4590    0.0000    0.0600    0.7100    0.0000
    9.9000    0.5410    0.4340    0.1070    0.8410    2.8514    4.5941    8.1046    4.6493   10.6034    5.9198    0.4590    0.0000    0.0600    0.7100    0.0000
    9.9000    0.6411    0.4340    0.2071    0.8411    2.8784    3.6374    8.2069    0.8688   12.5304    5.6784    0.4590    0.0000    0.0600    0.7100    0.0000
    9.9000    0.5420    0.4340    0.1080    0.8420    2.7762    4.6422    8.1003    4.9174   10.4698    5.9435    0.4590    0.0000    0.0600    0.7100    0.0000
    9.9000    0.6420    0.4340    0.2080    0.8420    2.8918    3.6229    8.2083    0.7981   12.5661    5.6889    0.4590    0.0000    0.0600    0.7100    0.0000
    9.9000    0.5430    0.4340    0.1090    0.8430    2.7010    4.6902    8.0960    5.1855   10.3361    5.9673    0.4590    0.0000    0.0600    0.7100    0.0000
    9.9000    0.6430    0.4340    0.2090    0.8430    2.9053    3.6084    8.2097    0.7274   12.6018    5.6993    0.4590    0.0000    0.0600    0.7100    0.0000
    9.9000    0.5440    0.4340    0.1100    0.8440    2.6258    4.7382    8.0917    5.4536   10.2024    5.9911    0.4590    0.0000    0.0600    0.7100    0.0000
    9.9000    0.6440    0.4340    0.2100    0.8440    2.9187    3.5939    8.2111    0.6567   12.6375    5.7097    0.4590    0.0000    0.0600    0.7100    0.0000
    9.9000    0.5449    0.4340    0.1109    0.8449    2.5506    4.7863    8.0874    5.7217   10.0688    6.0149    0.4590    0.0000    0.0600    0.7100    0.0000
    9.9000    0.6450    0.4340    0.2110    0.8450    2.9322    3.5794    8.2125    0.5859   12.6732    5.7202    0.4590    0.0000    0.0600    0.7100    0.0000
    9.9000    0.5459    0.4340    0.1119    0.8459    2.4754    4.8343    8.0832    5.9898    9.9351    6.0386    0.4590    0.0000    0.0600    0.7100    0.0000
    9.9000    0.6460    0.4340    0.2120    0.8460    2.9456    3.5649    8.2138    0.5152   12.7089    5.7306    0.4590    0.0000    0.0600    0.7100    0.0000
    9.9000    0.5469    0.4340    0.1129    0.8469    2.4002    4.8824    8.0789    6.2579    9.8015    6.0624    0.4590    0.0000    0.0600    0.7100    0.0000
    9.9000    0.6470    0.4340    0.2130    0.8470    2.9591    3.5505    8.2152    0.4445   12.7446    5.7411    0.4590    0.0000    0.0600    0.7100    0.0000
    9.9000    0.5479    0.4340    0.1139    0.8479    2.3251    4.9304    8.0746    6.5260    9.6678    6.0862    0.4590    0.0000    0.0600    0.7100    0.0000
    9.9000    0.6479    0.4340    0.2139    0.8479    2.9725    3.5360    8.2166    0.3738   12.7803    5.7515    0.4590    0.0000    0.0600    0.7100    0.0000
    9.9000    0.5489    0.4340    0.1149    0.8489    2.2499    4.9785    8.0703    6.7941    9.5341    6.1099    0.4590    0.0000    0.0600    0.7100    0.0000
    9.9000    0.6489    0.4340    0.2149    0.8489    2.9860    3.5215    8.2180    0.3030   12.8160    5.7620    0.4590    0.0000    0.0600    0.7100    0.0000
    9.9000    0.5499    0.4340    0.1159    0.8499    2.1747    5.0265    8.0661    7.0622    9.4005    6.1337    0.4590    0.0000    0.0600    0.7100    0.0000
    9.9000    0.6499    0.4340    0.2159    0.8499    2.9994    3.5070    8.2194    0.2323   12.8517    5.7724    0.4590    0.0000    0.0600    0.7100    0.0000
    9.9000    0.5508    0.4340    0.1168    0.8508    2.1928    4.3276    8.1312    4.2494   10.8072    5.2864    0.4590    0.0000    0.0600    0.7100    0.0000
    9.9000    0.6509    0.4340    0.2169    0.8509    2.5701    3.8146    8.1903    1.8928   12.0218    5.4114    0.4590    0.0000    0.0600    0.7100    0.0000
    9.9000    0.5518    0.4340    0.1178    0.8518    2.2351    4.2957    8.1314    4.0804   10.8921    5.3151    0.4590    0.0000    0.0600    0.7100    0.0000
    9.9000    0.6519    0.4340    0.2179    0.8519    2.5796    3.8081    8.1911    1.8580   12.0395    5.4186    0.4590    0.0000    0.0600    0.7100    0.0000
    9.9000    0.5528    0.4340    0.1188    0.8528    2.2774    4.2639    8.1317    3.9115   10.9770    5.3437    0.4590    0.0000    0.0600    0.7100    0.0000
    9.9000    0.6528    0.4340    0.2188    0.8528    2.5891    3.8016    8.1919    1.8231   12.0573    5.4257    0.4590    0.0000    0.0600    0.7100    0.0000
    9.9000    0.5538    0.4340    0.1198    0.8538    2.3196    4.2320    8.1319    3.7425   11.0618    5.3723    0.4590    0.0000    0.0600    0.7100    0.0000
    9.9000    0.6538    0.4340    0.2198    0.8538    2.5986    3.7951    8.1928    1.7882   12.0750    5.4328    0.4590    0.0000    0.0600    0.7100    0.0000
    9.9000    0.5548    0.4340    0.1208    0.8548    2.3619    4.2001    8.1321    3.5735   11.1467    5.4010    0.4590    0.0000    0.0600    0.7100    0.0000
    9.9000    0.6548    0.4340    0.2208    0.8548    2.6081    3.7886    8.1936    1.7534   12.0928    5.4400    0.4590    0.0000    0.0600    0.7100    0.0000
    9.9000    0.5557    0.4340    0.1217    0.8557    2.4041    4.1683    8.1323    3.4046   11.2316    5.4296    0.4590    0.0000    0.0600    0.7100    0.0000
    9.9000    0.6558    0.4340    0.2218    0.8558    2.6177    3.7821    8.1944    1.7185   12.1105    5.4471    0.4590    0.0000    0.0600    0.7100    0.0000
    9.9000    0.5567    0.4340    0.1227    0.8567    2.4464    4.1364    8.1326    3.2356   11.3164    5.4582    0.4590    0.0000    0.0600    0.7100    0.0000
    9.9000    0.6568    0.4340    0.2228    0.8568    2.6272    3.7756    8.1953    1.6836   12.1283    5.4543    0.4590    0.0000    0.0600    0.7100    0.0000
    9.9000    0.5577    0.4340    0.1237    0.8577    2.4886    4.1045    8.1328    3.0666   11.4013    5.4868    0.4590    0.0000    0.0600    0.7100    0.0000
    9.9000    0.6577    0.4340    0.2237    0.8577    2.6367    3.7691    8.1961    1.6488   12.1460    5.4614    0.4590    0.0000    0.0600    0.7100    0.0000
    9.9000    0.5587    0.4340    0.1247    0.8587    2.5309    4.0727    8.1330    2.8977   11.4861    5.5155    0.4590    0.0000    0.0600    0.7100    0.0000
    9.9000    0.6587    0.4340    0.2247    0.8587    2.6462    3.7626    8.1969    1.6139   12.1638    5.4685    0.4590    0.0000    0.0600    0.7100    0.0000
    9.9000    0.5597    0.4340    0.1257    0.8597    2.5731    4.0408    8.1333    2.7287   11.5710    5.5441    0.4590    0.0000    0.0600    0.7100    0.0000
    9.9000    0.6597    0.4340    0.2257    0.8597    2.6557    3.7561    8.1978    1.5790   12.1815    5.4757    0.4590    0.0000    0.0600    0.7100    0.0000
    9.9000    0.5606    0.4340    0.1266    0.8606    2.6154    4.0089    8.1335    2.5597   11.6559    5.5727    0.4590    0.0000    0.0600    0.7100    0.0000
    9.9000    0.6607    0.4340    0.2267    0.8607    2.6653    3.7497    8.1986    1.5442   12.1993    5.4828    0.4590    0.0000    0.0600    0.7100    0.0000
    9.9000    0.5616    0.4340    0.1276    0.8616    2.6577    3.9771    8.1337    2.3908   11.7407    5.6014    0.4590    0.0000    0.0600    0.7100    0.0000
    9.9000    0.6617    0.4340    0.2277    0.8617    2.6748    3.7432    8.1994    1.5093   12.2170    5.4899    0.4590    0.0000    0.0600    0.7100    0.0000
    9.9000    0.5626    0.4340    0.1286    0.8626    2.6999    3.9452    8.1340    2.2218   11.8256    5.6300    0.4590    0.0000    0.0600    0.7100    0.0000
    9.9000    0.6626    0.4340    0.2286    0.8626    2.6843    3.7367    8.2003    1.4744   12.2348    5.4971    0.4590    0.0000    0.0600    0.7100    0.0000
    9.9000    0.5636    0.4340    0.1296    0.8636    2.7422    3.9133    8.1342    2.0528   11.9105    5.6586    0.4590    0.0000    0.0600    0.7100    0.0000
    9.9000    0.6636    0.4340    0.2296    0.8636    2.6938    3.7302    8.2011    1.4395   12.2525    5.5042    0.4590    0.0000    0.0600    0.7100    0.0000
    9.9000    0.5646    0.4340    0.1306    0.8646    2.7844    3.8815    8.1344    1.8839   11.9953    5.6873    0.4590    0.0000    0.0600    0.7100    0.0000
    9.9000    0.6646    0.4340    0.2306    0.8646    2.7033    3.7237    8.2019    1.4047   12.2703    5.5113    0.4590    0.0000    0.0600    0.7100    0.0000
    9.9000    0.5655    0.4340    0.1315    0.8655    2.8267    3.8496    8.1347    1.7149   12.0802    5.7159    0.4590    0.0000    0.0600    0.7100    0.0000
    9.9000    0.6656    0.4340    0.2316    0.8656    2.7129    3.7172    8.2028    1.3698   12.2880    5.5185    0.4590    0.0000    0.0600    0.7100    0.0000
    9.9000    0.5665    0.4340    0.1325    0.8665    2.8689    3.8177    8.1349    1.5459   12.1650    5.7445    0.4590    0.0000    0.0600    0.7100    0.0000
    9.9000    0.6666    0.4340    0.2326    0.8666    2.7224    3.7107    8.2036    1.3349   12.3058    5.5256    0.4590    0.0000    0.0600    0.7100    0.0000
#   age       Mtot      Mc        Menv      Mini      logL      logT      logTc     logg      logR      logrhoc   Y         Yc        Z         FeH       OFe       
    9.9500    0.6028    0.4340    0.1688    0.8028    1.8778    3.5943    8.0597    1.6704   12.1164    4.4108    0.4590    0.8996    0.0600    0.7100    0.0000
    9.9500    0.5038    0.4340    0.0698    0.8038    1.8292    3.6387    8.0644    1.8185   12.0032    4.4173    0.4590    0.8996    0.0600    0.7100    0.0000
    9.9500    0.6038    0.4340    0.1698    0.8038    1.8781    3.5942    8.0596    1.6704   12.1167    4.4108    0.4590    0.8996    0.0600    0.7100    0.0000
    9.9500    0.5047    0.4340    0.0707    0.8047    1.8298    3.6381    8.0643    1.8164   12.0046    4.4173    0.4590    0.8996    0.0600    0.7100    0.0000
    9.9500    0.6048    0.4340    0.1708    0.8048    2.3808    4.1735    8.1557    3.4856   11.2095    5.2920    0.4590    0.0000    0.0600    0.7100    0.0000
    9.9500    0.5057    0.4340    0.0717    0.8057    1.8304    3.6376    8.0642    1.8144   12.0061    4.4172    0.4590    0.8996    0.0600    0.7100    0.0000
    9.9500    0.6058    0.4340    0.1718    0.8058    2.3942    4.1591    8.1571    3.4149   11.2452    5.3025    0.4590    0.0000    0.0600    0.7100    0.0000
    9.9500    0.5067    0.4340    0.0727    0.8067    1.4694    4.7371    8.0314    6.5747    9.6265    5.9289    0.4590    0.0000    0.0600    0.7100    0.0000
    9.9500    0.6067    0.4340    0.1727    0.8067    2.4076    4.1446    8.1585    3.3441   11.2809    5.3129    0.4590    0.0000    0.0600    0.7100    0.0000
    9.9500    0.5077    0.4340    0.0737    0.8077    1.3641    4.7687    8.0206    6.8073    9.5106    5.9851    0.4590    0.0000    0.0600    0.7100    0.0000
    9.9500    0.6077    0.4340    0.1737    0.8077    2.4211    4.1301    8.1598    3.2734   11.3166    5.3233    0.4590    0.0000    0.0600    0.7100    0.0000
    9.9500    0.5087    0.4340    0.0747    0.8087    1.2588    4.8004    8.0099    7.0399    9.3947    6.0413    0.4590    0.0000    0.0600    0.7100    0.0000
    9.9500    0.6087    0.4340    0.1747    0.8087    2.4345    4.1156    8.1612    3.2027   11.3523    5.3338    0.4590    0.0000    0.0600    0.7100    0.0000
    9.9500    0.5096    0.4340    0.0756    0.8096    1.1535    4.8320    7.9991    7.2725    9.2788    6.0975    0.4590    0.0000    0.0600    0.7100    0.0000
    9.9500    0.6097    0.4340    0.1757    0.8097    2.4480    4.1011    8.1626    3.1320   11.3880    5.3442    0.4590    0.0000    0.0600    0.7100    0.0000
    9.9500    0.5106    0.4340    0.0766    0.8106    2.0571    4.4971    8.1119    5.0306   10.4002    5.4537    0.4590    0.0000    0.0600    0.7100    0.0000
    9.9500    0.6107    0.4340    0.1767    0.8107    2.4614    4.0866    8.1640    3.0613   11.4237    5.3547    0.4590    0.0000    0.0600    0.7100    0.0000
    9.9500    0.5116    0.4340    0.0776    0.8116    2.0139    4.5426    8.1039    5.2564   10.2877    5.5198    0.4590    0.0000    0.0600    0.7100    0.0000
    9.9500    0.6116    0.4340    0.1776    0.8116    2.4749    4.0721    8.1654    2.9905   11.4594    5.3651    0.4590    0.0000    0.0600    0.7100    0.0000
    9.9500    0.5126    0.4340    0.0786    0.8126    1.9707    4.5880    8.0958    5.4822   10.1752    5.5859    0.4590    0.0000    0.0600    0.7100    0.0000
    9.9500    0.6126    0.4340    0.1786    0.8126    2.4883    4.0576    8.1668    2.9198   11.4951    5.3756    0.4590    0.0000    0.0600    0.7100    0.0000
    9.9500    0.5136    0.4340    0.0796    0.8136    1.9275    4.6335    8.0877    5.7080   10.0627    5.6519    0.4590    0.0000    0.0600    0.7100    0.0000
    9.9500    0.6136    0.4340    0.1796    0.8136    2.5018    4.0431    8.1682    2.8491   11.5308    5.3860    0.4590    0.0000    0.0600    0.7100    0.0000
    9.9500    0.5145    0.4340    0.0805    0.8145    1.8844    4.6789    8.0796    5.9339    9.9502    5.7180    0.4590    0.0000    0.0600    0.7100    0.0000
    9.9500    0.6146    0.4340    0.1806    0.8146    2.5152    4.0286    8.1695    2.7784   11.5665    5.3964    0.4590    0.0000    0.0600    0.7100    0.0000
    9.9500    0.5155    0.4340    0.0815    0.8155    1.8412    4.7244    8.0716    6.1597    9.8377    5.7840    0.4590    0.0000    0.0600    0.7100    0.0000
    9.9500    0.6156    0.4340    0.1816    0.8156    2.5287    4.0142    8.1709    2.7076   11.6022    5.4069    0.4590    0.0000    0.0600    0.7100    0.0000
    9.9500    0.5165    0.4340    0.0825    0.8165    1.7980    4.7699    8.0635    6.3855    9.7252    5.8501    0.4590    0.0000    0.0600    0.7100    0.0000
    9.9500    0.6165    0.4340    0.1825    0.8165    2.5421    3.9997    8.1723    2.6369   11.6379    5.4173    0.4590    0.0000    0.0600    0.7100    0.0000
    9.9500    0.5175    0.4340    0.0835    0.8175    1.7548    4.8153    8.0554    6.6113    9.6127    5.9162    0.4590    0.0000    0.0600    0.7100    0.0000
    9.9500    0.6175    0.4340    0.1835    0.8175    2.5556    3.9852    8.1737    2.5662   11.6736    5.4278    0.4590    0.0000    0.0600    0.7100    0.0000
    9.9500    0.5185    0.4340    0.0845    0.8185    1.7117    4.8608    8.0473    6.8371    9.5002    5.9822    0.4590    0.0000    0.0600    0.7100    0.0000
    9.9500    0.6185    0.4340    0.1845    0.8185    2.5690    3.9707    8.1751    2.4955   11.7093    5.4382    0.4590    0.0000    0.0600    0.7100    0.0000
    9.9500    0.5194    0.4340    0.0854    0.8194    1.6685    4.9062    8.0393    7.0629    9.3877    6.0483    0.4590    0.0000    0.0600    0.7100    0.0000
    9.9500    0.6195    0.4340    0.1855    0.8195    2.5825    3.9562    8.1765    2.4247   11.7450    5.4487    0.4590    0.0000    0.0600    0.7100    0.0000
    9.9500    0.5204    0.4340    0.0864    0.8204    2.1524    4.4634    8.1229    4.8087   10.5153    5.4399    0.4590    0.0000    0.0600    0.7100    0.0000
    9.9500    0.6205    0.4340    0.1865    0.8205    2.5959    3.9417    8.1778    2.3540   11.7807    5.4591    0.4590    0.0000    0.0600    0.7100    0.0000
    9.9500    0.5214    0.4340    0.0874    0.8214    2.1526    4.4913    8.1197    4.9209   10.4596    5.4733    0.4590    0.0000    0.0600    0.7100    0.0000
    9.9500    0.6214    0.4340    0.1874    0.8214    2.6094    3.9272    8.1792    2.2833   11.8164    5.4695    0.4590    0.0000    0.0600    0.7100    0.0000
    9.9500    0.5224    0.4340    0.0884    0.8224    2.1528    4.5192    8.1164    5.0331   10.4039    5.5068    0.4590    0.0000    0.0600    0.7100    0.0000
    9.9500    0.6224    0.4340    0.1884    0.8224    2.6228    3.9127    8.1806    2.2126   11.8521    5.4800    0.4590    0.0000    0.0600    0.7100    0.0000
    9.9500    0.5234    0.4340    0.0894    0.8234    2.1529    4.5471    8.1132    5.1454   10.3482    5.5402    0.4590    0.0000    0.0600    0.7100    0.0000
    9.9500    0.6234    0.4340    0.1894    0.8234    2.6363    3.8982    8.1820    2.1419   11.8878    5.4904    0.4590    0.0000    0.0600    0.7100    0.0000
    9.9500    0.5243    0.4340    0.0903    0.8243    2.1531    4.5750    8.1099    5.2576   10.2924    5.5736    0.4590    0.0000    0.0600    0.7100    0.0000
    9.9500    0.6244    0.4340    0.1904    0.8244    2.6497    3.8837    8.1834    2.0711   11.9235    5.5009    0.4590    0.0000    0.0600    0.7100    0.0000
    9.9500    0.5253    0.4340    0.0913    0.8253    2.1532    4.6029    8.1067    5.3698   10.2367    5.6071    0.4590    0.0000    0.0600    0.7100    0.0000
    9.9500    0.6254    0.4340    0.1914    0.8254    2.6632    3.8692    8.1848    2.0004   11.9592    5.5113    0.4590    0.0000    0.0600    0.7100    0.0000
    9.9500    0.5263    0.4340    0.0923    0.8263    2.1534    4.6308    8.1035    5.4820   10.1810    5.6405    0.4590    0.0000    0.0600    0.7100    0.0000
    9.9500    0.6264    0.4340    0.1924    0.8264    2.6766    3.8548    8.1862    1.9297   11.9949    5.5218    0.4590    0.0000    0.0600    0.7100    0.0000
    9.9500    0.5273    0.4340    0.0933    0.8273    2.1536    4.6587    8.1002    5.5942   10.1253    5.6739    0.4590    0.0000    0.0600    0.7100    0.0000
    9.9500    0.6273    0.4340    0.1933    0.8273    2.6901    3.8403    8.1875    1.8590   12.0306    5.5322    0.4590    0.0000    0.0600    0.7100    0.0000
    9.9500    0.5283    0.4340    0.0943    0.8283    2.1537    4.6866    8.0970    5.7065   10.0696    5.7074    0.4590    0.0000    0.0600    0.7100    0.0000
    9.9500    0.6283    0.4340    0.1943    0.8283    2.7035    3.8258    8.1889    1.7882   12.0663    5.5427    0.4590    0.0000    0.0600    0.7100    0.0000
    9.9500    0.5293    0.4340    0.0953    0.8293    2.1539    4.7145    8.0937    5.8187   10.0139    5.7408    0.4590    0.0000    0.0600    0.7100    0.0000
    9.9500    0.6293    0.4340    0.1953    0.8293    2.7170    3.8113    8.1903    1.7175   12.1020    5.5531    0.4590    0.0000    0.0600    0.7100    0.0000
    9.9500    0.5302    0.4340    0.0962    0.8302    2.1541    4.7424    8.0905    5.9309    9.9582    5.7742    0.4590    0.0000    0.0600    0.7100    0.0000
    9.9500    0.6303    0.4340    0.1963    0.8303    2.7304    3.7968    8.1917    1.6468   12.1377    5.5635    0.4590    0.0000    0.0600    0.7100    0.0000
    9.9500    0.5312    0.4340    0.0972    0.8312    2.1542    4.7703    8.0873    6.0431    9.9025    5.8076    0.4590    0.0000    0.0600    0.7100    0.0000
    9.9500    0.6313    0.4340    0.1973    0.8313    2.7439    3.7823    8.1931    1.5761   12.1734    5.5740    0.4590    0.0000    0.0600    0.7100    0.0000
    9.9500    0.5322    0.4340    0.0982    0.8322    2.1544    4.7982    8.0840    6.1553    9.8468    5.8411    0.4590    0.0000    0.0600    0.7100    0.0000
    9.9500    0.6322    0.4340    0.1982    0.8322    2.7573    3.7678    8.1945    1.5053   12.2091    5.5844    0.4590    0.0000    0.0600    0.7100    0.0000
    9.9500    0.5332    0.4340    0.0992    0.8332    2.1546    4.8261    8.0808    6.2676    9.7911    5.8745    0.4590    0.0000    0.0600    0.7100    0.0000
    9.9500    0.6332    0.4340    0.1992    0.8332    2.7708    3.7533    8.1958    1.4346   12.2448    5.5949    0.4590    0.0000    0.0600    0.7100    0.0000
    9.9500    0.5342    0.4340    0.1002    0.8342    2.1547    4.8540    8.0775    6.3798    9.7354    5.9079    0.4590    0.0000    0.0600    0.7100    0.0000
#   age       Mtot      Mc        Menv      Mini      logL      logT      logTc     logg      logR      logrhoc   Y         Yc        Z         FeH       OFe       
   10.0000    0.5724    0.4340    0.1384    0.7724    1.8707    3.5993    8.0590    1.6748   12.1028    4.4118    0.4590    0.8996    0.0600    0.7100    0.0000
   10.0000    0.6725    0.4340    0.2385    0.7725    1.8987    3.5900    8.0569    1.6798   12.1353    4.4115    0.4590    0.8997    0.0600    0.7100    0.0000
   10.0000    0.4733    0.4340    0.0393    0.7733    1.6986    4.0112    8.0619    3.4121   11.1930    4.4124    0.4590    0.8997    0.0600    0.7100    0.0000
   10.0000    0.5734    0.4340    0.1394    0.7734    1.8713    3.5988    8.0590    1.6728   12.1042    4.4117    0.4590    0.8996    0.0600    0.7100    0.0000
   10.0000    0.6734    0.4340    0.2394    0.7734    1.8989    3.5900    8.0569    1.6801   12.1354    4.4115    0.4590    0.8997    0.0600    0.7100    0.0000
   10.0000    0.4743    0.4340    0.0403    0.7743    1.7089    3.9905    8.0622    3.3200   11.2395    4.4130    0.4590    0.8997    0.0600    0.7100    0.0000
   10.0000    0.5744    0.4340    0.1404    0.7744    3.2070    3.5628    8.1368    0.1942   12.8439    5.9736    0.4590    0.0000    0.0600    0.7100    0.0000
   10.0000    0.6744    0.4340    0.2404    0.7744    2.7985    3.6587    8.2103    1.0560   12.4478    5.5827    0.4590    0.0000    0.0600    0.7100    0.0000
   10.0000    0.4753    0.4340    0.0413    0.7753    1.7192    3.9698    8.0625    3.2280   11.2860    4.4135    0.4590    0.8997    0.0600    0.7100    0.0000
   10.0000    0.5754    0.4340    0.1414    0.7754    2.2851    4.3006    8.1478    4.0677   10.9076    5.3083    0.4590    0.0000    0.0600    0.7100    0.0000
   10.0000    0.6754    0.4340    0.2414    0.7754    2.8081    3.6522    8.2111    1.0211   12.4655    5.5898    0.4590    0.0000    0.0600    0.7100    0.0000
   10.0000    0.4763    0.4340    0.0423    0.7763    0.7325    4.5990    7.9378    6.7321    9.5343    5.9018    0.4590    0.0000    0.0600    0.7100    0.0000
   10.0000    0.5763    0.4340    0.1423    0.7763    2.3308    4.2683    8.1476    3.8939   10.9949    5.3392    0.4590    0.0000    0.0600    0.7100    0.0000
   10.0000    0.6764    0.4340    0.2424    0.7764    2.8176    3.6457    8.2119    0.9862   12.4833    5.5970    0.4590    0.0000    0.0600    0.7100    0.0000
   10.0000    0.4773    0.4340    0.0433    0.7773    0.5473    4.6058    7.9157    6.9454    9.4282    5.9652    0.4590    0.0000    0.0600    0.7100    0.0000
   10.0000    0.5773    0.4340    0.1433    0.7773    2.3764    4.2361    8.1474    3.7201   11.0821    5.3702    0.4590    0.0000    0.0600    0.7100    0.0000
   10.0000    0.6774    0.4340    0.2434    0.7774    2.8271    3.6393    8.2128    0.9514   12.5010    5.6041    0.4590    0.0000    0.0600    0.7100    0.0000
   10.0000    0.4783    0.4340    0.0443    0.7783    0.3620    4.6125    7.8935    7.1586    9.3220    6.0286    0.4590    0.0000    0.0600    0.7100    0.0000
   10.0000    0.5783    0.4340    0.1443    0.7783    2.4221    4.2039    8.1472    3.5463   11.1694    5.4011    0.4590    0.0000    0.0600    0.7100    0.0000
   10.0000    0.6783    0.4340    0.2443    0.7783    2.8366    3.6328    8.2136    0.9165   12.5188    5.6112    0.4590    0.0000    0.0600    0.7100    0.0000
   10.0000    0.4792    0.4340    0.0452    0.7792    0.1768    4.6193    7.8714    7.3719    9.2158    6.0920    0.4590    0.0000    0.0600    0.7100    0.0000
   10.0000    0.5793    0.4340    0.1453    0.7793    2.4677    4.1717    8.1470    3.3725   11.2567    5.4320    0.4590    0.0000    0.0600    0.7100    0.0000
   10.0000    0.6793    0.4340    0.2453    0.7793    2.8461    3.6263    8.2144    0.8816   12.5365    5.6184    0.4590    0.0000    0.0600    0.7100    0.0000
   10.0000    0.4802    0.4340    0.0462    0.7802    2.0150    4.5630    8.0813    5.3096   10.2474    5.5545    0.4590    0.0000    0.0600    0.7100    0.0000
   10.0000    0.5803    0.4340    0.1463    0.7803    2.5134    4.1395    8.1468    3.1987   11.3439    5.4630    0.4590    0.0000    0.0600    0.7100    0.0000
   10.0000    0.6803    0.4340    0.2463    0.7803    2.8557    3.6198    8.2153    0.8468   12.5543    5.6255    0.4590    0.0000    0.0600    0.7100    0.0000
   10.0000    0.4812    0.4340    0.0472    0.7812    1.8552    4.5775    8.0642    5.5282   10.1386    5.6130    0.4590    0.0000    0.0600    0.7100    0.0000
   10.0000    0.5812    0.4340    0.1472    0.7812    2.5590    4.1072    8.1466    3.0249   11.4312    5.4939    0.4590    0.0000    0.0600    0.7100    0.0000
   10.0000    0.6813    0.4340    0.2473    0.7813    2.8652    3.6133    8.2161    0.8119   12.5721    5.6326    0.4590    0.0000    0.0600    0.7100    0.0000
   10.0000    0.4822    0.4340    0.0482    0.7822    1.6953    4.5920    8.0471    5.7467   10.0297    5.6714    0.4590    0.0000    0.0600    0.7100    0.0000
   10.0000    0.5822    0.4340    0.1482    0.7822    2.6047    4.0750    8.1464    2.8511   11.5185    5.5248    0.4590    0.0000    0.0600    0.7100    0.0000
   10.0000    0.6823    0.4340    0.2483    0.7823    2.8747    3.6068    8.2169    0.7770   12.5898    5.6398    0.4590    0.0000    0.0600    0.7100    0.0000
   10.0000    0.4832    0.4340    0.0492    0.7832    1.5355    4.6064    8.0300    5.9652    9.9209    5.7299    0.4590    0.0000    0.0600    0.7100    0.0000
   10.0000    0.5832    0.4340    0.1492    0.7832    2.6503    4.0428    8.1462    2.6773   11.6057    5.5558    0.4590    0.0000    0.0600    0.7100    0.0000
   10.0000    0.6832    0.4340    0.2492    0.7832    2.8842    3.6003    8.2178    0.7422   12.6076    5.6469    0.4590    0.0000    0.0600    0.7100    0.0000
   10.0000    0.4841    0.4340    0.0501    0.7841    1.3757    4.6209    8.0130    6.1838    9.8121    5.7883    0.4590    0.0000    0.0600    0.7100    0.0000
   10.0000    0.5842    0.4340    0.1502    0.7842    2.6960    4.0106    8.1460    2.5035   11.6930    5.5867    0.4590    0.0000    0.0600    0.7100    0.0000
   10.0000    0.6842    0.4340    0.2502    0.7842    2.8937    3.5938    8.2186    0.7073   12.6253    5.6540    0.4590    0.0000    0.0600    0.7100    0.0000
   10.0000    0.4851    0.4340    0.0511    0.7851    1.2159    4.6354    7.9959    6.4023    9.7032    5.8467    0.4590    0.0000    0.0600    0.7100    0.0000
   10.0000    0.5852    0.4340    0.1512    0.7852    2.7416    3.9783    8.1458    2.3297   11.7803    5.6176    0.4590    0.0000    0.0600    0.7100    0.0000
   10.0000    0.6852    0.4340    0.2512    0.7852    2.9033    3.5873    8.2194    0.6724   12.6431    5.6612    0.4590    0.0000    0.0600    0.7100    0.0000
   10.0000    0.4861    0.4340    0.0521    0.7861    1.0561    4.6499    7.9788    6.6208    9.5944    5.9052    0.4590    0.0000    0.0600    0.7100    0.0000
   10.0000    0.5861    0.4340    0.1521    0.7861    2.7873    3.9461    8.1456    2.1558   11.8675    5.6486    0.4590    0.0000    0.0600    0.7100    0.0000
   10.0000    0.6862    0.4340    0.2522    0.7862    2.9128    3.5808    8.2203    0.6375   12.6608    5.6683    0.4590    0.0000    0.0600    0.7100    0.0000
   10.0000    0.4871    0.4340    0.0531    0.7871    0.8963    4.6643    7.9617    6.8394    9.4856    5.9636    0.4590    0.0000    0.0600    0.7100    0.0000
   10.0000    0.5871    0.4340    0.1531    0.7871    2.8329    3.9139    8.1454    1.9820   11.9548    5.6795    0.4590    0.0000    0.0600    0.7100    0.0000
   10.0000    0.6872    0.4340    0.2532    0.7872    2.9223    3.5743    8.2211    0.6027   12.6786    5.6754    0.4590    0.0000    0.0600    0.7100    0.0000
   10.0000    0.4881    0.4340    0.0541    0.7881    0.7364    4.6788    7.9446    7.0579    9.3768    6.0221    0.4590    0.0000    0.0600    0.7100    0.0000
   10.0000    0.5881    0.4340    0.1541    0.7881    2.8786    3.8817    8.1452    1.8082   12.0421    5.7105    0.4590    0.0000    0.0600    0.7100    0.0000
   10.0000    0.6881    0.4340    0.2541    0.7881    2.9318    3.5678    8.2219    0.5678   12.6963    5.6826    0.4590    0.0000    0.0600    0.7100    0.0000
   10.0000    0.4890    0.4340    0.0550    0.7890    0.5766    4.6933    7.9275    7.2764    9.2679    6.0805    0.4590    0.0000    0.0600    0.7100    0.0000
   10.0000    0.5891    0.4340    0.1551    0.7891    2.9242    3.8495    8.1450    1.6344   12.1293    5.7414    0.4590    0.0000    0.0600    0.7100    0.0000
   10.0000    0.6891    0.4340    0.2551    0.7891    2.9413    3.5613    8.2228    0.5329   12.7141    5.6897    0.4590    0.0000    0.0600    0.7100    0.0000
   10.0000    0.4900    0.4340    0.0560    0.7900    2.0531    4.5237    8.0985    5.1228   10.3452    5.4899    0.4590    0.0000    0.0600    0.7100    0.0000
   10.0000    0.5901    0.4340    0.1561    0.7901    2.9698    3.8172    8.1448    1.4606   12.2166    5.7723    0.4590    0.0000    0.0600    0.7100    0.0000
   10.0000    0.6901    0.4340    0.2561    0.7901    2.9509    3.5548    8.2236    0.4981   12.7318    5.6968    0.4590    0.0000    0.0600    0.7100    0.0000
   10.0000    0.4910    0.4340    0.0570    0.7910    1.9325    4.5496    8.0853    5.3481   10.2330    5.5521    0.4590    0.0000    0.0600    0.7100    0.0000
   10.0000    0.5910    0.4340    0.1570    0.7910    3.0155    3.7850    8.1446    1.2868   12.3039    5.8033    0.4590    0.0000    0.0600    0.7100    0.0000
   10.0000    0.6911    0.4340    0.2571    0.7911    2.9604    3.5483    8.2244    0.4632   12.7496    5.7040    0.4590    0.0000    0.0600    0.7100    0.0000
   10.0000    0.4920    0.4340    0.0580    0.7920    1.8119    4.5756    8.0721    5.5734   10.1207    5.6142    0.4590    0.0000    0.0600    0.7100    0.0000
   10.0000    0.5920    0.4340    0.1580    0.7920    3.0611    3.7528    8.1444    1.1130   12.3911    5.8342    0.4590    0.0000    0.0600    0.7100    0.0000
   10.0000    0.6921    0.4340    0.2581    0.7921    2.9699    3.5418    8.2253    0.4283   12.7673    5.7111    0.4590    0.0000    0.0600    0.7100    0.0000
   10.0000    0.4930    0.4340    0.0590    0.7930    1.6913    4.6016    8.0589    5.7988   10.0085    5.6764    0.4590    0.0000    0.0600    0.7100    0.0000
   10.0000    0.5930    0.4340    0.1590    0.7930    3.1068    3.7206    8.1442    0.9392   12.4784    5.8651    0.4590    0.0000    0.0600    0.7100    0.0000
   10.0000    0.6930    0.4340    0.2590    0.7930    2.9794    3.5354    8.2261    0.3935   12.7851    5.7183    0.4590    0.0000    0.0600    0.7100    0.0000
   10.0000    0.4939    0.4340    0.0599    0.7939    1.5707    4.6275    8.0457    6.0241    9.8962    5.7386    0.4590    0.0000    0.0600    0.7100    0.0000
   10.0000    0.5940    0.4340    0.1600    0.7940    3.1524    3.6883    8.1440    0.7654   12.5657    5.8961    0.4590    0.0000    0.0600    0.7100    0.0000
   10.0000    0.6940    0.4340    0.2600    0.7940    2.9889    3.5289    8.2269    0.3586   12.8028    5.7254    0.4590    0.0000    0.0600    0.7100    0.0000
   10.0000    0.4949    0.4340    0.0609    0.7949    1.4501    4.6535    8.0325    6.2494    9.7840    5.8008    0.4590    0.0000    0.0600    0.7100    0.0000
   10.0000    0.5950    0.4340    0.1610    0.7950    3.1981    3.6561    8.1438    0.5916   12.6529    5.9270    0.4590    0.0000    0.0600    0.7100    0.0000
   10.0000    0.6950    0.4340    0.2610    0.7950    2.9985    3.5224    8.2278    0.3237   12.8206    5.7325    0.4590    0.0000    0.0600    0.7100    0.0000
   10.0000    0.4959    0.4340    0.0619    0.7959    1.3295    4.6795    8.0193    6.4748    9.6717    5.8630    0.4590    0.0000    0.0600    0.7100    0.0000
   10.0000    0.5959    0.4340    0.1619    0.7959    3.2437    3.6239    8.1436    0.4177   12.7402    5.9579    0.4590    0.0000    0.0600    0.7100    0.0000
   10.0000    0.6960    0.4340    0.2620    0.7960    3.0080    3.5159    8.2286    0.2889   12.8383    5.7397    0.4590    0.0000    0.0600    0.7100    0.0000
   10.0000    0.4969    0.4340    0.0629    0.7969    1.2089    4.7054    8.0061    6.7001    9.5595    5.9252    0.4590    0.0000    0.0600    0.7100    0.0000
   10.0000    0.5969    0.4340    0.1629    0.7969    3.2894    3.5917    8.1434    0.2439   12.8275    5.9889    0.4590    0.0000    0.0600    0.7100    0.0000
   10.0000    0.6970    0.4340    0.2630    0.7970    3.0175    3.5094    8.2294    0.2540   12.8561    5.7468    0.4590    0.0000    0.0600    0.7100    0.0000
   10.0000    0.4979    0.4340    0.0639    0.7979    1.0883    4.7314    7.9929    6.9254    9.4473    5.9873    0.4590    0.0000    0.0600    0.7100    0.0000
   10.0000    0.5979    0.4340    0.1639    0.7979    3.3350    3.5595    8.1432    0.0701   12.9147    6.0198    0.4590    0.0000    0.0600    0.7100    0.0000
   10.0000    0.6980    0.4340    0.2640    0.7980    3.0270    3.5029    8.2303    0.2191   12.8738    5.7539    0.4590    0.0000    0.0600    0.7100    0.0000
   10.0000    0.4988    0.4340    0.0648    0.7988    0.9677    4.7574    7.9796    7.1508    9.3350    6.0495    0.4590    0.0000    0.0600    0.7100    0.0000
   10.0000    0.5989    0.4340    0.1649    0.7989    3.3807    3.5272    8.1430   -0.1037   13.0020    6.0507    0.4590    0.0000    0.0600    0.7100    0.0000
   10.0000    0.6989    0.4340    0.2649    0.7989    3.0365    3.4964    8.2311    0.1842   12.8916    5.7611    0.4590    0.0000    0.0600    0.7100    0.0000
   10.0000    0.4998    0.4340    0.0658    0.7998    0.8471    4.7833    7.9664    7.3761    9.2228    6.1117    0.4590    0.0000    0.0600    0.7100    0.0000
   10.0000    0.5999    0.4340    0.1659    0.7999    3.4263    3.4950    8.1429   -0.2775   13.0893    6.0817    0.4590    0.0000    0.0600    0.7100    0.0000
   10.0000    0.6999    0.4340    0.2659    0.7999    3.0461    3.4899    8.2319    0.1494   12.9093    5.7682    0.4590    0.0000    0.0600    0.7100    0.0000
   10.0000    0.5008    0.4340    0.0668    0.8008    2.1011    4.5475    8.0960    5.1791   10.3217    5.5919    0.4590    0.0000    0.0600    0.7100    0.0000
   10.0000    0.6009    0.4340    0.1669    0.8009    2.3270    4.2315    8.1502    3.7685   11.0666    5.2502    0.4590    0.0000    0.0600    0.7100    0.0000
   10.0000    0.5018    0.4340    0.0678    0.8018    1.9958    4.5791    8.0852    5.4117   10.2058    5.6481    0.4590    0.0000    0.0600    0.7100    0.0000
   10.0000    0.6018    0.4340    0.1678    0.8018    2.3404    4.2170    8.1515    3.6978   11.1023    5.2607    0.4590    0.0000    0.0600    0.7100    0.0000
   10.0000    0.5028    0.4340    0.0688    0.8028    1.8905    4.6107    8.0744    5.6443   10.0900    5.7043    0.4590    0.0000    0.0600    0.7100    0.0000
#   age       Mtot      Mc        Menv      Mini      logL      logT      logTc     logg      logR      logrhoc   Y         Yc        Z         FeH       OFe       
   10.0500    0.6430    0.4340    0.2090    0.7430    1.8920    3.5910    8.0573    1.6710   12.1301    4.4114    0.4590    0.8997    0.0600    0.7100    0.0000
   10.0500    0.5440    0.4340    0.1100    0.7440    1.8535    3.6156    8.0612    1.7343   12.0615    4.4141    0.4590    0.8996    0.0600    0.7100    0.0000
   10.0500    0.6440    0.4340    0.2100    0.7440    1.8924    3.5909    8.0573    1.6710   12.1304    4.4114    0.4590    0.8997    0.0600    0.7100    0.0000
   10.0500    0.4449    0.4340    0.0109    0.7449    0.8958    4.3216    8.0571    5.4295   10.1709    4.4095    0.4590    0.8999    0.0600    0.7100    0.0000
   10.0500    0.5449    0.4340    0.1109    0.7449    1.8541    3.6151    8.0612    1.7323   12.0630    4.4140    0.4590    0.8996    0.0600    0.7100    0.0000
   10.0500    0.6450    0.4340    0.2110    0.7450    2.9322    3.5794    8.2125    0.5859   12.6732    5.7202    0.4590    0.0000    0.0600    0.7100    0.0000
   10.0500    0.4459    0.4340    0.0119    0.7459    0.9103    4.3179    8.0572    5.4012   10.1855    4.4086    0.4590    0.8998    0.0600    0.7100    0.0000
   10.0500    0.5459    0.4340    0.1119    0.7459    2.4754    4.8343    8.0832    5.9898    9.9351    6.0386    0.4590    0.0000    0.0600    0.7100    0.0000
   10.0500    0.6460    0.4340    0.2120    0.7460    2.9456    3.5649    8.2138    0.5152   12.7089    5.7306    0.4590    0.0000    0.0600    0.7100    0.0000
   10.0500    0.4469    0.4340    0.0129    0.7469    0.9259    4.3144    8.0574    5.3726   10.2003    4.4078    0.4590    0.8998    0.0600    0.7100    0.0000
   10.0500    0.5469    0.4340    0.1129    0.7469    2.4002    4.8824    8.0789    6.2579    9.8015    6.0624    0.4590    0.0000    0.0600    0.7100    0.0000
   10.0500    0.6470    0.4340    0.2130    0.7470    2.9591    3.5505    8.2152    0.4445   12.7446    5.7411    0.4590    0.0000    0.0600    0.7100    0.0000
   10.0500    0.4478    0.4340    0.0138    0.7478    0.8452    4.6480    7.9409    6.7885    9.4928    5.8825    0.4590    0.0000    0.0600    0.7100    0.0000
   10.0500    0.5479    0.4340    0.1139    0.7479    2.3251    4.9304    8.0746    6.5260    9.6678    6.0862    0.4590    0.0000    0.0600    0.7100    0.0000
   10.0500    0.6479    0.4340    0.2139    0.7479    2.9725    3.5360    8.2166    0.3738   12.7803    5.7515    0.4590    0.0000    0.0600    0.7100    0.0000
   10.0500    0.4488    0.4340    0.0148    0.7488    0.5107    4.6365    7.9162    7.0781    9.3485    5.9529    0.4590    0.0000    0.0600    0.7100    0.0000
   10.0500    0.5489    0.4340    0.1149    0.7489    2.2499    4.9785    8.0703    6.7941    9.5341    6.1099    0.4590    0.0000    0.0600    0.7100    0.0000
   10.0500    0.6489    0.4340    0.2149    0.7489    2.9860    3.5215    8.2180    0.3030   12.8160    5.7620    0.4590    0.0000    0.0600    0.7100    0.0000
   10.0500    0.4498    0.4340    0.0158    0.7498    0.1763    4.6251    7.8915    7.3676    9.2042    6.0233    0.4590    0.0000    0.0600    0.7100    0.0000
   10.0500    0.5499    0.4340    0.1159    0.7499    2.1747    5.0265    8.0661    7.0622    9.4005    6.1337    0.4590    0.0000    0.0600    0.7100    0.0000
   10.0500    0.6499    0.4340    0.2159    0.7499    2.9994    3.5070    8.2194    0.2323   12.8517    5.7724    0.4590    0.0000    0.0600    0.7100    0.0000
   10.0500    0.4508    0.4340    0.0168    0.7508    0.5186    4.6938    7.9391    7.3017    9.2376    5.9942    0.4590    0.0000    0.0600    0.7100    0.0000
   10.0500    0.5508    0.4340    0.1168    0.7508    2.1928    4.3276    8.1312    4.2494   10.8072    5.2864    0.4590    0.0000    0.0600    0.7100    0.0000
   10.0500    0.6509    0.4340    0.2169    0.7509    2.5701    3.8146    8.1903    1.8928   12.0218    5.4114    0.4590    0.0000    0.0600    0.7100    0.0000
   10.0500    0.4518    0.4340    0.0178    0.7518    0.4032    4.6741    7.9227    7.3391    9.2194    6.0101    0.4590    0.0000    0.0600    0.7100    0.0000
   10.0500    0.5518    0.4340    0.1178    0.7518    2.2351    4.2957    8.1314    4.0804   10.8921    5.3151    0.4590    0.0000    0.0600    0.7100    0.0000
   10.0500    0.6519    0.4340    0.2179    0.7519    2.5796    3.8081    8.1911    1.8580   12.0395    5.4186    0.4590    0.0000    0.0600    0.7100    0.0000
   10.0500    0.4528    0.4340    0.0188    0.7528    0.2878    4.6544    7.9063    7.3766    9.2011    6.0260    0.4590    0.0000    0.0600    0.7100    0.0000
   10.0500    0.5528    0.4340    0.1188    0.7528    2.2774    4.2639    8.1317    3.9115   10.9770    5.3437    0.4590    0.0000    0.0600    0.7100    0.0000
   10.0500    0.6528    0.4340    0.2188    0.7528    2.5891    3.8016    8.1919    1.8231   12.0573    5.4257    0.4590    0.0000    0.0600    0.7100    0.0000
   10.0500    0.4537    0.4340    0.0197    0.7537    0.1724    4.6347    7.8899    7.4140    9.1829    6.0419    0.4590    0.0000    0.0600    0.7100    0.0000
   10.0500    0.5538    0.4340    0.1198    0.7538    2.3196    4.2320    8.1319    3.7425   11.0618    5.3723    0.4590    0.0000    0.0600    0.7100    0.0000
   10.0500    0.6538    0.4340    0.2198    0.7538    2.5986    3.7951    8.1928    1.7882   12.0750    5.4328    0.4590    0.0000    0.0600    0.7100    0.0000
   10.0500    0.4547    0.4340    0.0207    0.7547    0.0570    4.6150    7.8735    7.4514    9.1647    6.0578    0.4590    0.0000    0.0600    0.7100    0.0000
   10.0500    0.5548    0.4340    0.1208    0.7548    2.3619    4.2001    8.1321    3.5735   11.1467    5.4010    0.4590    0.0000    0.0600    0.7100    0.0000
   10.0500    0.6548    0.4340    0.2208    0.7548    2.6081    3.7886    8.1936    1.7534   12.0928    5.4400    0.4590    0.0000    0.0600    0.7100    0.0000
   10.0500    0.4557    0.4340    0.0217    0.7557    1.6372    4.7383    7.9740    6.3654    9.7081    5.8393    0.4590    0.0000    0.0600    0.7100    0.0000
   10.0500    0.5557    0.4340    0.1217    0.7557    2.4041    4.1683    8.1323    3.4046   11.2316    5.4296    0.4590    0.0000    0.0600    0.7100    0.0000
   10.0500    0.6558    0.4340    0.2218    0.7558    2.6177    3.7821    8.1944    1.7185   12.1105    5.4471    0.4590    0.0000    0.0600    0.7100    0.0000
   10.0500    0.4567    0.4340    0.0227    0.7567    1.2638    4.7084    7.9483    6.6202    9.5812    5.8944    0.4590    0.0000    0.0600    0.7100    0.0000
   10.0500    0.5567    0.4340    0.1227    0.7567    2.4464    4.1364    8.1326    3.2356   11.3164    5.4582    0.4590    0.0000    0.0600    0.7100    0.0000
   10.0500    0.6568    0.4340    0.2228    0.7568    2.6272    3.7756    8.1953    1.6836   12.1283    5.4543    0.4590    0.0000    0.0600    0.7100    0.0000
   10.0500    0.4577    0.4340    0.0237    0.7577    0.8903    4.6785    7.9227    6.8749    9.4543    5.9494    0.4590    0.0000    0.0600    0.7100    0.0000
   10.0500    0.5577    0.4340    0.1237    0.7577    2.4886    4.1045    8.1328    3.0666   11.4013    5.4868    0.4590    0.0000    0.0600    0.7100    0.0000
   10.0500    0.6577    0.4340    0.2237    0.7577    2.6367    3.7691    8.1961    1.6488   12.1460    5.4614    0.4590    0.0000    0.0600    0.7100    0.0000
   10.0500    0.4586    0.4340    0.0246    0.7586    0.5169    4.6485    7.8970    7.1297    9.3274    6.0045    0.4590    0.0000    0.0600    0.7100    0.0000
   10.0500    0.5587    0.4340    0.1247    0.7587    2.5309    4.0727    8.1330    2.8977   11.4861    5.5155    0.4590    0.0000    0.0600    0.7100    0.0000
   10.0500    0.6587    0.4340    0.2247    0.7587    2.6462    3.7626    8.1969    1.6139   12.1638    5.4685    0.4590    0.0000    0.0600    0.7100    0.0000
   10.0500    0.4596    0.4340    0.0256    0.7596    0.1435    4.6186    7.8713    7.3844    9.2005    6.0596    0.4590    0.0000    0.0600    0.7100    0.0000
   10.0500    0.5597    0.4340    0.1257    0.7597    2.5731    4.0408    8.1333    2.7287   11.5710    5.5441    0.4590    0.0000    0.0600    0.7100    0.0000
   10.0500    0.6597    0.4340    0.2257    0.7597    2.6557    3.7561    8.1978    1.5790   12.1815    5.4757    0.4590    0.0000    0.0600    0.7100    0.0000
   10.0500    0.4606    0.4340    0.0266    0.7606    1.8054    4.6059    8.0460    5.6722   10.0570    5.6050    0.4590    0.0000    0.0600    0.7100    0.0000
   10.0500    0.5606    0.4340    0.1266    0.7606    2.6154    4.0089    8.1335    2.5597   11.6559    5.5727    0.4590    0.0000    0.0600    0.7100    0.0000
   10.0500    0.6607    0.4340    0.2267    0.7607    2.6653    3.7497    8.1986    1.5442   12.1993    5.4828    0.4590    0.0000    0.0600    0.7100    0.0000
   10.0500    0.4616    0.4340    0.0276    0.7616    1.6209    4.6074    8.0267    5.8637    9.9617    5.6577    0.4590    0.0000    0.0600    0.7100    0.0000
   10.0500    0.5616    0.4340    0.1276    0.7616    2.6577    3.9771    8.1337    2.3908   11.7407    5.6014    0.4590    0.0000    0.0600    0.7100    0.0000
   10.0500    0.6617    0.4340    0.2277    0.7617    2.6748    3.7432    8.1994    1.5093   12.2170    5.4899    0.4590    0.0000    0.0600    0.7100    0.0000
   10.0500    0.4626    0.4340    0.0286    0.7626    1.4363    4.6089    8.0074    6.0551    9.8665    5.7104    0.4590    0.0000    0.0600    0.7100    0.0000
   10.0500    0.5626    0.4340    0.1286    0.7626    2.6999    3.9452    8.1340    2.2218   11.8256    5.6300    0.4590    0.0000    0.0600    0.7100    0.0000
   10.0500    0.6626    0.4340    0.2286    0.7626    2.6843    3.7367    8.2003    1.4744   12.2348    5.4971    0.4590    0.0000    0.0600    0.7100    0.0000
   10.0500    0.4635    0.4340    0.0295    0.7635    1.2518    4.6104    7.9881    6.2466    9.7712    5.7631    0.4590    0.0000    0.0600    0.7100    0.0000
   10.0500    0.5636    0.4340    0.1296    0.7636    2.7422    3.9133    8.1342    2.0528   11.9105    5.6586    0.4590    0.0000    0.0600    0.7100    0.0000
   10.0500    0.6636    0.4340    0.2296    0.7636    2.6938    3.7302    8.2011    1.4395   12.2525    5.5042    0.4590    0.0000    0.0600    0.7100    0.0000
   10.0500    0.4645    0.4340    0.0305    0.7645    1.0672    4.6119    7.9688    6.4380    9.6759    5.8158    0.4590    0.0000    0.0600    0.7100    0.0000
   10.0500    0.5646    0.4340    0.1306    0.7646    2.7844    3.8815    8.1344    1.8839   11.9953    5.6873    0.4590    0.0000    0.0600    0.7100    0.0000
   10.0500    0.6646    0.4340    0.2306    0.7646    2.7033    3.7237    8.2019    1.4047   12.2703    5.5113    0.4590    0.0000    0.0600    0.7100    0.0000
   10.0500    0.4655    0.4340    0.0315    0.7655    0.8827    4.6134    7.9495    6.6295    9.5807    5.8684    0.4590    0.0000    0.0600    0.7100    0.0000
   10.0500    0.5655    0.4340    0.1315    0.7655    2.8267    3.8496    8.1347    1.7149   12.0802    5.7159    0.4590    0.0000    0.0600    0.7100    0.0000
   10.0500    0.6656    0.4340    0.2316    0.7656    2.7129    3.7172    8.2028    1.3698   12.2880    5.5185    0.4590    0.0000    0.0600    0.7100    0.0000
   10.0500    0.4665    0.4340    0.0325    0.7665    0.6981    4.6149    7.9303    6.8210    9.4854    5.9211    0.4590    0.0000    0.0600    0.7100    0.0000
   10.0500    0.5665    0.4340    0.1325    0.7665    2.8689    3.8177    8.1349    1.5459   12.1650    5.7445    0.4590    0.0000    0.0600    0.7100    0.0000
   10.0500    0.6666    0.4340    0.2326    0.7666    2.7224    3.7107    8.2036    1.3349   12.3058    5.5256    0.4590    0.0000    0.0600    0.7100    0.0000
   10.0500    0.4675    0.4340    0.0335    0.7675    0.5136    4.6164    7.9110    7.0124    9.3901    5.9738    0.4590    0.0000    0.0600    0.7100    0.0000
   10.0500    0.5675    0.4340    0.1335    0.7675    2.9112    3.7859    8.1351    1.3770   12.2499    5.7732    0.4590    0.0000    0.0600    0.7100    0.0000
   10.0500    0.6675    0.4340    0.2335    0.7675    2.7319    3.7042    8.2044    1.3001   12.3235    5.5327    0.4590    0.0000    0.0600    0.7100    0.0000
   10.0500    0.4684    0.4340    0.0344    0.7684    0.3290    4.6179    7.8917    7.2039    9.2949    6.0265    0.4590    0.0000    0.0600    0.7100    0.0000
   10.0500    0.5685    0.4340    0.1345    0.7685    2.9534    3.7540    8.1354    1.2080   12.3348    5.8018    0.4590    0.0000    0.0600    0.7100    0.0000
   10.0500    0.6685    0.4340    0.2345    0.7685    2.7414    3.6977    8.2053    1.2652   12.3413    5.5399    0.4590    0.0000    0.0600    0.7100    0.0000
   10.0500    0.4694    0.4340    0.0354    0.7694    0.1445    4.6194    7.8724    7.3954    9.1996    6.0791    0.4590    0.0000    0.0600    0.7100    0.0000
   10.0500    0.5695    0.4340    0.1355    0.7695    2.9957    3.7221    8.1356    1.0390   12.4196    5.8304    0.4590    0.0000    0.0600    0.7100    0.0000
   10.0500    0.6695    0.4340    0.2355    0.7695    2.7509    3.6912    8.2061    1.2303   12.3590    5.5470    0.4590    0.0000    0.0600    0.7100    0.0000
   10.0500    0.4704    0.4340    0.0364    0.7704    1.8440    4.5583    8.0707    5.4525   10.1714    5.5214    0.4590    0.0000    0.0600    0.7100    0.0000
   10.0500    0.5704    0.4340    0.1364    0.7704    3.0380    3.6903    8.1358    0.8701   12.5045    5.8591    0.4590    0.0000    0.0600    0.7100    0.0000
   10.0500    0.6705    0.4340    0.2365    0.7705    2.7605    3.6847    8.2069    1.1955   12.3768    5.5541    0.4590    0.0000    0.0600    0.7100    0.0000
   10.0500    0.4714    0.4340    0.0374    0.7714    1.6588    4.5651    8.0485    5.6657   10.0653    5.5848    0.4590    0.0000    0.0600    0.7100    0.0000
   10.0500    0.5714    0.4340    0.1374    0.7714    3.0802    3.6584    8.1361    0.7011   12.5894    5.8877    0.4590    0.0000    0.0600    0.7100    0.0000
   10.0500    0.6715    0.4340    0.2375    0.7715    2.7700    3.6782    8.2078    1.1606   12.3945    5.5613    0.4590    0.0000    0.0600    0.7100    0.0000
   10.0500    0.4724    0.4340    0.0384    0.7724    1.4735    4.5719    8.0264    5.8790    9.9591    5.6482    0.4590    0.0000    0.0600    0.7100    0.0000
#   age       Mtot      Mc        Menv      Mini      logL      logT      logTc     logg      logR      logrhoc   Y         Yc        Z         FeH       OFe       
   10.1000    0.5155    0.4340    0.0815    0.7155    1.8363    3.6320    8.0635    1.7939   12.0203    4.4164    0.4590    0.8996    0.0600    0.7100    0.0000
   10.1000    0.6156    0.4340    0.1816    0.7156    1.8823    3.5932    8.0589    1.6706   12.1207    4.4110    0.4590    0.8996    0.0600    0.7100    0.0000
   10.1000    0.5165    0.4340    0.0825    0.7165    1.8369    3.6314    8.0634    1.7918   12.0217    4.4163    0.4590    0.8996    0.0600    0.7100    0.0000
   10.1000    0.6165    0.4340    0.1825    0.7165    2.5421    3.9997    8.1723    2.6369   11.6379    5.4173    0.4590    0.0000    0.0600    0.7100    0.0000
   10.1000    0.5175    0.4340    0.0835    0.7175    1.7548    4.8153    8.0554    6.6113    9.6127    5.9162    0.4590    0.0000    0.0600    0.7100    0.0000
   10.1000    0.6175    0.4340    0.1835    0.7175    2.5556    3.9852    8.1737    2.5662   11.6736    5.4278    0.4590    0.0000    0.0600    0.7100    0.0000
   10.1000    0.5185    0.4340    0.0845    0.7185    1.7117    4.8608    8.0473    6.8371    9.5002    5.9822    0.4590    0.0000    0.0600    0.7100    0.0000
   10.1000    0.6185    0.4340    0.1845    0.7185    2.5690    3.9707    8.1751    2.4955   11.7093    5.4382    0.4590    0.0000    0.0600    0.7100    0.0000
   10.1000    0.5194    0.4340    0.0854    0.7194    1.6685    4.9062    8.0393    7.0629    9.3877    6.0483    0.4590    0.0000    0.0600    0.7100    0.0000
   10.1000    0.6195    0.4340    0.1855    0.7195    2.5825    3.9562    8.1765    2.4247   11.7450    5.4487    0.4590    0.0000    0.0600    0.7100    0.0000
   10.1000    0.5204    0.4340    0.0864    0.7204    2.1524    4.4634    8.1229    4.8087   10.5153    5.4399    0.4590    0.0000    0.0600    0.7100    0.0000
   10.1000    0.6205    0.4340    0.1865    0.7205    2.5959    3.9417    8.1778    2.3540   11.7807    5.4591    0.4590    0.0000    0.0600    0.7100    0.0000
   10.1000    0.5214    0.4340    0.0874    0.7214    2.1526    4.4913    8.1197    4.9209   10.4596    5.4733    0.4590    0.0000    0.0600    0.7100    0.0000
   10.1000    0.6214    0.4340    0.1874    0.7214    2.6094    3.9272    8.1792    2.2833   11.8164    5.4695    0.4590    0.0000    0.0600    0.7100    0.0000
   10.1000    0.5224    0.4340    0.0884    0.7224    2.1528    4.5192    8.1164    5.0331   10.4039    5.5068    0.4590    0.0000    0.0600    0.7100    0.0000
   10.1000    0.6224    0.4340    0.1884    0.7224    2.6228    3.9127    8.1806    2.2126   11.8521    5.4800    0.4590    0.0000    0.0600    0.7100    0.0000
   10.1000    0.5234    0.4340    0.0894    0.7234    2.1529    4.5471    8.1132    5.1454   10.3482    5.5402    0.4590    0.0000    0.0600    0.7100    0.0000
   10.1000    0.6234    0.4340    0.1894    0.7234    2.6363    3.8982    8.1820    2.1419   11.8878    5.4904    0.4590    0.0000    0.0600    0.7100    0.0000
   10.1000    0.5243    0.4340    0.0903    0.7243    2.1531    4.5750    8.1099    5.2576   10.2924    5.5736    0.4590    0.0000    0.0600    0.7100    0.0000
   10.1000    0.6244    0.4340    0.1904    0.7244    2.6497    3.8837    8.1834    2.0711   11.9235    5.5009    0.4590    0.0000    0.0600    0.7100    0.0000
   10.1000    0.5253    0.4340    0.0913    0.7253    2.1532    4.6029    8.1067    5.3698   10.2367    5.6071    0.4590    0.0000    0.0600    0.7100    0.0000
   10.1000    0.6254    0.4340    0.1914    0.7254    2.6632    3.8692    8.1848    2.0004   11.9592    5.5113    0.4590    0.0000    0.0600    0.7100    0.0000
   10.1000    0.5263    0.4340    0.0923    0.7263    2.1534    4.6308    8.1035    5.4820   10.1810    5.6405    0.4590    0.0000    0.0600    0.7100    0.0000
   10.1000    0.6264    0.4340    0.1924    0.7264    2.6766    3.8548    8.1862    1.9297   11.9949    5.5218    0.4590    0.0000    0.0600    0.7100    0.0000
   10.1000    0.5273    0.4340    0.0933    0.7273    2.1536    4.6587    8.1002    5.5942   10.1253    5.6739    0.4590    0.0000    0.0600    0.7100    0.0000
   10.1000    0.6273    0.4340    0.1933    0.7273    2.6901    3.8403    8.1875    1.8590   12.0306    5.5322    0.4590    0.0000    0.0600    0.7100    0.0000
   10.1000    0.5283    0.4340    0.0943    0.7283    2.1537    4.6866    8.0970    5.7065   10.0696    5.7074    0.4590    0.0000    0.0600    0.7100    0.0000
   10.1000    0.6283    0.4340    0.1943    0.7283    2.7035    3.8258    8.1889    1.7882   12.0663    5.5427    0.4590    0.0000    0.0600    0.7100    0.0000
   10.1000    0.5293    0.4340    0.0953    0.7293    2.1539    4.7145    8.0937    5.8187   10.0139    5.7408    0.4590    0.0000    0.0600    0.7100    0.0000
   10.1000    0.6293    0.4340    0.1953    0.7293    2.7170    3.8113    8.1903    1.7175   12.1020    5.5531    0.4590    0.0000    0.0600    0.7100    0.0000
   10.1000    0.5302    0.4340    0.0962    0.7302    2.1541    4.7424    8.0905    5.9309    9.9582    5.7742    0.4590    0.0000    0.0600    0.7100    0.0000
   10.1000    0.6303    0.4340    0.1963    0.7303    2.7304    3.7968    8.1917    1.6468   12.1377    5.5635    0.4590    0.0000    0.0600    0.7100    0.0000
   10.1000    0.5312    0.4340    0.0972    0.7312    2.1542    4.7703    8.0873    6.0431    9.9025    5.8076    0.4590    0.0000    0.0600    0.7100    0.0000
   10.1000    0.6313    0.4340    0.1973    0.7313    2.7439    3.7823    8.1931    1.5761   12.1734    5.5740    0.4590    0.0000    0.0600    0.7100    0.0000
   10.1000    0.5322    0.4340    0.0982    0.7322    2.1544    4.7982    8.0840    6.1553    9.8468    5.8411    0.4590    0.0000    0.0600    0.7100    0.0000
   10.1000    0.6322    0.4340    0.1982    0.7322    2.7573    3.7678    8.1945    1.5053   12.2091    5.5844    0.4590    0.0000    0.0600    0.7100    0.0000
   10.1000    0.5332    0.4340    0.0992    0.7332    2.1546    4.8261    8.0808    6.2676    9.7911    5.8745    0.4590    0.0000    0.0600    0.7100    0.0000
   10.1000    0.6332    0.4340    0.1992    0.7332    2.7708    3.7533    8.1958    1.4346   12.2448    5.5949    0.4590    0.0000    0.0600    0.7100    0.0000
   10.1000    0.5342    0.4340    0.1002    0.7342    2.1547    4.8540    8.0775    6.3798    9.7354    5.9079    0.4590    0.0000    0.0600    0.7100    0.0000
   10.1000    0.6342    0.4340    0.2002    0.7342    2.7842    3.7388    8.1972    1.3639   12.2805    5.6053    0.4590    0.0000    0.0600    0.7100    0.0000
   10.1000    0.5351    0.4340    0.1011    0.7351    2.1549    4.8819    8.0743    6.4920    9.6797    5.9414    0.4590    0.0000    0.0600    0.7100    0.0000
   10.1000    0.6352    0.4340    0.2012    0.7352    2.7977    3.7243    8.1986    1.2932   12.3162    5.6158    0.4590    0.0000    0.0600    0.7100    0.0000
   10.1000    0.5361    0.4340    0.1021    0.7361    2.1551    4.9098    8.0711    6.6042    9.6240    5.9748    0.4590    0.0000    0.0600    0.7100    0.0000
   10.1000    0.6362    0.4340    0.2022    0.7362    2.8111    3.7099    8.2000    1.2224   12.3519    5.6262    0.4590    0.0000    0.0600    0.7100    0.0000
   10.1000    0.5371    0.4340    0.1031    0.7371    2.1552    4.9377    8.0678    6.7164    9.5683    6.0082    0.4590    0.0000    0.0600    0.7100    0.0000
   10.1000    0.6371    0.4340    0.2031    0.7371    2.8246    3.6954    8.2014    1.1517   12.3876    5.6366    0.4590    0.0000    0.0600    0.7100    0.0000
   10.1000    0.5381    0.4340    0.1041    0.7381    2.1554    4.9656    8.0646    6.8287    9.5126    6.0417    0.4590    0.0000    0.0600    0.7100    0.0000
   10.1000    0.6381    0.4340    0.2041    0.7381    2.8380    3.6809    8.2028    1.0810   12.4233    5.6471    0.4590    0.0000    0.0600    0.7100    0.0000
   10.1000    0.5391    0.4340    0.1051    0.7391    2.1556    4.9935    8.0613    6.9409    9.4568    6.0751    0.4590    0.0000    0.0600    0.7100    0.0000
   10.1000    0.6391    0.4340    0.2051    0.7391    2.8515    3.6664    8.2042    1.0103   12.4590    5.6575    0.4590    0.0000    0.0600    0.7100    0.0000
   10.1000    0.4400    0.4340    0.0060    0.7400    0.0873    4.6091    7.8843    7.3836    9.1914    6.0076    0.4590    0.0000    0.0600    0.7100    0.0000
   10.1000    0.5400    0.4340    0.1060    0.7400    2.9266    4.5461    8.1088    4.3812   10.7371    5.8960    0.4590    0.0000    0.0600    0.7100    0.0000
   10.1000    0.6401    0.4340    0.2061    0.7401    2.8649    3.6519    8.2055    0.9396   12.4947    5.6680    0.4590    0.0000    0.0600    0.7100    0.0000
   10.1000    0.4410    0.4340    0.0070    0.7410    0.3578    4.6570    7.9226    7.3053    9.2310    5.9825    0.4590    0.0000    0.0600    0.7100    0.0000
   10.1000    0.5410    0.4340    0.1070    0.7410    2.8514    4.5941    8.1046    4.6493   10.6034    5.9198    0.4590    0.0000    0.0600    0.7100    0.0000
   10.1000    0.6411    0.4340    0.2071    0.7411    2.8784    3.6374    8.2069    0.8688   12.5304    5.6784    0.4590    0.0000    0.0600    0.7100    0.0000
   10.1000    0.4420    0.4340    0.0080    0.7420    0.2994    4.6480    7.9144    7.3287    9.2198    5.9918    0.4590    0.0000    0.0600    0.7100    0.0000
   10.1000    0.5420    0.4340    0.1080    0.7420    2.7762    4.6422    8.1003    4.9174   10.4698    5.9435    0.4590    0.0000    0.0600    0.7100    0.0000
   10.1000    0.6420    0.4340    0.2080    0.7420    2.8918    3.6229    8.2083    0.7981   12.5661    5.6889    0.4590    0.0000    0.0600    0.7100    0.0000
   10.1000    0.4429    0.4340    0.0089    0.7429    0.2410    4.6390    7.9062    7.3521    9.2086    6.0010    0.4590    0.0000    0.0600    0.7100    0.0000
   10.1000    0.5430    0.4340    0.1090    0.7430    2.7010    4.6902    8.0960    5.1855   10.3361    5.9673    0.4590    0.0000    0.0600    0.7100    0.0000
   10.1000    0.4439    0.4340    0.0099    0.7439    0.1827    4.6300    7.8979    7.3755    9.1974    6.0103    0.4590    0.0000    0.0600    0.7100    0.0000
#   age       Mtot      Mc        Menv      Mini      logL      logT      logTc     logg      logR      logrhoc   Y         Yc        Z         FeH       OFe       
   10.1500    0.5881    0.4340    0.1541    0.6881    1.8746    3.5961    8.0593    1.6699   12.1112    4.4111    0.4590    0.8996    0.0600    0.7100    0.0000
   10.1500    0.4890    0.4340    0.0550    0.6890    1.7949    3.7669    8.0643    2.3531   11.7296    4.4168    0.4590    0.8996    0.0600    0.7100    0.0000
   10.1500    0.5891    0.4340    0.1551    0.6891    1.8748    3.5960    8.0594    1.6699   12.1115    4.4111    0.4590    0.8996    0.0600    0.7100    0.0000
   10.1500    0.4900    0.4340    0.0560    0.6900    2.0531    4.5237    8.0985    5.1228   10.3452    5.4899    0.4590    0.0000    0.0600    0.7100    0.0000
   10.1500    0.5901    0.4340    0.1561    0.6901    2.9698    3.8172    8.1448    1.4606   12.2166    5.7723    0.4590    0.0000    0.0600    0.7100    0.0000
   10.1500    0.4910    0.4340    0.0570    0.6910    1.9325    4.5496    8.0853    5.3481   10.2330    5.5521    0.4590    0.0000    0.0600    0.7100    0.0000
   10.1500    0.5910    0.4340    0.1570    0.6910    3.0155    3.7850    8.1446    1.2868   12.3039    5.8033    0.4590    0.0000    0.0600    0.7100    0.0000
   10.1500    0.4920    0.4340    0.0580    0.6920    1.8119    4.5756    8.0721    5.5734   10.1207    5.6142    0.4590    0.0000    0.0600    0.7100    0.0000
   10.1500    0.5920    0.4340    0.1580    0.6920    3.0611    3.7528    8.1444    1.1130   12.3911    5.8342    0.4590    0.0000    0.0600    0.7100    0.0000
   10.1500    0.4930    0.4340    0.0590    0.6930    1.6913    4.6016    8.0589    5.7988   10.0085    5.6764    0.4590    0.0000    0.0600    0.7100    0.0000
   10.1500    0.5930    0.4340    0.1590    0.6930    3.1068    3.7206    8.1442    0.9392   12.4784    5.8651    0.4590    0.0000    0.0600    0.7100    0.0000
   10.1500    0.4939    0.4340    0.0599    0.6939    1.5707    4.6275    8.0457    6.0241    9.8962    5.7386    0.4590    0.0000    0.0600    0.7100    0.0000
   10.1500    0.5940    0.4340    0.1600    0.6940    3.1524    3.6883    8.1440    0.7654   12.5657    5.8961    0.4590    0.0000    0.0600    0.7100    0.0000
   10.1500    0.4949    0.4340    0.0609    0.6949    1.4501    4.6535    8.0325    6.2494    9.7840    5.8008    0.4590    0.0000    0.0600    0.7100    0.0000
   10.1500    0.5950    0.4340    0.1610    0.6950    3.1981    3.6561    8.1438    0.5916   12.6529    5.9270    0.4590    0.0000    0.0600    0.7100    0.0000
   10.1500    0.4959    0.4340    0.0619    0.6959    1.3295    4.6795    8.0193    6.4748    9.6717    5.8630    0.4590    0.0000    0.0600    0.7100    0.0000
   10.1500    0.5959    0.4340    0.1619    0.6959    3.2437    3.6239    8.1436    0.4177   12.7402    5.9579    0.4590    0.0000    0.0600    0.7100    0.0000
   10.1500    0.4969    0.4340    0.0629    0.6969    1.2089    4.7054    8.0061    6.7001    9.5595    5.9252    0.4590    0.0000    0.0600    0.7100    0.0000
   10.1500    0.5969    0.4340    0.1629    0.6969    3.2894    3.5917    8.1434    0.2439   12.8275    5.9889    0.4590    0.0000    0.0600    0.7100    0.0000
   10.1500    0.4979    0.4340    0.0639    0.6979    1.0883    4.7314    7.9929    6.9254    9.4473    5.9873    0.4590    0.0000    0.0600    0.7100    0.0000
   10.1500    0.5979    0.4340    0.1639    0.6979    3.3350    3.5595    8.1432    0.0701   12.9147    6.0198    0.4590    0.0000    0.0600    0.7100    0.0000
   10.1500    0.4988    0.4340    0.0648    0.6988    0.9677    4.7574    7.9796    7.1508    9.3350    6.0495    0.4590    0.0000    0.0600    0.7100    0.0000
   10.1500    0.5989    0.4340    0.1649    0.6989    3.3807    3.5272    8.1430   -0.1037   13.0020    6.0507    0.4590    0.0000    0.0600    0.7100    0.0000
   10.1500    0.4998    0.4340    0.0658    0.6998    0.8471    4.7833    7.9664    7.3761    9.2228    6.1117    0.4590    0.0000    0.0600    0.7100    0.0000
   10.1500    0.5999    0.4340    0.1659    0.6999    3.4263    3.4950    8.1429   -0.2775   13.0893    6.0817    0.4590    0.0000    0.0600    0.7100    0.0000
   10.1500    0.5008    0.4340    0.0668    0.7008    2.1011    4.5475    8.0960    5.1791   10.3217    5.5919    0.4590    0.0000    0.0600    0.7100    0.0000
   10.1500    0.6009    0.4340    0.1669    0.7009    2.3270    4.2315    8.1502    3.7685   11.0666    5.2502    0.4590    0.0000    0.0600    0.7100    0.0000
   10.1500    0.5018    0.4340    0.0678    0.7018    1.9958    4.5791    8.0852    5.4117   10.2058    5.6481    0.4590    0.0000    0.0600    0.7100    0.0000
   10.1500    0.6018    0.4340    0.1678    0.7018    2.3404    4.2170    8.1515    3.6978   11.1023    5.2607    0.4590    0.0000    0.0600    0.7100    0.0000
   10.1500    0.5028    0.4340    0.0688    0.7028    1.8905    4.6107    8.0744    5.6443   10.0900    5.7043    0.4590    0.0000    0.0600    0.7100    0.0000
   10.1500    0.6028    0.4340    0.1688    0.7028    2.3539    4.2025    8.1529    3.6270   11.1381    5.2711    0.4590    0.0000    0.0600    0.7100    0.0000
   10.1500    0.5038    0.4340    0.0698    0.7038    1.7853    4.6423    8.0637    5.8769    9.9741    5.7604    0.4590    0.0000    0.0600    0.7100    0.0000
   10.1500    0.6038    0.4340    0.1698    0.7038    2.3673    4.1880    8.1543    3.5563   11.1738    5.2816    0.4590    0.0000    0.0600    0.7100    0.0000
   10.1500    0.5047    0.4340    0.0707    0.7047    1.6800    4.6739    8.0529    6.1095    9.8582    5.8166    0.4590    0.0000    0.0600    0.7100    0.0000
   10.1500    0.6048    0.4340    0.1708    0.7048    2.3808    4.1735    8.1557    3.4856   11.2095    5.2920    0.4590    0.0000    0.0600    0.7100    0.0000
   10.1500    0.5057    0.4340    0.0717    0.7057    1.5747    4.7055    8.0422    6.3421    9.7423    5.8728    0.4590    0.0000    0.0600    0.7100    0.0000
   10.1500    0.6058    0.4340    0.1718    0.7058    2.3942    4.1591    8.1571    3.4149   11.2452    5.3025    0.4590    0.0000    0.0600    0.7100    0.0000
   10.1500    0.5067    0.4340    0.0727    0.7067    1.4694    4.7371    8.0314    6.5747    9.6265    5.9289    0.4590    0.0000    0.0600    0.7100    0.0000
   10.1500    0.6067    0.4340    0.1727    0.7067    2.4076    4.1446    8.1585    3.3441   11.2809    5.3129    0.4590    0.0000    0.0600    0.7100    0.0000
   10.1500    0.5077    0.4340    0.0737    0.7077    1.3641    4.7687    8.0206    6.8073    9.5106    5.9851    0.4590    0.0000    0.0600    0.7100    0.0000
   10.1500    0.6077    0.4340    0.1737    0.7077    2.4211    4.1301    8.1598    3.2734   11.3166    5.3233    0.4590    0.0000    0.0600    0.7100    0.0000
   10.1500    0.5087    0.4340    0.0747    0.7087    1.2588    4.8004    8.0099    7.0399    9.3947    6.0413    0.4590    0.0000    0.0600    0.7100    0.0000
   10.1500    0.6087    0.4340    0.1747    0.7087    2.4345    4.1156    8.1612    3.2027   11.3523    5.3338    0.4590    0.0000    0.0600    0.7100    0.0000
   10.1500    0.5096    0.4340    0.0756    0.7096    1.1535    4.8320    7.9991    7.2725    9.2788    6.0975    0.4590    0.0000    0.0600    0.7100    0.0000
   10.1500    0.6097    0.4340    0.1757    0.7097    2.4480    4.1011    8.1626    3.1320   11.3880    5.3442    0.4590    0.0000    0.0600    0.7100    0.0000
   10.1500    0.5106    0.4340    0.0766    0.7106    2.0571    4.4971    8.1119    5.0306   10.4002    5.4537    0.4590    0.0000    0.0600    0.7100    0.0000
   10.1500    0.6107    0.4340    0.1767    0.7107    2.4614    4.0866    8.1640    3.0613   11.4237    5.3547    0.4590    0.0000    0.0600    0.7100    0.0000
   10.1500    0.5116    0.4340    0.0776    0.7116    2.0139    4.5426    8.1039    5.2564   10.2877    5.5198    0.4590    0.0000    0.0600    0.7100    0.0000
   10.1500    0.6116    0.4340    0.1776    0.7116    2.4749    4.0721    8.1654    2.9905   11.4594    5.3651    0.4590    0.0000    0.0600    0.7100    0.0000
   10.1500    0.5126    0.4340    0.0786    0.7126    1.9707    4.5880    8.0958    5.4822   10.1752    5.5859    0.4590    0.0000    0.0600    0.7100    0.0000
   10.1500    0.6126    0.4340    0.1786    0.7126    2.4883    4.0576    8.1668    2.9198   11.4951    5.3756    0.4590    0.0000    0.0600    0.7100    0.0000
   10.1500    0.5136    0.4340    0.0796    0.7136    1.9275    4.6335    8.0877    5.7080   10.0627    5.6519    0.4590    0.0000    0.0600    0.7100    0.0000
   10.1500    0.6136    0.4340    0.1796    0.7136    2.5018    4.0431    8.1682    2.8491   11.5308    5.3860    0.4590    0.0000    0.0600    0.7100    0.0000
   10.1500    0.5145    0.4340    0.0805    0.7145    1.8844    4.6789    8.0796    5.9339    9.9502    5.7180    0.4590    0.0000    0.0600    0.7100    0.0000
   10.1500    0.6146    0.4340    0.1806    0.7146    2.5152    4.0286    8.1695    2.7784   11.5665    5.3964    0.4590    0.0000    0.0600    0.7100    0.0000
#   age       Mtot      Mc        Menv      Mini      logL      logT      logTc     logg      logR      logrhoc   Y         Yc        Z         FeH       OFe       
   10.2000    0.4626    0.4340    0.0286    0.6626    1.4108    4.2086    8.0590    4.4797   10.6542    4.4045    0.4590    0.8997    0.0600    0.7100    0.0000
   10.2000    0.5626    0.4340    0.1286    0.6626    1.8648    3.6049    8.0598    1.6953   12.0886    4.4126    0.4590    0.8996    0.0600    0.7100    0.0000
   10.2000    0.4635    0.4340    0.0295    0.6635    1.4441    4.1919    8.0592    4.3804   10.7043    4.4053    0.4590    0.8997    0.0600    0.7100    0.0000
   10.2000    0.5636    0.4340    0.1296    0.6636    2.7422    3.9133    8.1342    2.0528   11.9105    5.6586    0.4590    0.0000    0.0600    0.7100    0.0000
   10.2000    0.4645    0.4340    0.0305    0.6645    1.0672    4.6119    7.9688    6.4380    9.6759    5.8158    0.4590    0.0000    0.0600    0.7100    0.0000
   10.2000    0.5646    0.4340    0.1306    0.6646    2.7844    3.8815    8.1344    1.8839   11.9953    5.6873    0.4590    0.0000    0.0600    0.7100    0.0000
   10.2000    0.4655    0.4340    0.0315    0.6655    0.8827    4.6134    7.9495    6.6295    9.5807    5.8684    0.4590    0.0000    0.0600    0.7100    0.0000
   10.2000    0.5655    0.4340    0.1315    0.6655    2.8267    3.8496    8.1347    1.7149   12.0802    5.7159    0.4590    0.0000    0.0600    0.7100    0.0000
   10.2000    0.4665    0.4340    0.0325    0.6665    0.6981    4.6149    7.9303    6.8210    9.4854    5.9211    0.4590    0.0000    0.0600    0.7100    0.0000
   10.2000    0.5665    0.4340    0.1325    0.6665    2.8689    3.8177    8.1349    1.5459   12.1650    5.7445    0.4590    0.0000    0.0600    0.7100    0.0000
   10.2000    0.4675    0.4340    0.0335    0.6675    0.5136    4.6164    7.9110    7.0124    9.3901    5.9738    0.4590    0.0000    0.0600    0.7100    0.0000
   10.2000    0.5675    0.4340    0.1335    0.6675    2.9112    3.7859    8.1351    1.3770   12.2499    5.7732    0.4590    0.0000    0.0600    0.7100    0.0000
   10.2000    0.4684    0.4340    0.0344    0.6684    0.3290    4.6179    7.8917    7.2039    9.2949    6.0265    0.4590    0.0000    0.0600    0.7100    0.0000
   10.2000    0.5685    0.4340    0.1345    0.6685    2.9534    3.7540    8.1354    1.2080   12.3348    5.8018    0.4590    0.0000    0.0600    0.7100    0.0000
   10.2000    0.4694    0.4340    0.0354    0.6694    0.1445    4.6194    7.8724    7.3954    9.1996    6.0791    0.4590    0.0000    0.0600    0.7100    0.0000
   10.2000    0.5695    0.4340    0.1355    0.6695    2.9957    3.7221    8.1356    1.0390   12.4196    5.8304    0.4590    0.0000    0.0600    0.7100    0.0000
   10.2000    0.4704    0.4340    0.0364    0.6704    1.8440    4.5583    8.0707    5.4525   10.1714    5.5214    0.4590    0.0000    0.0600    0.7100    0.0000
   10.2000    0.5704    0.4340    0.1364    0.6704    3.0380    3.6903    8.1358    0.8701   12.5045    5.8591    0.4590    0.0000    0.0600    0.7100    0.0000
   10.2000    0.4714    0.4340    0.0374    0.6714    1.6588    4.5651    8.0485    5.6657   10.0653    5.5848    0.4590    0.0000    0.0600    0.7100    0.0000
   10.2000    0.5714    0.4340    0.1374    0.6714    3.0802    3.6584    8.1361    0.7011   12.5894    5.8877    0.4590    0.0000    0.0600    0.7100    0.0000
   10.2000    0.4724    0.4340    0.0384    0.6724    1.4735    4.5719    8.0264    5.8790    9.9591    5.6482    0.4590    0.0000    0.0600    0.7100    0.0000
   10.2000    0.5724    0.4340    0.1384    0.6724    3.1225    3.6265    8.1363    0.5321   12.6742    5.9163    0.4590    0.0000    0.0600    0.7100    0.0000
   10.2000    0.4733    0.4340    0.0393    0.6733    1.2883    4.5787    8.0042    6.0923    9.8529    5.7116    0.4590    0.0000    0.0600    0.7100    0.0000
   10.2000    0.5734    0.4340    0.1394    0.6734    3.1647    3.5947    8.1365    0.3632   12.7591    5.9449    0.4590    0.0000    0.0600    0.7100    0.0000
   10.2000    0.4743    0.4340    0.0403    0.6743    1.1030    4.5854    7.9821    6.3056    9.7467    5.7750    0.4590    0.0000    0.0600    0.7100    0.0000
   10.2000    0.5744    0.4340    0.1404    0.6744    3.2070    3.5628    8.1368    0.1942   12.8439    5.9736    0.4590    0.0000    0.0600    0.7100    0.0000
   10.2000    0.4753    0.4340    0.0413    0.6753    0.9178    4.5922    7.9599    6.5188    9.6405    5.8384    0.4590    0.0000    0.0600    0.7100    0.0000
   10.2000    0.5754    0.4340    0.1414    0.6754    2.2851    4.3006    8.1478    4.0677   10.9076    5.3083    0.4590    0.0000    0.0600    0.7100    0.0000
   10.2000    0.4763    0.4340    0.0423    0.6763    0.7325    4.5990    7.9378    6.7321    9.5343    5.9018    0.4590    0.0000    0.0600    0.7100    0.0000
   10.2000    0.5763    0.4340    0.1423    0.6763    2.3308    4.2683    8.1476    3.8939   10.9949    5.3392    0.4590    0.0000    0.0600    0.7100    0.0000
   10.2000    0.4773    0.4340    0.0433    0.6773    0.5473    4.6058    7.9157    6.9454    9.4282    5.9652    0.4590    0.0000    0.0600    0.7100    0.0000
   10.2000    0.5773    0.4340    0.1433    0.6773    2.3764    4.2361    8.1474    3.7201   11.0821    5.3702    0.4590    0.0000    0.0600    0.7100    0.0000
   10.2000    0.4783    0.4340    0.0443    0.6783    0.3620    4.6125    7.8935    7.1586    9.3220    6.0286    0.4590    0.0000    0.0600    0.7100    0.0000
   10.2000    0.5783    0.4340    0.1443    0.6783    2.4221    4.2039    8.1472    3.5463   11.1694    5.4011    0.4590    0.0000    0.0600    0.7100    0.0000
   10.2000    0.4792    0.4340    0.0452    0.6792    0.1768    4.6193    7.8714    7.3719    9.2158    6.0920    0.4590    0.0000    0.0600    0.7100    0.0000
   10.2000    0.5793    0.4340    0.1453    0.6793    2.4677    4.1717    8.1470    3.3725   11.2567    5.4320    0.4590    0.0000    0.0600    0.7100    0.0000
   10.2000    0.4802    0.4340    0.0462    0.6802    2.0150    4.5630    8.0813    5.3096   10.2474    5.5545    0.4590    0.0000    0.0600    0.7100    0.0000
   10.2000    0.5803    0.4340    0.1463    0.6803    2.5134    4.1395    8.1468    3.1987   11.3439    5.4630    0.4590    0.0000    0.0600    0.7100    0.0000
   10.2000    0.4812    0.4340    0.0472    0.6812    1.8552    4.5775    8.0642    5.5282   10.1386    5.6130    0.4590    0.0000    0.0600    0.7100    0.0000
   10.2000    0.5812    0.4340    0.1472    0.6812    2.5590    4.1072    8.1466    3.0249   11.4312    5.4939    0.4590    0.0000    0.0600    0.7100    0.0000
   10.2000    0.4822    0.4340    0.0482    0.6822    1.6953    4.5920    8.0471    5.7467   10.0297    5.6714    0.4590    0.0000    0.0600    0.7100    0.0000
   10.2000    0.5822    0.4340    0.1482    0.6822    2.6047    4.0750    8.1464    2.8511   11.5185    5.5248    0.4590    0.0000    0.0600    0.7100    0.0000
   10.2000    0.4832    0.4340    0.0492    0.6832    1.5355    4.6064    8.0300    5.9652    9.9209    5.7299    0.4590    0.0000    0.0600    0.7100    0.0000
   10.2000    0.5832    0.4340    0.1492    0.6832    2.6503    4.0428    8.1462    2.6773   11.6057    5.5558    0.4590    0.0000    0.0600    0.7100    0.0000
   10.2000    0.4841    0.4340    0.0501    0.6841    1.3757    4.6209    8.0130    6.1838    9.8121    5.7883    0.4590    0.0000    0.0600    0.7100    0.0000
   10.2000    0.5842    0.4340    0.1502    0.6842    2.6960    4.0106    8.1460    2.5035   11.6930    5.5867    0.4590    0.0000    0.0600    0.7100    0.0000
   10.2000    0.4851    0.4340    0.0511    0.6851    1.2159    4.6354    7.9959    6.4023    9.7032    5.8467    0.4590    0.0000    0.0600    0.7100    0.0000
   10.2000    0.5852    0.4340    0.1512    0.6852    2.7416    3.9783    8.1458    2.3297   11.7803    5.6176    0.4590    0.0000    0.0600    0.7100    0.0000
   10.2000    0.4861    0.4340    0.0521    0.6861    1.0561    4.6499    7.9788    6.6208    9.5944    5.9052    0.4590    0.0000    0.0600    0.7100    0.0000
   10.2000    0.5861    0.4340    0.1521    0.6861    2.7873    3.9461    8.1456    2.1558   11.8675    5.6486    0.4590    0.0000    0.0600    0.7100    0.0000
   10.2000    0.4871    0.4340    0.0531    0.6871    0.8963    4.6643    7.9617    6.8394    9.4856    5.9636    0.4590    0.0000    0.0600    0.7100    0.0000
   10.2000    0.5871    0.4340    0.1531    0.6871    2.8329    3.9139    8.1454    1.9820   11.9548    5.6795    0.4590    0.0000    0.0600    0.7100    0.0000
   10.2000    0.4881    0.4340    0.0541    0.6881    0.7364    4.6788    7.9446    7.0579    9.3768    6.0221    0.4590    0.0000    0.0600    0.7100    0.0000
#   age       Mtot      Mc        Menv      Mini      logL      logT      logTc     logg      logR      logrhoc   Y         Yc        Z         FeH       OFe       
   10.2500    0.5371    0.4340    0.1031    0.6371    1.8494    3.6196    8.0618    1.7487   12.0516    4.4146    0.4590    0.8996    0.0600    0.7100    0.0000
   10.2500    0.5381    0.4340    0.1041    0.6381    1.8500    3.6190    8.0617    1.7467   12.0530    4.4146    0.4590    0.8996    0.0600    0.7100    0.0000
   10.2500    0.5391    0.4340    0.1051    0.6391    2.1556    4.9935    8.0613    6.9409    9.4568    6.0751    0.4590    0.0000    0.0600    0.7100    0.0000
   10.2500    0.4400    0.4340    0.0060    0.6400    0.0873    4.6091    7.8843    7.3836    9.1914    6.0076    0.4590    0.0000    0.0600    0.7100    0.0000
   10.2500    0.5400    0.4340    0.1060    0.6400    2.9266    4.5461    8.1088    4.3812   10.7371    5.8960    0.4590    0.0000    0.0600    0.7100    0.0000
   10.2500    0.4410    0.4340    0.0070    0.6410    0.3578    4.6570    7.9226    7.3053    9.2310    5.9825    0.4590    0.0000    0.0600    0.7100    0.0000
   10.2500    0.5410    0.4340    0.1070    0.6410    2.8514    4.5941    8.1046    4.6493   10.6034    5.9198    0.4590    0.0000    0.0600    0.7100    0.0000
   10.2500    0.4420    0.4340    0.0080    0.6420    0.2994    4.6480    7.9144    7.3287    9.2198    5.9918    0.4590    0.0000    0.0600    0.7100    0.0000
   10.2500    0.5420    0.4340    0.1080    0.6420    2.7762    4.6422    8.1003    4.9174   10.4698    5.9435    0.4590    0.0000    0.0600    0.7100    0.0000
   10.2500    0.4429    0.4340    0.0089    0.6429    0.2410    4.6390    7.9062    7.3521    9.2086    6.0010    0.4590    0.0000    0.0600    0.7100    0.0000
   10.2500    0.5430    0.4340    0.1090    0.6430    2.7010    4.6902    8.0960    5.1855   10.3361    5.9673    0.4590    0.0000    0.0600    0.7100    0.0000
   10.2500    0.4439    0.4340    0.0099    0.6439    0.1827    4.6300    7.8979    7.3755    9.1974    6.0103    0.4590    0.0000    0.0600    0.7100    0.0000
   10.2500    0.5440    0.4340    0.1100    0.6440    2.6258    4.7382    8.0917    5.4536   10.2024    5.9911    0.4590    0.0000    0.0600    0.7100    0.0000
   10.2500    0.4449    0.4340    0.0109    0.6449    0.1243    4.6210    7.8897    7.3988    9.1861    6.0195    0.4590    0.0000    0.0600    0.7100    0.0000
   10.2500    0.5449    0.4340    0.1109    0.6449    2.5506    4.7863    8.0874    5.7217   10.0688    6.0149    0.4590    0.0000    0.0600    0.7100    0.0000
   10.2500    0.4459    0.4340    0.0119    0.6459    1.5140    4.6709    7.9903    6.2095    9.7814    5.7417    0.4590    0.0000    0.0600    0.7100    0.0000
   10.2500    0.5459    0.4340    0.1119    0.6459    2.4754    4.8343    8.0832    5.9898    9.9351    6.0386    0.4590    0.0000    0.0600    0.7100    0.0000
   10.2500    0.4469    0.4340    0.0129    0.6469    1.1796    4.6594    7.9656    6.4990    9.6371    5.8121    0.4590    0.0000    0.0600    0.7100    0.0000
   10.2500    0.5469    0.4340    0.1129    0.6469    2.4002    4.8824    8.0789    6.2579    9.8015    6.0624    0.4590    0.0000    0.0600    0.7100    0.0000
   10.2500    0.4478    0.4340    0.0138    0.6478    0.8452    4.6480    7.9409    6.7885    9.4928    5.8825    0.4590    0.0000    0.0600    0.7100    0.0000
   10.2500    0.5479    0.4340    0.1139    0.6479    2.3251    4.9304    8.0746    6.5260    9.6678    6.0862    0.4590    0.0000    0.0600    0.7100    0.0000
   10.2500    0.4488    0.4340    0.0148    0.6488    0.5107    4.6365    7.9162    7.0781    9.3485    5.9529    0.4590    0.0000    0.0600    0.7100    0.0000
   10.2500    0.5489    0.4340    0.1149    0.6489    2.2499    4.9785    8.0703    6.7941    9.5341    6.1099    0.4590    0.0000    0.0600    0.7100    0.0000
   10.2500    0.4498    0.4340    0.0158    0.6498    0.1763    4.6251    7.8915    7.3676    9.2042    6.0233    0.4590    0.0000    0.0600    0.7100    0.0000
   10.2500    0.5499    0.4340    0.1159    0.6499    2.1747    5.0265    8.0661    7.0622    9.4005    6.1337    0.4590    0.0000    0.0600    0.7100    0.0000
   10.2500    0.4508    0.4340    0.0168    0.6508    0.5186    4.6938    7.9391    7.3017    9.2376    5.9942    0.4590    0.0000    0.0600    0.7100    0.0000
   10.2500    0.5508    0.4340    0.1168    0.6508    2.1928    4.3276    8.1312    4.2494   10.8072    5.2864    0.4590    0.0000    0.0600    0.7100    0.0000
   10.2500    0.4518    0.4340    0.0178    0.6518    0.4032    4.6741    7.9227    7.3391    9.2194    6.0101    0.4590    0.0000    0.0600    0.7100    0.0000
   10.2500    0.5518    0.4340    0.1178    0.6518    2.2351    4.2957    8.1314    4.0804   10.8921    5.3151    0.4590    0.0000    0.0600    0.7100    0.0000
   10.2500    0.4528    0.4340    0.0188    0.6528    0.2878    4.6544    7.9063    7.3766    9.2011    6.0260    0.4590    0.0000    0.0600    0.7100    0.0000
   10.2500    0.5528    0.4340    0.1188    0.6528    2.2774    4.2639    8.1317    3.9115   10.9770    5.3437    0.4590    0.0000    0.0600    0.7100    0.0000
   10.2500    0.4537    0.4340    0.0197    0.6537    0.1724    4.6347    7.8899    7.4140    9.1829    6.0419    0.4590    0.0000    0.0600    0.7100    0.0000
   10.2500    0.5538    0.4340    0.1198    0.6538    2.3196    4.2320    8.1319    3.7425   11.0618    5.3723    0.4590    0.0000    0.0600    0.7100    0.0000
   10.2500    0.4547    0.4340    0.0207    0.6547    0.0570    4.6150    7.8735    7.4514    9.1647    6.0578    0.4590    0.0000    0.0600    0.7100    0.0000
   10.2500    0.5548    0.4340    0.1208    0.6548    2.3619    4.2001    8.1321    3.5735   11.1467    5.4010    0.4590    0.0000    0.0600    0.7100    0.0000
   10.2500    0.4557    0.4340    0.0217    0.6557    1.6372    4.7383    7.9740    6.3654    9.7081    5.8393    0.4590    0.0000    0.0600    0.7100    0.0000
   10.2500    0.5557    0.4340    0.1217    0.6557    2.4041    4.1683    8.1323    3.4046   11.2316    5.4296    0.4590    0.0000    0.0600    0.7100    0.0000
   10.2500    0.4567    0.4340    0.0227    0.6567    1.2638    4.7084    7.9483    6.6202    9.5812    5.8944    0.4590    0.0000    0.0600    0.7100    0.0000
   10.2500    0.5567    0.4340    0.1227    0.6567    2.4464    4.1364    8.1326    3.2356   11.3164    5.4582    0.4590    0.0000    0.0600    0.7100    0.0000
   10.2500    0.4577    0.4340    0.0237    0.6577    0.8903    4.6785    7.9227    6.8749    9.4543    5.9494    0.4590    0.0000    0.0600    0.7100    0.0000
   10.2500    0.5577    0.4340    0.1237    0.6577    2.4886    4.1045    8.1328    3.0666   11.4013    5.4868    0.4590    0.0000    0.0600    0.7100    0.0000
   10.2500    0.4586    0.4340    0.0246    0.6586    0.5169    4.6485    7.8970    7.1297    9.3274    6.0045    0.4590    0.0000    0.0600    0.7100    0.0000
   10.2500    0.5587    0.4340    0.1247    0.6587    2.5309    4.0727    8.1330    2.8977   11.4861    5.5155    0.4590    0.0000    0.0600    0.7100    0.0000
   10.2500    0.4596    0.4340    0.0256    0.6596    0.1435    4.6186    7.8713    7.3844    9.2005    6.0596    0.4590    0.0000    0.0600    0.7100    0.0000
   10.2500    0.5597    0.4340    0.1257    0.6597    2.5731    4.0408    8.1333    2.7287   11.5710    5.5441    0.4590    0.0000    0.0600    0.7100    0.0000
   10.2500    0.4606    0.4340    0.0266    0.6606    1.8054    4.6059    8.0460    5.6722   10.0570    5.6050    0.4590    0.0000    0.0600    0.7100    0.0000
   10.2500    0.5606    0.4340    0.1266    0.6606    2.6154    4.0089    8.1335    2.5597   11.6559    5.5727    0.4590    0.0000    0.0600    0.7100    0.0000
   10.2500    0.4616    0.4340    0.0276    0.6616    1.6209    4.6074    8.0267    5.8637    9.9617    5.6577    0.4590    0.0000    0.0600    0.7100    0.0000
   10.2500    0.5616    0.4340    0.1276    0.6616    2.6577    3.9771    8.1337    2.3908   11.7407    5.6014    0.4590    0.0000    0.0600    0.7100    0.0000
#   age       Mtot      Mc        Menv      Mini      logL      logT      logTc     logg      logR      logrhoc   Y         Yc        Z         FeH       OFe       
   10.3000    0.4400    0.4340    0.0060    0.5400    0.0873    4.6091    7.8843    7.3836    9.1914    6.0076    0.4590    0.0000    0.0600    0.7100    0.0000
   10.3000    0.4410    0.4340    0.0070    0.5410    0.3578    4.6570    7.9226    7.3053    9.2310    5.9825    0.4590    0.0000    0.0600    0.7100    0.0000
   10.3000    0.4420    0.4340    0.0080    0.5420    0.2994    4.6480    7.9144    7.3287    9.2198    5.9918    0.4590    0.0000    0.0600    0.7100    0.0000
   10.3000    0.4429    0.4340    0.0089    0.5429    0.2410    4.6390    7.9062    7.3521    9.2086    6.0010    0.4590    0.0000    0.0600    0.7100    0.0000
   10.3000    0.4439    0.4340    0.0099    0.5439    0.1827    4.6300    7.8979    7.3755    9.1974    6.0103    0.4590    0.0000    0.0600    0.7100    0.0000
   10.3000    0.4449    0.4340    0.0109    0.5449    0.1243    4.6210    7.8897    7.3988    9.1861    6.0195    0.4590    0.0000    0.0600    0.7100    0.0000
   10.3000    0.4459    0.4340    0.0119    0.5459    1.5140    4.6709    7.9903    6.2095    9.7814    5.7417    0.4590    0.0000    0.0600    0.7100    0.0000
   10.3000    0.4469    0.4340    0.0129    0.5469    1.1796    4.6594    7.9656    6.4990    9.6371    5.8121    0.4590    0.0000    0.0600    0.7100    0.0000
   10.3000    0.4478    0.4340    0.0138    0.5478    0.8452    4.6480    7.9409    6.7885    9.4928    5.8825    0.4590    0.0000    0.0600    0.7100    0.0000
   10.3000    0.4488    0.4340    0.0148    0.5488    0.5107    4.6365    7.9162    7.0781    9.3485    5.9529    0.4590    0.0000    0.0600    0.7100    0.0000
   10.3000    0.4498    0.4340    0.0158    0.5498    0.1763    4.6251    7.8915    7.3676    9.2042    6.0233    0.4590    0.0000    0.0600    0.7100    0.0000
   10.3000    0.4508    0.4340    0.0168    0.5508    0.5186    4.6938    7.9391    7.3017    9.2376    5.9942    0.4590    0.0000    0.0600    0.7100    0.0000
   10.3000    0.4518    0.4340    0.0178    0.5518    0.4032    4.6741    7.9227    7.3391    9.2194    6.0101    0.4590    0.0000    0.0600    0.7100    0.0000
   10.3000    0.4528    0.4340    0.0188    0.5528    0.2878    4.6544    7.9063    7.3766    9.2011    6.0260    0.4590    0.0000    0.0600    0.7100    0.0000
   10.3000    0.4537    0.4340    0.0197    0.5537    0.1724    4.6347    7.8899    7.4140    9.1829    6.0419    0.4590    0.0000    0.0600    0.7100    0.0000
   10.3000    0.4547    0.4340    0.0207    0.5547    0.0570    4.6150    7.8735    7.4514    9.1647    6.0578    0.4590    0.0000    0.0600    0.7100    0.0000
   10.3000    0.4557    0.4340    0.0217    0.5557    1.6372    4.7383    7.9740    6.3654    9.7081    5.8393    0.4590    0.0000    0.0600    0.7100    0.0000
   10.3000    0.4567    0.4340    0.0227    0.5567    1.2638    4.7084    7.9483    6.6202    9.5812    5.8944    0.4590    0.0000    0.0600    0.7100    0.0000
   10.3000    0.4577    0.4340    0.0237    0.5577    0.8903    4.6785    7.9227    6.8749    9.4543    5.9494    0.4590    0.0000    0.0600    0.7100    0.0000
   10.3000    0.4586    0.4340    0.0246    0.5586    0.5169    4.6485    7.8970    7.1297    9.3274    6.0045    0.4590    0.0000    0.0600    0.7100    0.0000
   10.3000    0.4596    0.4340    0.0256    0.5596    0.1435    4.6186    7.8713    7.3844    9.2005    6.0596    0.4590    0.0000    0.0600    0.7100    0.0000
   10.3000    0.4606    0.4340    0.0266    0.5606    1.8054    4.6059    8.0460    5.6722   10.0570    5.6050    0.4590    0.0000    0.0600    0.7100    0.0000
   10.3000    0.4616    0.4340    0.0276    0.5616    1.6209    4.6074    8.0267    5.8637    9.9617    5.6577    0.4590    0.0000    0.0600    0.7100    0.0000
   10.3000    0.4626    0.4340    0.0286    0.5626    1.4363    4.6089    8.0074    6.0551    9.8665    5.7104    0.4590    0.0000    0.0600    0.7100    0.0000
   10.3000    0.4635    0.4340    0.0295    0.5635    1.2518    4.6104    7.9881    6.2466    9.7712    5.7631    0.4590    0.0000    0.0600    0.7100    0.0000
   10.3000    0.4645    0.4340    0.0305    0.5645    1.0672    4.6119    7.9688    6.4380    9.6759    5.8158    0.4590    0.0000    0.0600    0.7100    0.0000
   10.3000    0.4655    0.4340    0.0315    0.5655    0.8827    4.6134    7.9495    6.6295    9.5807    5.8684    0.4590    0.0000    0.0600    0.7100    0.0000
   10.3000    0.4665    0.4340    0.0325    0.5665    0.6981    4.6149    7.9303    6.8210    9.4854    5.9211    0.4590    0.0000    0.0600    0.7100    0.0000
   10.3000    0.4675    0.4340    0.0335    0.5675    0.5136    4.6164    7.9110    7.0124    9.3901    5.9738    0.4590    0.0000    0.0600    0.7100    0.0000
   10.3000    0.4684    0.4340    0.0344    0.5684    0.3290    4.6179    7.8917    7.2039    9.2949    6.0265    0.4590    0.0000    0.0600    0.7100    0.0000
   10.3000    0.4694    0.4340    0.0354    0.5694    0.1445    4.6194    7.8724    7.3954    9.1996    6.0791    0.4590    0.0000    0.0600    0.7100    0.0000
   10.3000    0.4704    0.4340    0.0364    0.5704    1.8440    4.5583    8.0707    5.4525   10.1714    5.5214    0.4590    0.0000    0.0600    0.7100    0.0000
   10.3000    0.4714    0.4340    0.0374    0.5714    1.6588    4.5651    8.0485    5.6657   10.0653    5.5848    0.4590    0.0000    0.0600    0.7100    0.0000
   10.3000    0.4724    0.4340    0.0384    0.5724    1.4735    4.5719    8.0264    5.8790    9.9591    5.6482    0.4590    0.0000    0.0600    0.7100    0.0000
   10.3000    0.4733    0.4340    0.0393    0.5733    1.2883    4.5787    8.0042    6.0923    9.8529    5.7116    0.4590    0.0000    0.0600    0.7100    0.0000
   10.3000    0.4743    0.4340    0.0403    0.5743    1.1030    4.5854    7.9821    6.3056    9.7467    5.7750    0.4590    0.0000    0.0600    0.7100    0.0000
   10.3000    0.4753    0.4340    0.0413    0.5753    0.9178    4.5922    7.9599    6.5188    9.6405    5.8384    0.4590    0.0000    0.0600    0.7100    0.0000
   10.3000    0.4763    0.4340    0.0423    0.5763    0.7325    4.5990    7.9378    6.7321    9.5343    5.9018    0.4590    0.0000    0.0600    0.7100    0.0000
   10.3000    0.4773    0.4340    0.0433    0.5773    0.5473    4.6058    7.9157    6.9454    9.4282    5.9652    0.4590    0.0000    0.0600    0.7100    0.0000
   10.3000    0.4783    0.4340    0.0443    0.5783    0.3620    4.6125    7.8935    7.1586    9.3220    6.0286    0.4590    0.0000    0.0600    0.7100    0.0000
   10.3000    0.4792    0.4340    0.0452    0.5792    0.1768    4.6193    7.8714    7.3719    9.2158    6.0920    0.4590    0.0000    0.0600    0.7100    0.0000
   10.3000    0.4802    0.4340    0.0462    0.5802    2.0150    4.5630    8.0813    5.3096   10.2474    5.5545    0.4590    0.0000    0.0600    0.7100    0.0000
   10.3000    0.4812    0.4340    0.0472    0.5812    1.8552    4.5775    8.0642    5.5282   10.1386    5.6130    0.4590    0.0000    0.0600    0.7100    0.0000
   10.3000    0.4822    0.4340    0.0482    0.5822    1.6953    4.5920    8.0471    5.7467   10.0297    5.6714    0.4590    0.0000    0.0600    0.7100    0.0000
   10.3000    0.4832    0.4340    0.0492    0.5832    1.5355    4.6064    8.0300    5.9652    9.9209    5.7299    0.4590    0.0000    0.0600    0.7100    0.0000
   10.3000    0.4841    0.4340    0.0501    0.5841    1.3757    4.6209    8.0130    6.1838    9.8121    5.7883    0.4590    0.0000    0.0600    0.7100    0.0000
   10.3000    0.4851    0.4340    0.0511    0.5851    1.2159    4.6354    7.9959    6.4023    9.7032    5.8467    0.4590    0.0000    0.0600    0.7100    0.0000
   10.3000    0.4861    0.4340    0.0521    0.5861    1.0561    4.6499    7.9788    6.6208    9.5944    5.9052    0.4590    0.0000    0.0600    0.7100    0.0000
   10.3000    0.4871    0.4340    0.0531    0.5871    0.8963    4.6643    7.9617    6.8394    9.4856    5.9636    0.4590    0.0000    0.0600    0.7100    0.0000
   10.3000    0.4881    0.4340    0.0541    0.5881    0.7364    4.6788    7.9446    7.0579    9.3768    6.0221    0.4590    0.0000    0.0600    0.7100    0.0000
   10.3000    0.4890    0.4340    0.0550    0.5890    0.5766    4.6933    7.9275    7.2764    9.2679    6.0805    0.4590    0.0000    0.0600    0.7100    0.0000
   10.3000    0.4900    0.4340    0.0560    0.5900    2.0531    4.5237    8.0985    5.1228   10.3452    5.4899    0.4590    0.0000    0.0600    0.7100    0.0000
   10.3000    0.4910    0.4340    0.0570    0.5910    1.9325    4.5496    8.0853    5.3481   10.2330    5.5521    0.4590    0.0000    0.0600    0.7100    0.0000
   10.3000    0.4920    0.4340    0.0580    0.5920    1.8119    4.5756    8.0721    5.5734   10.1207    5.6142    0.4590    0.0000    0.0600    0.7100    0.0000
   10.3000    0.4930    0.4340    0.0590    0.5930    1.6913    4.6016    8.0589    5.7988   10.0085    5.6764    0.4590    0.0000    0.0600    0.7100    0.0000
   10.3000    0.4939    0.4340    0.0599    0.5939    1.5707    4.6275    8.0457    6.0241    9.8962    5.7386    0.4590    0.0000    0.0600    0.7100    0.0000
   10.3000    0.4949    0.4340    0.0609    0.5949    1.4501    4.6535    8.0325    6.2494    9.7840    5.8008    0.4590    0.0000    0.0600    0.7100    0.0000
   10.3000    0.4959    0.4340    0.0619    0.5959    1.3295    4.6795    8.0193    6.4748    9.6717    5.8630    0.4590    0.0000    0.0600    0.7100    0.0000
   10.3000    0.4969    0.4340    0.0629    0.5969    1.2089    4.7054    8.0061    6.7001    9.5595    5.9252    0.4590    0.0000    0.0600    0.7100    0.0000
   10.3000    0.4979    0.4340    0.0639    0.5979    1.0883    4.7314    7.9929    6.9254    9.4473    5.9873    0.4590    0.0000    0.0600    0.7100    0.0000
   10.3000    0.4988    0.4340    0.0648    0.5988    0.9677    4.7574    7.9796    7.1508    9.3350    6.0495    0.4590    0.0000    0.0600    0.7100    0.0000
   10.3000    0.4998    0.4340    0.0658    0.5998    0.8471    4.7833    7.9664    7.3761    9.2228    6.1117    0.4590    0.0000    0.0600    0.7100    0.0000
   10.3000    0.5008    0.4340    0.0668    0.6008    2.1011    4.5475    8.0960    5.1791   10.3217    5.5919    0.4590    0.0000    0.0600    0.7100    0.0000
   10.3000    0.5018    0.4340    0.0678    0.6018    1.9958    4.5791    8.0852    5.4117   10.2058    5.6481    0.4590    0.0000    0.0600    0.7100    0.0000
   10.3000    0.5028    0.4340    0.0688    0.6028    1.8905    4.6107    8.0744    5.6443   10.0900    5.7043    0.4590    0.0000    0.0600    0.7100    0.0000
   10.3000    0.5038    0.4340    0.0698    0.6038    1.7853    4.6423    8.0637    5.8769    9.9741    5.7604    0.4590    0.0000    0.0600    0.7100    0.0000
   10.3000    0.5047    0.4340    0.0707    0.6047    1.6800    4.6739    8.0529    6.1095    9.8582    5.8166    0.4590    0.0000    0.0600    0.7100    0.0000
   10.3000    0.5057    0.4340    0.0717    0.6057    1.5747    4.7055    8.0422    6.3421    9.7423    5.8728    0.4590    0.0000    0.0600    0.7100    0.0000
   10.3000    0.5067    0.4340    0.0727    0.6067    1.4694    4.7371    8.0314    6.5747    9.6265    5.9289    0.4590    0.0000    0.0600    0.7100    0.0000
   10.3000    0.5077    0.4340    0.0737    0.6077    1.3641    4.7687    8.0206    6.8073    9.5106    5.9851    0.4590    0.0000    0.0600    0.7100    0.0000
   10.3000    0.5087    0.4340    0.0747    0.6087    1.2588    4.8004    8.0099    7.0399    9.3947    6.0413    0.4590    0.0000    0.0600    0.7100    0.0000
   10.3000    0.5096    0.4340    0.0756    0.6096    1.1535    4.8320    7.9991    7.2725    9.2788    6.0975    0.4590    0.0000    0.0600    0.7100    0.0000
   10.3000    0.5106    0.4340    0.0766    0.6106    2.0571    4.4971    8.1119    5.0306   10.4002    5.4537    0.4590    0.0000    0.0600    0.7100    0.0000
   10.3000    0.5116    0.4340    0.0776    0.6116    2.0139    4.5426    8.1039    5.2564   10.2877    5.5198    0.4590    0.0000    0.0600    0.7100    0.0000
   10.3000    0.5126    0.4340    0.0786    0.6126    1.9707    4.5880    8.0958    5.4822   10.1752    5.5859    0.4590    0.0000    0.0600    0.7100    0.0000
   10.3000    0.5136    0.4340    0.0796    0.6136    1.9275    4.6335    8.0877    5.7080   10.0627    5.6519    0.4590    0.0000    0.0600    0.7100    0.0000
   10.3000    0.5145    0.4340    0.0805    0.6145    1.8844    4.6789    8.0796    5.9339    9.9502    5.7180    0.4590    0.0000    0.0600    0.7100    0.0000
   10.3000    0.5155    0.4340    0.0815    0.6155    1.8412    4.7244    8.0716    6.1597    9.8377    5.7840    0.4590    0.0000    0.0600    0.7100    0.0000
   10.3000    0.5165    0.4340    0.0825    0.6165    1.7980    4.7699    8.0635    6.3855    9.7252    5.8501    0.4590    0.0000    0.0600    0.7100    0.0000
   10.3000    0.5175    0.4340    0.0835    0.6175    1.7548    4.8153    8.0554    6.6113    9.6127    5.9162    0.4590    0.0000    0.0600    0.7100    0.0000
   10.3000    0.5185    0.4340    0.0845    0.6185    1.7117    4.8608    8.0473    6.8371    9.5002    5.9822    0.4590    0.0000    0.0600    0.7100    0.0000
   10.3000    0.5194    0.4340    0.0854    0.6194    1.6685    4.9062    8.0393    7.0629    9.3877    6.0483    0.4590    0.0000    0.0600    0.7100    0.0000
   10.3000    0.5204    0.4340    0.0864    0.6204    2.1524    4.4634    8.1229    4.8087   10.5153    5.4399    0.4590    0.0000    0.0600    0.7100    0.0000
   10.3000    0.5214    0.4340    0.0874    0.6214    2.1526    4.4913    8.1197    4.9209   10.4596    5.4733    0.4590    0.0000    0.0600    0.7100    0.0000
   10.3000    0.5224    0.4340    0.0884    0.6224    2.1528    4.5192    8.1164    5.0331   10.4039    5.5068    0.4590    0.0000    0.0600    0.7100    0.0000
   10.3000    0.5234    0.4340    0.0894    0.6234    2.1529    4.5471    8.1132    5.1454   10.3482    5.5402    0.4590    0.0000    0.0600    0.7100    0.0000
   10.3000    0.5243    0.4340    0.0903    0.6243    2.1531    4.5750    8.1099    5.2576   10.2924    5.5736    0.4590    0.0000    0.0600    0.7100    0.0000
   10.3000    0.5253    0.4340    0.0913    0.6253    2.1532    4.6029    8.1067    5.3698   10.2367    5.6071    0.4590    0.0000    0.0600    0.7100    0.0000
   10.3000    0.5263    0.4340    0.0923    0.6263    2.1534    4.6308    8.1035    5.4820   10.1810    5.6405    0.4590    0.0000    0.0600    0.7100    0.0000
   10.3000    0.5273    0.4340    0.0933    0.6273    2.1536    4.6587    8.1002    5.5942   10.1253    5.6739    0.4590    0.0000    0.0600    0.7100    0.0000
   10.3000    0.5283    0.4340    0.0943    0.6283    2.1537    4.6866    8.0970    5.7065   10.0696    5.7074    0.4590    0.0000    0.0600    0.7100    0.0000
   10.3000    0.5293    0.4340    0.0953    0.6293    2.1539    4.7145    8.0937    5.8187   10.0139    5.7408    0.4590    0.0000    0.0600    0.7100    0.0000
   10.3000    0.5302    0.4340    0.0962    0.6302    2.1541    4.7424    8.0905    5.9309    9.9582    5.7742    0.4590    0.0000    0.0600    0.7100    0.0000
   10.3000    0.5312    0.4340    0.0972    0.6312    2.1542    4.7703    8.0873    6.0431    9.9025    5.8076    0.4590    0.0000    0.0600    0.7100    0.0000
   10.3000    0.5322    0.4340    0.0982    0.6322    2.1544    4.7982    8.0840    6.1553    9.8468    5.8411    0.4590    0.0000    0.0600    0.7100    0.0000
   10.3000    0.5332    0.4340    0.0992    0.6332    2.1546    4.8261    8.0808    6.2676    9.7911    5.8745    0.4590    0.0000    0.0600    0.7100    0.0000
   10.3000    0.5342    0.4340    0.1002    0.6342    2.1547    4.8540    8.0775    6.3798    9.7354    5.9079    0.4590    0.0000    0.0600    0.7100    0.0000
   10.3000    0.5351    0.4340    0.1011    0.6351    2.1549    4.8819    8.0743    6.4920    9.6797    5.9414    0.4590    0.0000    0.0600    0.7100    0.0000
   10.3000    0.5361    0.4340    0.1021    0.6361    2.1551    4.9098    8.0711    6.6042    9.6240    5.9748    0.4590    0.0000    0.0600    0.7100    0.0000
